BEGIN mode=true rep=0 threads=1
MASK rule=nonempty_value state=55 key=Some(RuleMaskKey { fsm_hash: 4406071653514522693, fsm_new_node_id: 0, state_cnt: 17, edge_cnt: 78 }) ms=45.486
MASK rule=rest_1 state=64 key=Some(RuleMaskKey { fsm_hash: 6635194092101876856, fsm_new_node_id: 14, state_cnt: 17, edge_cnt: 75 }) ms=65.152
MASK rule=nonempty_value state=45 key=Some(RuleMaskKey { fsm_hash: 4406071653514522693, fsm_new_node_id: 10, state_cnt: 17, edge_cnt: 78 }) ms=65.025
MASK rule=nonempty_value state=52 key=Some(RuleMaskKey { fsm_hash: 4406071653514522693, fsm_new_node_id: 7, state_cnt: 17, edge_cnt: 78 }) ms=65.176
MASK rule=nonempty_value state=40 key=Some(RuleMaskKey { fsm_hash: 4406071653514522693, fsm_new_node_id: 15, state_cnt: 17, edge_cnt: 78 }) ms=65.004
MASK rule=nonempty_value state=50 key=Some(RuleMaskKey { fsm_hash: 4406071653514522693, fsm_new_node_id: 8, state_cnt: 17, edge_cnt: 78 }) ms=65.103
MASK rule=nonempty_value state=48 key=Some(RuleMaskKey { fsm_hash: 4406071653514522693, fsm_new_node_id: 9, state_cnt: 17, edge_cnt: 78 }) ms=65.357
MASK rule=nonempty_value state=42 key=Some(RuleMaskKey { fsm_hash: 4406071653514522693, fsm_new_node_id: 13, state_cnt: 17, edge_cnt: 78 }) ms=65.258
MASK rule=nonempty_value state=43 key=Some(RuleMaskKey { fsm_hash: 4406071653514522693, fsm_new_node_id: 12, state_cnt: 17, edge_cnt: 78 }) ms=65.279
MASK rule=nonempty_value state=44 key=Some(RuleMaskKey { fsm_hash: 4406071653514522693, fsm_new_node_id: 11, state_cnt: 17, edge_cnt: 78 }) ms=65.200
MASK rule=nonempty_value state=41 key=Some(RuleMaskKey { fsm_hash: 4406071653514522693, fsm_new_node_id: 14, state_cnt: 17, edge_cnt: 78 }) ms=65.318
MASK rule=nonempty_value state=53 key=Some(RuleMaskKey { fsm_hash: 4406071653514522693, fsm_new_node_id: 2, state_cnt: 17, edge_cnt: 78 }) ms=65.626
MASK rule=rest_1 state=78 key=Some(RuleMaskKey { fsm_hash: 6635194092101876856, fsm_new_node_id: 0, state_cnt: 17, edge_cnt: 75 }) ms=34.831
MASK rule=rest_1 state=68 key=Some(RuleMaskKey { fsm_hash: 6635194092101876856, fsm_new_node_id: 10, state_cnt: 17, edge_cnt: 75 }) ms=64.274
MASK rule=rest_1 state=63 key=Some(RuleMaskKey { fsm_hash: 6635194092101876856, fsm_new_node_id: 15, state_cnt: 17, edge_cnt: 75 }) ms=66.428
MASK rule=rest_1 state=75 key=Some(RuleMaskKey { fsm_hash: 6635194092101876856, fsm_new_node_id: 7, state_cnt: 17, edge_cnt: 75 }) ms=64.716
MASK rule=rest_1 state=67 key=Some(RuleMaskKey { fsm_hash: 6635194092101876856, fsm_new_node_id: 11, state_cnt: 17, edge_cnt: 75 }) ms=64.676
MASK rule=rest_1 state=76 key=Some(RuleMaskKey { fsm_hash: 6635194092101876856, fsm_new_node_id: 2, state_cnt: 17, edge_cnt: 75 }) ms=64.425
MASK rule=rest_1 state=71 key=Some(RuleMaskKey { fsm_hash: 6635194092101876856, fsm_new_node_id: 9, state_cnt: 17, edge_cnt: 75 }) ms=64.692
MASK rule=rest_1 state=66 key=Some(RuleMaskKey { fsm_hash: 6635194092101876856, fsm_new_node_id: 12, state_cnt: 17, edge_cnt: 75 }) ms=64.641
MASK rule=rest_1 state=65 key=Some(RuleMaskKey { fsm_hash: 6635194092101876856, fsm_new_node_id: 13, state_cnt: 17, edge_cnt: 75 }) ms=64.621
MASK rule=rest_1 state=73 key=Some(RuleMaskKey { fsm_hash: 6635194092101876856, fsm_new_node_id: 8, state_cnt: 17, edge_cnt: 75 }) ms=65.545
MASK rule=triggered_tags state=134 key=Some(RuleMaskKey { fsm_hash: 12901671387181676729, fsm_new_node_id: 26, state_cnt: 35, edge_cnt: 166 }) ms=5.345
MASK rule=triggered_tags state=130 key=Some(RuleMaskKey { fsm_hash: 12901671387181676729, fsm_new_node_id: 22, state_cnt: 35, edge_cnt: 166 }) ms=5.403
MASK rule=rest_1 state=79 key=Some(RuleMaskKey { fsm_hash: 6635194092101876856, fsm_new_node_id: 16, state_cnt: 17, edge_cnt: 75 }) ms=65.024
MASK rule=nonempty_value state=56 key=Some(RuleMaskKey { fsm_hash: 4406071653514522693, fsm_new_node_id: 16, state_cnt: 17, edge_cnt: 78 }) ms=65.366
MASK rule=triggered_tags state=126 key=Some(RuleMaskKey { fsm_hash: 12901671387181676729, fsm_new_node_id: 18, state_cnt: 35, edge_cnt: 166 }) ms=5.782
MASK rule=triggered_tags state=140 key=Some(RuleMaskKey { fsm_hash: 12901671387181676729, fsm_new_node_id: 32, state_cnt: 35, edge_cnt: 166 }) ms=5.364
MASK rule=triggered_tags state=111 key=Some(RuleMaskKey { fsm_hash: 12901671387181676729, fsm_new_node_id: 3, state_cnt: 35, edge_cnt: 166 }) ms=5.464
MASK rule=triggered_tags state=136 key=Some(RuleMaskKey { fsm_hash: 12901671387181676729, fsm_new_node_id: 28, state_cnt: 35, edge_cnt: 166 }) ms=5.673
MASK rule=triggered_tags state=139 key=Some(RuleMaskKey { fsm_hash: 12901671387181676729, fsm_new_node_id: 31, state_cnt: 35, edge_cnt: 166 }) ms=5.445
MASK rule=triggered_tags state=109 key=Some(RuleMaskKey { fsm_hash: 12901671387181676729, fsm_new_node_id: 1, state_cnt: 35, edge_cnt: 166 }) ms=5.899
MASK rule=triggered_tags state=116 key=Some(RuleMaskKey { fsm_hash: 12901671387181676729, fsm_new_node_id: 8, state_cnt: 35, edge_cnt: 166 }) ms=5.301
MASK rule=triggered_tags state=138 key=Some(RuleMaskKey { fsm_hash: 12901671387181676729, fsm_new_node_id: 30, state_cnt: 35, edge_cnt: 166 }) ms=5.193
MASK rule=triggered_tags state=122 key=Some(RuleMaskKey { fsm_hash: 12901671387181676729, fsm_new_node_id: 14, state_cnt: 35, edge_cnt: 166 }) ms=5.418
MASK rule=triggered_tags state=113 key=Some(RuleMaskKey { fsm_hash: 12901671387181676729, fsm_new_node_id: 5, state_cnt: 35, edge_cnt: 166 }) ms=6.034
MASK rule=triggered_tags state=114 key=Some(RuleMaskKey { fsm_hash: 12901671387181676729, fsm_new_node_id: 6, state_cnt: 35, edge_cnt: 166 }) ms=5.314
MASK rule=triggered_tags state=141 key=Some(RuleMaskKey { fsm_hash: 12901671387181676729, fsm_new_node_id: 33, state_cnt: 35, edge_cnt: 166 }) ms=5.129
MASK rule=triggered_tags state=110 key=Some(RuleMaskKey { fsm_hash: 12901671387181676729, fsm_new_node_id: 2, state_cnt: 35, edge_cnt: 166 }) ms=5.421
MASK rule=triggered_tags state=119 key=Some(RuleMaskKey { fsm_hash: 12901671387181676729, fsm_new_node_id: 11, state_cnt: 35, edge_cnt: 166 }) ms=5.183
MASK rule=triggered_tags state=123 key=Some(RuleMaskKey { fsm_hash: 12901671387181676729, fsm_new_node_id: 15, state_cnt: 35, edge_cnt: 166 }) ms=5.476
MASK rule=triggered_tags state=132 key=Some(RuleMaskKey { fsm_hash: 12901671387181676729, fsm_new_node_id: 24, state_cnt: 35, edge_cnt: 166 }) ms=5.274
MASK rule=triggered_tags state=117 key=Some(RuleMaskKey { fsm_hash: 12901671387181676729, fsm_new_node_id: 9, state_cnt: 35, edge_cnt: 166 }) ms=5.347
MASK rule=triggered_tags state=135 key=Some(RuleMaskKey { fsm_hash: 12901671387181676729, fsm_new_node_id: 27, state_cnt: 35, edge_cnt: 166 }) ms=5.457
MASK rule=triggered_tags state=125 key=Some(RuleMaskKey { fsm_hash: 12901671387181676729, fsm_new_node_id: 17, state_cnt: 35, edge_cnt: 166 }) ms=5.351
MASK rule=triggered_tags state=124 key=Some(RuleMaskKey { fsm_hash: 12901671387181676729, fsm_new_node_id: 16, state_cnt: 35, edge_cnt: 166 }) ms=5.292
MASK rule=triggered_tags state=127 key=Some(RuleMaskKey { fsm_hash: 12901671387181676729, fsm_new_node_id: 19, state_cnt: 35, edge_cnt: 166 }) ms=5.504
MASK rule=triggered_tags state=118 key=Some(RuleMaskKey { fsm_hash: 12901671387181676729, fsm_new_node_id: 10, state_cnt: 35, edge_cnt: 166 }) ms=5.153
MASK rule=triggered_tags state=112 key=Some(RuleMaskKey { fsm_hash: 12901671387181676729, fsm_new_node_id: 4, state_cnt: 35, edge_cnt: 166 }) ms=5.380
MASK rule=triggered_tags state=133 key=Some(RuleMaskKey { fsm_hash: 12901671387181676729, fsm_new_node_id: 25, state_cnt: 35, edge_cnt: 166 }) ms=6.022
MASK rule=triggered_tags state=121 key=Some(RuleMaskKey { fsm_hash: 12901671387181676729, fsm_new_node_id: 13, state_cnt: 35, edge_cnt: 166 }) ms=5.346
MASK rule=triggered_tags state=115 key=Some(RuleMaskKey { fsm_hash: 12901671387181676729, fsm_new_node_id: 7, state_cnt: 35, edge_cnt: 166 }) ms=5.706
MASK rule=triggered_tags state=137 key=Some(RuleMaskKey { fsm_hash: 12901671387181676729, fsm_new_node_id: 29, state_cnt: 35, edge_cnt: 166 }) ms=5.309
MASK rule=triggered_tags state=131 key=Some(RuleMaskKey { fsm_hash: 12901671387181676729, fsm_new_node_id: 23, state_cnt: 35, edge_cnt: 166 }) ms=5.498
MASK rule=triggered_tags state=128 key=Some(RuleMaskKey { fsm_hash: 12901671387181676729, fsm_new_node_id: 20, state_cnt: 35, edge_cnt: 166 }) ms=5.170
MASK rule=value state=38 key=Some(RuleMaskKey { fsm_hash: 2828431779938103121, fsm_new_node_id: 0, state_cnt: 2, edge_cnt: 5 }) ms=30.884
MASK rule=triggered_tags state=129 key=Some(RuleMaskKey { fsm_hash: 12901671387181676729, fsm_new_node_id: 21, state_cnt: 35, edge_cnt: 166 }) ms=5.493
MASK rule=triggered_tags state=108 key=Some(RuleMaskKey { fsm_hash: 12901671387181676729, fsm_new_node_id: 0, state_cnt: 35, edge_cnt: 166 }) ms=5.212
MASK rule=triggered_tags state=120 key=Some(RuleMaskKey { fsm_hash: 12901671387181676729, fsm_new_node_id: 12, state_cnt: 35, edge_cnt: 166 }) ms=5.171
MASK rule=paramname state=31 key=Some(RuleMaskKey { fsm_hash: 7830328557106836415, fsm_new_node_id: 0, state_cnt: 8, edge_cnt: 8 }) ms=4.609
MASK rule=triggered_tags_group state=98 key=Some(RuleMaskKey { fsm_hash: 7092002379707587104, fsm_new_node_id: 18, state_cnt: 28, edge_cnt: 27 }) ms=4.597
MASK rule=paramname state=33 key=Some(RuleMaskKey { fsm_hash: 7830328557106836415, fsm_new_node_id: 3, state_cnt: 8, edge_cnt: 8 }) ms=4.586
MASK rule=triggered_tags_group state=101 key=Some(RuleMaskKey { fsm_hash: 7092002379707587104, fsm_new_node_id: 21, state_cnt: 28, edge_cnt: 27 }) ms=4.792
MASK rule=triggered_tags_group state=100 key=Some(RuleMaskKey { fsm_hash: 7092002379707587104, fsm_new_node_id: 20, state_cnt: 28, edge_cnt: 27 }) ms=4.722
MASK rule=triggered_tags_group state=88 key=Some(RuleMaskKey { fsm_hash: 7092002379707587104, fsm_new_node_id: 8, state_cnt: 28, edge_cnt: 27 }) ms=4.799
MASK rule=triggered_tags_group state=102 key=Some(RuleMaskKey { fsm_hash: 7092002379707587104, fsm_new_node_id: 22, state_cnt: 28, edge_cnt: 27 }) ms=4.666
MASK rule=param state=17 key=Some(RuleMaskKey { fsm_hash: 8184450389286060420, fsm_new_node_id: 10, state_cnt: 27, edge_cnt: 26 }) ms=4.604
MASK rule=triggered_tags_group state=106 key=Some(RuleMaskKey { fsm_hash: 7092002379707587104, fsm_new_node_id: 26, state_cnt: 28, edge_cnt: 27 }) ms=4.623
MASK rule=triggered_tags_group state=105 key=Some(RuleMaskKey { fsm_hash: 7092002379707587104, fsm_new_node_id: 25, state_cnt: 28, edge_cnt: 27 }) ms=4.647
MASK rule=triggered_tags_group state=94 key=Some(RuleMaskKey { fsm_hash: 7092002379707587104, fsm_new_node_id: 14, state_cnt: 28, edge_cnt: 27 }) ms=4.635
MASK rule=triggered_tags_group state=93 key=Some(RuleMaskKey { fsm_hash: 7092002379707587104, fsm_new_node_id: 13, state_cnt: 28, edge_cnt: 27 }) ms=4.695
MASK rule=triggered_tags_group state=81 key=Some(RuleMaskKey { fsm_hash: 7092002379707587104, fsm_new_node_id: 2, state_cnt: 28, edge_cnt: 27 }) ms=4.662
MASK rule=triggered_tags_group state=87 key=Some(RuleMaskKey { fsm_hash: 7092002379707587104, fsm_new_node_id: 7, state_cnt: 28, edge_cnt: 27 }) ms=4.590
MASK rule=triggered_tags_group state=89 key=Some(RuleMaskKey { fsm_hash: 7092002379707587104, fsm_new_node_id: 9, state_cnt: 28, edge_cnt: 27 }) ms=4.723
MASK rule=triggered_tags_group state=90 key=Some(RuleMaskKey { fsm_hash: 7092002379707587104, fsm_new_node_id: 10, state_cnt: 28, edge_cnt: 27 }) ms=4.677
MASK rule=triggered_tags_group state=84 key=Some(RuleMaskKey { fsm_hash: 7092002379707587104, fsm_new_node_id: 4, state_cnt: 28, edge_cnt: 27 }) ms=4.612
MASK rule=triggered_tags_group state=96 key=Some(RuleMaskKey { fsm_hash: 7092002379707587104, fsm_new_node_id: 16, state_cnt: 28, edge_cnt: 27 }) ms=4.613
MASK rule=triggered_tags_group state=97 key=Some(RuleMaskKey { fsm_hash: 7092002379707587104, fsm_new_node_id: 17, state_cnt: 28, edge_cnt: 27 }) ms=4.669
MASK rule=triggered_tags_group state=82 key=Some(RuleMaskKey { fsm_hash: 7092002379707587104, fsm_new_node_id: 0, state_cnt: 28, edge_cnt: 27 }) ms=4.634
MASK rule=triggered_tags_group state=95 key=Some(RuleMaskKey { fsm_hash: 7092002379707587104, fsm_new_node_id: 15, state_cnt: 28, edge_cnt: 27 }) ms=4.750
MASK rule=triggered_tags_group state=99 key=Some(RuleMaskKey { fsm_hash: 7092002379707587104, fsm_new_node_id: 19, state_cnt: 28, edge_cnt: 27 }) ms=4.693
MASK rule=triggered_tags_group state=86 key=Some(RuleMaskKey { fsm_hash: 7092002379707587104, fsm_new_node_id: 6, state_cnt: 28, edge_cnt: 27 }) ms=4.644
MASK rule=triggered_tags_group state=91 key=Some(RuleMaskKey { fsm_hash: 7092002379707587104, fsm_new_node_id: 11, state_cnt: 28, edge_cnt: 27 }) ms=4.625
MASK rule=triggered_tags_group state=103 key=Some(RuleMaskKey { fsm_hash: 7092002379707587104, fsm_new_node_id: 23, state_cnt: 28, edge_cnt: 27 }) ms=4.695
MASK rule=triggered_tags_group state=83 key=Some(RuleMaskKey { fsm_hash: 7092002379707587104, fsm_new_node_id: 3, state_cnt: 28, edge_cnt: 27 }) ms=4.595
MASK rule=triggered_tags_group state=104 key=Some(RuleMaskKey { fsm_hash: 7092002379707587104, fsm_new_node_id: 24, state_cnt: 28, edge_cnt: 27 }) ms=4.575
MASK rule=triggered_tags_group state=92 key=Some(RuleMaskKey { fsm_hash: 7092002379707587104, fsm_new_node_id: 12, state_cnt: 28, edge_cnt: 27 }) ms=4.608
MASK rule=triggered_tags_group state=85 key=Some(RuleMaskKey { fsm_hash: 7092002379707587104, fsm_new_node_id: 5, state_cnt: 28, edge_cnt: 27 }) ms=4.620
MASK rule=param state=19 key=Some(RuleMaskKey { fsm_hash: 8184450389286060420, fsm_new_node_id: 16, state_cnt: 27, edge_cnt: 26 }) ms=4.587
MASK rule=paramname state=34 key=Some(RuleMaskKey { fsm_hash: 7830328557106836415, fsm_new_node_id: 5, state_cnt: 8, edge_cnt: 8 }) ms=4.652
MASK rule=paramname state=32 key=Some(RuleMaskKey { fsm_hash: 7830328557106836415, fsm_new_node_id: 1, state_cnt: 8, edge_cnt: 8 }) ms=4.577
MASK rule=param state=24 key=Some(RuleMaskKey { fsm_hash: 8184450389286060420, fsm_new_node_id: 21, state_cnt: 27, edge_cnt: 26 }) ms=4.598
MASK rule=param state=14 key=Some(RuleMaskKey { fsm_hash: 8184450389286060420, fsm_new_node_id: 7, state_cnt: 27, edge_cnt: 26 }) ms=4.642
MASK rule=nonempty_value state=47 key=Some(RuleMaskKey { fsm_hash: 4406071653514522693, fsm_new_node_id: 4, state_cnt: 17, edge_cnt: 78 }) ms=4.626
MASK rule=param state=25 key=Some(RuleMaskKey { fsm_hash: 8184450389286060420, fsm_new_node_id: 22, state_cnt: 27, edge_cnt: 26 }) ms=4.651
MASK rule=param state=6 key=Some(RuleMaskKey { fsm_hash: 8184450389286060420, fsm_new_node_id: 14, state_cnt: 27, edge_cnt: 26 }) ms=4.625
MASK rule=param state=20 key=Some(RuleMaskKey { fsm_hash: 8184450389286060420, fsm_new_node_id: 17, state_cnt: 27, edge_cnt: 26 }) ms=4.608
MASK rule=param state=21 key=Some(RuleMaskKey { fsm_hash: 8184450389286060420, fsm_new_node_id: 18, state_cnt: 27, edge_cnt: 26 }) ms=4.637
MASK rule=param state=22 key=Some(RuleMaskKey { fsm_hash: 8184450389286060420, fsm_new_node_id: 19, state_cnt: 27, edge_cnt: 26 }) ms=4.632
MASK rule=param state=10 key=Some(RuleMaskKey { fsm_hash: 8184450389286060420, fsm_new_node_id: 3, state_cnt: 27, edge_cnt: 26 }) ms=4.674
MASK rule=param state=26 key=Some(RuleMaskKey { fsm_hash: 8184450389286060420, fsm_new_node_id: 23, state_cnt: 27, edge_cnt: 26 }) ms=4.623
MASK rule=nonempty_value state=46 key=Some(RuleMaskKey { fsm_hash: 4406071653514522693, fsm_new_node_id: 5, state_cnt: 17, edge_cnt: 78 }) ms=4.638
MASK rule=param state=13 key=Some(RuleMaskKey { fsm_hash: 8184450389286060420, fsm_new_node_id: 6, state_cnt: 27, edge_cnt: 26 }) ms=4.656
MASK rule=nonempty_value state=49 key=Some(RuleMaskKey { fsm_hash: 4406071653514522693, fsm_new_node_id: 3, state_cnt: 17, edge_cnt: 78 }) ms=4.636
MASK rule=param state=4 key=Some(RuleMaskKey { fsm_hash: 8184450389286060420, fsm_new_node_id: 12, state_cnt: 27, edge_cnt: 26 }) ms=4.706
MASK rule=param state=11 key=Some(RuleMaskKey { fsm_hash: 8184450389286060420, fsm_new_node_id: 4, state_cnt: 27, edge_cnt: 26 }) ms=4.589
MASK rule=param state=16 key=Some(RuleMaskKey { fsm_hash: 8184450389286060420, fsm_new_node_id: 9, state_cnt: 27, edge_cnt: 26 }) ms=4.596
MASK rule=root_1 state=59 key=Some(RuleMaskKey { fsm_hash: 7297779061404888742, fsm_new_node_id: 0, state_cnt: 4, edge_cnt: 3 }) ms=4.585
MASK rule=param state=23 key=Some(RuleMaskKey { fsm_hash: 8184450389286060420, fsm_new_node_id: 20, state_cnt: 27, edge_cnt: 26 }) ms=4.663
MASK rule=rest_1 state=70 key=Some(RuleMaskKey { fsm_hash: 6635194092101876856, fsm_new_node_id: 4, state_cnt: 17, edge_cnt: 75 }) ms=4.654
MASK rule=rest_1 state=69 key=Some(RuleMaskKey { fsm_hash: 6635194092101876856, fsm_new_node_id: 5, state_cnt: 17, edge_cnt: 75 }) ms=4.656
MASK rule=param state=27 key=Some(RuleMaskKey { fsm_hash: 8184450389286060420, fsm_new_node_id: 24, state_cnt: 27, edge_cnt: 26 }) ms=4.669
MASK rule=param state=9 key=Some(RuleMaskKey { fsm_hash: 8184450389286060420, fsm_new_node_id: 2, state_cnt: 27, edge_cnt: 26 }) ms=4.605
MASK rule=param state=7 key=Some(RuleMaskKey { fsm_hash: 8184450389286060420, fsm_new_node_id: 0, state_cnt: 27, edge_cnt: 26 }) ms=4.608
MASK rule=param state=12 key=Some(RuleMaskKey { fsm_hash: 8184450389286060420, fsm_new_node_id: 5, state_cnt: 27, edge_cnt: 26 }) ms=4.631
MASK rule=param state=8 key=Some(RuleMaskKey { fsm_hash: 8184450389286060420, fsm_new_node_id: 1, state_cnt: 27, edge_cnt: 26 }) ms=4.638
MASK rule=rest_1 state=72 key=Some(RuleMaskKey { fsm_hash: 6635194092101876856, fsm_new_node_id: 3, state_cnt: 17, edge_cnt: 75 }) ms=4.634
MASK rule=param state=28 key=Some(RuleMaskKey { fsm_hash: 8184450389286060420, fsm_new_node_id: 25, state_cnt: 27, edge_cnt: 26 }) ms=4.610
MASK rule=param state=15 key=Some(RuleMaskKey { fsm_hash: 8184450389286060420, fsm_new_node_id: 8, state_cnt: 27, edge_cnt: 26 }) ms=4.671
MASK rule=paramname state=35 key=Some(RuleMaskKey { fsm_hash: 7830328557106836415, fsm_new_node_id: 2, state_cnt: 8, edge_cnt: 8 }) ms=4.603
MASK rule=param state=18 key=Some(RuleMaskKey { fsm_hash: 8184450389286060420, fsm_new_node_id: 15, state_cnt: 27, edge_cnt: 26 }) ms=4.612
MASK rule=paramname state=36 key=Some(RuleMaskKey { fsm_hash: 7830328557106836415, fsm_new_node_id: 4, state_cnt: 8, edge_cnt: 8 }) ms=4.932
MASK rule=paramname state=37 key=Some(RuleMaskKey { fsm_hash: 7830328557106836415, fsm_new_node_id: 6, state_cnt: 8, edge_cnt: 8 }) ms=4.638
BEGIN mode=true rep=0 threads=4
MASK rule=nonempty_value state=55 key=Some(RuleMaskKey { fsm_hash: 4406071653514522693, fsm_new_node_id: 0, state_cnt: 17, edge_cnt: 78 }) ms=134.525
MASK rule=rest_1 state=75 key=Some(RuleMaskKey { fsm_hash: 6635194092101876856, fsm_new_node_id: 7, state_cnt: 17, edge_cnt: 75 }) ms=292.876
MASK rule=nonempty_value state=52 key=Some(RuleMaskKey { fsm_hash: 4406071653514522693, fsm_new_node_id: 7, state_cnt: 17, edge_cnt: 78 }) ms=311.856
MASK rule=nonempty_value state=43 key=Some(RuleMaskKey { fsm_hash: 4406071653514522693, fsm_new_node_id: 12, state_cnt: 17, edge_cnt: 78 }) ms=312.277
MASK rule=nonempty_value state=53 key=Some(RuleMaskKey { fsm_hash: 4406071653514522693, fsm_new_node_id: 2, state_cnt: 17, edge_cnt: 78 }) ms=278.351
MASK rule=nonempty_value state=41 key=Some(RuleMaskKey { fsm_hash: 4406071653514522693, fsm_new_node_id: 14, state_cnt: 17, edge_cnt: 78 }) ms=278.653
MASK rule=nonempty_value state=44 key=Some(RuleMaskKey { fsm_hash: 4406071653514522693, fsm_new_node_id: 11, state_cnt: 17, edge_cnt: 78 }) ms=295.767
MASK rule=nonempty_value state=48 key=Some(RuleMaskKey { fsm_hash: 4406071653514522693, fsm_new_node_id: 9, state_cnt: 17, edge_cnt: 78 }) ms=295.790
MASK rule=nonempty_value state=45 key=Some(RuleMaskKey { fsm_hash: 4406071653514522693, fsm_new_node_id: 10, state_cnt: 17, edge_cnt: 78 }) ms=276.570
MASK rule=nonempty_value state=40 key=Some(RuleMaskKey { fsm_hash: 4406071653514522693, fsm_new_node_id: 15, state_cnt: 17, edge_cnt: 78 }) ms=278.482
MASK rule=nonempty_value state=42 key=Some(RuleMaskKey { fsm_hash: 4406071653514522693, fsm_new_node_id: 13, state_cnt: 17, edge_cnt: 78 }) ms=297.932
MASK rule=nonempty_value state=50 key=Some(RuleMaskKey { fsm_hash: 4406071653514522693, fsm_new_node_id: 8, state_cnt: 17, edge_cnt: 78 }) ms=297.605
MASK rule=rest_1 state=76 key=Some(RuleMaskKey { fsm_hash: 6635194092101876856, fsm_new_node_id: 2, state_cnt: 17, edge_cnt: 75 }) ms=275.497
MASK rule=rest_1 state=64 key=Some(RuleMaskKey { fsm_hash: 6635194092101876856, fsm_new_node_id: 14, state_cnt: 17, edge_cnt: 75 }) ms=275.274
MASK rule=rest_1 state=63 key=Some(RuleMaskKey { fsm_hash: 6635194092101876856, fsm_new_node_id: 15, state_cnt: 17, edge_cnt: 75 }) ms=292.566
MASK rule=rest_1 state=67 key=Some(RuleMaskKey { fsm_hash: 6635194092101876856, fsm_new_node_id: 11, state_cnt: 17, edge_cnt: 75 }) ms=293.229
MASK rule=rest_1 state=71 key=Some(RuleMaskKey { fsm_hash: 6635194092101876856, fsm_new_node_id: 9, state_cnt: 17, edge_cnt: 75 }) ms=275.422
MASK rule=rest_1 state=78 key=Some(RuleMaskKey { fsm_hash: 6635194092101876856, fsm_new_node_id: 0, state_cnt: 17, edge_cnt: 75 }) ms=149.597
MASK rule=rest_1 state=68 key=Some(RuleMaskKey { fsm_hash: 6635194092101876856, fsm_new_node_id: 10, state_cnt: 17, edge_cnt: 75 }) ms=272.190
MASK rule=triggered_tags state=127 key=Some(RuleMaskKey { fsm_hash: 12901671387181676729, fsm_new_node_id: 19, state_cnt: 35, edge_cnt: 166 }) ms=10.335
MASK rule=rest_1 state=73 key=Some(RuleMaskKey { fsm_hash: 6635194092101876856, fsm_new_node_id: 8, state_cnt: 17, edge_cnt: 75 }) ms=290.083
MASK rule=rest_1 state=65 key=Some(RuleMaskKey { fsm_hash: 6635194092101876856, fsm_new_node_id: 13, state_cnt: 17, edge_cnt: 75 }) ms=290.431
MASK rule=triggered_tags state=131 key=Some(RuleMaskKey { fsm_hash: 12901671387181676729, fsm_new_node_id: 23, state_cnt: 35, edge_cnt: 166 }) ms=10.900
MASK rule=triggered_tags state=121 key=Some(RuleMaskKey { fsm_hash: 12901671387181676729, fsm_new_node_id: 13, state_cnt: 35, edge_cnt: 166 }) ms=9.247
MASK rule=triggered_tags state=115 key=Some(RuleMaskKey { fsm_hash: 12901671387181676729, fsm_new_node_id: 7, state_cnt: 35, edge_cnt: 166 }) ms=11.100
MASK rule=triggered_tags state=114 key=Some(RuleMaskKey { fsm_hash: 12901671387181676729, fsm_new_node_id: 6, state_cnt: 35, edge_cnt: 166 }) ms=9.604
MASK rule=triggered_tags state=122 key=Some(RuleMaskKey { fsm_hash: 12901671387181676729, fsm_new_node_id: 14, state_cnt: 35, edge_cnt: 166 }) ms=9.771
MASK rule=triggered_tags state=137 key=Some(RuleMaskKey { fsm_hash: 12901671387181676729, fsm_new_node_id: 29, state_cnt: 35, edge_cnt: 166 }) ms=9.406
MASK rule=triggered_tags state=113 key=Some(RuleMaskKey { fsm_hash: 12901671387181676729, fsm_new_node_id: 5, state_cnt: 35, edge_cnt: 166 }) ms=12.901
MASK rule=triggered_tags state=118 key=Some(RuleMaskKey { fsm_hash: 12901671387181676729, fsm_new_node_id: 10, state_cnt: 35, edge_cnt: 166 }) ms=8.824
MASK rule=triggered_tags state=126 key=Some(RuleMaskKey { fsm_hash: 12901671387181676729, fsm_new_node_id: 18, state_cnt: 35, edge_cnt: 166 }) ms=10.838
MASK rule=triggered_tags state=111 key=Some(RuleMaskKey { fsm_hash: 12901671387181676729, fsm_new_node_id: 3, state_cnt: 35, edge_cnt: 166 }) ms=9.935
MASK rule=triggered_tags state=125 key=Some(RuleMaskKey { fsm_hash: 12901671387181676729, fsm_new_node_id: 17, state_cnt: 35, edge_cnt: 166 }) ms=9.356
MASK rule=triggered_tags state=136 key=Some(RuleMaskKey { fsm_hash: 12901671387181676729, fsm_new_node_id: 28, state_cnt: 35, edge_cnt: 166 }) ms=11.085
MASK rule=triggered_tags state=132 key=Some(RuleMaskKey { fsm_hash: 12901671387181676729, fsm_new_node_id: 24, state_cnt: 35, edge_cnt: 166 }) ms=9.397
MASK rule=triggered_tags state=141 key=Some(RuleMaskKey { fsm_hash: 12901671387181676729, fsm_new_node_id: 33, state_cnt: 35, edge_cnt: 166 }) ms=8.646
MASK rule=triggered_tags state=133 key=Some(RuleMaskKey { fsm_hash: 12901671387181676729, fsm_new_node_id: 25, state_cnt: 35, edge_cnt: 166 }) ms=12.853
MASK rule=rest_1 state=66 key=Some(RuleMaskKey { fsm_hash: 6635194092101876856, fsm_new_node_id: 12, state_cnt: 17, edge_cnt: 75 }) ms=257.412
MASK rule=triggered_tags state=130 key=Some(RuleMaskKey { fsm_hash: 12901671387181676729, fsm_new_node_id: 22, state_cnt: 35, edge_cnt: 166 }) ms=9.180
MASK rule=triggered_tags state=109 key=Some(RuleMaskKey { fsm_hash: 12901671387181676729, fsm_new_node_id: 1, state_cnt: 35, edge_cnt: 166 }) ms=10.067
MASK rule=triggered_tags state=134 key=Some(RuleMaskKey { fsm_hash: 12901671387181676729, fsm_new_node_id: 26, state_cnt: 35, edge_cnt: 166 }) ms=9.029
MASK rule=rest_1 state=79 key=Some(RuleMaskKey { fsm_hash: 6635194092101876856, fsm_new_node_id: 16, state_cnt: 17, edge_cnt: 75 }) ms=254.750
MASK rule=triggered_tags state=124 key=Some(RuleMaskKey { fsm_hash: 12901671387181676729, fsm_new_node_id: 16, state_cnt: 35, edge_cnt: 166 }) ms=9.628
MASK rule=nonempty_value state=56 key=Some(RuleMaskKey { fsm_hash: 4406071653514522693, fsm_new_node_id: 16, state_cnt: 17, edge_cnt: 78 }) ms=181.474
MASK rule=triggered_tags state=112 key=Some(RuleMaskKey { fsm_hash: 12901671387181676729, fsm_new_node_id: 4, state_cnt: 35, edge_cnt: 166 }) ms=8.616
MASK rule=triggered_tags state=140 key=Some(RuleMaskKey { fsm_hash: 12901671387181676729, fsm_new_node_id: 32, state_cnt: 35, edge_cnt: 166 }) ms=9.085
MASK rule=triggered_tags state=110 key=Some(RuleMaskKey { fsm_hash: 12901671387181676729, fsm_new_node_id: 2, state_cnt: 35, edge_cnt: 166 }) ms=9.690
MASK rule=triggered_tags state=117 key=Some(RuleMaskKey { fsm_hash: 12901671387181676729, fsm_new_node_id: 9, state_cnt: 35, edge_cnt: 166 }) ms=9.007
MASK rule=triggered_tags state=139 key=Some(RuleMaskKey { fsm_hash: 12901671387181676729, fsm_new_node_id: 31, state_cnt: 35, edge_cnt: 166 }) ms=9.189
MASK rule=triggered_tags state=135 key=Some(RuleMaskKey { fsm_hash: 12901671387181676729, fsm_new_node_id: 27, state_cnt: 35, edge_cnt: 166 }) ms=9.298
MASK rule=triggered_tags state=119 key=Some(RuleMaskKey { fsm_hash: 12901671387181676729, fsm_new_node_id: 11, state_cnt: 35, edge_cnt: 166 }) ms=9.402
MASK rule=triggered_tags state=123 key=Some(RuleMaskKey { fsm_hash: 12901671387181676729, fsm_new_node_id: 15, state_cnt: 35, edge_cnt: 166 }) ms=8.967
MASK rule=triggered_tags state=116 key=Some(RuleMaskKey { fsm_hash: 12901671387181676729, fsm_new_node_id: 8, state_cnt: 35, edge_cnt: 166 }) ms=9.303
MASK rule=triggered_tags state=128 key=Some(RuleMaskKey { fsm_hash: 12901671387181676729, fsm_new_node_id: 20, state_cnt: 35, edge_cnt: 166 }) ms=9.055
MASK rule=triggered_tags state=138 key=Some(RuleMaskKey { fsm_hash: 12901671387181676729, fsm_new_node_id: 30, state_cnt: 35, edge_cnt: 166 }) ms=9.526
MASK rule=triggered_tags state=129 key=Some(RuleMaskKey { fsm_hash: 12901671387181676729, fsm_new_node_id: 21, state_cnt: 35, edge_cnt: 166 }) ms=8.885
MASK rule=triggered_tags state=108 key=Some(RuleMaskKey { fsm_hash: 12901671387181676729, fsm_new_node_id: 0, state_cnt: 35, edge_cnt: 166 }) ms=9.053
MASK rule=triggered_tags state=120 key=Some(RuleMaskKey { fsm_hash: 12901671387181676729, fsm_new_node_id: 12, state_cnt: 35, edge_cnt: 166 }) ms=9.424
MASK rule=paramname state=31 key=Some(RuleMaskKey { fsm_hash: 7830328557106836415, fsm_new_node_id: 0, state_cnt: 8, edge_cnt: 8 }) ms=8.084
MASK rule=triggered_tags_group state=99 key=Some(RuleMaskKey { fsm_hash: 7092002379707587104, fsm_new_node_id: 19, state_cnt: 28, edge_cnt: 27 }) ms=8.348
MASK rule=triggered_tags_group state=92 key=Some(RuleMaskKey { fsm_hash: 7092002379707587104, fsm_new_node_id: 12, state_cnt: 28, edge_cnt: 27 }) ms=8.001
MASK rule=paramname state=34 key=Some(RuleMaskKey { fsm_hash: 7830328557106836415, fsm_new_node_id: 5, state_cnt: 8, edge_cnt: 8 }) ms=8.681
MASK rule=triggered_tags_group state=90 key=Some(RuleMaskKey { fsm_hash: 7092002379707587104, fsm_new_node_id: 10, state_cnt: 28, edge_cnt: 27 }) ms=8.298
MASK rule=triggered_tags_group state=96 key=Some(RuleMaskKey { fsm_hash: 7092002379707587104, fsm_new_node_id: 16, state_cnt: 28, edge_cnt: 27 }) ms=7.964
MASK rule=triggered_tags_group state=81 key=Some(RuleMaskKey { fsm_hash: 7092002379707587104, fsm_new_node_id: 2, state_cnt: 28, edge_cnt: 27 }) ms=8.722
MASK rule=value state=38 key=Some(RuleMaskKey { fsm_hash: 2828431779938103121, fsm_new_node_id: 0, state_cnt: 2, edge_cnt: 5 }) ms=35.073
MASK rule=param state=24 key=Some(RuleMaskKey { fsm_hash: 8184450389286060420, fsm_new_node_id: 21, state_cnt: 27, edge_cnt: 26 }) ms=8.297
MASK rule=triggered_tags_group state=101 key=Some(RuleMaskKey { fsm_hash: 7092002379707587104, fsm_new_node_id: 21, state_cnt: 28, edge_cnt: 27 }) ms=8.109
MASK rule=triggered_tags_group state=89 key=Some(RuleMaskKey { fsm_hash: 7092002379707587104, fsm_new_node_id: 9, state_cnt: 28, edge_cnt: 27 }) ms=8.796
MASK rule=triggered_tags_group state=87 key=Some(RuleMaskKey { fsm_hash: 7092002379707587104, fsm_new_node_id: 7, state_cnt: 28, edge_cnt: 27 }) ms=8.254
MASK rule=triggered_tags_group state=91 key=Some(RuleMaskKey { fsm_hash: 7092002379707587104, fsm_new_node_id: 11, state_cnt: 28, edge_cnt: 27 }) ms=8.409
MASK rule=triggered_tags_group state=102 key=Some(RuleMaskKey { fsm_hash: 7092002379707587104, fsm_new_node_id: 22, state_cnt: 28, edge_cnt: 27 }) ms=8.218
MASK rule=triggered_tags_group state=103 key=Some(RuleMaskKey { fsm_hash: 7092002379707587104, fsm_new_node_id: 23, state_cnt: 28, edge_cnt: 27 }) ms=8.779
MASK rule=triggered_tags_group state=104 key=Some(RuleMaskKey { fsm_hash: 7092002379707587104, fsm_new_node_id: 24, state_cnt: 28, edge_cnt: 27 }) ms=8.340
MASK rule=triggered_tags_group state=105 key=Some(RuleMaskKey { fsm_hash: 7092002379707587104, fsm_new_node_id: 25, state_cnt: 28, edge_cnt: 27 }) ms=8.341
MASK rule=triggered_tags_group state=100 key=Some(RuleMaskKey { fsm_hash: 7092002379707587104, fsm_new_node_id: 20, state_cnt: 28, edge_cnt: 27 }) ms=8.207
MASK rule=triggered_tags_group state=97 key=Some(RuleMaskKey { fsm_hash: 7092002379707587104, fsm_new_node_id: 17, state_cnt: 28, edge_cnt: 27 }) ms=8.762
MASK rule=triggered_tags_group state=86 key=Some(RuleMaskKey { fsm_hash: 7092002379707587104, fsm_new_node_id: 6, state_cnt: 28, edge_cnt: 27 }) ms=8.351
MASK rule=triggered_tags_group state=88 key=Some(RuleMaskKey { fsm_hash: 7092002379707587104, fsm_new_node_id: 8, state_cnt: 28, edge_cnt: 27 }) ms=8.347
MASK rule=triggered_tags_group state=94 key=Some(RuleMaskKey { fsm_hash: 7092002379707587104, fsm_new_node_id: 14, state_cnt: 28, edge_cnt: 27 }) ms=8.264
MASK rule=triggered_tags_group state=98 key=Some(RuleMaskKey { fsm_hash: 7092002379707587104, fsm_new_node_id: 18, state_cnt: 28, edge_cnt: 27 }) ms=8.764
MASK rule=triggered_tags_group state=85 key=Some(RuleMaskKey { fsm_hash: 7092002379707587104, fsm_new_node_id: 5, state_cnt: 28, edge_cnt: 27 }) ms=8.356
MASK rule=triggered_tags_group state=84 key=Some(RuleMaskKey { fsm_hash: 7092002379707587104, fsm_new_node_id: 4, state_cnt: 28, edge_cnt: 27 }) ms=8.428
MASK rule=triggered_tags_group state=106 key=Some(RuleMaskKey { fsm_hash: 7092002379707587104, fsm_new_node_id: 26, state_cnt: 28, edge_cnt: 27 }) ms=8.268
MASK rule=triggered_tags_group state=82 key=Some(RuleMaskKey { fsm_hash: 7092002379707587104, fsm_new_node_id: 0, state_cnt: 28, edge_cnt: 27 }) ms=8.355
MASK rule=triggered_tags_group state=95 key=Some(RuleMaskKey { fsm_hash: 7092002379707587104, fsm_new_node_id: 15, state_cnt: 28, edge_cnt: 27 }) ms=8.767
MASK rule=triggered_tags_group state=83 key=Some(RuleMaskKey { fsm_hash: 7092002379707587104, fsm_new_node_id: 3, state_cnt: 28, edge_cnt: 27 }) ms=8.349
MASK rule=triggered_tags_group state=93 key=Some(RuleMaskKey { fsm_hash: 7092002379707587104, fsm_new_node_id: 13, state_cnt: 28, edge_cnt: 27 }) ms=8.276
MASK rule=param state=17 key=Some(RuleMaskKey { fsm_hash: 8184450389286060420, fsm_new_node_id: 10, state_cnt: 27, edge_cnt: 26 }) ms=8.370
MASK rule=paramname state=36 key=Some(RuleMaskKey { fsm_hash: 7830328557106836415, fsm_new_node_id: 4, state_cnt: 8, edge_cnt: 8 }) ms=8.401
MASK rule=paramname state=35 key=Some(RuleMaskKey { fsm_hash: 7830328557106836415, fsm_new_node_id: 2, state_cnt: 8, edge_cnt: 8 }) ms=8.763
MASK rule=param state=27 key=Some(RuleMaskKey { fsm_hash: 8184450389286060420, fsm_new_node_id: 24, state_cnt: 27, edge_cnt: 26 }) ms=8.240
MASK rule=param state=21 key=Some(RuleMaskKey { fsm_hash: 8184450389286060420, fsm_new_node_id: 18, state_cnt: 27, edge_cnt: 26 }) ms=8.345
MASK rule=nonempty_value state=47 key=Some(RuleMaskKey { fsm_hash: 4406071653514522693, fsm_new_node_id: 4, state_cnt: 17, edge_cnt: 78 }) ms=8.405
MASK rule=param state=9 key=Some(RuleMaskKey { fsm_hash: 8184450389286060420, fsm_new_node_id: 2, state_cnt: 27, edge_cnt: 26 }) ms=8.705
MASK rule=param state=10 key=Some(RuleMaskKey { fsm_hash: 8184450389286060420, fsm_new_node_id: 3, state_cnt: 27, edge_cnt: 26 }) ms=8.319
MASK rule=nonempty_value state=46 key=Some(RuleMaskKey { fsm_hash: 4406071653514522693, fsm_new_node_id: 5, state_cnt: 17, edge_cnt: 78 }) ms=8.362
MASK rule=param state=16 key=Some(RuleMaskKey { fsm_hash: 8184450389286060420, fsm_new_node_id: 9, state_cnt: 27, edge_cnt: 26 }) ms=8.369
MASK rule=nonempty_value state=49 key=Some(RuleMaskKey { fsm_hash: 4406071653514522693, fsm_new_node_id: 3, state_cnt: 17, edge_cnt: 78 }) ms=8.748
MASK rule=param state=11 key=Some(RuleMaskKey { fsm_hash: 8184450389286060420, fsm_new_node_id: 4, state_cnt: 27, edge_cnt: 26 }) ms=8.285
MASK rule=param state=18 key=Some(RuleMaskKey { fsm_hash: 8184450389286060420, fsm_new_node_id: 15, state_cnt: 27, edge_cnt: 26 }) ms=8.412
MASK rule=param state=22 key=Some(RuleMaskKey { fsm_hash: 8184450389286060420, fsm_new_node_id: 19, state_cnt: 27, edge_cnt: 26 }) ms=8.381
MASK rule=param state=28 key=Some(RuleMaskKey { fsm_hash: 8184450389286060420, fsm_new_node_id: 25, state_cnt: 27, edge_cnt: 26 }) ms=8.754
MASK rule=param state=26 key=Some(RuleMaskKey { fsm_hash: 8184450389286060420, fsm_new_node_id: 23, state_cnt: 27, edge_cnt: 26 }) ms=8.303
MASK rule=param state=7 key=Some(RuleMaskKey { fsm_hash: 8184450389286060420, fsm_new_node_id: 0, state_cnt: 27, edge_cnt: 26 }) ms=8.359
MASK rule=param state=4 key=Some(RuleMaskKey { fsm_hash: 8184450389286060420, fsm_new_node_id: 12, state_cnt: 27, edge_cnt: 26 }) ms=8.465
MASK rule=param state=19 key=Some(RuleMaskKey { fsm_hash: 8184450389286060420, fsm_new_node_id: 16, state_cnt: 27, edge_cnt: 26 }) ms=8.757
MASK rule=root_1 state=59 key=Some(RuleMaskKey { fsm_hash: 7297779061404888742, fsm_new_node_id: 0, state_cnt: 4, edge_cnt: 3 }) ms=8.306
MASK rule=param state=12 key=Some(RuleMaskKey { fsm_hash: 8184450389286060420, fsm_new_node_id: 5, state_cnt: 27, edge_cnt: 26 }) ms=8.329
MASK rule=rest_1 state=69 key=Some(RuleMaskKey { fsm_hash: 6635194092101876856, fsm_new_node_id: 5, state_cnt: 17, edge_cnt: 75 }) ms=8.408
MASK rule=param state=15 key=Some(RuleMaskKey { fsm_hash: 8184450389286060420, fsm_new_node_id: 8, state_cnt: 27, edge_cnt: 26 }) ms=8.711
MASK rule=param state=23 key=Some(RuleMaskKey { fsm_hash: 8184450389286060420, fsm_new_node_id: 20, state_cnt: 27, edge_cnt: 26 }) ms=8.300
MASK rule=param state=20 key=Some(RuleMaskKey { fsm_hash: 8184450389286060420, fsm_new_node_id: 17, state_cnt: 27, edge_cnt: 26 }) ms=8.344
MASK rule=rest_1 state=72 key=Some(RuleMaskKey { fsm_hash: 6635194092101876856, fsm_new_node_id: 3, state_cnt: 17, edge_cnt: 75 }) ms=8.334
MASK rule=param state=8 key=Some(RuleMaskKey { fsm_hash: 8184450389286060420, fsm_new_node_id: 1, state_cnt: 27, edge_cnt: 26 }) ms=8.767
MASK rule=param state=13 key=Some(RuleMaskKey { fsm_hash: 8184450389286060420, fsm_new_node_id: 6, state_cnt: 27, edge_cnt: 26 }) ms=8.272
MASK rule=rest_1 state=70 key=Some(RuleMaskKey { fsm_hash: 6635194092101876856, fsm_new_node_id: 4, state_cnt: 17, edge_cnt: 75 }) ms=8.328
MASK rule=param state=6 key=Some(RuleMaskKey { fsm_hash: 8184450389286060420, fsm_new_node_id: 14, state_cnt: 27, edge_cnt: 26 }) ms=8.375
MASK rule=param state=25 key=Some(RuleMaskKey { fsm_hash: 8184450389286060420, fsm_new_node_id: 22, state_cnt: 27, edge_cnt: 26 }) ms=8.754
MASK rule=paramname state=33 key=Some(RuleMaskKey { fsm_hash: 7830328557106836415, fsm_new_node_id: 3, state_cnt: 8, edge_cnt: 8 }) ms=8.246
MASK rule=paramname state=37 key=Some(RuleMaskKey { fsm_hash: 7830328557106836415, fsm_new_node_id: 6, state_cnt: 8, edge_cnt: 8 }) ms=8.344
MASK rule=paramname state=32 key=Some(RuleMaskKey { fsm_hash: 7830328557106836415, fsm_new_node_id: 1, state_cnt: 8, edge_cnt: 8 }) ms=8.340
MASK rule=param state=14 key=Some(RuleMaskKey { fsm_hash: 8184450389286060420, fsm_new_node_id: 7, state_cnt: 27, edge_cnt: 26 }) ms=8.700
END mode=true rep=0
BEGIN mode=true rep=1 threads=1
MASK rule=nonempty_value state=55 key=Some(RuleMaskKey { fsm_hash: 4406071653514522693, fsm_new_node_id: 0, state_cnt: 17, edge_cnt: 78 }) ms=43.145
MASK rule=rest_1 state=64 key=Some(RuleMaskKey { fsm_hash: 6635194092101876856, fsm_new_node_id: 14, state_cnt: 17, edge_cnt: 75 }) ms=68.411
MASK rule=nonempty_value state=42 key=Some(RuleMaskKey { fsm_hash: 4406071653514522693, fsm_new_node_id: 13, state_cnt: 17, edge_cnt: 78 }) ms=69.087
MASK rule=nonempty_value state=45 key=Some(RuleMaskKey { fsm_hash: 4406071653514522693, fsm_new_node_id: 10, state_cnt: 17, edge_cnt: 78 }) ms=68.639
MASK rule=nonempty_value state=44 key=Some(RuleMaskKey { fsm_hash: 4406071653514522693, fsm_new_node_id: 11, state_cnt: 17, edge_cnt: 78 }) ms=68.817
MASK rule=nonempty_value state=41 key=Some(RuleMaskKey { fsm_hash: 4406071653514522693, fsm_new_node_id: 14, state_cnt: 17, edge_cnt: 78 }) ms=68.312
MASK rule=nonempty_value state=53 key=Some(RuleMaskKey { fsm_hash: 4406071653514522693, fsm_new_node_id: 2, state_cnt: 17, edge_cnt: 78 }) ms=68.706
MASK rule=nonempty_value state=52 key=Some(RuleMaskKey { fsm_hash: 4406071653514522693, fsm_new_node_id: 7, state_cnt: 17, edge_cnt: 78 }) ms=68.800
MASK rule=nonempty_value state=48 key=Some(RuleMaskKey { fsm_hash: 4406071653514522693, fsm_new_node_id: 9, state_cnt: 17, edge_cnt: 78 }) ms=68.625
MASK rule=nonempty_value state=43 key=Some(RuleMaskKey { fsm_hash: 4406071653514522693, fsm_new_node_id: 12, state_cnt: 17, edge_cnt: 78 }) ms=68.656
MASK rule=nonempty_value state=40 key=Some(RuleMaskKey { fsm_hash: 4406071653514522693, fsm_new_node_id: 15, state_cnt: 17, edge_cnt: 78 }) ms=68.740
MASK rule=nonempty_value state=50 key=Some(RuleMaskKey { fsm_hash: 4406071653514522693, fsm_new_node_id: 8, state_cnt: 17, edge_cnt: 78 }) ms=68.615
MASK rule=rest_1 state=63 key=Some(RuleMaskKey { fsm_hash: 6635194092101876856, fsm_new_node_id: 15, state_cnt: 17, edge_cnt: 75 }) ms=67.859
MASK rule=rest_1 state=75 key=Some(RuleMaskKey { fsm_hash: 6635194092101876856, fsm_new_node_id: 7, state_cnt: 17, edge_cnt: 75 }) ms=67.983
MASK rule=rest_1 state=73 key=Some(RuleMaskKey { fsm_hash: 6635194092101876856, fsm_new_node_id: 8, state_cnt: 17, edge_cnt: 75 }) ms=68.040
MASK rule=rest_1 state=71 key=Some(RuleMaskKey { fsm_hash: 6635194092101876856, fsm_new_node_id: 9, state_cnt: 17, edge_cnt: 75 }) ms=68.276
MASK rule=rest_1 state=66 key=Some(RuleMaskKey { fsm_hash: 6635194092101876856, fsm_new_node_id: 12, state_cnt: 17, edge_cnt: 75 }) ms=68.113
MASK rule=rest_1 state=65 key=Some(RuleMaskKey { fsm_hash: 6635194092101876856, fsm_new_node_id: 13, state_cnt: 17, edge_cnt: 75 }) ms=68.109
MASK rule=rest_1 state=68 key=Some(RuleMaskKey { fsm_hash: 6635194092101876856, fsm_new_node_id: 10, state_cnt: 17, edge_cnt: 75 }) ms=68.000
MASK rule=rest_1 state=76 key=Some(RuleMaskKey { fsm_hash: 6635194092101876856, fsm_new_node_id: 2, state_cnt: 17, edge_cnt: 75 }) ms=68.201
MASK rule=rest_1 state=78 key=Some(RuleMaskKey { fsm_hash: 6635194092101876856, fsm_new_node_id: 0, state_cnt: 17, edge_cnt: 75 }) ms=38.269
MASK rule=rest_1 state=67 key=Some(RuleMaskKey { fsm_hash: 6635194092101876856, fsm_new_node_id: 11, state_cnt: 17, edge_cnt: 75 }) ms=68.187
MASK rule=triggered_tags state=134 key=Some(RuleMaskKey { fsm_hash: 12901671387181676729, fsm_new_node_id: 26, state_cnt: 35, edge_cnt: 166 }) ms=8.631
MASK rule=rest_1 state=79 key=Some(RuleMaskKey { fsm_hash: 6635194092101876856, fsm_new_node_id: 16, state_cnt: 17, edge_cnt: 75 }) ms=67.950
MASK rule=nonempty_value state=56 key=Some(RuleMaskKey { fsm_hash: 4406071653514522693, fsm_new_node_id: 16, state_cnt: 17, edge_cnt: 78 }) ms=68.705
MASK rule=triggered_tags state=133 key=Some(RuleMaskKey { fsm_hash: 12901671387181676729, fsm_new_node_id: 25, state_cnt: 35, edge_cnt: 166 }) ms=9.435
MASK rule=triggered_tags state=130 key=Some(RuleMaskKey { fsm_hash: 12901671387181676729, fsm_new_node_id: 22, state_cnt: 35, edge_cnt: 166 }) ms=8.623
MASK rule=triggered_tags state=117 key=Some(RuleMaskKey { fsm_hash: 12901671387181676729, fsm_new_node_id: 9, state_cnt: 35, edge_cnt: 166 }) ms=8.706
MASK rule=triggered_tags state=122 key=Some(RuleMaskKey { fsm_hash: 12901671387181676729, fsm_new_node_id: 14, state_cnt: 35, edge_cnt: 166 }) ms=8.820
MASK rule=triggered_tags state=110 key=Some(RuleMaskKey { fsm_hash: 12901671387181676729, fsm_new_node_id: 2, state_cnt: 35, edge_cnt: 166 }) ms=8.785
MASK rule=triggered_tags state=115 key=Some(RuleMaskKey { fsm_hash: 12901671387181676729, fsm_new_node_id: 7, state_cnt: 35, edge_cnt: 166 }) ms=9.037
MASK rule=triggered_tags state=132 key=Some(RuleMaskKey { fsm_hash: 12901671387181676729, fsm_new_node_id: 24, state_cnt: 35, edge_cnt: 166 }) ms=8.709
MASK rule=triggered_tags state=141 key=Some(RuleMaskKey { fsm_hash: 12901671387181676729, fsm_new_node_id: 33, state_cnt: 35, edge_cnt: 166 }) ms=8.584
MASK rule=triggered_tags state=116 key=Some(RuleMaskKey { fsm_hash: 12901671387181676729, fsm_new_node_id: 8, state_cnt: 35, edge_cnt: 166 }) ms=8.726
MASK rule=triggered_tags state=138 key=Some(RuleMaskKey { fsm_hash: 12901671387181676729, fsm_new_node_id: 30, state_cnt: 35, edge_cnt: 166 }) ms=8.657
MASK rule=triggered_tags state=127 key=Some(RuleMaskKey { fsm_hash: 12901671387181676729, fsm_new_node_id: 19, state_cnt: 35, edge_cnt: 166 }) ms=8.828
MASK rule=triggered_tags state=114 key=Some(RuleMaskKey { fsm_hash: 12901671387181676729, fsm_new_node_id: 6, state_cnt: 35, edge_cnt: 166 }) ms=8.765
MASK rule=triggered_tags state=126 key=Some(RuleMaskKey { fsm_hash: 12901671387181676729, fsm_new_node_id: 18, state_cnt: 35, edge_cnt: 166 }) ms=9.050
MASK rule=triggered_tags state=135 key=Some(RuleMaskKey { fsm_hash: 12901671387181676729, fsm_new_node_id: 27, state_cnt: 35, edge_cnt: 166 }) ms=8.920
MASK rule=triggered_tags state=124 key=Some(RuleMaskKey { fsm_hash: 12901671387181676729, fsm_new_node_id: 16, state_cnt: 35, edge_cnt: 166 }) ms=8.781
MASK rule=triggered_tags state=121 key=Some(RuleMaskKey { fsm_hash: 12901671387181676729, fsm_new_node_id: 13, state_cnt: 35, edge_cnt: 166 }) ms=8.695
MASK rule=triggered_tags state=118 key=Some(RuleMaskKey { fsm_hash: 12901671387181676729, fsm_new_node_id: 10, state_cnt: 35, edge_cnt: 166 }) ms=8.621
MASK rule=triggered_tags state=111 key=Some(RuleMaskKey { fsm_hash: 12901671387181676729, fsm_new_node_id: 3, state_cnt: 35, edge_cnt: 166 }) ms=8.840
MASK rule=triggered_tags state=123 key=Some(RuleMaskKey { fsm_hash: 12901671387181676729, fsm_new_node_id: 15, state_cnt: 35, edge_cnt: 166 }) ms=8.742
MASK rule=triggered_tags state=136 key=Some(RuleMaskKey { fsm_hash: 12901671387181676729, fsm_new_node_id: 28, state_cnt: 35, edge_cnt: 166 }) ms=9.075
MASK rule=triggered_tags state=113 key=Some(RuleMaskKey { fsm_hash: 12901671387181676729, fsm_new_node_id: 5, state_cnt: 35, edge_cnt: 166 }) ms=9.442
MASK rule=triggered_tags state=128 key=Some(RuleMaskKey { fsm_hash: 12901671387181676729, fsm_new_node_id: 20, state_cnt: 35, edge_cnt: 166 }) ms=8.681
MASK rule=triggered_tags state=140 key=Some(RuleMaskKey { fsm_hash: 12901671387181676729, fsm_new_node_id: 32, state_cnt: 35, edge_cnt: 166 }) ms=8.707
MASK rule=triggered_tags state=137 key=Some(RuleMaskKey { fsm_hash: 12901671387181676729, fsm_new_node_id: 29, state_cnt: 35, edge_cnt: 166 }) ms=8.737
MASK rule=triggered_tags state=109 key=Some(RuleMaskKey { fsm_hash: 12901671387181676729, fsm_new_node_id: 1, state_cnt: 35, edge_cnt: 166 }) ms=8.736
MASK rule=triggered_tags state=119 key=Some(RuleMaskKey { fsm_hash: 12901671387181676729, fsm_new_node_id: 11, state_cnt: 35, edge_cnt: 166 }) ms=8.604
MASK rule=triggered_tags state=131 key=Some(RuleMaskKey { fsm_hash: 12901671387181676729, fsm_new_node_id: 23, state_cnt: 35, edge_cnt: 166 }) ms=8.924
MASK rule=triggered_tags state=112 key=Some(RuleMaskKey { fsm_hash: 12901671387181676729, fsm_new_node_id: 4, state_cnt: 35, edge_cnt: 166 }) ms=8.745
MASK rule=triggered_tags state=139 key=Some(RuleMaskKey { fsm_hash: 12901671387181676729, fsm_new_node_id: 31, state_cnt: 35, edge_cnt: 166 }) ms=8.938
MASK rule=triggered_tags state=125 key=Some(RuleMaskKey { fsm_hash: 12901671387181676729, fsm_new_node_id: 17, state_cnt: 35, edge_cnt: 166 }) ms=8.734
MASK rule=triggered_tags state=129 key=Some(RuleMaskKey { fsm_hash: 12901671387181676729, fsm_new_node_id: 21, state_cnt: 35, edge_cnt: 166 }) ms=8.634
MASK rule=value state=38 key=Some(RuleMaskKey { fsm_hash: 2828431779938103121, fsm_new_node_id: 0, state_cnt: 2, edge_cnt: 5 }) ms=34.386
MASK rule=triggered_tags state=108 key=Some(RuleMaskKey { fsm_hash: 12901671387181676729, fsm_new_node_id: 0, state_cnt: 35, edge_cnt: 166 }) ms=8.586
MASK rule=triggered_tags state=120 key=Some(RuleMaskKey { fsm_hash: 12901671387181676729, fsm_new_node_id: 12, state_cnt: 35, edge_cnt: 166 }) ms=8.677
MASK rule=paramname state=31 key=Some(RuleMaskKey { fsm_hash: 7830328557106836415, fsm_new_node_id: 0, state_cnt: 8, edge_cnt: 8 }) ms=8.067
MASK rule=triggered_tags_group state=101 key=Some(RuleMaskKey { fsm_hash: 7092002379707587104, fsm_new_node_id: 21, state_cnt: 28, edge_cnt: 27 }) ms=8.047
MASK rule=param state=11 key=Some(RuleMaskKey { fsm_hash: 8184450389286060420, fsm_new_node_id: 4, state_cnt: 27, edge_cnt: 26 }) ms=8.033
MASK rule=triggered_tags_group state=97 key=Some(RuleMaskKey { fsm_hash: 7092002379707587104, fsm_new_node_id: 17, state_cnt: 28, edge_cnt: 27 }) ms=8.042
MASK rule=param state=4 key=Some(RuleMaskKey { fsm_hash: 8184450389286060420, fsm_new_node_id: 12, state_cnt: 27, edge_cnt: 26 }) ms=8.151
MASK rule=triggered_tags_group state=88 key=Some(RuleMaskKey { fsm_hash: 7092002379707587104, fsm_new_node_id: 8, state_cnt: 28, edge_cnt: 27 }) ms=8.013
MASK rule=triggered_tags_group state=105 key=Some(RuleMaskKey { fsm_hash: 7092002379707587104, fsm_new_node_id: 25, state_cnt: 28, edge_cnt: 27 }) ms=8.069
MASK rule=triggered_tags_group state=95 key=Some(RuleMaskKey { fsm_hash: 7092002379707587104, fsm_new_node_id: 15, state_cnt: 28, edge_cnt: 27 }) ms=8.063
MASK rule=triggered_tags_group state=92 key=Some(RuleMaskKey { fsm_hash: 7092002379707587104, fsm_new_node_id: 12, state_cnt: 28, edge_cnt: 27 }) ms=8.063
MASK rule=triggered_tags_group state=103 key=Some(RuleMaskKey { fsm_hash: 7092002379707587104, fsm_new_node_id: 23, state_cnt: 28, edge_cnt: 27 }) ms=8.008
MASK rule=triggered_tags_group state=90 key=Some(RuleMaskKey { fsm_hash: 7092002379707587104, fsm_new_node_id: 10, state_cnt: 28, edge_cnt: 27 }) ms=8.026
MASK rule=triggered_tags_group state=93 key=Some(RuleMaskKey { fsm_hash: 7092002379707587104, fsm_new_node_id: 13, state_cnt: 28, edge_cnt: 27 }) ms=8.046
MASK rule=triggered_tags_group state=83 key=Some(RuleMaskKey { fsm_hash: 7092002379707587104, fsm_new_node_id: 3, state_cnt: 28, edge_cnt: 27 }) ms=8.012
MASK rule=triggered_tags_group state=87 key=Some(RuleMaskKey { fsm_hash: 7092002379707587104, fsm_new_node_id: 7, state_cnt: 28, edge_cnt: 27 }) ms=8.034
MASK rule=triggered_tags_group state=84 key=Some(RuleMaskKey { fsm_hash: 7092002379707587104, fsm_new_node_id: 4, state_cnt: 28, edge_cnt: 27 }) ms=8.054
MASK rule=triggered_tags_group state=94 key=Some(RuleMaskKey { fsm_hash: 7092002379707587104, fsm_new_node_id: 14, state_cnt: 28, edge_cnt: 27 }) ms=8.041
MASK rule=triggered_tags_group state=98 key=Some(RuleMaskKey { fsm_hash: 7092002379707587104, fsm_new_node_id: 18, state_cnt: 28, edge_cnt: 27 }) ms=8.060
MASK rule=triggered_tags_group state=99 key=Some(RuleMaskKey { fsm_hash: 7092002379707587104, fsm_new_node_id: 19, state_cnt: 28, edge_cnt: 27 }) ms=8.010
MASK rule=triggered_tags_group state=81 key=Some(RuleMaskKey { fsm_hash: 7092002379707587104, fsm_new_node_id: 2, state_cnt: 28, edge_cnt: 27 }) ms=8.045
MASK rule=triggered_tags_group state=104 key=Some(RuleMaskKey { fsm_hash: 7092002379707587104, fsm_new_node_id: 24, state_cnt: 28, edge_cnt: 27 }) ms=8.096
MASK rule=triggered_tags_group state=89 key=Some(RuleMaskKey { fsm_hash: 7092002379707587104, fsm_new_node_id: 9, state_cnt: 28, edge_cnt: 27 }) ms=8.070
MASK rule=triggered_tags_group state=96 key=Some(RuleMaskKey { fsm_hash: 7092002379707587104, fsm_new_node_id: 16, state_cnt: 28, edge_cnt: 27 }) ms=8.064
MASK rule=triggered_tags_group state=86 key=Some(RuleMaskKey { fsm_hash: 7092002379707587104, fsm_new_node_id: 6, state_cnt: 28, edge_cnt: 27 }) ms=8.068
MASK rule=triggered_tags_group state=82 key=Some(RuleMaskKey { fsm_hash: 7092002379707587104, fsm_new_node_id: 0, state_cnt: 28, edge_cnt: 27 }) ms=8.053
MASK rule=triggered_tags_group state=91 key=Some(RuleMaskKey { fsm_hash: 7092002379707587104, fsm_new_node_id: 11, state_cnt: 28, edge_cnt: 27 }) ms=8.046
MASK rule=triggered_tags_group state=100 key=Some(RuleMaskKey { fsm_hash: 7092002379707587104, fsm_new_node_id: 20, state_cnt: 28, edge_cnt: 27 }) ms=8.066
MASK rule=triggered_tags_group state=106 key=Some(RuleMaskKey { fsm_hash: 7092002379707587104, fsm_new_node_id: 26, state_cnt: 28, edge_cnt: 27 }) ms=8.065
MASK rule=triggered_tags_group state=102 key=Some(RuleMaskKey { fsm_hash: 7092002379707587104, fsm_new_node_id: 22, state_cnt: 28, edge_cnt: 27 }) ms=8.080
MASK rule=triggered_tags_group state=85 key=Some(RuleMaskKey { fsm_hash: 7092002379707587104, fsm_new_node_id: 5, state_cnt: 28, edge_cnt: 27 }) ms=8.055
MASK rule=param state=9 key=Some(RuleMaskKey { fsm_hash: 8184450389286060420, fsm_new_node_id: 2, state_cnt: 27, edge_cnt: 26 }) ms=8.061
MASK rule=paramname state=37 key=Some(RuleMaskKey { fsm_hash: 7830328557106836415, fsm_new_node_id: 6, state_cnt: 8, edge_cnt: 8 }) ms=8.065
MASK rule=paramname state=34 key=Some(RuleMaskKey { fsm_hash: 7830328557106836415, fsm_new_node_id: 5, state_cnt: 8, edge_cnt: 8 }) ms=8.024
MASK rule=param state=20 key=Some(RuleMaskKey { fsm_hash: 8184450389286060420, fsm_new_node_id: 17, state_cnt: 27, edge_cnt: 26 }) ms=8.005
MASK rule=nonempty_value state=46 key=Some(RuleMaskKey { fsm_hash: 4406071653514522693, fsm_new_node_id: 5, state_cnt: 17, edge_cnt: 78 }) ms=8.042
MASK rule=param state=22 key=Some(RuleMaskKey { fsm_hash: 8184450389286060420, fsm_new_node_id: 19, state_cnt: 27, edge_cnt: 26 }) ms=8.046
MASK rule=nonempty_value state=47 key=Some(RuleMaskKey { fsm_hash: 4406071653514522693, fsm_new_node_id: 4, state_cnt: 17, edge_cnt: 78 }) ms=8.113
MASK rule=nonempty_value state=49 key=Some(RuleMaskKey { fsm_hash: 4406071653514522693, fsm_new_node_id: 3, state_cnt: 17, edge_cnt: 78 }) ms=8.053
MASK rule=param state=28 key=Some(RuleMaskKey { fsm_hash: 8184450389286060420, fsm_new_node_id: 25, state_cnt: 27, edge_cnt: 26 }) ms=8.044
MASK rule=param state=23 key=Some(RuleMaskKey { fsm_hash: 8184450389286060420, fsm_new_node_id: 20, state_cnt: 27, edge_cnt: 26 }) ms=8.006
MASK rule=param state=7 key=Some(RuleMaskKey { fsm_hash: 8184450389286060420, fsm_new_node_id: 0, state_cnt: 27, edge_cnt: 26 }) ms=8.049
MASK rule=param state=8 key=Some(RuleMaskKey { fsm_hash: 8184450389286060420, fsm_new_node_id: 1, state_cnt: 27, edge_cnt: 26 }) ms=8.044
MASK rule=param state=13 key=Some(RuleMaskKey { fsm_hash: 8184450389286060420, fsm_new_node_id: 6, state_cnt: 27, edge_cnt: 26 }) ms=8.053
MASK rule=param state=12 key=Some(RuleMaskKey { fsm_hash: 8184450389286060420, fsm_new_node_id: 5, state_cnt: 27, edge_cnt: 26 }) ms=8.043
MASK rule=param state=16 key=Some(RuleMaskKey { fsm_hash: 8184450389286060420, fsm_new_node_id: 9, state_cnt: 27, edge_cnt: 26 }) ms=8.035
MASK rule=param state=21 key=Some(RuleMaskKey { fsm_hash: 8184450389286060420, fsm_new_node_id: 18, state_cnt: 27, edge_cnt: 26 }) ms=8.025
MASK rule=param state=15 key=Some(RuleMaskKey { fsm_hash: 8184450389286060420, fsm_new_node_id: 8, state_cnt: 27, edge_cnt: 26 }) ms=8.051
MASK rule=param state=27 key=Some(RuleMaskKey { fsm_hash: 8184450389286060420, fsm_new_node_id: 24, state_cnt: 27, edge_cnt: 26 }) ms=8.052
MASK rule=param state=19 key=Some(RuleMaskKey { fsm_hash: 8184450389286060420, fsm_new_node_id: 16, state_cnt: 27, edge_cnt: 26 }) ms=8.025
MASK rule=root_1 state=59 key=Some(RuleMaskKey { fsm_hash: 7297779061404888742, fsm_new_node_id: 0, state_cnt: 4, edge_cnt: 3 }) ms=8.048
MASK rule=param state=10 key=Some(RuleMaskKey { fsm_hash: 8184450389286060420, fsm_new_node_id: 3, state_cnt: 27, edge_cnt: 26 }) ms=8.044
MASK rule=param state=24 key=Some(RuleMaskKey { fsm_hash: 8184450389286060420, fsm_new_node_id: 21, state_cnt: 27, edge_cnt: 26 }) ms=8.050
MASK rule=param state=17 key=Some(RuleMaskKey { fsm_hash: 8184450389286060420, fsm_new_node_id: 10, state_cnt: 27, edge_cnt: 26 }) ms=8.025
MASK rule=rest_1 state=70 key=Some(RuleMaskKey { fsm_hash: 6635194092101876856, fsm_new_node_id: 4, state_cnt: 17, edge_cnt: 75 }) ms=8.072
MASK rule=param state=14 key=Some(RuleMaskKey { fsm_hash: 8184450389286060420, fsm_new_node_id: 7, state_cnt: 27, edge_cnt: 26 }) ms=8.034
MASK rule=param state=6 key=Some(RuleMaskKey { fsm_hash: 8184450389286060420, fsm_new_node_id: 14, state_cnt: 27, edge_cnt: 26 }) ms=8.074
MASK rule=param state=18 key=Some(RuleMaskKey { fsm_hash: 8184450389286060420, fsm_new_node_id: 15, state_cnt: 27, edge_cnt: 26 }) ms=8.061
MASK rule=param state=26 key=Some(RuleMaskKey { fsm_hash: 8184450389286060420, fsm_new_node_id: 23, state_cnt: 27, edge_cnt: 26 }) ms=8.042
MASK rule=param state=25 key=Some(RuleMaskKey { fsm_hash: 8184450389286060420, fsm_new_node_id: 22, state_cnt: 27, edge_cnt: 26 }) ms=8.023
MASK rule=paramname state=35 key=Some(RuleMaskKey { fsm_hash: 7830328557106836415, fsm_new_node_id: 2, state_cnt: 8, edge_cnt: 8 }) ms=8.046
MASK rule=paramname state=32 key=Some(RuleMaskKey { fsm_hash: 7830328557106836415, fsm_new_node_id: 1, state_cnt: 8, edge_cnt: 8 }) ms=8.052
MASK rule=paramname state=33 key=Some(RuleMaskKey { fsm_hash: 7830328557106836415, fsm_new_node_id: 3, state_cnt: 8, edge_cnt: 8 }) ms=8.005
MASK rule=rest_1 state=72 key=Some(RuleMaskKey { fsm_hash: 6635194092101876856, fsm_new_node_id: 3, state_cnt: 17, edge_cnt: 75 }) ms=8.036
MASK rule=rest_1 state=69 key=Some(RuleMaskKey { fsm_hash: 6635194092101876856, fsm_new_node_id: 5, state_cnt: 17, edge_cnt: 75 }) ms=8.034
MASK rule=paramname state=36 key=Some(RuleMaskKey { fsm_hash: 7830328557106836415, fsm_new_node_id: 4, state_cnt: 8, edge_cnt: 8 }) ms=8.027
BEGIN mode=true rep=1 threads=4
MASK rule=nonempty_value state=55 key=Some(RuleMaskKey { fsm_hash: 4406071653514522693, fsm_new_node_id: 0, state_cnt: 17, edge_cnt: 78 }) ms=168.299
MASK rule=nonempty_value state=41 key=Some(RuleMaskKey { fsm_hash: 4406071653514522693, fsm_new_node_id: 14, state_cnt: 17, edge_cnt: 78 }) ms=287.518
MASK rule=rest_1 state=63 key=Some(RuleMaskKey { fsm_hash: 6635194092101876856, fsm_new_node_id: 15, state_cnt: 17, edge_cnt: 75 }) ms=300.124
MASK rule=nonempty_value state=43 key=Some(RuleMaskKey { fsm_hash: 4406071653514522693, fsm_new_node_id: 12, state_cnt: 17, edge_cnt: 78 }) ms=301.278
MASK rule=nonempty_value state=53 key=Some(RuleMaskKey { fsm_hash: 4406071653514522693, fsm_new_node_id: 2, state_cnt: 17, edge_cnt: 78 }) ms=275.058
MASK rule=nonempty_value state=44 key=Some(RuleMaskKey { fsm_hash: 4406071653514522693, fsm_new_node_id: 11, state_cnt: 17, edge_cnt: 78 }) ms=276.155
MASK rule=nonempty_value state=45 key=Some(RuleMaskKey { fsm_hash: 4406071653514522693, fsm_new_node_id: 10, state_cnt: 17, edge_cnt: 78 }) ms=292.468
MASK rule=nonempty_value state=40 key=Some(RuleMaskKey { fsm_hash: 4406071653514522693, fsm_new_node_id: 15, state_cnt: 17, edge_cnt: 78 }) ms=297.503
MASK rule=nonempty_value state=48 key=Some(RuleMaskKey { fsm_hash: 4406071653514522693, fsm_new_node_id: 9, state_cnt: 17, edge_cnt: 78 }) ms=283.189
MASK rule=nonempty_value state=52 key=Some(RuleMaskKey { fsm_hash: 4406071653514522693, fsm_new_node_id: 7, state_cnt: 17, edge_cnt: 78 }) ms=281.513
MASK rule=nonempty_value state=42 key=Some(RuleMaskKey { fsm_hash: 4406071653514522693, fsm_new_node_id: 13, state_cnt: 17, edge_cnt: 78 }) ms=289.707
MASK rule=nonempty_value state=50 key=Some(RuleMaskKey { fsm_hash: 4406071653514522693, fsm_new_node_id: 8, state_cnt: 17, edge_cnt: 78 }) ms=297.651
MASK rule=rest_1 state=75 key=Some(RuleMaskKey { fsm_hash: 6635194092101876856, fsm_new_node_id: 7, state_cnt: 17, edge_cnt: 75 }) ms=283.640
MASK rule=rest_1 state=73 key=Some(RuleMaskKey { fsm_hash: 6635194092101876856, fsm_new_node_id: 8, state_cnt: 17, edge_cnt: 75 }) ms=283.133
MASK rule=rest_1 state=68 key=Some(RuleMaskKey { fsm_hash: 6635194092101876856, fsm_new_node_id: 10, state_cnt: 17, edge_cnt: 75 }) ms=285.179
MASK rule=rest_1 state=67 key=Some(RuleMaskKey { fsm_hash: 6635194092101876856, fsm_new_node_id: 11, state_cnt: 17, edge_cnt: 75 }) ms=293.781
MASK rule=rest_1 state=76 key=Some(RuleMaskKey { fsm_hash: 6635194092101876856, fsm_new_node_id: 2, state_cnt: 17, edge_cnt: 75 }) ms=283.547
MASK rule=rest_1 state=78 key=Some(RuleMaskKey { fsm_hash: 6635194092101876856, fsm_new_node_id: 0, state_cnt: 17, edge_cnt: 75 }) ms=142.724
MASK rule=rest_1 state=66 key=Some(RuleMaskKey { fsm_hash: 6635194092101876856, fsm_new_node_id: 12, state_cnt: 17, edge_cnt: 75 }) ms=282.080
MASK rule=triggered_tags state=123 key=Some(RuleMaskKey { fsm_hash: 12901671387181676729, fsm_new_node_id: 15, state_cnt: 35, edge_cnt: 166 }) ms=9.896
MASK rule=triggered_tags state=134 key=Some(RuleMaskKey { fsm_hash: 12901671387181676729, fsm_new_node_id: 26, state_cnt: 35, edge_cnt: 166 }) ms=9.505
MASK rule=rest_1 state=64 key=Some(RuleMaskKey { fsm_hash: 6635194092101876856, fsm_new_node_id: 14, state_cnt: 17, edge_cnt: 75 }) ms=290.711
MASK rule=rest_1 state=71 key=Some(RuleMaskKey { fsm_hash: 6635194092101876856, fsm_new_node_id: 9, state_cnt: 17, edge_cnt: 75 }) ms=272.563
MASK rule=triggered_tags state=119 key=Some(RuleMaskKey { fsm_hash: 12901671387181676729, fsm_new_node_id: 11, state_cnt: 35, edge_cnt: 166 }) ms=9.633
MASK rule=triggered_tags state=133 key=Some(RuleMaskKey { fsm_hash: 12901671387181676729, fsm_new_node_id: 25, state_cnt: 35, edge_cnt: 166 }) ms=13.481
MASK rule=rest_1 state=65 key=Some(RuleMaskKey { fsm_hash: 6635194092101876856, fsm_new_node_id: 13, state_cnt: 17, edge_cnt: 75 }) ms=282.961
MASK rule=triggered_tags state=121 key=Some(RuleMaskKey { fsm_hash: 12901671387181676729, fsm_new_node_id: 13, state_cnt: 35, edge_cnt: 166 }) ms=9.718
MASK rule=triggered_tags state=113 key=Some(RuleMaskKey { fsm_hash: 12901671387181676729, fsm_new_node_id: 5, state_cnt: 35, edge_cnt: 166 }) ms=13.142
MASK rule=triggered_tags state=111 key=Some(RuleMaskKey { fsm_hash: 12901671387181676729, fsm_new_node_id: 3, state_cnt: 35, edge_cnt: 166 }) ms=10.488
MASK rule=triggered_tags state=128 key=Some(RuleMaskKey { fsm_hash: 12901671387181676729, fsm_new_node_id: 20, state_cnt: 35, edge_cnt: 166 }) ms=9.345
MASK rule=triggered_tags state=115 key=Some(RuleMaskKey { fsm_hash: 12901671387181676729, fsm_new_node_id: 7, state_cnt: 35, edge_cnt: 166 }) ms=11.543
MASK rule=triggered_tags state=118 key=Some(RuleMaskKey { fsm_hash: 12901671387181676729, fsm_new_node_id: 10, state_cnt: 35, edge_cnt: 166 }) ms=9.075
MASK rule=triggered_tags state=126 key=Some(RuleMaskKey { fsm_hash: 12901671387181676729, fsm_new_node_id: 18, state_cnt: 35, edge_cnt: 166 }) ms=11.272
MASK rule=triggered_tags state=114 key=Some(RuleMaskKey { fsm_hash: 12901671387181676729, fsm_new_node_id: 6, state_cnt: 35, edge_cnt: 166 }) ms=9.779
MASK rule=triggered_tags state=125 key=Some(RuleMaskKey { fsm_hash: 12901671387181676729, fsm_new_node_id: 17, state_cnt: 35, edge_cnt: 166 }) ms=9.956
MASK rule=triggered_tags state=131 key=Some(RuleMaskKey { fsm_hash: 12901671387181676729, fsm_new_node_id: 23, state_cnt: 35, edge_cnt: 166 }) ms=10.501
MASK rule=triggered_tags state=132 key=Some(RuleMaskKey { fsm_hash: 12901671387181676729, fsm_new_node_id: 24, state_cnt: 35, edge_cnt: 166 }) ms=9.861
MASK rule=triggered_tags state=138 key=Some(RuleMaskKey { fsm_hash: 12901671387181676729, fsm_new_node_id: 30, state_cnt: 35, edge_cnt: 166 }) ms=9.279
MASK rule=rest_1 state=79 key=Some(RuleMaskKey { fsm_hash: 6635194092101876856, fsm_new_node_id: 16, state_cnt: 17, edge_cnt: 75 }) ms=229.656
MASK rule=triggered_tags state=140 key=Some(RuleMaskKey { fsm_hash: 12901671387181676729, fsm_new_node_id: 32, state_cnt: 35, edge_cnt: 166 }) ms=9.540
MASK rule=triggered_tags state=130 key=Some(RuleMaskKey { fsm_hash: 12901671387181676729, fsm_new_node_id: 22, state_cnt: 35, edge_cnt: 166 }) ms=8.967
MASK rule=triggered_tags state=124 key=Some(RuleMaskKey { fsm_hash: 12901671387181676729, fsm_new_node_id: 16, state_cnt: 35, edge_cnt: 166 }) ms=9.812
MASK rule=triggered_tags state=135 key=Some(RuleMaskKey { fsm_hash: 12901671387181676729, fsm_new_node_id: 27, state_cnt: 35, edge_cnt: 166 }) ms=10.253
MASK rule=triggered_tags state=109 key=Some(RuleMaskKey { fsm_hash: 12901671387181676729, fsm_new_node_id: 1, state_cnt: 35, edge_cnt: 166 }) ms=9.199
MASK rule=nonempty_value state=56 key=Some(RuleMaskKey { fsm_hash: 4406071653514522693, fsm_new_node_id: 16, state_cnt: 17, edge_cnt: 78 }) ms=194.656
MASK rule=triggered_tags state=116 key=Some(RuleMaskKey { fsm_hash: 12901671387181676729, fsm_new_node_id: 8, state_cnt: 35, edge_cnt: 166 }) ms=9.467
MASK rule=triggered_tags state=137 key=Some(RuleMaskKey { fsm_hash: 12901671387181676729, fsm_new_node_id: 29, state_cnt: 35, edge_cnt: 166 }) ms=9.432
MASK rule=triggered_tags state=139 key=Some(RuleMaskKey { fsm_hash: 12901671387181676729, fsm_new_node_id: 31, state_cnt: 35, edge_cnt: 166 }) ms=10.087
MASK rule=triggered_tags state=141 key=Some(RuleMaskKey { fsm_hash: 12901671387181676729, fsm_new_node_id: 33, state_cnt: 35, edge_cnt: 166 }) ms=9.329
MASK rule=triggered_tags state=136 key=Some(RuleMaskKey { fsm_hash: 12901671387181676729, fsm_new_node_id: 28, state_cnt: 35, edge_cnt: 166 }) ms=9.863
MASK rule=triggered_tags state=110 key=Some(RuleMaskKey { fsm_hash: 12901671387181676729, fsm_new_node_id: 2, state_cnt: 35, edge_cnt: 166 }) ms=9.602
MASK rule=triggered_tags state=122 key=Some(RuleMaskKey { fsm_hash: 12901671387181676729, fsm_new_node_id: 14, state_cnt: 35, edge_cnt: 166 }) ms=9.772
MASK rule=triggered_tags state=127 key=Some(RuleMaskKey { fsm_hash: 12901671387181676729, fsm_new_node_id: 19, state_cnt: 35, edge_cnt: 166 }) ms=9.499
MASK rule=triggered_tags state=112 key=Some(RuleMaskKey { fsm_hash: 12901671387181676729, fsm_new_node_id: 4, state_cnt: 35, edge_cnt: 166 }) ms=9.409
MASK rule=triggered_tags state=117 key=Some(RuleMaskKey { fsm_hash: 12901671387181676729, fsm_new_node_id: 9, state_cnt: 35, edge_cnt: 166 }) ms=9.536
MASK rule=triggered_tags state=129 key=Some(RuleMaskKey { fsm_hash: 12901671387181676729, fsm_new_node_id: 21, state_cnt: 35, edge_cnt: 166 }) ms=9.418
MASK rule=triggered_tags state=108 key=Some(RuleMaskKey { fsm_hash: 12901671387181676729, fsm_new_node_id: 0, state_cnt: 35, edge_cnt: 166 }) ms=9.315
MASK rule=triggered_tags state=120 key=Some(RuleMaskKey { fsm_hash: 12901671387181676729, fsm_new_node_id: 12, state_cnt: 35, edge_cnt: 166 }) ms=9.357
MASK rule=paramname state=31 key=Some(RuleMaskKey { fsm_hash: 7830328557106836415, fsm_new_node_id: 0, state_cnt: 8, edge_cnt: 8 }) ms=8.655
MASK rule=triggered_tags_group state=90 key=Some(RuleMaskKey { fsm_hash: 7092002379707587104, fsm_new_node_id: 10, state_cnt: 28, edge_cnt: 27 }) ms=8.692
MASK rule=param state=13 key=Some(RuleMaskKey { fsm_hash: 8184450389286060420, fsm_new_node_id: 6, state_cnt: 27, edge_cnt: 26 }) ms=8.697
MASK rule=triggered_tags_group state=93 key=Some(RuleMaskKey { fsm_hash: 7092002379707587104, fsm_new_node_id: 13, state_cnt: 28, edge_cnt: 27 }) ms=8.621
MASK rule=triggered_tags_group state=98 key=Some(RuleMaskKey { fsm_hash: 7092002379707587104, fsm_new_node_id: 18, state_cnt: 28, edge_cnt: 27 }) ms=8.634
MASK rule=value state=38 key=Some(RuleMaskKey { fsm_hash: 2828431779938103121, fsm_new_node_id: 0, state_cnt: 2, edge_cnt: 5 }) ms=35.717
MASK rule=triggered_tags_group state=82 key=Some(RuleMaskKey { fsm_hash: 7092002379707587104, fsm_new_node_id: 0, state_cnt: 28, edge_cnt: 27 }) ms=8.746
MASK rule=triggered_tags_group state=86 key=Some(RuleMaskKey { fsm_hash: 7092002379707587104, fsm_new_node_id: 6, state_cnt: 28, edge_cnt: 27 }) ms=8.662
MASK rule=param state=8 key=Some(RuleMaskKey { fsm_hash: 8184450389286060420, fsm_new_node_id: 1, state_cnt: 27, edge_cnt: 26 }) ms=8.711
MASK rule=triggered_tags_group state=88 key=Some(RuleMaskKey { fsm_hash: 7092002379707587104, fsm_new_node_id: 8, state_cnt: 28, edge_cnt: 27 }) ms=8.876
MASK rule=triggered_tags_group state=94 key=Some(RuleMaskKey { fsm_hash: 7092002379707587104, fsm_new_node_id: 14, state_cnt: 28, edge_cnt: 27 }) ms=8.741
MASK rule=triggered_tags_group state=85 key=Some(RuleMaskKey { fsm_hash: 7092002379707587104, fsm_new_node_id: 5, state_cnt: 28, edge_cnt: 27 }) ms=8.651
MASK rule=triggered_tags_group state=96 key=Some(RuleMaskKey { fsm_hash: 7092002379707587104, fsm_new_node_id: 16, state_cnt: 28, edge_cnt: 27 }) ms=8.716
MASK rule=triggered_tags_group state=84 key=Some(RuleMaskKey { fsm_hash: 7092002379707587104, fsm_new_node_id: 4, state_cnt: 28, edge_cnt: 27 }) ms=8.780
MASK rule=triggered_tags_group state=87 key=Some(RuleMaskKey { fsm_hash: 7092002379707587104, fsm_new_node_id: 7, state_cnt: 28, edge_cnt: 27 }) ms=8.793
MASK rule=triggered_tags_group state=95 key=Some(RuleMaskKey { fsm_hash: 7092002379707587104, fsm_new_node_id: 15, state_cnt: 28, edge_cnt: 27 }) ms=8.668
MASK rule=triggered_tags_group state=99 key=Some(RuleMaskKey { fsm_hash: 7092002379707587104, fsm_new_node_id: 19, state_cnt: 28, edge_cnt: 27 }) ms=8.731
MASK rule=triggered_tags_group state=100 key=Some(RuleMaskKey { fsm_hash: 7092002379707587104, fsm_new_node_id: 20, state_cnt: 28, edge_cnt: 27 }) ms=8.828
MASK rule=triggered_tags_group state=101 key=Some(RuleMaskKey { fsm_hash: 7092002379707587104, fsm_new_node_id: 21, state_cnt: 28, edge_cnt: 27 }) ms=8.793
MASK rule=triggered_tags_group state=102 key=Some(RuleMaskKey { fsm_hash: 7092002379707587104, fsm_new_node_id: 22, state_cnt: 28, edge_cnt: 27 }) ms=8.673
MASK rule=triggered_tags_group state=89 key=Some(RuleMaskKey { fsm_hash: 7092002379707587104, fsm_new_node_id: 9, state_cnt: 28, edge_cnt: 27 }) ms=8.687
MASK rule=triggered_tags_group state=103 key=Some(RuleMaskKey { fsm_hash: 7092002379707587104, fsm_new_node_id: 23, state_cnt: 28, edge_cnt: 27 }) ms=8.843
MASK rule=triggered_tags_group state=104 key=Some(RuleMaskKey { fsm_hash: 7092002379707587104, fsm_new_node_id: 24, state_cnt: 28, edge_cnt: 27 }) ms=8.758
MASK rule=triggered_tags_group state=105 key=Some(RuleMaskKey { fsm_hash: 7092002379707587104, fsm_new_node_id: 25, state_cnt: 28, edge_cnt: 27 }) ms=8.678
MASK rule=triggered_tags_group state=97 key=Some(RuleMaskKey { fsm_hash: 7092002379707587104, fsm_new_node_id: 17, state_cnt: 28, edge_cnt: 27 }) ms=8.714
MASK rule=triggered_tags_group state=83 key=Some(RuleMaskKey { fsm_hash: 7092002379707587104, fsm_new_node_id: 3, state_cnt: 28, edge_cnt: 27 }) ms=8.783
MASK rule=triggered_tags_group state=106 key=Some(RuleMaskKey { fsm_hash: 7092002379707587104, fsm_new_node_id: 26, state_cnt: 28, edge_cnt: 27 }) ms=8.820
MASK rule=triggered_tags_group state=81 key=Some(RuleMaskKey { fsm_hash: 7092002379707587104, fsm_new_node_id: 2, state_cnt: 28, edge_cnt: 27 }) ms=8.668
MASK rule=triggered_tags_group state=92 key=Some(RuleMaskKey { fsm_hash: 7092002379707587104, fsm_new_node_id: 12, state_cnt: 28, edge_cnt: 27 }) ms=8.746
MASK rule=triggered_tags_group state=91 key=Some(RuleMaskKey { fsm_hash: 7092002379707587104, fsm_new_node_id: 11, state_cnt: 28, edge_cnt: 27 }) ms=8.786
MASK rule=param state=18 key=Some(RuleMaskKey { fsm_hash: 8184450389286060420, fsm_new_node_id: 15, state_cnt: 27, edge_cnt: 26 }) ms=8.944
MASK rule=paramname state=32 key=Some(RuleMaskKey { fsm_hash: 7830328557106836415, fsm_new_node_id: 1, state_cnt: 8, edge_cnt: 8 }) ms=8.708
MASK rule=paramname state=37 key=Some(RuleMaskKey { fsm_hash: 7830328557106836415, fsm_new_node_id: 6, state_cnt: 8, edge_cnt: 8 }) ms=8.766
MASK rule=param state=19 key=Some(RuleMaskKey { fsm_hash: 8184450389286060420, fsm_new_node_id: 16, state_cnt: 27, edge_cnt: 26 }) ms=8.759
MASK rule=nonempty_value state=47 key=Some(RuleMaskKey { fsm_hash: 4406071653514522693, fsm_new_node_id: 4, state_cnt: 17, edge_cnt: 78 }) ms=8.880
MASK rule=param state=20 key=Some(RuleMaskKey { fsm_hash: 8184450389286060420, fsm_new_node_id: 17, state_cnt: 27, edge_cnt: 26 }) ms=8.646
MASK rule=param state=23 key=Some(RuleMaskKey { fsm_hash: 8184450389286060420, fsm_new_node_id: 20, state_cnt: 27, edge_cnt: 26 }) ms=8.682
MASK rule=param state=21 key=Some(RuleMaskKey { fsm_hash: 8184450389286060420, fsm_new_node_id: 18, state_cnt: 27, edge_cnt: 26 }) ms=8.745
MASK rule=param state=24 key=Some(RuleMaskKey { fsm_hash: 8184450389286060420, fsm_new_node_id: 21, state_cnt: 27, edge_cnt: 26 }) ms=8.833
MASK rule=param state=25 key=Some(RuleMaskKey { fsm_hash: 8184450389286060420, fsm_new_node_id: 22, state_cnt: 27, edge_cnt: 26 }) ms=8.729
MASK rule=param state=17 key=Some(RuleMaskKey { fsm_hash: 8184450389286060420, fsm_new_node_id: 10, state_cnt: 27, edge_cnt: 26 }) ms=8.753
MASK rule=param state=28 key=Some(RuleMaskKey { fsm_hash: 8184450389286060420, fsm_new_node_id: 25, state_cnt: 27, edge_cnt: 26 }) ms=8.717
MASK rule=param state=26 key=Some(RuleMaskKey { fsm_hash: 8184450389286060420, fsm_new_node_id: 23, state_cnt: 27, edge_cnt: 26 }) ms=8.792
MASK rule=nonempty_value state=46 key=Some(RuleMaskKey { fsm_hash: 4406071653514522693, fsm_new_node_id: 5, state_cnt: 17, edge_cnt: 78 }) ms=8.725
MASK rule=param state=4 key=Some(RuleMaskKey { fsm_hash: 8184450389286060420, fsm_new_node_id: 12, state_cnt: 27, edge_cnt: 26 }) ms=8.904
MASK rule=param state=6 key=Some(RuleMaskKey { fsm_hash: 8184450389286060420, fsm_new_node_id: 14, state_cnt: 27, edge_cnt: 26 }) ms=8.756
MASK rule=param state=16 key=Some(RuleMaskKey { fsm_hash: 8184450389286060420, fsm_new_node_id: 9, state_cnt: 27, edge_cnt: 26 }) ms=8.858
MASK rule=nonempty_value state=49 key=Some(RuleMaskKey { fsm_hash: 4406071653514522693, fsm_new_node_id: 3, state_cnt: 17, edge_cnt: 78 }) ms=8.715
MASK rule=param state=11 key=Some(RuleMaskKey { fsm_hash: 8184450389286060420, fsm_new_node_id: 4, state_cnt: 27, edge_cnt: 26 }) ms=8.749
MASK rule=root_1 state=59 key=Some(RuleMaskKey { fsm_hash: 7297779061404888742, fsm_new_node_id: 0, state_cnt: 4, edge_cnt: 3 }) ms=8.767
MASK rule=param state=9 key=Some(RuleMaskKey { fsm_hash: 8184450389286060420, fsm_new_node_id: 2, state_cnt: 27, edge_cnt: 26 }) ms=8.690
MASK rule=rest_1 state=72 key=Some(RuleMaskKey { fsm_hash: 6635194092101876856, fsm_new_node_id: 3, state_cnt: 17, edge_cnt: 75 }) ms=8.874
MASK rule=param state=12 key=Some(RuleMaskKey { fsm_hash: 8184450389286060420, fsm_new_node_id: 5, state_cnt: 27, edge_cnt: 26 }) ms=8.757
MASK rule=param state=14 key=Some(RuleMaskKey { fsm_hash: 8184450389286060420, fsm_new_node_id: 7, state_cnt: 27, edge_cnt: 26 }) ms=8.766
MASK rule=param state=7 key=Some(RuleMaskKey { fsm_hash: 8184450389286060420, fsm_new_node_id: 0, state_cnt: 27, edge_cnt: 26 }) ms=8.730
MASK rule=param state=15 key=Some(RuleMaskKey { fsm_hash: 8184450389286060420, fsm_new_node_id: 8, state_cnt: 27, edge_cnt: 26 }) ms=8.816
MASK rule=rest_1 state=69 key=Some(RuleMaskKey { fsm_hash: 6635194092101876856, fsm_new_node_id: 5, state_cnt: 17, edge_cnt: 75 }) ms=8.849
MASK rule=param state=10 key=Some(RuleMaskKey { fsm_hash: 8184450389286060420, fsm_new_node_id: 3, state_cnt: 27, edge_cnt: 26 }) ms=8.723
MASK rule=rest_1 state=70 key=Some(RuleMaskKey { fsm_hash: 6635194092101876856, fsm_new_node_id: 4, state_cnt: 17, edge_cnt: 75 }) ms=8.751
MASK rule=param state=27 key=Some(RuleMaskKey { fsm_hash: 8184450389286060420, fsm_new_node_id: 24, state_cnt: 27, edge_cnt: 26 }) ms=8.758
MASK rule=param state=22 key=Some(RuleMaskKey { fsm_hash: 8184450389286060420, fsm_new_node_id: 19, state_cnt: 27, edge_cnt: 26 }) ms=8.714
MASK rule=paramname state=35 key=Some(RuleMaskKey { fsm_hash: 7830328557106836415, fsm_new_node_id: 2, state_cnt: 8, edge_cnt: 8 }) ms=8.796
MASK rule=paramname state=36 key=Some(RuleMaskKey { fsm_hash: 7830328557106836415, fsm_new_node_id: 4, state_cnt: 8, edge_cnt: 8 }) ms=8.710
MASK rule=paramname state=33 key=Some(RuleMaskKey { fsm_hash: 7830328557106836415, fsm_new_node_id: 3, state_cnt: 8, edge_cnt: 8 }) ms=8.820
MASK rule=paramname state=34 key=Some(RuleMaskKey { fsm_hash: 7830328557106836415, fsm_new_node_id: 5, state_cnt: 8, edge_cnt: 8 }) ms=8.675
END mode=true rep=1
BEGIN mode=false rep=0 threads=1
MASK rule=nonempty_value state=55 key=Some(RuleMaskKey { fsm_hash: 4406071653514522693, fsm_new_node_id: 0, state_cnt: 17, edge_cnt: 78 }) ms=43.172
MASK rule=nonempty_value state=43 key=Some(RuleMaskKey { fsm_hash: 4406071653514522693, fsm_new_node_id: 12, state_cnt: 17, edge_cnt: 78 }) ms=69.090
MASK rule=nonempty_value state=53 key=Some(RuleMaskKey { fsm_hash: 4406071653514522693, fsm_new_node_id: 2, state_cnt: 17, edge_cnt: 78 }) ms=69.009
MASK rule=nonempty_value state=45 key=Some(RuleMaskKey { fsm_hash: 4406071653514522693, fsm_new_node_id: 10, state_cnt: 17, edge_cnt: 78 }) ms=69.387
MASK rule=nonempty_value state=48 key=Some(RuleMaskKey { fsm_hash: 4406071653514522693, fsm_new_node_id: 9, state_cnt: 17, edge_cnt: 78 }) ms=68.723
MASK rule=nonempty_value state=52 key=Some(RuleMaskKey { fsm_hash: 4406071653514522693, fsm_new_node_id: 7, state_cnt: 17, edge_cnt: 78 }) ms=69.016
MASK rule=nonempty_value state=44 key=Some(RuleMaskKey { fsm_hash: 4406071653514522693, fsm_new_node_id: 11, state_cnt: 17, edge_cnt: 78 }) ms=68.765
MASK rule=nonempty_value state=41 key=Some(RuleMaskKey { fsm_hash: 4406071653514522693, fsm_new_node_id: 14, state_cnt: 17, edge_cnt: 78 }) ms=68.789
MASK rule=nonempty_value state=50 key=Some(RuleMaskKey { fsm_hash: 4406071653514522693, fsm_new_node_id: 8, state_cnt: 17, edge_cnt: 78 }) ms=68.695
MASK rule=nonempty_value state=40 key=Some(RuleMaskKey { fsm_hash: 4406071653514522693, fsm_new_node_id: 15, state_cnt: 17, edge_cnt: 78 }) ms=68.683
MASK rule=nonempty_value state=42 key=Some(RuleMaskKey { fsm_hash: 4406071653514522693, fsm_new_node_id: 13, state_cnt: 17, edge_cnt: 78 }) ms=68.504
MASK rule=rest_1 state=65 key=Some(RuleMaskKey { fsm_hash: 6635194092101876856, fsm_new_node_id: 13, state_cnt: 17, edge_cnt: 75 }) ms=68.121
MASK rule=rest_1 state=66 key=Some(RuleMaskKey { fsm_hash: 6635194092101876856, fsm_new_node_id: 12, state_cnt: 17, edge_cnt: 75 }) ms=68.258
MASK rule=rest_1 state=68 key=Some(RuleMaskKey { fsm_hash: 6635194092101876856, fsm_new_node_id: 10, state_cnt: 17, edge_cnt: 75 }) ms=68.315
MASK rule=rest_1 state=71 key=Some(RuleMaskKey { fsm_hash: 6635194092101876856, fsm_new_node_id: 9, state_cnt: 17, edge_cnt: 75 }) ms=68.419
MASK rule=rest_1 state=78 key=Some(RuleMaskKey { fsm_hash: 6635194092101876856, fsm_new_node_id: 0, state_cnt: 17, edge_cnt: 75 }) ms=38.392
MASK rule=rest_1 state=64 key=Some(RuleMaskKey { fsm_hash: 6635194092101876856, fsm_new_node_id: 14, state_cnt: 17, edge_cnt: 75 }) ms=68.429
MASK rule=rest_1 state=63 key=Some(RuleMaskKey { fsm_hash: 6635194092101876856, fsm_new_node_id: 15, state_cnt: 17, edge_cnt: 75 }) ms=68.373
MASK rule=rest_1 state=73 key=Some(RuleMaskKey { fsm_hash: 6635194092101876856, fsm_new_node_id: 8, state_cnt: 17, edge_cnt: 75 }) ms=68.900
MASK rule=rest_1 state=67 key=Some(RuleMaskKey { fsm_hash: 6635194092101876856, fsm_new_node_id: 11, state_cnt: 17, edge_cnt: 75 }) ms=68.204
MASK rule=rest_1 state=76 key=Some(RuleMaskKey { fsm_hash: 6635194092101876856, fsm_new_node_id: 2, state_cnt: 17, edge_cnt: 75 }) ms=68.296
MASK rule=rest_1 state=75 key=Some(RuleMaskKey { fsm_hash: 6635194092101876856, fsm_new_node_id: 7, state_cnt: 17, edge_cnt: 75 }) ms=68.321
MASK rule=rest_1 state=79 key=Some(RuleMaskKey { fsm_hash: 6635194092101876856, fsm_new_node_id: 16, state_cnt: 17, edge_cnt: 75 }) ms=68.340
MASK rule=nonempty_value state=56 key=Some(RuleMaskKey { fsm_hash: 4406071653514522693, fsm_new_node_id: 16, state_cnt: 17, edge_cnt: 78 }) ms=68.730
MASK rule=value state=38 key=Some(RuleMaskKey { fsm_hash: 2828431779938103121, fsm_new_node_id: 0, state_cnt: 2, edge_cnt: 5 }) ms=34.457
MASK rule=paramname state=31 key=Some(RuleMaskKey { fsm_hash: 7830328557106836415, fsm_new_node_id: 0, state_cnt: 8, edge_cnt: 8 }) ms=8.060
MASK rule=triggered_tags state=90 key=Some(RuleMaskKey { fsm_hash: 8523436649928495018, fsm_new_node_id: 8, state_cnt: 62, edge_cnt: 61 }) ms=7.996
MASK rule=paramname state=37 key=Some(RuleMaskKey { fsm_hash: 7830328557106836415, fsm_new_node_id: 6, state_cnt: 8, edge_cnt: 8 }) ms=7.992
MASK rule=paramname state=32 key=Some(RuleMaskKey { fsm_hash: 7830328557106836415, fsm_new_node_id: 1, state_cnt: 8, edge_cnt: 8 }) ms=7.976
MASK rule=paramname state=34 key=Some(RuleMaskKey { fsm_hash: 7830328557106836415, fsm_new_node_id: 5, state_cnt: 8, edge_cnt: 8 }) ms=7.990
MASK rule=param state=20 key=Some(RuleMaskKey { fsm_hash: 8184450389286060420, fsm_new_node_id: 17, state_cnt: 27, edge_cnt: 26 }) ms=8.016
MASK rule=param state=21 key=Some(RuleMaskKey { fsm_hash: 8184450389286060420, fsm_new_node_id: 18, state_cnt: 27, edge_cnt: 26 }) ms=7.978
MASK rule=nonempty_value state=46 key=Some(RuleMaskKey { fsm_hash: 4406071653514522693, fsm_new_node_id: 5, state_cnt: 17, edge_cnt: 78 }) ms=8.009
MASK rule=param state=27 key=Some(RuleMaskKey { fsm_hash: 8184450389286060420, fsm_new_node_id: 24, state_cnt: 27, edge_cnt: 26 }) ms=7.987
MASK rule=param state=15 key=Some(RuleMaskKey { fsm_hash: 8184450389286060420, fsm_new_node_id: 8, state_cnt: 27, edge_cnt: 26 }) ms=7.962
MASK rule=param state=10 key=Some(RuleMaskKey { fsm_hash: 8184450389286060420, fsm_new_node_id: 3, state_cnt: 27, edge_cnt: 26 }) ms=8.000
MASK rule=param state=17 key=Some(RuleMaskKey { fsm_hash: 8184450389286060420, fsm_new_node_id: 10, state_cnt: 27, edge_cnt: 26 }) ms=7.939
MASK rule=nonempty_value state=49 key=Some(RuleMaskKey { fsm_hash: 4406071653514522693, fsm_new_node_id: 3, state_cnt: 17, edge_cnt: 78 }) ms=8.017
MASK rule=param state=11 key=Some(RuleMaskKey { fsm_hash: 8184450389286060420, fsm_new_node_id: 4, state_cnt: 27, edge_cnt: 26 }) ms=7.964
MASK rule=param state=14 key=Some(RuleMaskKey { fsm_hash: 8184450389286060420, fsm_new_node_id: 7, state_cnt: 27, edge_cnt: 26 }) ms=7.933
MASK rule=param state=13 key=Some(RuleMaskKey { fsm_hash: 8184450389286060420, fsm_new_node_id: 6, state_cnt: 27, edge_cnt: 26 }) ms=7.967
MASK rule=param state=9 key=Some(RuleMaskKey { fsm_hash: 8184450389286060420, fsm_new_node_id: 2, state_cnt: 27, edge_cnt: 26 }) ms=8.024
MASK rule=nonempty_value state=47 key=Some(RuleMaskKey { fsm_hash: 4406071653514522693, fsm_new_node_id: 4, state_cnt: 17, edge_cnt: 78 }) ms=8.001
MASK rule=param state=4 key=Some(RuleMaskKey { fsm_hash: 8184450389286060420, fsm_new_node_id: 12, state_cnt: 27, edge_cnt: 26 }) ms=8.088
MASK rule=param state=8 key=Some(RuleMaskKey { fsm_hash: 8184450389286060420, fsm_new_node_id: 1, state_cnt: 27, edge_cnt: 26 }) ms=7.972
MASK rule=param state=6 key=Some(RuleMaskKey { fsm_hash: 8184450389286060420, fsm_new_node_id: 14, state_cnt: 27, edge_cnt: 26 }) ms=7.969
MASK rule=root_1 state=59 key=Some(RuleMaskKey { fsm_hash: 7297779061404888742, fsm_new_node_id: 0, state_cnt: 4, edge_cnt: 3 }) ms=7.957
MASK rule=param state=19 key=Some(RuleMaskKey { fsm_hash: 8184450389286060420, fsm_new_node_id: 16, state_cnt: 27, edge_cnt: 26 }) ms=7.955
MASK rule=param state=22 key=Some(RuleMaskKey { fsm_hash: 8184450389286060420, fsm_new_node_id: 19, state_cnt: 27, edge_cnt: 26 }) ms=7.977
MASK rule=param state=24 key=Some(RuleMaskKey { fsm_hash: 8184450389286060420, fsm_new_node_id: 21, state_cnt: 27, edge_cnt: 26 }) ms=8.026
MASK rule=rest_1 state=72 key=Some(RuleMaskKey { fsm_hash: 6635194092101876856, fsm_new_node_id: 3, state_cnt: 17, edge_cnt: 75 }) ms=8.021
MASK rule=param state=25 key=Some(RuleMaskKey { fsm_hash: 8184450389286060420, fsm_new_node_id: 22, state_cnt: 27, edge_cnt: 26 }) ms=7.993
MASK rule=param state=28 key=Some(RuleMaskKey { fsm_hash: 8184450389286060420, fsm_new_node_id: 25, state_cnt: 27, edge_cnt: 26 }) ms=7.969
MASK rule=param state=12 key=Some(RuleMaskKey { fsm_hash: 8184450389286060420, fsm_new_node_id: 5, state_cnt: 27, edge_cnt: 26 }) ms=8.008
MASK rule=param state=16 key=Some(RuleMaskKey { fsm_hash: 8184450389286060420, fsm_new_node_id: 9, state_cnt: 27, edge_cnt: 26 }) ms=8.004
MASK rule=rest_1 state=69 key=Some(RuleMaskKey { fsm_hash: 6635194092101876856, fsm_new_node_id: 5, state_cnt: 17, edge_cnt: 75 }) ms=7.978
MASK rule=param state=7 key=Some(RuleMaskKey { fsm_hash: 8184450389286060420, fsm_new_node_id: 0, state_cnt: 27, edge_cnt: 26 }) ms=7.999
MASK rule=rest_1 state=70 key=Some(RuleMaskKey { fsm_hash: 6635194092101876856, fsm_new_node_id: 4, state_cnt: 17, edge_cnt: 75 }) ms=7.988
MASK rule=param state=26 key=Some(RuleMaskKey { fsm_hash: 8184450389286060420, fsm_new_node_id: 23, state_cnt: 27, edge_cnt: 26 }) ms=8.021
MASK rule=paramname state=33 key=Some(RuleMaskKey { fsm_hash: 7830328557106836415, fsm_new_node_id: 3, state_cnt: 8, edge_cnt: 8 }) ms=7.967
MASK rule=paramname state=35 key=Some(RuleMaskKey { fsm_hash: 7830328557106836415, fsm_new_node_id: 2, state_cnt: 8, edge_cnt: 8 }) ms=8.003
MASK rule=paramname state=36 key=Some(RuleMaskKey { fsm_hash: 7830328557106836415, fsm_new_node_id: 4, state_cnt: 8, edge_cnt: 8 }) ms=7.959
MASK rule=triggered_tags state=82 key=Some(RuleMaskKey { fsm_hash: 8523436649928495018, fsm_new_node_id: 0, state_cnt: 62, edge_cnt: 61 }) ms=7.986
MASK rule=triggered_tags state=93 key=Some(RuleMaskKey { fsm_hash: 8523436649928495018, fsm_new_node_id: 11, state_cnt: 62, edge_cnt: 61 }) ms=7.974
MASK rule=triggered_tags state=136 key=Some(RuleMaskKey { fsm_hash: 8523436649928495018, fsm_new_node_id: 56, state_cnt: 62, edge_cnt: 61 }) ms=8.002
MASK rule=triggered_tags state=89 key=Some(RuleMaskKey { fsm_hash: 8523436649928495018, fsm_new_node_id: 7, state_cnt: 62, edge_cnt: 61 }) ms=8.010
MASK rule=param state=23 key=Some(RuleMaskKey { fsm_hash: 8184450389286060420, fsm_new_node_id: 20, state_cnt: 27, edge_cnt: 26 }) ms=8.000
MASK rule=triggered_tags state=138 key=Some(RuleMaskKey { fsm_hash: 8523436649928495018, fsm_new_node_id: 58, state_cnt: 62, edge_cnt: 61 }) ms=7.975
MASK rule=triggered_tags state=139 key=Some(RuleMaskKey { fsm_hash: 8523436649928495018, fsm_new_node_id: 59, state_cnt: 62, edge_cnt: 61 }) ms=7.946
MASK rule=triggered_tags state=106 key=Some(RuleMaskKey { fsm_hash: 8523436649928495018, fsm_new_node_id: 24, state_cnt: 62, edge_cnt: 61 }) ms=7.995
MASK rule=triggered_tags state=109 key=Some(RuleMaskKey { fsm_hash: 8523436649928495018, fsm_new_node_id: 27, state_cnt: 62, edge_cnt: 61 }) ms=7.963
MASK rule=triggered_tags state=83 key=Some(RuleMaskKey { fsm_hash: 8523436649928495018, fsm_new_node_id: 1, state_cnt: 62, edge_cnt: 61 }) ms=7.983
MASK rule=triggered_tags state=120 key=Some(RuleMaskKey { fsm_hash: 8523436649928495018, fsm_new_node_id: 40, state_cnt: 62, edge_cnt: 61 }) ms=7.996
MASK rule=triggered_tags state=114 key=Some(RuleMaskKey { fsm_hash: 8523436649928495018, fsm_new_node_id: 32, state_cnt: 62, edge_cnt: 61 }) ms=7.972
MASK rule=triggered_tags state=129 key=Some(RuleMaskKey { fsm_hash: 8523436649928495018, fsm_new_node_id: 49, state_cnt: 62, edge_cnt: 61 }) ms=7.962
MASK rule=triggered_tags state=121 key=Some(RuleMaskKey { fsm_hash: 8523436649928495018, fsm_new_node_id: 41, state_cnt: 62, edge_cnt: 61 }) ms=7.942
MASK rule=triggered_tags state=134 key=Some(RuleMaskKey { fsm_hash: 8523436649928495018, fsm_new_node_id: 54, state_cnt: 62, edge_cnt: 61 }) ms=8.000
MASK rule=triggered_tags state=140 key=Some(RuleMaskKey { fsm_hash: 8523436649928495018, fsm_new_node_id: 60, state_cnt: 62, edge_cnt: 61 }) ms=7.983
MASK rule=param state=18 key=Some(RuleMaskKey { fsm_hash: 8184450389286060420, fsm_new_node_id: 15, state_cnt: 27, edge_cnt: 26 }) ms=7.975
MASK rule=triggered_tags state=92 key=Some(RuleMaskKey { fsm_hash: 8523436649928495018, fsm_new_node_id: 10, state_cnt: 62, edge_cnt: 61 }) ms=7.971
MASK rule=triggered_tags state=135 key=Some(RuleMaskKey { fsm_hash: 8523436649928495018, fsm_new_node_id: 55, state_cnt: 62, edge_cnt: 61 }) ms=7.941
MASK rule=triggered_tags state=113 key=Some(RuleMaskKey { fsm_hash: 8523436649928495018, fsm_new_node_id: 31, state_cnt: 62, edge_cnt: 61 }) ms=7.992
MASK rule=triggered_tags state=102 key=Some(RuleMaskKey { fsm_hash: 8523436649928495018, fsm_new_node_id: 20, state_cnt: 62, edge_cnt: 61 }) ms=7.995
MASK rule=triggered_tags state=108 key=Some(RuleMaskKey { fsm_hash: 8523436649928495018, fsm_new_node_id: 26, state_cnt: 62, edge_cnt: 61 }) ms=7.980
MASK rule=triggered_tags state=96 key=Some(RuleMaskKey { fsm_hash: 8523436649928495018, fsm_new_node_id: 14, state_cnt: 62, edge_cnt: 61 }) ms=7.945
MASK rule=triggered_tags state=119 key=Some(RuleMaskKey { fsm_hash: 8523436649928495018, fsm_new_node_id: 39, state_cnt: 62, edge_cnt: 61 }) ms=8.001
MASK rule=triggered_tags state=105 key=Some(RuleMaskKey { fsm_hash: 8523436649928495018, fsm_new_node_id: 23, state_cnt: 62, edge_cnt: 61 }) ms=7.956
MASK rule=triggered_tags state=103 key=Some(RuleMaskKey { fsm_hash: 8523436649928495018, fsm_new_node_id: 21, state_cnt: 62, edge_cnt: 61 }) ms=7.990
MASK rule=triggered_tags state=132 key=Some(RuleMaskKey { fsm_hash: 8523436649928495018, fsm_new_node_id: 52, state_cnt: 62, edge_cnt: 61 }) ms=8.006
MASK rule=triggered_tags state=112 key=Some(RuleMaskKey { fsm_hash: 8523436649928495018, fsm_new_node_id: 30, state_cnt: 62, edge_cnt: 61 }) ms=8.019
MASK rule=triggered_tags state=100 key=Some(RuleMaskKey { fsm_hash: 8523436649928495018, fsm_new_node_id: 18, state_cnt: 62, edge_cnt: 61 }) ms=8.029
MASK rule=triggered_tags state=81 key=Some(RuleMaskKey { fsm_hash: 8523436649928495018, fsm_new_node_id: 36, state_cnt: 62, edge_cnt: 61 }) ms=8.002
MASK rule=triggered_tags state=131 key=Some(RuleMaskKey { fsm_hash: 8523436649928495018, fsm_new_node_id: 51, state_cnt: 62, edge_cnt: 61 }) ms=8.002
MASK rule=triggered_tags state=86 key=Some(RuleMaskKey { fsm_hash: 8523436649928495018, fsm_new_node_id: 4, state_cnt: 62, edge_cnt: 61 }) ms=7.996
MASK rule=triggered_tags state=137 key=Some(RuleMaskKey { fsm_hash: 8523436649928495018, fsm_new_node_id: 57, state_cnt: 62, edge_cnt: 61 }) ms=7.978
MASK rule=triggered_tags state=115 key=Some(RuleMaskKey { fsm_hash: 8523436649928495018, fsm_new_node_id: 33, state_cnt: 62, edge_cnt: 61 }) ms=7.977
MASK rule=triggered_tags state=117 key=Some(RuleMaskKey { fsm_hash: 8523436649928495018, fsm_new_node_id: 37, state_cnt: 62, edge_cnt: 61 }) ms=7.977
MASK rule=triggered_tags state=98 key=Some(RuleMaskKey { fsm_hash: 8523436649928495018, fsm_new_node_id: 16, state_cnt: 62, edge_cnt: 61 }) ms=8.006
MASK rule=triggered_tags state=107 key=Some(RuleMaskKey { fsm_hash: 8523436649928495018, fsm_new_node_id: 25, state_cnt: 62, edge_cnt: 61 }) ms=8.026
MASK rule=triggered_tags state=127 key=Some(RuleMaskKey { fsm_hash: 8523436649928495018, fsm_new_node_id: 47, state_cnt: 62, edge_cnt: 61 }) ms=8.030
MASK rule=triggered_tags state=97 key=Some(RuleMaskKey { fsm_hash: 8523436649928495018, fsm_new_node_id: 15, state_cnt: 62, edge_cnt: 61 }) ms=8.003
MASK rule=triggered_tags state=85 key=Some(RuleMaskKey { fsm_hash: 8523436649928495018, fsm_new_node_id: 3, state_cnt: 62, edge_cnt: 61 }) ms=7.970
MASK rule=triggered_tags state=125 key=Some(RuleMaskKey { fsm_hash: 8523436649928495018, fsm_new_node_id: 45, state_cnt: 62, edge_cnt: 61 }) ms=7.984
MASK rule=triggered_tags state=88 key=Some(RuleMaskKey { fsm_hash: 8523436649928495018, fsm_new_node_id: 6, state_cnt: 62, edge_cnt: 61 }) ms=7.934
MASK rule=triggered_tags state=101 key=Some(RuleMaskKey { fsm_hash: 8523436649928495018, fsm_new_node_id: 19, state_cnt: 62, edge_cnt: 61 }) ms=7.972
MASK rule=triggered_tags state=116 key=Some(RuleMaskKey { fsm_hash: 8523436649928495018, fsm_new_node_id: 34, state_cnt: 62, edge_cnt: 61 }) ms=8.128
MASK rule=triggered_tags state=99 key=Some(RuleMaskKey { fsm_hash: 8523436649928495018, fsm_new_node_id: 17, state_cnt: 62, edge_cnt: 61 }) ms=7.986
MASK rule=triggered_tags state=104 key=Some(RuleMaskKey { fsm_hash: 8523436649928495018, fsm_new_node_id: 22, state_cnt: 62, edge_cnt: 61 }) ms=7.987
MASK rule=triggered_tags state=87 key=Some(RuleMaskKey { fsm_hash: 8523436649928495018, fsm_new_node_id: 5, state_cnt: 62, edge_cnt: 61 }) ms=7.980
MASK rule=triggered_tags state=84 key=Some(RuleMaskKey { fsm_hash: 8523436649928495018, fsm_new_node_id: 2, state_cnt: 62, edge_cnt: 61 }) ms=7.999
MASK rule=triggered_tags state=111 key=Some(RuleMaskKey { fsm_hash: 8523436649928495018, fsm_new_node_id: 29, state_cnt: 62, edge_cnt: 61 }) ms=7.956
MASK rule=triggered_tags state=123 key=Some(RuleMaskKey { fsm_hash: 8523436649928495018, fsm_new_node_id: 43, state_cnt: 62, edge_cnt: 61 }) ms=7.965
MASK rule=triggered_tags state=95 key=Some(RuleMaskKey { fsm_hash: 8523436649928495018, fsm_new_node_id: 13, state_cnt: 62, edge_cnt: 61 }) ms=7.988
MASK rule=triggered_tags state=91 key=Some(RuleMaskKey { fsm_hash: 8523436649928495018, fsm_new_node_id: 9, state_cnt: 62, edge_cnt: 61 }) ms=7.987
MASK rule=triggered_tags state=110 key=Some(RuleMaskKey { fsm_hash: 8523436649928495018, fsm_new_node_id: 28, state_cnt: 62, edge_cnt: 61 }) ms=7.993
MASK rule=triggered_tags state=124 key=Some(RuleMaskKey { fsm_hash: 8523436649928495018, fsm_new_node_id: 44, state_cnt: 62, edge_cnt: 61 }) ms=8.015
MASK rule=triggered_tags state=130 key=Some(RuleMaskKey { fsm_hash: 8523436649928495018, fsm_new_node_id: 50, state_cnt: 62, edge_cnt: 61 }) ms=7.989
MASK rule=triggered_tags state=122 key=Some(RuleMaskKey { fsm_hash: 8523436649928495018, fsm_new_node_id: 42, state_cnt: 62, edge_cnt: 61 }) ms=8.005
MASK rule=triggered_tags state=118 key=Some(RuleMaskKey { fsm_hash: 8523436649928495018, fsm_new_node_id: 38, state_cnt: 62, edge_cnt: 61 }) ms=8.008
MASK rule=triggered_tags state=94 key=Some(RuleMaskKey { fsm_hash: 8523436649928495018, fsm_new_node_id: 12, state_cnt: 62, edge_cnt: 61 }) ms=8.007
MASK rule=triggered_tags state=128 key=Some(RuleMaskKey { fsm_hash: 8523436649928495018, fsm_new_node_id: 48, state_cnt: 62, edge_cnt: 61 }) ms=7.957
MASK rule=triggered_tags state=133 key=Some(RuleMaskKey { fsm_hash: 8523436649928495018, fsm_new_node_id: 53, state_cnt: 62, edge_cnt: 61 }) ms=7.983
MASK rule=triggered_tags state=126 key=Some(RuleMaskKey { fsm_hash: 8523436649928495018, fsm_new_node_id: 46, state_cnt: 62, edge_cnt: 61 }) ms=7.972
BEGIN mode=false rep=0 threads=4
MASK rule=nonempty_value state=55 key=Some(RuleMaskKey { fsm_hash: 4406071653514522693, fsm_new_node_id: 0, state_cnt: 17, edge_cnt: 78 }) ms=155.715
MASK rule=nonempty_value state=44 key=Some(RuleMaskKey { fsm_hash: 4406071653514522693, fsm_new_node_id: 11, state_cnt: 17, edge_cnt: 78 }) ms=273.323
MASK rule=rest_1 state=63 key=Some(RuleMaskKey { fsm_hash: 6635194092101876856, fsm_new_node_id: 15, state_cnt: 17, edge_cnt: 75 }) ms=328.831
MASK rule=nonempty_value state=48 key=Some(RuleMaskKey { fsm_hash: 4406071653514522693, fsm_new_node_id: 9, state_cnt: 17, edge_cnt: 78 }) ms=363.095
MASK rule=nonempty_value state=53 key=Some(RuleMaskKey { fsm_hash: 4406071653514522693, fsm_new_node_id: 2, state_cnt: 17, edge_cnt: 78 }) ms=271.645
MASK rule=nonempty_value state=50 key=Some(RuleMaskKey { fsm_hash: 4406071653514522693, fsm_new_node_id: 8, state_cnt: 17, edge_cnt: 78 }) ms=270.098
MASK rule=nonempty_value state=43 key=Some(RuleMaskKey { fsm_hash: 4406071653514522693, fsm_new_node_id: 12, state_cnt: 17, edge_cnt: 78 }) ms=316.637
MASK rule=nonempty_value state=41 key=Some(RuleMaskKey { fsm_hash: 4406071653514522693, fsm_new_node_id: 14, state_cnt: 17, edge_cnt: 78 }) ms=271.503
MASK rule=nonempty_value state=40 key=Some(RuleMaskKey { fsm_hash: 4406071653514522693, fsm_new_node_id: 15, state_cnt: 17, edge_cnt: 78 }) ms=364.271
MASK rule=nonempty_value state=42 key=Some(RuleMaskKey { fsm_hash: 4406071653514522693, fsm_new_node_id: 13, state_cnt: 17, edge_cnt: 78 }) ms=269.069
MASK rule=nonempty_value state=45 key=Some(RuleMaskKey { fsm_hash: 4406071653514522693, fsm_new_node_id: 10, state_cnt: 17, edge_cnt: 78 }) ms=317.653
MASK rule=nonempty_value state=52 key=Some(RuleMaskKey { fsm_hash: 4406071653514522693, fsm_new_node_id: 7, state_cnt: 17, edge_cnt: 78 }) ms=270.723
MASK rule=rest_1 state=66 key=Some(RuleMaskKey { fsm_hash: 6635194092101876856, fsm_new_node_id: 12, state_cnt: 17, edge_cnt: 75 }) ms=267.442
MASK rule=rest_1 state=67 key=Some(RuleMaskKey { fsm_hash: 6635194092101876856, fsm_new_node_id: 11, state_cnt: 17, edge_cnt: 75 }) ms=360.470
MASK rule=rest_1 state=65 key=Some(RuleMaskKey { fsm_hash: 6635194092101876856, fsm_new_node_id: 13, state_cnt: 17, edge_cnt: 75 }) ms=267.517
MASK rule=rest_1 state=73 key=Some(RuleMaskKey { fsm_hash: 6635194092101876856, fsm_new_node_id: 8, state_cnt: 17, edge_cnt: 75 }) ms=314.566
MASK rule=rest_1 state=64 key=Some(RuleMaskKey { fsm_hash: 6635194092101876856, fsm_new_node_id: 14, state_cnt: 17, edge_cnt: 75 }) ms=267.663
MASK rule=rest_1 state=78 key=Some(RuleMaskKey { fsm_hash: 6635194092101876856, fsm_new_node_id: 0, state_cnt: 17, edge_cnt: 75 }) ms=164.392
MASK rule=rest_1 state=75 key=Some(RuleMaskKey { fsm_hash: 6635194092101876856, fsm_new_node_id: 7, state_cnt: 17, edge_cnt: 75 }) ms=356.547
MASK rule=rest_1 state=71 key=Some(RuleMaskKey { fsm_hash: 6635194092101876856, fsm_new_node_id: 9, state_cnt: 17, edge_cnt: 75 }) ms=259.963
MASK rule=rest_1 state=68 key=Some(RuleMaskKey { fsm_hash: 6635194092101876856, fsm_new_node_id: 10, state_cnt: 17, edge_cnt: 75 }) ms=259.071
MASK rule=value state=38 key=Some(RuleMaskKey { fsm_hash: 2828431779938103121, fsm_new_node_id: 0, state_cnt: 2, edge_cnt: 5 }) ms=124.420
MASK rule=paramname state=31 key=Some(RuleMaskKey { fsm_hash: 7830328557106836415, fsm_new_node_id: 0, state_cnt: 8, edge_cnt: 8 }) ms=8.433
MASK rule=triggered_tags state=120 key=Some(RuleMaskKey { fsm_hash: 8523436649928495018, fsm_new_node_id: 40, state_cnt: 62, edge_cnt: 61 }) ms=8.312
MASK rule=rest_1 state=79 key=Some(RuleMaskKey { fsm_hash: 6635194092101876856, fsm_new_node_id: 16, state_cnt: 17, edge_cnt: 75 }) ms=256.030
MASK rule=rest_1 state=76 key=Some(RuleMaskKey { fsm_hash: 6635194092101876856, fsm_new_node_id: 2, state_cnt: 17, edge_cnt: 75 }) ms=312.465
MASK rule=param state=9 key=Some(RuleMaskKey { fsm_hash: 8184450389286060420, fsm_new_node_id: 2, state_cnt: 27, edge_cnt: 26 }) ms=8.549
MASK rule=paramname state=36 key=Some(RuleMaskKey { fsm_hash: 7830328557106836415, fsm_new_node_id: 4, state_cnt: 8, edge_cnt: 8 }) ms=8.412
MASK rule=paramname state=33 key=Some(RuleMaskKey { fsm_hash: 7830328557106836415, fsm_new_node_id: 3, state_cnt: 8, edge_cnt: 8 }) ms=8.510
MASK rule=nonempty_value state=56 key=Some(RuleMaskKey { fsm_hash: 4406071653514522693, fsm_new_node_id: 16, state_cnt: 17, edge_cnt: 78 }) ms=319.607
MASK rule=param state=12 key=Some(RuleMaskKey { fsm_hash: 8184450389286060420, fsm_new_node_id: 5, state_cnt: 27, edge_cnt: 26 }) ms=8.774
MASK rule=nonempty_value state=46 key=Some(RuleMaskKey { fsm_hash: 4406071653514522693, fsm_new_node_id: 5, state_cnt: 17, edge_cnt: 78 }) ms=8.465
MASK rule=param state=23 key=Some(RuleMaskKey { fsm_hash: 8184450389286060420, fsm_new_node_id: 20, state_cnt: 27, edge_cnt: 26 }) ms=8.596
MASK rule=param state=24 key=Some(RuleMaskKey { fsm_hash: 8184450389286060420, fsm_new_node_id: 21, state_cnt: 27, edge_cnt: 26 }) ms=8.687
MASK rule=param state=26 key=Some(RuleMaskKey { fsm_hash: 8184450389286060420, fsm_new_node_id: 23, state_cnt: 27, edge_cnt: 26 }) ms=8.898
MASK rule=param state=16 key=Some(RuleMaskKey { fsm_hash: 8184450389286060420, fsm_new_node_id: 9, state_cnt: 27, edge_cnt: 26 }) ms=8.444
MASK rule=param state=14 key=Some(RuleMaskKey { fsm_hash: 8184450389286060420, fsm_new_node_id: 7, state_cnt: 27, edge_cnt: 26 }) ms=8.653
MASK rule=param state=4 key=Some(RuleMaskKey { fsm_hash: 8184450389286060420, fsm_new_node_id: 12, state_cnt: 27, edge_cnt: 26 }) ms=8.786
MASK rule=param state=10 key=Some(RuleMaskKey { fsm_hash: 8184450389286060420, fsm_new_node_id: 3, state_cnt: 27, edge_cnt: 26 }) ms=8.866
MASK rule=param state=6 key=Some(RuleMaskKey { fsm_hash: 8184450389286060420, fsm_new_node_id: 14, state_cnt: 27, edge_cnt: 26 }) ms=8.417
MASK rule=nonempty_value state=47 key=Some(RuleMaskKey { fsm_hash: 4406071653514522693, fsm_new_node_id: 4, state_cnt: 17, edge_cnt: 78 }) ms=8.721
MASK rule=param state=25 key=Some(RuleMaskKey { fsm_hash: 8184450389286060420, fsm_new_node_id: 22, state_cnt: 27, edge_cnt: 26 }) ms=8.721
MASK rule=param state=17 key=Some(RuleMaskKey { fsm_hash: 8184450389286060420, fsm_new_node_id: 10, state_cnt: 27, edge_cnt: 26 }) ms=8.889
MASK rule=nonempty_value state=49 key=Some(RuleMaskKey { fsm_hash: 4406071653514522693, fsm_new_node_id: 3, state_cnt: 17, edge_cnt: 78 }) ms=8.404
MASK rule=param state=15 key=Some(RuleMaskKey { fsm_hash: 8184450389286060420, fsm_new_node_id: 8, state_cnt: 27, edge_cnt: 26 }) ms=8.665
MASK rule=param state=28 key=Some(RuleMaskKey { fsm_hash: 8184450389286060420, fsm_new_node_id: 25, state_cnt: 27, edge_cnt: 26 }) ms=8.689
MASK rule=root_1 state=59 key=Some(RuleMaskKey { fsm_hash: 7297779061404888742, fsm_new_node_id: 0, state_cnt: 4, edge_cnt: 3 }) ms=8.870
MASK rule=param state=21 key=Some(RuleMaskKey { fsm_hash: 8184450389286060420, fsm_new_node_id: 18, state_cnt: 27, edge_cnt: 26 }) ms=8.377
MASK rule=param state=27 key=Some(RuleMaskKey { fsm_hash: 8184450389286060420, fsm_new_node_id: 24, state_cnt: 27, edge_cnt: 26 }) ms=8.613
MASK rule=rest_1 state=69 key=Some(RuleMaskKey { fsm_hash: 6635194092101876856, fsm_new_node_id: 5, state_cnt: 17, edge_cnt: 75 }) ms=8.668
MASK rule=param state=18 key=Some(RuleMaskKey { fsm_hash: 8184450389286060420, fsm_new_node_id: 15, state_cnt: 27, edge_cnt: 26 }) ms=8.839
MASK rule=param state=13 key=Some(RuleMaskKey { fsm_hash: 8184450389286060420, fsm_new_node_id: 6, state_cnt: 27, edge_cnt: 26 }) ms=8.439
MASK rule=param state=19 key=Some(RuleMaskKey { fsm_hash: 8184450389286060420, fsm_new_node_id: 16, state_cnt: 27, edge_cnt: 26 }) ms=8.657
MASK rule=param state=20 key=Some(RuleMaskKey { fsm_hash: 8184450389286060420, fsm_new_node_id: 17, state_cnt: 27, edge_cnt: 26 }) ms=8.714
MASK rule=param state=22 key=Some(RuleMaskKey { fsm_hash: 8184450389286060420, fsm_new_node_id: 19, state_cnt: 27, edge_cnt: 26 }) ms=8.863
MASK rule=rest_1 state=70 key=Some(RuleMaskKey { fsm_hash: 6635194092101876856, fsm_new_node_id: 4, state_cnt: 17, edge_cnt: 75 }) ms=8.439
MASK rule=param state=8 key=Some(RuleMaskKey { fsm_hash: 8184450389286060420, fsm_new_node_id: 1, state_cnt: 27, edge_cnt: 26 }) ms=8.677
MASK rule=paramname state=37 key=Some(RuleMaskKey { fsm_hash: 7830328557106836415, fsm_new_node_id: 6, state_cnt: 8, edge_cnt: 8 }) ms=8.701
MASK rule=rest_1 state=72 key=Some(RuleMaskKey { fsm_hash: 6635194092101876856, fsm_new_node_id: 3, state_cnt: 17, edge_cnt: 75 }) ms=8.880
MASK rule=paramname state=32 key=Some(RuleMaskKey { fsm_hash: 7830328557106836415, fsm_new_node_id: 1, state_cnt: 8, edge_cnt: 8 }) ms=8.436
MASK rule=paramname state=35 key=Some(RuleMaskKey { fsm_hash: 7830328557106836415, fsm_new_node_id: 2, state_cnt: 8, edge_cnt: 8 }) ms=8.613
MASK rule=paramname state=34 key=Some(RuleMaskKey { fsm_hash: 7830328557106836415, fsm_new_node_id: 5, state_cnt: 8, edge_cnt: 8 }) ms=8.696
MASK rule=triggered_tags state=106 key=Some(RuleMaskKey { fsm_hash: 8523436649928495018, fsm_new_node_id: 24, state_cnt: 62, edge_cnt: 61 }) ms=8.816
MASK rule=triggered_tags state=113 key=Some(RuleMaskKey { fsm_hash: 8523436649928495018, fsm_new_node_id: 31, state_cnt: 62, edge_cnt: 61 }) ms=8.428
MASK rule=triggered_tags state=123 key=Some(RuleMaskKey { fsm_hash: 8523436649928495018, fsm_new_node_id: 43, state_cnt: 62, edge_cnt: 61 }) ms=8.681
MASK rule=triggered_tags state=126 key=Some(RuleMaskKey { fsm_hash: 8523436649928495018, fsm_new_node_id: 46, state_cnt: 62, edge_cnt: 61 }) ms=8.687
MASK rule=param state=7 key=Some(RuleMaskKey { fsm_hash: 8184450389286060420, fsm_new_node_id: 0, state_cnt: 27, edge_cnt: 26 }) ms=8.855
MASK rule=triggered_tags state=114 key=Some(RuleMaskKey { fsm_hash: 8523436649928495018, fsm_new_node_id: 32, state_cnt: 62, edge_cnt: 61 }) ms=8.402
MASK rule=triggered_tags state=134 key=Some(RuleMaskKey { fsm_hash: 8523436649928495018, fsm_new_node_id: 54, state_cnt: 62, edge_cnt: 61 }) ms=8.705
MASK rule=triggered_tags state=93 key=Some(RuleMaskKey { fsm_hash: 8523436649928495018, fsm_new_node_id: 11, state_cnt: 62, edge_cnt: 61 }) ms=8.697
MASK rule=triggered_tags state=108 key=Some(RuleMaskKey { fsm_hash: 8523436649928495018, fsm_new_node_id: 26, state_cnt: 62, edge_cnt: 61 }) ms=8.383
MASK rule=triggered_tags state=121 key=Some(RuleMaskKey { fsm_hash: 8523436649928495018, fsm_new_node_id: 41, state_cnt: 62, edge_cnt: 61 }) ms=8.875
MASK rule=triggered_tags state=88 key=Some(RuleMaskKey { fsm_hash: 8523436649928495018, fsm_new_node_id: 6, state_cnt: 62, edge_cnt: 61 }) ms=8.665
MASK rule=triggered_tags state=101 key=Some(RuleMaskKey { fsm_hash: 8523436649928495018, fsm_new_node_id: 19, state_cnt: 62, edge_cnt: 61 }) ms=8.701
MASK rule=triggered_tags state=125 key=Some(RuleMaskKey { fsm_hash: 8523436649928495018, fsm_new_node_id: 45, state_cnt: 62, edge_cnt: 61 }) ms=8.408
MASK rule=triggered_tags state=87 key=Some(RuleMaskKey { fsm_hash: 8523436649928495018, fsm_new_node_id: 5, state_cnt: 62, edge_cnt: 61 }) ms=8.870
MASK rule=triggered_tags state=96 key=Some(RuleMaskKey { fsm_hash: 8523436649928495018, fsm_new_node_id: 14, state_cnt: 62, edge_cnt: 61 }) ms=8.708
MASK rule=triggered_tags state=83 key=Some(RuleMaskKey { fsm_hash: 8523436649928495018, fsm_new_node_id: 1, state_cnt: 62, edge_cnt: 61 }) ms=8.709
MASK rule=param state=11 key=Some(RuleMaskKey { fsm_hash: 8184450389286060420, fsm_new_node_id: 4, state_cnt: 27, edge_cnt: 26 }) ms=8.387
MASK rule=triggered_tags state=112 key=Some(RuleMaskKey { fsm_hash: 8523436649928495018, fsm_new_node_id: 30, state_cnt: 62, edge_cnt: 61 }) ms=8.858
MASK rule=triggered_tags state=129 key=Some(RuleMaskKey { fsm_hash: 8523436649928495018, fsm_new_node_id: 49, state_cnt: 62, edge_cnt: 61 }) ms=8.684
MASK rule=triggered_tags state=119 key=Some(RuleMaskKey { fsm_hash: 8523436649928495018, fsm_new_node_id: 39, state_cnt: 62, edge_cnt: 61 }) ms=8.722
MASK rule=triggered_tags state=104 key=Some(RuleMaskKey { fsm_hash: 8523436649928495018, fsm_new_node_id: 22, state_cnt: 62, edge_cnt: 61 }) ms=8.359
MASK rule=triggered_tags state=107 key=Some(RuleMaskKey { fsm_hash: 8523436649928495018, fsm_new_node_id: 25, state_cnt: 62, edge_cnt: 61 }) ms=8.842
MASK rule=triggered_tags state=103 key=Some(RuleMaskKey { fsm_hash: 8523436649928495018, fsm_new_node_id: 21, state_cnt: 62, edge_cnt: 61 }) ms=8.663
MASK rule=triggered_tags state=130 key=Some(RuleMaskKey { fsm_hash: 8523436649928495018, fsm_new_node_id: 50, state_cnt: 62, edge_cnt: 61 }) ms=8.726
MASK rule=triggered_tags state=92 key=Some(RuleMaskKey { fsm_hash: 8523436649928495018, fsm_new_node_id: 10, state_cnt: 62, edge_cnt: 61 }) ms=8.295
MASK rule=triggered_tags state=136 key=Some(RuleMaskKey { fsm_hash: 8523436649928495018, fsm_new_node_id: 56, state_cnt: 62, edge_cnt: 61 }) ms=8.898
MASK rule=triggered_tags state=82 key=Some(RuleMaskKey { fsm_hash: 8523436649928495018, fsm_new_node_id: 0, state_cnt: 62, edge_cnt: 61 }) ms=8.696
MASK rule=triggered_tags state=111 key=Some(RuleMaskKey { fsm_hash: 8523436649928495018, fsm_new_node_id: 29, state_cnt: 62, edge_cnt: 61 }) ms=8.693
MASK rule=triggered_tags state=132 key=Some(RuleMaskKey { fsm_hash: 8523436649928495018, fsm_new_node_id: 52, state_cnt: 62, edge_cnt: 61 }) ms=8.340
MASK rule=triggered_tags state=139 key=Some(RuleMaskKey { fsm_hash: 8523436649928495018, fsm_new_node_id: 59, state_cnt: 62, edge_cnt: 61 }) ms=8.885
MASK rule=triggered_tags state=90 key=Some(RuleMaskKey { fsm_hash: 8523436649928495018, fsm_new_node_id: 8, state_cnt: 62, edge_cnt: 61 }) ms=8.673
MASK rule=triggered_tags state=118 key=Some(RuleMaskKey { fsm_hash: 8523436649928495018, fsm_new_node_id: 38, state_cnt: 62, edge_cnt: 61 }) ms=8.736
MASK rule=triggered_tags state=140 key=Some(RuleMaskKey { fsm_hash: 8523436649928495018, fsm_new_node_id: 60, state_cnt: 62, edge_cnt: 61 }) ms=8.348
MASK rule=triggered_tags state=116 key=Some(RuleMaskKey { fsm_hash: 8523436649928495018, fsm_new_node_id: 34, state_cnt: 62, edge_cnt: 61 }) ms=8.828
MASK rule=triggered_tags state=97 key=Some(RuleMaskKey { fsm_hash: 8523436649928495018, fsm_new_node_id: 15, state_cnt: 62, edge_cnt: 61 }) ms=8.732
MASK rule=triggered_tags state=95 key=Some(RuleMaskKey { fsm_hash: 8523436649928495018, fsm_new_node_id: 13, state_cnt: 62, edge_cnt: 61 }) ms=8.738
MASK rule=triggered_tags state=100 key=Some(RuleMaskKey { fsm_hash: 8523436649928495018, fsm_new_node_id: 18, state_cnt: 62, edge_cnt: 61 }) ms=8.538
MASK rule=triggered_tags state=128 key=Some(RuleMaskKey { fsm_hash: 8523436649928495018, fsm_new_node_id: 48, state_cnt: 62, edge_cnt: 61 }) ms=8.841
MASK rule=triggered_tags state=84 key=Some(RuleMaskKey { fsm_hash: 8523436649928495018, fsm_new_node_id: 2, state_cnt: 62, edge_cnt: 61 }) ms=8.683
MASK rule=triggered_tags state=110 key=Some(RuleMaskKey { fsm_hash: 8523436649928495018, fsm_new_node_id: 28, state_cnt: 62, edge_cnt: 61 }) ms=8.383
MASK rule=triggered_tags state=109 key=Some(RuleMaskKey { fsm_hash: 8523436649928495018, fsm_new_node_id: 27, state_cnt: 62, edge_cnt: 61 }) ms=8.722
MASK rule=triggered_tags state=81 key=Some(RuleMaskKey { fsm_hash: 8523436649928495018, fsm_new_node_id: 36, state_cnt: 62, edge_cnt: 61 }) ms=8.937
MASK rule=triggered_tags state=91 key=Some(RuleMaskKey { fsm_hash: 8523436649928495018, fsm_new_node_id: 9, state_cnt: 62, edge_cnt: 61 }) ms=8.645
MASK rule=triggered_tags state=117 key=Some(RuleMaskKey { fsm_hash: 8523436649928495018, fsm_new_node_id: 37, state_cnt: 62, edge_cnt: 61 }) ms=8.400
MASK rule=triggered_tags state=89 key=Some(RuleMaskKey { fsm_hash: 8523436649928495018, fsm_new_node_id: 7, state_cnt: 62, edge_cnt: 61 }) ms=8.720
MASK rule=triggered_tags state=98 key=Some(RuleMaskKey { fsm_hash: 8523436649928495018, fsm_new_node_id: 16, state_cnt: 62, edge_cnt: 61 }) ms=8.823
MASK rule=triggered_tags state=124 key=Some(RuleMaskKey { fsm_hash: 8523436649928495018, fsm_new_node_id: 44, state_cnt: 62, edge_cnt: 61 }) ms=8.680
MASK rule=triggered_tags state=131 key=Some(RuleMaskKey { fsm_hash: 8523436649928495018, fsm_new_node_id: 51, state_cnt: 62, edge_cnt: 61 }) ms=8.380
MASK rule=triggered_tags state=133 key=Some(RuleMaskKey { fsm_hash: 8523436649928495018, fsm_new_node_id: 53, state_cnt: 62, edge_cnt: 61 }) ms=8.739
MASK rule=triggered_tags state=138 key=Some(RuleMaskKey { fsm_hash: 8523436649928495018, fsm_new_node_id: 58, state_cnt: 62, edge_cnt: 61 }) ms=8.888
MASK rule=triggered_tags state=102 key=Some(RuleMaskKey { fsm_hash: 8523436649928495018, fsm_new_node_id: 20, state_cnt: 62, edge_cnt: 61 }) ms=8.647
MASK rule=triggered_tags state=94 key=Some(RuleMaskKey { fsm_hash: 8523436649928495018, fsm_new_node_id: 12, state_cnt: 62, edge_cnt: 61 }) ms=8.322
MASK rule=triggered_tags state=115 key=Some(RuleMaskKey { fsm_hash: 8523436649928495018, fsm_new_node_id: 33, state_cnt: 62, edge_cnt: 61 }) ms=8.759
MASK rule=triggered_tags state=135 key=Some(RuleMaskKey { fsm_hash: 8523436649928495018, fsm_new_node_id: 55, state_cnt: 62, edge_cnt: 61 }) ms=8.920
MASK rule=triggered_tags state=85 key=Some(RuleMaskKey { fsm_hash: 8523436649928495018, fsm_new_node_id: 3, state_cnt: 62, edge_cnt: 61 }) ms=8.660
MASK rule=triggered_tags state=127 key=Some(RuleMaskKey { fsm_hash: 8523436649928495018, fsm_new_node_id: 47, state_cnt: 62, edge_cnt: 61 }) ms=8.437
MASK rule=triggered_tags state=122 key=Some(RuleMaskKey { fsm_hash: 8523436649928495018, fsm_new_node_id: 42, state_cnt: 62, edge_cnt: 61 }) ms=8.714
MASK rule=triggered_tags state=99 key=Some(RuleMaskKey { fsm_hash: 8523436649928495018, fsm_new_node_id: 17, state_cnt: 62, edge_cnt: 61 }) ms=8.875
MASK rule=triggered_tags state=86 key=Some(RuleMaskKey { fsm_hash: 8523436649928495018, fsm_new_node_id: 4, state_cnt: 62, edge_cnt: 61 }) ms=8.329
MASK rule=triggered_tags state=137 key=Some(RuleMaskKey { fsm_hash: 8523436649928495018, fsm_new_node_id: 57, state_cnt: 62, edge_cnt: 61 }) ms=8.662
MASK rule=triggered_tags state=105 key=Some(RuleMaskKey { fsm_hash: 8523436649928495018, fsm_new_node_id: 23, state_cnt: 62, edge_cnt: 61 }) ms=8.710
END mode=false rep=0
BEGIN mode=false rep=1 threads=1
MASK rule=nonempty_value state=55 key=Some(RuleMaskKey { fsm_hash: 4406071653514522693, fsm_new_node_id: 0, state_cnt: 17, edge_cnt: 78 }) ms=43.066
MASK rule=rest_1 state=66 key=Some(RuleMaskKey { fsm_hash: 6635194092101876856, fsm_new_node_id: 12, state_cnt: 17, edge_cnt: 75 }) ms=68.167
MASK rule=nonempty_value state=53 key=Some(RuleMaskKey { fsm_hash: 4406071653514522693, fsm_new_node_id: 2, state_cnt: 17, edge_cnt: 78 }) ms=69.209
MASK rule=nonempty_value state=43 key=Some(RuleMaskKey { fsm_hash: 4406071653514522693, fsm_new_node_id: 12, state_cnt: 17, edge_cnt: 78 }) ms=68.834
MASK rule=nonempty_value state=44 key=Some(RuleMaskKey { fsm_hash: 4406071653514522693, fsm_new_node_id: 11, state_cnt: 17, edge_cnt: 78 }) ms=69.076
MASK rule=nonempty_value state=48 key=Some(RuleMaskKey { fsm_hash: 4406071653514522693, fsm_new_node_id: 9, state_cnt: 17, edge_cnt: 78 }) ms=68.920
MASK rule=nonempty_value state=45 key=Some(RuleMaskKey { fsm_hash: 4406071653514522693, fsm_new_node_id: 10, state_cnt: 17, edge_cnt: 78 }) ms=68.929
MASK rule=nonempty_value state=52 key=Some(RuleMaskKey { fsm_hash: 4406071653514522693, fsm_new_node_id: 7, state_cnt: 17, edge_cnt: 78 }) ms=68.865
MASK rule=nonempty_value state=40 key=Some(RuleMaskKey { fsm_hash: 4406071653514522693, fsm_new_node_id: 15, state_cnt: 17, edge_cnt: 78 }) ms=68.838
MASK rule=nonempty_value state=42 key=Some(RuleMaskKey { fsm_hash: 4406071653514522693, fsm_new_node_id: 13, state_cnt: 17, edge_cnt: 78 }) ms=68.728
MASK rule=nonempty_value state=41 key=Some(RuleMaskKey { fsm_hash: 4406071653514522693, fsm_new_node_id: 14, state_cnt: 17, edge_cnt: 78 }) ms=68.820
MASK rule=nonempty_value state=50 key=Some(RuleMaskKey { fsm_hash: 4406071653514522693, fsm_new_node_id: 8, state_cnt: 17, edge_cnt: 78 }) ms=69.085
MASK rule=rest_1 state=76 key=Some(RuleMaskKey { fsm_hash: 6635194092101876856, fsm_new_node_id: 2, state_cnt: 17, edge_cnt: 75 }) ms=68.469
MASK rule=rest_1 state=65 key=Some(RuleMaskKey { fsm_hash: 6635194092101876856, fsm_new_node_id: 13, state_cnt: 17, edge_cnt: 75 }) ms=67.984
MASK rule=rest_1 state=68 key=Some(RuleMaskKey { fsm_hash: 6635194092101876856, fsm_new_node_id: 10, state_cnt: 17, edge_cnt: 75 }) ms=68.195
MASK rule=rest_1 state=78 key=Some(RuleMaskKey { fsm_hash: 6635194092101876856, fsm_new_node_id: 0, state_cnt: 17, edge_cnt: 75 }) ms=38.245
MASK rule=rest_1 state=63 key=Some(RuleMaskKey { fsm_hash: 6635194092101876856, fsm_new_node_id: 15, state_cnt: 17, edge_cnt: 75 }) ms=68.097
MASK rule=rest_1 state=73 key=Some(RuleMaskKey { fsm_hash: 6635194092101876856, fsm_new_node_id: 8, state_cnt: 17, edge_cnt: 75 }) ms=68.222
MASK rule=rest_1 state=67 key=Some(RuleMaskKey { fsm_hash: 6635194092101876856, fsm_new_node_id: 11, state_cnt: 17, edge_cnt: 75 }) ms=68.318
MASK rule=rest_1 state=64 key=Some(RuleMaskKey { fsm_hash: 6635194092101876856, fsm_new_node_id: 14, state_cnt: 17, edge_cnt: 75 }) ms=68.542
MASK rule=rest_1 state=75 key=Some(RuleMaskKey { fsm_hash: 6635194092101876856, fsm_new_node_id: 7, state_cnt: 17, edge_cnt: 75 }) ms=68.246
MASK rule=rest_1 state=71 key=Some(RuleMaskKey { fsm_hash: 6635194092101876856, fsm_new_node_id: 9, state_cnt: 17, edge_cnt: 75 }) ms=68.189
MASK rule=nonempty_value state=56 key=Some(RuleMaskKey { fsm_hash: 4406071653514522693, fsm_new_node_id: 16, state_cnt: 17, edge_cnt: 78 }) ms=68.966
MASK rule=rest_1 state=79 key=Some(RuleMaskKey { fsm_hash: 6635194092101876856, fsm_new_node_id: 16, state_cnt: 17, edge_cnt: 75 }) ms=68.126
MASK rule=value state=38 key=Some(RuleMaskKey { fsm_hash: 2828431779938103121, fsm_new_node_id: 0, state_cnt: 2, edge_cnt: 5 }) ms=34.449
MASK rule=paramname state=31 key=Some(RuleMaskKey { fsm_hash: 7830328557106836415, fsm_new_node_id: 0, state_cnt: 8, edge_cnt: 8 }) ms=7.982
MASK rule=triggered_tags state=123 key=Some(RuleMaskKey { fsm_hash: 8523436649928495018, fsm_new_node_id: 43, state_cnt: 62, edge_cnt: 61 }) ms=8.003
MASK rule=paramname state=35 key=Some(RuleMaskKey { fsm_hash: 7830328557106836415, fsm_new_node_id: 2, state_cnt: 8, edge_cnt: 8 }) ms=8.031
MASK rule=paramname state=37 key=Some(RuleMaskKey { fsm_hash: 7830328557106836415, fsm_new_node_id: 6, state_cnt: 8, edge_cnt: 8 }) ms=8.031
MASK rule=paramname state=36 key=Some(RuleMaskKey { fsm_hash: 7830328557106836415, fsm_new_node_id: 4, state_cnt: 8, edge_cnt: 8 }) ms=8.005
MASK rule=param state=28 key=Some(RuleMaskKey { fsm_hash: 8184450389286060420, fsm_new_node_id: 25, state_cnt: 27, edge_cnt: 26 }) ms=7.948
MASK rule=param state=8 key=Some(RuleMaskKey { fsm_hash: 8184450389286060420, fsm_new_node_id: 1, state_cnt: 27, edge_cnt: 26 }) ms=7.977
MASK rule=param state=25 key=Some(RuleMaskKey { fsm_hash: 8184450389286060420, fsm_new_node_id: 22, state_cnt: 27, edge_cnt: 26 }) ms=7.990
MASK rule=nonempty_value state=47 key=Some(RuleMaskKey { fsm_hash: 4406071653514522693, fsm_new_node_id: 4, state_cnt: 17, edge_cnt: 78 }) ms=8.022
MASK rule=param state=12 key=Some(RuleMaskKey { fsm_hash: 8184450389286060420, fsm_new_node_id: 5, state_cnt: 27, edge_cnt: 26 }) ms=7.999
MASK rule=nonempty_value state=49 key=Some(RuleMaskKey { fsm_hash: 4406071653514522693, fsm_new_node_id: 3, state_cnt: 17, edge_cnt: 78 }) ms=8.015
MASK rule=param state=7 key=Some(RuleMaskKey { fsm_hash: 8184450389286060420, fsm_new_node_id: 0, state_cnt: 27, edge_cnt: 26 }) ms=7.996
MASK rule=param state=16 key=Some(RuleMaskKey { fsm_hash: 8184450389286060420, fsm_new_node_id: 9, state_cnt: 27, edge_cnt: 26 }) ms=8.007
MASK rule=nonempty_value state=46 key=Some(RuleMaskKey { fsm_hash: 4406071653514522693, fsm_new_node_id: 5, state_cnt: 17, edge_cnt: 78 }) ms=8.016
MASK rule=param state=15 key=Some(RuleMaskKey { fsm_hash: 8184450389286060420, fsm_new_node_id: 8, state_cnt: 27, edge_cnt: 26 }) ms=7.998
MASK rule=param state=19 key=Some(RuleMaskKey { fsm_hash: 8184450389286060420, fsm_new_node_id: 16, state_cnt: 27, edge_cnt: 26 }) ms=7.989
MASK rule=param state=17 key=Some(RuleMaskKey { fsm_hash: 8184450389286060420, fsm_new_node_id: 10, state_cnt: 27, edge_cnt: 26 }) ms=8.016
MASK rule=param state=20 key=Some(RuleMaskKey { fsm_hash: 8184450389286060420, fsm_new_node_id: 17, state_cnt: 27, edge_cnt: 26 }) ms=7.994
MASK rule=param state=9 key=Some(RuleMaskKey { fsm_hash: 8184450389286060420, fsm_new_node_id: 2, state_cnt: 27, edge_cnt: 26 }) ms=8.018
MASK rule=param state=21 key=Some(RuleMaskKey { fsm_hash: 8184450389286060420, fsm_new_node_id: 18, state_cnt: 27, edge_cnt: 26 }) ms=7.930
MASK rule=param state=22 key=Some(RuleMaskKey { fsm_hash: 8184450389286060420, fsm_new_node_id: 19, state_cnt: 27, edge_cnt: 26 }) ms=8.005
MASK rule=root_1 state=59 key=Some(RuleMaskKey { fsm_hash: 7297779061404888742, fsm_new_node_id: 0, state_cnt: 4, edge_cnt: 3 }) ms=7.986
MASK rule=rest_1 state=72 key=Some(RuleMaskKey { fsm_hash: 6635194092101876856, fsm_new_node_id: 3, state_cnt: 17, edge_cnt: 75 }) ms=8.018
MASK rule=param state=4 key=Some(RuleMaskKey { fsm_hash: 8184450389286060420, fsm_new_node_id: 12, state_cnt: 27, edge_cnt: 26 }) ms=8.140
MASK rule=param state=24 key=Some(RuleMaskKey { fsm_hash: 8184450389286060420, fsm_new_node_id: 21, state_cnt: 27, edge_cnt: 26 }) ms=7.974
MASK rule=param state=26 key=Some(RuleMaskKey { fsm_hash: 8184450389286060420, fsm_new_node_id: 23, state_cnt: 27, edge_cnt: 26 }) ms=8.011
MASK rule=rest_1 state=69 key=Some(RuleMaskKey { fsm_hash: 6635194092101876856, fsm_new_node_id: 5, state_cnt: 17, edge_cnt: 75 }) ms=8.016
MASK rule=param state=23 key=Some(RuleMaskKey { fsm_hash: 8184450389286060420, fsm_new_node_id: 20, state_cnt: 27, edge_cnt: 26 }) ms=8.019
MASK rule=param state=27 key=Some(RuleMaskKey { fsm_hash: 8184450389286060420, fsm_new_node_id: 24, state_cnt: 27, edge_cnt: 26 }) ms=8.001
MASK rule=rest_1 state=70 key=Some(RuleMaskKey { fsm_hash: 6635194092101876856, fsm_new_node_id: 4, state_cnt: 17, edge_cnt: 75 }) ms=7.988
MASK rule=param state=13 key=Some(RuleMaskKey { fsm_hash: 8184450389286060420, fsm_new_node_id: 6, state_cnt: 27, edge_cnt: 26 }) ms=7.977
MASK rule=param state=11 key=Some(RuleMaskKey { fsm_hash: 8184450389286060420, fsm_new_node_id: 4, state_cnt: 27, edge_cnt: 26 }) ms=8.015
MASK rule=param state=10 key=Some(RuleMaskKey { fsm_hash: 8184450389286060420, fsm_new_node_id: 3, state_cnt: 27, edge_cnt: 26 }) ms=8.040
MASK rule=paramname state=34 key=Some(RuleMaskKey { fsm_hash: 7830328557106836415, fsm_new_node_id: 5, state_cnt: 8, edge_cnt: 8 }) ms=8.019
MASK rule=param state=6 key=Some(RuleMaskKey { fsm_hash: 8184450389286060420, fsm_new_node_id: 14, state_cnt: 27, edge_cnt: 26 }) ms=7.984
MASK rule=paramname state=32 key=Some(RuleMaskKey { fsm_hash: 7830328557106836415, fsm_new_node_id: 1, state_cnt: 8, edge_cnt: 8 }) ms=8.015
MASK rule=paramname state=33 key=Some(RuleMaskKey { fsm_hash: 7830328557106836415, fsm_new_node_id: 3, state_cnt: 8, edge_cnt: 8 }) ms=7.992
MASK rule=triggered_tags state=97 key=Some(RuleMaskKey { fsm_hash: 8523436649928495018, fsm_new_node_id: 15, state_cnt: 62, edge_cnt: 61 }) ms=8.010
MASK rule=triggered_tags state=85 key=Some(RuleMaskKey { fsm_hash: 8523436649928495018, fsm_new_node_id: 3, state_cnt: 62, edge_cnt: 61 }) ms=7.998
MASK rule=triggered_tags state=96 key=Some(RuleMaskKey { fsm_hash: 8523436649928495018, fsm_new_node_id: 14, state_cnt: 62, edge_cnt: 61 }) ms=7.976
MASK rule=triggered_tags state=102 key=Some(RuleMaskKey { fsm_hash: 8523436649928495018, fsm_new_node_id: 20, state_cnt: 62, edge_cnt: 61 }) ms=8.007
MASK rule=param state=14 key=Some(RuleMaskKey { fsm_hash: 8184450389286060420, fsm_new_node_id: 7, state_cnt: 27, edge_cnt: 26 }) ms=7.983
MASK rule=triggered_tags state=111 key=Some(RuleMaskKey { fsm_hash: 8523436649928495018, fsm_new_node_id: 29, state_cnt: 62, edge_cnt: 61 }) ms=8.000
MASK rule=triggered_tags state=139 key=Some(RuleMaskKey { fsm_hash: 8523436649928495018, fsm_new_node_id: 59, state_cnt: 62, edge_cnt: 61 }) ms=7.973
MASK rule=triggered_tags state=90 key=Some(RuleMaskKey { fsm_hash: 8523436649928495018, fsm_new_node_id: 8, state_cnt: 62, edge_cnt: 61 }) ms=8.026
MASK rule=triggered_tags state=115 key=Some(RuleMaskKey { fsm_hash: 8523436649928495018, fsm_new_node_id: 33, state_cnt: 62, edge_cnt: 61 }) ms=7.988
MASK rule=triggered_tags state=117 key=Some(RuleMaskKey { fsm_hash: 8523436649928495018, fsm_new_node_id: 37, state_cnt: 62, edge_cnt: 61 }) ms=8.020
MASK rule=triggered_tags state=127 key=Some(RuleMaskKey { fsm_hash: 8523436649928495018, fsm_new_node_id: 47, state_cnt: 62, edge_cnt: 61 }) ms=8.006
MASK rule=triggered_tags state=110 key=Some(RuleMaskKey { fsm_hash: 8523436649928495018, fsm_new_node_id: 28, state_cnt: 62, edge_cnt: 61 }) ms=7.995
MASK rule=triggered_tags state=103 key=Some(RuleMaskKey { fsm_hash: 8523436649928495018, fsm_new_node_id: 21, state_cnt: 62, edge_cnt: 61 }) ms=8.006
MASK rule=triggered_tags state=109 key=Some(RuleMaskKey { fsm_hash: 8523436649928495018, fsm_new_node_id: 27, state_cnt: 62, edge_cnt: 61 }) ms=8.010
MASK rule=triggered_tags state=94 key=Some(RuleMaskKey { fsm_hash: 8523436649928495018, fsm_new_node_id: 12, state_cnt: 62, edge_cnt: 61 }) ms=8.014
MASK rule=triggered_tags state=133 key=Some(RuleMaskKey { fsm_hash: 8523436649928495018, fsm_new_node_id: 53, state_cnt: 62, edge_cnt: 61 }) ms=8.015
MASK rule=param state=18 key=Some(RuleMaskKey { fsm_hash: 8184450389286060420, fsm_new_node_id: 15, state_cnt: 27, edge_cnt: 26 }) ms=8.025
MASK rule=triggered_tags state=108 key=Some(RuleMaskKey { fsm_hash: 8523436649928495018, fsm_new_node_id: 26, state_cnt: 62, edge_cnt: 61 }) ms=8.021
MASK rule=triggered_tags state=100 key=Some(RuleMaskKey { fsm_hash: 8523436649928495018, fsm_new_node_id: 18, state_cnt: 62, edge_cnt: 61 }) ms=7.992
MASK rule=triggered_tags state=82 key=Some(RuleMaskKey { fsm_hash: 8523436649928495018, fsm_new_node_id: 0, state_cnt: 62, edge_cnt: 61 }) ms=8.016
MASK rule=triggered_tags state=124 key=Some(RuleMaskKey { fsm_hash: 8523436649928495018, fsm_new_node_id: 44, state_cnt: 62, edge_cnt: 61 }) ms=7.979
MASK rule=triggered_tags state=132 key=Some(RuleMaskKey { fsm_hash: 8523436649928495018, fsm_new_node_id: 52, state_cnt: 62, edge_cnt: 61 }) ms=7.954
MASK rule=triggered_tags state=99 key=Some(RuleMaskKey { fsm_hash: 8523436649928495018, fsm_new_node_id: 17, state_cnt: 62, edge_cnt: 61 }) ms=8.005
MASK rule=triggered_tags state=131 key=Some(RuleMaskKey { fsm_hash: 8523436649928495018, fsm_new_node_id: 51, state_cnt: 62, edge_cnt: 61 }) ms=7.984
MASK rule=triggered_tags state=119 key=Some(RuleMaskKey { fsm_hash: 8523436649928495018, fsm_new_node_id: 39, state_cnt: 62, edge_cnt: 61 }) ms=8.010
MASK rule=triggered_tags state=138 key=Some(RuleMaskKey { fsm_hash: 8523436649928495018, fsm_new_node_id: 58, state_cnt: 62, edge_cnt: 61 }) ms=7.987
MASK rule=triggered_tags state=88 key=Some(RuleMaskKey { fsm_hash: 8523436649928495018, fsm_new_node_id: 6, state_cnt: 62, edge_cnt: 61 }) ms=7.979
MASK rule=triggered_tags state=114 key=Some(RuleMaskKey { fsm_hash: 8523436649928495018, fsm_new_node_id: 32, state_cnt: 62, edge_cnt: 61 }) ms=8.017
MASK rule=triggered_tags state=89 key=Some(RuleMaskKey { fsm_hash: 8523436649928495018, fsm_new_node_id: 7, state_cnt: 62, edge_cnt: 61 }) ms=7.971
MASK rule=triggered_tags state=87 key=Some(RuleMaskKey { fsm_hash: 8523436649928495018, fsm_new_node_id: 5, state_cnt: 62, edge_cnt: 61 }) ms=8.003
MASK rule=triggered_tags state=112 key=Some(RuleMaskKey { fsm_hash: 8523436649928495018, fsm_new_node_id: 30, state_cnt: 62, edge_cnt: 61 }) ms=7.981
MASK rule=triggered_tags state=118 key=Some(RuleMaskKey { fsm_hash: 8523436649928495018, fsm_new_node_id: 38, state_cnt: 62, edge_cnt: 61 }) ms=8.033
MASK rule=triggered_tags state=92 key=Some(RuleMaskKey { fsm_hash: 8523436649928495018, fsm_new_node_id: 10, state_cnt: 62, edge_cnt: 61 }) ms=8.003
MASK rule=triggered_tags state=120 key=Some(RuleMaskKey { fsm_hash: 8523436649928495018, fsm_new_node_id: 40, state_cnt: 62, edge_cnt: 61 }) ms=8.017
MASK rule=triggered_tags state=107 key=Some(RuleMaskKey { fsm_hash: 8523436649928495018, fsm_new_node_id: 25, state_cnt: 62, edge_cnt: 61 }) ms=8.006
MASK rule=triggered_tags state=126 key=Some(RuleMaskKey { fsm_hash: 8523436649928495018, fsm_new_node_id: 46, state_cnt: 62, edge_cnt: 61 }) ms=8.039
MASK rule=triggered_tags state=104 key=Some(RuleMaskKey { fsm_hash: 8523436649928495018, fsm_new_node_id: 22, state_cnt: 62, edge_cnt: 61 }) ms=8.019
MASK rule=triggered_tags state=125 key=Some(RuleMaskKey { fsm_hash: 8523436649928495018, fsm_new_node_id: 45, state_cnt: 62, edge_cnt: 61 }) ms=7.993
MASK rule=triggered_tags state=134 key=Some(RuleMaskKey { fsm_hash: 8523436649928495018, fsm_new_node_id: 54, state_cnt: 62, edge_cnt: 61 }) ms=8.005
MASK rule=triggered_tags state=81 key=Some(RuleMaskKey { fsm_hash: 8523436649928495018, fsm_new_node_id: 36, state_cnt: 62, edge_cnt: 61 }) ms=8.026
MASK rule=triggered_tags state=135 key=Some(RuleMaskKey { fsm_hash: 8523436649928495018, fsm_new_node_id: 55, state_cnt: 62, edge_cnt: 61 }) ms=8.016
MASK rule=triggered_tags state=86 key=Some(RuleMaskKey { fsm_hash: 8523436649928495018, fsm_new_node_id: 4, state_cnt: 62, edge_cnt: 61 }) ms=7.969
MASK rule=triggered_tags state=84 key=Some(RuleMaskKey { fsm_hash: 8523436649928495018, fsm_new_node_id: 2, state_cnt: 62, edge_cnt: 61 }) ms=8.005
MASK rule=triggered_tags state=129 key=Some(RuleMaskKey { fsm_hash: 8523436649928495018, fsm_new_node_id: 49, state_cnt: 62, edge_cnt: 61 }) ms=8.008
MASK rule=triggered_tags state=105 key=Some(RuleMaskKey { fsm_hash: 8523436649928495018, fsm_new_node_id: 23, state_cnt: 62, edge_cnt: 61 }) ms=7.987
MASK rule=triggered_tags state=93 key=Some(RuleMaskKey { fsm_hash: 8523436649928495018, fsm_new_node_id: 11, state_cnt: 62, edge_cnt: 61 }) ms=8.007
MASK rule=triggered_tags state=122 key=Some(RuleMaskKey { fsm_hash: 8523436649928495018, fsm_new_node_id: 42, state_cnt: 62, edge_cnt: 61 }) ms=8.011
MASK rule=triggered_tags state=121 key=Some(RuleMaskKey { fsm_hash: 8523436649928495018, fsm_new_node_id: 41, state_cnt: 62, edge_cnt: 61 }) ms=8.008
MASK rule=triggered_tags state=137 key=Some(RuleMaskKey { fsm_hash: 8523436649928495018, fsm_new_node_id: 57, state_cnt: 62, edge_cnt: 61 }) ms=8.007
MASK rule=triggered_tags state=113 key=Some(RuleMaskKey { fsm_hash: 8523436649928495018, fsm_new_node_id: 31, state_cnt: 62, edge_cnt: 61 }) ms=7.980
MASK rule=triggered_tags state=91 key=Some(RuleMaskKey { fsm_hash: 8523436649928495018, fsm_new_node_id: 9, state_cnt: 62, edge_cnt: 61 }) ms=7.995
MASK rule=triggered_tags state=128 key=Some(RuleMaskKey { fsm_hash: 8523436649928495018, fsm_new_node_id: 48, state_cnt: 62, edge_cnt: 61 }) ms=7.983
MASK rule=triggered_tags state=116 key=Some(RuleMaskKey { fsm_hash: 8523436649928495018, fsm_new_node_id: 34, state_cnt: 62, edge_cnt: 61 }) ms=8.007
MASK rule=triggered_tags state=136 key=Some(RuleMaskKey { fsm_hash: 8523436649928495018, fsm_new_node_id: 56, state_cnt: 62, edge_cnt: 61 }) ms=8.012
MASK rule=triggered_tags state=98 key=Some(RuleMaskKey { fsm_hash: 8523436649928495018, fsm_new_node_id: 16, state_cnt: 62, edge_cnt: 61 }) ms=7.981
MASK rule=triggered_tags state=83 key=Some(RuleMaskKey { fsm_hash: 8523436649928495018, fsm_new_node_id: 1, state_cnt: 62, edge_cnt: 61 }) ms=8.037
MASK rule=triggered_tags state=95 key=Some(RuleMaskKey { fsm_hash: 8523436649928495018, fsm_new_node_id: 13, state_cnt: 62, edge_cnt: 61 }) ms=7.993
MASK rule=triggered_tags state=101 key=Some(RuleMaskKey { fsm_hash: 8523436649928495018, fsm_new_node_id: 19, state_cnt: 62, edge_cnt: 61 }) ms=7.956
MASK rule=triggered_tags state=130 key=Some(RuleMaskKey { fsm_hash: 8523436649928495018, fsm_new_node_id: 50, state_cnt: 62, edge_cnt: 61 }) ms=7.992
MASK rule=triggered_tags state=140 key=Some(RuleMaskKey { fsm_hash: 8523436649928495018, fsm_new_node_id: 60, state_cnt: 62, edge_cnt: 61 }) ms=7.986
MASK rule=triggered_tags state=106 key=Some(RuleMaskKey { fsm_hash: 8523436649928495018, fsm_new_node_id: 24, state_cnt: 62, edge_cnt: 61 }) ms=7.976
BEGIN mode=false rep=1 threads=4
MASK rule=nonempty_value state=55 key=Some(RuleMaskKey { fsm_hash: 4406071653514522693, fsm_new_node_id: 0, state_cnt: 17, edge_cnt: 78 }) ms=155.778
MASK rule=rest_1 state=64 key=Some(RuleMaskKey { fsm_hash: 6635194092101876856, fsm_new_node_id: 14, state_cnt: 17, edge_cnt: 75 }) ms=269.215
MASK rule=nonempty_value state=50 key=Some(RuleMaskKey { fsm_hash: 4406071653514522693, fsm_new_node_id: 8, state_cnt: 17, edge_cnt: 78 }) ms=326.970
MASK rule=nonempty_value state=41 key=Some(RuleMaskKey { fsm_hash: 4406071653514522693, fsm_new_node_id: 14, state_cnt: 17, edge_cnt: 78 }) ms=330.581
MASK rule=nonempty_value state=45 key=Some(RuleMaskKey { fsm_hash: 4406071653514522693, fsm_new_node_id: 10, state_cnt: 17, edge_cnt: 78 }) ms=262.186
MASK rule=nonempty_value state=44 key=Some(RuleMaskKey { fsm_hash: 4406071653514522693, fsm_new_node_id: 11, state_cnt: 17, edge_cnt: 78 }) ms=263.928
MASK rule=nonempty_value state=52 key=Some(RuleMaskKey { fsm_hash: 4406071653514522693, fsm_new_node_id: 7, state_cnt: 17, edge_cnt: 78 }) ms=319.704
MASK rule=nonempty_value state=48 key=Some(RuleMaskKey { fsm_hash: 4406071653514522693, fsm_new_node_id: 9, state_cnt: 17, edge_cnt: 78 }) ms=321.375
MASK rule=nonempty_value state=43 key=Some(RuleMaskKey { fsm_hash: 4406071653514522693, fsm_new_node_id: 12, state_cnt: 17, edge_cnt: 78 }) ms=265.615
MASK rule=nonempty_value state=40 key=Some(RuleMaskKey { fsm_hash: 4406071653514522693, fsm_new_node_id: 15, state_cnt: 17, edge_cnt: 78 }) ms=266.224
MASK rule=rest_1 state=65 key=Some(RuleMaskKey { fsm_hash: 6635194092101876856, fsm_new_node_id: 13, state_cnt: 17, edge_cnt: 75 }) ms=268.029
MASK rule=nonempty_value state=53 key=Some(RuleMaskKey { fsm_hash: 4406071653514522693, fsm_new_node_id: 2, state_cnt: 17, edge_cnt: 78 }) ms=323.103
MASK rule=nonempty_value state=42 key=Some(RuleMaskKey { fsm_hash: 4406071653514522693, fsm_new_node_id: 13, state_cnt: 17, edge_cnt: 78 }) ms=321.073
MASK rule=rest_1 state=71 key=Some(RuleMaskKey { fsm_hash: 6635194092101876856, fsm_new_node_id: 9, state_cnt: 17, edge_cnt: 75 }) ms=260.564
MASK rule=rest_1 state=75 key=Some(RuleMaskKey { fsm_hash: 6635194092101876856, fsm_new_node_id: 7, state_cnt: 17, edge_cnt: 75 }) ms=260.744
MASK rule=rest_1 state=67 key=Some(RuleMaskKey { fsm_hash: 6635194092101876856, fsm_new_node_id: 11, state_cnt: 17, edge_cnt: 75 }) ms=324.176
MASK rule=rest_1 state=63 key=Some(RuleMaskKey { fsm_hash: 6635194092101876856, fsm_new_node_id: 15, state_cnt: 17, edge_cnt: 75 }) ms=322.194
MASK rule=rest_1 state=66 key=Some(RuleMaskKey { fsm_hash: 6635194092101876856, fsm_new_node_id: 12, state_cnt: 17, edge_cnt: 75 }) ms=258.028
MASK rule=rest_1 state=78 key=Some(RuleMaskKey { fsm_hash: 6635194092101876856, fsm_new_node_id: 0, state_cnt: 17, edge_cnt: 75 }) ms=139.960
MASK rule=rest_1 state=76 key=Some(RuleMaskKey { fsm_hash: 6635194092101876856, fsm_new_node_id: 2, state_cnt: 17, edge_cnt: 75 }) ms=255.644
MASK rule=rest_1 state=73 key=Some(RuleMaskKey { fsm_hash: 6635194092101876856, fsm_new_node_id: 8, state_cnt: 17, edge_cnt: 75 }) ms=319.223
MASK rule=rest_1 state=68 key=Some(RuleMaskKey { fsm_hash: 6635194092101876856, fsm_new_node_id: 10, state_cnt: 17, edge_cnt: 75 }) ms=322.200
MASK rule=paramname state=31 key=Some(RuleMaskKey { fsm_hash: 7830328557106836415, fsm_new_node_id: 0, state_cnt: 8, edge_cnt: 8 }) ms=8.580
MASK rule=triggered_tags state=95 key=Some(RuleMaskKey { fsm_hash: 8523436649928495018, fsm_new_node_id: 13, state_cnt: 62, edge_cnt: 61 }) ms=8.132
MASK rule=paramname state=37 key=Some(RuleMaskKey { fsm_hash: 7830328557106836415, fsm_new_node_id: 6, state_cnt: 8, edge_cnt: 8 }) ms=7.981
MASK rule=param state=28 key=Some(RuleMaskKey { fsm_hash: 8184450389286060420, fsm_new_node_id: 25, state_cnt: 27, edge_cnt: 26 }) ms=7.968
MASK rule=paramname state=36 key=Some(RuleMaskKey { fsm_hash: 7830328557106836415, fsm_new_node_id: 4, state_cnt: 8, edge_cnt: 8 }) ms=7.943
MASK rule=param state=27 key=Some(RuleMaskKey { fsm_hash: 8184450389286060420, fsm_new_node_id: 24, state_cnt: 27, edge_cnt: 26 }) ms=8.017
MASK rule=param state=7 key=Some(RuleMaskKey { fsm_hash: 8184450389286060420, fsm_new_node_id: 0, state_cnt: 27, edge_cnt: 26 }) ms=7.918
MASK rule=param state=6 key=Some(RuleMaskKey { fsm_hash: 8184450389286060420, fsm_new_node_id: 14, state_cnt: 27, edge_cnt: 26 }) ms=7.982
MASK rule=nonempty_value state=49 key=Some(RuleMaskKey { fsm_hash: 4406071653514522693, fsm_new_node_id: 3, state_cnt: 17, edge_cnt: 78 }) ms=7.991
MASK rule=value state=38 key=Some(RuleMaskKey { fsm_hash: 2828431779938103121, fsm_new_node_id: 0, state_cnt: 2, edge_cnt: 5 }) ms=81.849
MASK rule=param state=17 key=Some(RuleMaskKey { fsm_hash: 8184450389286060420, fsm_new_node_id: 10, state_cnt: 27, edge_cnt: 26 }) ms=7.943
MASK rule=nonempty_value state=56 key=Some(RuleMaskKey { fsm_hash: 4406071653514522693, fsm_new_node_id: 16, state_cnt: 17, edge_cnt: 78 }) ms=246.057
MASK rule=param state=21 key=Some(RuleMaskKey { fsm_hash: 8184450389286060420, fsm_new_node_id: 18, state_cnt: 27, edge_cnt: 26 }) ms=8.572
MASK rule=param state=22 key=Some(RuleMaskKey { fsm_hash: 8184450389286060420, fsm_new_node_id: 19, state_cnt: 27, edge_cnt: 26 }) ms=8.399
MASK rule=rest_1 state=79 key=Some(RuleMaskKey { fsm_hash: 6635194092101876856, fsm_new_node_id: 16, state_cnt: 17, edge_cnt: 75 }) ms=240.224
MASK rule=param state=13 key=Some(RuleMaskKey { fsm_hash: 8184450389286060420, fsm_new_node_id: 6, state_cnt: 27, edge_cnt: 26 }) ms=8.781
MASK rule=nonempty_value state=47 key=Some(RuleMaskKey { fsm_hash: 4406071653514522693, fsm_new_node_id: 4, state_cnt: 17, edge_cnt: 78 }) ms=8.706
MASK rule=nonempty_value state=46 key=Some(RuleMaskKey { fsm_hash: 4406071653514522693, fsm_new_node_id: 5, state_cnt: 17, edge_cnt: 78 }) ms=8.756
MASK rule=param state=8 key=Some(RuleMaskKey { fsm_hash: 8184450389286060420, fsm_new_node_id: 1, state_cnt: 27, edge_cnt: 26 }) ms=8.434
MASK rule=param state=18 key=Some(RuleMaskKey { fsm_hash: 8184450389286060420, fsm_new_node_id: 15, state_cnt: 27, edge_cnt: 26 }) ms=8.757
MASK rule=param state=10 key=Some(RuleMaskKey { fsm_hash: 8184450389286060420, fsm_new_node_id: 3, state_cnt: 27, edge_cnt: 26 }) ms=8.549
MASK rule=param state=23 key=Some(RuleMaskKey { fsm_hash: 8184450389286060420, fsm_new_node_id: 20, state_cnt: 27, edge_cnt: 26 }) ms=8.751
MASK rule=param state=15 key=Some(RuleMaskKey { fsm_hash: 8184450389286060420, fsm_new_node_id: 8, state_cnt: 27, edge_cnt: 26 }) ms=8.393
MASK rule=param state=24 key=Some(RuleMaskKey { fsm_hash: 8184450389286060420, fsm_new_node_id: 21, state_cnt: 27, edge_cnt: 26 }) ms=8.839
MASK rule=root_1 state=59 key=Some(RuleMaskKey { fsm_hash: 7297779061404888742, fsm_new_node_id: 0, state_cnt: 4, edge_cnt: 3 }) ms=8.593
MASK rule=rest_1 state=72 key=Some(RuleMaskKey { fsm_hash: 6635194092101876856, fsm_new_node_id: 3, state_cnt: 17, edge_cnt: 75 }) ms=8.785
MASK rule=param state=19 key=Some(RuleMaskKey { fsm_hash: 8184450389286060420, fsm_new_node_id: 16, state_cnt: 27, edge_cnt: 26 }) ms=8.409
MASK rule=param state=25 key=Some(RuleMaskKey { fsm_hash: 8184450389286060420, fsm_new_node_id: 22, state_cnt: 27, edge_cnt: 26 }) ms=8.835
MASK rule=param state=4 key=Some(RuleMaskKey { fsm_hash: 8184450389286060420, fsm_new_node_id: 12, state_cnt: 27, edge_cnt: 26 }) ms=8.710
MASK rule=param state=26 key=Some(RuleMaskKey { fsm_hash: 8184450389286060420, fsm_new_node_id: 23, state_cnt: 27, edge_cnt: 26 }) ms=8.713
MASK rule=param state=11 key=Some(RuleMaskKey { fsm_hash: 8184450389286060420, fsm_new_node_id: 4, state_cnt: 27, edge_cnt: 26 }) ms=8.383
MASK rule=rest_1 state=70 key=Some(RuleMaskKey { fsm_hash: 6635194092101876856, fsm_new_node_id: 4, state_cnt: 17, edge_cnt: 75 }) ms=8.841
MASK rule=param state=12 key=Some(RuleMaskKey { fsm_hash: 8184450389286060420, fsm_new_node_id: 5, state_cnt: 27, edge_cnt: 26 }) ms=8.683
MASK rule=param state=9 key=Some(RuleMaskKey { fsm_hash: 8184450389286060420, fsm_new_node_id: 2, state_cnt: 27, edge_cnt: 26 }) ms=8.749
MASK rule=param state=14 key=Some(RuleMaskKey { fsm_hash: 8184450389286060420, fsm_new_node_id: 7, state_cnt: 27, edge_cnt: 26 }) ms=8.430
MASK rule=paramname state=33 key=Some(RuleMaskKey { fsm_hash: 7830328557106836415, fsm_new_node_id: 3, state_cnt: 8, edge_cnt: 8 }) ms=8.682
MASK rule=rest_1 state=69 key=Some(RuleMaskKey { fsm_hash: 6635194092101876856, fsm_new_node_id: 5, state_cnt: 17, edge_cnt: 75 }) ms=8.795
MASK rule=paramname state=34 key=Some(RuleMaskKey { fsm_hash: 7830328557106836415, fsm_new_node_id: 5, state_cnt: 8, edge_cnt: 8 }) ms=8.829
MASK rule=paramname state=35 key=Some(RuleMaskKey { fsm_hash: 7830328557106836415, fsm_new_node_id: 2, state_cnt: 8, edge_cnt: 8 }) ms=8.425
MASK rule=paramname state=32 key=Some(RuleMaskKey { fsm_hash: 7830328557106836415, fsm_new_node_id: 1, state_cnt: 8, edge_cnt: 8 }) ms=8.683
MASK rule=triggered_tags state=110 key=Some(RuleMaskKey { fsm_hash: 8523436649928495018, fsm_new_node_id: 28, state_cnt: 62, edge_cnt: 61 }) ms=8.754
MASK rule=triggered_tags state=121 key=Some(RuleMaskKey { fsm_hash: 8523436649928495018, fsm_new_node_id: 41, state_cnt: 62, edge_cnt: 61 }) ms=8.431
MASK rule=triggered_tags state=88 key=Some(RuleMaskKey { fsm_hash: 8523436649928495018, fsm_new_node_id: 6, state_cnt: 62, edge_cnt: 61 }) ms=8.795
MASK rule=triggered_tags state=140 key=Some(RuleMaskKey { fsm_hash: 8523436649928495018, fsm_new_node_id: 60, state_cnt: 62, edge_cnt: 61 }) ms=8.676
MASK rule=param state=16 key=Some(RuleMaskKey { fsm_hash: 8184450389286060420, fsm_new_node_id: 9, state_cnt: 27, edge_cnt: 26 }) ms=8.793
MASK rule=triggered_tags state=86 key=Some(RuleMaskKey { fsm_hash: 8523436649928495018, fsm_new_node_id: 4, state_cnt: 62, edge_cnt: 61 }) ms=8.419
MASK rule=triggered_tags state=111 key=Some(RuleMaskKey { fsm_hash: 8523436649928495018, fsm_new_node_id: 29, state_cnt: 62, edge_cnt: 61 }) ms=8.699
MASK rule=triggered_tags state=116 key=Some(RuleMaskKey { fsm_hash: 8523436649928495018, fsm_new_node_id: 34, state_cnt: 62, edge_cnt: 61 }) ms=8.644
MASK rule=triggered_tags state=82 key=Some(RuleMaskKey { fsm_hash: 8523436649928495018, fsm_new_node_id: 0, state_cnt: 62, edge_cnt: 61 }) ms=8.832
MASK rule=triggered_tags state=97 key=Some(RuleMaskKey { fsm_hash: 8523436649928495018, fsm_new_node_id: 15, state_cnt: 62, edge_cnt: 61 }) ms=8.413
MASK rule=triggered_tags state=130 key=Some(RuleMaskKey { fsm_hash: 8523436649928495018, fsm_new_node_id: 50, state_cnt: 62, edge_cnt: 61 }) ms=8.747
MASK rule=triggered_tags state=85 key=Some(RuleMaskKey { fsm_hash: 8523436649928495018, fsm_new_node_id: 3, state_cnt: 62, edge_cnt: 61 }) ms=8.677
MASK rule=triggered_tags state=90 key=Some(RuleMaskKey { fsm_hash: 8523436649928495018, fsm_new_node_id: 8, state_cnt: 62, edge_cnt: 61 }) ms=8.410
MASK rule=triggered_tags state=117 key=Some(RuleMaskKey { fsm_hash: 8523436649928495018, fsm_new_node_id: 37, state_cnt: 62, edge_cnt: 61 }) ms=8.796
MASK rule=triggered_tags state=96 key=Some(RuleMaskKey { fsm_hash: 8523436649928495018, fsm_new_node_id: 14, state_cnt: 62, edge_cnt: 61 }) ms=8.707
MASK rule=param state=20 key=Some(RuleMaskKey { fsm_hash: 8184450389286060420, fsm_new_node_id: 17, state_cnt: 27, edge_cnt: 26 }) ms=8.413
MASK rule=triggered_tags state=137 key=Some(RuleMaskKey { fsm_hash: 8523436649928495018, fsm_new_node_id: 57, state_cnt: 62, edge_cnt: 61 }) ms=8.696
MASK rule=triggered_tags state=99 key=Some(RuleMaskKey { fsm_hash: 8523436649928495018, fsm_new_node_id: 17, state_cnt: 62, edge_cnt: 61 }) ms=8.826
MASK rule=triggered_tags state=92 key=Some(RuleMaskKey { fsm_hash: 8523436649928495018, fsm_new_node_id: 10, state_cnt: 62, edge_cnt: 61 }) ms=8.828
MASK rule=triggered_tags state=87 key=Some(RuleMaskKey { fsm_hash: 8523436649928495018, fsm_new_node_id: 5, state_cnt: 62, edge_cnt: 61 }) ms=8.454
MASK rule=triggered_tags state=108 key=Some(RuleMaskKey { fsm_hash: 8523436649928495018, fsm_new_node_id: 26, state_cnt: 62, edge_cnt: 61 }) ms=8.676
MASK rule=triggered_tags state=128 key=Some(RuleMaskKey { fsm_hash: 8523436649928495018, fsm_new_node_id: 48, state_cnt: 62, edge_cnt: 61 }) ms=8.754
MASK rule=triggered_tags state=106 key=Some(RuleMaskKey { fsm_hash: 8523436649928495018, fsm_new_node_id: 24, state_cnt: 62, edge_cnt: 61 }) ms=8.757
MASK rule=triggered_tags state=105 key=Some(RuleMaskKey { fsm_hash: 8523436649928495018, fsm_new_node_id: 23, state_cnt: 62, edge_cnt: 61 }) ms=8.420
MASK rule=triggered_tags state=98 key=Some(RuleMaskKey { fsm_hash: 8523436649928495018, fsm_new_node_id: 16, state_cnt: 62, edge_cnt: 61 }) ms=8.698
MASK rule=triggered_tags state=126 key=Some(RuleMaskKey { fsm_hash: 8523436649928495018, fsm_new_node_id: 46, state_cnt: 62, edge_cnt: 61 }) ms=8.789
MASK rule=triggered_tags state=104 key=Some(RuleMaskKey { fsm_hash: 8523436649928495018, fsm_new_node_id: 22, state_cnt: 62, edge_cnt: 61 }) ms=8.804
MASK rule=triggered_tags state=123 key=Some(RuleMaskKey { fsm_hash: 8523436649928495018, fsm_new_node_id: 43, state_cnt: 62, edge_cnt: 61 }) ms=8.426
MASK rule=triggered_tags state=103 key=Some(RuleMaskKey { fsm_hash: 8523436649928495018, fsm_new_node_id: 21, state_cnt: 62, edge_cnt: 61 }) ms=8.639
MASK rule=triggered_tags state=100 key=Some(RuleMaskKey { fsm_hash: 8523436649928495018, fsm_new_node_id: 18, state_cnt: 62, edge_cnt: 61 }) ms=8.774
MASK rule=triggered_tags state=127 key=Some(RuleMaskKey { fsm_hash: 8523436649928495018, fsm_new_node_id: 47, state_cnt: 62, edge_cnt: 61 }) ms=8.817
MASK rule=triggered_tags state=139 key=Some(RuleMaskKey { fsm_hash: 8523436649928495018, fsm_new_node_id: 59, state_cnt: 62, edge_cnt: 61 }) ms=8.405
MASK rule=triggered_tags state=133 key=Some(RuleMaskKey { fsm_hash: 8523436649928495018, fsm_new_node_id: 53, state_cnt: 62, edge_cnt: 61 }) ms=8.697
MASK rule=triggered_tags state=101 key=Some(RuleMaskKey { fsm_hash: 8523436649928495018, fsm_new_node_id: 19, state_cnt: 62, edge_cnt: 61 }) ms=8.872
MASK rule=triggered_tags state=102 key=Some(RuleMaskKey { fsm_hash: 8523436649928495018, fsm_new_node_id: 20, state_cnt: 62, edge_cnt: 61 }) ms=8.783
MASK rule=triggered_tags state=122 key=Some(RuleMaskKey { fsm_hash: 8523436649928495018, fsm_new_node_id: 42, state_cnt: 62, edge_cnt: 61 }) ms=8.415
MASK rule=triggered_tags state=132 key=Some(RuleMaskKey { fsm_hash: 8523436649928495018, fsm_new_node_id: 52, state_cnt: 62, edge_cnt: 61 }) ms=8.670
MASK rule=triggered_tags state=114 key=Some(RuleMaskKey { fsm_hash: 8523436649928495018, fsm_new_node_id: 32, state_cnt: 62, edge_cnt: 61 }) ms=8.830
MASK rule=triggered_tags state=109 key=Some(RuleMaskKey { fsm_hash: 8523436649928495018, fsm_new_node_id: 27, state_cnt: 62, edge_cnt: 61 }) ms=8.828
MASK rule=triggered_tags state=125 key=Some(RuleMaskKey { fsm_hash: 8523436649928495018, fsm_new_node_id: 45, state_cnt: 62, edge_cnt: 61 }) ms=8.438
MASK rule=triggered_tags state=124 key=Some(RuleMaskKey { fsm_hash: 8523436649928495018, fsm_new_node_id: 44, state_cnt: 62, edge_cnt: 61 }) ms=8.674
MASK rule=triggered_tags state=131 key=Some(RuleMaskKey { fsm_hash: 8523436649928495018, fsm_new_node_id: 51, state_cnt: 62, edge_cnt: 61 }) ms=8.816
MASK rule=triggered_tags state=136 key=Some(RuleMaskKey { fsm_hash: 8523436649928495018, fsm_new_node_id: 56, state_cnt: 62, edge_cnt: 61 }) ms=8.787
MASK rule=triggered_tags state=94 key=Some(RuleMaskKey { fsm_hash: 8523436649928495018, fsm_new_node_id: 12, state_cnt: 62, edge_cnt: 61 }) ms=8.426
MASK rule=triggered_tags state=115 key=Some(RuleMaskKey { fsm_hash: 8523436649928495018, fsm_new_node_id: 33, state_cnt: 62, edge_cnt: 61 }) ms=8.658
MASK rule=triggered_tags state=129 key=Some(RuleMaskKey { fsm_hash: 8523436649928495018, fsm_new_node_id: 49, state_cnt: 62, edge_cnt: 61 }) ms=8.817
MASK rule=triggered_tags state=138 key=Some(RuleMaskKey { fsm_hash: 8523436649928495018, fsm_new_node_id: 58, state_cnt: 62, edge_cnt: 61 }) ms=8.835
MASK rule=triggered_tags state=118 key=Some(RuleMaskKey { fsm_hash: 8523436649928495018, fsm_new_node_id: 38, state_cnt: 62, edge_cnt: 61 }) ms=8.432
MASK rule=triggered_tags state=134 key=Some(RuleMaskKey { fsm_hash: 8523436649928495018, fsm_new_node_id: 54, state_cnt: 62, edge_cnt: 61 }) ms=8.688
MASK rule=triggered_tags state=89 key=Some(RuleMaskKey { fsm_hash: 8523436649928495018, fsm_new_node_id: 7, state_cnt: 62, edge_cnt: 61 }) ms=8.844
MASK rule=triggered_tags state=135 key=Some(RuleMaskKey { fsm_hash: 8523436649928495018, fsm_new_node_id: 55, state_cnt: 62, edge_cnt: 61 }) ms=8.822
MASK rule=triggered_tags state=112 key=Some(RuleMaskKey { fsm_hash: 8523436649928495018, fsm_new_node_id: 30, state_cnt: 62, edge_cnt: 61 }) ms=8.478
MASK rule=triggered_tags state=113 key=Some(RuleMaskKey { fsm_hash: 8523436649928495018, fsm_new_node_id: 31, state_cnt: 62, edge_cnt: 61 }) ms=8.680
MASK rule=triggered_tags state=107 key=Some(RuleMaskKey { fsm_hash: 8523436649928495018, fsm_new_node_id: 25, state_cnt: 62, edge_cnt: 61 }) ms=8.830
MASK rule=triggered_tags state=83 key=Some(RuleMaskKey { fsm_hash: 8523436649928495018, fsm_new_node_id: 1, state_cnt: 62, edge_cnt: 61 }) ms=8.842
MASK rule=triggered_tags state=81 key=Some(RuleMaskKey { fsm_hash: 8523436649928495018, fsm_new_node_id: 36, state_cnt: 62, edge_cnt: 61 }) ms=8.402
MASK rule=triggered_tags state=91 key=Some(RuleMaskKey { fsm_hash: 8523436649928495018, fsm_new_node_id: 9, state_cnt: 62, edge_cnt: 61 }) ms=8.679
MASK rule=triggered_tags state=119 key=Some(RuleMaskKey { fsm_hash: 8523436649928495018, fsm_new_node_id: 39, state_cnt: 62, edge_cnt: 61 }) ms=8.833
MASK rule=triggered_tags state=120 key=Some(RuleMaskKey { fsm_hash: 8523436649928495018, fsm_new_node_id: 40, state_cnt: 62, edge_cnt: 61 }) ms=8.791
MASK rule=triggered_tags state=84 key=Some(RuleMaskKey { fsm_hash: 8523436649928495018, fsm_new_node_id: 2, state_cnt: 62, edge_cnt: 61 }) ms=8.371
MASK rule=triggered_tags state=93 key=Some(RuleMaskKey { fsm_hash: 8523436649928495018, fsm_new_node_id: 11, state_cnt: 62, edge_cnt: 61 }) ms=8.534
END mode=false rep=1
