BEGIN mode=true rep=0 threads=1
MASK rule=first_content state=55 key=Some(RuleMaskKey { fsm_hash: 15765023653963454055, fsm_new_node_id: 0, state_cnt: 16, edge_cnt: 77 }) ms=33.939
MASK rule=first_content state=45 key=Some(RuleMaskKey { fsm_hash: 15765023653963454055, fsm_new_node_id: 10, state_cnt: 16, edge_cnt: 77 }) ms=47.189
MASK rule=first_content state=43 key=Some(RuleMaskKey { fsm_hash: 15765023653963454055, fsm_new_node_id: 12, state_cnt: 16, edge_cnt: 77 }) ms=47.115
MASK rule=first_content state=41 key=Some(RuleMaskKey { fsm_hash: 15765023653963454055, fsm_new_node_id: 14, state_cnt: 16, edge_cnt: 77 }) ms=47.112
MASK rule=first_content state=47 key=Some(RuleMaskKey { fsm_hash: 15765023653963454055, fsm_new_node_id: 8, state_cnt: 16, edge_cnt: 77 }) ms=47.178
MASK rule=first_content state=44 key=Some(RuleMaskKey { fsm_hash: 15765023653963454055, fsm_new_node_id: 11, state_cnt: 16, edge_cnt: 77 }) ms=47.081
MASK rule=first_content state=53 key=Some(RuleMaskKey { fsm_hash: 15765023653963454055, fsm_new_node_id: 2, state_cnt: 16, edge_cnt: 77 }) ms=47.167
MASK rule=first_content state=50 key=Some(RuleMaskKey { fsm_hash: 15765023653963454055, fsm_new_node_id: 7, state_cnt: 16, edge_cnt: 77 }) ms=46.935
MASK rule=first_content state=42 key=Some(RuleMaskKey { fsm_hash: 15765023653963454055, fsm_new_node_id: 13, state_cnt: 16, edge_cnt: 77 }) ms=47.390
MASK rule=first_content state=52 key=Some(RuleMaskKey { fsm_hash: 15765023653963454055, fsm_new_node_id: 6, state_cnt: 16, edge_cnt: 77 }) ms=46.922
MASK rule=first_content state=46 key=Some(RuleMaskKey { fsm_hash: 15765023653963454055, fsm_new_node_id: 9, state_cnt: 16, edge_cnt: 77 }) ms=47.000
MASK rule=rest_1 state=75 key=Some(RuleMaskKey { fsm_hash: 6635194092101876856, fsm_new_node_id: 7, state_cnt: 17, edge_cnt: 75 }) ms=65.242
MASK rule=rest_1 state=65 key=Some(RuleMaskKey { fsm_hash: 6635194092101876856, fsm_new_node_id: 13, state_cnt: 17, edge_cnt: 75 }) ms=64.683
MASK rule=rest_1 state=68 key=Some(RuleMaskKey { fsm_hash: 6635194092101876856, fsm_new_node_id: 10, state_cnt: 17, edge_cnt: 75 }) ms=64.803
MASK rule=rest_1 state=63 key=Some(RuleMaskKey { fsm_hash: 6635194092101876856, fsm_new_node_id: 15, state_cnt: 17, edge_cnt: 75 }) ms=64.870
MASK rule=rest_1 state=78 key=Some(RuleMaskKey { fsm_hash: 6635194092101876856, fsm_new_node_id: 0, state_cnt: 17, edge_cnt: 75 }) ms=34.664
MASK rule=rest_1 state=64 key=Some(RuleMaskKey { fsm_hash: 6635194092101876856, fsm_new_node_id: 14, state_cnt: 17, edge_cnt: 75 }) ms=65.110
MASK rule=rest_1 state=67 key=Some(RuleMaskKey { fsm_hash: 6635194092101876856, fsm_new_node_id: 11, state_cnt: 17, edge_cnt: 75 }) ms=64.602
MASK rule=rest_1 state=73 key=Some(RuleMaskKey { fsm_hash: 6635194092101876856, fsm_new_node_id: 8, state_cnt: 17, edge_cnt: 75 }) ms=64.754
MASK rule=rest_1 state=66 key=Some(RuleMaskKey { fsm_hash: 6635194092101876856, fsm_new_node_id: 12, state_cnt: 17, edge_cnt: 75 }) ms=65.078
MASK rule=rest_1 state=71 key=Some(RuleMaskKey { fsm_hash: 6635194092101876856, fsm_new_node_id: 9, state_cnt: 17, edge_cnt: 75 }) ms=64.561
MASK rule=rest_1 state=76 key=Some(RuleMaskKey { fsm_hash: 6635194092101876856, fsm_new_node_id: 2, state_cnt: 17, edge_cnt: 75 }) ms=64.468
MASK rule=triggered_tags state=115 key=Some(RuleMaskKey { fsm_hash: 14492833436888634913, fsm_new_node_id: 7, state_cnt: 35, edge_cnt: 166 }) ms=5.709
MASK rule=rest_1 state=79 key=Some(RuleMaskKey { fsm_hash: 6635194092101876856, fsm_new_node_id: 16, state_cnt: 17, edge_cnt: 75 }) ms=64.667
MASK rule=first_content state=56 key=Some(RuleMaskKey { fsm_hash: 15765023653963454055, fsm_new_node_id: 15, state_cnt: 16, edge_cnt: 77 }) ms=46.585
MASK rule=triggered_tags state=114 key=Some(RuleMaskKey { fsm_hash: 14492833436888634913, fsm_new_node_id: 6, state_cnt: 35, edge_cnt: 166 }) ms=5.754
MASK rule=triggered_tags state=127 key=Some(RuleMaskKey { fsm_hash: 14492833436888634913, fsm_new_node_id: 19, state_cnt: 35, edge_cnt: 166 }) ms=5.627
MASK rule=triggered_tags state=135 key=Some(RuleMaskKey { fsm_hash: 14492833436888634913, fsm_new_node_id: 27, state_cnt: 35, edge_cnt: 166 }) ms=5.597
MASK rule=triggered_tags state=109 key=Some(RuleMaskKey { fsm_hash: 14492833436888634913, fsm_new_node_id: 1, state_cnt: 35, edge_cnt: 166 }) ms=5.457
MASK rule=triggered_tags state=121 key=Some(RuleMaskKey { fsm_hash: 14492833436888634913, fsm_new_node_id: 13, state_cnt: 35, edge_cnt: 166 }) ms=5.665
MASK rule=triggered_tags state=119 key=Some(RuleMaskKey { fsm_hash: 14492833436888634913, fsm_new_node_id: 11, state_cnt: 35, edge_cnt: 166 }) ms=5.303
MASK rule=triggered_tags state=136 key=Some(RuleMaskKey { fsm_hash: 14492833436888634913, fsm_new_node_id: 28, state_cnt: 35, edge_cnt: 166 }) ms=5.705
MASK rule=triggered_tags state=112 key=Some(RuleMaskKey { fsm_hash: 14492833436888634913, fsm_new_node_id: 4, state_cnt: 35, edge_cnt: 166 }) ms=5.362
MASK rule=triggered_tags state=132 key=Some(RuleMaskKey { fsm_hash: 14492833436888634913, fsm_new_node_id: 24, state_cnt: 35, edge_cnt: 166 }) ms=5.361
MASK rule=triggered_tags state=118 key=Some(RuleMaskKey { fsm_hash: 14492833436888634913, fsm_new_node_id: 10, state_cnt: 35, edge_cnt: 166 }) ms=5.271
MASK rule=triggered_tags state=111 key=Some(RuleMaskKey { fsm_hash: 14492833436888634913, fsm_new_node_id: 3, state_cnt: 35, edge_cnt: 166 }) ms=5.448
MASK rule=triggered_tags state=137 key=Some(RuleMaskKey { fsm_hash: 14492833436888634913, fsm_new_node_id: 29, state_cnt: 35, edge_cnt: 166 }) ms=5.356
MASK rule=triggered_tags state=140 key=Some(RuleMaskKey { fsm_hash: 14492833436888634913, fsm_new_node_id: 32, state_cnt: 35, edge_cnt: 166 }) ms=5.416
MASK rule=triggered_tags state=138 key=Some(RuleMaskKey { fsm_hash: 14492833436888634913, fsm_new_node_id: 30, state_cnt: 35, edge_cnt: 166 }) ms=5.374
MASK rule=triggered_tags state=125 key=Some(RuleMaskKey { fsm_hash: 14492833436888634913, fsm_new_node_id: 17, state_cnt: 35, edge_cnt: 166 }) ms=5.757
MASK rule=triggered_tags state=110 key=Some(RuleMaskKey { fsm_hash: 14492833436888634913, fsm_new_node_id: 2, state_cnt: 35, edge_cnt: 166 }) ms=5.730
MASK rule=triggered_tags state=141 key=Some(RuleMaskKey { fsm_hash: 14492833436888634913, fsm_new_node_id: 33, state_cnt: 35, edge_cnt: 166 }) ms=5.420
MASK rule=triggered_tags state=124 key=Some(RuleMaskKey { fsm_hash: 14492833436888634913, fsm_new_node_id: 16, state_cnt: 35, edge_cnt: 166 }) ms=5.642
MASK rule=triggered_tags state=123 key=Some(RuleMaskKey { fsm_hash: 14492833436888634913, fsm_new_node_id: 15, state_cnt: 35, edge_cnt: 166 }) ms=5.573
MASK rule=triggered_tags state=139 key=Some(RuleMaskKey { fsm_hash: 14492833436888634913, fsm_new_node_id: 31, state_cnt: 35, edge_cnt: 166 }) ms=5.782
MASK rule=triggered_tags state=117 key=Some(RuleMaskKey { fsm_hash: 14492833436888634913, fsm_new_node_id: 9, state_cnt: 35, edge_cnt: 166 }) ms=5.476
MASK rule=triggered_tags state=113 key=Some(RuleMaskKey { fsm_hash: 14492833436888634913, fsm_new_node_id: 5, state_cnt: 35, edge_cnt: 166 }) ms=6.228
MASK rule=triggered_tags state=122 key=Some(RuleMaskKey { fsm_hash: 14492833436888634913, fsm_new_node_id: 14, state_cnt: 35, edge_cnt: 166 }) ms=5.576
MASK rule=triggered_tags state=128 key=Some(RuleMaskKey { fsm_hash: 14492833436888634913, fsm_new_node_id: 20, state_cnt: 35, edge_cnt: 166 }) ms=5.362
MASK rule=triggered_tags state=130 key=Some(RuleMaskKey { fsm_hash: 14492833436888634913, fsm_new_node_id: 22, state_cnt: 35, edge_cnt: 166 }) ms=5.425
MASK rule=triggered_tags state=131 key=Some(RuleMaskKey { fsm_hash: 14492833436888634913, fsm_new_node_id: 23, state_cnt: 35, edge_cnt: 166 }) ms=6.013
MASK rule=triggered_tags state=133 key=Some(RuleMaskKey { fsm_hash: 14492833436888634913, fsm_new_node_id: 25, state_cnt: 35, edge_cnt: 166 }) ms=6.197
MASK rule=triggered_tags state=134 key=Some(RuleMaskKey { fsm_hash: 14492833436888634913, fsm_new_node_id: 26, state_cnt: 35, edge_cnt: 166 }) ms=5.344
MASK rule=triggered_tags state=116 key=Some(RuleMaskKey { fsm_hash: 14492833436888634913, fsm_new_node_id: 8, state_cnt: 35, edge_cnt: 166 }) ms=5.430
MASK rule=triggered_tags state=126 key=Some(RuleMaskKey { fsm_hash: 14492833436888634913, fsm_new_node_id: 18, state_cnt: 35, edge_cnt: 166 }) ms=5.851
MASK rule=triggered_tags state=129 key=Some(RuleMaskKey { fsm_hash: 14492833436888634913, fsm_new_node_id: 21, state_cnt: 35, edge_cnt: 166 }) ms=5.381
MASK rule=value state=38 key=Some(RuleMaskKey { fsm_hash: 5061747085161151000, fsm_new_node_id: 0, state_cnt: 3, edge_cnt: 6 }) ms=31.257
MASK rule=triggered_tags state=120 key=Some(RuleMaskKey { fsm_hash: 14492833436888634913, fsm_new_node_id: 12, state_cnt: 35, edge_cnt: 166 }) ms=5.238
MASK rule=triggered_tags state=108 key=Some(RuleMaskKey { fsm_hash: 14492833436888634913, fsm_new_node_id: 0, state_cnt: 35, edge_cnt: 166 }) ms=5.265
MASK rule=paramname state=31 key=Some(RuleMaskKey { fsm_hash: 3101640816715427322, fsm_new_node_id: 0, state_cnt: 8, edge_cnt: 8 }) ms=4.762
MASK rule=triggered_tags_group state=81 key=Some(RuleMaskKey { fsm_hash: 15934272719171779142, fsm_new_node_id: 2, state_cnt: 28, edge_cnt: 27 }) ms=4.670
MASK rule=paramname state=36 key=Some(RuleMaskKey { fsm_hash: 3101640816715427322, fsm_new_node_id: 4, state_cnt: 8, edge_cnt: 8 }) ms=4.657
MASK rule=triggered_tags_group state=93 key=Some(RuleMaskKey { fsm_hash: 15934272719171779142, fsm_new_node_id: 13, state_cnt: 28, edge_cnt: 27 }) ms=4.661
MASK rule=triggered_tags_group state=95 key=Some(RuleMaskKey { fsm_hash: 15934272719171779142, fsm_new_node_id: 15, state_cnt: 28, edge_cnt: 27 }) ms=4.667
MASK rule=triggered_tags_group state=97 key=Some(RuleMaskKey { fsm_hash: 15934272719171779142, fsm_new_node_id: 17, state_cnt: 28, edge_cnt: 27 }) ms=4.662
MASK rule=triggered_tags_group state=100 key=Some(RuleMaskKey { fsm_hash: 15934272719171779142, fsm_new_node_id: 20, state_cnt: 28, edge_cnt: 27 }) ms=4.652
MASK rule=param state=15 key=Some(RuleMaskKey { fsm_hash: 13918019913926151129, fsm_new_node_id: 8, state_cnt: 27, edge_cnt: 26 }) ms=4.679
MASK rule=triggered_tags_group state=96 key=Some(RuleMaskKey { fsm_hash: 15934272719171779142, fsm_new_node_id: 16, state_cnt: 28, edge_cnt: 27 }) ms=4.665
MASK rule=triggered_tags_group state=85 key=Some(RuleMaskKey { fsm_hash: 15934272719171779142, fsm_new_node_id: 5, state_cnt: 28, edge_cnt: 27 }) ms=4.694
MASK rule=triggered_tags_group state=82 key=Some(RuleMaskKey { fsm_hash: 15934272719171779142, fsm_new_node_id: 0, state_cnt: 28, edge_cnt: 27 }) ms=4.645
MASK rule=triggered_tags_group state=103 key=Some(RuleMaskKey { fsm_hash: 15934272719171779142, fsm_new_node_id: 23, state_cnt: 28, edge_cnt: 27 }) ms=4.652
MASK rule=triggered_tags_group state=106 key=Some(RuleMaskKey { fsm_hash: 15934272719171779142, fsm_new_node_id: 26, state_cnt: 28, edge_cnt: 27 }) ms=4.698
MASK rule=triggered_tags_group state=87 key=Some(RuleMaskKey { fsm_hash: 15934272719171779142, fsm_new_node_id: 7, state_cnt: 28, edge_cnt: 27 }) ms=4.717
MASK rule=triggered_tags_group state=94 key=Some(RuleMaskKey { fsm_hash: 15934272719171779142, fsm_new_node_id: 14, state_cnt: 28, edge_cnt: 27 }) ms=4.723
MASK rule=triggered_tags_group state=90 key=Some(RuleMaskKey { fsm_hash: 15934272719171779142, fsm_new_node_id: 10, state_cnt: 28, edge_cnt: 27 }) ms=4.785
MASK rule=triggered_tags_group state=102 key=Some(RuleMaskKey { fsm_hash: 15934272719171779142, fsm_new_node_id: 22, state_cnt: 28, edge_cnt: 27 }) ms=4.748
MASK rule=triggered_tags_group state=105 key=Some(RuleMaskKey { fsm_hash: 15934272719171779142, fsm_new_node_id: 25, state_cnt: 28, edge_cnt: 27 }) ms=4.852
MASK rule=triggered_tags_group state=83 key=Some(RuleMaskKey { fsm_hash: 15934272719171779142, fsm_new_node_id: 3, state_cnt: 28, edge_cnt: 27 }) ms=4.680
MASK rule=triggered_tags_group state=104 key=Some(RuleMaskKey { fsm_hash: 15934272719171779142, fsm_new_node_id: 24, state_cnt: 28, edge_cnt: 27 }) ms=5.016
MASK rule=triggered_tags_group state=84 key=Some(RuleMaskKey { fsm_hash: 15934272719171779142, fsm_new_node_id: 4, state_cnt: 28, edge_cnt: 27 }) ms=4.608
MASK rule=triggered_tags_group state=88 key=Some(RuleMaskKey { fsm_hash: 15934272719171779142, fsm_new_node_id: 8, state_cnt: 28, edge_cnt: 27 }) ms=4.623
MASK rule=triggered_tags_group state=89 key=Some(RuleMaskKey { fsm_hash: 15934272719171779142, fsm_new_node_id: 9, state_cnt: 28, edge_cnt: 27 }) ms=4.538
MASK rule=triggered_tags_group state=98 key=Some(RuleMaskKey { fsm_hash: 15934272719171779142, fsm_new_node_id: 18, state_cnt: 28, edge_cnt: 27 }) ms=4.730
MASK rule=triggered_tags_group state=99 key=Some(RuleMaskKey { fsm_hash: 15934272719171779142, fsm_new_node_id: 19, state_cnt: 28, edge_cnt: 27 }) ms=4.576
MASK rule=triggered_tags_group state=86 key=Some(RuleMaskKey { fsm_hash: 15934272719171779142, fsm_new_node_id: 6, state_cnt: 28, edge_cnt: 27 }) ms=4.629
MASK rule=triggered_tags_group state=91 key=Some(RuleMaskKey { fsm_hash: 15934272719171779142, fsm_new_node_id: 11, state_cnt: 28, edge_cnt: 27 }) ms=4.723
MASK rule=triggered_tags_group state=101 key=Some(RuleMaskKey { fsm_hash: 15934272719171779142, fsm_new_node_id: 21, state_cnt: 28, edge_cnt: 27 }) ms=4.611
MASK rule=triggered_tags_group state=92 key=Some(RuleMaskKey { fsm_hash: 15934272719171779142, fsm_new_node_id: 12, state_cnt: 28, edge_cnt: 27 }) ms=4.651
MASK rule=param state=9 key=Some(RuleMaskKey { fsm_hash: 13918019913926151129, fsm_new_node_id: 2, state_cnt: 27, edge_cnt: 26 }) ms=4.679
MASK rule=paramname state=35 key=Some(RuleMaskKey { fsm_hash: 3101640816715427322, fsm_new_node_id: 2, state_cnt: 8, edge_cnt: 8 }) ms=4.683
MASK rule=param state=4 key=Some(RuleMaskKey { fsm_hash: 13918019913926151129, fsm_new_node_id: 12, state_cnt: 27, edge_cnt: 26 }) ms=4.721
MASK rule=param state=6 key=Some(RuleMaskKey { fsm_hash: 13918019913926151129, fsm_new_node_id: 14, state_cnt: 27, edge_cnt: 26 }) ms=4.642
MASK rule=first_content state=51 key=Some(RuleMaskKey { fsm_hash: 15765023653963454055, fsm_new_node_id: 3, state_cnt: 16, edge_cnt: 77 }) ms=4.635
MASK rule=param state=18 key=Some(RuleMaskKey { fsm_hash: 13918019913926151129, fsm_new_node_id: 15, state_cnt: 27, edge_cnt: 26 }) ms=4.615
MASK rule=param state=10 key=Some(RuleMaskKey { fsm_hash: 13918019913926151129, fsm_new_node_id: 3, state_cnt: 27, edge_cnt: 26 }) ms=4.619
MASK rule=param state=13 key=Some(RuleMaskKey { fsm_hash: 13918019913926151129, fsm_new_node_id: 6, state_cnt: 27, edge_cnt: 26 }) ms=4.594
MASK rule=first_content state=49 key=Some(RuleMaskKey { fsm_hash: 15765023653963454055, fsm_new_node_id: 4, state_cnt: 16, edge_cnt: 77 }) ms=4.729
MASK rule=first_content state=48 key=Some(RuleMaskKey { fsm_hash: 15765023653963454055, fsm_new_node_id: 5, state_cnt: 16, edge_cnt: 77 }) ms=4.875
MASK rule=param state=21 key=Some(RuleMaskKey { fsm_hash: 13918019913926151129, fsm_new_node_id: 18, state_cnt: 27, edge_cnt: 26 }) ms=4.617
MASK rule=param state=19 key=Some(RuleMaskKey { fsm_hash: 13918019913926151129, fsm_new_node_id: 16, state_cnt: 27, edge_cnt: 26 }) ms=4.700
MASK rule=param state=7 key=Some(RuleMaskKey { fsm_hash: 13918019913926151129, fsm_new_node_id: 0, state_cnt: 27, edge_cnt: 26 }) ms=4.627
MASK rule=param state=8 key=Some(RuleMaskKey { fsm_hash: 13918019913926151129, fsm_new_node_id: 1, state_cnt: 27, edge_cnt: 26 }) ms=4.599
MASK rule=param state=16 key=Some(RuleMaskKey { fsm_hash: 13918019913926151129, fsm_new_node_id: 9, state_cnt: 27, edge_cnt: 26 }) ms=4.609
MASK rule=param state=14 key=Some(RuleMaskKey { fsm_hash: 13918019913926151129, fsm_new_node_id: 7, state_cnt: 27, edge_cnt: 26 }) ms=4.594
MASK rule=param state=22 key=Some(RuleMaskKey { fsm_hash: 13918019913926151129, fsm_new_node_id: 19, state_cnt: 27, edge_cnt: 26 }) ms=4.667
MASK rule=param state=12 key=Some(RuleMaskKey { fsm_hash: 13918019913926151129, fsm_new_node_id: 5, state_cnt: 27, edge_cnt: 26 }) ms=4.695
MASK rule=param state=23 key=Some(RuleMaskKey { fsm_hash: 13918019913926151129, fsm_new_node_id: 20, state_cnt: 27, edge_cnt: 26 }) ms=4.671
MASK rule=root_1 state=59 key=Some(RuleMaskKey { fsm_hash: 5360928561597719061, fsm_new_node_id: 0, state_cnt: 4, edge_cnt: 3 }) ms=4.612
MASK rule=param state=27 key=Some(RuleMaskKey { fsm_hash: 13918019913926151129, fsm_new_node_id: 24, state_cnt: 27, edge_cnt: 26 }) ms=4.996
MASK rule=param state=28 key=Some(RuleMaskKey { fsm_hash: 13918019913926151129, fsm_new_node_id: 25, state_cnt: 27, edge_cnt: 26 }) ms=4.799
MASK rule=rest_1 state=72 key=Some(RuleMaskKey { fsm_hash: 6635194092101876856, fsm_new_node_id: 3, state_cnt: 17, edge_cnt: 75 }) ms=4.628
MASK rule=param state=24 key=Some(RuleMaskKey { fsm_hash: 13918019913926151129, fsm_new_node_id: 21, state_cnt: 27, edge_cnt: 26 }) ms=4.616
MASK rule=param state=25 key=Some(RuleMaskKey { fsm_hash: 13918019913926151129, fsm_new_node_id: 22, state_cnt: 27, edge_cnt: 26 }) ms=4.618
MASK rule=param state=11 key=Some(RuleMaskKey { fsm_hash: 13918019913926151129, fsm_new_node_id: 4, state_cnt: 27, edge_cnt: 26 }) ms=4.767
MASK rule=param state=26 key=Some(RuleMaskKey { fsm_hash: 13918019913926151129, fsm_new_node_id: 23, state_cnt: 27, edge_cnt: 26 }) ms=4.619
MASK rule=param state=17 key=Some(RuleMaskKey { fsm_hash: 13918019913926151129, fsm_new_node_id: 10, state_cnt: 27, edge_cnt: 26 }) ms=4.615
MASK rule=rest_1 state=69 key=Some(RuleMaskKey { fsm_hash: 6635194092101876856, fsm_new_node_id: 5, state_cnt: 17, edge_cnt: 75 }) ms=4.595
MASK rule=param state=20 key=Some(RuleMaskKey { fsm_hash: 13918019913926151129, fsm_new_node_id: 17, state_cnt: 27, edge_cnt: 26 }) ms=4.629
MASK rule=rest_1 state=70 key=Some(RuleMaskKey { fsm_hash: 6635194092101876856, fsm_new_node_id: 4, state_cnt: 17, edge_cnt: 75 }) ms=4.615
MASK rule=paramname state=34 key=Some(RuleMaskKey { fsm_hash: 3101640816715427322, fsm_new_node_id: 5, state_cnt: 8, edge_cnt: 8 }) ms=4.578
MASK rule=paramname state=37 key=Some(RuleMaskKey { fsm_hash: 3101640816715427322, fsm_new_node_id: 6, state_cnt: 8, edge_cnt: 8 }) ms=4.643
MASK rule=paramname state=33 key=Some(RuleMaskKey { fsm_hash: 3101640816715427322, fsm_new_node_id: 3, state_cnt: 8, edge_cnt: 8 }) ms=4.606
MASK rule=paramname state=32 key=Some(RuleMaskKey { fsm_hash: 3101640816715427322, fsm_new_node_id: 1, state_cnt: 8, edge_cnt: 8 }) ms=4.606
BEGIN mode=true rep=0 threads=4
MASK rule=first_content state=55 key=Some(RuleMaskKey { fsm_hash: 15765023653963454055, fsm_new_node_id: 0, state_cnt: 16, edge_cnt: 77 }) ms=99.404
MASK rule=first_content state=53 key=Some(RuleMaskKey { fsm_hash: 15765023653963454055, fsm_new_node_id: 2, state_cnt: 16, edge_cnt: 77 }) ms=234.495
MASK rule=first_content state=50 key=Some(RuleMaskKey { fsm_hash: 15765023653963454055, fsm_new_node_id: 7, state_cnt: 16, edge_cnt: 77 }) ms=254.714
MASK rule=first_content state=41 key=Some(RuleMaskKey { fsm_hash: 15765023653963454055, fsm_new_node_id: 14, state_cnt: 16, edge_cnt: 77 }) ms=230.552
MASK rule=rest_1 state=68 key=Some(RuleMaskKey { fsm_hash: 6635194092101876856, fsm_new_node_id: 10, state_cnt: 17, edge_cnt: 75 }) ms=352.429
MASK rule=first_content state=43 key=Some(RuleMaskKey { fsm_hash: 15765023653963454055, fsm_new_node_id: 12, state_cnt: 16, edge_cnt: 77 }) ms=221.119
MASK rule=first_content state=45 key=Some(RuleMaskKey { fsm_hash: 15765023653963454055, fsm_new_node_id: 10, state_cnt: 16, edge_cnt: 77 }) ms=230.838
MASK rule=first_content state=42 key=Some(RuleMaskKey { fsm_hash: 15765023653963454055, fsm_new_node_id: 13, state_cnt: 16, edge_cnt: 77 }) ms=204.782
MASK rule=first_content state=52 key=Some(RuleMaskKey { fsm_hash: 15765023653963454055, fsm_new_node_id: 6, state_cnt: 16, edge_cnt: 77 }) ms=210.315
MASK rule=first_content state=47 key=Some(RuleMaskKey { fsm_hash: 15765023653963454055, fsm_new_node_id: 8, state_cnt: 16, edge_cnt: 77 }) ms=219.416
MASK rule=first_content state=46 key=Some(RuleMaskKey { fsm_hash: 15765023653963454055, fsm_new_node_id: 9, state_cnt: 16, edge_cnt: 77 }) ms=237.207
MASK rule=first_content state=44 key=Some(RuleMaskKey { fsm_hash: 15765023653963454055, fsm_new_node_id: 11, state_cnt: 16, edge_cnt: 77 }) ms=221.138
MASK rule=rest_1 state=75 key=Some(RuleMaskKey { fsm_hash: 6635194092101876856, fsm_new_node_id: 7, state_cnt: 17, edge_cnt: 75 }) ms=332.295
MASK rule=rest_1 state=78 key=Some(RuleMaskKey { fsm_hash: 6635194092101876856, fsm_new_node_id: 0, state_cnt: 17, edge_cnt: 75 }) ms=157.204
MASK rule=rest_1 state=76 key=Some(RuleMaskKey { fsm_hash: 6635194092101876856, fsm_new_node_id: 2, state_cnt: 17, edge_cnt: 75 }) ms=361.710
MASK rule=rest_1 state=64 key=Some(RuleMaskKey { fsm_hash: 6635194092101876856, fsm_new_node_id: 14, state_cnt: 17, edge_cnt: 75 }) ms=380.366
MASK rule=rest_1 state=71 key=Some(RuleMaskKey { fsm_hash: 6635194092101876856, fsm_new_node_id: 9, state_cnt: 17, edge_cnt: 75 }) ms=327.616
MASK rule=rest_1 state=63 key=Some(RuleMaskKey { fsm_hash: 6635194092101876856, fsm_new_node_id: 15, state_cnt: 17, edge_cnt: 75 }) ms=317.880
MASK rule=rest_1 state=67 key=Some(RuleMaskKey { fsm_hash: 6635194092101876856, fsm_new_node_id: 11, state_cnt: 17, edge_cnt: 75 }) ms=367.230
MASK rule=triggered_tags state=125 key=Some(RuleMaskKey { fsm_hash: 14492833436888634913, fsm_new_node_id: 17, state_cnt: 35, edge_cnt: 166 }) ms=10.221
MASK rule=triggered_tags state=123 key=Some(RuleMaskKey { fsm_hash: 14492833436888634913, fsm_new_node_id: 15, state_cnt: 35, edge_cnt: 166 }) ms=9.110
MASK rule=rest_1 state=65 key=Some(RuleMaskKey { fsm_hash: 6635194092101876856, fsm_new_node_id: 13, state_cnt: 17, edge_cnt: 75 }) ms=365.139
MASK rule=rest_1 state=73 key=Some(RuleMaskKey { fsm_hash: 6635194092101876856, fsm_new_node_id: 8, state_cnt: 17, edge_cnt: 75 }) ms=334.128
MASK rule=rest_1 state=66 key=Some(RuleMaskKey { fsm_hash: 6635194092101876856, fsm_new_node_id: 12, state_cnt: 17, edge_cnt: 75 }) ms=330.106
MASK rule=triggered_tags state=109 key=Some(RuleMaskKey { fsm_hash: 14492833436888634913, fsm_new_node_id: 1, state_cnt: 35, edge_cnt: 166 }) ms=9.375
MASK rule=triggered_tags state=138 key=Some(RuleMaskKey { fsm_hash: 14492833436888634913, fsm_new_node_id: 30, state_cnt: 35, edge_cnt: 166 }) ms=9.571
MASK rule=triggered_tags state=130 key=Some(RuleMaskKey { fsm_hash: 14492833436888634913, fsm_new_node_id: 22, state_cnt: 35, edge_cnt: 166 }) ms=9.303
MASK rule=triggered_tags state=113 key=Some(RuleMaskKey { fsm_hash: 14492833436888634913, fsm_new_node_id: 5, state_cnt: 35, edge_cnt: 166 }) ms=11.545
MASK rule=triggered_tags state=132 key=Some(RuleMaskKey { fsm_hash: 14492833436888634913, fsm_new_node_id: 24, state_cnt: 35, edge_cnt: 166 }) ms=9.340
MASK rule=triggered_tags state=122 key=Some(RuleMaskKey { fsm_hash: 14492833436888634913, fsm_new_node_id: 14, state_cnt: 35, edge_cnt: 166 }) ms=9.917
MASK rule=triggered_tags state=133 key=Some(RuleMaskKey { fsm_hash: 14492833436888634913, fsm_new_node_id: 25, state_cnt: 35, edge_cnt: 166 }) ms=11.223
MASK rule=triggered_tags state=116 key=Some(RuleMaskKey { fsm_hash: 14492833436888634913, fsm_new_node_id: 8, state_cnt: 35, edge_cnt: 166 }) ms=9.718
MASK rule=first_content state=56 key=Some(RuleMaskKey { fsm_hash: 15765023653963454055, fsm_new_node_id: 15, state_cnt: 16, edge_cnt: 77 }) ms=178.452
MASK rule=triggered_tags state=141 key=Some(RuleMaskKey { fsm_hash: 14492833436888634913, fsm_new_node_id: 33, state_cnt: 35, edge_cnt: 166 }) ms=9.051
MASK rule=triggered_tags state=127 key=Some(RuleMaskKey { fsm_hash: 14492833436888634913, fsm_new_node_id: 19, state_cnt: 35, edge_cnt: 166 }) ms=9.969
MASK rule=triggered_tags state=137 key=Some(RuleMaskKey { fsm_hash: 14492833436888634913, fsm_new_node_id: 29, state_cnt: 35, edge_cnt: 166 }) ms=9.803
MASK rule=triggered_tags state=121 key=Some(RuleMaskKey { fsm_hash: 14492833436888634913, fsm_new_node_id: 13, state_cnt: 35, edge_cnt: 166 }) ms=9.230
MASK rule=triggered_tags state=112 key=Some(RuleMaskKey { fsm_hash: 14492833436888634913, fsm_new_node_id: 4, state_cnt: 35, edge_cnt: 166 }) ms=9.697
MASK rule=triggered_tags state=110 key=Some(RuleMaskKey { fsm_hash: 14492833436888634913, fsm_new_node_id: 2, state_cnt: 35, edge_cnt: 166 }) ms=9.550
MASK rule=triggered_tags state=117 key=Some(RuleMaskKey { fsm_hash: 14492833436888634913, fsm_new_node_id: 9, state_cnt: 35, edge_cnt: 166 }) ms=9.264
MASK rule=triggered_tags state=128 key=Some(RuleMaskKey { fsm_hash: 14492833436888634913, fsm_new_node_id: 20, state_cnt: 35, edge_cnt: 166 }) ms=8.836
MASK rule=triggered_tags state=131 key=Some(RuleMaskKey { fsm_hash: 14492833436888634913, fsm_new_node_id: 23, state_cnt: 35, edge_cnt: 166 }) ms=10.095
MASK rule=triggered_tags state=126 key=Some(RuleMaskKey { fsm_hash: 14492833436888634913, fsm_new_node_id: 18, state_cnt: 35, edge_cnt: 166 }) ms=9.844
MASK rule=rest_1 state=79 key=Some(RuleMaskKey { fsm_hash: 6635194092101876856, fsm_new_node_id: 16, state_cnt: 17, edge_cnt: 75 }) ms=168.805
MASK rule=triggered_tags state=140 key=Some(RuleMaskKey { fsm_hash: 14492833436888634913, fsm_new_node_id: 32, state_cnt: 35, edge_cnt: 166 }) ms=8.723
MASK rule=triggered_tags state=136 key=Some(RuleMaskKey { fsm_hash: 14492833436888634913, fsm_new_node_id: 28, state_cnt: 35, edge_cnt: 166 }) ms=9.849
MASK rule=triggered_tags state=134 key=Some(RuleMaskKey { fsm_hash: 14492833436888634913, fsm_new_node_id: 26, state_cnt: 35, edge_cnt: 166 }) ms=9.044
MASK rule=triggered_tags state=111 key=Some(RuleMaskKey { fsm_hash: 14492833436888634913, fsm_new_node_id: 3, state_cnt: 35, edge_cnt: 166 }) ms=9.199
MASK rule=triggered_tags state=139 key=Some(RuleMaskKey { fsm_hash: 14492833436888634913, fsm_new_node_id: 31, state_cnt: 35, edge_cnt: 166 }) ms=9.183
MASK rule=triggered_tags state=124 key=Some(RuleMaskKey { fsm_hash: 14492833436888634913, fsm_new_node_id: 16, state_cnt: 35, edge_cnt: 166 }) ms=9.711
MASK rule=triggered_tags state=115 key=Some(RuleMaskKey { fsm_hash: 14492833436888634913, fsm_new_node_id: 7, state_cnt: 35, edge_cnt: 166 }) ms=9.520
MASK rule=triggered_tags state=119 key=Some(RuleMaskKey { fsm_hash: 14492833436888634913, fsm_new_node_id: 11, state_cnt: 35, edge_cnt: 166 }) ms=8.882
MASK rule=triggered_tags state=135 key=Some(RuleMaskKey { fsm_hash: 14492833436888634913, fsm_new_node_id: 27, state_cnt: 35, edge_cnt: 166 }) ms=9.202
MASK rule=triggered_tags state=118 key=Some(RuleMaskKey { fsm_hash: 14492833436888634913, fsm_new_node_id: 10, state_cnt: 35, edge_cnt: 166 }) ms=9.443
MASK rule=triggered_tags state=114 key=Some(RuleMaskKey { fsm_hash: 14492833436888634913, fsm_new_node_id: 6, state_cnt: 35, edge_cnt: 166 }) ms=9.190
MASK rule=triggered_tags state=129 key=Some(RuleMaskKey { fsm_hash: 14492833436888634913, fsm_new_node_id: 21, state_cnt: 35, edge_cnt: 166 }) ms=9.007
MASK rule=triggered_tags state=108 key=Some(RuleMaskKey { fsm_hash: 14492833436888634913, fsm_new_node_id: 0, state_cnt: 35, edge_cnt: 166 }) ms=9.457
MASK rule=triggered_tags state=120 key=Some(RuleMaskKey { fsm_hash: 14492833436888634913, fsm_new_node_id: 12, state_cnt: 35, edge_cnt: 166 }) ms=9.066
MASK rule=paramname state=31 key=Some(RuleMaskKey { fsm_hash: 3101640816715427322, fsm_new_node_id: 0, state_cnt: 8, edge_cnt: 8 }) ms=8.038
MASK rule=paramname state=34 key=Some(RuleMaskKey { fsm_hash: 3101640816715427322, fsm_new_node_id: 5, state_cnt: 8, edge_cnt: 8 }) ms=8.330
MASK rule=triggered_tags_group state=89 key=Some(RuleMaskKey { fsm_hash: 15934272719171779142, fsm_new_node_id: 9, state_cnt: 28, edge_cnt: 27 }) ms=8.685
MASK rule=triggered_tags_group state=83 key=Some(RuleMaskKey { fsm_hash: 15934272719171779142, fsm_new_node_id: 3, state_cnt: 28, edge_cnt: 27 }) ms=7.986
MASK rule=triggered_tags_group state=87 key=Some(RuleMaskKey { fsm_hash: 15934272719171779142, fsm_new_node_id: 7, state_cnt: 28, edge_cnt: 27 }) ms=8.316
MASK rule=triggered_tags_group state=102 key=Some(RuleMaskKey { fsm_hash: 15934272719171779142, fsm_new_node_id: 22, state_cnt: 28, edge_cnt: 27 }) ms=8.640
MASK rule=triggered_tags_group state=106 key=Some(RuleMaskKey { fsm_hash: 15934272719171779142, fsm_new_node_id: 26, state_cnt: 28, edge_cnt: 27 }) ms=8.007
MASK rule=value state=38 key=Some(RuleMaskKey { fsm_hash: 5061747085161151000, fsm_new_node_id: 0, state_cnt: 3, edge_cnt: 6 }) ms=35.468
MASK rule=param state=19 key=Some(RuleMaskKey { fsm_hash: 13918019913926151129, fsm_new_node_id: 16, state_cnt: 27, edge_cnt: 26 }) ms=8.296
MASK rule=triggered_tags_group state=93 key=Some(RuleMaskKey { fsm_hash: 15934272719171779142, fsm_new_node_id: 13, state_cnt: 28, edge_cnt: 27 }) ms=8.633
MASK rule=triggered_tags_group state=84 key=Some(RuleMaskKey { fsm_hash: 15934272719171779142, fsm_new_node_id: 4, state_cnt: 28, edge_cnt: 27 }) ms=8.272
MASK rule=triggered_tags_group state=88 key=Some(RuleMaskKey { fsm_hash: 15934272719171779142, fsm_new_node_id: 8, state_cnt: 28, edge_cnt: 27 }) ms=8.313
MASK rule=triggered_tags_group state=104 key=Some(RuleMaskKey { fsm_hash: 15934272719171779142, fsm_new_node_id: 24, state_cnt: 28, edge_cnt: 27 }) ms=8.345
MASK rule=triggered_tags_group state=99 key=Some(RuleMaskKey { fsm_hash: 15934272719171779142, fsm_new_node_id: 19, state_cnt: 28, edge_cnt: 27 }) ms=8.674
MASK rule=triggered_tags_group state=91 key=Some(RuleMaskKey { fsm_hash: 15934272719171779142, fsm_new_node_id: 11, state_cnt: 28, edge_cnt: 27 }) ms=8.301
MASK rule=triggered_tags_group state=90 key=Some(RuleMaskKey { fsm_hash: 15934272719171779142, fsm_new_node_id: 10, state_cnt: 28, edge_cnt: 27 }) ms=8.224
MASK rule=triggered_tags_group state=95 key=Some(RuleMaskKey { fsm_hash: 15934272719171779142, fsm_new_node_id: 15, state_cnt: 28, edge_cnt: 27 }) ms=8.359
MASK rule=triggered_tags_group state=100 key=Some(RuleMaskKey { fsm_hash: 15934272719171779142, fsm_new_node_id: 20, state_cnt: 28, edge_cnt: 27 }) ms=8.671
MASK rule=triggered_tags_group state=94 key=Some(RuleMaskKey { fsm_hash: 15934272719171779142, fsm_new_node_id: 14, state_cnt: 28, edge_cnt: 27 }) ms=8.265
MASK rule=triggered_tags_group state=82 key=Some(RuleMaskKey { fsm_hash: 15934272719171779142, fsm_new_node_id: 0, state_cnt: 28, edge_cnt: 27 }) ms=8.241
MASK rule=triggered_tags_group state=101 key=Some(RuleMaskKey { fsm_hash: 15934272719171779142, fsm_new_node_id: 21, state_cnt: 28, edge_cnt: 27 }) ms=8.365
MASK rule=triggered_tags_group state=97 key=Some(RuleMaskKey { fsm_hash: 15934272719171779142, fsm_new_node_id: 17, state_cnt: 28, edge_cnt: 27 }) ms=8.694
MASK rule=triggered_tags_group state=86 key=Some(RuleMaskKey { fsm_hash: 15934272719171779142, fsm_new_node_id: 6, state_cnt: 28, edge_cnt: 27 }) ms=8.254
MASK rule=triggered_tags_group state=92 key=Some(RuleMaskKey { fsm_hash: 15934272719171779142, fsm_new_node_id: 12, state_cnt: 28, edge_cnt: 27 }) ms=8.183
MASK rule=triggered_tags_group state=105 key=Some(RuleMaskKey { fsm_hash: 15934272719171779142, fsm_new_node_id: 25, state_cnt: 28, edge_cnt: 27 }) ms=8.355
MASK rule=triggered_tags_group state=103 key=Some(RuleMaskKey { fsm_hash: 15934272719171779142, fsm_new_node_id: 23, state_cnt: 28, edge_cnt: 27 }) ms=8.680
MASK rule=triggered_tags_group state=81 key=Some(RuleMaskKey { fsm_hash: 15934272719171779142, fsm_new_node_id: 2, state_cnt: 28, edge_cnt: 27 }) ms=8.313
MASK rule=triggered_tags_group state=85 key=Some(RuleMaskKey { fsm_hash: 15934272719171779142, fsm_new_node_id: 5, state_cnt: 28, edge_cnt: 27 }) ms=8.229
MASK rule=triggered_tags_group state=96 key=Some(RuleMaskKey { fsm_hash: 15934272719171779142, fsm_new_node_id: 16, state_cnt: 28, edge_cnt: 27 }) ms=8.421
MASK rule=triggered_tags_group state=98 key=Some(RuleMaskKey { fsm_hash: 15934272719171779142, fsm_new_node_id: 18, state_cnt: 28, edge_cnt: 27 }) ms=8.647
MASK rule=param state=12 key=Some(RuleMaskKey { fsm_hash: 13918019913926151129, fsm_new_node_id: 5, state_cnt: 27, edge_cnt: 26 }) ms=8.295
MASK rule=paramname state=36 key=Some(RuleMaskKey { fsm_hash: 3101640816715427322, fsm_new_node_id: 4, state_cnt: 8, edge_cnt: 8 }) ms=8.287
MASK rule=paramname state=33 key=Some(RuleMaskKey { fsm_hash: 3101640816715427322, fsm_new_node_id: 3, state_cnt: 8, edge_cnt: 8 }) ms=8.352
MASK rule=param state=20 key=Some(RuleMaskKey { fsm_hash: 13918019913926151129, fsm_new_node_id: 17, state_cnt: 27, edge_cnt: 26 }) ms=8.338
MASK rule=param state=15 key=Some(RuleMaskKey { fsm_hash: 13918019913926151129, fsm_new_node_id: 8, state_cnt: 27, edge_cnt: 26 }) ms=8.697
MASK rule=param state=22 key=Some(RuleMaskKey { fsm_hash: 13918019913926151129, fsm_new_node_id: 19, state_cnt: 27, edge_cnt: 26 }) ms=8.216
MASK rule=param state=11 key=Some(RuleMaskKey { fsm_hash: 13918019913926151129, fsm_new_node_id: 4, state_cnt: 27, edge_cnt: 26 }) ms=8.362
MASK rule=param state=24 key=Some(RuleMaskKey { fsm_hash: 13918019913926151129, fsm_new_node_id: 21, state_cnt: 27, edge_cnt: 26 }) ms=8.244
MASK rule=param state=4 key=Some(RuleMaskKey { fsm_hash: 13918019913926151129, fsm_new_node_id: 12, state_cnt: 27, edge_cnt: 26 }) ms=8.427
MASK rule=param state=23 key=Some(RuleMaskKey { fsm_hash: 13918019913926151129, fsm_new_node_id: 20, state_cnt: 27, edge_cnt: 26 }) ms=8.615
MASK rule=param state=8 key=Some(RuleMaskKey { fsm_hash: 13918019913926151129, fsm_new_node_id: 1, state_cnt: 27, edge_cnt: 26 }) ms=8.353
MASK rule=param state=21 key=Some(RuleMaskKey { fsm_hash: 13918019913926151129, fsm_new_node_id: 18, state_cnt: 27, edge_cnt: 26 }) ms=8.220
MASK rule=param state=28 key=Some(RuleMaskKey { fsm_hash: 13918019913926151129, fsm_new_node_id: 25, state_cnt: 27, edge_cnt: 26 }) ms=8.286
MASK rule=first_content state=48 key=Some(RuleMaskKey { fsm_hash: 15765023653963454055, fsm_new_node_id: 5, state_cnt: 16, edge_cnt: 77 }) ms=8.637
MASK rule=param state=13 key=Some(RuleMaskKey { fsm_hash: 13918019913926151129, fsm_new_node_id: 6, state_cnt: 27, edge_cnt: 26 }) ms=8.356
MASK rule=param state=14 key=Some(RuleMaskKey { fsm_hash: 13918019913926151129, fsm_new_node_id: 7, state_cnt: 27, edge_cnt: 26 }) ms=8.276
MASK rule=first_content state=49 key=Some(RuleMaskKey { fsm_hash: 15765023653963454055, fsm_new_node_id: 4, state_cnt: 16, edge_cnt: 77 }) ms=8.275
MASK rule=first_content state=51 key=Some(RuleMaskKey { fsm_hash: 15765023653963454055, fsm_new_node_id: 3, state_cnt: 16, edge_cnt: 77 }) ms=8.755
MASK rule=param state=6 key=Some(RuleMaskKey { fsm_hash: 13918019913926151129, fsm_new_node_id: 14, state_cnt: 27, edge_cnt: 26 }) ms=8.354
MASK rule=root_1 state=59 key=Some(RuleMaskKey { fsm_hash: 5360928561597719061, fsm_new_node_id: 0, state_cnt: 4, edge_cnt: 3 }) ms=8.234
MASK rule=param state=25 key=Some(RuleMaskKey { fsm_hash: 13918019913926151129, fsm_new_node_id: 22, state_cnt: 27, edge_cnt: 26 }) ms=8.307
MASK rule=param state=27 key=Some(RuleMaskKey { fsm_hash: 13918019913926151129, fsm_new_node_id: 24, state_cnt: 27, edge_cnt: 26 }) ms=8.664
MASK rule=param state=9 key=Some(RuleMaskKey { fsm_hash: 13918019913926151129, fsm_new_node_id: 2, state_cnt: 27, edge_cnt: 26 }) ms=8.374
MASK rule=param state=7 key=Some(RuleMaskKey { fsm_hash: 13918019913926151129, fsm_new_node_id: 0, state_cnt: 27, edge_cnt: 26 }) ms=8.266
MASK rule=param state=16 key=Some(RuleMaskKey { fsm_hash: 13918019913926151129, fsm_new_node_id: 9, state_cnt: 27, edge_cnt: 26 }) ms=8.304
MASK rule=rest_1 state=70 key=Some(RuleMaskKey { fsm_hash: 6635194092101876856, fsm_new_node_id: 4, state_cnt: 17, edge_cnt: 75 }) ms=8.697
MASK rule=param state=17 key=Some(RuleMaskKey { fsm_hash: 13918019913926151129, fsm_new_node_id: 10, state_cnt: 27, edge_cnt: 26 }) ms=8.381
MASK rule=rest_1 state=69 key=Some(RuleMaskKey { fsm_hash: 6635194092101876856, fsm_new_node_id: 5, state_cnt: 17, edge_cnt: 75 }) ms=8.275
MASK rule=param state=18 key=Some(RuleMaskKey { fsm_hash: 13918019913926151129, fsm_new_node_id: 15, state_cnt: 27, edge_cnt: 26 }) ms=8.297
MASK rule=rest_1 state=72 key=Some(RuleMaskKey { fsm_hash: 6635194092101876856, fsm_new_node_id: 3, state_cnt: 17, edge_cnt: 75 }) ms=8.728
MASK rule=param state=26 key=Some(RuleMaskKey { fsm_hash: 13918019913926151129, fsm_new_node_id: 23, state_cnt: 27, edge_cnt: 26 }) ms=8.370
MASK rule=param state=10 key=Some(RuleMaskKey { fsm_hash: 13918019913926151129, fsm_new_node_id: 3, state_cnt: 27, edge_cnt: 26 }) ms=8.251
MASK rule=paramname state=32 key=Some(RuleMaskKey { fsm_hash: 3101640816715427322, fsm_new_node_id: 1, state_cnt: 8, edge_cnt: 8 }) ms=8.313
MASK rule=paramname state=37 key=Some(RuleMaskKey { fsm_hash: 3101640816715427322, fsm_new_node_id: 6, state_cnt: 8, edge_cnt: 8 }) ms=8.738
MASK rule=paramname state=35 key=Some(RuleMaskKey { fsm_hash: 3101640816715427322, fsm_new_node_id: 2, state_cnt: 8, edge_cnt: 8 }) ms=8.350
END mode=true rep=0
BEGIN mode=true rep=1 threads=1
MASK rule=first_content state=55 key=Some(RuleMaskKey { fsm_hash: 15765023653963454055, fsm_new_node_id: 0, state_cnt: 16, edge_cnt: 77 }) ms=31.857
MASK rule=rest_1 state=63 key=Some(RuleMaskKey { fsm_hash: 6635194092101876856, fsm_new_node_id: 15, state_cnt: 17, edge_cnt: 75 }) ms=68.323
MASK rule=first_content state=47 key=Some(RuleMaskKey { fsm_hash: 15765023653963454055, fsm_new_node_id: 8, state_cnt: 16, edge_cnt: 77 }) ms=50.006
MASK rule=first_content state=41 key=Some(RuleMaskKey { fsm_hash: 15765023653963454055, fsm_new_node_id: 14, state_cnt: 16, edge_cnt: 77 }) ms=50.063
MASK rule=first_content state=44 key=Some(RuleMaskKey { fsm_hash: 15765023653963454055, fsm_new_node_id: 11, state_cnt: 16, edge_cnt: 77 }) ms=50.097
MASK rule=first_content state=53 key=Some(RuleMaskKey { fsm_hash: 15765023653963454055, fsm_new_node_id: 2, state_cnt: 16, edge_cnt: 77 }) ms=50.108
MASK rule=first_content state=45 key=Some(RuleMaskKey { fsm_hash: 15765023653963454055, fsm_new_node_id: 10, state_cnt: 16, edge_cnt: 77 }) ms=49.870
MASK rule=first_content state=43 key=Some(RuleMaskKey { fsm_hash: 15765023653963454055, fsm_new_node_id: 12, state_cnt: 16, edge_cnt: 77 }) ms=50.151
MASK rule=first_content state=42 key=Some(RuleMaskKey { fsm_hash: 15765023653963454055, fsm_new_node_id: 13, state_cnt: 16, edge_cnt: 77 }) ms=49.932
MASK rule=first_content state=46 key=Some(RuleMaskKey { fsm_hash: 15765023653963454055, fsm_new_node_id: 9, state_cnt: 16, edge_cnt: 77 }) ms=50.124
MASK rule=first_content state=50 key=Some(RuleMaskKey { fsm_hash: 15765023653963454055, fsm_new_node_id: 7, state_cnt: 16, edge_cnt: 77 }) ms=49.973
MASK rule=first_content state=52 key=Some(RuleMaskKey { fsm_hash: 15765023653963454055, fsm_new_node_id: 6, state_cnt: 16, edge_cnt: 77 }) ms=50.154
MASK rule=rest_1 state=76 key=Some(RuleMaskKey { fsm_hash: 6635194092101876856, fsm_new_node_id: 2, state_cnt: 17, edge_cnt: 75 }) ms=68.190
MASK rule=rest_1 state=75 key=Some(RuleMaskKey { fsm_hash: 6635194092101876856, fsm_new_node_id: 7, state_cnt: 17, edge_cnt: 75 }) ms=68.514
MASK rule=rest_1 state=71 key=Some(RuleMaskKey { fsm_hash: 6635194092101876856, fsm_new_node_id: 9, state_cnt: 17, edge_cnt: 75 }) ms=68.260
MASK rule=rest_1 state=68 key=Some(RuleMaskKey { fsm_hash: 6635194092101876856, fsm_new_node_id: 10, state_cnt: 17, edge_cnt: 75 }) ms=67.981
MASK rule=rest_1 state=65 key=Some(RuleMaskKey { fsm_hash: 6635194092101876856, fsm_new_node_id: 13, state_cnt: 17, edge_cnt: 75 }) ms=67.979
MASK rule=rest_1 state=78 key=Some(RuleMaskKey { fsm_hash: 6635194092101876856, fsm_new_node_id: 0, state_cnt: 17, edge_cnt: 75 }) ms=38.710
MASK rule=rest_1 state=73 key=Some(RuleMaskKey { fsm_hash: 6635194092101876856, fsm_new_node_id: 8, state_cnt: 17, edge_cnt: 75 }) ms=67.963
MASK rule=rest_1 state=67 key=Some(RuleMaskKey { fsm_hash: 6635194092101876856, fsm_new_node_id: 11, state_cnt: 17, edge_cnt: 75 }) ms=68.004
MASK rule=rest_1 state=66 key=Some(RuleMaskKey { fsm_hash: 6635194092101876856, fsm_new_node_id: 12, state_cnt: 17, edge_cnt: 75 }) ms=68.037
MASK rule=rest_1 state=64 key=Some(RuleMaskKey { fsm_hash: 6635194092101876856, fsm_new_node_id: 14, state_cnt: 17, edge_cnt: 75 }) ms=68.100
MASK rule=triggered_tags state=127 key=Some(RuleMaskKey { fsm_hash: 14492833436888634913, fsm_new_node_id: 19, state_cnt: 35, edge_cnt: 166 }) ms=8.930
MASK rule=triggered_tags state=130 key=Some(RuleMaskKey { fsm_hash: 14492833436888634913, fsm_new_node_id: 22, state_cnt: 35, edge_cnt: 166 }) ms=8.686
MASK rule=first_content state=56 key=Some(RuleMaskKey { fsm_hash: 15765023653963454055, fsm_new_node_id: 15, state_cnt: 16, edge_cnt: 77 }) ms=50.058
MASK rule=rest_1 state=79 key=Some(RuleMaskKey { fsm_hash: 6635194092101876856, fsm_new_node_id: 16, state_cnt: 17, edge_cnt: 75 }) ms=67.926
MASK rule=triggered_tags state=121 key=Some(RuleMaskKey { fsm_hash: 14492833436888634913, fsm_new_node_id: 13, state_cnt: 35, edge_cnt: 166 }) ms=8.668
MASK rule=triggered_tags state=123 key=Some(RuleMaskKey { fsm_hash: 14492833436888634913, fsm_new_node_id: 15, state_cnt: 35, edge_cnt: 166 }) ms=8.642
MASK rule=triggered_tags state=132 key=Some(RuleMaskKey { fsm_hash: 14492833436888634913, fsm_new_node_id: 24, state_cnt: 35, edge_cnt: 166 }) ms=8.688
MASK rule=triggered_tags state=139 key=Some(RuleMaskKey { fsm_hash: 14492833436888634913, fsm_new_node_id: 31, state_cnt: 35, edge_cnt: 166 }) ms=8.943
MASK rule=triggered_tags state=140 key=Some(RuleMaskKey { fsm_hash: 14492833436888634913, fsm_new_node_id: 32, state_cnt: 35, edge_cnt: 166 }) ms=8.765
MASK rule=triggered_tags state=133 key=Some(RuleMaskKey { fsm_hash: 14492833436888634913, fsm_new_node_id: 25, state_cnt: 35, edge_cnt: 166 }) ms=9.446
MASK rule=triggered_tags state=131 key=Some(RuleMaskKey { fsm_hash: 14492833436888634913, fsm_new_node_id: 23, state_cnt: 35, edge_cnt: 166 }) ms=8.925
MASK rule=triggered_tags state=135 key=Some(RuleMaskKey { fsm_hash: 14492833436888634913, fsm_new_node_id: 27, state_cnt: 35, edge_cnt: 166 }) ms=8.947
MASK rule=triggered_tags state=138 key=Some(RuleMaskKey { fsm_hash: 14492833436888634913, fsm_new_node_id: 30, state_cnt: 35, edge_cnt: 166 }) ms=8.646
MASK rule=triggered_tags state=109 key=Some(RuleMaskKey { fsm_hash: 14492833436888634913, fsm_new_node_id: 1, state_cnt: 35, edge_cnt: 166 }) ms=8.716
MASK rule=triggered_tags state=124 key=Some(RuleMaskKey { fsm_hash: 14492833436888634913, fsm_new_node_id: 16, state_cnt: 35, edge_cnt: 166 }) ms=8.763
MASK rule=triggered_tags state=110 key=Some(RuleMaskKey { fsm_hash: 14492833436888634913, fsm_new_node_id: 2, state_cnt: 35, edge_cnt: 166 }) ms=8.825
MASK rule=triggered_tags state=141 key=Some(RuleMaskKey { fsm_hash: 14492833436888634913, fsm_new_node_id: 33, state_cnt: 35, edge_cnt: 166 }) ms=8.528
MASK rule=triggered_tags state=111 key=Some(RuleMaskKey { fsm_hash: 14492833436888634913, fsm_new_node_id: 3, state_cnt: 35, edge_cnt: 166 }) ms=8.864
MASK rule=triggered_tags state=116 key=Some(RuleMaskKey { fsm_hash: 14492833436888634913, fsm_new_node_id: 8, state_cnt: 35, edge_cnt: 166 }) ms=8.722
MASK rule=triggered_tags state=136 key=Some(RuleMaskKey { fsm_hash: 14492833436888634913, fsm_new_node_id: 28, state_cnt: 35, edge_cnt: 166 }) ms=9.080
MASK rule=triggered_tags state=119 key=Some(RuleMaskKey { fsm_hash: 14492833436888634913, fsm_new_node_id: 11, state_cnt: 35, edge_cnt: 166 }) ms=8.595
MASK rule=triggered_tags state=118 key=Some(RuleMaskKey { fsm_hash: 14492833436888634913, fsm_new_node_id: 10, state_cnt: 35, edge_cnt: 166 }) ms=8.618
MASK rule=triggered_tags state=115 key=Some(RuleMaskKey { fsm_hash: 14492833436888634913, fsm_new_node_id: 7, state_cnt: 35, edge_cnt: 166 }) ms=9.029
MASK rule=triggered_tags state=137 key=Some(RuleMaskKey { fsm_hash: 14492833436888634913, fsm_new_node_id: 29, state_cnt: 35, edge_cnt: 166 }) ms=8.743
MASK rule=triggered_tags state=112 key=Some(RuleMaskKey { fsm_hash: 14492833436888634913, fsm_new_node_id: 4, state_cnt: 35, edge_cnt: 166 }) ms=8.720
MASK rule=triggered_tags state=117 key=Some(RuleMaskKey { fsm_hash: 14492833436888634913, fsm_new_node_id: 9, state_cnt: 35, edge_cnt: 166 }) ms=8.727
MASK rule=triggered_tags state=113 key=Some(RuleMaskKey { fsm_hash: 14492833436888634913, fsm_new_node_id: 5, state_cnt: 35, edge_cnt: 166 }) ms=9.452
MASK rule=triggered_tags state=122 key=Some(RuleMaskKey { fsm_hash: 14492833436888634913, fsm_new_node_id: 14, state_cnt: 35, edge_cnt: 166 }) ms=8.825
MASK rule=triggered_tags state=114 key=Some(RuleMaskKey { fsm_hash: 14492833436888634913, fsm_new_node_id: 6, state_cnt: 35, edge_cnt: 166 }) ms=8.794
MASK rule=triggered_tags state=126 key=Some(RuleMaskKey { fsm_hash: 14492833436888634913, fsm_new_node_id: 18, state_cnt: 35, edge_cnt: 166 }) ms=9.114
MASK rule=triggered_tags state=125 key=Some(RuleMaskKey { fsm_hash: 14492833436888634913, fsm_new_node_id: 17, state_cnt: 35, edge_cnt: 166 }) ms=8.771
MASK rule=triggered_tags state=128 key=Some(RuleMaskKey { fsm_hash: 14492833436888634913, fsm_new_node_id: 20, state_cnt: 35, edge_cnt: 166 }) ms=8.680
MASK rule=triggered_tags state=134 key=Some(RuleMaskKey { fsm_hash: 14492833436888634913, fsm_new_node_id: 26, state_cnt: 35, edge_cnt: 166 }) ms=8.649
MASK rule=value state=38 key=Some(RuleMaskKey { fsm_hash: 5061747085161151000, fsm_new_node_id: 0, state_cnt: 3, edge_cnt: 6 }) ms=34.512
MASK rule=triggered_tags state=129 key=Some(RuleMaskKey { fsm_hash: 14492833436888634913, fsm_new_node_id: 21, state_cnt: 35, edge_cnt: 166 }) ms=8.618
MASK rule=triggered_tags state=120 key=Some(RuleMaskKey { fsm_hash: 14492833436888634913, fsm_new_node_id: 12, state_cnt: 35, edge_cnt: 166 }) ms=8.551
MASK rule=triggered_tags state=108 key=Some(RuleMaskKey { fsm_hash: 14492833436888634913, fsm_new_node_id: 0, state_cnt: 35, edge_cnt: 166 }) ms=8.583
MASK rule=paramname state=31 key=Some(RuleMaskKey { fsm_hash: 3101640816715427322, fsm_new_node_id: 0, state_cnt: 8, edge_cnt: 8 }) ms=8.060
MASK rule=triggered_tags_group state=105 key=Some(RuleMaskKey { fsm_hash: 15934272719171779142, fsm_new_node_id: 25, state_cnt: 28, edge_cnt: 27 }) ms=8.015
MASK rule=param state=10 key=Some(RuleMaskKey { fsm_hash: 13918019913926151129, fsm_new_node_id: 3, state_cnt: 27, edge_cnt: 26 }) ms=8.018
MASK rule=triggered_tags_group state=103 key=Some(RuleMaskKey { fsm_hash: 15934272719171779142, fsm_new_node_id: 23, state_cnt: 28, edge_cnt: 27 }) ms=8.019
MASK rule=triggered_tags_group state=104 key=Some(RuleMaskKey { fsm_hash: 15934272719171779142, fsm_new_node_id: 24, state_cnt: 28, edge_cnt: 27 }) ms=8.001
MASK rule=triggered_tags_group state=83 key=Some(RuleMaskKey { fsm_hash: 15934272719171779142, fsm_new_node_id: 3, state_cnt: 28, edge_cnt: 27 }) ms=8.023
MASK rule=triggered_tags_group state=81 key=Some(RuleMaskKey { fsm_hash: 15934272719171779142, fsm_new_node_id: 2, state_cnt: 28, edge_cnt: 27 }) ms=8.001
MASK rule=param state=19 key=Some(RuleMaskKey { fsm_hash: 13918019913926151129, fsm_new_node_id: 16, state_cnt: 27, edge_cnt: 26 }) ms=8.008
MASK rule=triggered_tags_group state=101 key=Some(RuleMaskKey { fsm_hash: 15934272719171779142, fsm_new_node_id: 21, state_cnt: 28, edge_cnt: 27 }) ms=7.977
MASK rule=triggered_tags_group state=106 key=Some(RuleMaskKey { fsm_hash: 15934272719171779142, fsm_new_node_id: 26, state_cnt: 28, edge_cnt: 27 }) ms=7.990
MASK rule=triggered_tags_group state=100 key=Some(RuleMaskKey { fsm_hash: 15934272719171779142, fsm_new_node_id: 20, state_cnt: 28, edge_cnt: 27 }) ms=7.972
MASK rule=triggered_tags_group state=97 key=Some(RuleMaskKey { fsm_hash: 15934272719171779142, fsm_new_node_id: 17, state_cnt: 28, edge_cnt: 27 }) ms=7.988
MASK rule=triggered_tags_group state=88 key=Some(RuleMaskKey { fsm_hash: 15934272719171779142, fsm_new_node_id: 8, state_cnt: 28, edge_cnt: 27 }) ms=8.316
MASK rule=triggered_tags_group state=99 key=Some(RuleMaskKey { fsm_hash: 15934272719171779142, fsm_new_node_id: 19, state_cnt: 28, edge_cnt: 27 }) ms=8.005
MASK rule=triggered_tags_group state=82 key=Some(RuleMaskKey { fsm_hash: 15934272719171779142, fsm_new_node_id: 0, state_cnt: 28, edge_cnt: 27 }) ms=8.022
MASK rule=triggered_tags_group state=89 key=Some(RuleMaskKey { fsm_hash: 15934272719171779142, fsm_new_node_id: 9, state_cnt: 28, edge_cnt: 27 }) ms=8.005
MASK rule=triggered_tags_group state=90 key=Some(RuleMaskKey { fsm_hash: 15934272719171779142, fsm_new_node_id: 10, state_cnt: 28, edge_cnt: 27 }) ms=7.974
MASK rule=triggered_tags_group state=91 key=Some(RuleMaskKey { fsm_hash: 15934272719171779142, fsm_new_node_id: 11, state_cnt: 28, edge_cnt: 27 }) ms=8.045
MASK rule=triggered_tags_group state=96 key=Some(RuleMaskKey { fsm_hash: 15934272719171779142, fsm_new_node_id: 16, state_cnt: 28, edge_cnt: 27 }) ms=8.030
MASK rule=triggered_tags_group state=87 key=Some(RuleMaskKey { fsm_hash: 15934272719171779142, fsm_new_node_id: 7, state_cnt: 28, edge_cnt: 27 }) ms=8.033
MASK rule=triggered_tags_group state=85 key=Some(RuleMaskKey { fsm_hash: 15934272719171779142, fsm_new_node_id: 5, state_cnt: 28, edge_cnt: 27 }) ms=8.017
MASK rule=triggered_tags_group state=93 key=Some(RuleMaskKey { fsm_hash: 15934272719171779142, fsm_new_node_id: 13, state_cnt: 28, edge_cnt: 27 }) ms=8.021
MASK rule=triggered_tags_group state=94 key=Some(RuleMaskKey { fsm_hash: 15934272719171779142, fsm_new_node_id: 14, state_cnt: 28, edge_cnt: 27 }) ms=8.015
MASK rule=triggered_tags_group state=95 key=Some(RuleMaskKey { fsm_hash: 15934272719171779142, fsm_new_node_id: 15, state_cnt: 28, edge_cnt: 27 }) ms=8.023
MASK rule=triggered_tags_group state=86 key=Some(RuleMaskKey { fsm_hash: 15934272719171779142, fsm_new_node_id: 6, state_cnt: 28, edge_cnt: 27 }) ms=7.978
MASK rule=triggered_tags_group state=98 key=Some(RuleMaskKey { fsm_hash: 15934272719171779142, fsm_new_node_id: 18, state_cnt: 28, edge_cnt: 27 }) ms=8.019
MASK rule=triggered_tags_group state=92 key=Some(RuleMaskKey { fsm_hash: 15934272719171779142, fsm_new_node_id: 12, state_cnt: 28, edge_cnt: 27 }) ms=8.011
MASK rule=triggered_tags_group state=102 key=Some(RuleMaskKey { fsm_hash: 15934272719171779142, fsm_new_node_id: 22, state_cnt: 28, edge_cnt: 27 }) ms=7.983
MASK rule=triggered_tags_group state=84 key=Some(RuleMaskKey { fsm_hash: 15934272719171779142, fsm_new_node_id: 4, state_cnt: 28, edge_cnt: 27 }) ms=8.025
MASK rule=param state=21 key=Some(RuleMaskKey { fsm_hash: 13918019913926151129, fsm_new_node_id: 18, state_cnt: 27, edge_cnt: 26 }) ms=8.002
MASK rule=paramname state=35 key=Some(RuleMaskKey { fsm_hash: 3101640816715427322, fsm_new_node_id: 2, state_cnt: 8, edge_cnt: 8 }) ms=7.984
MASK rule=paramname state=36 key=Some(RuleMaskKey { fsm_hash: 3101640816715427322, fsm_new_node_id: 4, state_cnt: 8, edge_cnt: 8 }) ms=8.016
MASK rule=param state=12 key=Some(RuleMaskKey { fsm_hash: 13918019913926151129, fsm_new_node_id: 5, state_cnt: 27, edge_cnt: 26 }) ms=8.011
MASK rule=param state=22 key=Some(RuleMaskKey { fsm_hash: 13918019913926151129, fsm_new_node_id: 19, state_cnt: 27, edge_cnt: 26 }) ms=7.974
MASK rule=param state=25 key=Some(RuleMaskKey { fsm_hash: 13918019913926151129, fsm_new_node_id: 22, state_cnt: 27, edge_cnt: 26 }) ms=8.002
MASK rule=param state=11 key=Some(RuleMaskKey { fsm_hash: 13918019913926151129, fsm_new_node_id: 4, state_cnt: 27, edge_cnt: 26 }) ms=7.979
MASK rule=param state=6 key=Some(RuleMaskKey { fsm_hash: 13918019913926151129, fsm_new_node_id: 14, state_cnt: 27, edge_cnt: 26 }) ms=8.015
MASK rule=param state=20 key=Some(RuleMaskKey { fsm_hash: 13918019913926151129, fsm_new_node_id: 17, state_cnt: 27, edge_cnt: 26 }) ms=8.006
MASK rule=param state=28 key=Some(RuleMaskKey { fsm_hash: 13918019913926151129, fsm_new_node_id: 25, state_cnt: 27, edge_cnt: 26 }) ms=7.968
MASK rule=param state=17 key=Some(RuleMaskKey { fsm_hash: 13918019913926151129, fsm_new_node_id: 10, state_cnt: 27, edge_cnt: 26 }) ms=7.950
MASK rule=first_content state=48 key=Some(RuleMaskKey { fsm_hash: 15765023653963454055, fsm_new_node_id: 5, state_cnt: 16, edge_cnt: 77 }) ms=7.974
MASK rule=param state=24 key=Some(RuleMaskKey { fsm_hash: 13918019913926151129, fsm_new_node_id: 21, state_cnt: 27, edge_cnt: 26 }) ms=8.012
MASK rule=param state=27 key=Some(RuleMaskKey { fsm_hash: 13918019913926151129, fsm_new_node_id: 24, state_cnt: 27, edge_cnt: 26 }) ms=7.968
MASK rule=param state=26 key=Some(RuleMaskKey { fsm_hash: 13918019913926151129, fsm_new_node_id: 23, state_cnt: 27, edge_cnt: 26 }) ms=8.001
MASK rule=param state=4 key=Some(RuleMaskKey { fsm_hash: 13918019913926151129, fsm_new_node_id: 12, state_cnt: 27, edge_cnt: 26 }) ms=8.101
MASK rule=first_content state=51 key=Some(RuleMaskKey { fsm_hash: 15765023653963454055, fsm_new_node_id: 3, state_cnt: 16, edge_cnt: 77 }) ms=8.005
MASK rule=first_content state=49 key=Some(RuleMaskKey { fsm_hash: 15765023653963454055, fsm_new_node_id: 4, state_cnt: 16, edge_cnt: 77 }) ms=8.008
MASK rule=param state=23 key=Some(RuleMaskKey { fsm_hash: 13918019913926151129, fsm_new_node_id: 20, state_cnt: 27, edge_cnt: 26 }) ms=7.972
MASK rule=root_1 state=59 key=Some(RuleMaskKey { fsm_hash: 5360928561597719061, fsm_new_node_id: 0, state_cnt: 4, edge_cnt: 3 }) ms=7.972
MASK rule=param state=15 key=Some(RuleMaskKey { fsm_hash: 13918019913926151129, fsm_new_node_id: 8, state_cnt: 27, edge_cnt: 26 }) ms=7.987
MASK rule=rest_1 state=69 key=Some(RuleMaskKey { fsm_hash: 6635194092101876856, fsm_new_node_id: 5, state_cnt: 17, edge_cnt: 75 }) ms=8.007
MASK rule=rest_1 state=70 key=Some(RuleMaskKey { fsm_hash: 6635194092101876856, fsm_new_node_id: 4, state_cnt: 17, edge_cnt: 75 }) ms=8.183
MASK rule=param state=9 key=Some(RuleMaskKey { fsm_hash: 13918019913926151129, fsm_new_node_id: 2, state_cnt: 27, edge_cnt: 26 }) ms=7.993
MASK rule=param state=13 key=Some(RuleMaskKey { fsm_hash: 13918019913926151129, fsm_new_node_id: 6, state_cnt: 27, edge_cnt: 26 }) ms=7.966
MASK rule=param state=7 key=Some(RuleMaskKey { fsm_hash: 13918019913926151129, fsm_new_node_id: 0, state_cnt: 27, edge_cnt: 26 }) ms=7.963
MASK rule=param state=14 key=Some(RuleMaskKey { fsm_hash: 13918019913926151129, fsm_new_node_id: 7, state_cnt: 27, edge_cnt: 26 }) ms=7.966
MASK rule=rest_1 state=72 key=Some(RuleMaskKey { fsm_hash: 6635194092101876856, fsm_new_node_id: 3, state_cnt: 17, edge_cnt: 75 }) ms=7.957
MASK rule=param state=18 key=Some(RuleMaskKey { fsm_hash: 13918019913926151129, fsm_new_node_id: 15, state_cnt: 27, edge_cnt: 26 }) ms=7.963
MASK rule=param state=8 key=Some(RuleMaskKey { fsm_hash: 13918019913926151129, fsm_new_node_id: 1, state_cnt: 27, edge_cnt: 26 }) ms=7.989
MASK rule=param state=16 key=Some(RuleMaskKey { fsm_hash: 13918019913926151129, fsm_new_node_id: 9, state_cnt: 27, edge_cnt: 26 }) ms=8.040
MASK rule=paramname state=32 key=Some(RuleMaskKey { fsm_hash: 3101640816715427322, fsm_new_node_id: 1, state_cnt: 8, edge_cnt: 8 }) ms=7.998
MASK rule=paramname state=34 key=Some(RuleMaskKey { fsm_hash: 3101640816715427322, fsm_new_node_id: 5, state_cnt: 8, edge_cnt: 8 }) ms=7.985
MASK rule=paramname state=33 key=Some(RuleMaskKey { fsm_hash: 3101640816715427322, fsm_new_node_id: 3, state_cnt: 8, edge_cnt: 8 }) ms=7.970
MASK rule=paramname state=37 key=Some(RuleMaskKey { fsm_hash: 3101640816715427322, fsm_new_node_id: 6, state_cnt: 8, edge_cnt: 8 }) ms=7.942
BEGIN mode=true rep=1 threads=4
MASK rule=first_content state=55 key=Some(RuleMaskKey { fsm_hash: 15765023653963454055, fsm_new_node_id: 0, state_cnt: 16, edge_cnt: 77 }) ms=126.492
MASK rule=first_content state=52 key=Some(RuleMaskKey { fsm_hash: 15765023653963454055, fsm_new_node_id: 6, state_cnt: 16, edge_cnt: 77 }) ms=243.140
MASK rule=first_content state=47 key=Some(RuleMaskKey { fsm_hash: 15765023653963454055, fsm_new_node_id: 8, state_cnt: 16, edge_cnt: 77 }) ms=244.273
MASK rule=rest_1 state=65 key=Some(RuleMaskKey { fsm_hash: 6635194092101876856, fsm_new_node_id: 13, state_cnt: 17, edge_cnt: 75 }) ms=330.865
MASK rule=first_content state=46 key=Some(RuleMaskKey { fsm_hash: 15765023653963454055, fsm_new_node_id: 9, state_cnt: 16, edge_cnt: 77 }) ms=208.426
MASK rule=first_content state=53 key=Some(RuleMaskKey { fsm_hash: 15765023653963454055, fsm_new_node_id: 2, state_cnt: 16, edge_cnt: 77 }) ms=214.334
MASK rule=first_content state=43 key=Some(RuleMaskKey { fsm_hash: 15765023653963454055, fsm_new_node_id: 12, state_cnt: 16, edge_cnt: 77 }) ms=216.128
MASK rule=first_content state=41 key=Some(RuleMaskKey { fsm_hash: 15765023653963454055, fsm_new_node_id: 14, state_cnt: 16, edge_cnt: 77 }) ms=183.675
MASK rule=first_content state=45 key=Some(RuleMaskKey { fsm_hash: 15765023653963454055, fsm_new_node_id: 10, state_cnt: 16, edge_cnt: 77 }) ms=183.176
MASK rule=first_content state=44 key=Some(RuleMaskKey { fsm_hash: 15765023653963454055, fsm_new_node_id: 11, state_cnt: 16, edge_cnt: 77 }) ms=217.205
MASK rule=first_content state=50 key=Some(RuleMaskKey { fsm_hash: 15765023653963454055, fsm_new_node_id: 7, state_cnt: 16, edge_cnt: 77 }) ms=218.245
MASK rule=first_content state=42 key=Some(RuleMaskKey { fsm_hash: 15765023653963454055, fsm_new_node_id: 13, state_cnt: 16, edge_cnt: 77 }) ms=212.782
MASK rule=rest_1 state=76 key=Some(RuleMaskKey { fsm_hash: 6635194092101876856, fsm_new_node_id: 2, state_cnt: 17, edge_cnt: 75 }) ms=322.037
MASK rule=rest_1 state=66 key=Some(RuleMaskKey { fsm_hash: 6635194092101876856, fsm_new_node_id: 12, state_cnt: 17, edge_cnt: 75 }) ms=361.974
MASK rule=rest_1 state=75 key=Some(RuleMaskKey { fsm_hash: 6635194092101876856, fsm_new_node_id: 7, state_cnt: 17, edge_cnt: 75 }) ms=362.506
MASK rule=rest_1 state=71 key=Some(RuleMaskKey { fsm_hash: 6635194092101876856, fsm_new_node_id: 9, state_cnt: 17, edge_cnt: 75 }) ms=317.531
MASK rule=rest_1 state=73 key=Some(RuleMaskKey { fsm_hash: 6635194092101876856, fsm_new_node_id: 8, state_cnt: 17, edge_cnt: 75 }) ms=301.045
MASK rule=rest_1 state=64 key=Some(RuleMaskKey { fsm_hash: 6635194092101876856, fsm_new_node_id: 14, state_cnt: 17, edge_cnt: 75 }) ms=324.663
MASK rule=rest_1 state=68 key=Some(RuleMaskKey { fsm_hash: 6635194092101876856, fsm_new_node_id: 10, state_cnt: 17, edge_cnt: 75 }) ms=353.030
MASK rule=rest_1 state=67 key=Some(RuleMaskKey { fsm_hash: 6635194092101876856, fsm_new_node_id: 11, state_cnt: 17, edge_cnt: 75 }) ms=356.578
MASK rule=triggered_tags state=133 key=Some(RuleMaskKey { fsm_hash: 14492833436888634913, fsm_new_node_id: 25, state_cnt: 35, edge_cnt: 166 }) ms=12.211
MASK rule=rest_1 state=63 key=Some(RuleMaskKey { fsm_hash: 6635194092101876856, fsm_new_node_id: 15, state_cnt: 17, edge_cnt: 75 }) ms=304.582
MASK rule=triggered_tags state=123 key=Some(RuleMaskKey { fsm_hash: 14492833436888634913, fsm_new_node_id: 15, state_cnt: 35, edge_cnt: 166 }) ms=9.395
MASK rule=triggered_tags state=119 key=Some(RuleMaskKey { fsm_hash: 14492833436888634913, fsm_new_node_id: 11, state_cnt: 35, edge_cnt: 166 }) ms=8.925
MASK rule=triggered_tags state=138 key=Some(RuleMaskKey { fsm_hash: 14492833436888634913, fsm_new_node_id: 30, state_cnt: 35, edge_cnt: 166 }) ms=9.095
MASK rule=triggered_tags state=137 key=Some(RuleMaskKey { fsm_hash: 14492833436888634913, fsm_new_node_id: 29, state_cnt: 35, edge_cnt: 166 }) ms=9.491
MASK rule=rest_1 state=78 key=Some(RuleMaskKey { fsm_hash: 6635194092101876856, fsm_new_node_id: 0, state_cnt: 17, edge_cnt: 75 }) ms=120.720
MASK rule=triggered_tags state=131 key=Some(RuleMaskKey { fsm_hash: 14492833436888634913, fsm_new_node_id: 23, state_cnt: 35, edge_cnt: 166 }) ms=9.661
MASK rule=triggered_tags state=114 key=Some(RuleMaskKey { fsm_hash: 14492833436888634913, fsm_new_node_id: 6, state_cnt: 35, edge_cnt: 166 }) ms=9.842
MASK rule=triggered_tags state=109 key=Some(RuleMaskKey { fsm_hash: 14492833436888634913, fsm_new_node_id: 1, state_cnt: 35, edge_cnt: 166 }) ms=9.404
MASK rule=triggered_tags state=116 key=Some(RuleMaskKey { fsm_hash: 14492833436888634913, fsm_new_node_id: 8, state_cnt: 35, edge_cnt: 166 }) ms=9.724
MASK rule=triggered_tags state=126 key=Some(RuleMaskKey { fsm_hash: 14492833436888634913, fsm_new_node_id: 18, state_cnt: 35, edge_cnt: 166 }) ms=10.123
MASK rule=triggered_tags state=118 key=Some(RuleMaskKey { fsm_hash: 14492833436888634913, fsm_new_node_id: 10, state_cnt: 35, edge_cnt: 166 }) ms=9.417
MASK rule=triggered_tags state=132 key=Some(RuleMaskKey { fsm_hash: 14492833436888634913, fsm_new_node_id: 24, state_cnt: 35, edge_cnt: 166 }) ms=8.586
MASK rule=triggered_tags state=141 key=Some(RuleMaskKey { fsm_hash: 14492833436888634913, fsm_new_node_id: 33, state_cnt: 35, edge_cnt: 166 }) ms=9.629
MASK rule=triggered_tags state=122 key=Some(RuleMaskKey { fsm_hash: 14492833436888634913, fsm_new_node_id: 14, state_cnt: 35, edge_cnt: 166 }) ms=9.838
MASK rule=triggered_tags state=110 key=Some(RuleMaskKey { fsm_hash: 14492833436888634913, fsm_new_node_id: 2, state_cnt: 35, edge_cnt: 166 }) ms=10.437
MASK rule=triggered_tags state=127 key=Some(RuleMaskKey { fsm_hash: 14492833436888634913, fsm_new_node_id: 19, state_cnt: 35, edge_cnt: 166 }) ms=10.087
MASK rule=first_content state=56 key=Some(RuleMaskKey { fsm_hash: 15765023653963454055, fsm_new_node_id: 15, state_cnt: 16, edge_cnt: 77 }) ms=147.146
MASK rule=triggered_tags state=121 key=Some(RuleMaskKey { fsm_hash: 14492833436888634913, fsm_new_node_id: 13, state_cnt: 35, edge_cnt: 166 }) ms=9.918
MASK rule=triggered_tags state=115 key=Some(RuleMaskKey { fsm_hash: 14492833436888634913, fsm_new_node_id: 7, state_cnt: 35, edge_cnt: 166 }) ms=10.398
MASK rule=triggered_tags state=134 key=Some(RuleMaskKey { fsm_hash: 14492833436888634913, fsm_new_node_id: 26, state_cnt: 35, edge_cnt: 166 }) ms=9.360
MASK rule=triggered_tags state=117 key=Some(RuleMaskKey { fsm_hash: 14492833436888634913, fsm_new_node_id: 9, state_cnt: 35, edge_cnt: 166 }) ms=9.913
MASK rule=triggered_tags state=111 key=Some(RuleMaskKey { fsm_hash: 14492833436888634913, fsm_new_node_id: 3, state_cnt: 35, edge_cnt: 166 }) ms=9.787
MASK rule=triggered_tags state=112 key=Some(RuleMaskKey { fsm_hash: 14492833436888634913, fsm_new_node_id: 4, state_cnt: 35, edge_cnt: 166 }) ms=9.149
MASK rule=rest_1 state=79 key=Some(RuleMaskKey { fsm_hash: 6635194092101876856, fsm_new_node_id: 16, state_cnt: 17, edge_cnt: 75 }) ms=165.649
MASK rule=triggered_tags state=130 key=Some(RuleMaskKey { fsm_hash: 14492833436888634913, fsm_new_node_id: 22, state_cnt: 35, edge_cnt: 166 }) ms=9.566
MASK rule=triggered_tags state=136 key=Some(RuleMaskKey { fsm_hash: 14492833436888634913, fsm_new_node_id: 28, state_cnt: 35, edge_cnt: 166 }) ms=9.981
MASK rule=triggered_tags state=139 key=Some(RuleMaskKey { fsm_hash: 14492833436888634913, fsm_new_node_id: 31, state_cnt: 35, edge_cnt: 166 }) ms=9.319
MASK rule=triggered_tags state=125 key=Some(RuleMaskKey { fsm_hash: 14492833436888634913, fsm_new_node_id: 17, state_cnt: 35, edge_cnt: 166 }) ms=9.421
MASK rule=triggered_tags state=124 key=Some(RuleMaskKey { fsm_hash: 14492833436888634913, fsm_new_node_id: 16, state_cnt: 35, edge_cnt: 166 }) ms=9.516
MASK rule=triggered_tags state=113 key=Some(RuleMaskKey { fsm_hash: 14492833436888634913, fsm_new_node_id: 5, state_cnt: 35, edge_cnt: 166 }) ms=10.589
MASK rule=triggered_tags state=128 key=Some(RuleMaskKey { fsm_hash: 14492833436888634913, fsm_new_node_id: 20, state_cnt: 35, edge_cnt: 166 }) ms=9.297
MASK rule=triggered_tags state=140 key=Some(RuleMaskKey { fsm_hash: 14492833436888634913, fsm_new_node_id: 32, state_cnt: 35, edge_cnt: 166 }) ms=9.446
MASK rule=triggered_tags state=135 key=Some(RuleMaskKey { fsm_hash: 14492833436888634913, fsm_new_node_id: 27, state_cnt: 35, edge_cnt: 166 }) ms=9.477
MASK rule=triggered_tags state=129 key=Some(RuleMaskKey { fsm_hash: 14492833436888634913, fsm_new_node_id: 21, state_cnt: 35, edge_cnt: 166 }) ms=9.490
MASK rule=triggered_tags state=108 key=Some(RuleMaskKey { fsm_hash: 14492833436888634913, fsm_new_node_id: 0, state_cnt: 35, edge_cnt: 166 }) ms=9.118
MASK rule=paramname state=31 key=Some(RuleMaskKey { fsm_hash: 3101640816715427322, fsm_new_node_id: 0, state_cnt: 8, edge_cnt: 8 }) ms=8.722
MASK rule=triggered_tags state=120 key=Some(RuleMaskKey { fsm_hash: 14492833436888634913, fsm_new_node_id: 12, state_cnt: 35, edge_cnt: 166 }) ms=9.091
MASK rule=triggered_tags_group state=104 key=Some(RuleMaskKey { fsm_hash: 15934272719171779142, fsm_new_node_id: 24, state_cnt: 28, edge_cnt: 27 }) ms=8.186
MASK rule=triggered_tags_group state=105 key=Some(RuleMaskKey { fsm_hash: 15934272719171779142, fsm_new_node_id: 25, state_cnt: 28, edge_cnt: 27 }) ms=8.323
MASK rule=rest_1 state=72 key=Some(RuleMaskKey { fsm_hash: 6635194092101876856, fsm_new_node_id: 3, state_cnt: 17, edge_cnt: 75 }) ms=8.726
MASK rule=triggered_tags_group state=106 key=Some(RuleMaskKey { fsm_hash: 15934272719171779142, fsm_new_node_id: 26, state_cnt: 28, edge_cnt: 27 }) ms=8.095
MASK rule=triggered_tags_group state=91 key=Some(RuleMaskKey { fsm_hash: 15934272719171779142, fsm_new_node_id: 11, state_cnt: 28, edge_cnt: 27 }) ms=8.406
MASK rule=triggered_tags_group state=82 key=Some(RuleMaskKey { fsm_hash: 15934272719171779142, fsm_new_node_id: 0, state_cnt: 28, edge_cnt: 27 }) ms=8.697
MASK rule=value state=38 key=Some(RuleMaskKey { fsm_hash: 5061747085161151000, fsm_new_node_id: 0, state_cnt: 3, edge_cnt: 6 }) ms=35.468
MASK rule=param state=4 key=Some(RuleMaskKey { fsm_hash: 13918019913926151129, fsm_new_node_id: 12, state_cnt: 27, edge_cnt: 26 }) ms=8.491
MASK rule=triggered_tags_group state=94 key=Some(RuleMaskKey { fsm_hash: 15934272719171779142, fsm_new_node_id: 14, state_cnt: 28, edge_cnt: 27 }) ms=8.421
MASK rule=triggered_tags_group state=88 key=Some(RuleMaskKey { fsm_hash: 15934272719171779142, fsm_new_node_id: 8, state_cnt: 28, edge_cnt: 27 }) ms=8.779
MASK rule=triggered_tags_group state=100 key=Some(RuleMaskKey { fsm_hash: 15934272719171779142, fsm_new_node_id: 20, state_cnt: 28, edge_cnt: 27 }) ms=8.632
MASK rule=triggered_tags_group state=99 key=Some(RuleMaskKey { fsm_hash: 15934272719171779142, fsm_new_node_id: 19, state_cnt: 28, edge_cnt: 27 }) ms=8.707
MASK rule=triggered_tags_group state=97 key=Some(RuleMaskKey { fsm_hash: 15934272719171779142, fsm_new_node_id: 17, state_cnt: 28, edge_cnt: 27 }) ms=8.405
MASK rule=triggered_tags_group state=87 key=Some(RuleMaskKey { fsm_hash: 15934272719171779142, fsm_new_node_id: 7, state_cnt: 28, edge_cnt: 27 }) ms=8.740
MASK rule=triggered_tags_group state=90 key=Some(RuleMaskKey { fsm_hash: 15934272719171779142, fsm_new_node_id: 10, state_cnt: 28, edge_cnt: 27 }) ms=8.610
MASK rule=triggered_tags_group state=85 key=Some(RuleMaskKey { fsm_hash: 15934272719171779142, fsm_new_node_id: 5, state_cnt: 28, edge_cnt: 27 }) ms=8.636
MASK rule=triggered_tags_group state=89 key=Some(RuleMaskKey { fsm_hash: 15934272719171779142, fsm_new_node_id: 9, state_cnt: 28, edge_cnt: 27 }) ms=8.402
MASK rule=triggered_tags_group state=92 key=Some(RuleMaskKey { fsm_hash: 15934272719171779142, fsm_new_node_id: 12, state_cnt: 28, edge_cnt: 27 }) ms=8.782
MASK rule=triggered_tags_group state=95 key=Some(RuleMaskKey { fsm_hash: 15934272719171779142, fsm_new_node_id: 15, state_cnt: 28, edge_cnt: 27 }) ms=8.672
MASK rule=triggered_tags_group state=93 key=Some(RuleMaskKey { fsm_hash: 15934272719171779142, fsm_new_node_id: 13, state_cnt: 28, edge_cnt: 27 }) ms=8.722
MASK rule=triggered_tags_group state=101 key=Some(RuleMaskKey { fsm_hash: 15934272719171779142, fsm_new_node_id: 21, state_cnt: 28, edge_cnt: 27 }) ms=8.415
MASK rule=triggered_tags_group state=102 key=Some(RuleMaskKey { fsm_hash: 15934272719171779142, fsm_new_node_id: 22, state_cnt: 28, edge_cnt: 27 }) ms=8.722
MASK rule=triggered_tags_group state=103 key=Some(RuleMaskKey { fsm_hash: 15934272719171779142, fsm_new_node_id: 23, state_cnt: 28, edge_cnt: 27 }) ms=8.615
MASK rule=triggered_tags_group state=81 key=Some(RuleMaskKey { fsm_hash: 15934272719171779142, fsm_new_node_id: 2, state_cnt: 28, edge_cnt: 27 }) ms=8.633
MASK rule=triggered_tags_group state=84 key=Some(RuleMaskKey { fsm_hash: 15934272719171779142, fsm_new_node_id: 4, state_cnt: 28, edge_cnt: 27 }) ms=8.377
MASK rule=triggered_tags_group state=86 key=Some(RuleMaskKey { fsm_hash: 15934272719171779142, fsm_new_node_id: 6, state_cnt: 28, edge_cnt: 27 }) ms=8.804
MASK rule=triggered_tags_group state=96 key=Some(RuleMaskKey { fsm_hash: 15934272719171779142, fsm_new_node_id: 16, state_cnt: 28, edge_cnt: 27 }) ms=8.628
MASK rule=triggered_tags_group state=98 key=Some(RuleMaskKey { fsm_hash: 15934272719171779142, fsm_new_node_id: 18, state_cnt: 28, edge_cnt: 27 }) ms=8.678
MASK rule=triggered_tags_group state=83 key=Some(RuleMaskKey { fsm_hash: 15934272719171779142, fsm_new_node_id: 3, state_cnt: 28, edge_cnt: 27 }) ms=8.431
MASK rule=param state=22 key=Some(RuleMaskKey { fsm_hash: 13918019913926151129, fsm_new_node_id: 19, state_cnt: 27, edge_cnt: 26 }) ms=8.753
MASK rule=paramname state=37 key=Some(RuleMaskKey { fsm_hash: 3101640816715427322, fsm_new_node_id: 6, state_cnt: 8, edge_cnt: 8 }) ms=8.645
MASK rule=paramname state=36 key=Some(RuleMaskKey { fsm_hash: 3101640816715427322, fsm_new_node_id: 4, state_cnt: 8, edge_cnt: 8 }) ms=8.610
MASK rule=param state=27 key=Some(RuleMaskKey { fsm_hash: 13918019913926151129, fsm_new_node_id: 24, state_cnt: 27, edge_cnt: 26 }) ms=8.346
MASK rule=first_content state=49 key=Some(RuleMaskKey { fsm_hash: 15765023653963454055, fsm_new_node_id: 4, state_cnt: 16, edge_cnt: 77 }) ms=8.633
MASK rule=param state=19 key=Some(RuleMaskKey { fsm_hash: 13918019913926151129, fsm_new_node_id: 16, state_cnt: 27, edge_cnt: 26 }) ms=8.739
MASK rule=param state=8 key=Some(RuleMaskKey { fsm_hash: 13918019913926151129, fsm_new_node_id: 1, state_cnt: 27, edge_cnt: 26 }) ms=8.642
MASK rule=param state=7 key=Some(RuleMaskKey { fsm_hash: 13918019913926151129, fsm_new_node_id: 0, state_cnt: 27, edge_cnt: 26 }) ms=8.418
MASK rule=param state=10 key=Some(RuleMaskKey { fsm_hash: 13918019913926151129, fsm_new_node_id: 3, state_cnt: 27, edge_cnt: 26 }) ms=8.596
MASK rule=param state=18 key=Some(RuleMaskKey { fsm_hash: 13918019913926151129, fsm_new_node_id: 15, state_cnt: 27, edge_cnt: 26 }) ms=8.778
MASK rule=param state=9 key=Some(RuleMaskKey { fsm_hash: 13918019913926151129, fsm_new_node_id: 2, state_cnt: 27, edge_cnt: 26 }) ms=8.665
MASK rule=param state=20 key=Some(RuleMaskKey { fsm_hash: 13918019913926151129, fsm_new_node_id: 17, state_cnt: 27, edge_cnt: 26 }) ms=8.419
MASK rule=param state=21 key=Some(RuleMaskKey { fsm_hash: 13918019913926151129, fsm_new_node_id: 18, state_cnt: 27, edge_cnt: 26 }) ms=8.547
MASK rule=param state=16 key=Some(RuleMaskKey { fsm_hash: 13918019913926151129, fsm_new_node_id: 9, state_cnt: 27, edge_cnt: 26 }) ms=8.746
MASK rule=param state=28 key=Some(RuleMaskKey { fsm_hash: 13918019913926151129, fsm_new_node_id: 25, state_cnt: 27, edge_cnt: 26 }) ms=8.359
MASK rule=param state=12 key=Some(RuleMaskKey { fsm_hash: 13918019913926151129, fsm_new_node_id: 5, state_cnt: 27, edge_cnt: 26 }) ms=8.676
MASK rule=first_content state=48 key=Some(RuleMaskKey { fsm_hash: 15765023653963454055, fsm_new_node_id: 5, state_cnt: 16, edge_cnt: 77 }) ms=8.621
MASK rule=param state=11 key=Some(RuleMaskKey { fsm_hash: 13918019913926151129, fsm_new_node_id: 4, state_cnt: 27, edge_cnt: 26 }) ms=8.738
MASK rule=first_content state=51 key=Some(RuleMaskKey { fsm_hash: 15765023653963454055, fsm_new_node_id: 3, state_cnt: 16, edge_cnt: 77 }) ms=8.452
MASK rule=root_1 state=59 key=Some(RuleMaskKey { fsm_hash: 5360928561597719061, fsm_new_node_id: 0, state_cnt: 4, edge_cnt: 3 }) ms=8.669
MASK rule=param state=14 key=Some(RuleMaskKey { fsm_hash: 13918019913926151129, fsm_new_node_id: 7, state_cnt: 27, edge_cnt: 26 }) ms=8.642
MASK rule=param state=6 key=Some(RuleMaskKey { fsm_hash: 13918019913926151129, fsm_new_node_id: 14, state_cnt: 27, edge_cnt: 26 }) ms=8.768
MASK rule=param state=23 key=Some(RuleMaskKey { fsm_hash: 13918019913926151129, fsm_new_node_id: 20, state_cnt: 27, edge_cnt: 26 }) ms=8.438
MASK rule=param state=25 key=Some(RuleMaskKey { fsm_hash: 13918019913926151129, fsm_new_node_id: 22, state_cnt: 27, edge_cnt: 26 }) ms=8.692
MASK rule=param state=26 key=Some(RuleMaskKey { fsm_hash: 13918019913926151129, fsm_new_node_id: 23, state_cnt: 27, edge_cnt: 26 }) ms=8.612
MASK rule=param state=17 key=Some(RuleMaskKey { fsm_hash: 13918019913926151129, fsm_new_node_id: 10, state_cnt: 27, edge_cnt: 26 }) ms=8.751
MASK rule=param state=13 key=Some(RuleMaskKey { fsm_hash: 13918019913926151129, fsm_new_node_id: 6, state_cnt: 27, edge_cnt: 26 }) ms=8.432
MASK rule=param state=24 key=Some(RuleMaskKey { fsm_hash: 13918019913926151129, fsm_new_node_id: 21, state_cnt: 27, edge_cnt: 26 }) ms=8.676
MASK rule=paramname state=33 key=Some(RuleMaskKey { fsm_hash: 3101640816715427322, fsm_new_node_id: 3, state_cnt: 8, edge_cnt: 8 }) ms=8.622
MASK rule=rest_1 state=70 key=Some(RuleMaskKey { fsm_hash: 6635194092101876856, fsm_new_node_id: 4, state_cnt: 17, edge_cnt: 75 }) ms=8.802
MASK rule=rest_1 state=69 key=Some(RuleMaskKey { fsm_hash: 6635194092101876856, fsm_new_node_id: 5, state_cnt: 17, edge_cnt: 75 }) ms=8.383
MASK rule=paramname state=35 key=Some(RuleMaskKey { fsm_hash: 3101640816715427322, fsm_new_node_id: 2, state_cnt: 8, edge_cnt: 8 }) ms=8.711
MASK rule=paramname state=32 key=Some(RuleMaskKey { fsm_hash: 3101640816715427322, fsm_new_node_id: 1, state_cnt: 8, edge_cnt: 8 }) ms=8.622
MASK rule=paramname state=34 key=Some(RuleMaskKey { fsm_hash: 3101640816715427322, fsm_new_node_id: 5, state_cnt: 8, edge_cnt: 8 }) ms=8.751
MASK rule=param state=15 key=Some(RuleMaskKey { fsm_hash: 13918019913926151129, fsm_new_node_id: 8, state_cnt: 27, edge_cnt: 26 }) ms=8.301
END mode=true rep=1
BEGIN mode=false rep=0 threads=1
MASK rule=first_content state=55 key=Some(RuleMaskKey { fsm_hash: 15765023653963454055, fsm_new_node_id: 0, state_cnt: 16, edge_cnt: 77 }) ms=32.294
MASK rule=rest_1 state=65 key=Some(RuleMaskKey { fsm_hash: 6635194092101876856, fsm_new_node_id: 13, state_cnt: 17, edge_cnt: 75 }) ms=68.258
MASK rule=first_content state=50 key=Some(RuleMaskKey { fsm_hash: 15765023653963454055, fsm_new_node_id: 7, state_cnt: 16, edge_cnt: 77 }) ms=49.853
MASK rule=first_content state=46 key=Some(RuleMaskKey { fsm_hash: 15765023653963454055, fsm_new_node_id: 9, state_cnt: 16, edge_cnt: 77 }) ms=50.470
MASK rule=first_content state=41 key=Some(RuleMaskKey { fsm_hash: 15765023653963454055, fsm_new_node_id: 14, state_cnt: 16, edge_cnt: 77 }) ms=50.333
MASK rule=first_content state=52 key=Some(RuleMaskKey { fsm_hash: 15765023653963454055, fsm_new_node_id: 6, state_cnt: 16, edge_cnt: 77 }) ms=50.460
MASK rule=first_content state=45 key=Some(RuleMaskKey { fsm_hash: 15765023653963454055, fsm_new_node_id: 10, state_cnt: 16, edge_cnt: 77 }) ms=50.245
MASK rule=first_content state=43 key=Some(RuleMaskKey { fsm_hash: 15765023653963454055, fsm_new_node_id: 12, state_cnt: 16, edge_cnt: 77 }) ms=50.295
MASK rule=first_content state=42 key=Some(RuleMaskKey { fsm_hash: 15765023653963454055, fsm_new_node_id: 13, state_cnt: 16, edge_cnt: 77 }) ms=50.257
MASK rule=first_content state=53 key=Some(RuleMaskKey { fsm_hash: 15765023653963454055, fsm_new_node_id: 2, state_cnt: 16, edge_cnt: 77 }) ms=50.232
MASK rule=first_content state=44 key=Some(RuleMaskKey { fsm_hash: 15765023653963454055, fsm_new_node_id: 11, state_cnt: 16, edge_cnt: 77 }) ms=50.251
MASK rule=first_content state=47 key=Some(RuleMaskKey { fsm_hash: 15765023653963454055, fsm_new_node_id: 8, state_cnt: 16, edge_cnt: 77 }) ms=50.279
MASK rule=rest_1 state=73 key=Some(RuleMaskKey { fsm_hash: 6635194092101876856, fsm_new_node_id: 8, state_cnt: 17, edge_cnt: 75 }) ms=69.248
MASK rule=rest_1 state=64 key=Some(RuleMaskKey { fsm_hash: 6635194092101876856, fsm_new_node_id: 14, state_cnt: 17, edge_cnt: 75 }) ms=68.013
MASK rule=rest_1 state=67 key=Some(RuleMaskKey { fsm_hash: 6635194092101876856, fsm_new_node_id: 11, state_cnt: 17, edge_cnt: 75 }) ms=68.040
MASK rule=rest_1 state=68 key=Some(RuleMaskKey { fsm_hash: 6635194092101876856, fsm_new_node_id: 10, state_cnt: 17, edge_cnt: 75 }) ms=68.129
MASK rule=rest_1 state=78 key=Some(RuleMaskKey { fsm_hash: 6635194092101876856, fsm_new_node_id: 0, state_cnt: 17, edge_cnt: 75 }) ms=38.180
MASK rule=rest_1 state=76 key=Some(RuleMaskKey { fsm_hash: 6635194092101876856, fsm_new_node_id: 2, state_cnt: 17, edge_cnt: 75 }) ms=68.511
MASK rule=rest_1 state=71 key=Some(RuleMaskKey { fsm_hash: 6635194092101876856, fsm_new_node_id: 9, state_cnt: 17, edge_cnt: 75 }) ms=67.749
MASK rule=rest_1 state=75 key=Some(RuleMaskKey { fsm_hash: 6635194092101876856, fsm_new_node_id: 7, state_cnt: 17, edge_cnt: 75 }) ms=68.042
MASK rule=rest_1 state=66 key=Some(RuleMaskKey { fsm_hash: 6635194092101876856, fsm_new_node_id: 12, state_cnt: 17, edge_cnt: 75 }) ms=67.917
MASK rule=rest_1 state=63 key=Some(RuleMaskKey { fsm_hash: 6635194092101876856, fsm_new_node_id: 15, state_cnt: 17, edge_cnt: 75 }) ms=67.892
MASK rule=first_content state=56 key=Some(RuleMaskKey { fsm_hash: 15765023653963454055, fsm_new_node_id: 15, state_cnt: 16, edge_cnt: 77 }) ms=50.382
MASK rule=rest_1 state=79 key=Some(RuleMaskKey { fsm_hash: 6635194092101876856, fsm_new_node_id: 16, state_cnt: 17, edge_cnt: 75 }) ms=67.716
MASK rule=value state=38 key=Some(RuleMaskKey { fsm_hash: 5061747085161151000, fsm_new_node_id: 0, state_cnt: 3, edge_cnt: 6 }) ms=34.416
MASK rule=paramname state=31 key=Some(RuleMaskKey { fsm_hash: 3101640816715427322, fsm_new_node_id: 0, state_cnt: 8, edge_cnt: 8 }) ms=7.985
MASK rule=triggered_tags state=103 key=Some(RuleMaskKey { fsm_hash: 10446001170454639632, fsm_new_node_id: 21, state_cnt: 62, edge_cnt: 61 }) ms=7.996
MASK rule=paramname state=37 key=Some(RuleMaskKey { fsm_hash: 3101640816715427322, fsm_new_node_id: 6, state_cnt: 8, edge_cnt: 8 }) ms=7.997
MASK rule=paramname state=34 key=Some(RuleMaskKey { fsm_hash: 3101640816715427322, fsm_new_node_id: 5, state_cnt: 8, edge_cnt: 8 }) ms=7.988
MASK rule=paramname state=36 key=Some(RuleMaskKey { fsm_hash: 3101640816715427322, fsm_new_node_id: 4, state_cnt: 8, edge_cnt: 8 }) ms=7.923
MASK rule=param state=23 key=Some(RuleMaskKey { fsm_hash: 13918019913926151129, fsm_new_node_id: 20, state_cnt: 27, edge_cnt: 26 }) ms=7.972
MASK rule=param state=9 key=Some(RuleMaskKey { fsm_hash: 13918019913926151129, fsm_new_node_id: 2, state_cnt: 27, edge_cnt: 26 }) ms=7.991
MASK rule=param state=16 key=Some(RuleMaskKey { fsm_hash: 13918019913926151129, fsm_new_node_id: 9, state_cnt: 27, edge_cnt: 26 }) ms=7.964
MASK rule=param state=13 key=Some(RuleMaskKey { fsm_hash: 13918019913926151129, fsm_new_node_id: 6, state_cnt: 27, edge_cnt: 26 }) ms=7.980
MASK rule=param state=6 key=Some(RuleMaskKey { fsm_hash: 13918019913926151129, fsm_new_node_id: 14, state_cnt: 27, edge_cnt: 26 }) ms=8.010
MASK rule=param state=17 key=Some(RuleMaskKey { fsm_hash: 13918019913926151129, fsm_new_node_id: 10, state_cnt: 27, edge_cnt: 26 }) ms=7.970
MASK rule=first_content state=48 key=Some(RuleMaskKey { fsm_hash: 15765023653963454055, fsm_new_node_id: 5, state_cnt: 16, edge_cnt: 77 }) ms=7.997
MASK rule=param state=26 key=Some(RuleMaskKey { fsm_hash: 13918019913926151129, fsm_new_node_id: 23, state_cnt: 27, edge_cnt: 26 }) ms=7.956
MASK rule=param state=14 key=Some(RuleMaskKey { fsm_hash: 13918019913926151129, fsm_new_node_id: 7, state_cnt: 27, edge_cnt: 26 }) ms=7.967
MASK rule=param state=8 key=Some(RuleMaskKey { fsm_hash: 13918019913926151129, fsm_new_node_id: 1, state_cnt: 27, edge_cnt: 26 }) ms=7.972
MASK rule=first_content state=49 key=Some(RuleMaskKey { fsm_hash: 15765023653963454055, fsm_new_node_id: 4, state_cnt: 16, edge_cnt: 77 }) ms=7.994
MASK rule=param state=7 key=Some(RuleMaskKey { fsm_hash: 13918019913926151129, fsm_new_node_id: 0, state_cnt: 27, edge_cnt: 26 }) ms=7.979
MASK rule=param state=10 key=Some(RuleMaskKey { fsm_hash: 13918019913926151129, fsm_new_node_id: 3, state_cnt: 27, edge_cnt: 26 }) ms=8.004
MASK rule=param state=21 key=Some(RuleMaskKey { fsm_hash: 13918019913926151129, fsm_new_node_id: 18, state_cnt: 27, edge_cnt: 26 }) ms=8.001
MASK rule=first_content state=51 key=Some(RuleMaskKey { fsm_hash: 15765023653963454055, fsm_new_node_id: 3, state_cnt: 16, edge_cnt: 77 }) ms=8.013
MASK rule=param state=18 key=Some(RuleMaskKey { fsm_hash: 13918019913926151129, fsm_new_node_id: 15, state_cnt: 27, edge_cnt: 26 }) ms=8.009
MASK rule=root_1 state=59 key=Some(RuleMaskKey { fsm_hash: 5360928561597719061, fsm_new_node_id: 0, state_cnt: 4, edge_cnt: 3 }) ms=7.961
MASK rule=param state=12 key=Some(RuleMaskKey { fsm_hash: 13918019913926151129, fsm_new_node_id: 5, state_cnt: 27, edge_cnt: 26 }) ms=8.047
MASK rule=param state=24 key=Some(RuleMaskKey { fsm_hash: 13918019913926151129, fsm_new_node_id: 21, state_cnt: 27, edge_cnt: 26 }) ms=8.010
MASK rule=param state=25 key=Some(RuleMaskKey { fsm_hash: 13918019913926151129, fsm_new_node_id: 22, state_cnt: 27, edge_cnt: 26 }) ms=7.979
MASK rule=rest_1 state=72 key=Some(RuleMaskKey { fsm_hash: 6635194092101876856, fsm_new_node_id: 3, state_cnt: 17, edge_cnt: 75 }) ms=8.000
MASK rule=param state=27 key=Some(RuleMaskKey { fsm_hash: 13918019913926151129, fsm_new_node_id: 24, state_cnt: 27, edge_cnt: 26 }) ms=8.021
MASK rule=param state=28 key=Some(RuleMaskKey { fsm_hash: 13918019913926151129, fsm_new_node_id: 25, state_cnt: 27, edge_cnt: 26 }) ms=8.008
MASK rule=rest_1 state=69 key=Some(RuleMaskKey { fsm_hash: 6635194092101876856, fsm_new_node_id: 5, state_cnt: 17, edge_cnt: 75 }) ms=8.023
MASK rule=param state=11 key=Some(RuleMaskKey { fsm_hash: 13918019913926151129, fsm_new_node_id: 4, state_cnt: 27, edge_cnt: 26 }) ms=7.952
MASK rule=param state=22 key=Some(RuleMaskKey { fsm_hash: 13918019913926151129, fsm_new_node_id: 19, state_cnt: 27, edge_cnt: 26 }) ms=8.292
MASK rule=param state=19 key=Some(RuleMaskKey { fsm_hash: 13918019913926151129, fsm_new_node_id: 16, state_cnt: 27, edge_cnt: 26 }) ms=7.987
MASK rule=paramname state=35 key=Some(RuleMaskKey { fsm_hash: 3101640816715427322, fsm_new_node_id: 2, state_cnt: 8, edge_cnt: 8 }) ms=8.010
MASK rule=paramname state=33 key=Some(RuleMaskKey { fsm_hash: 3101640816715427322, fsm_new_node_id: 3, state_cnt: 8, edge_cnt: 8 }) ms=8.014
MASK rule=param state=20 key=Some(RuleMaskKey { fsm_hash: 13918019913926151129, fsm_new_node_id: 17, state_cnt: 27, edge_cnt: 26 }) ms=7.977
MASK rule=rest_1 state=70 key=Some(RuleMaskKey { fsm_hash: 6635194092101876856, fsm_new_node_id: 4, state_cnt: 17, edge_cnt: 75 }) ms=8.031
MASK rule=paramname state=32 key=Some(RuleMaskKey { fsm_hash: 3101640816715427322, fsm_new_node_id: 1, state_cnt: 8, edge_cnt: 8 }) ms=8.015
MASK rule=triggered_tags state=119 key=Some(RuleMaskKey { fsm_hash: 10446001170454639632, fsm_new_node_id: 39, state_cnt: 62, edge_cnt: 61 }) ms=8.019
MASK rule=triggered_tags state=135 key=Some(RuleMaskKey { fsm_hash: 10446001170454639632, fsm_new_node_id: 55, state_cnt: 62, edge_cnt: 61 }) ms=7.993
MASK rule=triggered_tags state=91 key=Some(RuleMaskKey { fsm_hash: 10446001170454639632, fsm_new_node_id: 9, state_cnt: 62, edge_cnt: 61 }) ms=8.018
MASK rule=triggered_tags state=86 key=Some(RuleMaskKey { fsm_hash: 10446001170454639632, fsm_new_node_id: 4, state_cnt: 62, edge_cnt: 61 }) ms=7.935
MASK rule=param state=15 key=Some(RuleMaskKey { fsm_hash: 13918019913926151129, fsm_new_node_id: 8, state_cnt: 27, edge_cnt: 26 }) ms=7.977
MASK rule=triggered_tags state=115 key=Some(RuleMaskKey { fsm_hash: 10446001170454639632, fsm_new_node_id: 33, state_cnt: 62, edge_cnt: 61 }) ms=8.011
MASK rule=triggered_tags state=124 key=Some(RuleMaskKey { fsm_hash: 10446001170454639632, fsm_new_node_id: 44, state_cnt: 62, edge_cnt: 61 }) ms=8.013
MASK rule=triggered_tags state=120 key=Some(RuleMaskKey { fsm_hash: 10446001170454639632, fsm_new_node_id: 40, state_cnt: 62, edge_cnt: 61 }) ms=8.003
MASK rule=triggered_tags state=110 key=Some(RuleMaskKey { fsm_hash: 10446001170454639632, fsm_new_node_id: 28, state_cnt: 62, edge_cnt: 61 }) ms=8.025
MASK rule=triggered_tags state=111 key=Some(RuleMaskKey { fsm_hash: 10446001170454639632, fsm_new_node_id: 29, state_cnt: 62, edge_cnt: 61 }) ms=8.011
MASK rule=triggered_tags state=104 key=Some(RuleMaskKey { fsm_hash: 10446001170454639632, fsm_new_node_id: 22, state_cnt: 62, edge_cnt: 61 }) ms=7.940
MASK rule=triggered_tags state=127 key=Some(RuleMaskKey { fsm_hash: 10446001170454639632, fsm_new_node_id: 47, state_cnt: 62, edge_cnt: 61 }) ms=7.968
MASK rule=triggered_tags state=101 key=Some(RuleMaskKey { fsm_hash: 10446001170454639632, fsm_new_node_id: 19, state_cnt: 62, edge_cnt: 61 }) ms=7.993
MASK rule=triggered_tags state=96 key=Some(RuleMaskKey { fsm_hash: 10446001170454639632, fsm_new_node_id: 14, state_cnt: 62, edge_cnt: 61 }) ms=7.980
MASK rule=triggered_tags state=114 key=Some(RuleMaskKey { fsm_hash: 10446001170454639632, fsm_new_node_id: 32, state_cnt: 62, edge_cnt: 61 }) ms=8.011
MASK rule=triggered_tags state=118 key=Some(RuleMaskKey { fsm_hash: 10446001170454639632, fsm_new_node_id: 38, state_cnt: 62, edge_cnt: 61 }) ms=8.014
MASK rule=param state=4 key=Some(RuleMaskKey { fsm_hash: 13918019913926151129, fsm_new_node_id: 12, state_cnt: 27, edge_cnt: 26 }) ms=8.092
MASK rule=triggered_tags state=113 key=Some(RuleMaskKey { fsm_hash: 10446001170454639632, fsm_new_node_id: 31, state_cnt: 62, edge_cnt: 61 }) ms=8.002
MASK rule=triggered_tags state=89 key=Some(RuleMaskKey { fsm_hash: 10446001170454639632, fsm_new_node_id: 7, state_cnt: 62, edge_cnt: 61 }) ms=7.980
MASK rule=triggered_tags state=112 key=Some(RuleMaskKey { fsm_hash: 10446001170454639632, fsm_new_node_id: 30, state_cnt: 62, edge_cnt: 61 }) ms=7.956
MASK rule=triggered_tags state=122 key=Some(RuleMaskKey { fsm_hash: 10446001170454639632, fsm_new_node_id: 42, state_cnt: 62, edge_cnt: 61 }) ms=7.991
MASK rule=triggered_tags state=134 key=Some(RuleMaskKey { fsm_hash: 10446001170454639632, fsm_new_node_id: 54, state_cnt: 62, edge_cnt: 61 }) ms=7.997
MASK rule=triggered_tags state=92 key=Some(RuleMaskKey { fsm_hash: 10446001170454639632, fsm_new_node_id: 10, state_cnt: 62, edge_cnt: 61 }) ms=8.013
MASK rule=triggered_tags state=106 key=Some(RuleMaskKey { fsm_hash: 10446001170454639632, fsm_new_node_id: 24, state_cnt: 62, edge_cnt: 61 }) ms=7.984
MASK rule=triggered_tags state=85 key=Some(RuleMaskKey { fsm_hash: 10446001170454639632, fsm_new_node_id: 3, state_cnt: 62, edge_cnt: 61 }) ms=7.985
MASK rule=triggered_tags state=121 key=Some(RuleMaskKey { fsm_hash: 10446001170454639632, fsm_new_node_id: 41, state_cnt: 62, edge_cnt: 61 }) ms=8.006
MASK rule=triggered_tags state=109 key=Some(RuleMaskKey { fsm_hash: 10446001170454639632, fsm_new_node_id: 27, state_cnt: 62, edge_cnt: 61 }) ms=7.941
MASK rule=triggered_tags state=98 key=Some(RuleMaskKey { fsm_hash: 10446001170454639632, fsm_new_node_id: 16, state_cnt: 62, edge_cnt: 61 }) ms=7.988
MASK rule=triggered_tags state=130 key=Some(RuleMaskKey { fsm_hash: 10446001170454639632, fsm_new_node_id: 50, state_cnt: 62, edge_cnt: 61 }) ms=8.002
MASK rule=triggered_tags state=99 key=Some(RuleMaskKey { fsm_hash: 10446001170454639632, fsm_new_node_id: 17, state_cnt: 62, edge_cnt: 61 }) ms=7.968
MASK rule=triggered_tags state=133 key=Some(RuleMaskKey { fsm_hash: 10446001170454639632, fsm_new_node_id: 53, state_cnt: 62, edge_cnt: 61 }) ms=8.000
MASK rule=triggered_tags state=108 key=Some(RuleMaskKey { fsm_hash: 10446001170454639632, fsm_new_node_id: 26, state_cnt: 62, edge_cnt: 61 }) ms=7.985
MASK rule=triggered_tags state=100 key=Some(RuleMaskKey { fsm_hash: 10446001170454639632, fsm_new_node_id: 18, state_cnt: 62, edge_cnt: 61 }) ms=7.988
MASK rule=triggered_tags state=125 key=Some(RuleMaskKey { fsm_hash: 10446001170454639632, fsm_new_node_id: 45, state_cnt: 62, edge_cnt: 61 }) ms=8.008
MASK rule=triggered_tags state=128 key=Some(RuleMaskKey { fsm_hash: 10446001170454639632, fsm_new_node_id: 48, state_cnt: 62, edge_cnt: 61 }) ms=7.988
MASK rule=triggered_tags state=83 key=Some(RuleMaskKey { fsm_hash: 10446001170454639632, fsm_new_node_id: 1, state_cnt: 62, edge_cnt: 61 }) ms=7.961
MASK rule=triggered_tags state=105 key=Some(RuleMaskKey { fsm_hash: 10446001170454639632, fsm_new_node_id: 23, state_cnt: 62, edge_cnt: 61 }) ms=7.988
MASK rule=triggered_tags state=84 key=Some(RuleMaskKey { fsm_hash: 10446001170454639632, fsm_new_node_id: 2, state_cnt: 62, edge_cnt: 61 }) ms=7.981
MASK rule=triggered_tags state=82 key=Some(RuleMaskKey { fsm_hash: 10446001170454639632, fsm_new_node_id: 0, state_cnt: 62, edge_cnt: 61 }) ms=7.974
MASK rule=triggered_tags state=137 key=Some(RuleMaskKey { fsm_hash: 10446001170454639632, fsm_new_node_id: 57, state_cnt: 62, edge_cnt: 61 }) ms=7.984
MASK rule=triggered_tags state=129 key=Some(RuleMaskKey { fsm_hash: 10446001170454639632, fsm_new_node_id: 49, state_cnt: 62, edge_cnt: 61 }) ms=7.979
MASK rule=triggered_tags state=131 key=Some(RuleMaskKey { fsm_hash: 10446001170454639632, fsm_new_node_id: 51, state_cnt: 62, edge_cnt: 61 }) ms=7.974
MASK rule=triggered_tags state=126 key=Some(RuleMaskKey { fsm_hash: 10446001170454639632, fsm_new_node_id: 46, state_cnt: 62, edge_cnt: 61 }) ms=7.993
MASK rule=triggered_tags state=93 key=Some(RuleMaskKey { fsm_hash: 10446001170454639632, fsm_new_node_id: 11, state_cnt: 62, edge_cnt: 61 }) ms=7.968
MASK rule=triggered_tags state=123 key=Some(RuleMaskKey { fsm_hash: 10446001170454639632, fsm_new_node_id: 43, state_cnt: 62, edge_cnt: 61 }) ms=7.974
MASK rule=triggered_tags state=132 key=Some(RuleMaskKey { fsm_hash: 10446001170454639632, fsm_new_node_id: 52, state_cnt: 62, edge_cnt: 61 }) ms=7.987
MASK rule=triggered_tags state=94 key=Some(RuleMaskKey { fsm_hash: 10446001170454639632, fsm_new_node_id: 12, state_cnt: 62, edge_cnt: 61 }) ms=7.984
MASK rule=triggered_tags state=139 key=Some(RuleMaskKey { fsm_hash: 10446001170454639632, fsm_new_node_id: 59, state_cnt: 62, edge_cnt: 61 }) ms=8.011
MASK rule=triggered_tags state=88 key=Some(RuleMaskKey { fsm_hash: 10446001170454639632, fsm_new_node_id: 6, state_cnt: 62, edge_cnt: 61 }) ms=7.974
MASK rule=triggered_tags state=90 key=Some(RuleMaskKey { fsm_hash: 10446001170454639632, fsm_new_node_id: 8, state_cnt: 62, edge_cnt: 61 }) ms=8.047
MASK rule=triggered_tags state=87 key=Some(RuleMaskKey { fsm_hash: 10446001170454639632, fsm_new_node_id: 5, state_cnt: 62, edge_cnt: 61 }) ms=7.977
MASK rule=triggered_tags state=107 key=Some(RuleMaskKey { fsm_hash: 10446001170454639632, fsm_new_node_id: 25, state_cnt: 62, edge_cnt: 61 }) ms=7.984
MASK rule=triggered_tags state=140 key=Some(RuleMaskKey { fsm_hash: 10446001170454639632, fsm_new_node_id: 60, state_cnt: 62, edge_cnt: 61 }) ms=7.970
MASK rule=triggered_tags state=138 key=Some(RuleMaskKey { fsm_hash: 10446001170454639632, fsm_new_node_id: 58, state_cnt: 62, edge_cnt: 61 }) ms=7.950
MASK rule=triggered_tags state=116 key=Some(RuleMaskKey { fsm_hash: 10446001170454639632, fsm_new_node_id: 34, state_cnt: 62, edge_cnt: 61 }) ms=7.990
MASK rule=triggered_tags state=81 key=Some(RuleMaskKey { fsm_hash: 10446001170454639632, fsm_new_node_id: 36, state_cnt: 62, edge_cnt: 61 }) ms=7.967
MASK rule=triggered_tags state=136 key=Some(RuleMaskKey { fsm_hash: 10446001170454639632, fsm_new_node_id: 56, state_cnt: 62, edge_cnt: 61 }) ms=7.965
MASK rule=triggered_tags state=117 key=Some(RuleMaskKey { fsm_hash: 10446001170454639632, fsm_new_node_id: 37, state_cnt: 62, edge_cnt: 61 }) ms=7.993
MASK rule=triggered_tags state=95 key=Some(RuleMaskKey { fsm_hash: 10446001170454639632, fsm_new_node_id: 13, state_cnt: 62, edge_cnt: 61 }) ms=7.979
MASK rule=triggered_tags state=102 key=Some(RuleMaskKey { fsm_hash: 10446001170454639632, fsm_new_node_id: 20, state_cnt: 62, edge_cnt: 61 }) ms=8.010
MASK rule=triggered_tags state=97 key=Some(RuleMaskKey { fsm_hash: 10446001170454639632, fsm_new_node_id: 15, state_cnt: 62, edge_cnt: 61 }) ms=7.985
BEGIN mode=false rep=0 threads=4
MASK rule=first_content state=55 key=Some(RuleMaskKey { fsm_hash: 15765023653963454055, fsm_new_node_id: 0, state_cnt: 16, edge_cnt: 77 }) ms=73.679
MASK rule=first_content state=52 key=Some(RuleMaskKey { fsm_hash: 15765023653963454055, fsm_new_node_id: 6, state_cnt: 16, edge_cnt: 77 }) ms=115.219
MASK rule=first_content state=50 key=Some(RuleMaskKey { fsm_hash: 15765023653963454055, fsm_new_node_id: 7, state_cnt: 16, edge_cnt: 77 }) ms=126.837
MASK rule=first_content state=41 key=Some(RuleMaskKey { fsm_hash: 15765023653963454055, fsm_new_node_id: 14, state_cnt: 16, edge_cnt: 77 }) ms=126.684
MASK rule=first_content state=44 key=Some(RuleMaskKey { fsm_hash: 15765023653963454055, fsm_new_node_id: 11, state_cnt: 16, edge_cnt: 77 }) ms=101.404
MASK rule=first_content state=46 key=Some(RuleMaskKey { fsm_hash: 15765023653963454055, fsm_new_node_id: 9, state_cnt: 16, edge_cnt: 77 }) ms=126.310
MASK rule=rest_1 state=76 key=Some(RuleMaskKey { fsm_hash: 6635194092101876856, fsm_new_node_id: 2, state_cnt: 17, edge_cnt: 75 }) ms=267.757
MASK rule=first_content state=53 key=Some(RuleMaskKey { fsm_hash: 15765023653963454055, fsm_new_node_id: 2, state_cnt: 16, edge_cnt: 77 }) ms=99.395
MASK rule=first_content state=45 key=Some(RuleMaskKey { fsm_hash: 15765023653963454055, fsm_new_node_id: 10, state_cnt: 16, edge_cnt: 77 }) ms=121.307
MASK rule=first_content state=43 key=Some(RuleMaskKey { fsm_hash: 15765023653963454055, fsm_new_node_id: 12, state_cnt: 16, edge_cnt: 77 }) ms=122.407
MASK rule=first_content state=42 key=Some(RuleMaskKey { fsm_hash: 15765023653963454055, fsm_new_node_id: 13, state_cnt: 16, edge_cnt: 77 }) ms=126.008
MASK rule=first_content state=47 key=Some(RuleMaskKey { fsm_hash: 15765023653963454055, fsm_new_node_id: 8, state_cnt: 16, edge_cnt: 77 }) ms=102.849
MASK rule=rest_1 state=78 key=Some(RuleMaskKey { fsm_hash: 6635194092101876856, fsm_new_node_id: 0, state_cnt: 17, edge_cnt: 75 }) ms=149.688
MASK rule=rest_1 state=64 key=Some(RuleMaskKey { fsm_hash: 6635194092101876856, fsm_new_node_id: 14, state_cnt: 17, edge_cnt: 75 }) ms=279.324
MASK rule=rest_1 state=67 key=Some(RuleMaskKey { fsm_hash: 6635194092101876856, fsm_new_node_id: 11, state_cnt: 17, edge_cnt: 75 }) ms=288.026
MASK rule=rest_1 state=63 key=Some(RuleMaskKey { fsm_hash: 6635194092101876856, fsm_new_node_id: 15, state_cnt: 17, edge_cnt: 75 }) ms=263.207
MASK rule=rest_1 state=68 key=Some(RuleMaskKey { fsm_hash: 6635194092101876856, fsm_new_node_id: 10, state_cnt: 17, edge_cnt: 75 }) ms=303.232
MASK rule=rest_1 state=73 key=Some(RuleMaskKey { fsm_hash: 6635194092101876856, fsm_new_node_id: 8, state_cnt: 17, edge_cnt: 75 }) ms=287.828
MASK rule=rest_1 state=66 key=Some(RuleMaskKey { fsm_hash: 6635194092101876856, fsm_new_node_id: 12, state_cnt: 17, edge_cnt: 75 }) ms=265.042
MASK rule=rest_1 state=71 key=Some(RuleMaskKey { fsm_hash: 6635194092101876856, fsm_new_node_id: 9, state_cnt: 17, edge_cnt: 75 }) ms=288.921
MASK rule=first_content state=56 key=Some(RuleMaskKey { fsm_hash: 15765023653963454055, fsm_new_node_id: 15, state_cnt: 16, edge_cnt: 77 }) ms=104.961
MASK rule=rest_1 state=65 key=Some(RuleMaskKey { fsm_hash: 6635194092101876856, fsm_new_node_id: 13, state_cnt: 17, edge_cnt: 75 }) ms=291.847
MASK rule=paramname state=31 key=Some(RuleMaskKey { fsm_hash: 3101640816715427322, fsm_new_node_id: 0, state_cnt: 8, edge_cnt: 8 }) ms=8.596
MASK rule=triggered_tags state=134 key=Some(RuleMaskKey { fsm_hash: 10446001170454639632, fsm_new_node_id: 54, state_cnt: 62, edge_cnt: 61 }) ms=8.011
MASK rule=value state=38 key=Some(RuleMaskKey { fsm_hash: 5061747085161151000, fsm_new_node_id: 0, state_cnt: 3, edge_cnt: 6 }) ms=109.441
MASK rule=paramname state=35 key=Some(RuleMaskKey { fsm_hash: 3101640816715427322, fsm_new_node_id: 2, state_cnt: 8, edge_cnt: 8 }) ms=7.998
MASK rule=rest_1 state=75 key=Some(RuleMaskKey { fsm_hash: 6635194092101876856, fsm_new_node_id: 7, state_cnt: 17, edge_cnt: 75 }) ms=277.905
MASK rule=paramname state=34 key=Some(RuleMaskKey { fsm_hash: 3101640816715427322, fsm_new_node_id: 5, state_cnt: 8, edge_cnt: 8 }) ms=8.570
MASK rule=paramname state=37 key=Some(RuleMaskKey { fsm_hash: 3101640816715427322, fsm_new_node_id: 6, state_cnt: 8, edge_cnt: 8 }) ms=8.536
MASK rule=param state=15 key=Some(RuleMaskKey { fsm_hash: 13918019913926151129, fsm_new_node_id: 8, state_cnt: 27, edge_cnt: 26 }) ms=8.276
MASK rule=param state=16 key=Some(RuleMaskKey { fsm_hash: 13918019913926151129, fsm_new_node_id: 9, state_cnt: 27, edge_cnt: 26 }) ms=8.579
MASK rule=param state=6 key=Some(RuleMaskKey { fsm_hash: 13918019913926151129, fsm_new_node_id: 14, state_cnt: 27, edge_cnt: 26 }) ms=8.605
MASK rule=rest_1 state=79 key=Some(RuleMaskKey { fsm_hash: 6635194092101876856, fsm_new_node_id: 16, state_cnt: 17, edge_cnt: 75 }) ms=228.586
MASK rule=param state=17 key=Some(RuleMaskKey { fsm_hash: 13918019913926151129, fsm_new_node_id: 10, state_cnt: 27, edge_cnt: 26 }) ms=7.836
MASK rule=param state=18 key=Some(RuleMaskKey { fsm_hash: 13918019913926151129, fsm_new_node_id: 15, state_cnt: 27, edge_cnt: 26 }) ms=8.624
MASK rule=param state=19 key=Some(RuleMaskKey { fsm_hash: 13918019913926151129, fsm_new_node_id: 16, state_cnt: 27, edge_cnt: 26 }) ms=8.706
MASK rule=param state=23 key=Some(RuleMaskKey { fsm_hash: 13918019913926151129, fsm_new_node_id: 20, state_cnt: 27, edge_cnt: 26 }) ms=8.785
MASK rule=param state=14 key=Some(RuleMaskKey { fsm_hash: 13918019913926151129, fsm_new_node_id: 7, state_cnt: 27, edge_cnt: 26 }) ms=8.419
MASK rule=param state=9 key=Some(RuleMaskKey { fsm_hash: 13918019913926151129, fsm_new_node_id: 2, state_cnt: 27, edge_cnt: 26 }) ms=8.602
MASK rule=param state=24 key=Some(RuleMaskKey { fsm_hash: 13918019913926151129, fsm_new_node_id: 21, state_cnt: 27, edge_cnt: 26 }) ms=8.682
MASK rule=first_content state=49 key=Some(RuleMaskKey { fsm_hash: 15765023653963454055, fsm_new_node_id: 4, state_cnt: 16, edge_cnt: 77 }) ms=8.305
MASK rule=param state=27 key=Some(RuleMaskKey { fsm_hash: 13918019913926151129, fsm_new_node_id: 24, state_cnt: 27, edge_cnt: 26 }) ms=8.714
MASK rule=first_content state=51 key=Some(RuleMaskKey { fsm_hash: 15765023653963454055, fsm_new_node_id: 3, state_cnt: 16, edge_cnt: 77 }) ms=8.611
MASK rule=param state=28 key=Some(RuleMaskKey { fsm_hash: 13918019913926151129, fsm_new_node_id: 25, state_cnt: 27, edge_cnt: 26 }) ms=8.658
MASK rule=first_content state=48 key=Some(RuleMaskKey { fsm_hash: 15765023653963454055, fsm_new_node_id: 5, state_cnt: 16, edge_cnt: 77 }) ms=8.307
MASK rule=param state=21 key=Some(RuleMaskKey { fsm_hash: 13918019913926151129, fsm_new_node_id: 18, state_cnt: 27, edge_cnt: 26 }) ms=8.713
MASK rule=root_1 state=59 key=Some(RuleMaskKey { fsm_hash: 5360928561597719061, fsm_new_node_id: 0, state_cnt: 4, edge_cnt: 3 }) ms=8.582
MASK rule=param state=10 key=Some(RuleMaskKey { fsm_hash: 13918019913926151129, fsm_new_node_id: 3, state_cnt: 27, edge_cnt: 26 }) ms=8.674
MASK rule=param state=13 key=Some(RuleMaskKey { fsm_hash: 13918019913926151129, fsm_new_node_id: 6, state_cnt: 27, edge_cnt: 26 }) ms=8.350
MASK rule=param state=8 key=Some(RuleMaskKey { fsm_hash: 13918019913926151129, fsm_new_node_id: 1, state_cnt: 27, edge_cnt: 26 }) ms=8.665
MASK rule=param state=20 key=Some(RuleMaskKey { fsm_hash: 13918019913926151129, fsm_new_node_id: 17, state_cnt: 27, edge_cnt: 26 }) ms=8.669
MASK rule=param state=12 key=Some(RuleMaskKey { fsm_hash: 13918019913926151129, fsm_new_node_id: 5, state_cnt: 27, edge_cnt: 26 }) ms=8.685
MASK rule=param state=22 key=Some(RuleMaskKey { fsm_hash: 13918019913926151129, fsm_new_node_id: 19, state_cnt: 27, edge_cnt: 26 }) ms=8.313
MASK rule=rest_1 state=72 key=Some(RuleMaskKey { fsm_hash: 6635194092101876856, fsm_new_node_id: 3, state_cnt: 17, edge_cnt: 75 }) ms=8.690
MASK rule=param state=4 key=Some(RuleMaskKey { fsm_hash: 13918019913926151129, fsm_new_node_id: 12, state_cnt: 27, edge_cnt: 26 }) ms=8.698
MASK rule=param state=26 key=Some(RuleMaskKey { fsm_hash: 13918019913926151129, fsm_new_node_id: 23, state_cnt: 27, edge_cnt: 26 }) ms=8.322
MASK rule=rest_1 state=69 key=Some(RuleMaskKey { fsm_hash: 6635194092101876856, fsm_new_node_id: 5, state_cnt: 17, edge_cnt: 75 }) ms=8.626
MASK rule=paramname state=32 key=Some(RuleMaskKey { fsm_hash: 3101640816715427322, fsm_new_node_id: 1, state_cnt: 8, edge_cnt: 8 }) ms=8.714
MASK rule=paramname state=36 key=Some(RuleMaskKey { fsm_hash: 3101640816715427322, fsm_new_node_id: 4, state_cnt: 8, edge_cnt: 8 }) ms=8.662
MASK rule=rest_1 state=70 key=Some(RuleMaskKey { fsm_hash: 6635194092101876856, fsm_new_node_id: 4, state_cnt: 17, edge_cnt: 75 }) ms=8.351
MASK rule=param state=7 key=Some(RuleMaskKey { fsm_hash: 13918019913926151129, fsm_new_node_id: 0, state_cnt: 27, edge_cnt: 26 }) ms=8.687
MASK rule=paramname state=33 key=Some(RuleMaskKey { fsm_hash: 3101640816715427322, fsm_new_node_id: 3, state_cnt: 8, edge_cnt: 8 }) ms=8.758
MASK rule=triggered_tags state=119 key=Some(RuleMaskKey { fsm_hash: 10446001170454639632, fsm_new_node_id: 39, state_cnt: 62, edge_cnt: 61 }) ms=8.629
MASK rule=param state=11 key=Some(RuleMaskKey { fsm_hash: 13918019913926151129, fsm_new_node_id: 4, state_cnt: 27, edge_cnt: 26 }) ms=8.327
MASK rule=triggered_tags state=135 key=Some(RuleMaskKey { fsm_hash: 10446001170454639632, fsm_new_node_id: 55, state_cnt: 62, edge_cnt: 61 }) ms=8.646
MASK rule=triggered_tags state=94 key=Some(RuleMaskKey { fsm_hash: 10446001170454639632, fsm_new_node_id: 12, state_cnt: 62, edge_cnt: 61 }) ms=8.758
MASK rule=triggered_tags state=129 key=Some(RuleMaskKey { fsm_hash: 10446001170454639632, fsm_new_node_id: 49, state_cnt: 62, edge_cnt: 61 }) ms=8.615
MASK rule=triggered_tags state=130 key=Some(RuleMaskKey { fsm_hash: 10446001170454639632, fsm_new_node_id: 50, state_cnt: 62, edge_cnt: 61 }) ms=8.343
MASK rule=triggered_tags state=139 key=Some(RuleMaskKey { fsm_hash: 10446001170454639632, fsm_new_node_id: 59, state_cnt: 62, edge_cnt: 61 }) ms=8.687
MASK rule=triggered_tags state=95 key=Some(RuleMaskKey { fsm_hash: 10446001170454639632, fsm_new_node_id: 13, state_cnt: 62, edge_cnt: 61 }) ms=8.761
MASK rule=triggered_tags state=86 key=Some(RuleMaskKey { fsm_hash: 10446001170454639632, fsm_new_node_id: 4, state_cnt: 62, edge_cnt: 61 }) ms=8.647
MASK rule=triggered_tags state=111 key=Some(RuleMaskKey { fsm_hash: 10446001170454639632, fsm_new_node_id: 29, state_cnt: 62, edge_cnt: 61 }) ms=8.372
MASK rule=triggered_tags state=122 key=Some(RuleMaskKey { fsm_hash: 10446001170454639632, fsm_new_node_id: 42, state_cnt: 62, edge_cnt: 61 }) ms=8.682
MASK rule=triggered_tags state=123 key=Some(RuleMaskKey { fsm_hash: 10446001170454639632, fsm_new_node_id: 43, state_cnt: 62, edge_cnt: 61 }) ms=8.686
MASK rule=triggered_tags state=136 key=Some(RuleMaskKey { fsm_hash: 10446001170454639632, fsm_new_node_id: 56, state_cnt: 62, edge_cnt: 61 }) ms=8.637
MASK rule=triggered_tags state=113 key=Some(RuleMaskKey { fsm_hash: 10446001170454639632, fsm_new_node_id: 31, state_cnt: 62, edge_cnt: 61 }) ms=8.307
MASK rule=triggered_tags state=133 key=Some(RuleMaskKey { fsm_hash: 10446001170454639632, fsm_new_node_id: 53, state_cnt: 62, edge_cnt: 61 }) ms=8.674
MASK rule=triggered_tags state=126 key=Some(RuleMaskKey { fsm_hash: 10446001170454639632, fsm_new_node_id: 46, state_cnt: 62, edge_cnt: 61 }) ms=8.720
MASK rule=param state=25 key=Some(RuleMaskKey { fsm_hash: 13918019913926151129, fsm_new_node_id: 22, state_cnt: 27, edge_cnt: 26 }) ms=8.623
MASK rule=triggered_tags state=92 key=Some(RuleMaskKey { fsm_hash: 10446001170454639632, fsm_new_node_id: 10, state_cnt: 62, edge_cnt: 61 }) ms=8.299
MASK rule=triggered_tags state=83 key=Some(RuleMaskKey { fsm_hash: 10446001170454639632, fsm_new_node_id: 1, state_cnt: 62, edge_cnt: 61 }) ms=8.682
MASK rule=triggered_tags state=81 key=Some(RuleMaskKey { fsm_hash: 10446001170454639632, fsm_new_node_id: 36, state_cnt: 62, edge_cnt: 61 }) ms=8.703
MASK rule=triggered_tags state=124 key=Some(RuleMaskKey { fsm_hash: 10446001170454639632, fsm_new_node_id: 44, state_cnt: 62, edge_cnt: 61 }) ms=8.598
MASK rule=triggered_tags state=138 key=Some(RuleMaskKey { fsm_hash: 10446001170454639632, fsm_new_node_id: 58, state_cnt: 62, edge_cnt: 61 }) ms=8.419
MASK rule=triggered_tags state=87 key=Some(RuleMaskKey { fsm_hash: 10446001170454639632, fsm_new_node_id: 5, state_cnt: 62, edge_cnt: 61 }) ms=8.721
MASK rule=triggered_tags state=90 key=Some(RuleMaskKey { fsm_hash: 10446001170454639632, fsm_new_node_id: 8, state_cnt: 62, edge_cnt: 61 }) ms=8.772
MASK rule=triggered_tags state=131 key=Some(RuleMaskKey { fsm_hash: 10446001170454639632, fsm_new_node_id: 51, state_cnt: 62, edge_cnt: 61 }) ms=8.307
MASK rule=triggered_tags state=102 key=Some(RuleMaskKey { fsm_hash: 10446001170454639632, fsm_new_node_id: 20, state_cnt: 62, edge_cnt: 61 }) ms=8.647
MASK rule=triggered_tags state=104 key=Some(RuleMaskKey { fsm_hash: 10446001170454639632, fsm_new_node_id: 22, state_cnt: 62, edge_cnt: 61 }) ms=8.701
MASK rule=triggered_tags state=82 key=Some(RuleMaskKey { fsm_hash: 10446001170454639632, fsm_new_node_id: 0, state_cnt: 62, edge_cnt: 61 }) ms=8.843
MASK rule=triggered_tags state=99 key=Some(RuleMaskKey { fsm_hash: 10446001170454639632, fsm_new_node_id: 17, state_cnt: 62, edge_cnt: 61 }) ms=8.336
MASK rule=triggered_tags state=108 key=Some(RuleMaskKey { fsm_hash: 10446001170454639632, fsm_new_node_id: 26, state_cnt: 62, edge_cnt: 61 }) ms=8.653
MASK rule=triggered_tags state=112 key=Some(RuleMaskKey { fsm_hash: 10446001170454639632, fsm_new_node_id: 30, state_cnt: 62, edge_cnt: 61 }) ms=8.680
MASK rule=triggered_tags state=93 key=Some(RuleMaskKey { fsm_hash: 10446001170454639632, fsm_new_node_id: 11, state_cnt: 62, edge_cnt: 61 }) ms=8.726
MASK rule=triggered_tags state=116 key=Some(RuleMaskKey { fsm_hash: 10446001170454639632, fsm_new_node_id: 34, state_cnt: 62, edge_cnt: 61 }) ms=8.301
MASK rule=triggered_tags state=110 key=Some(RuleMaskKey { fsm_hash: 10446001170454639632, fsm_new_node_id: 28, state_cnt: 62, edge_cnt: 61 }) ms=8.649
MASK rule=triggered_tags state=117 key=Some(RuleMaskKey { fsm_hash: 10446001170454639632, fsm_new_node_id: 37, state_cnt: 62, edge_cnt: 61 }) ms=8.695
MASK rule=triggered_tags state=132 key=Some(RuleMaskKey { fsm_hash: 10446001170454639632, fsm_new_node_id: 52, state_cnt: 62, edge_cnt: 61 }) ms=8.718
MASK rule=triggered_tags state=103 key=Some(RuleMaskKey { fsm_hash: 10446001170454639632, fsm_new_node_id: 21, state_cnt: 62, edge_cnt: 61 }) ms=8.320
MASK rule=triggered_tags state=109 key=Some(RuleMaskKey { fsm_hash: 10446001170454639632, fsm_new_node_id: 27, state_cnt: 62, edge_cnt: 61 }) ms=8.619
MASK rule=triggered_tags state=98 key=Some(RuleMaskKey { fsm_hash: 10446001170454639632, fsm_new_node_id: 16, state_cnt: 62, edge_cnt: 61 }) ms=8.710
MASK rule=triggered_tags state=100 key=Some(RuleMaskKey { fsm_hash: 10446001170454639632, fsm_new_node_id: 18, state_cnt: 62, edge_cnt: 61 }) ms=8.716
MASK rule=triggered_tags state=121 key=Some(RuleMaskKey { fsm_hash: 10446001170454639632, fsm_new_node_id: 41, state_cnt: 62, edge_cnt: 61 }) ms=8.369
MASK rule=triggered_tags state=140 key=Some(RuleMaskKey { fsm_hash: 10446001170454639632, fsm_new_node_id: 60, state_cnt: 62, edge_cnt: 61 }) ms=8.641
MASK rule=triggered_tags state=128 key=Some(RuleMaskKey { fsm_hash: 10446001170454639632, fsm_new_node_id: 48, state_cnt: 62, edge_cnt: 61 }) ms=8.665
MASK rule=triggered_tags state=89 key=Some(RuleMaskKey { fsm_hash: 10446001170454639632, fsm_new_node_id: 7, state_cnt: 62, edge_cnt: 61 }) ms=8.691
MASK rule=triggered_tags state=105 key=Some(RuleMaskKey { fsm_hash: 10446001170454639632, fsm_new_node_id: 23, state_cnt: 62, edge_cnt: 61 }) ms=8.332
MASK rule=triggered_tags state=91 key=Some(RuleMaskKey { fsm_hash: 10446001170454639632, fsm_new_node_id: 9, state_cnt: 62, edge_cnt: 61 }) ms=8.632
MASK rule=triggered_tags state=97 key=Some(RuleMaskKey { fsm_hash: 10446001170454639632, fsm_new_node_id: 15, state_cnt: 62, edge_cnt: 61 }) ms=8.735
MASK rule=triggered_tags state=106 key=Some(RuleMaskKey { fsm_hash: 10446001170454639632, fsm_new_node_id: 24, state_cnt: 62, edge_cnt: 61 }) ms=8.717
MASK rule=triggered_tags state=88 key=Some(RuleMaskKey { fsm_hash: 10446001170454639632, fsm_new_node_id: 6, state_cnt: 62, edge_cnt: 61 }) ms=8.359
MASK rule=triggered_tags state=118 key=Some(RuleMaskKey { fsm_hash: 10446001170454639632, fsm_new_node_id: 38, state_cnt: 62, edge_cnt: 61 }) ms=8.596
MASK rule=triggered_tags state=120 key=Some(RuleMaskKey { fsm_hash: 10446001170454639632, fsm_new_node_id: 40, state_cnt: 62, edge_cnt: 61 }) ms=8.705
MASK rule=triggered_tags state=84 key=Some(RuleMaskKey { fsm_hash: 10446001170454639632, fsm_new_node_id: 2, state_cnt: 62, edge_cnt: 61 }) ms=8.743
MASK rule=triggered_tags state=96 key=Some(RuleMaskKey { fsm_hash: 10446001170454639632, fsm_new_node_id: 14, state_cnt: 62, edge_cnt: 61 }) ms=8.284
MASK rule=triggered_tags state=85 key=Some(RuleMaskKey { fsm_hash: 10446001170454639632, fsm_new_node_id: 3, state_cnt: 62, edge_cnt: 61 }) ms=8.660
MASK rule=triggered_tags state=101 key=Some(RuleMaskKey { fsm_hash: 10446001170454639632, fsm_new_node_id: 19, state_cnt: 62, edge_cnt: 61 }) ms=8.710
MASK rule=triggered_tags state=127 key=Some(RuleMaskKey { fsm_hash: 10446001170454639632, fsm_new_node_id: 47, state_cnt: 62, edge_cnt: 61 }) ms=8.743
MASK rule=triggered_tags state=137 key=Some(RuleMaskKey { fsm_hash: 10446001170454639632, fsm_new_node_id: 57, state_cnt: 62, edge_cnt: 61 }) ms=8.374
MASK rule=triggered_tags state=114 key=Some(RuleMaskKey { fsm_hash: 10446001170454639632, fsm_new_node_id: 32, state_cnt: 62, edge_cnt: 61 }) ms=8.602
MASK rule=triggered_tags state=125 key=Some(RuleMaskKey { fsm_hash: 10446001170454639632, fsm_new_node_id: 45, state_cnt: 62, edge_cnt: 61 }) ms=8.696
MASK rule=triggered_tags state=107 key=Some(RuleMaskKey { fsm_hash: 10446001170454639632, fsm_new_node_id: 25, state_cnt: 62, edge_cnt: 61 }) ms=8.752
MASK rule=triggered_tags state=115 key=Some(RuleMaskKey { fsm_hash: 10446001170454639632, fsm_new_node_id: 33, state_cnt: 62, edge_cnt: 61 }) ms=8.314
END mode=false rep=0
BEGIN mode=false rep=1 threads=1
MASK rule=first_content state=55 key=Some(RuleMaskKey { fsm_hash: 15765023653963454055, fsm_new_node_id: 0, state_cnt: 16, edge_cnt: 77 }) ms=32.157
MASK rule=rest_1 state=75 key=Some(RuleMaskKey { fsm_hash: 6635194092101876856, fsm_new_node_id: 7, state_cnt: 17, edge_cnt: 75 }) ms=68.111
MASK rule=first_content state=53 key=Some(RuleMaskKey { fsm_hash: 15765023653963454055, fsm_new_node_id: 2, state_cnt: 16, edge_cnt: 77 }) ms=50.369
MASK rule=first_content state=44 key=Some(RuleMaskKey { fsm_hash: 15765023653963454055, fsm_new_node_id: 11, state_cnt: 16, edge_cnt: 77 }) ms=50.383
MASK rule=first_content state=43 key=Some(RuleMaskKey { fsm_hash: 15765023653963454055, fsm_new_node_id: 12, state_cnt: 16, edge_cnt: 77 }) ms=50.347
MASK rule=first_content state=46 key=Some(RuleMaskKey { fsm_hash: 15765023653963454055, fsm_new_node_id: 9, state_cnt: 16, edge_cnt: 77 }) ms=50.204
MASK rule=first_content state=50 key=Some(RuleMaskKey { fsm_hash: 15765023653963454055, fsm_new_node_id: 7, state_cnt: 16, edge_cnt: 77 }) ms=50.202
MASK rule=first_content state=42 key=Some(RuleMaskKey { fsm_hash: 15765023653963454055, fsm_new_node_id: 13, state_cnt: 16, edge_cnt: 77 }) ms=50.265
MASK rule=first_content state=41 key=Some(RuleMaskKey { fsm_hash: 15765023653963454055, fsm_new_node_id: 14, state_cnt: 16, edge_cnt: 77 }) ms=50.288
MASK rule=first_content state=47 key=Some(RuleMaskKey { fsm_hash: 15765023653963454055, fsm_new_node_id: 8, state_cnt: 16, edge_cnt: 77 }) ms=50.537
MASK rule=first_content state=52 key=Some(RuleMaskKey { fsm_hash: 15765023653963454055, fsm_new_node_id: 6, state_cnt: 16, edge_cnt: 77 }) ms=50.381
MASK rule=first_content state=45 key=Some(RuleMaskKey { fsm_hash: 15765023653963454055, fsm_new_node_id: 10, state_cnt: 16, edge_cnt: 77 }) ms=50.289
MASK rule=rest_1 state=68 key=Some(RuleMaskKey { fsm_hash: 6635194092101876856, fsm_new_node_id: 10, state_cnt: 17, edge_cnt: 75 }) ms=68.056
MASK rule=rest_1 state=71 key=Some(RuleMaskKey { fsm_hash: 6635194092101876856, fsm_new_node_id: 9, state_cnt: 17, edge_cnt: 75 }) ms=68.023
MASK rule=rest_1 state=66 key=Some(RuleMaskKey { fsm_hash: 6635194092101876856, fsm_new_node_id: 12, state_cnt: 17, edge_cnt: 75 }) ms=67.788
MASK rule=rest_1 state=64 key=Some(RuleMaskKey { fsm_hash: 6635194092101876856, fsm_new_node_id: 14, state_cnt: 17, edge_cnt: 75 }) ms=68.229
MASK rule=rest_1 state=63 key=Some(RuleMaskKey { fsm_hash: 6635194092101876856, fsm_new_node_id: 15, state_cnt: 17, edge_cnt: 75 }) ms=67.709
MASK rule=rest_1 state=78 key=Some(RuleMaskKey { fsm_hash: 6635194092101876856, fsm_new_node_id: 0, state_cnt: 17, edge_cnt: 75 }) ms=38.296
MASK rule=rest_1 state=76 key=Some(RuleMaskKey { fsm_hash: 6635194092101876856, fsm_new_node_id: 2, state_cnt: 17, edge_cnt: 75 }) ms=68.357
MASK rule=rest_1 state=73 key=Some(RuleMaskKey { fsm_hash: 6635194092101876856, fsm_new_node_id: 8, state_cnt: 17, edge_cnt: 75 }) ms=68.102
MASK rule=rest_1 state=67 key=Some(RuleMaskKey { fsm_hash: 6635194092101876856, fsm_new_node_id: 11, state_cnt: 17, edge_cnt: 75 }) ms=68.029
MASK rule=rest_1 state=65 key=Some(RuleMaskKey { fsm_hash: 6635194092101876856, fsm_new_node_id: 13, state_cnt: 17, edge_cnt: 75 }) ms=67.959
MASK rule=first_content state=56 key=Some(RuleMaskKey { fsm_hash: 15765023653963454055, fsm_new_node_id: 15, state_cnt: 16, edge_cnt: 77 }) ms=50.235
MASK rule=rest_1 state=79 key=Some(RuleMaskKey { fsm_hash: 6635194092101876856, fsm_new_node_id: 16, state_cnt: 17, edge_cnt: 75 }) ms=67.833
MASK rule=value state=38 key=Some(RuleMaskKey { fsm_hash: 5061747085161151000, fsm_new_node_id: 0, state_cnt: 3, edge_cnt: 6 }) ms=34.582
MASK rule=paramname state=31 key=Some(RuleMaskKey { fsm_hash: 3101640816715427322, fsm_new_node_id: 0, state_cnt: 8, edge_cnt: 8 }) ms=8.173
MASK rule=triggered_tags state=93 key=Some(RuleMaskKey { fsm_hash: 10446001170454639632, fsm_new_node_id: 11, state_cnt: 62, edge_cnt: 61 }) ms=8.124
MASK rule=paramname state=36 key=Some(RuleMaskKey { fsm_hash: 3101640816715427322, fsm_new_node_id: 4, state_cnt: 8, edge_cnt: 8 }) ms=8.175
MASK rule=paramname state=34 key=Some(RuleMaskKey { fsm_hash: 3101640816715427322, fsm_new_node_id: 5, state_cnt: 8, edge_cnt: 8 }) ms=8.169
MASK rule=paramname state=37 key=Some(RuleMaskKey { fsm_hash: 3101640816715427322, fsm_new_node_id: 6, state_cnt: 8, edge_cnt: 8 }) ms=8.129
MASK rule=param state=4 key=Some(RuleMaskKey { fsm_hash: 13918019913926151129, fsm_new_node_id: 12, state_cnt: 27, edge_cnt: 26 }) ms=8.260
MASK rule=param state=6 key=Some(RuleMaskKey { fsm_hash: 13918019913926151129, fsm_new_node_id: 14, state_cnt: 27, edge_cnt: 26 }) ms=8.191
MASK rule=param state=19 key=Some(RuleMaskKey { fsm_hash: 13918019913926151129, fsm_new_node_id: 16, state_cnt: 27, edge_cnt: 26 }) ms=8.154
MASK rule=param state=21 key=Some(RuleMaskKey { fsm_hash: 13918019913926151129, fsm_new_node_id: 18, state_cnt: 27, edge_cnt: 26 }) ms=8.179
MASK rule=param state=24 key=Some(RuleMaskKey { fsm_hash: 13918019913926151129, fsm_new_node_id: 21, state_cnt: 27, edge_cnt: 26 }) ms=8.166
MASK rule=param state=18 key=Some(RuleMaskKey { fsm_hash: 13918019913926151129, fsm_new_node_id: 15, state_cnt: 27, edge_cnt: 26 }) ms=8.139
MASK rule=first_content state=51 key=Some(RuleMaskKey { fsm_hash: 15765023653963454055, fsm_new_node_id: 3, state_cnt: 16, edge_cnt: 77 }) ms=8.164
MASK rule=first_content state=49 key=Some(RuleMaskKey { fsm_hash: 15765023653963454055, fsm_new_node_id: 4, state_cnt: 16, edge_cnt: 77 }) ms=8.292
MASK rule=first_content state=48 key=Some(RuleMaskKey { fsm_hash: 15765023653963454055, fsm_new_node_id: 5, state_cnt: 16, edge_cnt: 77 }) ms=8.150
MASK rule=param state=20 key=Some(RuleMaskKey { fsm_hash: 13918019913926151129, fsm_new_node_id: 17, state_cnt: 27, edge_cnt: 26 }) ms=8.166
MASK rule=param state=25 key=Some(RuleMaskKey { fsm_hash: 13918019913926151129, fsm_new_node_id: 22, state_cnt: 27, edge_cnt: 26 }) ms=8.127
MASK rule=param state=28 key=Some(RuleMaskKey { fsm_hash: 13918019913926151129, fsm_new_node_id: 25, state_cnt: 27, edge_cnt: 26 }) ms=8.167
MASK rule=param state=10 key=Some(RuleMaskKey { fsm_hash: 13918019913926151129, fsm_new_node_id: 3, state_cnt: 27, edge_cnt: 26 }) ms=8.176
MASK rule=param state=23 key=Some(RuleMaskKey { fsm_hash: 13918019913926151129, fsm_new_node_id: 20, state_cnt: 27, edge_cnt: 26 }) ms=8.146
MASK rule=param state=12 key=Some(RuleMaskKey { fsm_hash: 13918019913926151129, fsm_new_node_id: 5, state_cnt: 27, edge_cnt: 26 }) ms=8.143
MASK rule=param state=27 key=Some(RuleMaskKey { fsm_hash: 13918019913926151129, fsm_new_node_id: 24, state_cnt: 27, edge_cnt: 26 }) ms=8.161
MASK rule=root_1 state=59 key=Some(RuleMaskKey { fsm_hash: 5360928561597719061, fsm_new_node_id: 0, state_cnt: 4, edge_cnt: 3 }) ms=8.144
MASK rule=param state=9 key=Some(RuleMaskKey { fsm_hash: 13918019913926151129, fsm_new_node_id: 2, state_cnt: 27, edge_cnt: 26 }) ms=8.158
MASK rule=rest_1 state=72 key=Some(RuleMaskKey { fsm_hash: 6635194092101876856, fsm_new_node_id: 3, state_cnt: 17, edge_cnt: 75 }) ms=8.203
MASK rule=param state=11 key=Some(RuleMaskKey { fsm_hash: 13918019913926151129, fsm_new_node_id: 4, state_cnt: 27, edge_cnt: 26 }) ms=8.164
MASK rule=param state=7 key=Some(RuleMaskKey { fsm_hash: 13918019913926151129, fsm_new_node_id: 0, state_cnt: 27, edge_cnt: 26 }) ms=8.097
MASK rule=rest_1 state=70 key=Some(RuleMaskKey { fsm_hash: 6635194092101876856, fsm_new_node_id: 4, state_cnt: 17, edge_cnt: 75 }) ms=8.162
MASK rule=param state=26 key=Some(RuleMaskKey { fsm_hash: 13918019913926151129, fsm_new_node_id: 23, state_cnt: 27, edge_cnt: 26 }) ms=8.160
MASK rule=rest_1 state=69 key=Some(RuleMaskKey { fsm_hash: 6635194092101876856, fsm_new_node_id: 5, state_cnt: 17, edge_cnt: 75 }) ms=8.167
MASK rule=param state=22 key=Some(RuleMaskKey { fsm_hash: 13918019913926151129, fsm_new_node_id: 19, state_cnt: 27, edge_cnt: 26 }) ms=8.142
MASK rule=param state=8 key=Some(RuleMaskKey { fsm_hash: 13918019913926151129, fsm_new_node_id: 1, state_cnt: 27, edge_cnt: 26 }) ms=8.138
MASK rule=param state=15 key=Some(RuleMaskKey { fsm_hash: 13918019913926151129, fsm_new_node_id: 8, state_cnt: 27, edge_cnt: 26 }) ms=8.168
MASK rule=param state=16 key=Some(RuleMaskKey { fsm_hash: 13918019913926151129, fsm_new_node_id: 9, state_cnt: 27, edge_cnt: 26 }) ms=8.151
MASK rule=paramname state=35 key=Some(RuleMaskKey { fsm_hash: 3101640816715427322, fsm_new_node_id: 2, state_cnt: 8, edge_cnt: 8 }) ms=8.142
MASK rule=param state=14 key=Some(RuleMaskKey { fsm_hash: 13918019913926151129, fsm_new_node_id: 7, state_cnt: 27, edge_cnt: 26 }) ms=8.130
MASK rule=paramname state=33 key=Some(RuleMaskKey { fsm_hash: 3101640816715427322, fsm_new_node_id: 3, state_cnt: 8, edge_cnt: 8 }) ms=8.157
MASK rule=paramname state=32 key=Some(RuleMaskKey { fsm_hash: 3101640816715427322, fsm_new_node_id: 1, state_cnt: 8, edge_cnt: 8 }) ms=8.123
MASK rule=triggered_tags state=138 key=Some(RuleMaskKey { fsm_hash: 10446001170454639632, fsm_new_node_id: 58, state_cnt: 62, edge_cnt: 61 }) ms=8.138
MASK rule=triggered_tags state=97 key=Some(RuleMaskKey { fsm_hash: 10446001170454639632, fsm_new_node_id: 15, state_cnt: 62, edge_cnt: 61 }) ms=8.160
MASK rule=triggered_tags state=107 key=Some(RuleMaskKey { fsm_hash: 10446001170454639632, fsm_new_node_id: 25, state_cnt: 62, edge_cnt: 61 }) ms=8.170
MASK rule=triggered_tags state=85 key=Some(RuleMaskKey { fsm_hash: 10446001170454639632, fsm_new_node_id: 3, state_cnt: 62, edge_cnt: 61 }) ms=8.155
MASK rule=param state=17 key=Some(RuleMaskKey { fsm_hash: 13918019913926151129, fsm_new_node_id: 10, state_cnt: 27, edge_cnt: 26 }) ms=8.152
MASK rule=triggered_tags state=130 key=Some(RuleMaskKey { fsm_hash: 10446001170454639632, fsm_new_node_id: 50, state_cnt: 62, edge_cnt: 61 }) ms=8.144
MASK rule=triggered_tags state=121 key=Some(RuleMaskKey { fsm_hash: 10446001170454639632, fsm_new_node_id: 41, state_cnt: 62, edge_cnt: 61 }) ms=8.181
MASK rule=triggered_tags state=91 key=Some(RuleMaskKey { fsm_hash: 10446001170454639632, fsm_new_node_id: 9, state_cnt: 62, edge_cnt: 61 }) ms=8.121
MASK rule=triggered_tags state=132 key=Some(RuleMaskKey { fsm_hash: 10446001170454639632, fsm_new_node_id: 52, state_cnt: 62, edge_cnt: 61 }) ms=8.154
MASK rule=triggered_tags state=90 key=Some(RuleMaskKey { fsm_hash: 10446001170454639632, fsm_new_node_id: 8, state_cnt: 62, edge_cnt: 61 }) ms=8.126
MASK rule=triggered_tags state=110 key=Some(RuleMaskKey { fsm_hash: 10446001170454639632, fsm_new_node_id: 28, state_cnt: 62, edge_cnt: 61 }) ms=8.113
MASK rule=triggered_tags state=95 key=Some(RuleMaskKey { fsm_hash: 10446001170454639632, fsm_new_node_id: 13, state_cnt: 62, edge_cnt: 61 }) ms=8.145
MASK rule=triggered_tags state=103 key=Some(RuleMaskKey { fsm_hash: 10446001170454639632, fsm_new_node_id: 21, state_cnt: 62, edge_cnt: 61 }) ms=8.118
MASK rule=triggered_tags state=81 key=Some(RuleMaskKey { fsm_hash: 10446001170454639632, fsm_new_node_id: 36, state_cnt: 62, edge_cnt: 61 }) ms=8.189
MASK rule=triggered_tags state=123 key=Some(RuleMaskKey { fsm_hash: 10446001170454639632, fsm_new_node_id: 43, state_cnt: 62, edge_cnt: 61 }) ms=8.096
MASK rule=triggered_tags state=128 key=Some(RuleMaskKey { fsm_hash: 10446001170454639632, fsm_new_node_id: 48, state_cnt: 62, edge_cnt: 61 }) ms=8.127
MASK rule=param state=13 key=Some(RuleMaskKey { fsm_hash: 13918019913926151129, fsm_new_node_id: 6, state_cnt: 27, edge_cnt: 26 }) ms=8.121
MASK rule=triggered_tags state=101 key=Some(RuleMaskKey { fsm_hash: 10446001170454639632, fsm_new_node_id: 19, state_cnt: 62, edge_cnt: 61 }) ms=8.128
MASK rule=triggered_tags state=137 key=Some(RuleMaskKey { fsm_hash: 10446001170454639632, fsm_new_node_id: 57, state_cnt: 62, edge_cnt: 61 }) ms=8.143
MASK rule=triggered_tags state=113 key=Some(RuleMaskKey { fsm_hash: 10446001170454639632, fsm_new_node_id: 31, state_cnt: 62, edge_cnt: 61 }) ms=8.170
MASK rule=triggered_tags state=136 key=Some(RuleMaskKey { fsm_hash: 10446001170454639632, fsm_new_node_id: 56, state_cnt: 62, edge_cnt: 61 }) ms=8.136
MASK rule=triggered_tags state=129 key=Some(RuleMaskKey { fsm_hash: 10446001170454639632, fsm_new_node_id: 49, state_cnt: 62, edge_cnt: 61 }) ms=8.140
MASK rule=triggered_tags state=86 key=Some(RuleMaskKey { fsm_hash: 10446001170454639632, fsm_new_node_id: 4, state_cnt: 62, edge_cnt: 61 }) ms=8.156
MASK rule=triggered_tags state=100 key=Some(RuleMaskKey { fsm_hash: 10446001170454639632, fsm_new_node_id: 18, state_cnt: 62, edge_cnt: 61 }) ms=8.073
MASK rule=triggered_tags state=116 key=Some(RuleMaskKey { fsm_hash: 10446001170454639632, fsm_new_node_id: 34, state_cnt: 62, edge_cnt: 61 }) ms=8.149
MASK rule=triggered_tags state=125 key=Some(RuleMaskKey { fsm_hash: 10446001170454639632, fsm_new_node_id: 45, state_cnt: 62, edge_cnt: 61 }) ms=8.109
MASK rule=triggered_tags state=114 key=Some(RuleMaskKey { fsm_hash: 10446001170454639632, fsm_new_node_id: 32, state_cnt: 62, edge_cnt: 61 }) ms=8.135
MASK rule=triggered_tags state=118 key=Some(RuleMaskKey { fsm_hash: 10446001170454639632, fsm_new_node_id: 38, state_cnt: 62, edge_cnt: 61 }) ms=8.121
MASK rule=triggered_tags state=108 key=Some(RuleMaskKey { fsm_hash: 10446001170454639632, fsm_new_node_id: 26, state_cnt: 62, edge_cnt: 61 }) ms=8.142
MASK rule=triggered_tags state=84 key=Some(RuleMaskKey { fsm_hash: 10446001170454639632, fsm_new_node_id: 2, state_cnt: 62, edge_cnt: 61 }) ms=8.447
MASK rule=triggered_tags state=115 key=Some(RuleMaskKey { fsm_hash: 10446001170454639632, fsm_new_node_id: 33, state_cnt: 62, edge_cnt: 61 }) ms=8.124
MASK rule=triggered_tags state=127 key=Some(RuleMaskKey { fsm_hash: 10446001170454639632, fsm_new_node_id: 47, state_cnt: 62, edge_cnt: 61 }) ms=8.120
MASK rule=triggered_tags state=120 key=Some(RuleMaskKey { fsm_hash: 10446001170454639632, fsm_new_node_id: 40, state_cnt: 62, edge_cnt: 61 }) ms=8.144
MASK rule=triggered_tags state=135 key=Some(RuleMaskKey { fsm_hash: 10446001170454639632, fsm_new_node_id: 55, state_cnt: 62, edge_cnt: 61 }) ms=8.140
MASK rule=triggered_tags state=99 key=Some(RuleMaskKey { fsm_hash: 10446001170454639632, fsm_new_node_id: 17, state_cnt: 62, edge_cnt: 61 }) ms=8.138
MASK rule=triggered_tags state=94 key=Some(RuleMaskKey { fsm_hash: 10446001170454639632, fsm_new_node_id: 12, state_cnt: 62, edge_cnt: 61 }) ms=8.143
MASK rule=triggered_tags state=111 key=Some(RuleMaskKey { fsm_hash: 10446001170454639632, fsm_new_node_id: 29, state_cnt: 62, edge_cnt: 61 }) ms=8.181
MASK rule=triggered_tags state=122 key=Some(RuleMaskKey { fsm_hash: 10446001170454639632, fsm_new_node_id: 42, state_cnt: 62, edge_cnt: 61 }) ms=8.105
MASK rule=triggered_tags state=117 key=Some(RuleMaskKey { fsm_hash: 10446001170454639632, fsm_new_node_id: 37, state_cnt: 62, edge_cnt: 61 }) ms=8.142
MASK rule=triggered_tags state=83 key=Some(RuleMaskKey { fsm_hash: 10446001170454639632, fsm_new_node_id: 1, state_cnt: 62, edge_cnt: 61 }) ms=8.141
MASK rule=triggered_tags state=134 key=Some(RuleMaskKey { fsm_hash: 10446001170454639632, fsm_new_node_id: 54, state_cnt: 62, edge_cnt: 61 }) ms=8.099
MASK rule=triggered_tags state=88 key=Some(RuleMaskKey { fsm_hash: 10446001170454639632, fsm_new_node_id: 6, state_cnt: 62, edge_cnt: 61 }) ms=8.137
MASK rule=triggered_tags state=104 key=Some(RuleMaskKey { fsm_hash: 10446001170454639632, fsm_new_node_id: 22, state_cnt: 62, edge_cnt: 61 }) ms=8.135
MASK rule=triggered_tags state=82 key=Some(RuleMaskKey { fsm_hash: 10446001170454639632, fsm_new_node_id: 0, state_cnt: 62, edge_cnt: 61 }) ms=8.146
MASK rule=triggered_tags state=126 key=Some(RuleMaskKey { fsm_hash: 10446001170454639632, fsm_new_node_id: 46, state_cnt: 62, edge_cnt: 61 }) ms=8.123
MASK rule=triggered_tags state=139 key=Some(RuleMaskKey { fsm_hash: 10446001170454639632, fsm_new_node_id: 59, state_cnt: 62, edge_cnt: 61 }) ms=8.152
MASK rule=triggered_tags state=106 key=Some(RuleMaskKey { fsm_hash: 10446001170454639632, fsm_new_node_id: 24, state_cnt: 62, edge_cnt: 61 }) ms=8.145
MASK rule=triggered_tags state=112 key=Some(RuleMaskKey { fsm_hash: 10446001170454639632, fsm_new_node_id: 30, state_cnt: 62, edge_cnt: 61 }) ms=8.114
MASK rule=triggered_tags state=140 key=Some(RuleMaskKey { fsm_hash: 10446001170454639632, fsm_new_node_id: 60, state_cnt: 62, edge_cnt: 61 }) ms=8.116
MASK rule=triggered_tags state=98 key=Some(RuleMaskKey { fsm_hash: 10446001170454639632, fsm_new_node_id: 16, state_cnt: 62, edge_cnt: 61 }) ms=8.085
MASK rule=triggered_tags state=102 key=Some(RuleMaskKey { fsm_hash: 10446001170454639632, fsm_new_node_id: 20, state_cnt: 62, edge_cnt: 61 }) ms=8.124
MASK rule=triggered_tags state=131 key=Some(RuleMaskKey { fsm_hash: 10446001170454639632, fsm_new_node_id: 51, state_cnt: 62, edge_cnt: 61 }) ms=8.130
MASK rule=triggered_tags state=119 key=Some(RuleMaskKey { fsm_hash: 10446001170454639632, fsm_new_node_id: 39, state_cnt: 62, edge_cnt: 61 }) ms=8.115
MASK rule=triggered_tags state=105 key=Some(RuleMaskKey { fsm_hash: 10446001170454639632, fsm_new_node_id: 23, state_cnt: 62, edge_cnt: 61 }) ms=8.150
MASK rule=triggered_tags state=124 key=Some(RuleMaskKey { fsm_hash: 10446001170454639632, fsm_new_node_id: 44, state_cnt: 62, edge_cnt: 61 }) ms=8.141
MASK rule=triggered_tags state=109 key=Some(RuleMaskKey { fsm_hash: 10446001170454639632, fsm_new_node_id: 27, state_cnt: 62, edge_cnt: 61 }) ms=8.118
MASK rule=triggered_tags state=92 key=Some(RuleMaskKey { fsm_hash: 10446001170454639632, fsm_new_node_id: 10, state_cnt: 62, edge_cnt: 61 }) ms=8.133
MASK rule=triggered_tags state=133 key=Some(RuleMaskKey { fsm_hash: 10446001170454639632, fsm_new_node_id: 53, state_cnt: 62, edge_cnt: 61 }) ms=8.110
MASK rule=triggered_tags state=87 key=Some(RuleMaskKey { fsm_hash: 10446001170454639632, fsm_new_node_id: 5, state_cnt: 62, edge_cnt: 61 }) ms=8.106
MASK rule=triggered_tags state=96 key=Some(RuleMaskKey { fsm_hash: 10446001170454639632, fsm_new_node_id: 14, state_cnt: 62, edge_cnt: 61 }) ms=8.150
MASK rule=triggered_tags state=89 key=Some(RuleMaskKey { fsm_hash: 10446001170454639632, fsm_new_node_id: 7, state_cnt: 62, edge_cnt: 61 }) ms=8.121
BEGIN mode=false rep=1 threads=4
MASK rule=first_content state=55 key=Some(RuleMaskKey { fsm_hash: 15765023653963454055, fsm_new_node_id: 0, state_cnt: 16, edge_cnt: 77 }) ms=69.382
MASK rule=first_content state=43 key=Some(RuleMaskKey { fsm_hash: 15765023653963454055, fsm_new_node_id: 12, state_cnt: 16, edge_cnt: 77 }) ms=118.669
MASK rule=first_content state=52 key=Some(RuleMaskKey { fsm_hash: 15765023653963454055, fsm_new_node_id: 6, state_cnt: 16, edge_cnt: 77 }) ms=125.915
MASK rule=first_content state=50 key=Some(RuleMaskKey { fsm_hash: 15765023653963454055, fsm_new_node_id: 7, state_cnt: 16, edge_cnt: 77 }) ms=127.385
MASK rule=first_content state=47 key=Some(RuleMaskKey { fsm_hash: 15765023653963454055, fsm_new_node_id: 8, state_cnt: 16, edge_cnt: 77 }) ms=111.195
MASK rule=first_content state=46 key=Some(RuleMaskKey { fsm_hash: 15765023653963454055, fsm_new_node_id: 9, state_cnt: 16, edge_cnt: 77 }) ms=112.759
MASK rule=first_content state=42 key=Some(RuleMaskKey { fsm_hash: 15765023653963454055, fsm_new_node_id: 13, state_cnt: 16, edge_cnt: 77 }) ms=122.427
MASK rule=first_content state=41 key=Some(RuleMaskKey { fsm_hash: 15765023653963454055, fsm_new_node_id: 14, state_cnt: 16, edge_cnt: 77 }) ms=123.353
MASK rule=first_content state=45 key=Some(RuleMaskKey { fsm_hash: 15765023653963454055, fsm_new_node_id: 10, state_cnt: 16, edge_cnt: 77 }) ms=115.254
MASK rule=first_content state=44 key=Some(RuleMaskKey { fsm_hash: 15765023653963454055, fsm_new_node_id: 11, state_cnt: 16, edge_cnt: 77 }) ms=122.139
MASK rule=first_content state=53 key=Some(RuleMaskKey { fsm_hash: 15765023653963454055, fsm_new_node_id: 2, state_cnt: 16, edge_cnt: 77 }) ms=128.448
MASK rule=rest_1 state=78 key=Some(RuleMaskKey { fsm_hash: 6635194092101876856, fsm_new_node_id: 0, state_cnt: 17, edge_cnt: 75 }) ms=132.458
MASK rule=rest_1 state=63 key=Some(RuleMaskKey { fsm_hash: 6635194092101876856, fsm_new_node_id: 15, state_cnt: 17, edge_cnt: 75 }) ms=276.094
MASK rule=rest_1 state=75 key=Some(RuleMaskKey { fsm_hash: 6635194092101876856, fsm_new_node_id: 7, state_cnt: 17, edge_cnt: 75 }) ms=278.709
MASK rule=rest_1 state=67 key=Some(RuleMaskKey { fsm_hash: 6635194092101876856, fsm_new_node_id: 11, state_cnt: 17, edge_cnt: 75 }) ms=282.714
MASK rule=rest_1 state=66 key=Some(RuleMaskKey { fsm_hash: 6635194092101876856, fsm_new_node_id: 12, state_cnt: 17, edge_cnt: 75 }) ms=282.593
MASK rule=rest_1 state=76 key=Some(RuleMaskKey { fsm_hash: 6635194092101876856, fsm_new_node_id: 2, state_cnt: 17, edge_cnt: 75 }) ms=278.315
MASK rule=rest_1 state=68 key=Some(RuleMaskKey { fsm_hash: 6635194092101876856, fsm_new_node_id: 10, state_cnt: 17, edge_cnt: 75 }) ms=277.935
MASK rule=rest_1 state=71 key=Some(RuleMaskKey { fsm_hash: 6635194092101876856, fsm_new_node_id: 9, state_cnt: 17, edge_cnt: 75 }) ms=283.281
MASK rule=rest_1 state=65 key=Some(RuleMaskKey { fsm_hash: 6635194092101876856, fsm_new_node_id: 13, state_cnt: 17, edge_cnt: 75 }) ms=283.215
MASK rule=first_content state=56 key=Some(RuleMaskKey { fsm_hash: 15765023653963454055, fsm_new_node_id: 15, state_cnt: 16, edge_cnt: 77 }) ms=135.777
MASK rule=rest_1 state=64 key=Some(RuleMaskKey { fsm_hash: 6635194092101876856, fsm_new_node_id: 14, state_cnt: 17, edge_cnt: 75 }) ms=277.275
MASK rule=paramname state=31 key=Some(RuleMaskKey { fsm_hash: 3101640816715427322, fsm_new_node_id: 0, state_cnt: 8, edge_cnt: 8 }) ms=8.537
MASK rule=triggered_tags state=123 key=Some(RuleMaskKey { fsm_hash: 10446001170454639632, fsm_new_node_id: 43, state_cnt: 62, edge_cnt: 61 }) ms=8.188
MASK rule=param state=16 key=Some(RuleMaskKey { fsm_hash: 13918019913926151129, fsm_new_node_id: 9, state_cnt: 27, edge_cnt: 26 }) ms=8.164
MASK rule=paramname state=37 key=Some(RuleMaskKey { fsm_hash: 3101640816715427322, fsm_new_node_id: 6, state_cnt: 8, edge_cnt: 8 }) ms=8.208
MASK rule=paramname state=33 key=Some(RuleMaskKey { fsm_hash: 3101640816715427322, fsm_new_node_id: 3, state_cnt: 8, edge_cnt: 8 }) ms=8.315
MASK rule=rest_1 state=73 key=Some(RuleMaskKey { fsm_hash: 6635194092101876856, fsm_new_node_id: 8, state_cnt: 17, edge_cnt: 75 }) ms=258.866
MASK rule=param state=24 key=Some(RuleMaskKey { fsm_hash: 13918019913926151129, fsm_new_node_id: 21, state_cnt: 27, edge_cnt: 26 }) ms=8.600
MASK rule=first_content state=48 key=Some(RuleMaskKey { fsm_hash: 15765023653963454055, fsm_new_node_id: 5, state_cnt: 16, edge_cnt: 77 }) ms=8.686
MASK rule=first_content state=49 key=Some(RuleMaskKey { fsm_hash: 15765023653963454055, fsm_new_node_id: 4, state_cnt: 16, edge_cnt: 77 }) ms=8.709
MASK rule=param state=28 key=Some(RuleMaskKey { fsm_hash: 13918019913926151129, fsm_new_node_id: 25, state_cnt: 27, edge_cnt: 26 }) ms=8.639
MASK rule=value state=38 key=Some(RuleMaskKey { fsm_hash: 5061747085161151000, fsm_new_node_id: 0, state_cnt: 3, edge_cnt: 6 }) ms=101.529
MASK rule=rest_1 state=79 key=Some(RuleMaskKey { fsm_hash: 6635194092101876856, fsm_new_node_id: 16, state_cnt: 17, edge_cnt: 75 }) ms=244.036
MASK rule=param state=9 key=Some(RuleMaskKey { fsm_hash: 13918019913926151129, fsm_new_node_id: 2, state_cnt: 27, edge_cnt: 26 }) ms=8.805
MASK rule=param state=26 key=Some(RuleMaskKey { fsm_hash: 13918019913926151129, fsm_new_node_id: 23, state_cnt: 27, edge_cnt: 26 }) ms=8.764
MASK rule=param state=4 key=Some(RuleMaskKey { fsm_hash: 13918019913926151129, fsm_new_node_id: 12, state_cnt: 27, edge_cnt: 26 }) ms=8.669
MASK rule=param state=13 key=Some(RuleMaskKey { fsm_hash: 13918019913926151129, fsm_new_node_id: 6, state_cnt: 27, edge_cnt: 26 }) ms=8.765
MASK rule=param state=15 key=Some(RuleMaskKey { fsm_hash: 13918019913926151129, fsm_new_node_id: 8, state_cnt: 27, edge_cnt: 26 }) ms=8.739
MASK rule=param state=12 key=Some(RuleMaskKey { fsm_hash: 13918019913926151129, fsm_new_node_id: 5, state_cnt: 27, edge_cnt: 26 }) ms=8.652
MASK rule=first_content state=51 key=Some(RuleMaskKey { fsm_hash: 15765023653963454055, fsm_new_node_id: 3, state_cnt: 16, edge_cnt: 77 }) ms=8.786
MASK rule=param state=6 key=Some(RuleMaskKey { fsm_hash: 13918019913926151129, fsm_new_node_id: 14, state_cnt: 27, edge_cnt: 26 }) ms=8.713
MASK rule=param state=17 key=Some(RuleMaskKey { fsm_hash: 13918019913926151129, fsm_new_node_id: 10, state_cnt: 27, edge_cnt: 26 }) ms=8.766
MASK rule=param state=25 key=Some(RuleMaskKey { fsm_hash: 13918019913926151129, fsm_new_node_id: 22, state_cnt: 27, edge_cnt: 26 }) ms=8.630
MASK rule=param state=18 key=Some(RuleMaskKey { fsm_hash: 13918019913926151129, fsm_new_node_id: 15, state_cnt: 27, edge_cnt: 26 }) ms=8.732
MASK rule=param state=7 key=Some(RuleMaskKey { fsm_hash: 13918019913926151129, fsm_new_node_id: 0, state_cnt: 27, edge_cnt: 26 }) ms=8.745
MASK rule=param state=27 key=Some(RuleMaskKey { fsm_hash: 13918019913926151129, fsm_new_node_id: 24, state_cnt: 27, edge_cnt: 26 }) ms=8.627
MASK rule=root_1 state=59 key=Some(RuleMaskKey { fsm_hash: 5360928561597719061, fsm_new_node_id: 0, state_cnt: 4, edge_cnt: 3 }) ms=8.712
MASK rule=param state=10 key=Some(RuleMaskKey { fsm_hash: 13918019913926151129, fsm_new_node_id: 3, state_cnt: 27, edge_cnt: 26 }) ms=8.691
MASK rule=param state=14 key=Some(RuleMaskKey { fsm_hash: 13918019913926151129, fsm_new_node_id: 7, state_cnt: 27, edge_cnt: 26 }) ms=8.667
MASK rule=param state=11 key=Some(RuleMaskKey { fsm_hash: 13918019913926151129, fsm_new_node_id: 4, state_cnt: 27, edge_cnt: 26 }) ms=8.660
MASK rule=rest_1 state=69 key=Some(RuleMaskKey { fsm_hash: 6635194092101876856, fsm_new_node_id: 5, state_cnt: 17, edge_cnt: 75 }) ms=8.734
MASK rule=param state=22 key=Some(RuleMaskKey { fsm_hash: 13918019913926151129, fsm_new_node_id: 19, state_cnt: 27, edge_cnt: 26 }) ms=8.838
MASK rule=param state=19 key=Some(RuleMaskKey { fsm_hash: 13918019913926151129, fsm_new_node_id: 16, state_cnt: 27, edge_cnt: 26 }) ms=8.745
MASK rule=rest_1 state=72 key=Some(RuleMaskKey { fsm_hash: 6635194092101876856, fsm_new_node_id: 3, state_cnt: 17, edge_cnt: 75 }) ms=8.729
MASK rule=rest_1 state=70 key=Some(RuleMaskKey { fsm_hash: 6635194092101876856, fsm_new_node_id: 4, state_cnt: 17, edge_cnt: 75 }) ms=8.734
MASK rule=param state=23 key=Some(RuleMaskKey { fsm_hash: 13918019913926151129, fsm_new_node_id: 20, state_cnt: 27, edge_cnt: 26 }) ms=8.790
MASK rule=param state=20 key=Some(RuleMaskKey { fsm_hash: 13918019913926151129, fsm_new_node_id: 17, state_cnt: 27, edge_cnt: 26 }) ms=8.723
MASK rule=paramname state=32 key=Some(RuleMaskKey { fsm_hash: 3101640816715427322, fsm_new_node_id: 1, state_cnt: 8, edge_cnt: 8 }) ms=8.729
MASK rule=paramname state=35 key=Some(RuleMaskKey { fsm_hash: 3101640816715427322, fsm_new_node_id: 2, state_cnt: 8, edge_cnt: 8 }) ms=8.737
MASK rule=paramname state=36 key=Some(RuleMaskKey { fsm_hash: 3101640816715427322, fsm_new_node_id: 4, state_cnt: 8, edge_cnt: 8 }) ms=8.702
MASK rule=paramname state=34 key=Some(RuleMaskKey { fsm_hash: 3101640816715427322, fsm_new_node_id: 5, state_cnt: 8, edge_cnt: 8 }) ms=8.666
MASK rule=triggered_tags state=109 key=Some(RuleMaskKey { fsm_hash: 10446001170454639632, fsm_new_node_id: 27, state_cnt: 62, edge_cnt: 61 }) ms=8.782
MASK rule=triggered_tags state=90 key=Some(RuleMaskKey { fsm_hash: 10446001170454639632, fsm_new_node_id: 8, state_cnt: 62, edge_cnt: 61 }) ms=8.795
MASK rule=triggered_tags state=86 key=Some(RuleMaskKey { fsm_hash: 10446001170454639632, fsm_new_node_id: 4, state_cnt: 62, edge_cnt: 61 }) ms=8.682
MASK rule=triggered_tags state=105 key=Some(RuleMaskKey { fsm_hash: 10446001170454639632, fsm_new_node_id: 23, state_cnt: 62, edge_cnt: 61 }) ms=8.773
MASK rule=param state=8 key=Some(RuleMaskKey { fsm_hash: 13918019913926151129, fsm_new_node_id: 1, state_cnt: 27, edge_cnt: 26 }) ms=8.725
MASK rule=triggered_tags state=97 key=Some(RuleMaskKey { fsm_hash: 10446001170454639632, fsm_new_node_id: 15, state_cnt: 62, edge_cnt: 61 }) ms=8.682
MASK rule=triggered_tags state=121 key=Some(RuleMaskKey { fsm_hash: 10446001170454639632, fsm_new_node_id: 41, state_cnt: 62, edge_cnt: 61 }) ms=8.695
MASK rule=triggered_tags state=99 key=Some(RuleMaskKey { fsm_hash: 10446001170454639632, fsm_new_node_id: 17, state_cnt: 62, edge_cnt: 61 }) ms=8.687
MASK rule=triggered_tags state=110 key=Some(RuleMaskKey { fsm_hash: 10446001170454639632, fsm_new_node_id: 28, state_cnt: 62, edge_cnt: 61 }) ms=8.733
MASK rule=triggered_tags state=98 key=Some(RuleMaskKey { fsm_hash: 10446001170454639632, fsm_new_node_id: 16, state_cnt: 62, edge_cnt: 61 }) ms=8.696
MASK rule=triggered_tags state=107 key=Some(RuleMaskKey { fsm_hash: 10446001170454639632, fsm_new_node_id: 25, state_cnt: 62, edge_cnt: 61 }) ms=8.659
MASK rule=triggered_tags state=133 key=Some(RuleMaskKey { fsm_hash: 10446001170454639632, fsm_new_node_id: 53, state_cnt: 62, edge_cnt: 61 }) ms=8.745
MASK rule=triggered_tags state=138 key=Some(RuleMaskKey { fsm_hash: 10446001170454639632, fsm_new_node_id: 58, state_cnt: 62, edge_cnt: 61 }) ms=8.687
MASK rule=triggered_tags state=128 key=Some(RuleMaskKey { fsm_hash: 10446001170454639632, fsm_new_node_id: 48, state_cnt: 62, edge_cnt: 61 }) ms=8.738
MASK rule=triggered_tags state=92 key=Some(RuleMaskKey { fsm_hash: 10446001170454639632, fsm_new_node_id: 10, state_cnt: 62, edge_cnt: 61 }) ms=8.723
MASK rule=triggered_tags state=140 key=Some(RuleMaskKey { fsm_hash: 10446001170454639632, fsm_new_node_id: 60, state_cnt: 62, edge_cnt: 61 }) ms=8.693
MASK rule=param state=21 key=Some(RuleMaskKey { fsm_hash: 13918019913926151129, fsm_new_node_id: 18, state_cnt: 27, edge_cnt: 26 }) ms=8.661
MASK rule=triggered_tags state=82 key=Some(RuleMaskKey { fsm_hash: 10446001170454639632, fsm_new_node_id: 0, state_cnt: 62, edge_cnt: 61 }) ms=8.705
MASK rule=triggered_tags state=101 key=Some(RuleMaskKey { fsm_hash: 10446001170454639632, fsm_new_node_id: 19, state_cnt: 62, edge_cnt: 61 }) ms=8.790
MASK rule=triggered_tags state=81 key=Some(RuleMaskKey { fsm_hash: 10446001170454639632, fsm_new_node_id: 36, state_cnt: 62, edge_cnt: 61 }) ms=8.745
MASK rule=triggered_tags state=126 key=Some(RuleMaskKey { fsm_hash: 10446001170454639632, fsm_new_node_id: 46, state_cnt: 62, edge_cnt: 61 }) ms=8.661
MASK rule=triggered_tags state=112 key=Some(RuleMaskKey { fsm_hash: 10446001170454639632, fsm_new_node_id: 30, state_cnt: 62, edge_cnt: 61 }) ms=8.688
MASK rule=triggered_tags state=91 key=Some(RuleMaskKey { fsm_hash: 10446001170454639632, fsm_new_node_id: 9, state_cnt: 62, edge_cnt: 61 }) ms=8.717
MASK rule=triggered_tags state=111 key=Some(RuleMaskKey { fsm_hash: 10446001170454639632, fsm_new_node_id: 29, state_cnt: 62, edge_cnt: 61 }) ms=8.658
MASK rule=triggered_tags state=93 key=Some(RuleMaskKey { fsm_hash: 10446001170454639632, fsm_new_node_id: 11, state_cnt: 62, edge_cnt: 61 }) ms=8.674
MASK rule=triggered_tags state=102 key=Some(RuleMaskKey { fsm_hash: 10446001170454639632, fsm_new_node_id: 20, state_cnt: 62, edge_cnt: 61 }) ms=8.668
MASK rule=triggered_tags state=134 key=Some(RuleMaskKey { fsm_hash: 10446001170454639632, fsm_new_node_id: 54, state_cnt: 62, edge_cnt: 61 }) ms=8.693
MASK rule=triggered_tags state=114 key=Some(RuleMaskKey { fsm_hash: 10446001170454639632, fsm_new_node_id: 32, state_cnt: 62, edge_cnt: 61 }) ms=8.699
MASK rule=triggered_tags state=85 key=Some(RuleMaskKey { fsm_hash: 10446001170454639632, fsm_new_node_id: 3, state_cnt: 62, edge_cnt: 61 }) ms=8.590
MASK rule=triggered_tags state=113 key=Some(RuleMaskKey { fsm_hash: 10446001170454639632, fsm_new_node_id: 31, state_cnt: 62, edge_cnt: 61 }) ms=8.637
MASK rule=triggered_tags state=116 key=Some(RuleMaskKey { fsm_hash: 10446001170454639632, fsm_new_node_id: 34, state_cnt: 62, edge_cnt: 61 }) ms=8.610
MASK rule=triggered_tags state=122 key=Some(RuleMaskKey { fsm_hash: 10446001170454639632, fsm_new_node_id: 42, state_cnt: 62, edge_cnt: 61 }) ms=8.722
MASK rule=triggered_tags state=88 key=Some(RuleMaskKey { fsm_hash: 10446001170454639632, fsm_new_node_id: 6, state_cnt: 62, edge_cnt: 61 }) ms=8.646
MASK rule=triggered_tags state=118 key=Some(RuleMaskKey { fsm_hash: 10446001170454639632, fsm_new_node_id: 38, state_cnt: 62, edge_cnt: 61 }) ms=8.674
MASK rule=triggered_tags state=106 key=Some(RuleMaskKey { fsm_hash: 10446001170454639632, fsm_new_node_id: 24, state_cnt: 62, edge_cnt: 61 }) ms=8.692
MASK rule=triggered_tags state=103 key=Some(RuleMaskKey { fsm_hash: 10446001170454639632, fsm_new_node_id: 21, state_cnt: 62, edge_cnt: 61 }) ms=8.689
MASK rule=triggered_tags state=84 key=Some(RuleMaskKey { fsm_hash: 10446001170454639632, fsm_new_node_id: 2, state_cnt: 62, edge_cnt: 61 }) ms=8.677
MASK rule=triggered_tags state=115 key=Some(RuleMaskKey { fsm_hash: 10446001170454639632, fsm_new_node_id: 33, state_cnt: 62, edge_cnt: 61 }) ms=8.679
MASK rule=triggered_tags state=89 key=Some(RuleMaskKey { fsm_hash: 10446001170454639632, fsm_new_node_id: 7, state_cnt: 62, edge_cnt: 61 }) ms=8.722
MASK rule=triggered_tags state=136 key=Some(RuleMaskKey { fsm_hash: 10446001170454639632, fsm_new_node_id: 56, state_cnt: 62, edge_cnt: 61 }) ms=8.698
MASK rule=triggered_tags state=139 key=Some(RuleMaskKey { fsm_hash: 10446001170454639632, fsm_new_node_id: 59, state_cnt: 62, edge_cnt: 61 }) ms=8.702
MASK rule=triggered_tags state=131 key=Some(RuleMaskKey { fsm_hash: 10446001170454639632, fsm_new_node_id: 51, state_cnt: 62, edge_cnt: 61 }) ms=8.701
MASK rule=triggered_tags state=94 key=Some(RuleMaskKey { fsm_hash: 10446001170454639632, fsm_new_node_id: 12, state_cnt: 62, edge_cnt: 61 }) ms=8.685
MASK rule=triggered_tags state=135 key=Some(RuleMaskKey { fsm_hash: 10446001170454639632, fsm_new_node_id: 55, state_cnt: 62, edge_cnt: 61 }) ms=8.705
MASK rule=triggered_tags state=96 key=Some(RuleMaskKey { fsm_hash: 10446001170454639632, fsm_new_node_id: 14, state_cnt: 62, edge_cnt: 61 }) ms=8.669
MASK rule=triggered_tags state=124 key=Some(RuleMaskKey { fsm_hash: 10446001170454639632, fsm_new_node_id: 44, state_cnt: 62, edge_cnt: 61 }) ms=8.735
MASK rule=triggered_tags state=83 key=Some(RuleMaskKey { fsm_hash: 10446001170454639632, fsm_new_node_id: 1, state_cnt: 62, edge_cnt: 61 }) ms=8.856
MASK rule=triggered_tags state=130 key=Some(RuleMaskKey { fsm_hash: 10446001170454639632, fsm_new_node_id: 50, state_cnt: 62, edge_cnt: 61 }) ms=8.742
MASK rule=triggered_tags state=104 key=Some(RuleMaskKey { fsm_hash: 10446001170454639632, fsm_new_node_id: 22, state_cnt: 62, edge_cnt: 61 }) ms=8.696
MASK rule=triggered_tags state=95 key=Some(RuleMaskKey { fsm_hash: 10446001170454639632, fsm_new_node_id: 13, state_cnt: 62, edge_cnt: 61 }) ms=8.653
MASK rule=triggered_tags state=108 key=Some(RuleMaskKey { fsm_hash: 10446001170454639632, fsm_new_node_id: 26, state_cnt: 62, edge_cnt: 61 }) ms=8.720
MASK rule=triggered_tags state=129 key=Some(RuleMaskKey { fsm_hash: 10446001170454639632, fsm_new_node_id: 49, state_cnt: 62, edge_cnt: 61 }) ms=8.775
MASK rule=triggered_tags state=137 key=Some(RuleMaskKey { fsm_hash: 10446001170454639632, fsm_new_node_id: 57, state_cnt: 62, edge_cnt: 61 }) ms=8.746
MASK rule=triggered_tags state=127 key=Some(RuleMaskKey { fsm_hash: 10446001170454639632, fsm_new_node_id: 47, state_cnt: 62, edge_cnt: 61 }) ms=8.743
MASK rule=triggered_tags state=120 key=Some(RuleMaskKey { fsm_hash: 10446001170454639632, fsm_new_node_id: 40, state_cnt: 62, edge_cnt: 61 }) ms=8.846
MASK rule=triggered_tags state=100 key=Some(RuleMaskKey { fsm_hash: 10446001170454639632, fsm_new_node_id: 18, state_cnt: 62, edge_cnt: 61 }) ms=8.836
MASK rule=triggered_tags state=87 key=Some(RuleMaskKey { fsm_hash: 10446001170454639632, fsm_new_node_id: 5, state_cnt: 62, edge_cnt: 61 }) ms=8.645
MASK rule=triggered_tags state=119 key=Some(RuleMaskKey { fsm_hash: 10446001170454639632, fsm_new_node_id: 39, state_cnt: 62, edge_cnt: 61 }) ms=8.691
MASK rule=triggered_tags state=125 key=Some(RuleMaskKey { fsm_hash: 10446001170454639632, fsm_new_node_id: 45, state_cnt: 62, edge_cnt: 61 }) ms=8.703
MASK rule=triggered_tags state=117 key=Some(RuleMaskKey { fsm_hash: 10446001170454639632, fsm_new_node_id: 37, state_cnt: 62, edge_cnt: 61 }) ms=8.754
MASK rule=triggered_tags state=132 key=Some(RuleMaskKey { fsm_hash: 10446001170454639632, fsm_new_node_id: 52, state_cnt: 62, edge_cnt: 61 }) ms=8.535
END mode=false rep=1
