[2m2026-09-06T00:33:53.787814Z[0m [32m INFO[0m [2mspark::main_modules::serve[0m[2m:[0m Atlas Spark starting...
[2m2026-09-06T00:33:53.788082Z[0m [32m INFO[0m [2mspark::main_modules::serve[0m[2m:[0m Licensed under AGPL-3.0-only — see /LICENSE in this container
[2m2026-09-06T00:33:53.788254Z[0m [32m INFO[0m [2mspark::main_modules::serve_flags[0m[2m:[0m kernel flags: ssm_h_dtype=f32 gdn_fused_norm=false ssm_batched_recurrent=false exact_verify=false ssm_tail_midchunk=true mtp_gate=auto ssm_rollback_mode=Snapshot prefill_varlen_batch=false
[2m2026-09-06T00:33:53.788339Z[0m [32m INFO[0m [2mspark::model_resolver[0m[2m:[0m Model path: /workspace/atlas-rental/hf38/hub/models--Qwen--Qwen3.8-27B-FP8/snapshots/017b9c7af6b5689d5dd426a76e0bc077eb5ca20a (local directory)
[2m2026-09-06T00:33:53.788356Z[0m [32m INFO[0m [2mspark::main_modules::serve_load[0m[2m:[0m Port: 8888
[2m2026-09-06T00:33:53.788363Z[0m [32m INFO[0m [2mspark::main_modules::serve_load[0m[2m:[0m SSM decode h-state dtype: f32 (full precision) (--ssm-h-dtype)
[2m2026-09-06T00:33:53.789581Z[0m [32m INFO[0m [2mspark::main_modules::serve[0m[2m:[0m Vision area bound 16777216 px from /workspace/atlas-rental/hf38/hub/models--Qwen--Qwen3.8-27B-FP8/snapshots/017b9c7af6b5689d5dd426a76e0bc077eb5ca20a/preprocessor_config.json (was: hard-coded 1280px long side)
[2m2026-09-06T00:33:53.789612Z[0m [32m INFO[0m [2mspark::main_modules::serve_load[0m[2m:[0m Vision area bound: 16777216 px (checkpoint processor config / ATLAS_VISION_MAX_PIXELS)
[2m2026-09-06T00:33:53.789621Z[0m [32m INFO[0m [2mspark::main_modules::serve_load[0m[2m:[0m Remote image fetching disabled (default); image_url parts carrying an http(s) URL are refused with a 400. Send base64 data: URIs, or pass --vision-allow-remote-images.
[2m2026-09-06T00:33:53.789640Z[0m [32m INFO[0m [2mspark::main_modules::serve_load[0m[2m:[0m Video decoding disabled (default). Animated GIF decodes in-process; every other container needs ffmpeg — pass --video-allow-ffmpeg to enable it.
[2m2026-09-06T00:33:53.789649Z[0m [32m INFO[0m [2mspark::main_modules::serve_load[0m[2m:[0m Quantization config: method="fp8", algo="", format="", 0 module(s) in ignore list
[2m2026-09-06T00:33:53.789661Z[0m [32m INFO[0m [2mspark::main_modules::serve_load[0m[2m:[0m Model config: 64 layers, 16 attention, 48 SSM, 0 experts, rope_theta=10000000, head_dim=256, rotary_dim=64
[2m2026-09-06T00:33:53.789707Z[0m [32m INFO[0m [2mspark::main_modules::serve_load[0m[2m:[0m Selected kernel target: (sm_90, qwen3.8-27b, nvfp4) (181 modules) — quant compat: kernel=nvfp4 model=fp8 OK
[2m2026-09-06T00:33:54.168617Z[0m [32m INFO[0m [2mspark_runtime::cuda_backend::arch_preflight[0m[2m:[0m device CC 9.0, kernels built for sm_90a
[2m2026-09-06T00:33:54.525538Z[0m [32m INFO[0m [2mspark_runtime::cuda_backend[0m[2m:[0m AtlasCudaBackend initialized on GPU 0 with 181 PTX modules
[2m2026-09-06T00:33:54.525643Z[0m [32m INFO[0m [2mspark::main_modules::serve_phases::preflight[0m[2m:[0m GPU 0: 79.2 GB total, 78.6 GB free
[2m2026-09-06T00:33:54.525661Z[0m [32m INFO[0m [2mspark::main_modules::serve_phases::preflight[0m[2m:[0m Preflight reserve: inference=8745 MB, buffer_arena=3658 MB (pre-load free: 78.6 GB)
[2m2026-09-06T00:33:54.525674Z[0m [32m INFO[0m [2mspark::main_modules::serve_load[0m[2m:[0m OOM watchdog started (threshold: 2 GB, interval: 2s)
[2m2026-09-06T00:33:54.525680Z[0m [32m INFO[0m [2mspark::main_modules::serve_load[0m[2m:[0m OOM guard reserve: 4096 MB
[2m2026-09-06T00:33:54.525742Z[0m [32m INFO[0m [2mspark::main_modules::serve_phases::weights[0m[2m:[0m Using fast weight loader (O_DIRECT + pipelined read/copy)
[2m2026-09-06T00:33:54.532265Z[0m [32m INFO[0m [2mspark_runtime::fast_weights[0m[2m:[0m Fast-load pre-flight: 28.75 GB on-disk, 1.1x overhead = 30.18 GB peak, 78.56 GB free, 4.0 GB reserve (FP8: true)
[2m2026-09-06T00:33:54.532320Z[0m [32m INFO[0m [2mspark_runtime::fast_weights[0m[2m:[0m Fast-loading shard 1/66: layers-0.safetensors (20 tensors)
[2m2026-09-06T00:33:54.763206Z[0m [32m INFO[0m [2mspark_runtime::fast_weights[0m[2m:[0m   Shard 1/66 done — GPU memory: 0.36 GB used, 78.20 GB free
[2m2026-09-06T00:33:54.763356Z[0m [32m INFO[0m [2mspark_runtime::fast_weights[0m[2m:[0m Fast-loading shard 2/66: layers-1.safetensors (20 tensors)
[2m2026-09-06T00:33:55.010652Z[0m [32m INFO[0m [2mspark_runtime::fast_weights[0m[2m:[0m   Shard 2/66 done — GPU memory: 0.72 GB used, 77.84 GB free
[2m2026-09-06T00:33:55.010819Z[0m [32m INFO[0m [2mspark_runtime::fast_weights[0m[2m:[0m Fast-loading shard 3/66: layers-10.safetensors (20 tensors)
[2m2026-09-06T00:33:55.237330Z[0m [32m INFO[0m [2mspark_runtime::fast_weights[0m[2m:[0m   Shard 3/66 done — GPU memory: 1.08 GB used, 77.48 GB free
[2m2026-09-06T00:33:55.237629Z[0m [32m INFO[0m [2mspark_runtime::fast_weights[0m[2m:[0m Fast-loading shard 4/66: layers-11.safetensors (18 tensors)
[2m2026-09-06T00:33:55.483475Z[0m [32m INFO[0m [2mspark_runtime::fast_weights[0m[2m:[0m   Shard 4/66 done — GPU memory: 1.43 GB used, 77.13 GB free
[2m2026-09-06T00:33:55.483640Z[0m [32m INFO[0m [2mspark_runtime::fast_weights[0m[2m:[0m Fast-loading shard 5/66: layers-12.safetensors (20 tensors)
[2m2026-09-06T00:33:55.744742Z[0m [32m INFO[0m [2mspark_runtime::fast_weights[0m[2m:[0m   Shard 5/66 done — GPU memory: 1.79 GB used, 76.77 GB free
[2m2026-09-06T00:33:55.744920Z[0m [32m INFO[0m [2mspark_runtime::fast_weights[0m[2m:[0m Fast-loading shard 6/66: layers-13.safetensors (20 tensors)
[2m2026-09-06T00:33:55.977259Z[0m [32m INFO[0m [2mspark_runtime::fast_weights[0m[2m:[0m   Shard 6/66 done — GPU memory: 2.15 GB used, 76.41 GB free
[2m2026-09-06T00:33:55.977441Z[0m [32m INFO[0m [2mspark_runtime::fast_weights[0m[2m:[0m Fast-loading shard 7/66: layers-14.safetensors (20 tensors)
[2m2026-09-06T00:33:56.209793Z[0m [32m INFO[0m [2mspark_runtime::fast_weights[0m[2m:[0m   Shard 7/66 done — GPU memory: 2.52 GB used, 76.05 GB free
[2m2026-09-06T00:33:56.209964Z[0m [32m INFO[0m [2mspark_runtime::fast_weights[0m[2m:[0m Fast-loading shard 8/66: layers-15.safetensors (18 tensors)
[2m2026-09-06T00:33:56.452874Z[0m [32m INFO[0m [2mspark_runtime::fast_weights[0m[2m:[0m   Shard 8/66 done — GPU memory: 2.87 GB used, 75.70 GB free
[2m2026-09-06T00:33:56.453066Z[0m [32m INFO[0m [2mspark_runtime::fast_weights[0m[2m:[0m Fast-loading shard 9/66: layers-16.safetensors (20 tensors)
[2m2026-09-06T00:33:56.688428Z[0m [32m INFO[0m [2mspark_runtime::fast_weights[0m[2m:[0m   Shard 9/66 done — GPU memory: 3.23 GB used, 75.34 GB free
[2m2026-09-06T00:33:56.688598Z[0m [32m INFO[0m [2mspark_runtime::fast_weights[0m[2m:[0m Fast-loading shard 10/66: layers-17.safetensors (20 tensors)
[2m2026-09-06T00:33:56.943206Z[0m [32m INFO[0m [2mspark_runtime::fast_weights[0m[2m:[0m   Shard 10/66 done — GPU memory: 3.59 GB used, 74.98 GB free
[2m2026-09-06T00:33:56.943380Z[0m [32m INFO[0m [2mspark_runtime::fast_weights[0m[2m:[0m Fast-loading shard 11/66: layers-18.safetensors (20 tensors)
[2m2026-09-06T00:33:57.204644Z[0m [32m INFO[0m [2mspark_runtime::fast_weights[0m[2m:[0m   Shard 11/66 done — GPU memory: 3.95 GB used, 74.62 GB free
[2m2026-09-06T00:33:57.204813Z[0m [32m INFO[0m [2mspark_runtime::fast_weights[0m[2m:[0m Fast-loading shard 12/66: layers-19.safetensors (18 tensors)
[2m2026-09-06T00:33:57.453421Z[0m [32m INFO[0m [2mspark_runtime::fast_weights[0m[2m:[0m   Shard 12/66 done — GPU memory: 4.30 GB used, 74.26 GB free
[2m2026-09-06T00:33:57.453603Z[0m [32m INFO[0m [2mspark_runtime::fast_weights[0m[2m:[0m Fast-loading shard 13/66: layers-2.safetensors (20 tensors)
[2m2026-09-06T00:33:57.682127Z[0m [32m INFO[0m [2mspark_runtime::fast_weights[0m[2m:[0m   Shard 13/66 done — GPU memory: 4.66 GB used, 73.90 GB free
[2m2026-09-06T00:33:57.682307Z[0m [32m INFO[0m [2mspark_runtime::fast_weights[0m[2m:[0m Fast-loading shard 14/66: layers-20.safetensors (20 tensors)
[2m2026-09-06T00:33:57.925524Z[0m [32m INFO[0m [2mspark_runtime::fast_weights[0m[2m:[0m   Shard 14/66 done — GPU memory: 5.02 GB used, 73.54 GB free
[2m2026-09-06T00:33:57.925691Z[0m [32m INFO[0m [2mspark_runtime::fast_weights[0m[2m:[0m Fast-loading shard 15/66: layers-21.safetensors (20 tensors)
[2m2026-09-06T00:33:58.150585Z[0m [32m INFO[0m [2mspark_runtime::fast_weights[0m[2m:[0m   Shard 15/66 done — GPU memory: 5.38 GB used, 73.18 GB free
[2m2026-09-06T00:33:58.150740Z[0m [32m INFO[0m [2mspark_runtime::fast_weights[0m[2m:[0m Fast-loading shard 16/66: layers-22.safetensors (20 tensors)
[2m2026-09-06T00:33:58.377373Z[0m [32m INFO[0m [2mspark_runtime::fast_weights[0m[2m:[0m   Shard 16/66 done — GPU memory: 5.74 GB used, 72.82 GB free
[2m2026-09-06T00:33:58.377539Z[0m [32m INFO[0m [2mspark_runtime::fast_weights[0m[2m:[0m Fast-loading shard 17/66: layers-23.safetensors (18 tensors)
[2m2026-09-06T00:33:58.619793Z[0m [32m INFO[0m [2mspark_runtime::fast_weights[0m[2m:[0m   Shard 17/66 done — GPU memory: 6.09 GB used, 72.47 GB free
[2m2026-09-06T00:33:58.619981Z[0m [32m INFO[0m [2mspark_runtime::fast_weights[0m[2m:[0m Fast-loading shard 18/66: layers-24.safetensors (20 tensors)
[2m2026-09-06T00:33:58.846933Z[0m [32m INFO[0m [2mspark_runtime::fast_weights[0m[2m:[0m   Shard 18/66 done — GPU memory: 6.45 GB used, 72.11 GB free
[2m2026-09-06T00:33:58.847099Z[0m [32m INFO[0m [2mspark_runtime::fast_weights[0m[2m:[0m Fast-loading shard 19/66: layers-25.safetensors (20 tensors)
[2m2026-09-06T00:33:59.076749Z[0m [32m INFO[0m [2mspark_runtime::fast_weights[0m[2m:[0m   Shard 19/66 done — GPU memory: 6.81 GB used, 71.75 GB free
[2m2026-09-06T00:33:59.076917Z[0m [32m INFO[0m [2mspark_runtime::fast_weights[0m[2m:[0m Fast-loading shard 20/66: layers-26.safetensors (20 tensors)
[2m2026-09-06T00:33:59.300187Z[0m [32m INFO[0m [2mspark_runtime::fast_weights[0m[2m:[0m   Shard 20/66 done — GPU memory: 7.17 GB used, 71.39 GB free
[2m2026-09-06T00:33:59.300354Z[0m [32m INFO[0m [2mspark_runtime::fast_weights[0m[2m:[0m Fast-loading shard 21/66: layers-27.safetensors (18 tensors)
[2m2026-09-06T00:33:59.541727Z[0m [32m INFO[0m [2mspark_runtime::fast_weights[0m[2m:[0m   Shard 21/66 done — GPU memory: 7.53 GB used, 71.04 GB free
[2m2026-09-06T00:33:59.541914Z[0m [32m INFO[0m [2mspark_runtime::fast_weights[0m[2m:[0m Fast-loading shard 22/66: layers-28.safetensors (20 tensors)
[2m2026-09-06T00:33:59.772875Z[0m [32m INFO[0m [2mspark_runtime::fast_weights[0m[2m:[0m   Shard 22/66 done — GPU memory: 7.89 GB used, 70.68 GB free
[2m2026-09-06T00:33:59.773044Z[0m [32m INFO[0m [2mspark_runtime::fast_weights[0m[2m:[0m Fast-loading shard 23/66: layers-29.safetensors (20 tensors)
[2m2026-09-06T00:33:59.995925Z[0m [32m INFO[0m [2mspark_runtime::fast_weights[0m[2m:[0m   Shard 23/66 done — GPU memory: 8.25 GB used, 70.32 GB free
[2m2026-09-06T00:33:59.996080Z[0m [32m INFO[0m [2mspark_runtime::fast_weights[0m[2m:[0m Fast-loading shard 24/66: layers-3.safetensors (18 tensors)
[2m2026-09-06T00:34:00.239206Z[0m [32m INFO[0m [2mspark_runtime::fast_weights[0m[2m:[0m   Shard 24/66 done — GPU memory: 8.60 GB used, 69.97 GB free
[2m2026-09-06T00:34:00.239377Z[0m [32m INFO[0m [2mspark_runtime::fast_weights[0m[2m:[0m Fast-loading shard 25/66: layers-30.safetensors (20 tensors)
[2m2026-09-06T00:34:00.469687Z[0m [32m INFO[0m [2mspark_runtime::fast_weights[0m[2m:[0m   Shard 25/66 done — GPU memory: 8.96 GB used, 69.60 GB free
[2m2026-09-06T00:34:00.469859Z[0m [32m INFO[0m [2mspark_runtime::fast_weights[0m[2m:[0m Fast-loading shard 26/66: layers-31.safetensors (18 tensors)
[2m2026-09-06T00:34:00.714526Z[0m [32m INFO[0m [2mspark_runtime::fast_weights[0m[2m:[0m   Shard 26/66 done — GPU memory: 9.31 GB used, 69.25 GB free
[2m2026-09-06T00:34:00.714713Z[0m [32m INFO[0m [2mspark_runtime::fast_weights[0m[2m:[0m Fast-loading shard 27/66: layers-32.safetensors (20 tensors)
[2m2026-09-06T00:34:00.933665Z[0m [32m INFO[0m [2mspark_runtime::fast_weights[0m[2m:[0m   Shard 27/66 done — GPU memory: 9.67 GB used, 68.89 GB free
[2m2026-09-06T00:34:00.933835Z[0m [32m INFO[0m [2mspark_runtime::fast_weights[0m[2m:[0m Fast-loading shard 28/66: layers-33.safetensors (20 tensors)
[2m2026-09-06T00:34:01.153160Z[0m [32m INFO[0m [2mspark_runtime::fast_weights[0m[2m:[0m   Shard 28/66 done — GPU memory: 10.03 GB used, 68.53 GB free
[2m2026-09-06T00:34:01.153334Z[0m [32m INFO[0m [2mspark_runtime::fast_weights[0m[2m:[0m Fast-loading shard 29/66: layers-34.safetensors (20 tensors)
[2m2026-09-06T00:34:01.383965Z[0m [32m INFO[0m [2mspark_runtime::fast_weights[0m[2m:[0m   Shard 29/66 done — GPU memory: 10.39 GB used, 68.17 GB free
[2m2026-09-06T00:34:01.384146Z[0m [32m INFO[0m [2mspark_runtime::fast_weights[0m[2m:[0m Fast-loading shard 30/66: layers-35.safetensors (18 tensors)
[2m2026-09-06T00:34:01.629452Z[0m [32m INFO[0m [2mspark_runtime::fast_weights[0m[2m:[0m   Shard 30/66 done — GPU memory: 10.74 GB used, 67.82 GB free
[2m2026-09-06T00:34:01.629638Z[0m [32m INFO[0m [2mspark_runtime::fast_weights[0m[2m:[0m Fast-loading shard 31/66: layers-36.safetensors (20 tensors)
[2m2026-09-06T00:34:01.849692Z[0m [32m INFO[0m [2mspark_runtime::fast_weights[0m[2m:[0m   Shard 31/66 done — GPU memory: 11.10 GB used, 67.46 GB free
[2m2026-09-06T00:34:01.849862Z[0m [32m INFO[0m [2mspark_runtime::fast_weights[0m[2m:[0m Fast-loading shard 32/66: layers-37.safetensors (20 tensors)
[2m2026-09-06T00:34:02.072853Z[0m [32m INFO[0m [2mspark_runtime::fast_weights[0m[2m:[0m   Shard 32/66 done — GPU memory: 11.46 GB used, 67.10 GB free
[2m2026-09-06T00:34:02.073021Z[0m [32m INFO[0m [2mspark_runtime::fast_weights[0m[2m:[0m Fast-loading shard 33/66: layers-38.safetensors (20 tensors)
[2m2026-09-06T00:34:02.302254Z[0m [32m INFO[0m [2mspark_runtime::fast_weights[0m[2m:[0m   Shard 33/66 done — GPU memory: 11.82 GB used, 66.74 GB free
[2m2026-09-06T00:34:02.302422Z[0m [32m INFO[0m [2mspark_runtime::fast_weights[0m[2m:[0m Fast-loading shard 34/66: layers-39.safetensors (18 tensors)
[2m2026-09-06T00:34:02.545028Z[0m [32m INFO[0m [2mspark_runtime::fast_weights[0m[2m:[0m   Shard 34/66 done — GPU memory: 12.18 GB used, 66.39 GB free
[2m2026-09-06T00:34:02.545198Z[0m [32m INFO[0m [2mspark_runtime::fast_weights[0m[2m:[0m Fast-loading shard 35/66: layers-4.safetensors (20 tensors)
[2m2026-09-06T00:34:02.771667Z[0m [32m INFO[0m [2mspark_runtime::fast_weights[0m[2m:[0m   Shard 35/66 done — GPU memory: 12.54 GB used, 66.03 GB free
[2m2026-09-06T00:34:02.771835Z[0m [32m INFO[0m [2mspark_runtime::fast_weights[0m[2m:[0m Fast-loading shard 36/66: layers-40.safetensors (20 tensors)
[2m2026-09-06T00:34:03.017730Z[0m [32m INFO[0m [2mspark_runtime::fast_weights[0m[2m:[0m   Shard 36/66 done — GPU memory: 12.90 GB used, 65.67 GB free
[2m2026-09-06T00:34:03.017901Z[0m [32m INFO[0m [2mspark_runtime::fast_weights[0m[2m:[0m Fast-loading shard 37/66: layers-41.safetensors (20 tensors)
[2m2026-09-06T00:34:03.247088Z[0m [32m INFO[0m [2mspark_runtime::fast_weights[0m[2m:[0m   Shard 37/66 done — GPU memory: 13.26 GB used, 65.31 GB free
[2m2026-09-06T00:34:03.247267Z[0m [32m INFO[0m [2mspark_runtime::fast_weights[0m[2m:[0m Fast-loading shard 38/66: layers-42.safetensors (20 tensors)
[2m2026-09-06T00:34:03.473244Z[0m [32m INFO[0m [2mspark_runtime::fast_weights[0m[2m:[0m   Shard 38/66 done — GPU memory: 13.62 GB used, 64.94 GB free
[2m2026-09-06T00:34:03.473413Z[0m [32m INFO[0m [2mspark_runtime::fast_weights[0m[2m:[0m Fast-loading shard 39/66: layers-43.safetensors (18 tensors)
[2m2026-09-06T00:34:03.719472Z[0m [32m INFO[0m [2mspark_runtime::fast_weights[0m[2m:[0m   Shard 39/66 done — GPU memory: 13.97 GB used, 64.59 GB free
[2m2026-09-06T00:34:03.719640Z[0m [32m INFO[0m [2mspark_runtime::fast_weights[0m[2m:[0m Fast-loading shard 40/66: layers-44.safetensors (20 tensors)
[2m2026-09-06T00:34:03.950106Z[0m [32m INFO[0m [2mspark_runtime::fast_weights[0m[2m:[0m   Shard 40/66 done — GPU memory: 14.33 GB used, 64.23 GB free
[2m2026-09-06T00:34:03.950287Z[0m [32m INFO[0m [2mspark_runtime::fast_weights[0m[2m:[0m Fast-loading shard 41/66: layers-45.safetensors (20 tensors)
[2m2026-09-06T00:34:04.184142Z[0m [32m INFO[0m [2mspark_runtime::fast_weights[0m[2m:[0m   Shard 41/66 done — GPU memory: 14.69 GB used, 63.87 GB free
[2m2026-09-06T00:34:04.184299Z[0m [32m INFO[0m [2mspark_runtime::fast_weights[0m[2m:[0m Fast-loading shard 42/66: layers-46.safetensors (20 tensors)
[2m2026-09-06T00:34:04.427535Z[0m [32m INFO[0m [2mspark_runtime::fast_weights[0m[2m:[0m   Shard 42/66 done — GPU memory: 15.05 GB used, 63.51 GB free
[2m2026-09-06T00:34:04.427704Z[0m [32m INFO[0m [2mspark_runtime::fast_weights[0m[2m:[0m Fast-loading shard 43/66: layers-47.safetensors (18 tensors)
[2m2026-09-06T00:34:04.708641Z[0m [32m INFO[0m [2mspark_runtime::fast_weights[0m[2m:[0m   Shard 43/66 done — GPU memory: 15.40 GB used, 63.16 GB free
[2m2026-09-06T00:34:04.708846Z[0m [32m INFO[0m [2mspark_runtime::fast_weights[0m[2m:[0m Fast-loading shard 44/66: layers-48.safetensors (20 tensors)
[2m2026-09-06T00:34:04.970417Z[0m [32m INFO[0m [2mspark_runtime::fast_weights[0m[2m:[0m   Shard 44/66 done — GPU memory: 15.76 GB used, 62.80 GB free
[2m2026-09-06T00:34:04.970604Z[0m [32m INFO[0m [2mspark_runtime::fast_weights[0m[2m:[0m Fast-loading shard 45/66: layers-49.safetensors (20 tensors)
[2m2026-09-06T00:34:05.237220Z[0m [32m INFO[0m [2mspark_runtime::fast_weights[0m[2m:[0m   Shard 45/66 done — GPU memory: 16.12 GB used, 62.44 GB free
[2m2026-09-06T00:34:05.237374Z[0m [32m INFO[0m [2mspark_runtime::fast_weights[0m[2m:[0m Fast-loading shard 46/66: layers-5.safetensors (20 tensors)
[2m2026-09-06T00:34:05.505439Z[0m [32m INFO[0m [2mspark_runtime::fast_weights[0m[2m:[0m   Shard 46/66 done — GPU memory: 16.48 GB used, 62.08 GB free
[2m2026-09-06T00:34:05.505611Z[0m [32m INFO[0m [2mspark_runtime::fast_weights[0m[2m:[0m Fast-loading shard 47/66: layers-50.safetensors (20 tensors)
[2m2026-09-06T00:34:05.792814Z[0m [32m INFO[0m [2mspark_runtime::fast_weights[0m[2m:[0m   Shard 47/66 done — GPU memory: 16.84 GB used, 61.72 GB free
[2m2026-09-06T00:34:05.793005Z[0m [32m INFO[0m [2mspark_runtime::fast_weights[0m[2m:[0m Fast-loading shard 48/66: layers-51.safetensors (18 tensors)
[2m2026-09-06T00:34:06.072959Z[0m [32m INFO[0m [2mspark_runtime::fast_weights[0m[2m:[0m   Shard 48/66 done — GPU memory: 17.20 GB used, 61.37 GB free
[2m2026-09-06T00:34:06.073154Z[0m [32m INFO[0m [2mspark_runtime::fast_weights[0m[2m:[0m Fast-loading shard 49/66: layers-52.safetensors (20 tensors)
[2m2026-09-06T00:34:06.334036Z[0m [32m INFO[0m [2mspark_runtime::fast_weights[0m[2m:[0m   Shard 49/66 done — GPU memory: 17.56 GB used, 61.01 GB free
[2m2026-09-06T00:34:06.334219Z[0m [32m INFO[0m [2mspark_runtime::fast_weights[0m[2m:[0m Fast-loading shard 50/66: layers-53.safetensors (20 tensors)
[2m2026-09-06T00:34:06.595812Z[0m [32m INFO[0m [2mspark_runtime::fast_weights[0m[2m:[0m   Shard 50/66 done — GPU memory: 17.92 GB used, 60.65 GB free
[2m2026-09-06T00:34:06.595982Z[0m [32m INFO[0m [2mspark_runtime::fast_weights[0m[2m:[0m Fast-loading shard 51/66: layers-54.safetensors (20 tensors)
[2m2026-09-06T00:34:06.866611Z[0m [32m INFO[0m [2mspark_runtime::fast_weights[0m[2m:[0m   Shard 51/66 done — GPU memory: 18.28 GB used, 60.29 GB free
[2m2026-09-06T00:34:06.866801Z[0m [32m INFO[0m [2mspark_runtime::fast_weights[0m[2m:[0m Fast-loading shard 52/66: layers-55.safetensors (18 tensors)
[2m2026-09-06T00:34:07.143259Z[0m [32m INFO[0m [2mspark_runtime::fast_weights[0m[2m:[0m   Shard 52/66 done — GPU memory: 18.63 GB used, 59.93 GB free
[2m2026-09-06T00:34:07.143448Z[0m [32m INFO[0m [2mspark_runtime::fast_weights[0m[2m:[0m Fast-loading shard 53/66: layers-56.safetensors (20 tensors)
[2m2026-09-06T00:34:07.412541Z[0m [32m INFO[0m [2mspark_runtime::fast_weights[0m[2m:[0m   Shard 53/66 done — GPU memory: 18.99 GB used, 59.57 GB free
[2m2026-09-06T00:34:07.412728Z[0m [32m INFO[0m [2mspark_runtime::fast_weights[0m[2m:[0m Fast-loading shard 54/66: layers-57.safetensors (20 tensors)
[2m2026-09-06T00:34:07.674124Z[0m [32m INFO[0m [2mspark_runtime::fast_weights[0m[2m:[0m   Shard 54/66 done — GPU memory: 19.35 GB used, 59.21 GB free
[2m2026-09-06T00:34:07.674310Z[0m [32m INFO[0m [2mspark_runtime::fast_weights[0m[2m:[0m Fast-loading shard 55/66: layers-58.safetensors (20 tensors)
[2m2026-09-06T00:34:07.934987Z[0m [32m INFO[0m [2mspark_runtime::fast_weights[0m[2m:[0m   Shard 55/66 done — GPU memory: 19.71 GB used, 58.85 GB free
[2m2026-09-06T00:34:07.935164Z[0m [32m INFO[0m [2mspark_runtime::fast_weights[0m[2m:[0m Fast-loading shard 56/66: layers-59.safetensors (18 tensors)
[2m2026-09-06T00:34:08.210780Z[0m [32m INFO[0m [2mspark_runtime::fast_weights[0m[2m:[0m   Shard 56/66 done — GPU memory: 20.06 GB used, 58.50 GB free
[2m2026-09-06T00:34:08.210954Z[0m [32m INFO[0m [2mspark_runtime::fast_weights[0m[2m:[0m Fast-loading shard 57/66: layers-6.safetensors (20 tensors)
[2m2026-09-06T00:34:08.476243Z[0m [32m INFO[0m [2mspark_runtime::fast_weights[0m[2m:[0m   Shard 57/66 done — GPU memory: 20.42 GB used, 58.14 GB free
[2m2026-09-06T00:34:08.476415Z[0m [32m INFO[0m [2mspark_runtime::fast_weights[0m[2m:[0m Fast-loading shard 58/66: layers-60.safetensors (20 tensors)
[2m2026-09-06T00:34:08.774586Z[0m [32m INFO[0m [2mspark_runtime::fast_weights[0m[2m:[0m   Shard 58/66 done — GPU memory: 20.78 GB used, 57.78 GB free
[2m2026-09-06T00:34:08.774773Z[0m [32m INFO[0m [2mspark_runtime::fast_weights[0m[2m:[0m Fast-loading shard 59/66: layers-61.safetensors (20 tensors)
[2m2026-09-06T00:34:09.045049Z[0m [32m INFO[0m [2mspark_runtime::fast_weights[0m[2m:[0m   Shard 59/66 done — GPU memory: 21.14 GB used, 57.42 GB free
[2m2026-09-06T00:34:09.045227Z[0m [32m INFO[0m [2mspark_runtime::fast_weights[0m[2m:[0m Fast-loading shard 60/66: layers-62.safetensors (20 tensors)
[2m2026-09-06T00:34:09.321411Z[0m [32m INFO[0m [2mspark_runtime::fast_weights[0m[2m:[0m   Shard 60/66 done — GPU memory: 21.50 GB used, 57.06 GB free
[2m2026-09-06T00:34:09.321597Z[0m [32m INFO[0m [2mspark_runtime::fast_weights[0m[2m:[0m Fast-loading shard 61/66: layers-63.safetensors (18 tensors)
[2m2026-09-06T00:34:09.598028Z[0m [32m INFO[0m [2mspark_runtime::fast_weights[0m[2m:[0m   Shard 61/66 done — GPU memory: 21.86 GB used, 56.71 GB free
[2m2026-09-06T00:34:09.598218Z[0m [32m INFO[0m [2mspark_runtime::fast_weights[0m[2m:[0m Fast-loading shard 62/66: layers-7.safetensors (18 tensors)
[2m2026-09-06T00:34:09.883037Z[0m [32m INFO[0m [2mspark_runtime::fast_weights[0m[2m:[0m   Shard 62/66 done — GPU memory: 22.21 GB used, 56.36 GB free
[2m2026-09-06T00:34:09.883288Z[0m [32m INFO[0m [2mspark_runtime::fast_weights[0m[2m:[0m Fast-loading shard 63/66: layers-8.safetensors (20 tensors)
[2m2026-09-06T00:34:10.140996Z[0m [32m INFO[0m [2mspark_runtime::fast_weights[0m[2m:[0m   Shard 63/66 done — GPU memory: 22.57 GB used, 56.00 GB free
[2m2026-09-06T00:34:10.141159Z[0m [32m INFO[0m [2mspark_runtime::fast_weights[0m[2m:[0m Fast-loading shard 64/66: layers-9.safetensors (20 tensors)
[2m2026-09-06T00:34:10.415684Z[0m [32m INFO[0m [2mspark_runtime::fast_weights[0m[2m:[0m   Shard 64/66 done — GPU memory: 22.93 GB used, 55.64 GB free
[2m2026-09-06T00:34:10.415835Z[0m [32m INFO[0m [2mspark_runtime::fast_weights[0m[2m:[0m Fast-loading shard 65/66: mtp.safetensors (22 tensors)
[2m2026-09-06T00:34:10.800609Z[0m [32m INFO[0m [2mspark_runtime::fast_weights[0m[2m:[0m   Shard 65/66 done — GPU memory: 23.38 GB used, 55.19 GB free
[2m2026-09-06T00:34:10.800864Z[0m [32m INFO[0m [2mspark_runtime::fast_weights[0m[2m:[0m Fast-loading shard 66/66: outside.safetensors (336 tensors)
[2m2026-09-06T00:34:14.111948Z[0m [32m INFO[0m [2mspark_runtime::fast_weights[0m[2m:[0m   Shard 66/66 done — GPU memory: 29.05 GB used, 49.51 GB free
[2m2026-09-06T00:34:14.112100Z[0m [32m INFO[0m [2mspark_runtime::fast_weights[0m[2m:[0m Fast-loaded 1606 weight tensors
[2m2026-09-06T00:34:14.112388Z[0m [32m INFO[0m [2mspark::main_modules::serve_phases::weights[0m[2m:[0m Loaded 1606 weight tensors
[2m2026-09-06T00:34:14.112409Z[0m [32m INFO[0m [2mspark_runtime::weights::prefix_detect[0m[2m:[0m Weight prefix: model.language_model
[2m2026-09-06T00:34:14.112914Z[0m [32m INFO[0m [2mspark_model::preflight[0m[2m:[0m Pre-flight checks passed
[2m2026-09-06T00:34:14.112938Z[0m [32m INFO[0m [2mspark_model::quant_format[0m[2m:[0m QuantFormat: fp8 (block-scaled), 0 ignored module(s)
[2m2026-09-06T00:34:14.112949Z[0m [32m INFO[0m [2mspark::main_modules::serve_load[0m[2m:[0m Quantization format: fp8-blockscaled (base variant Fp8Dequanted), ignored globs = 0
[2m2026-09-06T00:34:14.259454Z[0m [32m INFO[0m [2mspark_runtime::cublaslt[0m[2m:[0m cuBLASLt pre-warmed (handle + workspace + kernel images)
[2m2026-09-06T00:34:14.260331Z[0m [32m INFO[0m [2mspark::main_modules::serve_phases::preflight[0m[2m:[0m GDN chunked prefill reserve: 355 MB (chunk_size=8192, max_seq_len=24576)
[2m2026-09-06T00:34:14.260367Z[0m [32m INFO[0m [2mspark::main_modules::serve_phases::preflight[0m[2m:[0m Weights: 28.75 GB, estimated free: 49.8 GB, actual free: 49.4 GB (reserve: 8745 MB)
[2m2026-09-06T00:34:14.260379Z[0m [32m INFO[0m [2mspark::main_modules::serve_phases::kv_cache[0m[2m:[0m Prefill config: ssm_prefill_chunk=8192, args.max_prefill_tokens=8192, prefill_budget=8192, max_batch_tokens=8196
[2m2026-09-06T00:34:14.260385Z[0m [32m INFO[0m [2mspark::main_modules::serve_phases::build[0m[2m:[0m Prefix caching: ENABLED (radix tree)
[2m2026-09-06T00:34:14.786140Z[0m [32m INFO[0m [2mspark::main_modules::serve_phases::config[0m[2m:[0m Capping vocab_size from 248320 to 248077 (tokenizer)
[2m2026-09-06T00:34:14.840692Z[0m [32m INFO[0m [2mspark::main_modules::serve_phases::kv_cache[0m[2m:[0m FP8 KV cache with online calibration (checkpoint ships no k/v scales): freezing per-tensor scales on the first observed tokens.
[2m2026-09-06T00:34:14.840718Z[0m [32m INFO[0m [2mspark::main_modules::kv_dtypes[0m[2m:[0m Selective boundary KV cache: 4/16 attention layers at bf16, rest at fp8
[2m2026-09-06T00:34:14.841339Z[0m [32m INFO[0m [2mspark_model::weight_loader::qwen35_dense[0m[2m:[0m Weight format: Fp8BlockScaled, NVFP4 variant: Fp8Dequanted
[2m2026-09-06T00:34:14.841352Z[0m [32m INFO[0m [2mspark_model::weight_loader::qwen35_dense[0m[2m:[0m SSM in_proj_qkv + out_proj via native FP8 prefill GEMM (BF16 act × FP8 weight via fp8_gemm_n128). PREFILL ONLY: decode + batched verify read the NVFP4 copy — weight-streaming GEMV at M<=8, tile GEMM above it (trait_decode_batched.rs). The FP8 copy reaches decode only at M<=8 on a build whose batched NVFP4 GEMVs are absent
[2m2026-09-06T00:34:14.842839Z[0m [32m INFO[0m [2mspark_model::weight_map::loaders_fp8[0m[2m:[0m quantize_to_nvfp4: n=17408 k=5120 total=89128960 global_max=0.421875 scale2=0.00015695 grid1=1024
[2m2026-09-06T00:34:14.845376Z[0m [32m INFO[0m [2mspark_model::weight_map::loaders_fp8[0m[2m:[0m quantize_to_nvfp4: n=17408 k=5120 total=89128960 global_max=0.163086 scale2=0.00006067 grid1=1024
[2m2026-09-06T00:34:14.847421Z[0m [32m INFO[0m [2mspark_model::weight_map::loaders_fp8[0m[2m:[0m quantize_to_nvfp4: n=5120 k=17408 total=89128960 global_max=0.976562 scale2=0.00036330 grid1=1024
[2m2026-09-06T00:34:14.852483Z[0m [32m INFO[0m [2mspark_model::weight_map::model_a[0m[2m:[0m dense_keep_f32: promoting model.language_model.layers.0.linear_attn.A_log from BF16 to FP32 ([48])
[2m2026-09-06T00:34:14.852571Z[0m [32m INFO[0m [2mspark_model::weight_map::model_a[0m[2m:[0m dense_keep_f32: promoting model.language_model.layers.0.linear_attn.dt_bias from BF16 to FP32 ([48])
[2m2026-09-06T00:34:14.857121Z[0m [32m INFO[0m [2mspark_model::layers::qwen3_ssm::init[0m[2m:[0m GDN state spine: gated_delta_rule_chunk_delta_h_vfused
[2m2026-09-06T00:34:14.864279Z[0m [32m INFO[0m [2mspark_model::weight_loader::qwen35_dense[0m[2m:[0m SSM[model.language_model.layers.0] native FP8 GDN: qkvz+out_proj block-scaled FP8 (no NVFP4 requant; prefill+decode via w8a16)
[2m2026-09-06T00:34:14.865474Z[0m [32m INFO[0m [2mspark_model::weight_map::loaders_fp8[0m[2m:[0m quantize_to_nvfp4: n=17408 k=5120 total=89128960 global_max=0.230469 scale2=0.00008574 grid1=1024
[2m2026-09-06T00:34:14.867565Z[0m [32m INFO[0m [2mspark_model::weight_map::loaders_fp8[0m[2m:[0m quantize_to_nvfp4: n=17408 k=5120 total=89128960 global_max=0.213867 scale2=0.00007956 grid1=1024
[2m2026-09-06T00:34:14.871921Z[0m [32m INFO[0m [2mspark_model::weight_map::model_a[0m[2m:[0m dense_keep_f32: promoting model.language_model.layers.1.linear_attn.A_log from BF16 to FP32 ([48])
[2m2026-09-06T00:34:14.871979Z[0m [32m INFO[0m [2mspark_model::weight_map::model_a[0m[2m:[0m dense_keep_f32: promoting model.language_model.layers.1.linear_attn.dt_bias from BF16 to FP32 ([48])
[2m2026-09-06T00:34:14.873756Z[0m [32m INFO[0m [2mspark_model::layers::qwen3_ssm::init[0m[2m:[0m GDN state spine: gated_delta_rule_chunk_delta_h_vfused
[2m2026-09-06T00:34:14.873851Z[0m [32m INFO[0m [2mspark_model::weight_loader::qwen35_dense[0m[2m:[0m SSM[model.language_model.layers.1] native FP8 GDN: qkvz+out_proj block-scaled FP8 (no NVFP4 requant; prefill+decode via w8a16)
[2m2026-09-06T00:34:14.881300Z[0m [32m INFO[0m [2mspark_model::weight_map::model_a[0m[2m:[0m dense_keep_f32: promoting model.language_model.layers.2.linear_attn.A_log from BF16 to FP32 ([48])
[2m2026-09-06T00:34:14.881361Z[0m [32m INFO[0m [2mspark_model::weight_map::model_a[0m[2m:[0m dense_keep_f32: promoting model.language_model.layers.2.linear_attn.dt_bias from BF16 to FP32 ([48])
[2m2026-09-06T00:34:14.882929Z[0m [32m INFO[0m [2mspark_model::layers::qwen3_ssm::init[0m[2m:[0m GDN state spine: gated_delta_rule_chunk_delta_h_vfused
[2m2026-09-06T00:34:14.883005Z[0m [32m INFO[0m [2mspark_model::weight_loader::qwen35_dense[0m[2m:[0m SSM[model.language_model.layers.2] native FP8 GDN: qkvz+out_proj block-scaled FP8 (no NVFP4 requant; prefill+decode via w8a16)
[2m2026-09-06T00:34:14.899471Z[0m [33m WARN[0m [2mspark_model::weight_loader::qwen35_dense[0m[2m:[0m attention q/k/v have differing weight_scale_2 — fused QKV GEMM disabled (3 separate launches per layer)
[2m2026-09-06T00:34:14.909567Z[0m [32m INFO[0m [2mspark_model::weight_map::model_a[0m[2m:[0m dense_keep_f32: promoting model.language_model.layers.4.linear_attn.A_log from BF16 to FP32 ([48])
[2m2026-09-06T00:34:14.909642Z[0m [32m INFO[0m [2mspark_model::weight_map::model_a[0m[2m:[0m dense_keep_f32: promoting model.language_model.layers.4.linear_attn.dt_bias from BF16 to FP32 ([48])
[2m2026-09-06T00:34:14.911175Z[0m [32m INFO[0m [2mspark_model::layers::qwen3_ssm::init[0m[2m:[0m GDN state spine: gated_delta_rule_chunk_delta_h_vfused
[2m2026-09-06T00:34:14.911251Z[0m [32m INFO[0m [2mspark_model::weight_loader::qwen35_dense[0m[2m:[0m SSM[model.language_model.layers.4] native FP8 GDN: qkvz+out_proj block-scaled FP8 (no NVFP4 requant; prefill+decode via w8a16)
[2m2026-09-06T00:34:14.918760Z[0m [32m INFO[0m [2mspark_model::weight_map::model_a[0m[2m:[0m dense_keep_f32: promoting model.language_model.layers.5.linear_attn.A_log from BF16 to FP32 ([48])
[2m2026-09-06T00:34:14.918825Z[0m [32m INFO[0m [2mspark_model::weight_map::model_a[0m[2m:[0m dense_keep_f32: promoting model.language_model.layers.5.linear_attn.dt_bias from BF16 to FP32 ([48])
[2m2026-09-06T00:34:14.920530Z[0m [32m INFO[0m [2mspark_model::layers::qwen3_ssm::init[0m[2m:[0m GDN state spine: gated_delta_rule_chunk_delta_h_vfused
[2m2026-09-06T00:34:14.920616Z[0m [32m INFO[0m [2mspark_model::weight_loader::qwen35_dense[0m[2m:[0m SSM[model.language_model.layers.5] native FP8 GDN: qkvz+out_proj block-scaled FP8 (no NVFP4 requant; prefill+decode via w8a16)
[2m2026-09-06T00:34:14.928105Z[0m [32m INFO[0m [2mspark_model::weight_map::model_a[0m[2m:[0m dense_keep_f32: promoting model.language_model.layers.6.linear_attn.A_log from BF16 to FP32 ([48])
[2m2026-09-06T00:34:14.928168Z[0m [32m INFO[0m [2mspark_model::weight_map::model_a[0m[2m:[0m dense_keep_f32: promoting model.language_model.layers.6.linear_attn.dt_bias from BF16 to FP32 ([48])
[2m2026-09-06T00:34:14.929681Z[0m [32m INFO[0m [2mspark_model::layers::qwen3_ssm::init[0m[2m:[0m GDN state spine: gated_delta_rule_chunk_delta_h_vfused
[2m2026-09-06T00:34:14.929751Z[0m [32m INFO[0m [2mspark_model::weight_loader::qwen35_dense[0m[2m:[0m SSM[model.language_model.layers.6] native FP8 GDN: qkvz+out_proj block-scaled FP8 (no NVFP4 requant; prefill+decode via w8a16)
[2m2026-09-06T00:34:14.951992Z[0m [32m INFO[0m [2mspark_model::weight_map::model_a[0m[2m:[0m dense_keep_f32: promoting model.language_model.layers.8.linear_attn.A_log from BF16 to FP32 ([48])
[2m2026-09-06T00:34:14.952065Z[0m [32m INFO[0m [2mspark_model::weight_map::model_a[0m[2m:[0m dense_keep_f32: promoting model.language_model.layers.8.linear_attn.dt_bias from BF16 to FP32 ([48])
[2m2026-09-06T00:34:14.953589Z[0m [32m INFO[0m [2mspark_model::layers::qwen3_ssm::init[0m[2m:[0m GDN state spine: gated_delta_rule_chunk_delta_h_vfused
[2m2026-09-06T00:34:14.953661Z[0m [32m INFO[0m [2mspark_model::weight_loader::qwen35_dense[0m[2m:[0m SSM[model.language_model.layers.8] native FP8 GDN: qkvz+out_proj block-scaled FP8 (no NVFP4 requant; prefill+decode via w8a16)
[2m2026-09-06T00:34:14.961106Z[0m [32m INFO[0m [2mspark_model::weight_map::model_a[0m[2m:[0m dense_keep_f32: promoting model.language_model.layers.9.linear_attn.A_log from BF16 to FP32 ([48])
[2m2026-09-06T00:34:14.961165Z[0m [32m INFO[0m [2mspark_model::weight_map::model_a[0m[2m:[0m dense_keep_f32: promoting model.language_model.layers.9.linear_attn.dt_bias from BF16 to FP32 ([48])
[2m2026-09-06T00:34:14.962946Z[0m [32m INFO[0m [2mspark_model::layers::qwen3_ssm::init[0m[2m:[0m GDN state spine: gated_delta_rule_chunk_delta_h_vfused
[2m2026-09-06T00:34:14.963018Z[0m [32m INFO[0m [2mspark_model::weight_loader::qwen35_dense[0m[2m:[0m SSM[model.language_model.layers.9] native FP8 GDN: qkvz+out_proj block-scaled FP8 (no NVFP4 requant; prefill+decode via w8a16)
[2m2026-09-06T00:34:14.970471Z[0m [32m INFO[0m [2mspark_model::weight_map::model_a[0m[2m:[0m dense_keep_f32: promoting model.language_model.layers.10.linear_attn.A_log from BF16 to FP32 ([48])
[2m2026-09-06T00:34:14.970533Z[0m [32m INFO[0m [2mspark_model::weight_map::model_a[0m[2m:[0m dense_keep_f32: promoting model.language_model.layers.10.linear_attn.dt_bias from BF16 to FP32 ([48])
[2m2026-09-06T00:34:14.972022Z[0m [32m INFO[0m [2mspark_model::layers::qwen3_ssm::init[0m[2m:[0m GDN state spine: gated_delta_rule_chunk_delta_h_vfused
[2m2026-09-06T00:34:14.972089Z[0m [32m INFO[0m [2mspark_model::weight_loader::qwen35_dense[0m[2m:[0m SSM[model.language_model.layers.10] native FP8 GDN: qkvz+out_proj block-scaled FP8 (no NVFP4 requant; prefill+decode via w8a16)
[2m2026-09-06T00:34:14.994468Z[0m [32m INFO[0m [2mspark_model::weight_map::model_a[0m[2m:[0m dense_keep_f32: promoting model.language_model.layers.12.linear_attn.A_log from BF16 to FP32 ([48])
[2m2026-09-06T00:34:14.994542Z[0m [32m INFO[0m [2mspark_model::weight_map::model_a[0m[2m:[0m dense_keep_f32: promoting model.language_model.layers.12.linear_attn.dt_bias from BF16 to FP32 ([48])
[2m2026-09-06T00:34:14.996227Z[0m [32m INFO[0m [2mspark_model::layers::qwen3_ssm::init[0m[2m:[0m GDN state spine: gated_delta_rule_chunk_delta_h_vfused
[2m2026-09-06T00:34:14.996300Z[0m [32m INFO[0m [2mspark_model::weight_loader::qwen35_dense[0m[2m:[0m SSM[model.language_model.layers.12] native FP8 GDN: qkvz+out_proj block-scaled FP8 (no NVFP4 requant; prefill+decode via w8a16)
[2m2026-09-06T00:34:15.003851Z[0m [32m INFO[0m [2mspark_model::weight_map::model_a[0m[2m:[0m dense_keep_f32: promoting model.language_model.layers.13.linear_attn.A_log from BF16 to FP32 ([48])
[2m2026-09-06T00:34:15.003913Z[0m [32m INFO[0m [2mspark_model::weight_map::model_a[0m[2m:[0m dense_keep_f32: promoting model.language_model.layers.13.linear_attn.dt_bias from BF16 to FP32 ([48])
[2m2026-09-06T00:34:15.005401Z[0m [32m INFO[0m [2mspark_model::layers::qwen3_ssm::init[0m[2m:[0m GDN state spine: gated_delta_rule_chunk_delta_h_vfused
[2m2026-09-06T00:34:15.005469Z[0m [32m INFO[0m [2mspark_model::weight_loader::qwen35_dense[0m[2m:[0m SSM[model.language_model.layers.13] native FP8 GDN: qkvz+out_proj block-scaled FP8 (no NVFP4 requant; prefill+decode via w8a16)
[2m2026-09-06T00:34:15.012945Z[0m [32m INFO[0m [2mspark_model::weight_map::model_a[0m[2m:[0m dense_keep_f32: promoting model.language_model.layers.14.linear_attn.A_log from BF16 to FP32 ([48])
[2m2026-09-06T00:34:15.013006Z[0m [32m INFO[0m [2mspark_model::weight_map::model_a[0m[2m:[0m dense_keep_f32: promoting model.language_model.layers.14.linear_attn.dt_bias from BF16 to FP32 ([48])
[2m2026-09-06T00:34:15.014735Z[0m [32m INFO[0m [2mspark_model::layers::qwen3_ssm::init[0m[2m:[0m GDN state spine: gated_delta_rule_chunk_delta_h_vfused
[2m2026-09-06T00:34:15.014806Z[0m [32m INFO[0m [2mspark_model::weight_loader::qwen35_dense[0m[2m:[0m SSM[model.language_model.layers.14] native FP8 GDN: qkvz+out_proj block-scaled FP8 (no NVFP4 requant; prefill+decode via w8a16)
[2m2026-09-06T00:34:15.036973Z[0m [32m INFO[0m [2mspark_model::weight_map::model_a[0m[2m:[0m dense_keep_f32: promoting model.language_model.layers.16.linear_attn.A_log from BF16 to FP32 ([48])
[2m2026-09-06T00:34:15.037048Z[0m [32m INFO[0m [2mspark_model::weight_map::model_a[0m[2m:[0m dense_keep_f32: promoting model.language_model.layers.16.linear_attn.dt_bias from BF16 to FP32 ([48])
[2m2026-09-06T00:34:15.038762Z[0m [32m INFO[0m [2mspark_model::layers::qwen3_ssm::init[0m[2m:[0m GDN state spine: gated_delta_rule_chunk_delta_h_vfused
[2m2026-09-06T00:34:15.038833Z[0m [32m INFO[0m [2mspark_model::weight_loader::qwen35_dense[0m[2m:[0m SSM[model.language_model.layers.16] native FP8 GDN: qkvz+out_proj block-scaled FP8 (no NVFP4 requant; prefill+decode via w8a16)
[2m2026-09-06T00:34:15.046347Z[0m [32m INFO[0m [2mspark_model::weight_map::model_a[0m[2m:[0m dense_keep_f32: promoting model.language_model.layers.17.linear_attn.A_log from BF16 to FP32 ([48])
[2m2026-09-06T00:34:15.046410Z[0m [32m INFO[0m [2mspark_model::weight_map::model_a[0m[2m:[0m dense_keep_f32: promoting model.language_model.layers.17.linear_attn.dt_bias from BF16 to FP32 ([48])
[2m2026-09-06T00:34:15.047961Z[0m [32m INFO[0m [2mspark_model::layers::qwen3_ssm::init[0m[2m:[0m GDN state spine: gated_delta_rule_chunk_delta_h_vfused
[2m2026-09-06T00:34:15.048032Z[0m [32m INFO[0m [2mspark_model::weight_loader::qwen35_dense[0m[2m:[0m SSM[model.language_model.layers.17] native FP8 GDN: qkvz+out_proj block-scaled FP8 (no NVFP4 requant; prefill+decode via w8a16)
[2m2026-09-06T00:34:15.055492Z[0m [32m INFO[0m [2mspark_model::weight_map::model_a[0m[2m:[0m dense_keep_f32: promoting model.language_model.layers.18.linear_attn.A_log from BF16 to FP32 ([48])
[2m2026-09-06T00:34:15.055552Z[0m [32m INFO[0m [2mspark_model::weight_map::model_a[0m[2m:[0m dense_keep_f32: promoting model.language_model.layers.18.linear_attn.dt_bias from BF16 to FP32 ([48])
[2m2026-09-06T00:34:15.057275Z[0m [32m INFO[0m [2mspark_model::layers::qwen3_ssm::init[0m[2m:[0m GDN state spine: gated_delta_rule_chunk_delta_h_vfused
[2m2026-09-06T00:34:15.057345Z[0m [32m INFO[0m [2mspark_model::weight_loader::qwen35_dense[0m[2m:[0m SSM[model.language_model.layers.18] native FP8 GDN: qkvz+out_proj block-scaled FP8 (no NVFP4 requant; prefill+decode via w8a16)
[2m2026-09-06T00:34:15.072168Z[0m [32m INFO[0m [2mspark_model::weight_loader::qwen35_dense[0m[2m:[0m Loaded layers 0..20
[2m2026-09-06T00:34:15.079577Z[0m [32m INFO[0m [2mspark_model::weight_map::model_a[0m[2m:[0m dense_keep_f32: promoting model.language_model.layers.20.linear_attn.A_log from BF16 to FP32 ([48])
[2m2026-09-06T00:34:15.079645Z[0m [32m INFO[0m [2mspark_model::weight_map::model_a[0m[2m:[0m dense_keep_f32: promoting model.language_model.layers.20.linear_attn.dt_bias from BF16 to FP32 ([48])
[2m2026-09-06T00:34:15.081364Z[0m [32m INFO[0m [2mspark_model::layers::qwen3_ssm::init[0m[2m:[0m GDN state spine: gated_delta_rule_chunk_delta_h_vfused
[2m2026-09-06T00:34:15.081436Z[0m [32m INFO[0m [2mspark_model::weight_loader::qwen35_dense[0m[2m:[0m SSM[model.language_model.layers.20] native FP8 GDN: qkvz+out_proj block-scaled FP8 (no NVFP4 requant; prefill+decode via w8a16)
[2m2026-09-06T00:34:15.088959Z[0m [32m INFO[0m [2mspark_model::weight_map::model_a[0m[2m:[0m dense_keep_f32: promoting model.language_model.layers.21.linear_attn.A_log from BF16 to FP32 ([48])
[2m2026-09-06T00:34:15.089031Z[0m [32m INFO[0m [2mspark_model::weight_map::model_a[0m[2m:[0m dense_keep_f32: promoting model.language_model.layers.21.linear_attn.dt_bias from BF16 to FP32 ([48])
[2m2026-09-06T00:34:15.090577Z[0m [32m INFO[0m [2mspark_model::layers::qwen3_ssm::init[0m[2m:[0m GDN state spine: gated_delta_rule_chunk_delta_h_vfused
[2m2026-09-06T00:34:15.090646Z[0m [32m INFO[0m [2mspark_model::weight_loader::qwen35_dense[0m[2m:[0m SSM[model.language_model.layers.21] native FP8 GDN: qkvz+out_proj block-scaled FP8 (no NVFP4 requant; prefill+decode via w8a16)
[2m2026-09-06T00:34:15.098111Z[0m [32m INFO[0m [2mspark_model::weight_map::model_a[0m[2m:[0m dense_keep_f32: promoting model.language_model.layers.22.linear_attn.A_log from BF16 to FP32 ([48])
[2m2026-09-06T00:34:15.098177Z[0m [32m INFO[0m [2mspark_model::weight_map::model_a[0m[2m:[0m dense_keep_f32: promoting model.language_model.layers.22.linear_attn.dt_bias from BF16 to FP32 ([48])
[2m2026-09-06T00:34:15.099905Z[0m [32m INFO[0m [2mspark_model::layers::qwen3_ssm::init[0m[2m:[0m GDN state spine: gated_delta_rule_chunk_delta_h_vfused
[2m2026-09-06T00:34:15.099977Z[0m [32m INFO[0m [2mspark_model::weight_loader::qwen35_dense[0m[2m:[0m SSM[model.language_model.layers.22] native FP8 GDN: qkvz+out_proj block-scaled FP8 (no NVFP4 requant; prefill+decode via w8a16)
[2m2026-09-06T00:34:15.122293Z[0m [32m INFO[0m [2mspark_model::weight_map::model_a[0m[2m:[0m dense_keep_f32: promoting model.language_model.layers.24.linear_attn.A_log from BF16 to FP32 ([48])
[2m2026-09-06T00:34:15.122366Z[0m [32m INFO[0m [2mspark_model::weight_map::model_a[0m[2m:[0m dense_keep_f32: promoting model.language_model.layers.24.linear_attn.dt_bias from BF16 to FP32 ([48])
[2m2026-09-06T00:34:15.123841Z[0m [32m INFO[0m [2mspark_model::layers::qwen3_ssm::init[0m[2m:[0m GDN state spine: gated_delta_rule_chunk_delta_h_vfused
[2m2026-09-06T00:34:15.123911Z[0m [32m INFO[0m [2mspark_model::weight_loader::qwen35_dense[0m[2m:[0m SSM[model.language_model.layers.24] native FP8 GDN: qkvz+out_proj block-scaled FP8 (no NVFP4 requant; prefill+decode via w8a16)
[2m2026-09-06T00:34:15.131421Z[0m [32m INFO[0m [2mspark_model::weight_map::model_a[0m[2m:[0m dense_keep_f32: promoting model.language_model.layers.25.linear_attn.A_log from BF16 to FP32 ([48])
[2m2026-09-06T00:34:15.131481Z[0m [32m INFO[0m [2mspark_model::weight_map::model_a[0m[2m:[0m dense_keep_f32: promoting model.language_model.layers.25.linear_attn.dt_bias from BF16 to FP32 ([48])
[2m2026-09-06T00:34:15.133173Z[0m [32m INFO[0m [2mspark_model::layers::qwen3_ssm::init[0m[2m:[0m GDN state spine: gated_delta_rule_chunk_delta_h_vfused
[2m2026-09-06T00:34:15.133244Z[0m [32m INFO[0m [2mspark_model::weight_loader::qwen35_dense[0m[2m:[0m SSM[model.language_model.layers.25] native FP8 GDN: qkvz+out_proj block-scaled FP8 (no NVFP4 requant; prefill+decode via w8a16)
[2m2026-09-06T00:34:15.140721Z[0m [32m INFO[0m [2mspark_model::weight_map::model_a[0m[2m:[0m dense_keep_f32: promoting model.language_model.layers.26.linear_attn.A_log from BF16 to FP32 ([48])
[2m2026-09-06T00:34:15.140780Z[0m [32m INFO[0m [2mspark_model::weight_map::model_a[0m[2m:[0m dense_keep_f32: promoting model.language_model.layers.26.linear_attn.dt_bias from BF16 to FP32 ([48])
[2m2026-09-06T00:34:15.142270Z[0m [32m INFO[0m [2mspark_model::layers::qwen3_ssm::init[0m[2m:[0m GDN state spine: gated_delta_rule_chunk_delta_h_vfused
[2m2026-09-06T00:34:15.142340Z[0m [32m INFO[0m [2mspark_model::weight_loader::qwen35_dense[0m[2m:[0m SSM[model.language_model.layers.26] native FP8 GDN: qkvz+out_proj block-scaled FP8 (no NVFP4 requant; prefill+decode via w8a16)
[2m2026-09-06T00:34:15.164726Z[0m [32m INFO[0m [2mspark_model::weight_map::model_a[0m[2m:[0m dense_keep_f32: promoting model.language_model.layers.28.linear_attn.A_log from BF16 to FP32 ([48])
[2m2026-09-06T00:34:15.164800Z[0m [32m INFO[0m [2mspark_model::weight_map::model_a[0m[2m:[0m dense_keep_f32: promoting model.language_model.layers.28.linear_attn.dt_bias from BF16 to FP32 ([48])
[2m2026-09-06T00:34:15.166272Z[0m [32m INFO[0m [2mspark_model::layers::qwen3_ssm::init[0m[2m:[0m GDN state spine: gated_delta_rule_chunk_delta_h_vfused
[2m2026-09-06T00:34:15.166343Z[0m [32m INFO[0m [2mspark_model::weight_loader::qwen35_dense[0m[2m:[0m SSM[model.language_model.layers.28] native FP8 GDN: qkvz+out_proj block-scaled FP8 (no NVFP4 requant; prefill+decode via w8a16)
[2m2026-09-06T00:34:15.173878Z[0m [32m INFO[0m [2mspark_model::weight_map::model_a[0m[2m:[0m dense_keep_f32: promoting model.language_model.layers.29.linear_attn.A_log from BF16 to FP32 ([48])
[2m2026-09-06T00:34:15.173940Z[0m [32m INFO[0m [2mspark_model::weight_map::model_a[0m[2m:[0m dense_keep_f32: promoting model.language_model.layers.29.linear_attn.dt_bias from BF16 to FP32 ([48])
[2m2026-09-06T00:34:15.175617Z[0m [32m INFO[0m [2mspark_model::layers::qwen3_ssm::init[0m[2m:[0m GDN state spine: gated_delta_rule_chunk_delta_h_vfused
[2m2026-09-06T00:34:15.175688Z[0m [32m INFO[0m [2mspark_model::weight_loader::qwen35_dense[0m[2m:[0m SSM[model.language_model.layers.29] native FP8 GDN: qkvz+out_proj block-scaled FP8 (no NVFP4 requant; prefill+decode via w8a16)
[2m2026-09-06T00:34:15.183174Z[0m [32m INFO[0m [2mspark_model::weight_map::model_a[0m[2m:[0m dense_keep_f32: promoting model.language_model.layers.30.linear_attn.A_log from BF16 to FP32 ([48])
[2m2026-09-06T00:34:15.183234Z[0m [32m INFO[0m [2mspark_model::weight_map::model_a[0m[2m:[0m dense_keep_f32: promoting model.language_model.layers.30.linear_attn.dt_bias from BF16 to FP32 ([48])
[2m2026-09-06T00:34:15.184699Z[0m [32m INFO[0m [2mspark_model::layers::qwen3_ssm::init[0m[2m:[0m GDN state spine: gated_delta_rule_chunk_delta_h_vfused
[2m2026-09-06T00:34:15.184768Z[0m [32m INFO[0m [2mspark_model::weight_loader::qwen35_dense[0m[2m:[0m SSM[model.language_model.layers.30] native FP8 GDN: qkvz+out_proj block-scaled FP8 (no NVFP4 requant; prefill+decode via w8a16)
[2m2026-09-06T00:34:15.207155Z[0m [32m INFO[0m [2mspark_model::weight_map::model_a[0m[2m:[0m dense_keep_f32: promoting model.language_model.layers.32.linear_attn.A_log from BF16 to FP32 ([48])
[2m2026-09-06T00:34:15.207230Z[0m [32m INFO[0m [2mspark_model::weight_map::model_a[0m[2m:[0m dense_keep_f32: promoting model.language_model.layers.32.linear_attn.dt_bias from BF16 to FP32 ([48])
[2m2026-09-06T00:34:15.208694Z[0m [32m INFO[0m [2mspark_model::layers::qwen3_ssm::init[0m[2m:[0m GDN state spine: gated_delta_rule_chunk_delta_h_vfused
[2m2026-09-06T00:34:15.208766Z[0m [32m INFO[0m [2mspark_model::weight_loader::qwen35_dense[0m[2m:[0m SSM[model.language_model.layers.32] native FP8 GDN: qkvz+out_proj block-scaled FP8 (no NVFP4 requant; prefill+decode via w8a16)
[2m2026-09-06T00:34:15.216279Z[0m [32m INFO[0m [2mspark_model::weight_map::model_a[0m[2m:[0m dense_keep_f32: promoting model.language_model.layers.33.linear_attn.A_log from BF16 to FP32 ([48])
[2m2026-09-06T00:34:15.216351Z[0m [32m INFO[0m [2mspark_model::weight_map::model_a[0m[2m:[0m dense_keep_f32: promoting model.language_model.layers.33.linear_attn.dt_bias from BF16 to FP32 ([48])
[2m2026-09-06T00:34:15.218033Z[0m [32m INFO[0m [2mspark_model::layers::qwen3_ssm::init[0m[2m:[0m GDN state spine: gated_delta_rule_chunk_delta_h_vfused
[2m2026-09-06T00:34:15.218103Z[0m [32m INFO[0m [2mspark_model::weight_loader::qwen35_dense[0m[2m:[0m SSM[model.language_model.layers.33] native FP8 GDN: qkvz+out_proj block-scaled FP8 (no NVFP4 requant; prefill+decode via w8a16)
[2m2026-09-06T00:34:15.225585Z[0m [32m INFO[0m [2mspark_model::weight_map::model_a[0m[2m:[0m dense_keep_f32: promoting model.language_model.layers.34.linear_attn.A_log from BF16 to FP32 ([48])
[2m2026-09-06T00:34:15.225644Z[0m [32m INFO[0m [2mspark_model::weight_map::model_a[0m[2m:[0m dense_keep_f32: promoting model.language_model.layers.34.linear_attn.dt_bias from BF16 to FP32 ([48])
[2m2026-09-06T00:34:15.227132Z[0m [32m INFO[0m [2mspark_model::layers::qwen3_ssm::init[0m[2m:[0m GDN state spine: gated_delta_rule_chunk_delta_h_vfused
[2m2026-09-06T00:34:15.227208Z[0m [32m INFO[0m [2mspark_model::weight_loader::qwen35_dense[0m[2m:[0m SSM[model.language_model.layers.34] native FP8 GDN: qkvz+out_proj block-scaled FP8 (no NVFP4 requant; prefill+decode via w8a16)
[2m2026-09-06T00:34:15.249560Z[0m [32m INFO[0m [2mspark_model::weight_map::model_a[0m[2m:[0m dense_keep_f32: promoting model.language_model.layers.36.linear_attn.A_log from BF16 to FP32 ([48])
[2m2026-09-06T00:34:15.249634Z[0m [32m INFO[0m [2mspark_model::weight_map::model_a[0m[2m:[0m dense_keep_f32: promoting model.language_model.layers.36.linear_attn.dt_bias from BF16 to FP32 ([48])
[2m2026-09-06T00:34:15.251321Z[0m [32m INFO[0m [2mspark_model::layers::qwen3_ssm::init[0m[2m:[0m GDN state spine: gated_delta_rule_chunk_delta_h_vfused
[2m2026-09-06T00:34:15.251393Z[0m [32m INFO[0m [2mspark_model::weight_loader::qwen35_dense[0m[2m:[0m SSM[model.language_model.layers.36] native FP8 GDN: qkvz+out_proj block-scaled FP8 (no NVFP4 requant; prefill+decode via w8a16)
[2m2026-09-06T00:34:15.258850Z[0m [32m INFO[0m [2mspark_model::weight_map::model_a[0m[2m:[0m dense_keep_f32: promoting model.language_model.layers.37.linear_attn.A_log from BF16 to FP32 ([48])
[2m2026-09-06T00:34:15.258913Z[0m [32m INFO[0m [2mspark_model::weight_map::model_a[0m[2m:[0m dense_keep_f32: promoting model.language_model.layers.37.linear_attn.dt_bias from BF16 to FP32 ([48])
[2m2026-09-06T00:34:15.260435Z[0m [32m INFO[0m [2mspark_model::layers::qwen3_ssm::init[0m[2m:[0m GDN state spine: gated_delta_rule_chunk_delta_h_vfused
[2m2026-09-06T00:34:15.260506Z[0m [32m INFO[0m [2mspark_model::weight_loader::qwen35_dense[0m[2m:[0m SSM[model.language_model.layers.37] native FP8 GDN: qkvz+out_proj block-scaled FP8 (no NVFP4 requant; prefill+decode via w8a16)
[2m2026-09-06T00:34:15.267973Z[0m [32m INFO[0m [2mspark_model::weight_map::model_a[0m[2m:[0m dense_keep_f32: promoting model.language_model.layers.38.linear_attn.A_log from BF16 to FP32 ([48])
[2m2026-09-06T00:34:15.268033Z[0m [32m INFO[0m [2mspark_model::weight_map::model_a[0m[2m:[0m dense_keep_f32: promoting model.language_model.layers.38.linear_attn.dt_bias from BF16 to FP32 ([48])
[2m2026-09-06T00:34:15.269773Z[0m [32m INFO[0m [2mspark_model::layers::qwen3_ssm::init[0m[2m:[0m GDN state spine: gated_delta_rule_chunk_delta_h_vfused
[2m2026-09-06T00:34:15.269844Z[0m [32m INFO[0m [2mspark_model::weight_loader::qwen35_dense[0m[2m:[0m SSM[model.language_model.layers.38] native FP8 GDN: qkvz+out_proj block-scaled FP8 (no NVFP4 requant; prefill+decode via w8a16)
[2m2026-09-06T00:34:15.284649Z[0m [32m INFO[0m [2mspark_model::weight_loader::qwen35_dense[0m[2m:[0m Loaded layers 0..40
[2m2026-09-06T00:34:15.292154Z[0m [32m INFO[0m [2mspark_model::weight_map::model_a[0m[2m:[0m dense_keep_f32: promoting model.language_model.layers.40.linear_attn.A_log from BF16 to FP32 ([48])
[2m2026-09-06T00:34:15.292221Z[0m [32m INFO[0m [2mspark_model::weight_map::model_a[0m[2m:[0m dense_keep_f32: promoting model.language_model.layers.40.linear_attn.dt_bias from BF16 to FP32 ([48])
[2m2026-09-06T00:34:15.293925Z[0m [32m INFO[0m [2mspark_model::layers::qwen3_ssm::init[0m[2m:[0m GDN state spine: gated_delta_rule_chunk_delta_h_vfused
[2m2026-09-06T00:34:15.294003Z[0m [32m INFO[0m [2mspark_model::weight_loader::qwen35_dense[0m[2m:[0m SSM[model.language_model.layers.40] native FP8 GDN: qkvz+out_proj block-scaled FP8 (no NVFP4 requant; prefill+decode via w8a16)
[2m2026-09-06T00:34:15.301489Z[0m [32m INFO[0m [2mspark_model::weight_map::model_a[0m[2m:[0m dense_keep_f32: promoting model.language_model.layers.41.linear_attn.A_log from BF16 to FP32 ([48])
[2m2026-09-06T00:34:15.301550Z[0m [32m INFO[0m [2mspark_model::weight_map::model_a[0m[2m:[0m dense_keep_f32: promoting model.language_model.layers.41.linear_attn.dt_bias from BF16 to FP32 ([48])
[2m2026-09-06T00:34:15.302991Z[0m [32m INFO[0m [2mspark_model::layers::qwen3_ssm::init[0m[2m:[0m GDN state spine: gated_delta_rule_chunk_delta_h_vfused
[2m2026-09-06T00:34:15.303063Z[0m [32m INFO[0m [2mspark_model::weight_loader::qwen35_dense[0m[2m:[0m SSM[model.language_model.layers.41] native FP8 GDN: qkvz+out_proj block-scaled FP8 (no NVFP4 requant; prefill+decode via w8a16)
[2m2026-09-06T00:34:15.310653Z[0m [32m INFO[0m [2mspark_model::weight_map::model_a[0m[2m:[0m dense_keep_f32: promoting model.language_model.layers.42.linear_attn.A_log from BF16 to FP32 ([48])
[2m2026-09-06T00:34:15.310725Z[0m [32m INFO[0m [2mspark_model::weight_map::model_a[0m[2m:[0m dense_keep_f32: promoting model.language_model.layers.42.linear_attn.dt_bias from BF16 to FP32 ([48])
[2m2026-09-06T00:34:15.312429Z[0m [32m INFO[0m [2mspark_model::layers::qwen3_ssm::init[0m[2m:[0m GDN state spine: gated_delta_rule_chunk_delta_h_vfused
[2m2026-09-06T00:34:15.312499Z[0m [32m INFO[0m [2mspark_model::weight_loader::qwen35_dense[0m[2m:[0m SSM[model.language_model.layers.42] native FP8 GDN: qkvz+out_proj block-scaled FP8 (no NVFP4 requant; prefill+decode via w8a16)
[2m2026-09-06T00:34:15.335192Z[0m [32m INFO[0m [2mspark_model::weight_map::model_a[0m[2m:[0m dense_keep_f32: promoting model.language_model.layers.44.linear_attn.A_log from BF16 to FP32 ([48])
[2m2026-09-06T00:34:15.335271Z[0m [32m INFO[0m [2mspark_model::weight_map::model_a[0m[2m:[0m dense_keep_f32: promoting model.language_model.layers.44.linear_attn.dt_bias from BF16 to FP32 ([48])
[2m2026-09-06T00:34:15.336926Z[0m [32m INFO[0m [2mspark_model::layers::qwen3_ssm::init[0m[2m:[0m GDN state spine: gated_delta_rule_chunk_delta_h_vfused
[2m2026-09-06T00:34:15.337000Z[0m [32m INFO[0m [2mspark_model::weight_loader::qwen35_dense[0m[2m:[0m SSM[model.language_model.layers.44] native FP8 GDN: qkvz+out_proj block-scaled FP8 (no NVFP4 requant; prefill+decode via w8a16)
[2m2026-09-06T00:34:15.344509Z[0m [32m INFO[0m [2mspark_model::weight_map::model_a[0m[2m:[0m dense_keep_f32: promoting model.language_model.layers.45.linear_attn.A_log from BF16 to FP32 ([48])
[2m2026-09-06T00:34:15.344570Z[0m [32m INFO[0m [2mspark_model::weight_map::model_a[0m[2m:[0m dense_keep_f32: promoting model.language_model.layers.45.linear_attn.dt_bias from BF16 to FP32 ([48])
[2m2026-09-06T00:34:15.346031Z[0m [32m INFO[0m [2mspark_model::layers::qwen3_ssm::init[0m[2m:[0m GDN state spine: gated_delta_rule_chunk_delta_h_vfused
[2m2026-09-06T00:34:15.346103Z[0m [32m INFO[0m [2mspark_model::weight_loader::qwen35_dense[0m[2m:[0m SSM[model.language_model.layers.45] native FP8 GDN: qkvz+out_proj block-scaled FP8 (no NVFP4 requant; prefill+decode via w8a16)
[2m2026-09-06T00:34:15.353583Z[0m [32m INFO[0m [2mspark_model::weight_map::model_a[0m[2m:[0m dense_keep_f32: promoting model.language_model.layers.46.linear_attn.A_log from BF16 to FP32 ([48])
[2m2026-09-06T00:34:15.353663Z[0m [32m INFO[0m [2mspark_model::weight_map::model_a[0m[2m:[0m dense_keep_f32: promoting model.language_model.layers.46.linear_attn.dt_bias from BF16 to FP32 ([48])
[2m2026-09-06T00:34:15.355294Z[0m [32m INFO[0m [2mspark_model::layers::qwen3_ssm::init[0m[2m:[0m GDN state spine: gated_delta_rule_chunk_delta_h_vfused
[2m2026-09-06T00:34:15.355369Z[0m [32m INFO[0m [2mspark_model::weight_loader::qwen35_dense[0m[2m:[0m SSM[model.language_model.layers.46] native FP8 GDN: qkvz+out_proj block-scaled FP8 (no NVFP4 requant; prefill+decode via w8a16)
[2m2026-09-06T00:34:15.377876Z[0m [32m INFO[0m [2mspark_model::weight_map::model_a[0m[2m:[0m dense_keep_f32: promoting model.language_model.layers.48.linear_attn.A_log from BF16 to FP32 ([48])
[2m2026-09-06T00:34:15.377950Z[0m [32m INFO[0m [2mspark_model::weight_map::model_a[0m[2m:[0m dense_keep_f32: promoting model.language_model.layers.48.linear_attn.dt_bias from BF16 to FP32 ([48])
[2m2026-09-06T00:34:15.379412Z[0m [32m INFO[0m [2mspark_model::layers::qwen3_ssm::init[0m[2m:[0m GDN state spine: gated_delta_rule_chunk_delta_h_vfused
[2m2026-09-06T00:34:15.379484Z[0m [32m INFO[0m [2mspark_model::weight_loader::qwen35_dense[0m[2m:[0m SSM[model.language_model.layers.48] native FP8 GDN: qkvz+out_proj block-scaled FP8 (no NVFP4 requant; prefill+decode via w8a16)
[2m2026-09-06T00:34:15.386993Z[0m [32m INFO[0m [2mspark_model::weight_map::model_a[0m[2m:[0m dense_keep_f32: promoting model.language_model.layers.49.linear_attn.A_log from BF16 to FP32 ([48])
[2m2026-09-06T00:34:15.387052Z[0m [32m INFO[0m [2mspark_model::weight_map::model_a[0m[2m:[0m dense_keep_f32: promoting model.language_model.layers.49.linear_attn.dt_bias from BF16 to FP32 ([48])
[2m2026-09-06T00:34:15.388699Z[0m [32m INFO[0m [2mspark_model::layers::qwen3_ssm::init[0m[2m:[0m GDN state spine: gated_delta_rule_chunk_delta_h_vfused
[2m2026-09-06T00:34:15.388771Z[0m [32m INFO[0m [2mspark_model::weight_loader::qwen35_dense[0m[2m:[0m SSM[model.language_model.layers.49] native FP8 GDN: qkvz+out_proj block-scaled FP8 (no NVFP4 requant; prefill+decode via w8a16)
[2m2026-09-06T00:34:15.396315Z[0m [32m INFO[0m [2mspark_model::weight_map::model_a[0m[2m:[0m dense_keep_f32: promoting model.language_model.layers.50.linear_attn.A_log from BF16 to FP32 ([48])
[2m2026-09-06T00:34:15.396377Z[0m [32m INFO[0m [2mspark_model::weight_map::model_a[0m[2m:[0m dense_keep_f32: promoting model.language_model.layers.50.linear_attn.dt_bias from BF16 to FP32 ([48])
[2m2026-09-06T00:34:15.397821Z[0m [32m INFO[0m [2mspark_model::layers::qwen3_ssm::init[0m[2m:[0m GDN state spine: gated_delta_rule_chunk_delta_h_vfused
[2m2026-09-06T00:34:15.397893Z[0m [32m INFO[0m [2mspark_model::weight_loader::qwen35_dense[0m[2m:[0m SSM[model.language_model.layers.50] native FP8 GDN: qkvz+out_proj block-scaled FP8 (no NVFP4 requant; prefill+decode via w8a16)
[2m2026-09-06T00:34:15.420508Z[0m [32m INFO[0m [2mspark_model::weight_map::model_a[0m[2m:[0m dense_keep_f32: promoting model.language_model.layers.52.linear_attn.A_log from BF16 to FP32 ([48])
[2m2026-09-06T00:34:15.420579Z[0m [32m INFO[0m [2mspark_model::weight_map::model_a[0m[2m:[0m dense_keep_f32: promoting model.language_model.layers.52.linear_attn.dt_bias from BF16 to FP32 ([48])
[2m2026-09-06T00:34:15.422037Z[0m [32m INFO[0m [2mspark_model::layers::qwen3_ssm::init[0m[2m:[0m GDN state spine: gated_delta_rule_chunk_delta_h_vfused
[2m2026-09-06T00:34:15.422111Z[0m [32m INFO[0m [2mspark_model::weight_loader::qwen35_dense[0m[2m:[0m SSM[model.language_model.layers.52] native FP8 GDN: qkvz+out_proj block-scaled FP8 (no NVFP4 requant; prefill+decode via w8a16)
[2m2026-09-06T00:34:15.429632Z[0m [32m INFO[0m [2mspark_model::weight_map::model_a[0m[2m:[0m dense_keep_f32: promoting model.language_model.layers.53.linear_attn.A_log from BF16 to FP32 ([48])
[2m2026-09-06T00:34:15.429702Z[0m [32m INFO[0m [2mspark_model::weight_map::model_a[0m[2m:[0m dense_keep_f32: promoting model.language_model.layers.53.linear_attn.dt_bias from BF16 to FP32 ([48])
[2m2026-09-06T00:34:15.431367Z[0m [32m INFO[0m [2mspark_model::layers::qwen3_ssm::init[0m[2m:[0m GDN state spine: gated_delta_rule_chunk_delta_h_vfused
[2m2026-09-06T00:34:15.431441Z[0m [32m INFO[0m [2mspark_model::weight_loader::qwen35_dense[0m[2m:[0m SSM[model.language_model.layers.53] native FP8 GDN: qkvz+out_proj block-scaled FP8 (no NVFP4 requant; prefill+decode via w8a16)
[2m2026-09-06T00:34:15.438948Z[0m [32m INFO[0m [2mspark_model::weight_map::model_a[0m[2m:[0m dense_keep_f32: promoting model.language_model.layers.54.linear_attn.A_log from BF16 to FP32 ([48])
[2m2026-09-06T00:34:15.439009Z[0m [32m INFO[0m [2mspark_model::weight_map::model_a[0m[2m:[0m dense_keep_f32: promoting model.language_model.layers.54.linear_attn.dt_bias from BF16 to FP32 ([48])
[2m2026-09-06T00:34:15.440483Z[0m [32m INFO[0m [2mspark_model::layers::qwen3_ssm::init[0m[2m:[0m GDN state spine: gated_delta_rule_chunk_delta_h_vfused
[2m2026-09-06T00:34:15.440554Z[0m [32m INFO[0m [2mspark_model::weight_loader::qwen35_dense[0m[2m:[0m SSM[model.language_model.layers.54] native FP8 GDN: qkvz+out_proj block-scaled FP8 (no NVFP4 requant; prefill+decode via w8a16)
[2m2026-09-06T00:34:15.463025Z[0m [32m INFO[0m [2mspark_model::weight_map::model_a[0m[2m:[0m dense_keep_f32: promoting model.language_model.layers.56.linear_attn.A_log from BF16 to FP32 ([48])
[2m2026-09-06T00:34:15.463099Z[0m [32m INFO[0m [2mspark_model::weight_map::model_a[0m[2m:[0m dense_keep_f32: promoting model.language_model.layers.56.linear_attn.dt_bias from BF16 to FP32 ([48])
[2m2026-09-06T00:34:15.464645Z[0m [32m INFO[0m [2mspark_model::layers::qwen3_ssm::init[0m[2m:[0m GDN state spine: gated_delta_rule_chunk_delta_h_vfused
[2m2026-09-06T00:34:15.464717Z[0m [32m INFO[0m [2mspark_model::weight_loader::qwen35_dense[0m[2m:[0m SSM[model.language_model.layers.56] native FP8 GDN: qkvz+out_proj block-scaled FP8 (no NVFP4 requant; prefill+decode via w8a16)
[2m2026-09-06T00:34:15.472227Z[0m [32m INFO[0m [2mspark_model::weight_map::model_a[0m[2m:[0m dense_keep_f32: promoting model.language_model.layers.57.linear_attn.A_log from BF16 to FP32 ([48])
[2m2026-09-06T00:34:15.472287Z[0m [32m INFO[0m [2mspark_model::weight_map::model_a[0m[2m:[0m dense_keep_f32: promoting model.language_model.layers.57.linear_attn.dt_bias from BF16 to FP32 ([48])
[2m2026-09-06T00:34:15.474004Z[0m [32m INFO[0m [2mspark_model::layers::qwen3_ssm::init[0m[2m:[0m GDN state spine: gated_delta_rule_chunk_delta_h_vfused
[2m2026-09-06T00:34:15.474077Z[0m [32m INFO[0m [2mspark_model::weight_loader::qwen35_dense[0m[2m:[0m SSM[model.language_model.layers.57] native FP8 GDN: qkvz+out_proj block-scaled FP8 (no NVFP4 requant; prefill+decode via w8a16)
[2m2026-09-06T00:34:15.481599Z[0m [32m INFO[0m [2mspark_model::weight_map::model_a[0m[2m:[0m dense_keep_f32: promoting model.language_model.layers.58.linear_attn.A_log from BF16 to FP32 ([48])
[2m2026-09-06T00:34:15.481660Z[0m [32m INFO[0m [2mspark_model::weight_map::model_a[0m[2m:[0m dense_keep_f32: promoting model.language_model.layers.58.linear_attn.dt_bias from BF16 to FP32 ([48])
[2m2026-09-06T00:34:15.483220Z[0m [32m INFO[0m [2mspark_model::layers::qwen3_ssm::init[0m[2m:[0m GDN state spine: gated_delta_rule_chunk_delta_h_vfused
[2m2026-09-06T00:34:15.483292Z[0m [32m INFO[0m [2mspark_model::weight_loader::qwen35_dense[0m[2m:[0m SSM[model.language_model.layers.58] native FP8 GDN: qkvz+out_proj block-scaled FP8 (no NVFP4 requant; prefill+decode via w8a16)
[2m2026-09-06T00:34:15.498408Z[0m [32m INFO[0m [2mspark_model::weight_loader::qwen35_dense[0m[2m:[0m Loaded layers 0..60
[2m2026-09-06T00:34:15.505909Z[0m [32m INFO[0m [2mspark_model::weight_map::model_a[0m[2m:[0m dense_keep_f32: promoting model.language_model.layers.60.linear_attn.A_log from BF16 to FP32 ([48])
[2m2026-09-06T00:34:15.505991Z[0m [32m INFO[0m [2mspark_model::weight_map::model_a[0m[2m:[0m dense_keep_f32: promoting model.language_model.layers.60.linear_attn.dt_bias from BF16 to FP32 ([48])
[2m2026-09-06T00:34:15.507703Z[0m [32m INFO[0m [2mspark_model::layers::qwen3_ssm::init[0m[2m:[0m GDN state spine: gated_delta_rule_chunk_delta_h_vfused
[2m2026-09-06T00:34:15.507775Z[0m [32m INFO[0m [2mspark_model::weight_loader::qwen35_dense[0m[2m:[0m SSM[model.language_model.layers.60] native FP8 GDN: qkvz+out_proj block-scaled FP8 (no NVFP4 requant; prefill+decode via w8a16)
[2m2026-09-06T00:34:15.515309Z[0m [32m INFO[0m [2mspark_model::weight_map::model_a[0m[2m:[0m dense_keep_f32: promoting model.language_model.layers.61.linear_attn.A_log from BF16 to FP32 ([48])
[2m2026-09-06T00:34:15.515375Z[0m [32m INFO[0m [2mspark_model::weight_map::model_a[0m[2m:[0m dense_keep_f32: promoting model.language_model.layers.61.linear_attn.dt_bias from BF16 to FP32 ([48])
[2m2026-09-06T00:34:15.516905Z[0m [32m INFO[0m [2mspark_model::layers::qwen3_ssm::init[0m[2m:[0m GDN state spine: gated_delta_rule_chunk_delta_h_vfused
[2m2026-09-06T00:34:15.516975Z[0m [32m INFO[0m [2mspark_model::weight_loader::qwen35_dense[0m[2m:[0m SSM[model.language_model.layers.61] native FP8 GDN: qkvz+out_proj block-scaled FP8 (no NVFP4 requant; prefill+decode via w8a16)
[2m2026-09-06T00:34:15.524516Z[0m [32m INFO[0m [2mspark_model::weight_map::model_a[0m[2m:[0m dense_keep_f32: promoting model.language_model.layers.62.linear_attn.A_log from BF16 to FP32 ([48])
[2m2026-09-06T00:34:15.524575Z[0m [32m INFO[0m [2mspark_model::weight_map::model_a[0m[2m:[0m dense_keep_f32: promoting model.language_model.layers.62.linear_attn.dt_bias from BF16 to FP32 ([48])
[2m2026-09-06T00:34:15.526288Z[0m [32m INFO[0m [2mspark_model::layers::qwen3_ssm::init[0m[2m:[0m GDN state spine: gated_delta_rule_chunk_delta_h_vfused
[2m2026-09-06T00:34:15.526362Z[0m [32m INFO[0m [2mspark_model::weight_loader::qwen35_dense[0m[2m:[0m SSM[model.language_model.layers.62] native FP8 GDN: qkvz+out_proj block-scaled FP8 (no NVFP4 requant; prefill+decode via w8a16)
[2m2026-09-06T00:34:15.541387Z[0m [32m INFO[0m [2mspark_model::weight_loader::qwen35_dense[0m[2m:[0m Qwen3.5 dense weight loader: 64 layers (16 attention, 48 SSM, dense FFN)
[2m2026-09-06T00:34:15.541497Z[0m [32m INFO[0m [2mspark_model::factory::build[0m[2m:[0m Layer construction: 27.97 GB consumed (53.09 GB free -> 25.13 GB free) across 64 layers, 437.0 MB/layer average
[2m2026-09-06T00:34:15.541511Z[0m [32m INFO[0m [2mspark_model::weight_loader::qwen35_dense[0m[2m:[0m Loading dense MTP weights (variant=Fp8Dequanted, hidden=5120, inter=17408)
[2m2026-09-06T00:34:15.542819Z[0m [32m INFO[0m [2mspark_model::weight_loader::qwen35_dense[0m[2m:[0m Dense MTP head ready (FP8 e4m3 projections + dense gate/up/down MLP)
[2m2026-09-06T00:34:15.543016Z[0m [33m WARN[0m [2mspark_model::layers::vision_encoder::enc_impl::init[0m[2m:[0m Vision encoder capacity 16384 patches (2048x2048 px) — the resolved area bound wanted 65536 patches, clamped: the ViT score matrix is O(patches^2) and 65536 would need ~24.0 GB of scratch. Lower --vision-max-pixels to reclaim memory, or raise CEILING_MAX_PATCHES only alongside tiled ViT attention.
[2m2026-09-06T00:34:15.548232Z[0m [32m INFO[0m [2mspark_model::weight_loader::qwen35[0m[2m:[0m Qwen3.6 vision encoder loaded: depth=27, hidden=1152, heads=16, FP8-blocks>=4
[2m2026-09-06T00:34:15.548252Z[0m [32m INFO[0m [2mspark_model::quant_format[0m[2m:[0m QuantFormat: fp8 (block-scaled), 0 ignored module(s)
[2m2026-09-06T00:34:15.548264Z[0m [32m INFO[0m [2mspark_model::factory::lm_head_setup[0m[2m:[0m LM head kept as BF16 (skip NVFP4 quantization per model config)
[2m2026-09-06T00:34:15.552492Z[0m [32m INFO[0m [2mspark_runtime::buffers[0m[2m:[0m Buffer arena: 8196 tokens × 3663.7 MB total (attn_out=96.0MB, ssm_deint=256.1MB, kv_lora_rank=0)
[2m2026-09-06T00:34:15.552623Z[0m [32m INFO[0m [2mspark_model::factory::build[0m[2m:[0m KV budget self-relative (ledger): Atlas-own 58.1 GB live in the alloc ledger; 2.0 GB of co-tenant/page-cache use excluded (set ATLAS_KV_EXTERNAL_RESERVE_GB to override)
[2m2026-09-06T00:34:15.552635Z[0m [32m INFO[0m [2mspark_model::factory::build[0m[2m:[0m KV cache: 79.2 GB total × 90% util = 71.3 GB budget; 58.1 GB pre-KV + 8.5 GB reserve → 4.6 GB for KV → 7612 blocks × 16 tok/block = 121792 max KV tokens
[2m2026-09-06T00:34:15.557831Z[0m [32m INFO[0m [2mspark_runtime::kv_cache::paged_impl[0m[2m:[0m KV cache: 7612 blocks × 16 layers (4 high-precision) = 4.6 GB total (mixed dtype)
[2m2026-09-06T00:34:15.558110Z[0m [32m INFO[0m [2mspark_model::model::drafter_context[0m[2m:[0m MTP drafter context: prefill=ON carry=ON (default). Disable both with ATLAS_NO_MTP_DRAFTER_CONTEXT=1.
[2m2026-09-06T00:34:15.558122Z[0m [32m INFO[0m [2mspark_model::model::impl_a1[0m[2m:[0m TransformerModel: 64 layers, vocab=248077, hidden=5120
[2m2026-09-06T00:34:15.559090Z[0m [32m INFO[0m [2mspark_model::model::ssm_pool[0m[2m:[0m SSM state pool: 4 slots × 48 layers = 606 MB
[2m2026-09-06T00:34:15.588517Z[0m [32m INFO[0m [2mspark_model::model::ssm_snapshot[0m[2m:[0m SSM snapshot pool: Marconi 16 slots (2424 MB), decode-rollback 8 slots × 4 seqs (4848 MB), 48 layers
[2m2026-09-06T00:34:15.588546Z[0m [32m INFO[0m [2mspark_model::model::impl_a1[0m[2m:[0m Marconi intermediate checkpoints: every 256 blocks (4096 tokens at block_size=16)
[2m2026-09-06T00:34:15.588722Z[0m [32m INFO[0m [2mspark_model::model::impl_a1_init[0m[2m:[0m MTP weights available (1 module(s)) but --speculative not set, skipping MTP head construction
[2m2026-09-06T00:34:15.590662Z[0m [32m INFO[0m [2mspark_model::model::impl_a1[0m[2m:[0m Pinned metadata staging: 996 KB
[2m2026-09-06T00:34:15.591586Z[0m [32m INFO[0m [2mspark_model::model::impl_a1_init[0m[2m:[0m GDN prefill buffers: 355 MB for 8196 tokens (chunked SSM prefill)
[2m2026-09-06T00:34:15.592597Z[0m [32m INFO[0m [2mspark_model::factory::build[0m[2m:[0m GPU allocation ledger: 76.13 GB live across 65 sites
[2m2026-09-06T00:34:15.592605Z[0m [32m INFO[0m [2mspark_model::factory::build[0m[2m:[0m     29436.7 MB  x1606  crates/spark-runtime/src/fast_weights/mod.rs:413
[2m2026-09-06T00:34:15.592608Z[0m [32m INFO[0m [2mspark_model::factory::build[0m[2m:[0m      8960.0 MB  x256   crates/spark-model/src/weight_map/quantized.rs:261
[2m2026-09-06T00:34:15.592611Z[0m [32m INFO[0m [2mspark_model::factory::build[0m[2m:[0m      8960.0 MB  x256   crates/spark-model/src/weight_map/loaders_fp8.rs:229
[2m2026-09-06T00:34:15.592613Z[0m [32m INFO[0m [2mspark_model::factory::build[0m[2m:[0m      4608.0 MB  x48    crates/spark-model/src/model/ssm_snapshot.rs:180
[2m2026-09-06T00:34:15.592615Z[0m [32m INFO[0m [2mspark_model::factory::build[0m[2m:[0m      3840.0 MB  x48    crates/spark-model/src/weight_loader/qwen35_dense.rs:135
[2m2026-09-06T00:34:15.592618Z[0m [32m INFO[0m [2mspark_model::factory::build[0m[2m:[0m      2378.8 MB  x16    crates/spark-runtime/src/kv_cache/paged_impl.rs:27
[2m2026-09-06T00:34:15.592620Z[0m [32m INFO[0m [2mspark_model::factory::build[0m[2m:[0m      2378.8 MB  x16    crates/spark-runtime/src/kv_cache/paged_impl.rs:28
[2m2026-09-06T00:34:15.592623Z[0m [32m INFO[0m [2mspark_model::factory::build[0m[2m:[0m      2304.0 MB  x48    crates/spark-model/src/model/ssm_snapshot.rs:165
[2m2026-09-06T00:34:15.592625Z[0m [32m INFO[0m [2mspark_model::factory::build[0m[2m:[0m      1600.0 MB  x64    crates/spark-model/src/weight_map/quantized.rs:643
[2m2026-09-06T00:34:15.592627Z[0m [32m INFO[0m [2mspark_model::factory::build[0m[2m:[0m      1120.0 MB  x256   crates/spark-model/src/weight_map/quantized.rs:262
[2m2026-09-06T00:34:15.592630Z[0m [32m INFO[0m [2mspark_model::factory::build[0m[2m:[0m      1120.0 MB  x256   crates/spark-model/src/weight_map/loaders_fp8.rs:230
[2m2026-09-06T00:34:15.592639Z[0m [32m INFO[0m [2mspark_model::factory::build[0m[2m:[0m       757.5 MB  x2     crates/spark-model/src/model/ssm_pool.rs:149
[2m2026-09-06T00:34:15.592641Z[0m [32m INFO[0m [2mspark_model::factory::build[0m[2m:[0m      5140.1 MB  across 53 smaller sites
[2m2026-09-06T00:34:15.592643Z[0m [32m INFO[0m [2mspark_model::factory::build[0m[2m:[0m   ── by file ──
[2m2026-09-06T00:34:15.592646Z[0m [32m INFO[0m [2mspark_model::factory::build[0m[2m:[0m     29436.7 MB  x1606  crates/spark-runtime/src/fast_weights/mod.rs
[2m2026-09-06T00:34:15.592648Z[0m [32m INFO[0m [2mspark_model::factory::build[0m[2m:[0m     11680.4 MB  x640   crates/spark-model/src/weight_map/quantized.rs
[2m2026-09-06T00:34:15.592651Z[0m [32m INFO[0m [2mspark_model::factory::build[0m[2m:[0m     10084.7 MB  x1072  crates/spark-model/src/weight_map/loaders_fp8.rs
[2m2026-09-06T00:34:15.592653Z[0m [32m INFO[0m [2mspark_model::factory::build[0m[2m:[0m      7272.2 MB  x193   crates/spark-model/src/model/ssm_snapshot.rs
[2m2026-09-06T00:34:15.592656Z[0m [32m INFO[0m [2mspark_model::factory::build[0m[2m:[0m      4757.5 MB  x32    crates/spark-runtime/src/kv_cache/paged_impl.rs
[2m2026-09-06T00:34:15.592658Z[0m [32m INFO[0m [2mspark_model::factory::build[0m[2m:[0m      3840.9 MB  x96    crates/spark-model/src/weight_loader/qwen35_dense.rs
[2m2026-09-06T00:34:15.592660Z[0m [32m INFO[0m [2mspark_model::factory::build[0m[2m:[0m      3663.7 MB  x34    crates/spark-runtime/src/buffers.rs
[2m2026-09-06T00:34:15.592663Z[0m [32m INFO[0m [2mspark_model::factory::build[0m[2m:[0m       757.5 MB  x2     crates/spark-model/src/model/ssm_pool.rs
[2m2026-09-06T00:34:15.592665Z[0m [32m INFO[0m [2mspark_model::factory::build[0m[2m:[0m       710.0 MB  x7     crates/spark-model/src/weight_map/quant_helpers.rs
[2m2026-09-06T00:34:15.592667Z[0m [32m INFO[0m [2mspark_model::factory::build[0m[2m:[0m       355.2 MB  x4     crates/spark-model/src/model/impl_a1_init.rs
[2m2026-09-06T00:34:15.592670Z[0m [32m INFO[0m [2mspark_model::factory::build[0m[2m:[0m        45.0 MB  x48    crates/spark-model/src/weight_map/fp8_lut.rs
[2m2026-09-06T00:34:15.592672Z[0m [32m INFO[0m [2mspark_model::factory::build[0m[2m:[0m         0.0 MB  x4     crates/spark-model/src/model/impl_a1.rs
[2m2026-09-06T00:34:15.592686Z[0m [32m INFO[0m [2mspark_model::factory::build[0m[2m:[0m util pledge honored: 70.9 GB tracked live within the 71.3 GB budget (0.4 GB pledge headroom)
[2m2026-09-06T00:34:15.668543Z[0m [32m INFO[0m [2mspark::main_modules::serve_phases::kernel_gate[0m[2m:[0m 
┌─ Kernel load audit ─ 181 kernels embedded · set-hash f46919654977 ─
│ MODULE (operation)                 PTX-HASH       RESOLUTION           SHADOWED
│ ────────────────────────────────────────────────────────────────────────────────────
│ argmax                             a3d8f119da7a   used                 N
│ bf16_add                           c545be6b71cf   -                    N
│ causal_conv1d                      7ab0b25e6e35   used                 N
│ dense_gemv_bf16_batch2             e1f4168736fb   used                 N
│ dense_gemv_bf16_batchm             81909bd83184   used                 N
│ dense_gemv_fp8w_batch2             a567517f18dc   used                 N
│ dequant_fp8_blockscaled_bf16       7ca785f6615b   used                 N
│ dequant_gguf_bf16                  3ea7d0fc8c6f   used                 N
│ dequant_nvfp4_bf16                 f19c898469a3   used                 N
│ dflash2                            505e703883e7   -                    N
│ e2m1                               ee092f6a0007   -                    N
│ embed_from_argmax                  33d7f5f7f9ec   used                 N
│ fp8_gemm_t_blockscaled             e38442d64e75   used                 N
│ fp8_gemv_rt                        3eaa87894534   -                    N
│ fused_k_norm_rope_cache            274a231d8067   used                 N
│ gated_delta_rule                   e468368f89d0   used                 N
│ gated_delta_rule_fla               b314a4eac529   used                 N
│ gated_delta_rule_persistent        15477a7a1949   used                 N
│ gated_delta_rule_regresident       fc021d4f0478   used                 N
│ gated_delta_rule_snap              4986925d1f05   used                 N
│ gated_delta_rule_wy                1f709adb59e1   used                 N
│ gated_delta_rule_wy17              5710cd8277c5   used                 N
│ gated_delta_rule_wy2_resident      5ef790286dd4   used                 N
│ gated_delta_rule_wy2_resident_f16  6241545d5063   used                 N
│ gated_delta_rule_wy3               f9c827f61f90   used                 N
│ gated_delta_rule_wy3_f16           89fc19007532   used                 N
│ gated_delta_rule_wy3_resident      fca8d31d0845   used                 N
│ gated_delta_rule_wy3_resident_f16  b5e49523c387   used                 N
│ gated_delta_rule_wy4               564b543b338f   used                 N
│ gated_delta_rule_wy4_f16           89c1fed78a9f   used                 N
│ gated_delta_rule_wy64_prefill      d3decc3327aa   used                 N
│ gated_delta_rule_wy_f16            51c86719c030   used                 N
│ gated_delta_rule_wyn               cdc277e13c48   used                 N
│ gdn_verify_fused_conv_kn           66bd2cc1acf2   used                 N
│ gdn_verify_fused_conv_kn_f32       73446979a530   used                 N
│ gdn_verify_fused_k2                32f1b2749c62   used                 N
│ gemm                               0efe3af7944d   used                 N
│ gemm_splitk                        0c472718bd89   used                 N
│ gemm_tc                            c9cd4a74aa86   used                 N
│ gemv                               98694eec2dfa   used                 N
│ gemv_fp8w                          64caf0b46229   used                 N
│ inferspark_decode                  5135eced3f7f   -                    N
│ inferspark_prefill                 cf58fea48707   used                 N
│ inferspark_prefill_h128            b8e20d30cc9b   -                    N
│ inferspark_prefill_paged_512       f9c2777dc77d   -                    N
│ inferspark_prefill_paged_batched   e3e19bfa20a2   used                 N
│ inferspark_prefill_paged_fp8_batched dabea5428b89   used                 N
│ inferspark_prefill_paged_nvfp4_batched 9728f96cbb4d   used                 N
│ inferspark_prefill_v47             a75c748d0c9f   -                    N
│ kv_cache                           2b4e52b6d337   -                    N
│ lora_bgmv                          c92ad2a0e2bc   -                    N
│ mamba2_ssd_chunk                   39635a3f8333   -                    N
│ mamba2_ssm                         ab9f97ce499b   -                    N
│ metadata_fill                      1d5bf751196c   used                 N
│ moe                                c0c4cff565f5   -                    N
│ moe_bf16_grouped_gemm              07cb1657897f   -                    N
│ moe_decode_atomic_c4               0b21e7b32872   -                    N
│ moe_expert_gemv                    bc99a28c1fbe   -                    N
│ moe_expert_gemv_fused              fcb5c21d01e5   -                    N
│ moe_fp8_grouped_gemm               b7cc6e252b3e   -                    N
│ moe_fused_batch2                   5c35a6941de7   -                    N
│ moe_fused_batch3                   f63c53f276e3   -                    N
│ moe_gate_topk                      a8fd3c3b3db9   -                    N
│ moe_hash_route                     4c9092b0b5bd   -                    N
│ moe_lora_gather_bgmv               fe7e1af640f6   -                    N
│ moe_lora_grouped_down              197182c49d84   -                    N
│ moe_prefill                        97146a516b9b   -                    N
│ moe_relu2_fused                    a72403bf6dd7   -                    N
│ moe_shared_expert_fused            b68db854cf10   -                    N
│ moe_shared_expert_fused_batch2_t   b83c587dd066   -                    N
│ moe_shared_expert_fused_batch3_t   141b291be42d   -                    N
│ moe_shared_expert_fused_bf16       110548889e0f   -                    N
│ moe_shared_expert_fused_bf16_batch2 e562ae77741f   -                    N
│ moe_shared_expert_fused_fp8        9ee897f90bf4   -                    N
│ moe_shared_expert_fused_fp8_batch2 b4c0ae76cd35   -                    N
│ moe_shared_expert_fused_fp8_batch2_t 152d4f318a09   -                    N
│ moe_shared_expert_fused_fp8_batch3 fbba7016b029   -                    N
│ moe_shared_expert_fused_fp8_batch3_t 0387c0d01bd7   -                    N
│ moe_shared_expert_fused_fp8_t      8542d58d5a49   -                    N
│ moe_shared_expert_fused_t          90de732f2498   -                    N
│ moe_silu_mul                       944a461c9c33   used                 N
│ moe_sorted                         4e3692d4b59c   -                    N
│ moe_topk                           ceaf62b9ee78   -                    N
│ moe_topk_sig                       c9078eb548f0   -                    N
│ moe_topk_softmax_bias              9e33f60b21f0   -                    N
│ moe_topk_sqrt                      55316962d0f0   -                    N
│ moe_transpose_batched              548c1c368da1   -                    N
│ moe_w4a16                          cb75cb278ecc   -                    Y (1 dropped)
│ moe_w8a8_grouped_gemm              2ab8b585f13a   -                    N
│ nemotron_moe_prefill               7d611384a880   -                    N
│ nllb_encoder                       9c06ebec859c   -                    N
│ norm                               39583f167b56   used                 N
│ nvfp4_mmq                          1b9de36da8d7   ** lookup FAILED **  N
│ paged_decode                       f9cf37f937a3   used                 N
│ paged_decode_bf16k_turbo2v         ae57e28ccf0a   -                    N
│ paged_decode_bf16k_turbo2v_128     c72279607077   -                    N
│ paged_decode_bf16k_turbo3v         0a00279aedf6   -                    N
│ paged_decode_bf16k_turbo3v_128     cf4f70644d26   -                    N
│ paged_decode_bf16k_turbo4v         f10fe0d153c6   -                    N
│ paged_decode_bf16k_turbo4v_128     084f13d8a3bc   -                    N
│ paged_decode_fp8                   e5acd87bc335   used                 N
│ paged_decode_fp8k_turbo2v          73568425d01b   -                    N
│ paged_decode_fp8k_turbo2v_128      f95969bfa730   -                    N
│ paged_decode_fp8k_turbo3v          7875a2251caf   -                    N
│ paged_decode_fp8k_turbo3v_128      c27da47baf4a   -                    N
│ paged_decode_fp8k_turbo4v          be5202228465   -                    N
│ paged_decode_fp8k_turbo4v_128      16c05e5cad14   -                    N
│ paged_decode_nvfp4                 2075fb3fac85   -                    N
│ paged_decode_turbo2                f4e19492e218   -                    N
│ paged_decode_turbo2_128            81cdb2be29f6   -                    N
│ paged_decode_turbo3                31ad1778a26f   -                    N
│ paged_decode_turbo3_128            dc2ff01c04f1   -                    N
│ paged_decode_turbo3k_turbo8v       3e8243b1561a   -                    N
│ paged_decode_turbo3k_turbo8v_128   80b7daca9986   -                    N
│ paged_decode_turbo4                195bbebc87b0   -                    N
│ paged_decode_turbo4_128            121f53435ee4   -                    N
│ paged_decode_turbo4_512            e53a1bd3d8a8   -                    N
│ paged_decode_turbo4k_turbo3v       ddd70af4c1be   -                    N
│ paged_decode_turbo4k_turbo3v_128   4eac023391a7   -                    N
│ paged_decode_turbo4k_turbo8v       7e4af1d8d58f   -                    N
│ paged_decode_turbo4k_turbo8v_128   d6129769be1d   -                    N
│ paged_decode_turbo8                a3cebd74bed2   -                    N
│ paged_decode_turbo8_128            a7811959aad6   -                    N
│ paged_decode_turbo8_512            d85b7e70ef63   -                    N
│ per_token_group_quant_fp8          60432b374f77   used                 N
│ prefill_fp8kv                      1723bd8cece8   -                    N
│ prefill_paged                      16ac23f76bca   used                 N
│ prefill_paged_bf16k_turbo2v        5632304dc8ff   used                 N
│ prefill_paged_bf16k_turbo3v        10bba38b0548   used                 N
│ prefill_paged_bf16k_turbo4v        1677758ae47a   used                 N
│ prefill_paged_fp8                  c28e747ccf9f   used                 N
│ prefill_paged_fp8k_turbo2v         2df8caa3927b   used                 N
│ prefill_paged_fp8k_turbo3v         2d57552506fb   used                 N
│ prefill_paged_fp8k_turbo4v         c2166490c6d3   used                 N
│ prefill_paged_indirect             33ce2f69ec12   -                    N
│ prefill_paged_nvfp4                ce0d8d9a60d3   used                 N
│ prefill_paged_turbo2               a9a23e2b3d03   used                 N
│ prefill_paged_turbo3               ce0017962e68   used                 N
│ prefill_paged_turbo3k_turbo8v      1f1892971511   used                 N
│ prefill_paged_turbo4               7c58b7ce9229   used                 N
│ prefill_paged_turbo4k_turbo3v      12db335dcfdd   used                 N
│ prefill_paged_turbo4k_turbo8v      081397cc5fb8   used                 N
│ prefill_paged_turbo8               e45bf3407a1b   used                 N
│ q2_0_gemv                          d94e369bebea   -                    N
│ q2_0_gemv_vec                      461e4edb18bb   used                 N
│ q2_0_mmq                           ef4567863bc7   -                    N
│ q4k_mmq                            25c10c146dcb   used                 N
│ q4k_quantize                       6867acf16579   used                 N
│ quant_rowwise_fp8                  1e626b8a3a25   -                    N
│ quantize_bf16_to_fp8_blockscaled   68ebed9e2706   -                    N
│ quantize_nvfp4                     225759ad81f9   used                 N
│ relu2                              9ca7d0d89bcb   -                    N
│ reshape_and_cache                  1ff39b18cce3   used                 N
│ reshape_and_cache_turbo            5bd3666c2efb   -                    N
│ residual_add                       6f5cda944230   used                 N
│ rms_norm_vanilla                   afca074afa31   -                    N
│ rope                               0c9e11777609   used                 N
│ rope_mrope_interleaved             3ad05b8ad684   used                 N
│ ssm_h_dtype                        71fc4ec62b4a   used                 N
│ ssm_preprocess                     be3ce7f5576c   used                 N
│ ssm_state_norm                     d360f511d031   used                 N
│ token_overlay                      36b987f13fe3   used                 N
│ tq_plus_innerq_apply               f386b419370d   used                 N
│ transpose_u8                       231b85b903d6   used                 N
│ vector_add                         c5307a23277d   -                    N
│ vision_encoder                     5d5643ec9948   used                 N
│ w4a16                              dc01c5df5ddf   used                 Y (1 dropped)
│ w4a16_fp8_ldmab                    26f1c1f2dd4e   -                    N
│ w4a16_gemv                         2f285c75f86d   used                 N
│ w4a16_gemv_fused                   9e9778cd14d2   used                 N
│ w4a16_v2                           46f16f6526e7   -                    N
│ w4a4                               2134e3b65912   ** lookup FAILED **  N
│ w8a16_gemm                         e974f7e0d13f   used                 N
│ w8a16_gemm_pipelined               15f207518fa6   used                 N
│ w8a16_gemm_t                       60091e2746f7   used                 N
│ w8a16_gemm_t_m128                  7ff753cd8aa3   used                 N
│ w8a16_gemv                         55805d4299d9   used                 N
│ w8a16_gemv_batch4                  a5a48306d4d1   used                 N
│ w8a16_gemv_fused                   646930a34817   used                 N
│ wht_bf16                           4a07ee00eb6c   used                 N
│ widen_block_scale_f32              6db3bf165dfa   used                 N
└─

15 kernel(s) declared expected-absent in this target's MODEL.toml [expected_absent] (no action):
    nvfp4_mmq::atlas_nvfp4_mmq128_nc, nvfp4_mmq::atlas_nvfp4_mmq128_wc, nvfp4_mmq::atlas_nvfp4_mmq16_nc, nvfp4_mmq::atlas_nvfp4_mmq16_wc, nvfp4_mmq::atlas_nvfp4_mmq32_nc, nvfp4_mmq::atlas_nvfp4_mmq32_wc, nvfp4_mmq::atlas_nvfp4_mmq64_nc, nvfp4_mmq::atlas_nvfp4_mmq64_wc, nvfp4_mmq::atlas_nvfp4_quantize_bf16, nvfp4_mmq::atlas_nvfp4_repack, nvfp4_mmq::atlas_nvfp4_scale_bf16, nvfp4_mmq::atlas_nvfp4_silu_mul_quant, nvfp4_mmq::atlas_nvfp4_silu_mul_scaled, w4a4::w4a4_gemm, w4a4::w4a4_gemm_mfast

[2m2026-09-06T00:34:15.670406Z[0m [32m INFO[0m [2mspark::main_modules::serve_phases::runtime[0m[2m:[0m EOS tokens (from generation_config.json): [248046, 248044]
[2m2026-09-06T00:34:15.670436Z[0m [32m INFO[0m [2mspark::main_modules::serve_phases::runtime[0m[2m:[0m Default sampling: temperature=1, top_k=20, top_p=0.95, top_n_sigma=1, min_p=0
[2m2026-09-06T00:34:16.119718Z[0m [32m INFO[0m [2mspark::tokenizer::jinja_helpers[0m[2m:[0m Loaded Jinja chat template from tokenizer_config.json (8964 chars)
[2m2026-09-06T00:34:16.120457Z[0m [32m INFO[0m [2mspark::tokenizer::chat_impl[0m[2m:[0m Loaded tokenizer from /workspace/atlas-rental/hf38/hub/models--Qwen--Qwen3.8-27B-FP8/snapshots/017b9c7af6b5689d5dd426a76e0bc077eb5ca20a/tokenizer.json
[2m2026-09-06T00:34:16.222192Z[0m [32m INFO[0m [2mspark::main_modules::serve_phases::tokenizer_runtime[0m[2m:[0m Reasoning parser: qwen (auto-detected from model_type 'qwen3_5')
[2m2026-09-06T00:34:16.222427Z[0m [32m INFO[0m [2mspark::main_modules::serve_phases::tokenizer_runtime[0m[2m:[0m Code-fence token: 71093 (``` — F2 fence guard active)
[2m2026-09-06T00:34:16.429636Z[0m [32m INFO[0m [2mspark::main_modules::serve_phases::tokenizer_runtime[0m[2m:[0m Numeric-token mask: 10/248077 ids classified as digit-runs (digit-normalized content-loop path active)
[2m2026-09-06T00:34:16.635185Z[0m [32m INFO[0m [2mspark::main_modules::serve_phases::tokenizer_runtime[0m[2m:[0m Boundary-token mask: 620/248077 ids end in a newline / sentence boundary (Phase-C rollback-to-boundary active)
[2m2026-09-06T00:34:16.784149Z[0m [32m INFO[0m [2mspark::main_modules::serve_phases::tokenizer_runtime[0m[2m:[0m Mid-word token mask: 241519/248077 ids end in alphanumeric (mid-word </think> defer active during thinking)
[2m2026-09-06T00:34:16.784159Z[0m [32m INFO[0m [2mspark::main_modules::serve_phases::tokenizer_runtime[0m[2m:[0m Thinking end token: 248069 (</think>)
[2m2026-09-06T00:34:16.784161Z[0m [32m INFO[0m [2mspark::main_modules::serve_phases::tokenizer_runtime[0m[2m:[0m Thinking start token: 248068 (<think>)
[2m2026-09-06T00:34:16.784171Z[0m [32m INFO[0m [2mspark::main_modules::serve_phases::tokenizer_runtime[0m[2m:[0m ChatML role-boundary hard stop: <|im_start|> (id 248045) registered
[2m2026-09-06T00:34:16.784177Z[0m [32m INFO[0m [2mspark::main_modules::serve_phases::tokenizer_runtime[0m[2m:[0m Tool-response hard stop: <tool_response> (id 248066) registered
[2m2026-09-06T00:34:16.784216Z[0m [32m INFO[0m [2mspark::main_modules::serve_phases::tokenizer_runtime[0m[2m:[0m Tool call start token: 248058 (<tool_call>)
[2m2026-09-06T00:34:16.784221Z[0m [32m INFO[0m [2mspark::main_modules::serve_phases::tokenizer_runtime[0m[2m:[0m Tool call end token: 248059 (</tool_call>)
[2m2026-09-06T00:34:16.980394Z[0m [32m INFO[0m [2mspark::grammar::engine[0m[2m:[0m Grammar: detected tokenizer vocab_type=byte_level, add_prefix_space=false
[2m2026-09-06T00:34:17.133626Z[0m [32m INFO[0m [2mspark::main_modules::serve_phases::tokenizer_runtime[0m[2m:[0m Grammar engine initialized (vocab_size=248077, vocab_type=auto-detected from tokenizer)
[2m2026-09-06T00:34:17.133792Z[0m [32m INFO[0m [2mspark::main_modules::serve_load[0m[2m:[0m Scheduling policy: SLAI (TBT deadline=100ms)
[2m2026-09-06T00:34:17.133919Z[0m [32m INFO[0m [2mspark::main_modules::serve_phases::runtime[0m[2m:[0m Tool call parser: qwen3_coder (auto-detected from model_type 'qwen3_5')
[2m2026-09-06T00:34:17.133924Z[0m [32m INFO[0m [2mspark::main_modules::serve_phases::runtime[0m[2m:[0m Tool call parser: 'qwen3_coder' has registered XGrammar grammar — constrained decoding ENABLED for tool requests
[2m2026-09-06T00:34:17.133927Z[0m [32m INFO[0m [2mspark::main_modules::serve_phases::runtime[0m[2m:[0m Response store: max_entries=10000, ttl=86400s, persist=memory-only
[2m2026-09-06T00:34:17.133936Z[0m [32m INFO[0m [2mspark::main_modules::serve_phases::runtime[0m[2m:[0m Model behavior: max_thinking_budget=2048, thinking_default=true
[2m2026-09-06T00:34:17.133939Z[0m [32m INFO[0m [2mspark::main_modules::serve_phases::runtime[0m[2m:[0m Model behavior: content-loop watchdog ENABLED (period-2…64 repetition detector)
[2m2026-09-06T00:34:17.133941Z[0m [32m INFO[0m [2mspark::main_modules::serve_phases::runtime[0m[2m:[0m Model behavior: watchdog rollback+re-steer ENABLED (cap 2 per sequence)
[2m2026-09-06T00:34:17.133943Z[0m [32m INFO[0m [2mspark::main_modules::serve_phases::runtime[0m[2m:[0m --disable-thinking set: thinking is forced OFF for every request
[2m2026-09-06T00:34:17.134183Z[0m [32m INFO[0m [2mspark::scheduler[0m[2m:[0m Scheduler started (batched mode, max_batch=4, mtp=false, ngram=false, num_drafts=0, policy=slai, chunked_prefill=true, max_prefill_tokens=8192)
[2m2026-09-06T00:34:17.135061Z[0m [32m INFO[0m [2mspark::scheduler[0m[2m:[0m Swap space: 3 GB at /tmp/atlas-swap-133602
[2m2026-09-06T00:34:17.135373Z[0m [33m WARN[0m [2mspark::main_modules::serve_router[0m[2m:[0m Atlas is listening on 0.0.0.0:8888 — reachable from any host on the network. If this machine is on a shared LAN or has a public IP, pass --bind 127.0.0.1 (or set --require-auth and a real firewall) before accepting traffic.
[2m2026-09-06T00:34:17.135502Z[0m [32m INFO[0m [2mspark::main_modules::serve_router[0m[2m:[0m Server live and ready at 127.0.0.1:8888 running Qwen/Qwen3.8-27B-FP8
[2m2026-09-06T00:34:17.470015Z[0m [32m INFO[0m [2mspark::api::chat::prepare[0m[2m:[0m Request: model=Qwen/Qwen3.8-27B-FP8, messages=1, tools=0, tools_active=false, tool_choice=None, stream=false, temp=Some(0.0), max_tokens=1, freq_pen=Some(0.0), rep_pen=None
[2m2026-09-06T00:34:17.470350Z[0m [32m INFO[0m [2mspark::tokenizer::chat_impl[0m[2m:[0m Jinja rendered (71 chars): "<|im_start|>user\nhi<|im_end|>\n<|im_start|>assistant\n<think>\n\n</think>\n\n"
[2m2026-09-06T00:34:17.470803Z[0m [32m INFO[0m [2mspark::api::chat[0m[2m:[0m Session 0xad17a500a5cd2703: 13 prompt tokens, tools=false (0 defined)
[2m2026-09-06T00:34:17.470858Z[0m [32m INFO[0m [2mspark::api::chat::sampling_setup[0m[2m:[0m sampling resolved (first request): temp=0.000 top_p=0.950 top_k=20 min_p=0.0000 top_n_sigma=1.0000 rep_pen=1.000 (core_preset=false)
[2m2026-09-06T00:34:17.471310Z[0m [32m INFO[0m [2mspark::scheduler::prefill_a_step[0m[2m:[0m Chunked prefill start: 13 prompt tokens, chunk_size=13, max_tokens=1
[2m2026-09-06T00:34:17.473723Z[0m [32m INFO[0m [2mspark_model::layers::qwen3_ssm::trait_prefill_recur[0m[2m:[0m GDN prefill: FLA chunked path ACTIVE (baked default: recompute_wu → chunk_delta_h_ksplit → chunk_fwd_o)
[2m2026-09-06T00:34:17.505311Z[0m [32m INFO[0m [2mspark_model::layers::fp8_calibration[0m[2m:[0m FP8 KV scale frozen on first observe (13 tok, headroom=2.0): k_scale=0.064453 (max=14.44), v_scale=0.038225 (max=8.56) — constant for all entries
[2m2026-09-06T00:34:17.516681Z[0m [32m INFO[0m [2mspark_model::layers::fp8_calibration[0m[2m:[0m FP8 KV scale frozen on first observe (13 tok, headroom=2.0): k_scale=0.079799 (max=17.88), v_scale=0.026228 (max=5.88) — constant for all entries
[2m2026-09-06T00:34:17.528028Z[0m [32m INFO[0m [2mspark_model::layers::fp8_calibration[0m[2m:[0m FP8 KV scale frozen on first observe (13 tok, headroom=2.0): k_scale=0.080915 (max=18.12), v_scale=0.025949 (max=5.81) — constant for all entries
[2m2026-09-06T00:34:17.539361Z[0m [32m INFO[0m [2mspark_model::layers::fp8_calibration[0m[2m:[0m FP8 KV scale frozen on first observe (13 tok, headroom=2.0): k_scale=0.090402 (max=20.25), v_scale=0.061663 (max=13.81) — constant for all entries
[2m2026-09-06T00:34:17.550519Z[0m [32m INFO[0m [2mspark_model::layers::fp8_calibration[0m[2m:[0m FP8 KV scale frozen on first observe (13 tok, headroom=2.0): k_scale=0.096540 (max=21.62), v_scale=0.123326 (max=27.62) — constant for all entries
[2m2026-09-06T00:34:17.561629Z[0m [32m INFO[0m [2mspark_model::layers::fp8_calibration[0m[2m:[0m FP8 KV scale frozen on first observe (13 tok, headroom=2.0): k_scale=0.102679 (max=23.00), v_scale=0.189732 (max=42.50) — constant for all entries
[2m2026-09-06T00:34:17.572740Z[0m [32m INFO[0m [2mspark_model::layers::fp8_calibration[0m[2m:[0m FP8 KV scale frozen on first observe (13 tok, headroom=2.0): k_scale=0.088170 (max=19.75), v_scale=0.169643 (max=38.00) — constant for all entries
[2m2026-09-06T00:34:17.583865Z[0m [32m INFO[0m [2mspark_model::layers::fp8_calibration[0m[2m:[0m FP8 KV scale frozen on first observe (13 tok, headroom=2.0): k_scale=0.093192 (max=20.88), v_scale=0.142857 (max=32.00) — constant for all entries
[2m2026-09-06T00:34:17.594978Z[0m [32m INFO[0m [2mspark_model::layers::fp8_calibration[0m[2m:[0m FP8 KV scale frozen on first observe (13 tok, headroom=2.0): k_scale=0.089286 (max=20.00), v_scale=0.228795 (max=51.25) — constant for all entries
[2m2026-09-06T00:34:17.606087Z[0m [32m INFO[0m [2mspark_model::layers::fp8_calibration[0m[2m:[0m FP8 KV scale frozen on first observe (13 tok, headroom=2.0): k_scale=0.078125 (max=17.50), v_scale=0.220982 (max=49.50) — constant for all entries
[2m2026-09-06T00:34:17.617183Z[0m [32m INFO[0m [2mspark_model::layers::fp8_calibration[0m[2m:[0m FP8 KV scale frozen on first observe (13 tok, headroom=2.0): k_scale=0.074777 (max=16.75), v_scale=0.216518 (max=48.50) — constant for all entries
[2m2026-09-06T00:34:17.628284Z[0m [32m INFO[0m [2mspark_model::layers::fp8_calibration[0m[2m:[0m FP8 KV scale frozen on first observe (13 tok, headroom=2.0): k_scale=0.067522 (max=15.12), v_scale=0.128348 (max=28.75) — constant for all entries
[2m2026-09-06T00:34:17.654124Z[0m [32m INFO[0m [2mspark::scheduler::prefill_a_step[0m[2m:[0m Prefill first token: 9419
[2m2026-09-06T00:34:17.654173Z[0m [32m INFO[0m [2mspark::scheduler::mtp_accept_debug[0m[2m:[0m Done: 1 tokens (length) 38390.7 tok/s, TTFT=182.8ms, serial=0.00 mtp=0.00 p1=0.000 mean_na=0.000 tok_step=1.000 regime_reprobes=0
[2m2026-09-06T00:34:19.122199Z[0m [32m INFO[0m [2mspark::api::chat::prepare[0m[2m:[0m Request: model=Qwen/Qwen3.8-27B-FP8, messages=2, tools=0, tools_active=false, tool_choice=None, stream=false, temp=Some(0.0), max_tokens=32, freq_pen=None, rep_pen=None
[2m2026-09-06T00:34:19.122588Z[0m [32m INFO[0m [2mspark::tokenizer::chat_impl[0m[2m:[0m Jinja rendered (248 chars): " answer. No explanation, reasoning, tags or punctuation.<|im_end|>\n<|im_start|>user\nRequest nonce: 852977a026bd46649bfcbd91392df336\nWhat is 17 * 23?<|im_end|>\n<|im_start|>assistant\n<think>\n\n</think>\n\n"
[2m2026-09-06T00:34:19.123686Z[0m [32m INFO[0m [2mspark::api::chat[0m[2m:[0m Session 0xd786364b225fceda: 75 prompt tokens, tools=false (0 defined)
[2m2026-09-06T00:34:19.124176Z[0m [32m INFO[0m [2mspark::scheduler::prefill_a_step[0m[2m:[0m Chunked prefill start: 75 prompt tokens, chunk_size=75, max_tokens=32
[2m2026-09-06T00:34:19.272334Z[0m [32m INFO[0m [2mspark_model::model::trait_impl::prefill_b::save_checkpoint[0m[2m:[0m Intermediate SSM checkpoint saved at token 48 (snapshot_id 0, block 3)
[2m2026-09-06T00:34:19.325702Z[0m [32m INFO[0m [2mspark_model::model::trait_impl::prefill_b::finalize_last[0m[2m:[0m Saved SSM snapshot 1 for 75 tokens (5 blocks) [chunk]
[2m2026-09-06T00:34:19.451052Z[0m [32m INFO[0m [2mspark::scheduler::prefill_a_step[0m[2m:[0m Prefill first token: 18
[2m2026-09-06T00:34:19.451071Z[0m [32m INFO[0m [2mspark::scheduler::phase_start_prefills[0m[2m:[0m Prefilled (single chunk): seq_len=75, remaining=31
[2m2026-09-06T00:34:19.451130Z[0m [32m INFO[0m [2mspark_model::model::trait_impl::decode_a[0m[2m:[0m FP8 calibration frozen — re-enabling CUDA graphs
[2m2026-09-06T00:34:19.451140Z[0m [32m INFO[0m [2mspark_model::model::trait_impl::decode_a[0m[2m:[0m CUDA graph capture: starting for 64 layers
[2m2026-09-06T00:34:19.454602Z[0m [32m INFO[0m [2mspark_model::model::trait_impl::decode_a[0m[2m:[0m CUDA graph captured successfully for slot=0 (handle=128345100427104)
[2m2026-09-06T00:34:19.516847Z[0m [32m INFO[0m [2mspark::scheduler::mtp_accept_debug[0m[2m:[0m Done: 4 tokens (stop) 60.8 tok/s, TTFT=326.9ms, serial=1.00 mtp=0.00 p1=0.000 mean_na=0.000 tok_step=1.000 regime_reprobes=0
[2m2026-09-06T00:34:19.517430Z[0m [32m INFO[0m [2mspark_model::model::trait_impl::decode_checkpoint[0m[2m:[0m Saved finish-leaf SSM snapshot 2 for 78 tokens
[2m2026-09-06T00:34:19.769753Z[0m [32m INFO[0m [2mspark::api::chat::prepare[0m[2m:[0m Request: model=Qwen/Qwen3.8-27B-FP8, messages=2, tools=0, tools_active=false, tool_choice=None, stream=false, temp=Some(0.0), max_tokens=32, freq_pen=None, rep_pen=None
[2m2026-09-06T00:34:19.770091Z[0m [32m INFO[0m [2mspark::tokenizer::chat_impl[0m[2m:[0m Jinja rendered (248 chars): " answer. No explanation, reasoning, tags or punctuation.<|im_end|>\n<|im_start|>user\nRequest nonce: c9ec66c86f8041e3bf17c6da7077c606\nWhat is 79 * 29?<|im_end|>\n<|im_start|>assistant\n<think>\n\n</think>\n\n"
[2m2026-09-06T00:34:19.770904Z[0m [32m INFO[0m [2mspark::api::chat::prepare[0m[2m:[0m Request: model=Qwen/Qwen3.8-27B-FP8, messages=2, tools=0, tools_active=false, tool_choice=None, stream=false, temp=Some(0.0), max_tokens=32, freq_pen=None, rep_pen=None
[2m2026-09-06T00:34:19.770945Z[0m [32m INFO[0m [2mspark::api::chat[0m[2m:[0m Session 0xdcdf8a915e4d970e: 76 prompt tokens, tools=false (0 defined)
[2m2026-09-06T00:34:19.771186Z[0m [32m INFO[0m [2mspark::tokenizer::chat_impl[0m[2m:[0m Jinja rendered (248 chars): " answer. No explanation, reasoning, tags or punctuation.<|im_end|>\n<|im_start|>user\nRequest nonce: 03bf27f6393f4389b53288b9a9155ab9\nWhat is 73 * 23?<|im_end|>\n<|im_start|>assistant\n<think>\n\n</think>\n\n"
[2m2026-09-06T00:34:19.771461Z[0m [32m INFO[0m [2mspark::scheduler::prefill_a_step[0m[2m:[0m Chunked prefill start: 76 prompt tokens, chunk_size=76, max_tokens=32
[2m2026-09-06T00:34:19.771801Z[0m [32m INFO[0m [2mspark::api::chat::prepare[0m[2m:[0m Request: model=Qwen/Qwen3.8-27B-FP8, messages=2, tools=0, tools_active=false, tool_choice=None, stream=false, temp=Some(0.0), max_tokens=32, freq_pen=None, rep_pen=None
[2m2026-09-06T00:34:19.771880Z[0m [32m INFO[0m [2mspark::api::chat[0m[2m:[0m Session 0x57ca8d4688b230a8: 78 prompt tokens, tools=false (0 defined)
[2m2026-09-06T00:34:19.772034Z[0m [32m INFO[0m [2mspark::tokenizer::chat_impl[0m[2m:[0m Jinja rendered (248 chars): " answer. No explanation, reasoning, tags or punctuation.<|im_end|>\n<|im_start|>user\nRequest nonce: 8da98b890040435b9c115cbd65319a50\nWhat is 83 * 31?<|im_end|>\n<|im_start|>assistant\n<think>\n\n</think>\n\n"
[2m2026-09-06T00:34:19.772577Z[0m [32m INFO[0m [2mspark::api::chat[0m[2m:[0m Session 0xb90c5c53305bb00a: 77 prompt tokens, tools=false (0 defined)
[2m2026-09-06T00:34:19.773679Z[0m [32m INFO[0m [2mspark_model::model::trait_impl::prefill_b::prefix_lookup[0m[2m:[0m Prefix cache hit: 16 tokens (1 blocks) but no SSM snapshot — recomputing all KV
[2m2026-09-06T00:34:19.776951Z[0m [32m INFO[0m [2mspark::api::chat::prepare[0m[2m:[0m Request: model=Qwen/Qwen3.8-27B-FP8, messages=2, tools=0, tools_active=false, tool_choice=None, stream=false, temp=Some(0.0), max_tokens=32, freq_pen=None, rep_pen=None
[2m2026-09-06T00:34:19.777326Z[0m [32m INFO[0m [2mspark::tokenizer::chat_impl[0m[2m:[0m Jinja rendered (248 chars): " answer. No explanation, reasoning, tags or punctuation.<|im_end|>\n<|im_start|>user\nRequest nonce: ae96e5e445bd417ea83488dfa6b0542f\nWhat is 71 * 19?<|im_end|>\n<|im_start|>assistant\n<think>\n\n</think>\n\n"
[2m2026-09-06T00:34:19.777929Z[0m [32m INFO[0m [2mspark::api::chat[0m[2m:[0m Session 0x3c9aebe0154d3eee: 74 prompt tokens, tools=false (0 defined)
[2m2026-09-06T00:34:19.780510Z[0m [32m INFO[0m [2mspark::api::chat::prepare[0m[2m:[0m Request: model=Qwen/Qwen3.8-27B-FP8, messages=2, tools=0, tools_active=false, tool_choice=None, stream=false, temp=Some(0.0), max_tokens=32, freq_pen=None, rep_pen=None
[2m2026-09-06T00:34:19.780848Z[0m [32m INFO[0m [2mspark::tokenizer::chat_impl[0m[2m:[0m Jinja rendered (248 chars): " answer. No explanation, reasoning, tags or punctuation.<|im_end|>\n<|im_start|>user\nRequest nonce: bf75686dee884db681ffe9a0ff0d349f\nWhat is 61 * 13?<|im_end|>\n<|im_start|>assistant\n<think>\n\n</think>\n\n"
[2m2026-09-06T00:34:19.781195Z[0m [32m INFO[0m [2mspark::api::chat::prepare[0m[2m:[0m Request: model=Qwen/Qwen3.8-27B-FP8, messages=2, tools=0, tools_active=false, tool_choice=None, stream=false, temp=Some(0.0), max_tokens=32, freq_pen=None, rep_pen=None
[2m2026-09-06T00:34:19.781641Z[0m [32m INFO[0m [2mspark::api::chat[0m[2m:[0m Session 0xbd31a9f515d3e787: 72 prompt tokens, tools=false (0 defined)
[2m2026-09-06T00:34:19.781686Z[0m [32m INFO[0m [2mspark::tokenizer::chat_impl[0m[2m:[0m Jinja rendered (248 chars): " answer. No explanation, reasoning, tags or punctuation.<|im_end|>\n<|im_start|>user\nRequest nonce: 0643b5e95cbd40b6ad8093fa4c4be30e\nWhat is 67 * 17?<|im_end|>\n<|im_start|>assistant\n<think>\n\n</think>\n\n"
[2m2026-09-06T00:34:19.782889Z[0m [32m INFO[0m [2mspark::api::chat[0m[2m:[0m Session 0xf01f50146e56578f: 75 prompt tokens, tools=false (0 defined)
[2m2026-09-06T00:34:19.783196Z[0m [32m INFO[0m [2mspark::api::chat::prepare[0m[2m:[0m Request: model=Qwen/Qwen3.8-27B-FP8, messages=2, tools=0, tools_active=false, tool_choice=None, stream=false, temp=Some(0.0), max_tokens=32, freq_pen=None, rep_pen=None
[2m2026-09-06T00:34:19.783547Z[0m [32m INFO[0m [2mspark::tokenizer::chat_impl[0m[2m:[0m Jinja rendered (247 chars): "r answer. No explanation, reasoning, tags or punctuation.<|im_end|>\n<|im_start|>user\nRequest nonce: 018f247fa49245fbb56921e8be98c3ab\nWhat is 53 * 7?<|im_end|>\n<|im_start|>assistant\n<think>\n\n</think>\n\n"
[2m2026-09-06T00:34:19.784294Z[0m [32m INFO[0m [2mspark::api::chat[0m[2m:[0m Session 0x66f6185cc68d60ef: 75 prompt tokens, tools=false (0 defined)
[2m2026-09-06T00:34:19.788484Z[0m [32m INFO[0m [2mspark::api::chat::prepare[0m[2m:[0m Request: model=Qwen/Qwen3.8-27B-FP8, messages=2, tools=0, tools_active=false, tool_choice=None, stream=false, temp=Some(0.0), max_tokens=32, freq_pen=None, rep_pen=None
[2m2026-09-06T00:34:19.788810Z[0m [32m INFO[0m [2mspark::tokenizer::chat_impl[0m[2m:[0m Jinja rendered (248 chars): " answer. No explanation, reasoning, tags or punctuation.<|im_end|>\n<|im_start|>user\nRequest nonce: 8effca032c824188b0b67869405e8f49\nWhat is 59 * 11?<|im_end|>\n<|im_start|>assistant\n<think>\n\n</think>\n\n"
[2m2026-09-06T00:34:19.789580Z[0m [32m INFO[0m [2mspark::api::chat[0m[2m:[0m Session 0x9154f2b0c2aaad3e: 77 prompt tokens, tools=false (0 defined)
[2m2026-09-06T00:34:19.796426Z[0m [32m INFO[0m [2mspark::api::chat::prepare[0m[2m:[0m Request: model=Qwen/Qwen3.8-27B-FP8, messages=2, tools=0, tools_active=false, tool_choice=None, stream=false, temp=Some(0.0), max_tokens=32, freq_pen=None, rep_pen=None
[2m2026-09-06T00:34:19.796788Z[0m [32m INFO[0m [2mspark::tokenizer::chat_impl[0m[2m:[0m Jinja rendered (248 chars): " answer. No explanation, reasoning, tags or punctuation.<|im_end|>\n<|im_start|>user\nRequest nonce: dc05b25b874b4c9d88bf343398921bd0\nWhat is 23 * 19?<|im_end|>\n<|im_start|>assistant\n<think>\n\n</think>\n\n"
[2m2026-09-06T00:34:19.796911Z[0m [32m INFO[0m [2mspark::api::chat::prepare[0m[2m:[0m Request: model=Qwen/Qwen3.8-27B-FP8, messages=2, tools=0, tools_active=false, tool_choice=None, stream=false, temp=Some(0.0), max_tokens=32, freq_pen=None, rep_pen=None
[2m2026-09-06T00:34:19.797262Z[0m [32m INFO[0m [2mspark::tokenizer::chat_impl[0m[2m:[0m Jinja rendered (248 chars): " answer. No explanation, reasoning, tags or punctuation.<|im_end|>\n<|im_start|>user\nRequest nonce: df64050d285149f5a5f7ba164498b9b1\nWhat is 29 * 13?<|im_end|>\n<|im_start|>assistant\n<think>\n\n</think>\n\n"
[2m2026-09-06T00:34:19.797384Z[0m [32m INFO[0m [2mspark::api::chat[0m[2m:[0m Session 0x9616857dd231afeb: 76 prompt tokens, tools=false (0 defined)
[2m2026-09-06T00:34:19.797935Z[0m [32m INFO[0m [2mspark::api::chat::prepare[0m[2m:[0m Request: model=Qwen/Qwen3.8-27B-FP8, messages=2, tools=0, tools_active=false, tool_choice=None, stream=false, temp=Some(0.0), max_tokens=32, freq_pen=None, rep_pen=None
[2m2026-09-06T00:34:19.797952Z[0m [32m INFO[0m [2mspark::api::chat[0m[2m:[0m Session 0xc0c01e30f291495d: 77 prompt tokens, tools=false (0 defined)
[2m2026-09-06T00:34:19.798292Z[0m [32m INFO[0m [2mspark::tokenizer::chat_impl[0m[2m:[0m Jinja rendered (248 chars): " answer. No explanation, reasoning, tags or punctuation.<|im_end|>\n<|im_start|>user\nRequest nonce: 7214166cbc0b4ed69b0ae2824f55549d\nWhat is 17 * 23?<|im_end|>\n<|im_start|>assistant\n<think>\n\n</think>\n\n"
[2m2026-09-06T00:34:19.799100Z[0m [32m INFO[0m [2mspark::api::chat::prepare[0m[2m:[0m Request: model=Qwen/Qwen3.8-27B-FP8, messages=2, tools=0, tools_active=false, tool_choice=None, stream=false, temp=Some(0.0), max_tokens=32, freq_pen=None, rep_pen=None
[2m2026-09-06T00:34:19.799120Z[0m [32m INFO[0m [2mspark::api::chat::prepare[0m[2m:[0m Request: model=Qwen/Qwen3.8-27B-FP8, messages=2, tools=0, tools_active=false, tool_choice=None, stream=false, temp=Some(0.0), max_tokens=32, freq_pen=None, rep_pen=None
[2m2026-09-06T00:34:19.799168Z[0m [32m INFO[0m [2mspark::api::chat::prepare[0m[2m:[0m Request: model=Qwen/Qwen3.8-27B-FP8, messages=2, tools=0, tools_active=false, tool_choice=None, stream=false, temp=Some(0.0), max_tokens=32, freq_pen=None, rep_pen=None
[2m2026-09-06T00:34:19.799494Z[0m [32m INFO[0m [2mspark::tokenizer::chat_impl[0m[2m:[0m Jinja rendered (248 chars): " answer. No explanation, reasoning, tags or punctuation.<|im_end|>\n<|im_start|>user\nRequest nonce: 38e27a78ef1643b5aa79a62471a66199\nWhat is 41 * 11?<|im_end|>\n<|im_start|>assistant\n<think>\n\n</think>\n\n"
[2m2026-09-06T00:34:19.799562Z[0m [32m INFO[0m [2mspark::tokenizer::chat_impl[0m[2m:[0m Jinja rendered (248 chars): " answer. No explanation, reasoning, tags or punctuation.<|im_end|>\n<|im_start|>user\nRequest nonce: 603b92937c274ffbbe3bacf195ff4c8d\nWhat is 37 * 17?<|im_end|>\n<|im_start|>assistant\n<think>\n\n</think>\n\n"
[2m2026-09-06T00:34:19.799563Z[0m [32m INFO[0m [2mspark::api::chat[0m[2m:[0m Session 0x6c4c98f5312039fe: 76 prompt tokens, tools=false (0 defined)
[2m2026-09-06T00:34:19.799691Z[0m [32m INFO[0m [2mspark::api::chat::prepare[0m[2m:[0m Request: model=Qwen/Qwen3.8-27B-FP8, messages=2, tools=0, tools_active=false, tool_choice=None, stream=false, temp=Some(0.0), max_tokens=32, freq_pen=None, rep_pen=None
[2m2026-09-06T00:34:19.799724Z[0m [32m INFO[0m [2mspark::api::chat::prepare[0m[2m:[0m Request: model=Qwen/Qwen3.8-27B-FP8, messages=2, tools=0, tools_active=false, tool_choice=None, stream=false, temp=Some(0.0), max_tokens=32, freq_pen=None, rep_pen=None
[2m2026-09-06T00:34:19.799742Z[0m [32m INFO[0m [2mspark::tokenizer::chat_impl[0m[2m:[0m Jinja rendered (247 chars): "r answer. No explanation, reasoning, tags or punctuation.<|im_end|>\n<|im_start|>user\nRequest nonce: 480d821907b64609b0ebec8df3321c08\nWhat is 31 * 7?<|im_end|>\n<|im_start|>assistant\n<think>\n\n</think>\n\n"
[2m2026-09-06T00:34:19.800053Z[0m [32m INFO[0m [2mspark::tokenizer::chat_impl[0m[2m:[0m Jinja rendered (248 chars): " answer. No explanation, reasoning, tags or punctuation.<|im_end|>\n<|im_start|>user\nRequest nonce: e330557c3599426daf66c5f96a18bce0\nWhat is 43 * 19?<|im_end|>\n<|im_start|>assistant\n<think>\n\n</think>\n\n"
[2m2026-09-06T00:34:19.800081Z[0m [32m INFO[0m [2mspark::tokenizer::chat_impl[0m[2m:[0m Jinja rendered (248 chars): " answer. No explanation, reasoning, tags or punctuation.<|im_end|>\n<|im_start|>user\nRequest nonce: 7b946616c13549879bc4a1b31520ece8\nWhat is 47 * 23?<|im_end|>\n<|im_start|>assistant\n<think>\n\n</think>\n\n"
[2m2026-09-06T00:34:19.800514Z[0m [32m INFO[0m [2mspark::api::chat[0m[2m:[0m Session 0x520dbb7275f9c80e: 78 prompt tokens, tools=false (0 defined)
[2m2026-09-06T00:34:19.800597Z[0m [32m INFO[0m [2mspark_model::model::trait_impl::prefill_b::save_checkpoint[0m[2m:[0m Intermediate SSM checkpoint saved at token 48 (snapshot_id 3, block 3)
[2m2026-09-06T00:34:19.800626Z[0m [32m INFO[0m [2mspark::api::chat[0m[2m:[0m Session 0xde0fd0452cf7a577: 74 prompt tokens, tools=false (0 defined)
[2m2026-09-06T00:34:19.800673Z[0m [32m INFO[0m [2mspark::api::chat[0m[2m:[0m Session 0xcde8c263d79778cb: 76 prompt tokens, tools=false (0 defined)
[2m2026-09-06T00:34:19.800930Z[0m [32m INFO[0m [2mspark::api::chat[0m[2m:[0m Session 0xc1ad7b9e241d4d70: 76 prompt tokens, tools=false (0 defined)
[2m2026-09-06T00:34:19.800975Z[0m [32m INFO[0m [2mspark::api::chat[0m[2m:[0m Session 0xa11827729f64eaca: 77 prompt tokens, tools=false (0 defined)
[2m2026-09-06T00:34:19.973573Z[0m [32m INFO[0m [2mspark_model::model::trait_impl::prefill_b::finalize_last[0m[2m:[0m Saved SSM snapshot 4 for 76 tokens (5 blocks) [chunk]
[2m2026-09-06T00:34:20.098966Z[0m [32m INFO[0m [2mspark::scheduler::prefill_a_step[0m[2m:[0m Prefill first token: 17
[2m2026-09-06T00:34:20.098984Z[0m [32m INFO[0m [2mspark::scheduler::phase_start_prefills[0m[2m:[0m Prefilled (single chunk): seq_len=76, remaining=31
[2m2026-09-06T00:34:20.119604Z[0m [32m INFO[0m [2mspark::scheduler::prefill_a_step[0m[2m:[0m Chunked prefill start: 72 prompt tokens, chunk_size=72, max_tokens=32
[2m2026-09-06T00:34:20.121084Z[0m [32m INFO[0m [2mspark_model::model::trait_impl::prefill_b::prefix_lookup[0m[2m:[0m Prefix cache hit: 16 tokens (1 blocks) but no SSM snapshot — recomputing all KV
[2m2026-09-06T00:34:20.146812Z[0m [32m INFO[0m [2mspark_model::model::trait_impl::prefill_b::save_checkpoint[0m[2m:[0m Intermediate SSM checkpoint saved at token 48 (snapshot_id 5, block 3)
[2m2026-09-06T00:34:20.319905Z[0m [32m INFO[0m [2mspark_model::model::trait_impl::prefill_b::finalize_last[0m[2m:[0m Saved SSM snapshot 6 for 72 tokens (5 blocks) [chunk]
[2m2026-09-06T00:34:20.444514Z[0m [32m INFO[0m [2mspark::scheduler::prefill_a_step[0m[2m:[0m Prefill first token: 22
[2m2026-09-06T00:34:20.444527Z[0m [32m INFO[0m [2mspark::scheduler::phase_start_prefills[0m[2m:[0m Prefilled (single chunk): seq_len=72, remaining=31
[2m2026-09-06T00:34:20.444533Z[0m [32m INFO[0m [2mspark::scheduler::prefill_a_step[0m[2m:[0m Chunked prefill start: 74 prompt tokens, chunk_size=74, max_tokens=32
[2m2026-09-06T00:34:20.446005Z[0m [32m INFO[0m [2mspark_model::model::trait_impl::prefill_b::prefix_lookup[0m[2m:[0m Prefix cache hit: 16 tokens (1 blocks) but no SSM snapshot — recomputing all KV
[2m2026-09-06T00:34:20.471503Z[0m [32m INFO[0m [2mspark_model::model::trait_impl::prefill_b::save_checkpoint[0m[2m:[0m Intermediate SSM checkpoint saved at token 48 (snapshot_id 7, block 3)
[2m2026-09-06T00:34:20.640416Z[0m [32m INFO[0m [2mspark_model::model::trait_impl::prefill_b::finalize_last[0m[2m:[0m Saved SSM snapshot 8 for 74 tokens (5 blocks) [chunk]
[2m2026-09-06T00:34:20.766103Z[0m [32m INFO[0m [2mspark::scheduler::prefill_a_step[0m[2m:[0m Prefill first token: 16
[2m2026-09-06T00:34:20.766119Z[0m [32m INFO[0m [2mspark::scheduler::phase_start_prefills[0m[2m:[0m Prefilled (single chunk): seq_len=74, remaining=31
[2m2026-09-06T00:34:20.766125Z[0m [32m INFO[0m [2mspark::scheduler::prefill_a_step[0m[2m:[0m Chunked prefill start: 74 prompt tokens, chunk_size=74, max_tokens=32
[2m2026-09-06T00:34:20.767598Z[0m [32m INFO[0m [2mspark_model::model::trait_impl::prefill_b::prefix_lookup[0m[2m:[0m Prefix cache hit: 16 tokens (1 blocks) but no SSM snapshot — recomputing all KV
[2m2026-09-06T00:34:20.793095Z[0m [32m INFO[0m [2mspark_model::model::trait_impl::prefill_b::save_checkpoint[0m[2m:[0m Intermediate SSM checkpoint saved at token 48 (snapshot_id 9, block 3)
[2m2026-09-06T00:34:20.962032Z[0m [32m INFO[0m [2mspark_model::model::trait_impl::prefill_b::finalize_last[0m[2m:[0m Saved SSM snapshot 10 for 74 tokens (5 blocks) [chunk]
[2m2026-09-06T00:34:21.087667Z[0m [32m INFO[0m [2mspark::scheduler::prefill_a_step[0m[2m:[0m Prefill first token: 21
[2m2026-09-06T00:34:21.087681Z[0m [32m INFO[0m [2mspark::scheduler::phase_start_prefills[0m[2m:[0m Prefilled (single chunk): seq_len=74, remaining=31
[2m2026-09-06T00:34:21.087778Z[0m [32m INFO[0m [2mspark_model::layers::qwen3_ssm::trait_decode_multi_seq::ssm_batched[0m[2m:[0m SSM batched projections ACTIVE — QKVZ/out_proj read once per step
[2m2026-09-06T00:34:21.095901Z[0m [32m INFO[0m [2mspark_model::model::trait_impl::decode_a2[0m[2m:[0m Captured CUDA graph for batch size 4 (n=4, slots=Some([0, 1, 2, 3]))
[2m2026-09-06T00:34:21.248915Z[0m [32m INFO[0m [2mspark::scheduler::mtp_accept_debug[0m[2m:[0m Done: 5 tokens (stop) 4.3 tok/s, TTFT=327.5ms, serial=1.00 mtp=0.00 p1=0.000 mean_na=0.000 tok_step=1.000 regime_reprobes=0
[2m2026-09-06T00:34:21.249776Z[0m [32m INFO[0m [2mspark_model::model::trait_impl::decode_checkpoint[0m[2m:[0m Saved finish-leaf SSM snapshot 11 for 80 tokens
[2m2026-09-06T00:34:21.250387Z[0m [32m INFO[0m [2mspark::scheduler::mtp_accept_debug[0m[2m:[0m Done: 4 tokens (stop) 5.0 tok/s, TTFT=324.9ms, serial=1.00 mtp=0.00 p1=0.000 mean_na=0.000 tok_step=1.000 regime_reprobes=0
[2m2026-09-06T00:34:21.251274Z[0m [32m INFO[0m [2mspark_model::model::trait_impl::decode_checkpoint[0m[2m:[0m Saved finish-leaf SSM snapshot 12 for 75 tokens
[2m2026-09-06T00:34:21.251887Z[0m [32m INFO[0m [2mspark::scheduler::mtp_accept_debug[0m[2m:[0m Done: 4 tokens (stop) 24.4 tok/s, TTFT=321.6ms, serial=1.00 mtp=0.00 p1=0.000 mean_na=0.000 tok_step=1.000 regime_reprobes=0
[2m2026-09-06T00:34:21.252768Z[0m [32m INFO[0m [2mspark_model::model::trait_impl::decode_checkpoint[0m[2m:[0m Saved finish-leaf SSM snapshot 13 for 77 tokens
[2m2026-09-06T00:34:21.254286Z[0m [32m INFO[0m [2mspark::scheduler::prefill_a_step[0m[2m:[0m Chunked prefill start: 75 prompt tokens, chunk_size=75, max_tokens=32
[2m2026-09-06T00:34:21.256330Z[0m [32m INFO[0m [2mspark_model::model::trait_impl::prefill_b::prefix_lookup[0m[2m:[0m Prefix cache hit: 16 tokens (1 blocks) but no SSM snapshot — recomputing all KV
[2m2026-09-06T00:34:21.283014Z[0m [32m INFO[0m [2mspark_model::model::trait_impl::prefill_b::save_checkpoint[0m[2m:[0m Intermediate SSM checkpoint saved at token 48 (snapshot_id 14, block 3)
[2m2026-09-06T00:34:21.456043Z[0m [32m INFO[0m [2mspark_model::model::trait_impl::prefill_b::finalize_last[0m[2m:[0m Saved SSM snapshot 15 for 75 tokens (5 blocks) [chunk]
[2m2026-09-06T00:34:21.582520Z[0m [32m INFO[0m [2mspark::scheduler::prefill_a_step[0m[2m:[0m Prefill first token: 16
[2m2026-09-06T00:34:21.582538Z[0m [32m INFO[0m [2mspark::scheduler::phase_start_prefills[0m[2m:[0m Prefilled (single chunk): seq_len=75, remaining=31
[2m2026-09-06T00:34:21.582553Z[0m [32m INFO[0m [2mspark::scheduler::prefill_a_step[0m[2m:[0m Chunked prefill start: 75 prompt tokens, chunk_size=75, max_tokens=32
[2m2026-09-06T00:34:21.584036Z[0m [32m INFO[0m [2mspark_model::model::trait_impl::prefill_b::prefix_lookup[0m[2m:[0m Prefix cache hit: 16 tokens (1 blocks) but no SSM snapshot — recomputing all KV
[2m2026-09-06T00:34:21.609538Z[0m [32m INFO[0m [2mspark_model::model::trait_impl::prefill_b::save_checkpoint[0m[2m:[0m Intermediate SSM checkpoint saved at token 48 (snapshot_id 0, block 3)
[2m2026-09-06T00:34:21.778374Z[0m [32m INFO[0m [2mspark_model::model::trait_impl::prefill_b::finalize_last[0m[2m:[0m Saved SSM snapshot 1 for 75 tokens (5 blocks) [chunk]
[2m2026-09-06T00:34:21.903666Z[0m [32m INFO[0m [2mspark::scheduler::prefill_a_step[0m[2m:[0m Prefill first token: 18
[2m2026-09-06T00:34:21.903679Z[0m [32m INFO[0m [2mspark::scheduler::phase_start_prefills[0m[2m:[0m Prefilled (single chunk): seq_len=75, remaining=31
[2m2026-09-06T00:34:21.903684Z[0m [32m INFO[0m [2mspark::scheduler::prefill_a_step[0m[2m:[0m Chunked prefill start: 76 prompt tokens, chunk_size=76, max_tokens=32
[2m2026-09-06T00:34:21.905154Z[0m [32m INFO[0m [2mspark_model::model::trait_impl::prefill_b::prefix_lookup[0m[2m:[0m Prefix cache hit: 16 tokens (1 blocks) but no SSM snapshot — recomputing all KV
[2m2026-09-06T00:34:21.930666Z[0m [32m INFO[0m [2mspark_model::model::trait_impl::prefill_b::save_checkpoint[0m[2m:[0m Intermediate SSM checkpoint saved at token 48 (snapshot_id 2, block 3)
[2m2026-09-06T00:34:22.099530Z[0m [32m INFO[0m [2mspark_model::model::trait_impl::prefill_b::finalize_last[0m[2m:[0m Saved SSM snapshot 7 for 76 tokens (5 blocks) [chunk]
[2m2026-09-06T00:34:22.224961Z[0m [32m INFO[0m [2mspark::scheduler::prefill_a_step[0m[2m:[0m Prefill first token: 19
[2m2026-09-06T00:34:22.224973Z[0m [32m INFO[0m [2mspark::scheduler::phase_start_prefills[0m[2m:[0m Prefilled (single chunk): seq_len=76, remaining=31
[2m2026-09-06T00:34:22.271889Z[0m [32m INFO[0m [2mspark::scheduler::mtp_accept_debug[0m[2m:[0m Done: 5 tokens (stop) 3.3 tok/s, TTFT=321.6ms, serial=1.00 mtp=0.00 p1=0.000 mean_na=0.000 tok_step=1.000 regime_reprobes=0
[2m2026-09-06T00:34:22.272497Z[0m [32m INFO[0m [2mspark_model::model::trait_impl::decode_checkpoint[0m[2m:[0m Saved finish-leaf SSM snapshot 8 for 78 tokens
[2m2026-09-06T00:34:22.273401Z[0m [32m INFO[0m [2mspark::scheduler::prefill_a_step[0m[2m:[0m Chunked prefill start: 76 prompt tokens, chunk_size=76, max_tokens=32
[2m2026-09-06T00:34:22.274950Z[0m [32m INFO[0m [2mspark_model::model::trait_impl::prefill_b::prefix_lookup[0m[2m:[0m Prefix cache hit: 16 tokens (1 blocks) but no SSM snapshot — recomputing all KV
[2m2026-09-06T00:34:22.300438Z[0m [32m INFO[0m [2mspark_model::model::trait_impl::prefill_b::save_checkpoint[0m[2m:[0m Intermediate SSM checkpoint saved at token 48 (snapshot_id 3, block 3)
[2m2026-09-06T00:34:22.473116Z[0m [32m INFO[0m [2mspark_model::model::trait_impl::prefill_b::finalize_last[0m[2m:[0m Saved SSM snapshot 4 for 76 tokens (5 blocks) [chunk]
[2m2026-09-06T00:34:22.598991Z[0m [32m INFO[0m [2mspark::scheduler::prefill_a_step[0m[2m:[0m Prefill first token: 18
[2m2026-09-06T00:34:22.599006Z[0m [32m INFO[0m [2mspark::scheduler::phase_start_prefills[0m[2m:[0m Prefilled (single chunk): seq_len=76, remaining=31
[2m2026-09-06T00:34:22.691537Z[0m [32m INFO[0m [2mspark::scheduler::mtp_accept_debug[0m[2m:[0m Done: 4 tokens (stop) 8.6 tok/s, TTFT=321.3ms, serial=1.00 mtp=0.00 p1=0.000 mean_na=0.000 tok_step=1.000 regime_reprobes=0
[2m2026-09-06T00:34:22.692174Z[0m [32m INFO[0m [2mspark_model::model::trait_impl::decode_checkpoint[0m[2m:[0m Saved finish-leaf SSM snapshot 11 for 79 tokens
[2m2026-09-06T00:34:22.692635Z[0m [32m INFO[0m [2mspark::scheduler::mtp_accept_debug[0m[2m:[0m Done: 4 tokens (stop) 5.1 tok/s, TTFT=321.1ms, serial=1.00 mtp=0.00 p1=0.000 mean_na=0.000 tok_step=1.000 regime_reprobes=0
[2m2026-09-06T00:34:22.693151Z[0m [32m INFO[0m [2mspark_model::model::trait_impl::decode_checkpoint[0m[2m:[0m Saved finish-leaf SSM snapshot 5 for 78 tokens
[2m2026-09-06T00:34:22.694513Z[0m [32m INFO[0m [2mspark::scheduler::prefill_a_step[0m[2m:[0m Chunked prefill start: 76 prompt tokens, chunk_size=76, max_tokens=32
[2m2026-09-06T00:34:22.696025Z[0m [32m INFO[0m [2mspark_model::model::trait_impl::prefill_b::prefix_lookup[0m[2m:[0m Prefix cache hit: 16 tokens (1 blocks) but no SSM snapshot — recomputing all KV
[2m2026-09-06T00:34:22.721528Z[0m [32m INFO[0m [2mspark_model::model::trait_impl::prefill_b::save_checkpoint[0m[2m:[0m Intermediate SSM checkpoint saved at token 48 (snapshot_id 6, block 3)
[2m2026-09-06T00:34:22.894325Z[0m [32m INFO[0m [2mspark_model::model::trait_impl::prefill_b::finalize_last[0m[2m:[0m Saved SSM snapshot 12 for 76 tokens (5 blocks) [chunk]
[2m2026-09-06T00:34:23.020041Z[0m [32m INFO[0m [2mspark::scheduler::prefill_a_step[0m[2m:[0m Prefill first token: 17
[2m2026-09-06T00:34:23.020057Z[0m [32m INFO[0m [2mspark::scheduler::phase_start_prefills[0m[2m:[0m Prefilled (single chunk): seq_len=76, remaining=31
[2m2026-09-06T00:34:23.020061Z[0m [32m INFO[0m [2mspark::scheduler::prefill_a_step[0m[2m:[0m Chunked prefill start: 76 prompt tokens, chunk_size=76, max_tokens=32
[2m2026-09-06T00:34:23.021554Z[0m [32m INFO[0m [2mspark_model::model::trait_impl::prefill_b::prefix_lookup[0m[2m:[0m Prefix cache hit: 16 tokens (1 blocks) but no SSM snapshot — recomputing all KV
[2m2026-09-06T00:34:23.047072Z[0m [32m INFO[0m [2mspark_model::model::trait_impl::prefill_b::save_checkpoint[0m[2m:[0m Intermediate SSM checkpoint saved at token 48 (snapshot_id 9, block 3)
[2m2026-09-06T00:34:23.215975Z[0m [32m INFO[0m [2mspark_model::model::trait_impl::prefill_b::finalize_last[0m[2m:[0m Saved SSM snapshot 10 for 76 tokens (5 blocks) [chunk]
[2m2026-09-06T00:34:23.341331Z[0m [32m INFO[0m [2mspark::scheduler::prefill_a_step[0m[2m:[0m Prefill first token: 23
[2m2026-09-06T00:34:23.341350Z[0m [32m INFO[0m [2mspark::scheduler::phase_start_prefills[0m[2m:[0m Prefilled (single chunk): seq_len=76, remaining=31
[2m2026-09-06T00:34:23.387841Z[0m [32m INFO[0m [2mspark::scheduler::mtp_accept_debug[0m[2m:[0m Done: 4 tokens (stop) 5.1 tok/s, TTFT=325.6ms, serial=1.00 mtp=0.00 p1=0.000 mean_na=0.000 tok_step=1.000 regime_reprobes=0
[2m2026-09-06T00:34:23.388477Z[0m [32m INFO[0m [2mspark_model::model::trait_impl::decode_checkpoint[0m[2m:[0m Saved finish-leaf SSM snapshot 13 for 79 tokens
[2m2026-09-06T00:34:23.388997Z[0m [32m INFO[0m [2mspark::scheduler::mtp_accept_debug[0m[2m:[0m Done: 5 tokens (stop) 2.8 tok/s, TTFT=328.2ms, serial=1.00 mtp=0.00 p1=0.000 mean_na=0.000 tok_step=1.000 regime_reprobes=0
[2m2026-09-06T00:34:23.389464Z[0m [32m INFO[0m [2mspark_model::model::trait_impl::decode_checkpoint[0m[2m:[0m Saved finish-leaf SSM snapshot 14 for 79 tokens
[2m2026-09-06T00:34:23.390825Z[0m [32m INFO[0m [2mspark::scheduler::prefill_a_step[0m[2m:[0m Chunked prefill start: 77 prompt tokens, chunk_size=77, max_tokens=32
[2m2026-09-06T00:34:23.392421Z[0m [32m INFO[0m [2mspark_model::model::trait_impl::prefill_b::prefix_lookup[0m[2m:[0m Prefix cache hit: 16 tokens (1 blocks) but no SSM snapshot — recomputing all KV
[2m2026-09-06T00:34:23.417910Z[0m [32m INFO[0m [2mspark_model::model::trait_impl::prefill_b::save_checkpoint[0m[2m:[0m Intermediate SSM checkpoint saved at token 48 (snapshot_id 8, block 3)
[2m2026-09-06T00:34:23.588187Z[0m [32m INFO[0m [2mspark_model::model::trait_impl::prefill_b::finalize_last[0m[2m:[0m Saved SSM snapshot 2 for 77 tokens (5 blocks) [chunk]
[2m2026-09-06T00:34:23.715283Z[0m [32m INFO[0m [2mspark::scheduler::prefill_a_step[0m[2m:[0m Prefill first token: 17
[2m2026-09-06T00:34:23.715297Z[0m [32m INFO[0m [2mspark::scheduler::phase_start_prefills[0m[2m:[0m Prefilled (single chunk): seq_len=77, remaining=31
[2m2026-09-06T00:34:23.715316Z[0m [32m INFO[0m [2mspark::scheduler::prefill_a_step[0m[2m:[0m Chunked prefill start: 77 prompt tokens, chunk_size=77, max_tokens=32
[2m2026-09-06T00:34:23.716804Z[0m [32m INFO[0m [2mspark_model::model::trait_impl::prefill_b::prefix_lookup[0m[2m:[0m Prefix cache hit: 16 tokens (1 blocks) but no SSM snapshot — recomputing all KV
[2m2026-09-06T00:34:23.742445Z[0m [32m INFO[0m [2mspark_model::model::trait_impl::prefill_b::save_checkpoint[0m[2m:[0m Intermediate SSM checkpoint saved at token 48 (snapshot_id 7, block 3)
[2m2026-09-06T00:34:23.911129Z[0m [32m INFO[0m [2mspark_model::model::trait_impl::prefill_b::finalize_last[0m[2m:[0m Saved SSM snapshot 11 for 77 tokens (5 blocks) [chunk]
[2m2026-09-06T00:34:24.035871Z[0m [32m INFO[0m [2mspark::scheduler::prefill_a_step[0m[2m:[0m Prefill first token: 21
[2m2026-09-06T00:34:24.035884Z[0m [32m INFO[0m [2mspark::scheduler::phase_start_prefills[0m[2m:[0m Prefilled (single chunk): seq_len=77, remaining=31
[2m2026-09-06T00:34:24.128371Z[0m [32m INFO[0m [2mspark::scheduler::mtp_accept_debug[0m[2m:[0m Done: 4 tokens (stop) 3.6 tok/s, TTFT=325.5ms, serial=1.00 mtp=0.00 p1=0.000 mean_na=0.000 tok_step=1.000 regime_reprobes=0
[2m2026-09-06T00:34:24.128926Z[0m [32m INFO[0m [2mspark_model::model::trait_impl::decode_checkpoint[0m[2m:[0m Saved finish-leaf SSM snapshot 0 for 79 tokens
[2m2026-09-06T00:34:24.129381Z[0m [32m INFO[0m [2mspark::scheduler::mtp_accept_debug[0m[2m:[0m Done: 4 tokens (stop) 5.1 tok/s, TTFT=321.3ms, serial=1.00 mtp=0.00 p1=0.000 mean_na=0.000 tok_step=1.000 regime_reprobes=0
[2m2026-09-06T00:34:24.129882Z[0m [32m INFO[0m [2mspark_model::model::trait_impl::decode_checkpoint[0m[2m:[0m Saved finish-leaf SSM snapshot 1 for 79 tokens
[2m2026-09-06T00:34:24.131212Z[0m [32m INFO[0m [2mspark::scheduler::prefill_a_step[0m[2m:[0m Chunked prefill start: 77 prompt tokens, chunk_size=77, max_tokens=32
[2m2026-09-06T00:34:24.132745Z[0m [32m INFO[0m [2mspark_model::model::trait_impl::prefill_b::prefix_lookup[0m[2m:[0m Prefix cache hit: 16 tokens (1 blocks) but no SSM snapshot — recomputing all KV
[2m2026-09-06T00:34:24.158851Z[0m [32m INFO[0m [2mspark_model::model::trait_impl::prefill_b::save_checkpoint[0m[2m:[0m Intermediate SSM checkpoint saved at token 48 (snapshot_id 5, block 3)
[2m2026-09-06T00:34:24.331119Z[0m [32m INFO[0m [2mspark_model::model::trait_impl::prefill_b::finalize_last[0m[2m:[0m Saved SSM snapshot 3 for 77 tokens (5 blocks) [chunk]
[2m2026-09-06T00:34:24.455993Z[0m [32m INFO[0m [2mspark::scheduler::prefill_a_step[0m[2m:[0m Prefill first token: 18
[2m2026-09-06T00:34:24.456009Z[0m [32m INFO[0m [2mspark::scheduler::phase_start_prefills[0m[2m:[0m Prefilled (single chunk): seq_len=77, remaining=31
[2m2026-09-06T00:34:24.456014Z[0m [32m INFO[0m [2mspark::scheduler::prefill_a_step[0m[2m:[0m Chunked prefill start: 77 prompt tokens, chunk_size=77, max_tokens=32
[2m2026-09-06T00:34:24.457500Z[0m [32m INFO[0m [2mspark_model::model::trait_impl::prefill_b::prefix_lookup[0m[2m:[0m Prefix cache hit: 16 tokens (1 blocks) but no SSM snapshot — recomputing all KV
[2m2026-09-06T00:34:24.482997Z[0m [32m INFO[0m [2mspark_model::model::trait_impl::prefill_b::save_checkpoint[0m[2m:[0m Intermediate SSM checkpoint saved at token 48 (snapshot_id 4, block 3)
[2m2026-09-06T00:34:24.651694Z[0m [32m INFO[0m [2mspark_model::model::trait_impl::prefill_b::finalize_last[0m[2m:[0m Saved SSM snapshot 13 for 77 tokens (5 blocks) [chunk]
[2m2026-09-06T00:34:24.776116Z[0m [32m INFO[0m [2mspark::scheduler::prefill_a_step[0m[2m:[0m Prefill first token: 16
[2m2026-09-06T00:34:24.776126Z[0m [32m INFO[0m [2mspark::scheduler::phase_start_prefills[0m[2m:[0m Prefilled (single chunk): seq_len=77, remaining=31
[2m2026-09-06T00:34:24.822098Z[0m [32m INFO[0m [2mspark::scheduler::mtp_accept_debug[0m[2m:[0m Done: 4 tokens (stop) 5.1 tok/s, TTFT=320.6ms, serial=1.00 mtp=0.00 p1=0.000 mean_na=0.000 tok_step=1.000 regime_reprobes=0
[2m2026-09-06T00:34:24.822483Z[0m [32m INFO[0m [2mspark_model::model::trait_impl::decode_checkpoint[0m[2m:[0m Saved finish-leaf SSM snapshot 15 for 80 tokens
[2m2026-09-06T00:34:24.823261Z[0m [32m INFO[0m [2mspark::scheduler::prefill_a_step[0m[2m:[0m Chunked prefill start: 78 prompt tokens, chunk_size=78, max_tokens=32
[2m2026-09-06T00:34:24.824462Z[0m [32m INFO[0m [2mspark_model::model::trait_impl::prefill_b::prefix_lookup[0m[2m:[0m Prefix cache hit: 16 tokens (1 blocks) but no SSM snapshot — recomputing all KV
[2m2026-09-06T00:34:24.849940Z[0m [32m INFO[0m [2mspark_model::model::trait_impl::prefill_b::save_checkpoint[0m[2m:[0m Intermediate SSM checkpoint saved at token 48 (snapshot_id 14, block 3)
[2m2026-09-06T00:34:25.021354Z[0m [32m INFO[0m [2mspark_model::model::trait_impl::prefill_b::finalize_last[0m[2m:[0m Saved SSM snapshot 8 for 78 tokens (5 blocks) [chunk]
[2m2026-09-06T00:34:25.147206Z[0m [32m INFO[0m [2mspark::scheduler::prefill_a_step[0m[2m:[0m Prefill first token: 16
[2m2026-09-06T00:34:25.147215Z[0m [32m INFO[0m [2mspark::scheduler::phase_start_prefills[0m[2m:[0m Prefilled (single chunk): seq_len=78, remaining=31
[2m2026-09-06T00:34:25.193223Z[0m [32m INFO[0m [2mspark::scheduler::mtp_accept_debug[0m[2m:[0m Done: 5 tokens (stop) 3.4 tok/s, TTFT=324.5ms, serial=1.00 mtp=0.00 p1=0.000 mean_na=0.000 tok_step=1.000 regime_reprobes=0
[2m2026-09-06T00:34:25.193588Z[0m [32m INFO[0m [2mspark_model::model::trait_impl::decode_checkpoint[0m[2m:[0m Saved finish-leaf SSM snapshot 2 for 81 tokens
[2m2026-09-06T00:34:25.194377Z[0m [32m INFO[0m [2mspark::scheduler::prefill_a_step[0m[2m:[0m Chunked prefill start: 78 prompt tokens, chunk_size=78, max_tokens=32
[2m2026-09-06T00:34:25.195565Z[0m [32m INFO[0m [2mspark_model::model::trait_impl::prefill_b::prefix_lookup[0m[2m:[0m Prefix cache hit: 16 tokens (1 blocks) but no SSM snapshot — recomputing all KV
[2m2026-09-06T00:34:25.221062Z[0m [32m INFO[0m [2mspark_model::model::trait_impl::prefill_b::save_checkpoint[0m[2m:[0m Intermediate SSM checkpoint saved at token 48 (snapshot_id 6, block 3)
[2m2026-09-06T00:34:25.391384Z[0m [32m INFO[0m [2mspark_model::model::trait_impl::prefill_b::finalize_last[0m[2m:[0m Saved SSM snapshot 12 for 78 tokens (5 blocks) [chunk]
[2m2026-09-06T00:34:25.518476Z[0m [32m INFO[0m [2mspark::scheduler::prefill_a_step[0m[2m:[0m Prefill first token: 19
[2m2026-09-06T00:34:25.518492Z[0m [32m INFO[0m [2mspark::scheduler::phase_start_prefills[0m[2m:[0m Prefilled (single chunk): seq_len=78, remaining=31
[2m2026-09-06T00:34:25.565842Z[0m [32m INFO[0m [2mspark::scheduler::mtp_accept_debug[0m[2m:[0m Done: 4 tokens (stop) 3.6 tok/s, TTFT=324.8ms, serial=1.00 mtp=0.00 p1=0.000 mean_na=0.000 tok_step=1.000 regime_reprobes=0
[2m2026-09-06T00:34:25.566420Z[0m [32m INFO[0m [2mspark_model::model::trait_impl::decode_checkpoint[0m[2m:[0m Saved finish-leaf SSM snapshot 0 for 80 tokens
[2m2026-09-06T00:34:25.567320Z[0m [32m INFO[0m [2mspark_model::model::trait_impl::decode_a2[0m[2m:[0m decode graph borrow: n=3 padded_n=4 -> replaying captured width 4
[2m2026-09-06T00:34:25.615553Z[0m [32m INFO[0m [2mspark::scheduler::mtp_accept_debug[0m[2m:[0m Done: 5 tokens (stop) 6.0 tok/s, TTFT=320.1ms, serial=1.00 mtp=0.00 p1=0.000 mean_na=0.000 tok_step=1.000 regime_reprobes=0
[2m2026-09-06T00:34:25.616211Z[0m [32m INFO[0m [2mspark_model::model::trait_impl::decode_checkpoint[0m[2m:[0m Saved finish-leaf SSM snapshot 9 for 81 tokens
[2m2026-09-06T00:34:25.616673Z[0m [32m INFO[0m [2mspark_model::model::trait_impl::decode_a2[0m[2m:[0m decode graph borrow: n=2 padded_n=2 -> replaying captured width 4
[2m2026-09-06T00:34:25.664257Z[0m [32m INFO[0m [2mspark::scheduler::mtp_accept_debug[0m[2m:[0m Done: 5 tokens (stop) 9.7 tok/s, TTFT=324.0ms, serial=1.00 mtp=0.00 p1=0.000 mean_na=0.000 tok_step=1.000 regime_reprobes=0
[2m2026-09-06T00:34:25.664876Z[0m [32m INFO[0m [2mspark_model::model::trait_impl::decode_checkpoint[0m[2m:[0m Saved finish-leaf SSM snapshot 10 for 82 tokens
[2m2026-09-06T00:34:25.665386Z[0m [32m INFO[0m [2mspark::scheduler::mtp_accept_debug[0m[2m:[0m Done: 4 tokens (stop) 27.2 tok/s, TTFT=324.1ms, serial=1.00 mtp=0.00 p1=0.000 mean_na=0.000 tok_step=1.000 regime_reprobes=0
[2m2026-09-06T00:34:25.665873Z[0m [32m INFO[0m [2mspark_model::model::trait_impl::decode_checkpoint[0m[2m:[0m Saved finish-leaf SSM snapshot 1 for 81 tokens
[2m2026-09-06T00:34:57.644302Z[0m [32m INFO[0m [2mspark::api::chat::prepare[0m[2m:[0m Request: model=Qwen/Qwen3.8-27B-FP8, messages=1, tools=0, tools_active=false, tool_choice=None, stream=false, temp=Some(0.0), max_tokens=256, freq_pen=Some(0.0), rep_pen=None
[2m2026-09-06T00:34:57.644692Z[0m [32m INFO[0m [2mspark::tokenizer::chat_impl[0m[2m:[0m Jinja rendered (164 chars): "<|im_start|>user\nList exactly five prime numbers greater than one hundred, comma separated, with no other words.<|im_end|>\n<|im_start|>assistant\n<think>\n\n</think>\n\n"
[2m2026-09-06T00:34:57.645498Z[0m [32m INFO[0m [2mspark::api::chat[0m[2m:[0m Session 0x22edf306cc1e3ad6: 30 prompt tokens, tools=false (0 defined)
[2m2026-09-06T00:34:57.646054Z[0m [32m INFO[0m [2mspark::scheduler::prefill_a_step[0m[2m:[0m Chunked prefill start: 30 prompt tokens, chunk_size=30, max_tokens=256
[2m2026-09-06T00:34:57.675492Z[0m [32m INFO[0m [2mspark_model::model::trait_impl::prefill_b::finalize_last[0m[2m:[0m Saved SSM snapshot 7 for 30 tokens (2 blocks) [chunk]
[2m2026-09-06T00:34:57.819866Z[0m [32m INFO[0m [2mspark::scheduler::prefill_a_step[0m[2m:[0m Prefill first token: 16
[2m2026-09-06T00:34:57.819889Z[0m [32m INFO[0m [2mspark::scheduler::phase_start_prefills[0m[2m:[0m Prefilled (single chunk): seq_len=30, remaining=255
[2m2026-09-06T00:34:57.819959Z[0m [32m INFO[0m [2mspark_model::model::trait_impl::decode_a[0m[2m:[0m CUDA graph capture: starting for 64 layers
[2m2026-09-06T00:34:57.824466Z[0m [32m INFO[0m [2mspark_model::model::trait_impl::decode_a[0m[2m:[0m CUDA graph captured successfully for slot=1 (handle=128345105685520)
[2m2026-09-06T00:34:58.285380Z[0m [32m INFO[0m [2mspark::scheduler::mtp_accept_debug[0m[2m:[0m Done: 24 tokens (stop) 51.6 tok/s, TTFT=173.8ms, serial=1.00 mtp=0.00 p1=0.000 mean_na=0.000 tok_step=1.000 regime_reprobes=0
[2m2026-09-06T00:34:58.286241Z[0m [32m INFO[0m [2mspark_model::model::trait_impl::decode_checkpoint[0m[2m:[0m Saved finish-leaf SSM snapshot 11 for 53 tokens
[2m2026-09-06T00:34:58.288946Z[0m [32m INFO[0m [2mspark::api::chat::prepare[0m[2m:[0m Request: model=Qwen/Qwen3.8-27B-FP8, messages=1, tools=0, tools_active=false, tool_choice=None, stream=false, temp=Some(0.0), max_tokens=256, freq_pen=Some(0.0), rep_pen=None
[2m2026-09-06T00:34:58.289473Z[0m [32m INFO[0m [2mspark::tokenizer::chat_impl[0m[2m:[0m Jinja rendered (164 chars): "<|im_start|>user\nList exactly five prime numbers greater than one hundred, comma separated, with no other words.<|im_end|>\n<|im_start|>assistant\n<think>\n\n</think>\n\n"
[2m2026-09-06T00:34:58.289989Z[0m [32m INFO[0m [2mspark::api::chat[0m[2m:[0m Session 0x22edf306cc1e3ad6: 30 prompt tokens, tools=false (0 defined)
[2m2026-09-06T00:34:58.290416Z[0m [32m INFO[0m [2mspark::scheduler::prefill_a_step[0m[2m:[0m Chunked prefill start: 30 prompt tokens, chunk_size=30, max_tokens=256
[2m2026-09-06T00:34:58.292038Z[0m [32m INFO[0m [2mspark_model::model::trait_impl::prefill_b::prefix_lookup[0m[2m:[0m Prefix cache hit: 16 tokens (1 blocks) but no SSM snapshot — recomputing all KV
[2m2026-09-06T00:34:58.318970Z[0m [32m INFO[0m [2mspark_model::model::trait_impl::prefill_b::finalize_last[0m[2m:[0m Saved SSM snapshot 15 for 30 tokens (2 blocks) [chunk]
[2m2026-09-06T00:34:58.465170Z[0m [32m INFO[0m [2mspark::scheduler::prefill_a_step[0m[2m:[0m Prefill first token: 16
[2m2026-09-06T00:34:58.465186Z[0m [32m INFO[0m [2mspark::scheduler::phase_start_prefills[0m[2m:[0m Prefilled (single chunk): seq_len=30, remaining=255
[2m2026-09-06T00:34:58.928450Z[0m [32m INFO[0m [2mspark::scheduler::mtp_accept_debug[0m[2m:[0m Done: 24 tokens (stop) 51.8 tok/s, TTFT=174.8ms, serial=1.00 mtp=0.00 p1=0.000 mean_na=0.000 tok_step=1.000 regime_reprobes=0
[2m2026-09-06T00:34:58.928943Z[0m [32m INFO[0m [2mspark_model::model::trait_impl::decode_checkpoint[0m[2m:[0m Saved finish-leaf SSM snapshot 7 for 53 tokens
[2m2026-09-06T00:34:58.931904Z[0m [32m INFO[0m [2mspark::api::chat::prepare[0m[2m:[0m Request: model=Qwen/Qwen3.8-27B-FP8, messages=1, tools=1, tools_active=true, tool_choice=Some(Mode("auto")), stream=false, temp=Some(0.0), max_tokens=256, freq_pen=Some(0.0), rep_pen=None
[2m2026-09-06T00:34:58.932356Z[0m [32m INFO[0m [2mspark::tokenizer::chat_impl[0m[2m:[0m Jinja rendered (1361 chars): " tell the user about function calls\n</IMPORTANT><|im_end|>\n<|im_start|>user\nWhat is the weather in Reykjavik over the next three days? Use the tool.<|im_end|>\n<|im_start|>assistant\n<think>\n\n</think>\n\n"
[2m2026-09-06T00:34:58.938422Z[0m [32m INFO[0m [2mspark::api::chat[0m[2m:[0m Session 0xdd42ddcda3133b1e: 298 prompt tokens, tools=true (1 defined)
[2m2026-09-06T00:35:01.945777Z[0m [32m INFO[0m [2mspark::scheduler::emit_step[0m[2m:[0m Grammar constrained decoding active: parser=qwen3_coder, tools=1
[2m2026-09-06T00:35:01.945802Z[0m [32m INFO[0m [2mspark::scheduler::prefill_a_step[0m[2m:[0m Chunked prefill start: 298 prompt tokens, chunk_size=298, max_tokens=256
[2m2026-09-06T00:35:02.223653Z[0m [32m INFO[0m [2mspark_model::model::trait_impl::prefill_b::save_checkpoint[0m[2m:[0m Intermediate SSM checkpoint saved at token 272 (snapshot_id 11, block 17)
[2m2026-09-06T00:35:02.300096Z[0m [32m INFO[0m [2mspark_model::model::trait_impl::prefill_b::finalize_last[0m[2m:[0m Saved SSM snapshot 2 for 298 tokens (19 blocks) [chunk]
[2m2026-09-06T00:35:02.429875Z[0m [32m INFO[0m [2mspark::scheduler::prefill_a_step[0m[2m:[0m Prefill first token: 248058
[2m2026-09-06T00:35:02.429898Z[0m [32m INFO[0m [2mspark::scheduler::phase_start_prefills[0m[2m:[0m Prefilled (single chunk): seq_len=298, remaining=255
[2m2026-09-06T00:35:02.914103Z[0m [32m INFO[0m [2mspark_model::model::trait_impl::decode_checkpoint[0m[2m:[0m decode-ckpt SAVE: snap_tokens=320 end_block=20 snap_id=5 block_table_len=20 straddle=0
[2m2026-09-06T00:35:03.312025Z[0m [32m INFO[0m [2mspark::scheduler::mtp_accept_debug[0m[2m:[0m Done: 41 tokens (stop) 46.5 tok/s, TTFT=3491.0ms, serial=1.00 mtp=0.00 p1=0.000 mean_na=0.000 tok_step=1.000 regime_reprobes=0
[2m2026-09-06T00:35:03.312419Z[0m [32m INFO[0m [2mspark_model::model::trait_impl::decode_checkpoint[0m[2m:[0m Saved finish-leaf SSM snapshot 3 for 338 tokens
[2m2026-09-06T00:35:03.312490Z[0m [32m INFO[0m [2mspark::api::chat_blocking_choice[0m[2m:[0m Tool call: get_weather({"city":"Reykjavik","days":3})
[2m2026-09-06T00:35:03.315173Z[0m [32m INFO[0m [2mspark::api::chat::prepare[0m[2m:[0m Request: model=Qwen/Qwen3.8-27B-FP8, messages=1, tools=0, tools_active=false, tool_choice=None, stream=false, temp=Some(0.0), max_tokens=256, freq_pen=Some(0.0), rep_pen=None
[2m2026-09-06T00:35:03.315486Z[0m [32m INFO[0m [2mspark::tokenizer::chat_impl[0m[2m:[0m Jinja rendered (128 chars): "<|im_start|>user\nIn one short sentence, say what a benchmark harness is for.<|im_end|>\n<|im_start|>assistant\n<think>\n\n</think>\n\n"
[2m2026-09-06T00:35:03.316175Z[0m [32m INFO[0m [2mspark::api::chat[0m[2m:[0m Session 0x648b6f7d60b0c3aa: 25 prompt tokens, tools=false (0 defined)
[2m2026-09-06T00:35:03.316552Z[0m [32m INFO[0m [2mspark::scheduler::prefill_a_step[0m[2m:[0m Chunked prefill start: 25 prompt tokens, chunk_size=25, max_tokens=256
[2m2026-09-06T00:35:03.344929Z[0m [32m INFO[0m [2mspark_model::model::trait_impl::prefill_b::finalize_last[0m[2m:[0m Saved SSM snapshot 0 for 25 tokens (2 blocks) [chunk]
[2m2026-09-06T00:35:03.490608Z[0m [32m INFO[0m [2mspark::scheduler::prefill_a_step[0m[2m:[0m Prefill first token: 32
[2m2026-09-06T00:35:03.490627Z[0m [32m INFO[0m [2mspark::scheduler::phase_start_prefills[0m[2m:[0m Prefilled (single chunk): seq_len=25, remaining=255
[2m2026-09-06T00:35:03.910196Z[0m [32m INFO[0m [2mspark::scheduler::mtp_accept_debug[0m[2m:[0m Done: 22 tokens (stop) 52.4 tok/s, TTFT=174.1ms, serial=1.00 mtp=0.00 p1=0.000 mean_na=0.000 tok_step=1.000 regime_reprobes=0
[2m2026-09-06T00:35:03.910669Z[0m [32m INFO[0m [2mspark_model::model::trait_impl::decode_checkpoint[0m[2m:[0m Saved finish-leaf SSM snapshot 4 for 46 tokens
[2m2026-09-06T00:35:03.913465Z[0m [32m INFO[0m [2mspark::api::chat::prepare[0m[2m:[0m Request: model=Qwen/Qwen3.8-27B-FP8, messages=2, tools=0, tools_active=false, tool_choice=None, stream=false, temp=Some(0.0), max_tokens=256, freq_pen=Some(0.0), rep_pen=None
[2m2026-09-06T00:35:03.913808Z[0m [32m INFO[0m [2mspark::tokenizer::chat_impl[0m[2m:[0m Jinja rendered (395 chars): "se or hedge on simple factual or arithmetic questions.<|im_end|>\n<|im_start|>user\nWhat is 17 * 23? Reply with the number, then explain your working.<|im_end|>\n<|im_start|>assistant\n<think>\n\n</think>\n\n"
[2m2026-09-06T00:35:03.915483Z[0m [32m INFO[0m [2mspark::api::chat[0m[2m:[0m Session 0x5333f8d8e61173: 81 prompt tokens, tools=false (0 defined)
[2m2026-09-06T00:35:03.915862Z[0m [32m INFO[0m [2mspark::scheduler::prefill_a_step[0m[2m:[0m Chunked prefill start: 81 prompt tokens, chunk_size=81, max_tokens=256
[2m2026-09-06T00:35:03.943279Z[0m [32m INFO[0m [2mspark_model::model::trait_impl::prefill_b::save_checkpoint[0m[2m:[0m Intermediate SSM checkpoint saved at token 64 (snapshot_id 13, block 4)
[2m2026-09-06T00:35:04.112729Z[0m [32m INFO[0m [2mspark_model::model::trait_impl::prefill_b::finalize_last[0m[2m:[0m Saved SSM snapshot 9 for 81 tokens (6 blocks) [chunk]
[2m2026-09-06T00:35:04.239636Z[0m [32m INFO[0m [2mspark::scheduler::prefill_a_step[0m[2m:[0m Prefill first token: 18
[2m2026-09-06T00:35:04.239653Z[0m [32m INFO[0m [2mspark::scheduler::phase_start_prefills[0m[2m:[0m Prefilled (single chunk): seq_len=81, remaining=255
[2m2026-09-06T00:35:05.193574Z[0m [32m INFO[0m [2mspark_model::model::trait_impl::decode_checkpoint[0m[2m:[0m decode-ckpt SAVE: snap_tokens=128 end_block=8 snap_id=14 block_table_len=8 straddle=0
[2m2026-09-06T00:35:06.501202Z[0m [32m INFO[0m [2mspark_model::model::trait_impl::decode_checkpoint[0m[2m:[0m decode-ckpt SAVE: snap_tokens=192 end_block=12 snap_id=8 block_table_len=12 straddle=0
[2m2026-09-06T00:35:07.114576Z[0m [32m INFO[0m [2mspark::scheduler::mtp_accept_debug[0m[2m:[0m Done: 142 tokens (stop) 49.4 tok/s, TTFT=323.8ms, serial=1.00 mtp=0.00 p1=0.000 mean_na=0.000 tok_step=1.000 regime_reprobes=0
[2m2026-09-06T00:35:07.114911Z[0m [32m INFO[0m [2mspark_model::model::trait_impl::decode_checkpoint[0m[2m:[0m Saved finish-leaf SSM snapshot 10 for 222 tokens
[2m2026-09-06T00:35:07.119515Z[0m [32m INFO[0m [2mspark::api::chat::prepare[0m[2m:[0m Request: model=Qwen/Qwen3.8-27B-FP8, messages=2, tools=0, tools_active=false, tool_choice=None, stream=false, temp=Some(0.0), max_tokens=256, freq_pen=Some(0.0), rep_pen=None
[2m2026-09-06T00:35:07.119816Z[0m [32m INFO[0m [2mspark::tokenizer::chat_impl[0m[2m:[0m Jinja rendered (397 chars): " or hedge on simple factual or arithmetic questions.<|im_end|>\n<|im_start|>user\nName the capital city of Japan, then describe it in a few sentences.<|im_end|>\n<|im_start|>assistant\n<think>\n\n</think>\n\n"
[2m2026-09-06T00:35:07.120772Z[0m [32m INFO[0m [2mspark::api::chat[0m[2m:[0m Session 0x823368b1f2299895: 76 prompt tokens, tools=false (0 defined)
[2m2026-09-06T00:35:07.121110Z[0m [32m INFO[0m [2mspark::scheduler::prefill_a_step[0m[2m:[0m Chunked prefill start: 76 prompt tokens, chunk_size=76, max_tokens=256
[2m2026-09-06T00:35:07.122363Z[0m [32m INFO[0m [2mspark_model::model::trait_impl::prefill_b::prefix_lookup[0m[2m:[0m Prefix cache hit: 48 tokens (3 blocks) but no SSM snapshot — recomputing all KV
[2m2026-09-06T00:35:07.148823Z[0m [32m INFO[0m [2mspark_model::model::trait_impl::prefill_b::save_checkpoint[0m[2m:[0m Intermediate SSM checkpoint saved at token 48 (snapshot_id 6, block 3)
[2m2026-09-06T00:35:07.322049Z[0m [32m INFO[0m [2mspark_model::model::trait_impl::prefill_b::finalize_last[0m[2m:[0m Saved SSM snapshot 12 for 76 tokens (5 blocks) [chunk]
[2m2026-09-06T00:35:07.447609Z[0m [32m INFO[0m [2mspark::scheduler::prefill_a_step[0m[2m:[0m Prefill first token: 760
[2m2026-09-06T00:35:07.447621Z[0m [32m INFO[0m [2mspark::scheduler::phase_start_prefills[0m[2m:[0m Prefilled (single chunk): seq_len=76, remaining=255
[2m2026-09-06T00:35:08.502154Z[0m [32m INFO[0m [2mspark_model::model::trait_impl::decode_checkpoint[0m[2m:[0m decode-ckpt SAVE: snap_tokens=128 end_block=8 snap_id=1 block_table_len=8 straddle=0
[2m2026-09-06T00:35:09.665239Z[0m [32m INFO[0m [2mspark::scheduler::mtp_accept_debug[0m[2m:[0m Done: 110 tokens (stop) 49.6 tok/s, TTFT=326.5ms, serial=1.00 mtp=0.00 p1=0.000 mean_na=0.000 tok_step=1.000 regime_reprobes=0
[2m2026-09-06T00:35:09.665683Z[0m [32m INFO[0m [2mspark_model::model::trait_impl::decode_checkpoint[0m[2m:[0m Saved finish-leaf SSM snapshot 15 for 185 tokens
[2m2026-09-06T00:35:09.669345Z[0m [32m INFO[0m [2mspark::api::chat::prepare[0m[2m:[0m Request: model=Qwen/Qwen3.8-27B-FP8, messages=2, tools=0, tools_active=false, tool_choice=None, stream=false, temp=Some(0.0), max_tokens=256, freq_pen=Some(0.0), rep_pen=None
[2m2026-09-06T00:35:09.669683Z[0m [32m INFO[0m [2mspark::tokenizer::chat_impl[0m[2m:[0m Jinja rendered (398 chars): "or hedge on simple factual or arithmetic questions.<|im_end|>\n<|im_start|>user\nSpell the word 'refrigerator' backwards, then explain how you did it.<|im_end|>\n<|im_start|>assistant\n<think>\n\n</think>\n\n"
[2m2026-09-06T00:35:09.670712Z[0m [32m INFO[0m [2mspark::api::chat[0m[2m:[0m Session 0x43c89ecea423c1e7: 78 prompt tokens, tools=false (0 defined)
[2m2026-09-06T00:35:09.671098Z[0m [32m INFO[0m [2mspark::scheduler::prefill_a_step[0m[2m:[0m Chunked prefill start: 78 prompt tokens, chunk_size=78, max_tokens=256
[2m2026-09-06T00:35:09.672620Z[0m [32m INFO[0m [2mspark_model::model::trait_impl::prefill_b::prefix_lookup[0m[2m:[0m Prefix cache hit: 48 tokens (3 blocks) but no SSM snapshot — recomputing all KV
[2m2026-09-06T00:35:09.699076Z[0m [32m INFO[0m [2mspark_model::model::trait_impl::prefill_b::save_checkpoint[0m[2m:[0m Intermediate SSM checkpoint saved at token 48 (snapshot_id 7, block 3)
[2m2026-09-06T00:35:09.873851Z[0m [32m INFO[0m [2mspark_model::model::trait_impl::prefill_b::finalize_last[0m[2m:[0m Saved SSM snapshot 6 for 78 tokens (5 blocks) [chunk]
[2m2026-09-06T00:35:09.999236Z[0m [32m INFO[0m [2mspark::scheduler::prefill_a_step[0m[2m:[0m Prefill first token: 1206
[2m2026-09-06T00:35:09.999253Z[0m [32m INFO[0m [2mspark::scheduler::phase_start_prefills[0m[2m:[0m Prefilled (single chunk): seq_len=78, remaining=255
[2m2026-09-06T00:35:11.016475Z[0m [32m INFO[0m [2mspark_model::model::trait_impl::decode_checkpoint[0m[2m:[0m decode-ckpt SAVE: snap_tokens=128 end_block=8 snap_id=11 block_table_len=8 straddle=0
[2m2026-09-06T00:35:12.325045Z[0m [32m INFO[0m [2mspark_model::model::trait_impl::decode_checkpoint[0m[2m:[0m decode-ckpt SAVE: snap_tokens=192 end_block=12 snap_id=2 block_table_len=12 straddle=0
[2m2026-09-06T00:35:13.637217Z[0m [32m INFO[0m [2mspark_model::model::trait_impl::decode_checkpoint[0m[2m:[0m decode-ckpt SAVE: snap_tokens=256 end_block=16 snap_id=5 block_table_len=16 straddle=0
[2m2026-09-06T00:35:14.951308Z[0m [32m INFO[0m [2mspark_model::model::trait_impl::decode_checkpoint[0m[2m:[0m decode-ckpt SAVE: snap_tokens=320 end_block=20 snap_id=3 block_table_len=20 straddle=0
[2m2026-09-06T00:35:15.136644Z[0m [32m INFO[0m [2mspark::scheduler::mtp_accept_debug[0m[2m:[0m Done: 252 tokens (stop) 49.1 tok/s, TTFT=328.2ms, serial=1.00 mtp=0.00 p1=0.000 mean_na=0.000 tok_step=1.000 regime_reprobes=0
[2m2026-09-06T00:35:15.137074Z[0m [32m INFO[0m [2mspark_model::model::trait_impl::decode_checkpoint[0m[2m:[0m Saved finish-leaf SSM snapshot 0 for 329 tokens
[2m2026-09-06T00:35:16.024977Z[0m [32m INFO[0m [2mspark::api::chat::prepare[0m[2m:[0m Request: model=Qwen/Qwen3.8-27B-FP8, messages=1, tools=0, tools_active=false, tool_choice=None, stream=true, temp=Some(0.0), max_tokens=256, freq_pen=Some(0.0), rep_pen=None
[2m2026-09-06T00:35:16.033923Z[0m [32m INFO[0m [2mspark::api::chat[0m[2m:[0m Session 0xd16880fefc2e9fc5: 1193 prompt tokens, tools=false (0 defined)
[2m2026-09-06T00:35:16.034390Z[0m [32m INFO[0m [2mspark::scheduler::prefill_a_step[0m[2m:[0m Chunked prefill start: 1193 prompt tokens, chunk_size=1193, max_tokens=256
[2m2026-09-06T00:35:16.817309Z[0m [32m INFO[0m [2mspark_model::model::trait_impl::prefill_b::save_checkpoint[0m[2m:[0m Intermediate SSM checkpoint saved at token 1168 (snapshot_id 4, block 73)
[2m2026-09-06T00:35:16.971629Z[0m [32m INFO[0m [2mspark_model::model::trait_impl::prefill_b::finalize_last[0m[2m:[0m Saved SSM snapshot 13 for 1193 tokens (75 blocks) [chunk]
[2m2026-09-06T00:35:17.100533Z[0m [32m INFO[0m [2mspark::scheduler::prefill_a_step[0m[2m:[0m Prefill first token: 760
[2m2026-09-06T00:35:17.100559Z[0m [32m INFO[0m [2mspark::scheduler::phase_start_prefills[0m[2m:[0m Prefilled (single chunk): seq_len=1193, remaining=255
[2m2026-09-06T00:35:17.587046Z[0m [32m INFO[0m [2mspark_model::model::trait_impl::decode_checkpoint[0m[2m:[0m decode-ckpt SAVE: snap_tokens=1216 end_block=76 snap_id=9 block_table_len=76 straddle=0
[2m2026-09-06T00:35:18.947704Z[0m [32m INFO[0m [2mspark_model::model::trait_impl::decode_checkpoint[0m[2m:[0m decode-ckpt SAVE: snap_tokens=1280 end_block=80 snap_id=14 block_table_len=80 straddle=0
[2m2026-09-06T00:35:20.311204Z[0m [32m INFO[0m [2mspark_model::model::trait_impl::decode_checkpoint[0m[2m:[0m decode-ckpt SAVE: snap_tokens=1344 end_block=84 snap_id=8 block_table_len=84 straddle=0
[2m2026-09-06T00:35:21.678777Z[0m [32m INFO[0m [2mspark_model::model::trait_impl::decode_checkpoint[0m[2m:[0m decode-ckpt SAVE: snap_tokens=1408 end_block=88 snap_id=10 block_table_len=88 straddle=0
[2m2026-09-06T00:35:22.534716Z[0m [32m INFO[0m [2mspark::scheduler::decode_logits_step[0m[2m:[0m process_decode_logits: remaining=0, output_tokens=256, thinking_tokens=0
[2m2026-09-06T00:35:22.534734Z[0m [32m INFO[0m [2mspark::scheduler::mtp_accept_debug[0m[2m:[0m Done: 256 tokens (length) 47.1 tok/s, TTFT=1066.2ms, serial=1.00 mtp=0.00 p1=0.000 mean_na=0.000 tok_step=1.000 regime_reprobes=0
[2m2026-09-06T00:35:22.535071Z[0m [32m INFO[0m [2mspark_model::model::trait_impl::decode_checkpoint[0m[2m:[0m Saved finish-leaf SSM snapshot 12 for 1448 tokens
[2m2026-09-06T00:35:22.594883Z[0m [32m INFO[0m [2mspark::api::chat::prepare[0m[2m:[0m Request: model=Qwen/Qwen3.8-27B-FP8, messages=1, tools=0, tools_active=false, tool_choice=None, stream=true, temp=Some(0.0), max_tokens=256, freq_pen=Some(0.0), rep_pen=None
[2m2026-09-06T00:35:22.600998Z[0m [32m INFO[0m [2mspark::api::chat[0m[2m:[0m Session 0x486604f381cc69ac: 1193 prompt tokens, tools=false (0 defined)
[2m2026-09-06T00:35:22.601452Z[0m [32m INFO[0m [2mspark::scheduler::prefill_a_step[0m[2m:[0m Chunked prefill start: 1193 prompt tokens, chunk_size=1193, max_tokens=256
[2m2026-09-06T00:35:23.381937Z[0m [32m INFO[0m [2mspark_model::model::trait_impl::prefill_b::save_checkpoint[0m[2m:[0m Intermediate SSM checkpoint saved at token 1168 (snapshot_id 1, block 73)
[2m2026-09-06T00:35:23.536537Z[0m [32m INFO[0m [2mspark_model::model::trait_impl::prefill_b::finalize_last[0m[2m:[0m Saved SSM snapshot 15 for 1193 tokens (75 blocks) [chunk]
[2m2026-09-06T00:35:23.665998Z[0m [32m INFO[0m [2mspark::scheduler::prefill_a_step[0m[2m:[0m Prefill first token: 760
[2m2026-09-06T00:35:23.666027Z[0m [32m INFO[0m [2mspark::scheduler::phase_start_prefills[0m[2m:[0m Prefilled (single chunk): seq_len=1193, remaining=255
[2m2026-09-06T00:35:24.150951Z[0m [32m INFO[0m [2mspark_model::model::trait_impl::decode_checkpoint[0m[2m:[0m decode-ckpt SAVE: snap_tokens=1216 end_block=76 snap_id=7 block_table_len=76 straddle=0
[2m2026-09-06T00:35:25.511919Z[0m [32m INFO[0m [2mspark_model::model::trait_impl::decode_checkpoint[0m[2m:[0m decode-ckpt SAVE: snap_tokens=1280 end_block=80 snap_id=6 block_table_len=80 straddle=0
[2m2026-09-06T00:35:26.876289Z[0m [32m INFO[0m [2mspark_model::model::trait_impl::decode_checkpoint[0m[2m:[0m decode-ckpt SAVE: snap_tokens=1344 end_block=84 snap_id=11 block_table_len=84 straddle=0
[2m2026-09-06T00:35:28.244050Z[0m [32m INFO[0m [2mspark_model::model::trait_impl::decode_checkpoint[0m[2m:[0m decode-ckpt SAVE: snap_tokens=1408 end_block=88 snap_id=2 block_table_len=88 straddle=0
[2m2026-09-06T00:35:29.099610Z[0m [32m INFO[0m [2mspark::scheduler::decode_logits_step[0m[2m:[0m process_decode_logits: remaining=0, output_tokens=256, thinking_tokens=0
[2m2026-09-06T00:35:29.099630Z[0m [32m INFO[0m [2mspark::scheduler::mtp_accept_debug[0m[2m:[0m Done: 256 tokens (length) 47.1 tok/s, TTFT=1064.6ms, serial=1.00 mtp=0.00 p1=0.000 mean_na=0.000 tok_step=1.000 regime_reprobes=0
[2m2026-09-06T00:35:29.100016Z[0m [32m INFO[0m [2mspark_model::model::trait_impl::decode_checkpoint[0m[2m:[0m Saved finish-leaf SSM snapshot 5 for 1448 tokens
[2m2026-09-06T00:35:29.162380Z[0m [32m INFO[0m [2mspark::api::chat::prepare[0m[2m:[0m Request: model=Qwen/Qwen3.8-27B-FP8, messages=1, tools=0, tools_active=false, tool_choice=None, stream=true, temp=Some(0.0), max_tokens=256, freq_pen=Some(0.0), rep_pen=None
[2m2026-09-06T00:35:29.168743Z[0m [32m INFO[0m [2mspark::api::chat[0m[2m:[0m Session 0xf893adbbb52f4276: 1193 prompt tokens, tools=false (0 defined)
[2m2026-09-06T00:35:29.169182Z[0m [32m INFO[0m [2mspark::scheduler::prefill_a_step[0m[2m:[0m Chunked prefill start: 1193 prompt tokens, chunk_size=1193, max_tokens=256
[2m2026-09-06T00:35:29.953688Z[0m [32m INFO[0m [2mspark_model::model::trait_impl::prefill_b::save_checkpoint[0m[2m:[0m Intermediate SSM checkpoint saved at token 1168 (snapshot_id 3, block 73)
[2m2026-09-06T00:35:30.107601Z[0m [32m INFO[0m [2mspark_model::model::trait_impl::prefill_b::finalize_last[0m[2m:[0m Saved SSM snapshot 0 for 1193 tokens (75 blocks) [chunk]
[2m2026-09-06T00:35:30.236433Z[0m [32m INFO[0m [2mspark::scheduler::prefill_a_step[0m[2m:[0m Prefill first token: 760
[2m2026-09-06T00:35:30.236452Z[0m [32m INFO[0m [2mspark::scheduler::phase_start_prefills[0m[2m:[0m Prefilled (single chunk): seq_len=1193, remaining=255
[2m2026-09-06T00:35:30.719878Z[0m [32m INFO[0m [2mspark_model::model::trait_impl::decode_checkpoint[0m[2m:[0m decode-ckpt SAVE: snap_tokens=1216 end_block=76 snap_id=4 block_table_len=76 straddle=0
[2m2026-09-06T00:35:32.080030Z[0m [32m INFO[0m [2mspark_model::model::trait_impl::decode_checkpoint[0m[2m:[0m decode-ckpt SAVE: snap_tokens=1280 end_block=80 snap_id=13 block_table_len=80 straddle=0
[2m2026-09-06T00:35:33.442430Z[0m [32m INFO[0m [2mspark_model::model::trait_impl::decode_checkpoint[0m[2m:[0m decode-ckpt SAVE: snap_tokens=1344 end_block=84 snap_id=9 block_table_len=84 straddle=0
[2m2026-09-06T00:35:34.808763Z[0m [32m INFO[0m [2mspark_model::model::trait_impl::decode_checkpoint[0m[2m:[0m decode-ckpt SAVE: snap_tokens=1408 end_block=88 snap_id=14 block_table_len=88 straddle=0
[2m2026-09-06T00:35:35.665031Z[0m [32m INFO[0m [2mspark::scheduler::decode_logits_step[0m[2m:[0m process_decode_logits: remaining=0, output_tokens=256, thinking_tokens=0
[2m2026-09-06T00:35:35.665049Z[0m [32m INFO[0m [2mspark::scheduler::mtp_accept_debug[0m[2m:[0m Done: 256 tokens (length) 47.2 tok/s, TTFT=1067.3ms, serial=1.00 mtp=0.00 p1=0.000 mean_na=0.000 tok_step=1.000 regime_reprobes=0
[2m2026-09-06T00:35:35.665449Z[0m [32m INFO[0m [2mspark_model::model::trait_impl::decode_checkpoint[0m[2m:[0m Saved finish-leaf SSM snapshot 8 for 1448 tokens
[2m2026-09-06T00:35:35.725511Z[0m [32m INFO[0m [2mspark::api::chat::prepare[0m[2m:[0m Request: model=Qwen/Qwen3.8-27B-FP8, messages=1, tools=0, tools_active=false, tool_choice=None, stream=true, temp=Some(0.0), max_tokens=256, freq_pen=Some(0.0), rep_pen=None
[2m2026-09-06T00:35:35.731705Z[0m [32m INFO[0m [2mspark::api::chat[0m[2m:[0m Session 0x451fcd52a93674a2: 1193 prompt tokens, tools=false (0 defined)
[2m2026-09-06T00:35:35.732112Z[0m [32m INFO[0m [2mspark::scheduler::prefill_a_step[0m[2m:[0m Chunked prefill start: 1193 prompt tokens, chunk_size=1193, max_tokens=256
[2m2026-09-06T00:35:36.516396Z[0m [32m INFO[0m [2mspark_model::model::trait_impl::prefill_b::save_checkpoint[0m[2m:[0m Intermediate SSM checkpoint saved at token 1168 (snapshot_id 10, block 73)
[2m2026-09-06T00:35:36.776717Z[0m [32m INFO[0m [2mspark_model::model::trait_impl::prefill_b::finalize_last[0m[2m:[0m Saved SSM snapshot 12 for 1193 tokens (75 blocks) [chunk]
[2m2026-09-06T00:35:36.799897Z[0m [32m INFO[0m [2mspark::scheduler::prefill_a_step[0m[2m:[0m Prefill first token: 760
[2m2026-09-06T00:35:36.799912Z[0m [32m INFO[0m [2mspark::scheduler::phase_start_prefills[0m[2m:[0m Prefilled (single chunk): seq_len=1193, remaining=255
[2m2026-09-06T00:35:37.285493Z[0m [32m INFO[0m [2mspark_model::model::trait_impl::decode_checkpoint[0m[2m:[0m decode-ckpt SAVE: snap_tokens=1216 end_block=76 snap_id=1 block_table_len=76 straddle=0
[2m2026-09-06T00:35:38.645712Z[0m [32m INFO[0m [2mspark_model::model::trait_impl::decode_checkpoint[0m[2m:[0m decode-ckpt SAVE: snap_tokens=1280 end_block=80 snap_id=15 block_table_len=80 straddle=0
[2m2026-09-06T00:35:40.008832Z[0m [32m INFO[0m [2mspark_model::model::trait_impl::decode_checkpoint[0m[2m:[0m decode-ckpt SAVE: snap_tokens=1344 end_block=84 snap_id=7 block_table_len=84 straddle=0
[2m2026-09-06T00:35:41.374939Z[0m [32m INFO[0m [2mspark_model::model::trait_impl::decode_checkpoint[0m[2m:[0m decode-ckpt SAVE: snap_tokens=1408 end_block=88 snap_id=6 block_table_len=88 straddle=0
[2m2026-09-06T00:35:42.230594Z[0m [32m INFO[0m [2mspark::scheduler::decode_logits_step[0m[2m:[0m process_decode_logits: remaining=0, output_tokens=256, thinking_tokens=0
[2m2026-09-06T00:35:42.230612Z[0m [32m INFO[0m [2mspark::scheduler::mtp_accept_debug[0m[2m:[0m Done: 256 tokens (length) 47.1 tok/s, TTFT=1067.8ms, serial=1.00 mtp=0.00 p1=0.000 mean_na=0.000 tok_step=1.000 regime_reprobes=0
[2m2026-09-06T00:35:42.230968Z[0m [32m INFO[0m [2mspark_model::model::trait_impl::decode_checkpoint[0m[2m:[0m Saved finish-leaf SSM snapshot 11 for 1448 tokens
[2m2026-09-06T00:35:42.247266Z[0m [32m INFO[0m [2mspark::api::chat::prepare[0m[2m:[0m Request: model=Qwen/Qwen3.8-27B-FP8, messages=1, tools=0, tools_active=false, tool_choice=None, stream=true, temp=Some(0.0), max_tokens=256, freq_pen=Some(0.0), rep_pen=None
[2m2026-09-06T00:35:42.249641Z[0m [32m INFO[0m [2mspark::api::chat::prepare[0m[2m:[0m Request: model=Qwen/Qwen3.8-27B-FP8, messages=1, tools=0, tools_active=false, tool_choice=None, stream=true, temp=Some(0.0), max_tokens=256, freq_pen=Some(0.0), rep_pen=None
[2m2026-09-06T00:35:42.250628Z[0m [32m INFO[0m [2mspark::api::chat::prepare[0m[2m:[0m Request: model=Qwen/Qwen3.8-27B-FP8, messages=1, tools=0, tools_active=false, tool_choice=None, stream=true, temp=Some(0.0), max_tokens=256, freq_pen=Some(0.0), rep_pen=None
[2m2026-09-06T00:35:42.253073Z[0m [32m INFO[0m [2mspark::api::chat::prepare[0m[2m:[0m Request: model=Qwen/Qwen3.8-27B-FP8, messages=1, tools=0, tools_active=false, tool_choice=None, stream=true, temp=Some(0.0), max_tokens=256, freq_pen=Some(0.0), rep_pen=None
[2m2026-09-06T00:35:42.253126Z[0m [32m INFO[0m [2mspark::api::chat[0m[2m:[0m Session 0x1c13670f88bbbe70: 1193 prompt tokens, tools=false (0 defined)
[2m2026-09-06T00:35:42.253662Z[0m [32m INFO[0m [2mspark::scheduler::prefill_a_step[0m[2m:[0m Chunked prefill start: 1193 prompt tokens, chunk_size=1193, max_tokens=256
[2m2026-09-06T00:35:42.253838Z[0m [32m INFO[0m [2mspark::api::chat::prepare[0m[2m:[0m Request: model=Qwen/Qwen3.8-27B-FP8, messages=1, tools=0, tools_active=false, tool_choice=None, stream=true, temp=Some(0.0), max_tokens=256, freq_pen=Some(0.0), rep_pen=None
[2m2026-09-06T00:35:42.254434Z[0m [32m INFO[0m [2mspark::api::chat::prepare[0m[2m:[0m Request: model=Qwen/Qwen3.8-27B-FP8, messages=1, tools=0, tools_active=false, tool_choice=None, stream=true, temp=Some(0.0), max_tokens=256, freq_pen=Some(0.0), rep_pen=None
[2m2026-09-06T00:35:42.254589Z[0m [32m INFO[0m [2mspark::api::chat::prepare[0m[2m:[0m Request: model=Qwen/Qwen3.8-27B-FP8, messages=1, tools=0, tools_active=false, tool_choice=None, stream=true, temp=Some(0.0), max_tokens=256, freq_pen=Some(0.0), rep_pen=None
[2m2026-09-06T00:35:42.254640Z[0m [32m INFO[0m [2mspark::api::chat::prepare[0m[2m:[0m Request: model=Qwen/Qwen3.8-27B-FP8, messages=1, tools=0, tools_active=false, tool_choice=None, stream=true, temp=Some(0.0), max_tokens=256, freq_pen=Some(0.0), rep_pen=None
[2m2026-09-06T00:35:42.254768Z[0m [32m INFO[0m [2mspark::api::chat::prepare[0m[2m:[0m Request: model=Qwen/Qwen3.8-27B-FP8, messages=1, tools=0, tools_active=false, tool_choice=None, stream=true, temp=Some(0.0), max_tokens=256, freq_pen=Some(0.0), rep_pen=None
[2m2026-09-06T00:35:42.254848Z[0m [32m INFO[0m [2mspark::api::chat::prepare[0m[2m:[0m Request: model=Qwen/Qwen3.8-27B-FP8, messages=1, tools=0, tools_active=false, tool_choice=None, stream=true, temp=Some(0.0), max_tokens=256, freq_pen=Some(0.0), rep_pen=None
[2m2026-09-06T00:35:42.254972Z[0m [32m INFO[0m [2mspark::api::chat::prepare[0m[2m:[0m Request: model=Qwen/Qwen3.8-27B-FP8, messages=1, tools=0, tools_active=false, tool_choice=None, stream=true, temp=Some(0.0), max_tokens=256, freq_pen=Some(0.0), rep_pen=None
[2m2026-09-06T00:35:42.255108Z[0m [32m INFO[0m [2mspark::api::chat::prepare[0m[2m:[0m Request: model=Qwen/Qwen3.8-27B-FP8, messages=1, tools=0, tools_active=false, tool_choice=None, stream=true, temp=Some(0.0), max_tokens=256, freq_pen=Some(0.0), rep_pen=None
[2m2026-09-06T00:35:42.255230Z[0m [32m INFO[0m [2mspark::api::chat::prepare[0m[2m:[0m Request: model=Qwen/Qwen3.8-27B-FP8, messages=1, tools=0, tools_active=false, tool_choice=None, stream=true, temp=Some(0.0), max_tokens=256, freq_pen=Some(0.0), rep_pen=None
[2m2026-09-06T00:35:42.255883Z[0m [32m INFO[0m [2mspark::api::chat::prepare[0m[2m:[0m Request: model=Qwen/Qwen3.8-27B-FP8, messages=1, tools=0, tools_active=false, tool_choice=None, stream=true, temp=Some(0.0), max_tokens=256, freq_pen=Some(0.0), rep_pen=None
[2m2026-09-06T00:35:42.256015Z[0m [32m INFO[0m [2mspark::api::chat::prepare[0m[2m:[0m Request: model=Qwen/Qwen3.8-27B-FP8, messages=1, tools=0, tools_active=false, tool_choice=None, stream=true, temp=Some(0.0), max_tokens=256, freq_pen=Some(0.0), rep_pen=None
[2m2026-09-06T00:35:42.256207Z[0m [32m INFO[0m [2mspark::api::chat::prepare[0m[2m:[0m Request: model=Qwen/Qwen3.8-27B-FP8, messages=1, tools=0, tools_active=false, tool_choice=None, stream=true, temp=Some(0.0), max_tokens=256, freq_pen=Some(0.0), rep_pen=None
[2m2026-09-06T00:35:42.257691Z[0m [32m INFO[0m [2mspark::api::chat[0m[2m:[0m Session 0x88cdbd2ad121bcf0: 1193 prompt tokens, tools=false (0 defined)
[2m2026-09-06T00:35:42.258438Z[0m [32m INFO[0m [2mspark::api::chat[0m[2m:[0m Session 0x63c1dfb8d59ac70: 1193 prompt tokens, tools=false (0 defined)
[2m2026-09-06T00:35:42.258604Z[0m [32m INFO[0m [2mspark::api::chat[0m[2m:[0m Session 0x725c7a81d9f00b8e: 1193 prompt tokens, tools=false (0 defined)
[2m2026-09-06T00:35:42.261515Z[0m [32m INFO[0m [2mspark::api::chat[0m[2m:[0m Session 0x2f50b3938fb976ae: 1193 prompt tokens, tools=false (0 defined)
[2m2026-09-06T00:35:42.262225Z[0m [32m INFO[0m [2mspark::api::chat[0m[2m:[0m Session 0x6eeafdf473156bac: 1193 prompt tokens, tools=false (0 defined)
[2m2026-09-06T00:35:42.262281Z[0m [32m INFO[0m [2mspark::api::chat[0m[2m:[0m Session 0xf8c633772d1d05b9: 1193 prompt tokens, tools=false (0 defined)
[2m2026-09-06T00:35:42.262457Z[0m [32m INFO[0m [2mspark::api::chat[0m[2m:[0m Session 0x3c6befa3992afd15: 1193 prompt tokens, tools=false (0 defined)
[2m2026-09-06T00:35:42.262494Z[0m [32m INFO[0m [2mspark::api::chat[0m[2m:[0m Session 0xff15223a5e7a815d: 1193 prompt tokens, tools=false (0 defined)
[2m2026-09-06T00:35:42.262597Z[0m [32m INFO[0m [2mspark::api::chat[0m[2m:[0m Session 0xaf7be1cd801af5e2: 1193 prompt tokens, tools=false (0 defined)
[2m2026-09-06T00:35:42.262729Z[0m [32m INFO[0m [2mspark::api::chat[0m[2m:[0m Session 0xbb6738f990254e23: 1193 prompt tokens, tools=false (0 defined)
[2m2026-09-06T00:35:42.262853Z[0m [32m INFO[0m [2mspark::api::chat[0m[2m:[0m Session 0x4bfbcc01cb599456: 1193 prompt tokens, tools=false (0 defined)
[2m2026-09-06T00:35:42.263399Z[0m [32m INFO[0m [2mspark::api::chat[0m[2m:[0m Session 0x7065c074283ddc80: 1193 prompt tokens, tools=false (0 defined)
[2m2026-09-06T00:35:42.263541Z[0m [32m INFO[0m [2mspark::api::chat[0m[2m:[0m Session 0x5b5b81f36dd1fa19: 1193 prompt tokens, tools=false (0 defined)
[2m2026-09-06T00:35:42.263818Z[0m [32m INFO[0m [2mspark::api::chat[0m[2m:[0m Session 0x7eabae41b44b1f51: 1193 prompt tokens, tools=false (0 defined)
[2m2026-09-06T00:35:42.265778Z[0m [32m INFO[0m [2mspark::api::chat[0m[2m:[0m Session 0x355e3776bbcf288c: 1193 prompt tokens, tools=false (0 defined)
[2m2026-09-06T00:35:43.040230Z[0m [32m INFO[0m [2mspark_model::model::trait_impl::prefill_b::save_checkpoint[0m[2m:[0m Intermediate SSM checkpoint saved at token 1168 (snapshot_id 2, block 73)
[2m2026-09-06T00:35:43.193235Z[0m [32m INFO[0m [2mspark_model::model::trait_impl::prefill_b::finalize_last[0m[2m:[0m Saved SSM snapshot 5 for 1193 tokens (75 blocks) [chunk]
[2m2026-09-06T00:35:43.323843Z[0m [32m INFO[0m [2mspark::scheduler::prefill_a_step[0m[2m:[0m Prefill first token: 760
[2m2026-09-06T00:35:43.323871Z[0m [32m INFO[0m [2mspark::scheduler::phase_start_prefills[0m[2m:[0m Prefilled (single chunk): seq_len=1193, remaining=255
[2m2026-09-06T00:35:43.344351Z[0m [32m INFO[0m [2mspark::scheduler::prefill_a_step[0m[2m:[0m Chunked prefill start: 1193 prompt tokens, chunk_size=1193, max_tokens=256
[2m2026-09-06T00:35:44.123490Z[0m [32m INFO[0m [2mspark_model::model::trait_impl::prefill_b::save_checkpoint[0m[2m:[0m Intermediate SSM checkpoint saved at token 1168 (snapshot_id 3, block 73)
[2m2026-09-06T00:35:44.276743Z[0m [32m INFO[0m [2mspark_model::model::trait_impl::prefill_b::finalize_last[0m[2m:[0m Saved SSM snapshot 0 for 1193 tokens (75 blocks) [chunk]
[2m2026-09-06T00:35:44.407605Z[0m [32m INFO[0m [2mspark::scheduler::prefill_a_step[0m[2m:[0m Prefill first token: 760
[2m2026-09-06T00:35:44.407629Z[0m [32m INFO[0m [2mspark::scheduler::phase_start_prefills[0m[2m:[0m Prefilled (single chunk): seq_len=1193, remaining=255
[2m2026-09-06T00:35:44.407635Z[0m [32m INFO[0m [2mspark::scheduler::prefill_a_step[0m[2m:[0m Chunked prefill start: 1193 prompt tokens, chunk_size=1193, max_tokens=256
[2m2026-09-06T00:35:45.185588Z[0m [32m INFO[0m [2mspark_model::model::trait_impl::prefill_b::save_checkpoint[0m[2m:[0m Intermediate SSM checkpoint saved at token 1168 (snapshot_id 4, block 73)
[2m2026-09-06T00:35:45.339049Z[0m [32m INFO[0m [2mspark_model::model::trait_impl::prefill_b::finalize_last[0m[2m:[0m Saved SSM snapshot 13 for 1193 tokens (75 blocks) [chunk]
[2m2026-09-06T00:35:45.467796Z[0m [32m INFO[0m [2mspark::scheduler::prefill_a_step[0m[2m:[0m Prefill first token: 760
[2m2026-09-06T00:35:45.467820Z[0m [32m INFO[0m [2mspark::scheduler::phase_start_prefills[0m[2m:[0m Prefilled (single chunk): seq_len=1193, remaining=255
[2m2026-09-06T00:35:45.467828Z[0m [32m INFO[0m [2mspark::scheduler::prefill_a_step[0m[2m:[0m Chunked prefill start: 1193 prompt tokens, chunk_size=1193, max_tokens=256
[2m2026-09-06T00:35:46.244950Z[0m [32m INFO[0m [2mspark_model::model::trait_impl::prefill_b::save_checkpoint[0m[2m:[0m Intermediate SSM checkpoint saved at token 1168 (snapshot_id 9, block 73)
[2m2026-09-06T00:35:46.398900Z[0m [32m INFO[0m [2mspark_model::model::trait_impl::prefill_b::finalize_last[0m[2m:[0m Saved SSM snapshot 14 for 1193 tokens (75 blocks) [chunk]
[2m2026-09-06T00:35:46.527838Z[0m [32m INFO[0m [2mspark::scheduler::prefill_a_step[0m[2m:[0m Prefill first token: 760
[2m2026-09-06T00:35:46.527852Z[0m [32m INFO[0m [2mspark::scheduler::phase_start_prefills[0m[2m:[0m Prefilled (single chunk): seq_len=1193, remaining=255
[2m2026-09-06T00:35:47.516250Z[0m [32m INFO[0m [2mspark_model::model::trait_impl::decode_checkpoint[0m[2m:[0m decode-ckpt SAVE: snap_tokens=1216 end_block=76 snap_id=8 block_table_len=76 straddle=0
[2m2026-09-06T00:35:47.561819Z[0m [32m INFO[0m [2mspark_model::model::trait_impl::decode_checkpoint[0m[2m:[0m decode-ckpt SAVE: snap_tokens=1216 end_block=76 snap_id=10 block_table_len=76 straddle=0
[2m2026-09-06T00:35:47.562189Z[0m [32m INFO[0m [2mspark_model::model::trait_impl::decode_checkpoint[0m[2m:[0m decode-ckpt SAVE: snap_tokens=1216 end_block=76 snap_id=12 block_table_len=76 straddle=0
[2m2026-09-06T00:35:47.562563Z[0m [32m INFO[0m [2mspark_model::model::trait_impl::decode_checkpoint[0m[2m:[0m decode-ckpt SAVE: snap_tokens=1216 end_block=76 snap_id=1 block_table_len=76 straddle=0
[2m2026-09-06T00:35:50.409253Z[0m [32m INFO[0m [2mspark_model::model::trait_impl::decode_checkpoint[0m[2m:[0m decode-ckpt SAVE: snap_tokens=1280 end_block=80 snap_id=15 block_table_len=80 straddle=0
[2m2026-09-06T00:35:50.454902Z[0m [32m INFO[0m [2mspark_model::model::trait_impl::decode_checkpoint[0m[2m:[0m decode-ckpt SAVE: snap_tokens=1280 end_block=80 snap_id=7 block_table_len=80 straddle=0
[2m2026-09-06T00:35:50.455732Z[0m [32m INFO[0m [2mspark_model::model::trait_impl::decode_checkpoint[0m[2m:[0m decode-ckpt SAVE: snap_tokens=1280 end_block=80 snap_id=6 block_table_len=80 straddle=0
[2m2026-09-06T00:35:50.456149Z[0m [32m INFO[0m [2mspark_model::model::trait_impl::decode_checkpoint[0m[2m:[0m decode-ckpt SAVE: snap_tokens=1280 end_block=80 snap_id=11 block_table_len=80 straddle=0
[2m2026-09-06T00:35:53.304698Z[0m [32m INFO[0m [2mspark_model::model::trait_impl::decode_checkpoint[0m[2m:[0m decode-ckpt SAVE: snap_tokens=1344 end_block=84 snap_id=2 block_table_len=84 straddle=0
[2m2026-09-06T00:35:53.350334Z[0m [32m INFO[0m [2mspark_model::model::trait_impl::decode_checkpoint[0m[2m:[0m decode-ckpt SAVE: snap_tokens=1344 end_block=84 snap_id=3 block_table_len=84 straddle=0
[2m2026-09-06T00:35:53.350550Z[0m [32m INFO[0m [2mspark_model::model::trait_impl::decode_checkpoint[0m[2m:[0m decode-ckpt SAVE: snap_tokens=1344 end_block=84 snap_id=4 block_table_len=84 straddle=0
[2m2026-09-06T00:35:53.350769Z[0m [32m INFO[0m [2mspark_model::model::trait_impl::decode_checkpoint[0m[2m:[0m decode-ckpt SAVE: snap_tokens=1344 end_block=84 snap_id=9 block_table_len=84 straddle=0
[2m2026-09-06T00:35:56.204540Z[0m [32m INFO[0m [2mspark_model::model::trait_impl::decode_checkpoint[0m[2m:[0m decode-ckpt SAVE: snap_tokens=1408 end_block=88 snap_id=5 block_table_len=88 straddle=0
[2m2026-09-06T00:35:56.250180Z[0m [32m INFO[0m [2mspark_model::model::trait_impl::decode_checkpoint[0m[2m:[0m decode-ckpt SAVE: snap_tokens=1408 end_block=88 snap_id=0 block_table_len=88 straddle=0
[2m2026-09-06T00:35:56.250399Z[0m [32m INFO[0m [2mspark_model::model::trait_impl::decode_checkpoint[0m[2m:[0m decode-ckpt SAVE: snap_tokens=1408 end_block=88 snap_id=13 block_table_len=88 straddle=0
[2m2026-09-06T00:35:56.250627Z[0m [32m INFO[0m [2mspark_model::model::trait_impl::decode_checkpoint[0m[2m:[0m decode-ckpt SAVE: snap_tokens=1408 end_block=88 snap_id=14 block_table_len=88 straddle=0
[2m2026-09-06T00:35:58.018131Z[0m [32m INFO[0m [2mspark::scheduler::decode_logits_step[0m[2m:[0m process_decode_logits: remaining=0, output_tokens=256, thinking_tokens=0
[2m2026-09-06T00:35:58.018152Z[0m [32m INFO[0m [2mspark::scheduler::mtp_accept_debug[0m[2m:[0m Done: 256 tokens (length) 17.4 tok/s, TTFT=1070.2ms, serial=1.00 mtp=0.00 p1=0.000 mean_na=0.000 tok_step=1.000 regime_reprobes=0
[2m2026-09-06T00:35:58.018378Z[0m [32m INFO[0m [2mspark_model::model::trait_impl::decode_checkpoint[0m[2m:[0m Saved finish-leaf SSM snapshot 8 for 1448 tokens
[2m2026-09-06T00:35:58.019234Z[0m [32m INFO[0m [2mspark::scheduler::prefill_a_step[0m[2m:[0m Chunked prefill start: 1193 prompt tokens, chunk_size=1193, max_tokens=256
[2m2026-09-06T00:35:58.795838Z[0m [32m INFO[0m [2mspark_model::model::trait_impl::prefill_b::save_checkpoint[0m[2m:[0m Intermediate SSM checkpoint saved at token 1168 (snapshot_id 10, block 73)
[2m2026-09-06T00:35:58.950272Z[0m [32m INFO[0m [2mspark_model::model::trait_impl::prefill_b::finalize_last[0m[2m:[0m Saved SSM snapshot 7 for 1193 tokens (75 blocks) [chunk]
[2m2026-09-06T00:35:59.079275Z[0m [32m INFO[0m [2mspark::scheduler::prefill_a_step[0m[2m:[0m Prefill first token: 760
[2m2026-09-06T00:35:59.079286Z[0m [32m INFO[0m [2mspark::scheduler::phase_start_prefills[0m[2m:[0m Prefilled (single chunk): seq_len=1193, remaining=255
[2m2026-09-06T00:35:59.122941Z[0m [32m INFO[0m [2mspark::scheduler::decode_logits_step[0m[2m:[0m process_decode_logits: remaining=0, output_tokens=256, thinking_tokens=0
[2m2026-09-06T00:35:59.122945Z[0m [32m INFO[0m [2mspark::scheduler::decode_logits_step[0m[2m:[0m process_decode_logits: remaining=0, output_tokens=256, thinking_tokens=0
[2m2026-09-06T00:35:59.122948Z[0m [32m INFO[0m [2mspark::scheduler::decode_logits_step[0m[2m:[0m process_decode_logits: remaining=0, output_tokens=256, thinking_tokens=0
[2m2026-09-06T00:35:59.122956Z[0m [32m INFO[0m [2mspark::scheduler::mtp_accept_debug[0m[2m:[0m Done: 256 tokens (length) 20.3 tok/s, TTFT=1060.0ms, serial=1.00 mtp=0.00 p1=0.000 mean_na=0.000 tok_step=1.000 regime_reprobes=0
[2m2026-09-06T00:35:59.123186Z[0m [32m INFO[0m [2mspark_model::model::trait_impl::decode_checkpoint[0m[2m:[0m Saved finish-leaf SSM snapshot 3 for 1448 tokens
[2m2026-09-06T00:35:59.123671Z[0m [32m INFO[0m [2mspark::scheduler::mtp_accept_debug[0m[2m:[0m Done: 256 tokens (length) 17.4 tok/s, TTFT=1063.3ms, serial=1.00 mtp=0.00 p1=0.000 mean_na=0.000 tok_step=1.000 regime_reprobes=0
[2m2026-09-06T00:35:59.123887Z[0m [32m INFO[0m [2mspark_model::model::trait_impl::decode_checkpoint[0m[2m:[0m Saved finish-leaf SSM snapshot 0 for 1448 tokens
[2m2026-09-06T00:35:59.124386Z[0m [32m INFO[0m [2mspark::scheduler::mtp_accept_debug[0m[2m:[0m Done: 256 tokens (length) 18.7 tok/s, TTFT=1060.2ms, serial=1.00 mtp=0.00 p1=0.000 mean_na=0.000 tok_step=1.000 regime_reprobes=0
[2m2026-09-06T00:35:59.124602Z[0m [32m INFO[0m [2mspark_model::model::trait_impl::decode_checkpoint[0m[2m:[0m Saved finish-leaf SSM snapshot 12 for 1448 tokens
[2m2026-09-06T00:35:59.125509Z[0m [32m INFO[0m [2mspark::scheduler::prefill_a_step[0m[2m:[0m Chunked prefill start: 1193 prompt tokens, chunk_size=1193, max_tokens=256
[2m2026-09-06T00:35:59.900680Z[0m [32m INFO[0m [2mspark_model::model::trait_impl::prefill_b::save_checkpoint[0m[2m:[0m Intermediate SSM checkpoint saved at token 1168 (snapshot_id 15, block 73)
[2m2026-09-06T00:36:00.159355Z[0m [32m INFO[0m [2mspark_model::model::trait_impl::prefill_b::finalize_last[0m[2m:[0m Saved SSM snapshot 2 for 1193 tokens (75 blocks) [chunk]
[2m2026-09-06T00:36:00.182621Z[0m [32m INFO[0m [2mspark::scheduler::prefill_a_step[0m[2m:[0m Prefill first token: 760
[2m2026-09-06T00:36:00.182631Z[0m [32m INFO[0m [2mspark::scheduler::phase_start_prefills[0m[2m:[0m Prefilled (single chunk): seq_len=1193, remaining=255
[2m2026-09-06T00:36:00.182634Z[0m [32m INFO[0m [2mspark::scheduler::prefill_a_step[0m[2m:[0m Chunked prefill start: 1193 prompt tokens, chunk_size=1193, max_tokens=256
[2m2026-09-06T00:36:00.956496Z[0m [32m INFO[0m [2mspark_model::model::trait_impl::prefill_b::save_checkpoint[0m[2m:[0m Intermediate SSM checkpoint saved at token 1168 (snapshot_id 5, block 73)
[2m2026-09-06T00:36:01.110709Z[0m [32m INFO[0m [2mspark_model::model::trait_impl::prefill_b::finalize_last[0m[2m:[0m Saved SSM snapshot 8 for 1193 tokens (75 blocks) [chunk]
[2m2026-09-06T00:36:01.239442Z[0m [32m INFO[0m [2mspark::scheduler::prefill_a_step[0m[2m:[0m Prefill first token: 760
[2m2026-09-06T00:36:01.239452Z[0m [32m INFO[0m [2mspark::scheduler::phase_start_prefills[0m[2m:[0m Prefilled (single chunk): seq_len=1193, remaining=255
[2m2026-09-06T00:36:01.239454Z[0m [32m INFO[0m [2mspark::scheduler::prefill_a_step[0m[2m:[0m Chunked prefill start: 1193 prompt tokens, chunk_size=1193, max_tokens=256
[2m2026-09-06T00:36:02.014746Z[0m [32m INFO[0m [2mspark_model::model::trait_impl::prefill_b::save_checkpoint[0m[2m:[0m Intermediate SSM checkpoint saved at token 1168 (snapshot_id 10, block 73)
[2m2026-09-06T00:36:02.167541Z[0m [32m INFO[0m [2mspark_model::model::trait_impl::prefill_b::finalize_last[0m[2m:[0m Saved SSM snapshot 7 for 1193 tokens (75 blocks) [chunk]
[2m2026-09-06T00:36:02.295826Z[0m [32m INFO[0m [2mspark::scheduler::prefill_a_step[0m[2m:[0m Prefill first token: 760
[2m2026-09-06T00:36:02.295835Z[0m [32m INFO[0m [2mspark::scheduler::phase_start_prefills[0m[2m:[0m Prefilled (single chunk): seq_len=1193, remaining=255
[2m2026-09-06T00:36:03.286073Z[0m [32m INFO[0m [2mspark_model::model::trait_impl::decode_checkpoint[0m[2m:[0m decode-ckpt SAVE: snap_tokens=1216 end_block=76 snap_id=1 block_table_len=76 straddle=0
[2m2026-09-06T00:36:03.331607Z[0m [32m INFO[0m [2mspark_model::model::trait_impl::decode_checkpoint[0m[2m:[0m decode-ckpt SAVE: snap_tokens=1216 end_block=76 snap_id=11 block_table_len=76 straddle=0
[2m2026-09-06T00:36:03.331825Z[0m [32m INFO[0m [2mspark_model::model::trait_impl::decode_checkpoint[0m[2m:[0m decode-ckpt SAVE: snap_tokens=1216 end_block=76 snap_id=9 block_table_len=76 straddle=0
[2m2026-09-06T00:36:03.332044Z[0m [32m INFO[0m [2mspark_model::model::trait_impl::decode_checkpoint[0m[2m:[0m decode-ckpt SAVE: snap_tokens=1216 end_block=76 snap_id=14 block_table_len=76 straddle=0
[2m2026-09-06T00:36:06.177521Z[0m [32m INFO[0m [2mspark_model::model::trait_impl::decode_checkpoint[0m[2m:[0m decode-ckpt SAVE: snap_tokens=1280 end_block=80 snap_id=3 block_table_len=80 straddle=0
[2m2026-09-06T00:36:06.223060Z[0m [32m INFO[0m [2mspark_model::model::trait_impl::decode_checkpoint[0m[2m:[0m decode-ckpt SAVE: snap_tokens=1280 end_block=80 snap_id=0 block_table_len=80 straddle=0
[2m2026-09-06T00:36:06.223286Z[0m [32m INFO[0m [2mspark_model::model::trait_impl::decode_checkpoint[0m[2m:[0m decode-ckpt SAVE: snap_tokens=1280 end_block=80 snap_id=6 block_table_len=80 straddle=0
[2m2026-09-06T00:36:06.223501Z[0m [32m INFO[0m [2mspark_model::model::trait_impl::decode_checkpoint[0m[2m:[0m decode-ckpt SAVE: snap_tokens=1280 end_block=80 snap_id=4 block_table_len=80 straddle=0
[2m2026-09-06T00:36:09.072096Z[0m [32m INFO[0m [2mspark_model::model::trait_impl::decode_checkpoint[0m[2m:[0m decode-ckpt SAVE: snap_tokens=1344 end_block=84 snap_id=13 block_table_len=84 straddle=0
[2m2026-09-06T00:36:09.117752Z[0m [32m INFO[0m [2mspark_model::model::trait_impl::decode_checkpoint[0m[2m:[0m decode-ckpt SAVE: snap_tokens=1344 end_block=84 snap_id=12 block_table_len=84 straddle=0
[2m2026-09-06T00:36:09.117966Z[0m [32m INFO[0m [2mspark_model::model::trait_impl::decode_checkpoint[0m[2m:[0m decode-ckpt SAVE: snap_tokens=1344 end_block=84 snap_id=10 block_table_len=84 straddle=0
[2m2026-09-06T00:36:09.118186Z[0m [32m INFO[0m [2mspark_model::model::trait_impl::decode_checkpoint[0m[2m:[0m decode-ckpt SAVE: snap_tokens=1344 end_block=84 snap_id=15 block_table_len=84 straddle=0
[2m2026-09-06T00:36:11.970842Z[0m [32m INFO[0m [2mspark_model::model::trait_impl::decode_checkpoint[0m[2m:[0m decode-ckpt SAVE: snap_tokens=1408 end_block=88 snap_id=1 block_table_len=88 straddle=0
[2m2026-09-06T00:36:12.016352Z[0m [32m INFO[0m [2mspark_model::model::trait_impl::decode_checkpoint[0m[2m:[0m decode-ckpt SAVE: snap_tokens=1408 end_block=88 snap_id=5 block_table_len=88 straddle=0
[2m2026-09-06T00:36:12.016609Z[0m [32m INFO[0m [2mspark_model::model::trait_impl::decode_checkpoint[0m[2m:[0m decode-ckpt SAVE: snap_tokens=1408 end_block=88 snap_id=7 block_table_len=88 straddle=0
[2m2026-09-06T00:36:12.016846Z[0m [32m INFO[0m [2mspark_model::model::trait_impl::decode_checkpoint[0m[2m:[0m decode-ckpt SAVE: snap_tokens=1408 end_block=88 snap_id=2 block_table_len=88 straddle=0
[2m2026-09-06T00:36:13.784622Z[0m [32m INFO[0m [2mspark::scheduler::decode_logits_step[0m[2m:[0m process_decode_logits: remaining=0, output_tokens=256, thinking_tokens=0
[2m2026-09-06T00:36:13.784640Z[0m [32m INFO[0m [2mspark::scheduler::mtp_accept_debug[0m[2m:[0m Done: 256 tokens (length) 17.4 tok/s, TTFT=1060.1ms, serial=1.00 mtp=0.00 p1=0.000 mean_na=0.000 tok_step=1.000 regime_reprobes=0
[2m2026-09-06T00:36:13.784860Z[0m [32m INFO[0m [2mspark_model::model::trait_impl::decode_checkpoint[0m[2m:[0m Saved finish-leaf SSM snapshot 3 for 1448 tokens
[2m2026-09-06T00:36:13.785848Z[0m [32m INFO[0m [2mspark::scheduler::prefill_a_step[0m[2m:[0m Chunked prefill start: 1193 prompt tokens, chunk_size=1193, max_tokens=256
[2m2026-09-06T00:36:14.561170Z[0m [32m INFO[0m [2mspark_model::model::trait_impl::prefill_b::save_checkpoint[0m[2m:[0m Intermediate SSM checkpoint saved at token 1168 (snapshot_id 8, block 73)
[2m2026-09-06T00:36:14.715178Z[0m [32m INFO[0m [2mspark_model::model::trait_impl::prefill_b::finalize_last[0m[2m:[0m Saved SSM snapshot 11 for 1193 tokens (75 blocks) [chunk]
[2m2026-09-06T00:36:14.843765Z[0m [32m INFO[0m [2mspark::scheduler::prefill_a_step[0m[2m:[0m Prefill first token: 760
[2m2026-09-06T00:36:14.843779Z[0m [32m INFO[0m [2mspark::scheduler::phase_start_prefills[0m[2m:[0m Prefilled (single chunk): seq_len=1193, remaining=255
[2m2026-09-06T00:36:14.887615Z[0m [32m INFO[0m [2mspark::scheduler::decode_logits_step[0m[2m:[0m process_decode_logits: remaining=0, output_tokens=256, thinking_tokens=0
[2m2026-09-06T00:36:14.887620Z[0m [32m INFO[0m [2mspark::scheduler::decode_logits_step[0m[2m:[0m process_decode_logits: remaining=0, output_tokens=256, thinking_tokens=0
[2m2026-09-06T00:36:14.887623Z[0m [32m INFO[0m [2mspark::scheduler::decode_logits_step[0m[2m:[0m process_decode_logits: remaining=0, output_tokens=256, thinking_tokens=0
[2m2026-09-06T00:36:14.887632Z[0m [32m INFO[0m [2mspark::scheduler::mtp_accept_debug[0m[2m:[0m Done: 256 tokens (length) 17.4 tok/s, TTFT=1057.1ms, serial=1.00 mtp=0.00 p1=0.000 mean_na=0.000 tok_step=1.000 regime_reprobes=0
[2m2026-09-06T00:36:14.888002Z[0m [32m INFO[0m [2mspark_model::model::trait_impl::decode_checkpoint[0m[2m:[0m Saved finish-leaf SSM snapshot 0 for 1448 tokens
[2m2026-09-06T00:36:14.888437Z[0m [32m INFO[0m [2mspark::scheduler::mtp_accept_debug[0m[2m:[0m Done: 256 tokens (length) 18.8 tok/s, TTFT=1056.8ms, serial=1.00 mtp=0.00 p1=0.000 mean_na=0.000 tok_step=1.000 regime_reprobes=0
[2m2026-09-06T00:36:14.888730Z[0m [32m INFO[0m [2mspark_model::model::trait_impl::decode_checkpoint[0m[2m:[0m Saved finish-leaf SSM snapshot 12 for 1448 tokens
[2m2026-09-06T00:36:14.889120Z[0m [32m INFO[0m [2mspark::scheduler::mtp_accept_debug[0m[2m:[0m Done: 256 tokens (length) 20.3 tok/s, TTFT=1056.4ms, serial=1.00 mtp=0.00 p1=0.000 mean_na=0.000 tok_step=1.000 regime_reprobes=0
[2m2026-09-06T00:36:14.889376Z[0m [32m INFO[0m [2mspark_model::model::trait_impl::decode_checkpoint[0m[2m:[0m Saved finish-leaf SSM snapshot 9 for 1448 tokens
[2m2026-09-06T00:36:14.890227Z[0m [32m INFO[0m [2mspark::scheduler::prefill_a_step[0m[2m:[0m Chunked prefill start: 1193 prompt tokens, chunk_size=1193, max_tokens=256
[2m2026-09-06T00:36:15.664240Z[0m [32m INFO[0m [2mspark_model::model::trait_impl::prefill_b::save_checkpoint[0m[2m:[0m Intermediate SSM checkpoint saved at token 1168 (snapshot_id 13, block 73)
[2m2026-09-06T00:36:15.818268Z[0m [32m INFO[0m [2mspark_model::model::trait_impl::prefill_b::finalize_last[0m[2m:[0m Saved SSM snapshot 1 for 1193 tokens (75 blocks) [chunk]
[2m2026-09-06T00:36:15.946703Z[0m [32m INFO[0m [2mspark::scheduler::prefill_a_step[0m[2m:[0m Prefill first token: 760
[2m2026-09-06T00:36:15.946713Z[0m [32m INFO[0m [2mspark::scheduler::phase_start_prefills[0m[2m:[0m Prefilled (single chunk): seq_len=1193, remaining=255
[2m2026-09-06T00:36:15.946716Z[0m [32m INFO[0m [2mspark::scheduler::prefill_a_step[0m[2m:[0m Chunked prefill start: 1193 prompt tokens, chunk_size=1193, max_tokens=256
[2m2026-09-06T00:36:16.720187Z[0m [32m INFO[0m [2mspark_model::model::trait_impl::prefill_b::save_checkpoint[0m[2m:[0m Intermediate SSM checkpoint saved at token 1168 (snapshot_id 3, block 73)
[2m2026-09-06T00:36:16.874555Z[0m [32m INFO[0m [2mspark_model::model::trait_impl::prefill_b::finalize_last[0m[2m:[0m Saved SSM snapshot 8 for 1193 tokens (75 blocks) [chunk]
[2m2026-09-06T00:36:17.003739Z[0m [32m INFO[0m [2mspark::scheduler::prefill_a_step[0m[2m:[0m Prefill first token: 760
[2m2026-09-06T00:36:17.003753Z[0m [32m INFO[0m [2mspark::scheduler::phase_start_prefills[0m[2m:[0m Prefilled (single chunk): seq_len=1193, remaining=255
[2m2026-09-06T00:36:17.003758Z[0m [32m INFO[0m [2mspark::scheduler::prefill_a_step[0m[2m:[0m Chunked prefill start: 1193 prompt tokens, chunk_size=1193, max_tokens=256
[2m2026-09-06T00:36:17.779475Z[0m [32m INFO[0m [2mspark_model::model::trait_impl::prefill_b::save_checkpoint[0m[2m:[0m Intermediate SSM checkpoint saved at token 1168 (snapshot_id 11, block 73)
[2m2026-09-06T00:36:17.933075Z[0m [32m INFO[0m [2mspark_model::model::trait_impl::prefill_b::finalize_last[0m[2m:[0m Saved SSM snapshot 14 for 1193 tokens (75 blocks) [chunk]
[2m2026-09-06T00:36:18.061481Z[0m [32m INFO[0m [2mspark::scheduler::prefill_a_step[0m[2m:[0m Prefill first token: 760
[2m2026-09-06T00:36:18.061495Z[0m [32m INFO[0m [2mspark::scheduler::phase_start_prefills[0m[2m:[0m Prefilled (single chunk): seq_len=1193, remaining=255
[2m2026-09-06T00:36:19.049994Z[0m [32m INFO[0m [2mspark_model::model::trait_impl::decode_checkpoint[0m[2m:[0m decode-ckpt SAVE: snap_tokens=1216 end_block=76 snap_id=4 block_table_len=76 straddle=0
[2m2026-09-06T00:36:19.095488Z[0m [32m INFO[0m [2mspark_model::model::trait_impl::decode_checkpoint[0m[2m:[0m decode-ckpt SAVE: snap_tokens=1216 end_block=76 snap_id=15 block_table_len=76 straddle=0
[2m2026-09-06T00:36:19.095702Z[0m [32m INFO[0m [2mspark_model::model::trait_impl::decode_checkpoint[0m[2m:[0m decode-ckpt SAVE: snap_tokens=1216 end_block=76 snap_id=2 block_table_len=76 straddle=0
[2m2026-09-06T00:36:19.095915Z[0m [32m INFO[0m [2mspark_model::model::trait_impl::decode_checkpoint[0m[2m:[0m decode-ckpt SAVE: snap_tokens=1216 end_block=76 snap_id=0 block_table_len=76 straddle=0
[2m2026-09-06T00:36:21.942688Z[0m [32m INFO[0m [2mspark_model::model::trait_impl::decode_checkpoint[0m[2m:[0m decode-ckpt SAVE: snap_tokens=1280 end_block=80 snap_id=5 block_table_len=80 straddle=0
[2m2026-09-06T00:36:21.988260Z[0m [32m INFO[0m [2mspark_model::model::trait_impl::decode_checkpoint[0m[2m:[0m decode-ckpt SAVE: snap_tokens=1280 end_block=80 snap_id=12 block_table_len=80 straddle=0
[2m2026-09-06T00:36:21.988548Z[0m [32m INFO[0m [2mspark_model::model::trait_impl::decode_checkpoint[0m[2m:[0m decode-ckpt SAVE: snap_tokens=1280 end_block=80 snap_id=6 block_table_len=80 straddle=0
[2m2026-09-06T00:36:21.988813Z[0m [32m INFO[0m [2mspark_model::model::trait_impl::decode_checkpoint[0m[2m:[0m decode-ckpt SAVE: snap_tokens=1280 end_block=80 snap_id=10 block_table_len=80 straddle=0
[2m2026-09-06T00:36:24.837440Z[0m [32m INFO[0m [2mspark_model::model::trait_impl::decode_checkpoint[0m[2m:[0m decode-ckpt SAVE: snap_tokens=1344 end_block=84 snap_id=7 block_table_len=84 straddle=0
[2m2026-09-06T00:36:24.883014Z[0m [32m INFO[0m [2mspark_model::model::trait_impl::decode_checkpoint[0m[2m:[0m decode-ckpt SAVE: snap_tokens=1344 end_block=84 snap_id=9 block_table_len=84 straddle=0
[2m2026-09-06T00:36:24.883243Z[0m [32m INFO[0m [2mspark_model::model::trait_impl::decode_checkpoint[0m[2m:[0m decode-ckpt SAVE: snap_tokens=1344 end_block=84 snap_id=11 block_table_len=84 straddle=0
[2m2026-09-06T00:36:24.883470Z[0m [32m INFO[0m [2mspark_model::model::trait_impl::decode_checkpoint[0m[2m:[0m decode-ckpt SAVE: snap_tokens=1344 end_block=84 snap_id=13 block_table_len=84 straddle=0
[2m2026-09-06T00:36:27.736024Z[0m [32m INFO[0m [2mspark_model::model::trait_impl::decode_checkpoint[0m[2m:[0m decode-ckpt SAVE: snap_tokens=1408 end_block=88 snap_id=4 block_table_len=88 straddle=0
[2m2026-09-06T00:36:27.782229Z[0m [32m INFO[0m [2mspark_model::model::trait_impl::decode_checkpoint[0m[2m:[0m decode-ckpt SAVE: snap_tokens=1408 end_block=88 snap_id=3 block_table_len=88 straddle=0
[2m2026-09-06T00:36:27.782458Z[0m [32m INFO[0m [2mspark_model::model::trait_impl::decode_checkpoint[0m[2m:[0m decode-ckpt SAVE: snap_tokens=1408 end_block=88 snap_id=14 block_table_len=88 straddle=0
[2m2026-09-06T00:36:27.782680Z[0m [32m INFO[0m [2mspark_model::model::trait_impl::decode_checkpoint[0m[2m:[0m decode-ckpt SAVE: snap_tokens=1408 end_block=88 snap_id=1 block_table_len=88 straddle=0
[2m2026-09-06T00:36:29.551049Z[0m [32m INFO[0m [2mspark::scheduler::decode_logits_step[0m[2m:[0m process_decode_logits: remaining=0, output_tokens=256, thinking_tokens=0
[2m2026-09-06T00:36:29.551282Z[0m [32m INFO[0m [2mspark::scheduler::mtp_accept_debug[0m[2m:[0m Done: 256 tokens (length) 17.4 tok/s, TTFT=1057.9ms, serial=1.00 mtp=0.00 p1=0.000 mean_na=0.000 tok_step=1.000 regime_reprobes=0
[2m2026-09-06T00:36:29.551500Z[0m [32m INFO[0m [2mspark_model::model::trait_impl::decode_checkpoint[0m[2m:[0m Saved finish-leaf SSM snapshot 5 for 1448 tokens
[2m2026-09-06T00:36:29.552602Z[0m [32m INFO[0m [2mspark::scheduler::prefill_a_step[0m[2m:[0m Chunked prefill start: 1193 prompt tokens, chunk_size=1193, max_tokens=256
[2m2026-09-06T00:36:30.330607Z[0m [32m INFO[0m [2mspark_model::model::trait_impl::prefill_b::save_checkpoint[0m[2m:[0m Intermediate SSM checkpoint saved at token 1168 (snapshot_id 8, block 73)
[2m2026-09-06T00:36:30.591529Z[0m [32m INFO[0m [2mspark_model::model::trait_impl::prefill_b::finalize_last[0m[2m:[0m Saved SSM snapshot 15 for 1193 tokens (75 blocks) [chunk]
[2m2026-09-06T00:36:30.615069Z[0m [32m INFO[0m [2mspark::scheduler::prefill_a_step[0m[2m:[0m Prefill first token: 760
[2m2026-09-06T00:36:30.615081Z[0m [32m INFO[0m [2mspark::scheduler::phase_start_prefills[0m[2m:[0m Prefilled (single chunk): seq_len=1193, remaining=255
[2m2026-09-06T00:36:30.659582Z[0m [32m INFO[0m [2mspark::scheduler::decode_logits_step[0m[2m:[0m process_decode_logits: remaining=0, output_tokens=256, thinking_tokens=0
[2m2026-09-06T00:36:30.659586Z[0m [32m INFO[0m [2mspark::scheduler::decode_logits_step[0m[2m:[0m process_decode_logits: remaining=0, output_tokens=256, thinking_tokens=0
[2m2026-09-06T00:36:30.659589Z[0m [32m INFO[0m [2mspark::scheduler::decode_logits_step[0m[2m:[0m process_decode_logits: remaining=0, output_tokens=256, thinking_tokens=0
[2m2026-09-06T00:36:30.659597Z[0m [32m INFO[0m [2mspark::scheduler::mtp_accept_debug[0m[2m:[0m Done: 256 tokens (length) 17.4 tok/s, TTFT=1056.5ms, serial=1.00 mtp=0.00 p1=0.000 mean_na=0.000 tok_step=1.000 regime_reprobes=0
[2m2026-09-06T00:36:30.659835Z[0m [32m INFO[0m [2mspark_model::model::trait_impl::decode_checkpoint[0m[2m:[0m Saved finish-leaf SSM snapshot 12 for 1448 tokens
[2m2026-09-06T00:36:30.660337Z[0m [32m INFO[0m [2mspark::scheduler::mtp_accept_debug[0m[2m:[0m Done: 256 tokens (length) 18.7 tok/s, TTFT=1057.0ms, serial=1.00 mtp=0.00 p1=0.000 mean_na=0.000 tok_step=1.000 regime_reprobes=0
[2m2026-09-06T00:36:30.660562Z[0m [32m INFO[0m [2mspark_model::model::trait_impl::decode_checkpoint[0m[2m:[0m Saved finish-leaf SSM snapshot 9 for 1448 tokens
[2m2026-09-06T00:36:30.661066Z[0m [32m INFO[0m [2mspark::scheduler::mtp_accept_debug[0m[2m:[0m Done: 256 tokens (length) 20.3 tok/s, TTFT=1057.7ms, serial=1.00 mtp=0.00 p1=0.000 mean_na=0.000 tok_step=1.000 regime_reprobes=0
[2m2026-09-06T00:36:30.661285Z[0m [32m INFO[0m [2mspark_model::model::trait_impl::decode_checkpoint[0m[2m:[0m Saved finish-leaf SSM snapshot 2 for 1448 tokens
[2m2026-09-06T00:36:30.662212Z[0m [32m INFO[0m [2mspark::scheduler::prefill_a_step[0m[2m:[0m Chunked prefill start: 1193 prompt tokens, chunk_size=1193, max_tokens=256
[2m2026-09-06T00:36:31.438277Z[0m [32m INFO[0m [2mspark_model::model::trait_impl::prefill_b::save_checkpoint[0m[2m:[0m Intermediate SSM checkpoint saved at token 1168 (snapshot_id 7, block 73)
[2m2026-09-06T00:36:31.591908Z[0m [32m INFO[0m [2mspark_model::model::trait_impl::prefill_b::finalize_last[0m[2m:[0m Saved SSM snapshot 4 for 1193 tokens (75 blocks) [chunk]
[2m2026-09-06T00:36:31.722090Z[0m [32m INFO[0m [2mspark::scheduler::prefill_a_step[0m[2m:[0m Prefill first token: 760
[2m2026-09-06T00:36:31.722100Z[0m [32m INFO[0m [2mspark::scheduler::phase_start_prefills[0m[2m:[0m Prefilled (single chunk): seq_len=1193, remaining=255
[2m2026-09-06T00:36:31.722102Z[0m [32m INFO[0m [2mspark::scheduler::prefill_a_step[0m[2m:[0m Chunked prefill start: 1193 prompt tokens, chunk_size=1193, max_tokens=256
[2m2026-09-06T00:36:32.497027Z[0m [32m INFO[0m [2mspark_model::model::trait_impl::prefill_b::save_checkpoint[0m[2m:[0m Intermediate SSM checkpoint saved at token 1168 (snapshot_id 5, block 73)
[2m2026-09-06T00:36:32.650411Z[0m [32m INFO[0m [2mspark_model::model::trait_impl::prefill_b::finalize_last[0m[2m:[0m Saved SSM snapshot 8 for 1193 tokens (75 blocks) [chunk]
[2m2026-09-06T00:36:32.778795Z[0m [32m INFO[0m [2mspark::scheduler::prefill_a_step[0m[2m:[0m Prefill first token: 760
[2m2026-09-06T00:36:32.778806Z[0m [32m INFO[0m [2mspark::scheduler::phase_start_prefills[0m[2m:[0m Prefilled (single chunk): seq_len=1193, remaining=255
[2m2026-09-06T00:36:32.778809Z[0m [32m INFO[0m [2mspark::scheduler::prefill_a_step[0m[2m:[0m Chunked prefill start: 1193 prompt tokens, chunk_size=1193, max_tokens=256
[2m2026-09-06T00:36:33.552702Z[0m [32m INFO[0m [2mspark_model::model::trait_impl::prefill_b::save_checkpoint[0m[2m:[0m Intermediate SSM checkpoint saved at token 1168 (snapshot_id 15, block 73)
[2m2026-09-06T00:36:33.706877Z[0m [32m INFO[0m [2mspark_model::model::trait_impl::prefill_b::finalize_last[0m[2m:[0m Saved SSM snapshot 0 for 1193 tokens (75 blocks) [chunk]
[2m2026-09-06T00:36:33.835660Z[0m [32m INFO[0m [2mspark::scheduler::prefill_a_step[0m[2m:[0m Prefill first token: 760
[2m2026-09-06T00:36:33.835683Z[0m [32m INFO[0m [2mspark::scheduler::phase_start_prefills[0m[2m:[0m Prefilled (single chunk): seq_len=1193, remaining=255
[2m2026-09-06T00:36:34.823505Z[0m [32m INFO[0m [2mspark_model::model::trait_impl::decode_checkpoint[0m[2m:[0m decode-ckpt SAVE: snap_tokens=1216 end_block=76 snap_id=10 block_table_len=76 straddle=0
[2m2026-09-06T00:36:34.869029Z[0m [32m INFO[0m [2mspark_model::model::trait_impl::decode_checkpoint[0m[2m:[0m decode-ckpt SAVE: snap_tokens=1216 end_block=76 snap_id=13 block_table_len=76 straddle=0
[2m2026-09-06T00:36:34.869257Z[0m [32m INFO[0m [2mspark_model::model::trait_impl::decode_checkpoint[0m[2m:[0m decode-ckpt SAVE: snap_tokens=1216 end_block=76 snap_id=1 block_table_len=76 straddle=0
[2m2026-09-06T00:36:34.869473Z[0m [32m INFO[0m [2mspark_model::model::trait_impl::decode_checkpoint[0m[2m:[0m decode-ckpt SAVE: snap_tokens=1216 end_block=76 snap_id=12 block_table_len=76 straddle=0
[2m2026-09-06T00:36:37.714787Z[0m [32m INFO[0m [2mspark_model::model::trait_impl::decode_checkpoint[0m[2m:[0m decode-ckpt SAVE: snap_tokens=1280 end_block=80 snap_id=3 block_table_len=80 straddle=0
[2m2026-09-06T00:36:37.760358Z[0m [32m INFO[0m [2mspark_model::model::trait_impl::decode_checkpoint[0m[2m:[0m decode-ckpt SAVE: snap_tokens=1280 end_block=80 snap_id=9 block_table_len=80 straddle=0
[2m2026-09-06T00:36:37.760576Z[0m [32m INFO[0m [2mspark_model::model::trait_impl::decode_checkpoint[0m[2m:[0m decode-ckpt SAVE: snap_tokens=1280 end_block=80 snap_id=6 block_table_len=80 straddle=0
[2m2026-09-06T00:36:37.760793Z[0m [32m INFO[0m [2mspark_model::model::trait_impl::decode_checkpoint[0m[2m:[0m decode-ckpt SAVE: snap_tokens=1280 end_block=80 snap_id=11 block_table_len=80 straddle=0
[2m2026-09-06T00:36:40.609372Z[0m [32m INFO[0m [2mspark_model::model::trait_impl::decode_checkpoint[0m[2m:[0m decode-ckpt SAVE: snap_tokens=1344 end_block=84 snap_id=14 block_table_len=84 straddle=0
[2m2026-09-06T00:36:40.655005Z[0m [32m INFO[0m [2mspark_model::model::trait_impl::decode_checkpoint[0m[2m:[0m decode-ckpt SAVE: snap_tokens=1344 end_block=84 snap_id=2 block_table_len=84 straddle=0
[2m2026-09-06T00:36:40.655225Z[0m [32m INFO[0m [2mspark_model::model::trait_impl::decode_checkpoint[0m[2m:[0m decode-ckpt SAVE: snap_tokens=1344 end_block=84 snap_id=15 block_table_len=84 straddle=0
[2m2026-09-06T00:36:40.655444Z[0m [32m INFO[0m [2mspark_model::model::trait_impl::decode_checkpoint[0m[2m:[0m decode-ckpt SAVE: snap_tokens=1344 end_block=84 snap_id=7 block_table_len=84 straddle=0
[2m2026-09-06T00:36:43.507738Z[0m [32m INFO[0m [2mspark_model::model::trait_impl::decode_checkpoint[0m[2m:[0m decode-ckpt SAVE: snap_tokens=1408 end_block=88 snap_id=10 block_table_len=88 straddle=0
[2m2026-09-06T00:36:43.553417Z[0m [32m INFO[0m [2mspark_model::model::trait_impl::decode_checkpoint[0m[2m:[0m decode-ckpt SAVE: snap_tokens=1408 end_block=88 snap_id=5 block_table_len=88 straddle=0
[2m2026-09-06T00:36:43.553625Z[0m [32m INFO[0m [2mspark_model::model::trait_impl::decode_checkpoint[0m[2m:[0m decode-ckpt SAVE: snap_tokens=1408 end_block=88 snap_id=0 block_table_len=88 straddle=0
[2m2026-09-06T00:36:43.553842Z[0m [32m INFO[0m [2mspark_model::model::trait_impl::decode_checkpoint[0m[2m:[0m decode-ckpt SAVE: snap_tokens=1408 end_block=88 snap_id=4 block_table_len=88 straddle=0
[2m2026-09-06T00:36:45.321665Z[0m [32m INFO[0m [2mspark::scheduler::decode_logits_step[0m[2m:[0m process_decode_logits: remaining=0, output_tokens=256, thinking_tokens=0
[2m2026-09-06T00:36:45.321680Z[0m [32m INFO[0m [2mspark::scheduler::mtp_accept_debug[0m[2m:[0m Done: 256 tokens (length) 17.4 tok/s, TTFT=1062.5ms, serial=1.00 mtp=0.00 p1=0.000 mean_na=0.000 tok_step=1.000 regime_reprobes=0
[2m2026-09-06T00:36:45.321899Z[0m [32m INFO[0m [2mspark_model::model::trait_impl::decode_checkpoint[0m[2m:[0m Saved finish-leaf SSM snapshot 3 for 1448 tokens
[2m2026-09-06T00:36:45.322807Z[0m [32m INFO[0m [2mspark_model::model::trait_impl::decode_a2[0m[2m:[0m decode graph borrow: n=3 padded_n=4 -> replaying captured width 4
[2m2026-09-06T00:36:45.368310Z[0m [32m INFO[0m [2mspark::scheduler::decode_logits_step[0m[2m:[0m process_decode_logits: remaining=0, output_tokens=256, thinking_tokens=0
[2m2026-09-06T00:36:45.368314Z[0m [32m INFO[0m [2mspark::scheduler::decode_logits_step[0m[2m:[0m process_decode_logits: remaining=0, output_tokens=256, thinking_tokens=0
[2m2026-09-06T00:36:45.368316Z[0m [32m INFO[0m [2mspark::scheduler::decode_logits_step[0m[2m:[0m process_decode_logits: remaining=0, output_tokens=256, thinking_tokens=0
[2m2026-09-06T00:36:45.368320Z[0m [32m INFO[0m [2mspark::scheduler::mtp_accept_debug[0m[2m:[0m Done: 256 tokens (length) 18.8 tok/s, TTFT=1059.9ms, serial=1.00 mtp=0.00 p1=0.000 mean_na=0.000 tok_step=1.000 regime_reprobes=0
[2m2026-09-06T00:36:45.368535Z[0m [32m INFO[0m [2mspark_model::model::trait_impl::decode_checkpoint[0m[2m:[0m Saved finish-leaf SSM snapshot 8 for 1448 tokens
[2m2026-09-06T00:36:45.369154Z[0m [32m INFO[0m [2mspark::scheduler::mtp_accept_debug[0m[2m:[0m Done: 256 tokens (length) 20.3 tok/s, TTFT=1056.7ms, serial=1.00 mtp=0.00 p1=0.000 mean_na=0.000 tok_step=1.000 regime_reprobes=0
[2m2026-09-06T00:36:45.369378Z[0m [32m INFO[0m [2mspark_model::model::trait_impl::decode_checkpoint[0m[2m:[0m Saved finish-leaf SSM snapshot 13 for 1448 tokens
[2m2026-09-06T00:36:45.369837Z[0m [32m INFO[0m [2mspark::scheduler::mtp_accept_debug[0m[2m:[0m Done: 256 tokens (length) 22.2 tok/s, TTFT=1056.9ms, serial=1.00 mtp=0.00 p1=0.000 mean_na=0.000 tok_step=1.000 regime_reprobes=0
[2m2026-09-06T00:36:45.370051Z[0m [32m INFO[0m [2mspark_model::model::trait_impl::decode_checkpoint[0m[2m:[0m Saved finish-leaf SSM snapshot 1 for 1448 tokens
[2m2026-09-06T00:36:45.439613Z[0m [32m INFO[0m [2mspark::api::chat::prepare[0m[2m:[0m Request: model=Qwen/Qwen3.8-27B-FP8, messages=1, tools=0, tools_active=false, tool_choice=None, stream=true, temp=Some(0.0), max_tokens=256, freq_pen=Some(0.0), rep_pen=None
[2m2026-09-06T00:36:45.440126Z[0m [32m INFO[0m [2mspark::api::chat::prepare[0m[2m:[0m Request: model=Qwen/Qwen3.8-27B-FP8, messages=1, tools=0, tools_active=false, tool_choice=None, stream=true, temp=Some(0.0), max_tokens=256, freq_pen=Some(0.0), rep_pen=None
[2m2026-09-06T00:36:45.440184Z[0m [32m INFO[0m [2mspark::api::chat::prepare[0m[2m:[0m Request: model=Qwen/Qwen3.8-27B-FP8, messages=1, tools=0, tools_active=false, tool_choice=None, stream=true, temp=Some(0.0), max_tokens=256, freq_pen=Some(0.0), rep_pen=None
[2m2026-09-06T00:36:45.442033Z[0m [32m INFO[0m [2mspark::api::chat::prepare[0m[2m:[0m Request: model=Qwen/Qwen3.8-27B-FP8, messages=1, tools=0, tools_active=false, tool_choice=None, stream=true, temp=Some(0.0), max_tokens=256, freq_pen=Some(0.0), rep_pen=None
[2m2026-09-06T00:36:45.443281Z[0m [32m INFO[0m [2mspark::api::chat::prepare[0m[2m:[0m Request: model=Qwen/Qwen3.8-27B-FP8, messages=1, tools=0, tools_active=false, tool_choice=None, stream=true, temp=Some(0.0), max_tokens=256, freq_pen=Some(0.0), rep_pen=None
[2m2026-09-06T00:36:45.443889Z[0m [32m INFO[0m [2mspark::api::chat::prepare[0m[2m:[0m Request: model=Qwen/Qwen3.8-27B-FP8, messages=1, tools=0, tools_active=false, tool_choice=None, stream=true, temp=Some(0.0), max_tokens=256, freq_pen=Some(0.0), rep_pen=None
[2m2026-09-06T00:36:45.444689Z[0m [32m INFO[0m [2mspark::api::chat::prepare[0m[2m:[0m Request: model=Qwen/Qwen3.8-27B-FP8, messages=1, tools=0, tools_active=false, tool_choice=None, stream=true, temp=Some(0.0), max_tokens=256, freq_pen=Some(0.0), rep_pen=None
[2m2026-09-06T00:36:45.444704Z[0m [32m INFO[0m [2mspark::api::chat::prepare[0m[2m:[0m Request: model=Qwen/Qwen3.8-27B-FP8, messages=1, tools=0, tools_active=false, tool_choice=None, stream=true, temp=Some(0.0), max_tokens=256, freq_pen=Some(0.0), rep_pen=None
[2m2026-09-06T00:36:45.444797Z[0m [32m INFO[0m [2mspark::api::chat::prepare[0m[2m:[0m Request: model=Qwen/Qwen3.8-27B-FP8, messages=1, tools=0, tools_active=false, tool_choice=None, stream=true, temp=Some(0.0), max_tokens=256, freq_pen=Some(0.0), rep_pen=None
[2m2026-09-06T00:36:45.444985Z[0m [32m INFO[0m [2mspark::api::chat::prepare[0m[2m:[0m Request: model=Qwen/Qwen3.8-27B-FP8, messages=1, tools=0, tools_active=false, tool_choice=None, stream=true, temp=Some(0.0), max_tokens=256, freq_pen=Some(0.0), rep_pen=None
[2m2026-09-06T00:36:45.445081Z[0m [32m INFO[0m [2mspark::api::chat::prepare[0m[2m:[0m Request: model=Qwen/Qwen3.8-27B-FP8, messages=1, tools=0, tools_active=false, tool_choice=None, stream=true, temp=Some(0.0), max_tokens=256, freq_pen=Some(0.0), rep_pen=None
[2m2026-09-06T00:36:45.445096Z[0m [32m INFO[0m [2mspark::api::chat::prepare[0m[2m:[0m Request: model=Qwen/Qwen3.8-27B-FP8, messages=1, tools=0, tools_active=false, tool_choice=None, stream=true, temp=Some(0.0), max_tokens=256, freq_pen=Some(0.0), rep_pen=None
[2m2026-09-06T00:36:45.445218Z[0m [32m INFO[0m [2mspark::api::chat::prepare[0m[2m:[0m Request: model=Qwen/Qwen3.8-27B-FP8, messages=1, tools=0, tools_active=false, tool_choice=None, stream=true, temp=Some(0.0), max_tokens=256, freq_pen=Some(0.0), rep_pen=None
[2m2026-09-06T00:36:45.445895Z[0m [32m INFO[0m [2mspark::api::chat::prepare[0m[2m:[0m Request: model=Qwen/Qwen3.8-27B-FP8, messages=1, tools=0, tools_active=false, tool_choice=None, stream=true, temp=Some(0.0), max_tokens=256, freq_pen=Some(0.0), rep_pen=None
[2m2026-09-06T00:36:45.445946Z[0m [32m INFO[0m [2mspark::api::chat::prepare[0m[2m:[0m Request: model=Qwen/Qwen3.8-27B-FP8, messages=1, tools=0, tools_active=false, tool_choice=None, stream=true, temp=Some(0.0), max_tokens=256, freq_pen=Some(0.0), rep_pen=None
[2m2026-09-06T00:36:45.445968Z[0m [32m INFO[0m [2mspark::api::chat::prepare[0m[2m:[0m Request: model=Qwen/Qwen3.8-27B-FP8, messages=1, tools=0, tools_active=false, tool_choice=None, stream=true, temp=Some(0.0), max_tokens=256, freq_pen=Some(0.0), rep_pen=None
[2m2026-09-06T00:36:45.450749Z[0m [32m INFO[0m [2mspark::api::chat[0m[2m:[0m Session 0x9c947f5544edc505: 1193 prompt tokens, tools=false (0 defined)
[2m2026-09-06T00:36:45.450757Z[0m [32m INFO[0m [2mspark::api::chat[0m[2m:[0m Session 0x2c37169d4381c7ff: 1193 prompt tokens, tools=false (0 defined)
[2m2026-09-06T00:36:45.450897Z[0m [32m INFO[0m [2mspark::api::chat[0m[2m:[0m Session 0x34d42f8b8762fc2a: 1193 prompt tokens, tools=false (0 defined)
[2m2026-09-06T00:36:45.450938Z[0m [32m INFO[0m [2mspark::api::chat[0m[2m:[0m Session 0xee0c60e7867e7772: 1193 prompt tokens, tools=false (0 defined)
[2m2026-09-06T00:36:45.451079Z[0m [32m INFO[0m [2mspark::api::chat[0m[2m:[0m Session 0x622dc974ec966849: 1193 prompt tokens, tools=false (0 defined)
[2m2026-09-06T00:36:45.451159Z[0m [32m INFO[0m [2mspark::scheduler::prefill_a_step[0m[2m:[0m Chunked prefill start: 1193 prompt tokens, chunk_size=1193, max_tokens=256
[2m2026-09-06T00:36:45.451235Z[0m [32m INFO[0m [2mspark::api::chat[0m[2m:[0m Session 0x7e80743bd56d5d0b: 1193 prompt tokens, tools=false (0 defined)
[2m2026-09-06T00:36:45.451945Z[0m [32m INFO[0m [2mspark::api::chat[0m[2m:[0m Session 0x603800f65fbf950d: 1193 prompt tokens, tools=false (0 defined)
[2m2026-09-06T00:36:45.452091Z[0m [32m INFO[0m [2mspark::api::chat[0m[2m:[0m Session 0x99701b058b5fcd07: 1193 prompt tokens, tools=false (0 defined)
[2m2026-09-06T00:36:45.452226Z[0m [32m INFO[0m [2mspark::api::chat[0m[2m:[0m Session 0x9d1436072e6dcfcd: 1193 prompt tokens, tools=false (0 defined)
[2m2026-09-06T00:36:45.452284Z[0m [32m INFO[0m [2mspark::api::chat[0m[2m:[0m Session 0x1241a77748886dd6: 1193 prompt tokens, tools=false (0 defined)
[2m2026-09-06T00:36:45.452963Z[0m [32m INFO[0m [2mspark::api::chat[0m[2m:[0m Session 0xfe80956536dc0098: 1193 prompt tokens, tools=false (0 defined)
[2m2026-09-06T00:36:45.453123Z[0m [32m INFO[0m [2mspark::api::chat[0m[2m:[0m Session 0x6c1af98754563c35: 1193 prompt tokens, tools=false (0 defined)
[2m2026-09-06T00:36:45.453324Z[0m [32m INFO[0m [2mspark::api::chat[0m[2m:[0m Session 0xb903b614a19d2322: 1193 prompt tokens, tools=false (0 defined)
[2m2026-09-06T00:36:45.453416Z[0m [32m INFO[0m [2mspark::api::chat[0m[2m:[0m Session 0xb6fa7517e09c75da: 1193 prompt tokens, tools=false (0 defined)
[2m2026-09-06T00:36:45.453478Z[0m [32m INFO[0m [2mspark::api::chat[0m[2m:[0m Session 0xd5d8b49e874cf893: 1193 prompt tokens, tools=false (0 defined)
[2m2026-09-06T00:36:45.453954Z[0m [32m INFO[0m [2mspark::api::chat[0m[2m:[0m Session 0xea137695fada9799: 1193 prompt tokens, tools=false (0 defined)
[2m2026-09-06T00:36:46.235119Z[0m [32m INFO[0m [2mspark_model::model::trait_impl::prefill_b::save_checkpoint[0m[2m:[0m Intermediate SSM checkpoint saved at token 1168 (snapshot_id 14, block 73)
[2m2026-09-06T00:36:46.388685Z[0m [32m INFO[0m [2mspark_model::model::trait_impl::prefill_b::finalize_last[0m[2m:[0m Saved SSM snapshot 10 for 1193 tokens (75 blocks) [chunk]
[2m2026-09-06T00:36:46.518917Z[0m [32m INFO[0m [2mspark::scheduler::prefill_a_step[0m[2m:[0m Prefill first token: 760
[2m2026-09-06T00:36:46.518935Z[0m [32m INFO[0m [2mspark::scheduler::phase_start_prefills[0m[2m:[0m Prefilled (single chunk): seq_len=1193, remaining=255
[2m2026-09-06T00:36:46.518938Z[0m [32m INFO[0m [2mspark::scheduler::prefill_a_step[0m[2m:[0m Chunked prefill start: 1193 prompt tokens, chunk_size=1193, max_tokens=256
[2m2026-09-06T00:36:47.293848Z[0m [32m INFO[0m [2mspark_model::model::trait_impl::prefill_b::save_checkpoint[0m[2m:[0m Intermediate SSM checkpoint saved at token 1168 (snapshot_id 3, block 73)
[2m2026-09-06T00:36:47.447222Z[0m [32m INFO[0m [2mspark_model::model::trait_impl::prefill_b::finalize_last[0m[2m:[0m Saved SSM snapshot 12 for 1193 tokens (75 blocks) [chunk]
[2m2026-09-06T00:36:47.575654Z[0m [32m INFO[0m [2mspark::scheduler::prefill_a_step[0m[2m:[0m Prefill first token: 760
[2m2026-09-06T00:36:47.575665Z[0m [32m INFO[0m [2mspark::scheduler::phase_start_prefills[0m[2m:[0m Prefilled (single chunk): seq_len=1193, remaining=255
[2m2026-09-06T00:36:47.575667Z[0m [32m INFO[0m [2mspark::scheduler::prefill_a_step[0m[2m:[0m Chunked prefill start: 1193 prompt tokens, chunk_size=1193, max_tokens=256
[2m2026-09-06T00:36:48.349439Z[0m [32m INFO[0m [2mspark_model::model::trait_impl::prefill_b::save_checkpoint[0m[2m:[0m Intermediate SSM checkpoint saved at token 1168 (snapshot_id 11, block 73)
[2m2026-09-06T00:36:48.609478Z[0m [32m INFO[0m [2mspark_model::model::trait_impl::prefill_b::finalize_last[0m[2m:[0m Saved SSM snapshot 7 for 1193 tokens (75 blocks) [chunk]
[2m2026-09-06T00:36:48.632784Z[0m [32m INFO[0m [2mspark::scheduler::prefill_a_step[0m[2m:[0m Prefill first token: 760
[2m2026-09-06T00:36:48.632793Z[0m [32m INFO[0m [2mspark::scheduler::phase_start_prefills[0m[2m:[0m Prefilled (single chunk): seq_len=1193, remaining=255
[2m2026-09-06T00:36:48.632795Z[0m [32m INFO[0m [2mspark::scheduler::prefill_a_step[0m[2m:[0m Chunked prefill start: 1193 prompt tokens, chunk_size=1193, max_tokens=256
[2m2026-09-06T00:36:49.408057Z[0m [32m INFO[0m [2mspark_model::model::trait_impl::prefill_b::save_checkpoint[0m[2m:[0m Intermediate SSM checkpoint saved at token 1168 (snapshot_id 4, block 73)
[2m2026-09-06T00:36:49.561036Z[0m [32m INFO[0m [2mspark_model::model::trait_impl::prefill_b::finalize_last[0m[2m:[0m Saved SSM snapshot 8 for 1193 tokens (75 blocks) [chunk]
[2m2026-09-06T00:36:49.689363Z[0m [32m INFO[0m [2mspark::scheduler::prefill_a_step[0m[2m:[0m Prefill first token: 760
[2m2026-09-06T00:36:49.689374Z[0m [32m INFO[0m [2mspark::scheduler::phase_start_prefills[0m[2m:[0m Prefilled (single chunk): seq_len=1193, remaining=255
[2m2026-09-06T00:36:50.720499Z[0m [32m INFO[0m [2mspark_model::model::trait_impl::decode_checkpoint[0m[2m:[0m decode-ckpt SAVE: snap_tokens=1216 end_block=76 snap_id=9 block_table_len=76 straddle=0
[2m2026-09-06T00:36:50.720723Z[0m [32m INFO[0m [2mspark_model::model::trait_impl::decode_checkpoint[0m[2m:[0m decode-ckpt SAVE: snap_tokens=1216 end_block=76 snap_id=2 block_table_len=76 straddle=0
[2m2026-09-06T00:36:50.720939Z[0m [32m INFO[0m [2mspark_model::model::trait_impl::decode_checkpoint[0m[2m:[0m decode-ckpt SAVE: snap_tokens=1216 end_block=76 snap_id=5 block_table_len=76 straddle=0
[2m2026-09-06T00:36:50.721169Z[0m [32m INFO[0m [2mspark_model::model::trait_impl::decode_checkpoint[0m[2m:[0m decode-ckpt SAVE: snap_tokens=1216 end_block=76 snap_id=13 block_table_len=76 straddle=0
[2m2026-09-06T00:36:53.611959Z[0m [32m INFO[0m [2mspark_model::model::trait_impl::decode_checkpoint[0m[2m:[0m decode-ckpt SAVE: snap_tokens=1280 end_block=80 snap_id=6 block_table_len=80 straddle=0
[2m2026-09-06T00:36:53.612186Z[0m [32m INFO[0m [2mspark_model::model::trait_impl::decode_checkpoint[0m[2m:[0m decode-ckpt SAVE: snap_tokens=1280 end_block=80 snap_id=15 block_table_len=80 straddle=0
[2m2026-09-06T00:36:53.612398Z[0m [32m INFO[0m [2mspark_model::model::trait_impl::decode_checkpoint[0m[2m:[0m decode-ckpt SAVE: snap_tokens=1280 end_block=80 snap_id=0 block_table_len=80 straddle=0
[2m2026-09-06T00:36:53.612620Z[0m [32m INFO[0m [2mspark_model::model::trait_impl::decode_checkpoint[0m[2m:[0m decode-ckpt SAVE: snap_tokens=1280 end_block=80 snap_id=1 block_table_len=80 straddle=0
[2m2026-09-06T00:36:56.506308Z[0m [32m INFO[0m [2mspark_model::model::trait_impl::decode_checkpoint[0m[2m:[0m decode-ckpt SAVE: snap_tokens=1344 end_block=84 snap_id=11 block_table_len=84 straddle=0
[2m2026-09-06T00:36:56.506533Z[0m [32m INFO[0m [2mspark_model::model::trait_impl::decode_checkpoint[0m[2m:[0m decode-ckpt SAVE: snap_tokens=1344 end_block=84 snap_id=3 block_table_len=84 straddle=0
[2m2026-09-06T00:36:56.506749Z[0m [32m INFO[0m [2mspark_model::model::trait_impl::decode_checkpoint[0m[2m:[0m decode-ckpt SAVE: snap_tokens=1344 end_block=84 snap_id=14 block_table_len=84 straddle=0
[2m2026-09-06T00:36:56.506967Z[0m [32m INFO[0m [2mspark_model::model::trait_impl::decode_checkpoint[0m[2m:[0m decode-ckpt SAVE: snap_tokens=1344 end_block=84 snap_id=4 block_table_len=84 straddle=0
[2m2026-09-06T00:36:59.405601Z[0m [32m INFO[0m [2mspark_model::model::trait_impl::decode_checkpoint[0m[2m:[0m decode-ckpt SAVE: snap_tokens=1408 end_block=88 snap_id=7 block_table_len=88 straddle=0
[2m2026-09-06T00:36:59.405822Z[0m [32m INFO[0m [2mspark_model::model::trait_impl::decode_checkpoint[0m[2m:[0m decode-ckpt SAVE: snap_tokens=1408 end_block=88 snap_id=12 block_table_len=88 straddle=0
[2m2026-09-06T00:36:59.406038Z[0m [32m INFO[0m [2mspark_model::model::trait_impl::decode_checkpoint[0m[2m:[0m decode-ckpt SAVE: snap_tokens=1408 end_block=88 snap_id=10 block_table_len=88 straddle=0
[2m2026-09-06T00:36:59.406259Z[0m [32m INFO[0m [2mspark_model::model::trait_impl::decode_checkpoint[0m[2m:[0m decode-ckpt SAVE: snap_tokens=1408 end_block=88 snap_id=8 block_table_len=88 straddle=0
[2m2026-09-06T00:37:01.219219Z[0m [32m INFO[0m [2mspark::scheduler::decode_logits_step[0m[2m:[0m process_decode_logits: remaining=0, output_tokens=256, thinking_tokens=0
[2m2026-09-06T00:37:01.219227Z[0m [32m INFO[0m [2mspark::scheduler::decode_logits_step[0m[2m:[0m process_decode_logits: remaining=0, output_tokens=256, thinking_tokens=0
[2m2026-09-06T00:37:01.219229Z[0m [32m INFO[0m [2mspark::scheduler::decode_logits_step[0m[2m:[0m process_decode_logits: remaining=0, output_tokens=256, thinking_tokens=0
[2m2026-09-06T00:37:01.219446Z[0m [32m INFO[0m [2mspark::scheduler::decode_logits_step[0m[2m:[0m process_decode_logits: remaining=0, output_tokens=256, thinking_tokens=0
[2m2026-09-06T00:37:01.219455Z[0m [32m INFO[0m [2mspark::scheduler::mtp_accept_debug[0m[2m:[0m Done: 256 tokens (length) 20.3 tok/s, TTFT=1057.1ms, serial=1.00 mtp=0.00 p1=0.000 mean_na=0.000 tok_step=1.000 regime_reprobes=0
[2m2026-09-06T00:37:01.219673Z[0m [32m INFO[0m [2mspark_model::model::trait_impl::decode_checkpoint[0m[2m:[0m Saved finish-leaf SSM snapshot 9 for 1448 tokens
[2m2026-09-06T00:37:01.220347Z[0m [32m INFO[0m [2mspark::scheduler::mtp_accept_debug[0m[2m:[0m Done: 256 tokens (length) 18.8 tok/s, TTFT=1056.7ms, serial=1.00 mtp=0.00 p1=0.000 mean_na=0.000 tok_step=1.000 regime_reprobes=0
[2m2026-09-06T00:37:01.220563Z[0m [32m INFO[0m [2mspark_model::model::trait_impl::decode_checkpoint[0m[2m:[0m Saved finish-leaf SSM snapshot 2 for 1448 tokens
[2m2026-09-06T00:37:01.221065Z[0m [32m INFO[0m [2mspark::scheduler::mtp_accept_debug[0m[2m:[0m Done: 256 tokens (length) 17.4 tok/s, TTFT=1067.8ms, serial=1.00 mtp=0.00 p1=0.000 mean_na=0.000 tok_step=1.000 regime_reprobes=0
[2m2026-09-06T00:37:01.221283Z[0m [32m INFO[0m [2mspark_model::model::trait_impl::decode_checkpoint[0m[2m:[0m Saved finish-leaf SSM snapshot 5 for 1448 tokens
[2m2026-09-06T00:37:01.221781Z[0m [32m INFO[0m [2mspark::scheduler::mtp_accept_debug[0m[2m:[0m Done: 256 tokens (length) 22.2 tok/s, TTFT=1056.6ms, serial=1.00 mtp=0.00 p1=0.000 mean_na=0.000 tok_step=1.000 regime_reprobes=0
[2m2026-09-06T00:37:01.221996Z[0m [32m INFO[0m [2mspark_model::model::trait_impl::decode_checkpoint[0m[2m:[0m Saved finish-leaf SSM snapshot 13 for 1448 tokens
[2m2026-09-06T00:37:01.222496Z[0m [32m INFO[0m [2mspark::scheduler::prefill_a_step[0m[2m:[0m Chunked prefill start: 1193 prompt tokens, chunk_size=1193, max_tokens=256
[2m2026-09-06T00:37:01.999224Z[0m [32m INFO[0m [2mspark_model::model::trait_impl::prefill_b::save_checkpoint[0m[2m:[0m Intermediate SSM checkpoint saved at token 1168 (snapshot_id 6, block 73)
[2m2026-09-06T00:37:02.153612Z[0m [32m INFO[0m [2mspark_model::model::trait_impl::prefill_b::finalize_last[0m[2m:[0m Saved SSM snapshot 11 for 1193 tokens (75 blocks) [chunk]
[2m2026-09-06T00:37:02.282550Z[0m [32m INFO[0m [2mspark::scheduler::prefill_a_step[0m[2m:[0m Prefill first token: 760
[2m2026-09-06T00:37:02.282561Z[0m [32m INFO[0m [2mspark::scheduler::phase_start_prefills[0m[2m:[0m Prefilled (single chunk): seq_len=1193, remaining=255
[2m2026-09-06T00:37:02.282564Z[0m [32m INFO[0m [2mspark::scheduler::prefill_a_step[0m[2m:[0m Chunked prefill start: 1193 prompt tokens, chunk_size=1193, max_tokens=256
[2m2026-09-06T00:37:03.056589Z[0m [32m INFO[0m [2mspark_model::model::trait_impl::prefill_b::save_checkpoint[0m[2m:[0m Intermediate SSM checkpoint saved at token 1168 (snapshot_id 7, block 73)
[2m2026-09-06T00:37:03.210687Z[0m [32m INFO[0m [2mspark_model::model::trait_impl::prefill_b::finalize_last[0m[2m:[0m Saved SSM snapshot 9 for 1193 tokens (75 blocks) [chunk]
[2m2026-09-06T00:37:03.339415Z[0m [32m INFO[0m [2mspark::scheduler::prefill_a_step[0m[2m:[0m Prefill first token: 760
[2m2026-09-06T00:37:03.339424Z[0m [32m INFO[0m [2mspark::scheduler::phase_start_prefills[0m[2m:[0m Prefilled (single chunk): seq_len=1193, remaining=255
[2m2026-09-06T00:37:03.339427Z[0m [32m INFO[0m [2mspark::scheduler::prefill_a_step[0m[2m:[0m Chunked prefill start: 1193 prompt tokens, chunk_size=1193, max_tokens=256
[2m2026-09-06T00:37:04.113068Z[0m [32m INFO[0m [2mspark_model::model::trait_impl::prefill_b::save_checkpoint[0m[2m:[0m Intermediate SSM checkpoint saved at token 1168 (snapshot_id 15, block 73)
[2m2026-09-06T00:37:04.267566Z[0m [32m INFO[0m [2mspark_model::model::trait_impl::prefill_b::finalize_last[0m[2m:[0m Saved SSM snapshot 3 for 1193 tokens (75 blocks) [chunk]
[2m2026-09-06T00:37:04.396368Z[0m [32m INFO[0m [2mspark::scheduler::prefill_a_step[0m[2m:[0m Prefill first token: 760
[2m2026-09-06T00:37:04.396378Z[0m [32m INFO[0m [2mspark::scheduler::phase_start_prefills[0m[2m:[0m Prefilled (single chunk): seq_len=1193, remaining=255
[2m2026-09-06T00:37:04.396380Z[0m [32m INFO[0m [2mspark::scheduler::prefill_a_step[0m[2m:[0m Chunked prefill start: 1193 prompt tokens, chunk_size=1193, max_tokens=256
[2m2026-09-06T00:37:05.170819Z[0m [32m INFO[0m [2mspark_model::model::trait_impl::prefill_b::save_checkpoint[0m[2m:[0m Intermediate SSM checkpoint saved at token 1168 (snapshot_id 12, block 73)
[2m2026-09-06T00:37:05.324792Z[0m [32m INFO[0m [2mspark_model::model::trait_impl::prefill_b::finalize_last[0m[2m:[0m Saved SSM snapshot 2 for 1193 tokens (75 blocks) [chunk]
[2m2026-09-06T00:37:05.453252Z[0m [32m INFO[0m [2mspark::scheduler::prefill_a_step[0m[2m:[0m Prefill first token: 760
[2m2026-09-06T00:37:05.453262Z[0m [32m INFO[0m [2mspark::scheduler::phase_start_prefills[0m[2m:[0m Prefilled (single chunk): seq_len=1193, remaining=255
[2m2026-09-06T00:37:06.486936Z[0m [32m INFO[0m [2mspark_model::model::trait_impl::decode_checkpoint[0m[2m:[0m decode-ckpt SAVE: snap_tokens=1216 end_block=76 snap_id=0 block_table_len=76 straddle=0
[2m2026-09-06T00:37:06.487167Z[0m [32m INFO[0m [2mspark_model::model::trait_impl::decode_checkpoint[0m[2m:[0m decode-ckpt SAVE: snap_tokens=1216 end_block=76 snap_id=14 block_table_len=76 straddle=0
[2m2026-09-06T00:37:06.487383Z[0m [32m INFO[0m [2mspark_model::model::trait_impl::decode_checkpoint[0m[2m:[0m decode-ckpt SAVE: snap_tokens=1216 end_block=76 snap_id=10 block_table_len=76 straddle=0
[2m2026-09-06T00:37:06.487613Z[0m [32m INFO[0m [2mspark_model::model::trait_impl::decode_checkpoint[0m[2m:[0m decode-ckpt SAVE: snap_tokens=1216 end_block=76 snap_id=5 block_table_len=76 straddle=0
[2m2026-09-06T00:37:09.379078Z[0m [32m INFO[0m [2mspark_model::model::trait_impl::decode_checkpoint[0m[2m:[0m decode-ckpt SAVE: snap_tokens=1280 end_block=80 snap_id=1 block_table_len=80 straddle=0
[2m2026-09-06T00:37:09.379303Z[0m [32m INFO[0m [2mspark_model::model::trait_impl::decode_checkpoint[0m[2m:[0m decode-ckpt SAVE: snap_tokens=1280 end_block=80 snap_id=4 block_table_len=80 straddle=0
[2m2026-09-06T00:37:09.379520Z[0m [32m INFO[0m [2mspark_model::model::trait_impl::decode_checkpoint[0m[2m:[0m decode-ckpt SAVE: snap_tokens=1280 end_block=80 snap_id=8 block_table_len=80 straddle=0
[2m2026-09-06T00:37:09.379740Z[0m [32m INFO[0m [2mspark_model::model::trait_impl::decode_checkpoint[0m[2m:[0m decode-ckpt SAVE: snap_tokens=1280 end_block=80 snap_id=13 block_table_len=80 straddle=0
[2m2026-09-06T00:37:12.274420Z[0m [32m INFO[0m [2mspark_model::model::trait_impl::decode_checkpoint[0m[2m:[0m decode-ckpt SAVE: snap_tokens=1344 end_block=84 snap_id=12 block_table_len=84 straddle=0
[2m2026-09-06T00:37:12.274642Z[0m [32m INFO[0m [2mspark_model::model::trait_impl::decode_checkpoint[0m[2m:[0m decode-ckpt SAVE: snap_tokens=1344 end_block=84 snap_id=15 block_table_len=84 straddle=0
[2m2026-09-06T00:37:12.274859Z[0m [32m INFO[0m [2mspark_model::model::trait_impl::decode_checkpoint[0m[2m:[0m decode-ckpt SAVE: snap_tokens=1344 end_block=84 snap_id=7 block_table_len=84 straddle=0
[2m2026-09-06T00:37:12.275076Z[0m [32m INFO[0m [2mspark_model::model::trait_impl::decode_checkpoint[0m[2m:[0m decode-ckpt SAVE: snap_tokens=1344 end_block=84 snap_id=6 block_table_len=84 straddle=0
[2m2026-09-06T00:37:15.173324Z[0m [32m INFO[0m [2mspark_model::model::trait_impl::decode_checkpoint[0m[2m:[0m decode-ckpt SAVE: snap_tokens=1408 end_block=88 snap_id=2 block_table_len=88 straddle=0
[2m2026-09-06T00:37:15.173546Z[0m [32m INFO[0m [2mspark_model::model::trait_impl::decode_checkpoint[0m[2m:[0m decode-ckpt SAVE: snap_tokens=1408 end_block=88 snap_id=3 block_table_len=88 straddle=0
[2m2026-09-06T00:37:15.173761Z[0m [32m INFO[0m [2mspark_model::model::trait_impl::decode_checkpoint[0m[2m:[0m decode-ckpt SAVE: snap_tokens=1408 end_block=88 snap_id=9 block_table_len=88 straddle=0
[2m2026-09-06T00:37:15.173976Z[0m [32m INFO[0m [2mspark_model::model::trait_impl::decode_checkpoint[0m[2m:[0m decode-ckpt SAVE: snap_tokens=1408 end_block=88 snap_id=11 block_table_len=88 straddle=0
[2m2026-09-06T00:37:16.986416Z[0m [32m INFO[0m [2mspark::scheduler::decode_logits_step[0m[2m:[0m process_decode_logits: remaining=0, output_tokens=256, thinking_tokens=0
[2m2026-09-06T00:37:16.986422Z[0m [32m INFO[0m [2mspark::scheduler::decode_logits_step[0m[2m:[0m process_decode_logits: remaining=0, output_tokens=256, thinking_tokens=0
[2m2026-09-06T00:37:16.986424Z[0m [32m INFO[0m [2mspark::scheduler::decode_logits_step[0m[2m:[0m process_decode_logits: remaining=0, output_tokens=256, thinking_tokens=0
[2m2026-09-06T00:37:16.986427Z[0m [32m INFO[0m [2mspark::scheduler::decode_logits_step[0m[2m:[0m process_decode_logits: remaining=0, output_tokens=256, thinking_tokens=0
[2m2026-09-06T00:37:16.986433Z[0m [32m INFO[0m [2mspark::scheduler::mtp_accept_debug[0m[2m:[0m Done: 256 tokens (length) 22.2 tok/s, TTFT=1056.9ms, serial=1.00 mtp=0.00 p1=0.000 mean_na=0.000 tok_step=1.000 regime_reprobes=0
[2m2026-09-06T00:37:16.986641Z[0m [32m INFO[0m [2mspark_model::model::trait_impl::decode_checkpoint[0m[2m:[0m Saved finish-leaf SSM snapshot 0 for 1448 tokens
[2m2026-09-06T00:37:16.987278Z[0m [32m INFO[0m [2mspark::scheduler::mtp_accept_debug[0m[2m:[0m Done: 256 tokens (length) 20.3 tok/s, TTFT=1056.9ms, serial=1.00 mtp=0.00 p1=0.000 mean_na=0.000 tok_step=1.000 regime_reprobes=0
[2m2026-09-06T00:37:16.987495Z[0m [32m INFO[0m [2mspark_model::model::trait_impl::decode_checkpoint[0m[2m:[0m Saved finish-leaf SSM snapshot 14 for 1448 tokens
[2m2026-09-06T00:37:16.987964Z[0m [32m INFO[0m [2mspark::scheduler::mtp_accept_debug[0m[2m:[0m Done: 256 tokens (length) 18.8 tok/s, TTFT=1056.9ms, serial=1.00 mtp=0.00 p1=0.000 mean_na=0.000 tok_step=1.000 regime_reprobes=0
[2m2026-09-06T00:37:16.988179Z[0m [32m INFO[0m [2mspark_model::model::trait_impl::decode_checkpoint[0m[2m:[0m Saved finish-leaf SSM snapshot 10 for 1448 tokens
[2m2026-09-06T00:37:16.988641Z[0m [32m INFO[0m [2mspark::scheduler::mtp_accept_debug[0m[2m:[0m Done: 256 tokens (length) 17.4 tok/s, TTFT=1060.1ms, serial=1.00 mtp=0.00 p1=0.000 mean_na=0.000 tok_step=1.000 regime_reprobes=0
[2m2026-09-06T00:37:16.988854Z[0m [32m INFO[0m [2mspark_model::model::trait_impl::decode_checkpoint[0m[2m:[0m Saved finish-leaf SSM snapshot 5 for 1448 tokens
[2m2026-09-06T00:37:16.989322Z[0m [32m INFO[0m [2mspark::scheduler::prefill_a_step[0m[2m:[0m Chunked prefill start: 1193 prompt tokens, chunk_size=1193, max_tokens=256
[2m2026-09-06T00:37:17.766496Z[0m [32m INFO[0m [2mspark_model::model::trait_impl::prefill_b::save_checkpoint[0m[2m:[0m Intermediate SSM checkpoint saved at token 1168 (snapshot_id 1, block 73)
[2m2026-09-06T00:37:18.027305Z[0m [32m INFO[0m [2mspark_model::model::trait_impl::prefill_b::finalize_last[0m[2m:[0m Saved SSM snapshot 12 for 1193 tokens (75 blocks) [chunk]
[2m2026-09-06T00:37:18.050653Z[0m [32m INFO[0m [2mspark::scheduler::prefill_a_step[0m[2m:[0m Prefill first token: 760
[2m2026-09-06T00:37:18.050663Z[0m [32m INFO[0m [2mspark::scheduler::phase_start_prefills[0m[2m:[0m Prefilled (single chunk): seq_len=1193, remaining=255
[2m2026-09-06T00:37:18.050666Z[0m [32m INFO[0m [2mspark::scheduler::prefill_a_step[0m[2m:[0m Chunked prefill start: 1193 prompt tokens, chunk_size=1193, max_tokens=256
[2m2026-09-06T00:37:18.824190Z[0m [32m INFO[0m [2mspark_model::model::trait_impl::prefill_b::save_checkpoint[0m[2m:[0m Intermediate SSM checkpoint saved at token 1168 (snapshot_id 2, block 73)
[2m2026-09-06T00:37:18.978638Z[0m [32m INFO[0m [2mspark_model::model::trait_impl::prefill_b::finalize_last[0m[2m:[0m Saved SSM snapshot 0 for 1193 tokens (75 blocks) [chunk]
[2m2026-09-06T00:37:19.107421Z[0m [32m INFO[0m [2mspark::scheduler::prefill_a_step[0m[2m:[0m Prefill first token: 760
[2m2026-09-06T00:37:19.107431Z[0m [32m INFO[0m [2mspark::scheduler::phase_start_prefills[0m[2m:[0m Prefilled (single chunk): seq_len=1193, remaining=255
[2m2026-09-06T00:37:19.107434Z[0m [32m INFO[0m [2mspark::scheduler::prefill_a_step[0m[2m:[0m Chunked prefill start: 1193 prompt tokens, chunk_size=1193, max_tokens=256
[2m2026-09-06T00:37:19.882137Z[0m [32m INFO[0m [2mspark_model::model::trait_impl::prefill_b::save_checkpoint[0m[2m:[0m Intermediate SSM checkpoint saved at token 1168 (snapshot_id 4, block 73)
[2m2026-09-06T00:37:20.035843Z[0m [32m INFO[0m [2mspark_model::model::trait_impl::prefill_b::finalize_last[0m[2m:[0m Saved SSM snapshot 15 for 1193 tokens (75 blocks) [chunk]
[2m2026-09-06T00:37:20.164308Z[0m [32m INFO[0m [2mspark::scheduler::prefill_a_step[0m[2m:[0m Prefill first token: 760
[2m2026-09-06T00:37:20.164317Z[0m [32m INFO[0m [2mspark::scheduler::phase_start_prefills[0m[2m:[0m Prefilled (single chunk): seq_len=1193, remaining=255
[2m2026-09-06T00:37:20.164320Z[0m [32m INFO[0m [2mspark::scheduler::prefill_a_step[0m[2m:[0m Chunked prefill start: 1193 prompt tokens, chunk_size=1193, max_tokens=256
[2m2026-09-06T00:37:20.937901Z[0m [32m INFO[0m [2mspark_model::model::trait_impl::prefill_b::save_checkpoint[0m[2m:[0m Intermediate SSM checkpoint saved at token 1168 (snapshot_id 3, block 73)
[2m2026-09-06T00:37:21.092278Z[0m [32m INFO[0m [2mspark_model::model::trait_impl::prefill_b::finalize_last[0m[2m:[0m Saved SSM snapshot 14 for 1193 tokens (75 blocks) [chunk]
[2m2026-09-06T00:37:21.221132Z[0m [32m INFO[0m [2mspark::scheduler::prefill_a_step[0m[2m:[0m Prefill first token: 760
[2m2026-09-06T00:37:21.221147Z[0m [32m INFO[0m [2mspark::scheduler::phase_start_prefills[0m[2m:[0m Prefilled (single chunk): seq_len=1193, remaining=255
[2m2026-09-06T00:37:22.256800Z[0m [32m INFO[0m [2mspark_model::model::trait_impl::decode_checkpoint[0m[2m:[0m decode-ckpt SAVE: snap_tokens=1216 end_block=76 snap_id=8 block_table_len=76 straddle=0
[2m2026-09-06T00:37:22.257028Z[0m [32m INFO[0m [2mspark_model::model::trait_impl::decode_checkpoint[0m[2m:[0m decode-ckpt SAVE: snap_tokens=1216 end_block=76 snap_id=7 block_table_len=76 straddle=0
[2m2026-09-06T00:37:22.257249Z[0m [32m INFO[0m [2mspark_model::model::trait_impl::decode_checkpoint[0m[2m:[0m decode-ckpt SAVE: snap_tokens=1216 end_block=76 snap_id=9 block_table_len=76 straddle=0
[2m2026-09-06T00:37:22.257466Z[0m [32m INFO[0m [2mspark_model::model::trait_impl::decode_checkpoint[0m[2m:[0m decode-ckpt SAVE: snap_tokens=1216 end_block=76 snap_id=10 block_table_len=76 straddle=0
[2m2026-09-06T00:37:25.149484Z[0m [32m INFO[0m [2mspark_model::model::trait_impl::decode_checkpoint[0m[2m:[0m decode-ckpt SAVE: snap_tokens=1280 end_block=80 snap_id=13 block_table_len=80 straddle=0
[2m2026-09-06T00:37:25.149706Z[0m [32m INFO[0m [2mspark_model::model::trait_impl::decode_checkpoint[0m[2m:[0m decode-ckpt SAVE: snap_tokens=1280 end_block=80 snap_id=6 block_table_len=80 straddle=0
[2m2026-09-06T00:37:25.149926Z[0m [32m INFO[0m [2mspark_model::model::trait_impl::decode_checkpoint[0m[2m:[0m decode-ckpt SAVE: snap_tokens=1280 end_block=80 snap_id=11 block_table_len=80 straddle=0
[2m2026-09-06T00:37:25.150146Z[0m [32m INFO[0m [2mspark_model::model::trait_impl::decode_checkpoint[0m[2m:[0m decode-ckpt SAVE: snap_tokens=1280 end_block=80 snap_id=5 block_table_len=80 straddle=0
[2m2026-09-06T00:37:28.044784Z[0m [32m INFO[0m [2mspark_model::model::trait_impl::decode_checkpoint[0m[2m:[0m decode-ckpt SAVE: snap_tokens=1344 end_block=84 snap_id=3 block_table_len=84 straddle=0
[2m2026-09-06T00:37:28.045004Z[0m [32m INFO[0m [2mspark_model::model::trait_impl::decode_checkpoint[0m[2m:[0m decode-ckpt SAVE: snap_tokens=1344 end_block=84 snap_id=4 block_table_len=84 straddle=0
[2m2026-09-06T00:37:28.045222Z[0m [32m INFO[0m [2mspark_model::model::trait_impl::decode_checkpoint[0m[2m:[0m decode-ckpt SAVE: snap_tokens=1344 end_block=84 snap_id=2 block_table_len=84 straddle=0
[2m2026-09-06T00:37:28.045436Z[0m [32m INFO[0m [2mspark_model::model::trait_impl::decode_checkpoint[0m[2m:[0m decode-ckpt SAVE: snap_tokens=1344 end_block=84 snap_id=1 block_table_len=84 straddle=0
[2m2026-09-06T00:37:30.944777Z[0m [32m INFO[0m [2mspark_model::model::trait_impl::decode_checkpoint[0m[2m:[0m decode-ckpt SAVE: snap_tokens=1408 end_block=88 snap_id=14 block_table_len=88 straddle=0
[2m2026-09-06T00:37:30.945000Z[0m [32m INFO[0m [2mspark_model::model::trait_impl::decode_checkpoint[0m[2m:[0m decode-ckpt SAVE: snap_tokens=1408 end_block=88 snap_id=15 block_table_len=88 straddle=0
[2m2026-09-06T00:37:30.945216Z[0m [32m INFO[0m [2mspark_model::model::trait_impl::decode_checkpoint[0m[2m:[0m decode-ckpt SAVE: snap_tokens=1408 end_block=88 snap_id=0 block_table_len=88 straddle=0
[2m2026-09-06T00:37:30.945430Z[0m [32m INFO[0m [2mspark_model::model::trait_impl::decode_checkpoint[0m[2m:[0m decode-ckpt SAVE: snap_tokens=1408 end_block=88 snap_id=12 block_table_len=88 straddle=0
[2m2026-09-06T00:37:32.758433Z[0m [32m INFO[0m [2mspark::scheduler::decode_logits_step[0m[2m:[0m process_decode_logits: remaining=0, output_tokens=256, thinking_tokens=0
[2m2026-09-06T00:37:32.758439Z[0m [32m INFO[0m [2mspark::scheduler::decode_logits_step[0m[2m:[0m process_decode_logits: remaining=0, output_tokens=256, thinking_tokens=0
[2m2026-09-06T00:37:32.758441Z[0m [32m INFO[0m [2mspark::scheduler::decode_logits_step[0m[2m:[0m process_decode_logits: remaining=0, output_tokens=256, thinking_tokens=0
[2m2026-09-06T00:37:32.758443Z[0m [32m INFO[0m [2mspark::scheduler::decode_logits_step[0m[2m:[0m process_decode_logits: remaining=0, output_tokens=256, thinking_tokens=0
[2m2026-09-06T00:37:32.758453Z[0m [32m INFO[0m [2mspark::scheduler::mtp_accept_debug[0m[2m:[0m Done: 256 tokens (length) 22.2 tok/s, TTFT=1056.8ms, serial=1.00 mtp=0.00 p1=0.000 mean_na=0.000 tok_step=1.000 regime_reprobes=0
[2m2026-09-06T00:37:32.758671Z[0m [32m INFO[0m [2mspark_model::model::trait_impl::decode_checkpoint[0m[2m:[0m Saved finish-leaf SSM snapshot 8 for 1448 tokens
[2m2026-09-06T00:37:32.759178Z[0m [32m INFO[0m [2mspark::scheduler::mtp_accept_debug[0m[2m:[0m Done: 256 tokens (length) 20.3 tok/s, TTFT=1056.9ms, serial=1.00 mtp=0.00 p1=0.000 mean_na=0.000 tok_step=1.000 regime_reprobes=0
[2m2026-09-06T00:37:32.759393Z[0m [32m INFO[0m [2mspark_model::model::trait_impl::decode_checkpoint[0m[2m:[0m Saved finish-leaf SSM snapshot 7 for 1448 tokens
[2m2026-09-06T00:37:32.759898Z[0m [32m INFO[0m [2mspark::scheduler::mtp_accept_debug[0m[2m:[0m Done: 256 tokens (length) 18.8 tok/s, TTFT=1056.8ms, serial=1.00 mtp=0.00 p1=0.000 mean_na=0.000 tok_step=1.000 regime_reprobes=0
[2m2026-09-06T00:37:32.760111Z[0m [32m INFO[0m [2mspark_model::model::trait_impl::decode_checkpoint[0m[2m:[0m Saved finish-leaf SSM snapshot 9 for 1448 tokens
[2m2026-09-06T00:37:32.760609Z[0m [32m INFO[0m [2mspark::scheduler::mtp_accept_debug[0m[2m:[0m Done: 256 tokens (length) 17.4 tok/s, TTFT=1061.3ms, serial=1.00 mtp=0.00 p1=0.000 mean_na=0.000 tok_step=1.000 regime_reprobes=0
[2m2026-09-06T00:37:32.760823Z[0m [32m INFO[0m [2mspark_model::model::trait_impl::decode_checkpoint[0m[2m:[0m Saved finish-leaf SSM snapshot 10 for 1448 tokens
[2m2026-09-06T00:37:32.761321Z[0m [32m INFO[0m [2mspark::scheduler::prefill_a_step[0m[2m:[0m Chunked prefill start: 1193 prompt tokens, chunk_size=1193, max_tokens=256
[2m2026-09-06T00:37:33.538928Z[0m [32m INFO[0m [2mspark_model::model::trait_impl::prefill_b::save_checkpoint[0m[2m:[0m Intermediate SSM checkpoint saved at token 1168 (snapshot_id 13, block 73)
[2m2026-09-06T00:37:33.692531Z[0m [32m INFO[0m [2mspark_model::model::trait_impl::prefill_b::finalize_last[0m[2m:[0m Saved SSM snapshot 3 for 1193 tokens (75 blocks) [chunk]
[2m2026-09-06T00:37:33.822595Z[0m [32m INFO[0m [2mspark::scheduler::prefill_a_step[0m[2m:[0m Prefill first token: 760
[2m2026-09-06T00:37:33.822605Z[0m [32m INFO[0m [2mspark::scheduler::phase_start_prefills[0m[2m:[0m Prefilled (single chunk): seq_len=1193, remaining=255
[2m2026-09-06T00:37:33.822608Z[0m [32m INFO[0m [2mspark::scheduler::prefill_a_step[0m[2m:[0m Chunked prefill start: 1193 prompt tokens, chunk_size=1193, max_tokens=256
[2m2026-09-06T00:37:34.597453Z[0m [32m INFO[0m [2mspark_model::model::trait_impl::prefill_b::save_checkpoint[0m[2m:[0m Intermediate SSM checkpoint saved at token 1168 (snapshot_id 14, block 73)
[2m2026-09-06T00:37:34.750782Z[0m [32m INFO[0m [2mspark_model::model::trait_impl::prefill_b::finalize_last[0m[2m:[0m Saved SSM snapshot 8 for 1193 tokens (75 blocks) [chunk]
[2m2026-09-06T00:37:34.879047Z[0m [32m INFO[0m [2mspark::scheduler::prefill_a_step[0m[2m:[0m Prefill first token: 760
[2m2026-09-06T00:37:34.879058Z[0m [32m INFO[0m [2mspark::scheduler::phase_start_prefills[0m[2m:[0m Prefilled (single chunk): seq_len=1193, remaining=255
[2m2026-09-06T00:37:34.879060Z[0m [32m INFO[0m [2mspark::scheduler::prefill_a_step[0m[2m:[0m Chunked prefill start: 1193 prompt tokens, chunk_size=1193, max_tokens=256
[2m2026-09-06T00:37:35.652238Z[0m [32m INFO[0m [2mspark_model::model::trait_impl::prefill_b::save_checkpoint[0m[2m:[0m Intermediate SSM checkpoint saved at token 1168 (snapshot_id 6, block 73)
[2m2026-09-06T00:37:35.805482Z[0m [32m INFO[0m [2mspark_model::model::trait_impl::prefill_b::finalize_last[0m[2m:[0m Saved SSM snapshot 4 for 1193 tokens (75 blocks) [chunk]
[2m2026-09-06T00:37:35.935297Z[0m [32m INFO[0m [2mspark::scheduler::prefill_a_step[0m[2m:[0m Prefill first token: 760
[2m2026-09-06T00:37:35.935312Z[0m [32m INFO[0m [2mspark::scheduler::phase_start_prefills[0m[2m:[0m Prefilled (single chunk): seq_len=1193, remaining=255
[2m2026-09-06T00:37:35.935314Z[0m [32m INFO[0m [2mspark::scheduler::prefill_a_step[0m[2m:[0m Chunked prefill start: 1193 prompt tokens, chunk_size=1193, max_tokens=256
[2m2026-09-06T00:37:36.710512Z[0m [32m INFO[0m [2mspark_model::model::trait_impl::prefill_b::save_checkpoint[0m[2m:[0m Intermediate SSM checkpoint saved at token 1168 (snapshot_id 15, block 73)
[2m2026-09-06T00:37:36.969014Z[0m [32m INFO[0m [2mspark_model::model::trait_impl::prefill_b::finalize_last[0m[2m:[0m Saved SSM snapshot 7 for 1193 tokens (75 blocks) [chunk]
[2m2026-09-06T00:37:36.992304Z[0m [32m INFO[0m [2mspark::scheduler::prefill_a_step[0m[2m:[0m Prefill first token: 760
[2m2026-09-06T00:37:36.992313Z[0m [32m INFO[0m [2mspark::scheduler::phase_start_prefills[0m[2m:[0m Prefilled (single chunk): seq_len=1193, remaining=255
[2m2026-09-06T00:37:38.023582Z[0m [32m INFO[0m [2mspark_model::model::trait_impl::decode_checkpoint[0m[2m:[0m decode-ckpt SAVE: snap_tokens=1216 end_block=76 snap_id=11 block_table_len=76 straddle=0
[2m2026-09-06T00:37:38.023806Z[0m [32m INFO[0m [2mspark_model::model::trait_impl::decode_checkpoint[0m[2m:[0m decode-ckpt SAVE: snap_tokens=1216 end_block=76 snap_id=2 block_table_len=76 straddle=0
[2m2026-09-06T00:37:38.024022Z[0m [32m INFO[0m [2mspark_model::model::trait_impl::decode_checkpoint[0m[2m:[0m decode-ckpt SAVE: snap_tokens=1216 end_block=76 snap_id=0 block_table_len=76 straddle=0
[2m2026-09-06T00:37:38.024248Z[0m [32m INFO[0m [2mspark_model::model::trait_impl::decode_checkpoint[0m[2m:[0m decode-ckpt SAVE: snap_tokens=1216 end_block=76 snap_id=9 block_table_len=76 straddle=0
[2m2026-09-06T00:37:40.915229Z[0m [32m INFO[0m [2mspark_model::model::trait_impl::decode_checkpoint[0m[2m:[0m decode-ckpt SAVE: snap_tokens=1280 end_block=80 snap_id=5 block_table_len=80 straddle=0
[2m2026-09-06T00:37:40.915452Z[0m [32m INFO[0m [2mspark_model::model::trait_impl::decode_checkpoint[0m[2m:[0m decode-ckpt SAVE: snap_tokens=1280 end_block=80 snap_id=1 block_table_len=80 straddle=0
[2m2026-09-06T00:37:40.915668Z[0m [32m INFO[0m [2mspark_model::model::trait_impl::decode_checkpoint[0m[2m:[0m decode-ckpt SAVE: snap_tokens=1280 end_block=80 snap_id=12 block_table_len=80 straddle=0
[2m2026-09-06T00:37:40.915884Z[0m [32m INFO[0m [2mspark_model::model::trait_impl::decode_checkpoint[0m[2m:[0m decode-ckpt SAVE: snap_tokens=1280 end_block=80 snap_id=10 block_table_len=80 straddle=0
[2m2026-09-06T00:37:43.810046Z[0m [32m INFO[0m [2mspark_model::model::trait_impl::decode_checkpoint[0m[2m:[0m decode-ckpt SAVE: snap_tokens=1344 end_block=84 snap_id=15 block_table_len=84 straddle=0
[2m2026-09-06T00:37:43.810272Z[0m [32m INFO[0m [2mspark_model::model::trait_impl::decode_checkpoint[0m[2m:[0m decode-ckpt SAVE: snap_tokens=1344 end_block=84 snap_id=6 block_table_len=84 straddle=0
[2m2026-09-06T00:37:43.810488Z[0m [32m INFO[0m [2mspark_model::model::trait_impl::decode_checkpoint[0m[2m:[0m decode-ckpt SAVE: snap_tokens=1344 end_block=84 snap_id=14 block_table_len=84 straddle=0
[2m2026-09-06T00:37:43.810705Z[0m [32m INFO[0m [2mspark_model::model::trait_impl::decode_checkpoint[0m[2m:[0m decode-ckpt SAVE: snap_tokens=1344 end_block=84 snap_id=13 block_table_len=84 straddle=0
[2m2026-09-06T00:37:46.708841Z[0m [32m INFO[0m [2mspark_model::model::trait_impl::decode_checkpoint[0m[2m:[0m decode-ckpt SAVE: snap_tokens=1408 end_block=88 snap_id=7 block_table_len=88 straddle=0
[2m2026-09-06T00:37:46.709063Z[0m [32m INFO[0m [2mspark_model::model::trait_impl::decode_checkpoint[0m[2m:[0m decode-ckpt SAVE: snap_tokens=1408 end_block=88 snap_id=4 block_table_len=88 straddle=0
[2m2026-09-06T00:37:46.709281Z[0m [32m INFO[0m [2mspark_model::model::trait_impl::decode_checkpoint[0m[2m:[0m decode-ckpt SAVE: snap_tokens=1408 end_block=88 snap_id=8 block_table_len=88 straddle=0
[2m2026-09-06T00:37:46.709501Z[0m [32m INFO[0m [2mspark_model::model::trait_impl::decode_checkpoint[0m[2m:[0m decode-ckpt SAVE: snap_tokens=1408 end_block=88 snap_id=3 block_table_len=88 straddle=0
[2m2026-09-06T00:37:48.522926Z[0m [32m INFO[0m [2mspark::scheduler::decode_logits_step[0m[2m:[0m process_decode_logits: remaining=0, output_tokens=256, thinking_tokens=0
[2m2026-09-06T00:37:48.522934Z[0m [32m INFO[0m [2mspark::scheduler::decode_logits_step[0m[2m:[0m process_decode_logits: remaining=0, output_tokens=256, thinking_tokens=0
[2m2026-09-06T00:37:48.522936Z[0m [32m INFO[0m [2mspark::scheduler::decode_logits_step[0m[2m:[0m process_decode_logits: remaining=0, output_tokens=256, thinking_tokens=0
[2m2026-09-06T00:37:48.522938Z[0m [32m INFO[0m [2mspark::scheduler::decode_logits_step[0m[2m:[0m process_decode_logits: remaining=0, output_tokens=256, thinking_tokens=0
[2m2026-09-06T00:37:48.522945Z[0m [32m INFO[0m [2mspark::scheduler::mtp_accept_debug[0m[2m:[0m Done: 256 tokens (length) 22.2 tok/s, TTFT=1057.0ms, serial=1.00 mtp=0.00 p1=0.000 mean_na=0.000 tok_step=1.000 regime_reprobes=0
[2m2026-09-06T00:37:48.523162Z[0m [32m INFO[0m [2mspark_model::model::trait_impl::decode_checkpoint[0m[2m:[0m Saved finish-leaf SSM snapshot 11 for 1448 tokens
[2m2026-09-06T00:37:48.523632Z[0m [32m INFO[0m [2mspark::scheduler::mtp_accept_debug[0m[2m:[0m Done: 256 tokens (length) 20.3 tok/s, TTFT=1056.3ms, serial=1.00 mtp=0.00 p1=0.000 mean_na=0.000 tok_step=1.000 regime_reprobes=0
[2m2026-09-06T00:37:48.523846Z[0m [32m INFO[0m [2mspark_model::model::trait_impl::decode_checkpoint[0m[2m:[0m Saved finish-leaf SSM snapshot 2 for 1448 tokens
[2m2026-09-06T00:37:48.524312Z[0m [32m INFO[0m [2mspark::scheduler::mtp_accept_debug[0m[2m:[0m Done: 256 tokens (length) 18.8 tok/s, TTFT=1056.4ms, serial=1.00 mtp=0.00 p1=0.000 mean_na=0.000 tok_step=1.000 regime_reprobes=0
[2m2026-09-06T00:37:48.524519Z[0m [32m INFO[0m [2mspark_model::model::trait_impl::decode_checkpoint[0m[2m:[0m Saved finish-leaf SSM snapshot 0 for 1448 tokens
[2m2026-09-06T00:37:48.524990Z[0m [32m INFO[0m [2mspark::scheduler::mtp_accept_debug[0m[2m:[0m Done: 256 tokens (length) 17.4 tok/s, TTFT=1061.3ms, serial=1.00 mtp=0.00 p1=0.000 mean_na=0.000 tok_step=1.000 regime_reprobes=0
[2m2026-09-06T00:37:48.525207Z[0m [32m INFO[0m [2mspark_model::model::trait_impl::decode_checkpoint[0m[2m:[0m Saved finish-leaf SSM snapshot 9 for 1448 tokens
[2m2026-09-06T00:37:48.596234Z[0m [32m INFO[0m [2mspark::api::chat::prepare[0m[2m:[0m Request: model=Qwen/Qwen3.8-27B-FP8, messages=1, tools=0, tools_active=false, tool_choice=None, stream=true, temp=Some(0.0), max_tokens=256, freq_pen=Some(0.0), rep_pen=None
[2m2026-09-06T00:37:48.596566Z[0m [32m INFO[0m [2mspark::api::chat::prepare[0m[2m:[0m Request: model=Qwen/Qwen3.8-27B-FP8, messages=1, tools=0, tools_active=false, tool_choice=None, stream=true, temp=Some(0.0), max_tokens=256, freq_pen=Some(0.0), rep_pen=None
[2m2026-09-06T00:37:48.597250Z[0m [32m INFO[0m [2mspark::api::chat::prepare[0m[2m:[0m Request: model=Qwen/Qwen3.8-27B-FP8, messages=1, tools=0, tools_active=false, tool_choice=None, stream=true, temp=Some(0.0), max_tokens=256, freq_pen=Some(0.0), rep_pen=None
[2m2026-09-06T00:37:48.597265Z[0m [32m INFO[0m [2mspark::api::chat::prepare[0m[2m:[0m Request: model=Qwen/Qwen3.8-27B-FP8, messages=1, tools=0, tools_active=false, tool_choice=None, stream=true, temp=Some(0.0), max_tokens=256, freq_pen=Some(0.0), rep_pen=None
[2m2026-09-06T00:37:48.597374Z[0m [32m INFO[0m [2mspark::api::chat::prepare[0m[2m:[0m Request: model=Qwen/Qwen3.8-27B-FP8, messages=1, tools=0, tools_active=false, tool_choice=None, stream=true, temp=Some(0.0), max_tokens=256, freq_pen=Some(0.0), rep_pen=None
[2m2026-09-06T00:37:48.597573Z[0m [32m INFO[0m [2mspark::api::chat::prepare[0m[2m:[0m Request: model=Qwen/Qwen3.8-27B-FP8, messages=1, tools=0, tools_active=false, tool_choice=None, stream=true, temp=Some(0.0), max_tokens=256, freq_pen=Some(0.0), rep_pen=None
[2m2026-09-06T00:37:48.597593Z[0m [32m INFO[0m [2mspark::api::chat::prepare[0m[2m:[0m Request: model=Qwen/Qwen3.8-27B-FP8, messages=1, tools=0, tools_active=false, tool_choice=None, stream=true, temp=Some(0.0), max_tokens=256, freq_pen=Some(0.0), rep_pen=None
[2m2026-09-06T00:37:48.598227Z[0m [32m INFO[0m [2mspark::api::chat::prepare[0m[2m:[0m Request: model=Qwen/Qwen3.8-27B-FP8, messages=1, tools=0, tools_active=false, tool_choice=None, stream=true, temp=Some(0.0), max_tokens=256, freq_pen=Some(0.0), rep_pen=None
[2m2026-09-06T00:37:48.599200Z[0m [32m INFO[0m [2mspark::api::chat::prepare[0m[2m:[0m Request: model=Qwen/Qwen3.8-27B-FP8, messages=1, tools=0, tools_active=false, tool_choice=None, stream=true, temp=Some(0.0), max_tokens=256, freq_pen=Some(0.0), rep_pen=None
[2m2026-09-06T00:37:48.599313Z[0m [32m INFO[0m [2mspark::api::chat::prepare[0m[2m:[0m Request: model=Qwen/Qwen3.8-27B-FP8, messages=1, tools=0, tools_active=false, tool_choice=None, stream=true, temp=Some(0.0), max_tokens=256, freq_pen=Some(0.0), rep_pen=None
[2m2026-09-06T00:37:48.599754Z[0m [32m INFO[0m [2mspark::api::chat::prepare[0m[2m:[0m Request: model=Qwen/Qwen3.8-27B-FP8, messages=1, tools=0, tools_active=false, tool_choice=None, stream=true, temp=Some(0.0), max_tokens=256, freq_pen=Some(0.0), rep_pen=None
[2m2026-09-06T00:37:48.599885Z[0m [32m INFO[0m [2mspark::api::chat::prepare[0m[2m:[0m Request: model=Qwen/Qwen3.8-27B-FP8, messages=1, tools=0, tools_active=false, tool_choice=None, stream=true, temp=Some(0.0), max_tokens=256, freq_pen=Some(0.0), rep_pen=None
[2m2026-09-06T00:37:48.600018Z[0m [32m INFO[0m [2mspark::api::chat::prepare[0m[2m:[0m Request: model=Qwen/Qwen3.8-27B-FP8, messages=1, tools=0, tools_active=false, tool_choice=None, stream=true, temp=Some(0.0), max_tokens=256, freq_pen=Some(0.0), rep_pen=None
[2m2026-09-06T00:37:48.600167Z[0m [32m INFO[0m [2mspark::api::chat::prepare[0m[2m:[0m Request: model=Qwen/Qwen3.8-27B-FP8, messages=1, tools=0, tools_active=false, tool_choice=None, stream=true, temp=Some(0.0), max_tokens=256, freq_pen=Some(0.0), rep_pen=None
[2m2026-09-06T00:37:48.600185Z[0m [32m INFO[0m [2mspark::api::chat::prepare[0m[2m:[0m Request: model=Qwen/Qwen3.8-27B-FP8, messages=1, tools=0, tools_active=false, tool_choice=None, stream=true, temp=Some(0.0), max_tokens=256, freq_pen=Some(0.0), rep_pen=None
[2m2026-09-06T00:37:48.600383Z[0m [32m INFO[0m [2mspark::api::chat::prepare[0m[2m:[0m Request: model=Qwen/Qwen3.8-27B-FP8, messages=1, tools=0, tools_active=false, tool_choice=None, stream=true, temp=Some(0.0), max_tokens=256, freq_pen=Some(0.0), rep_pen=None
[2m2026-09-06T00:37:48.602823Z[0m [32m INFO[0m [2mspark::api::chat[0m[2m:[0m Session 0x2d16a0e0b51ae378: 1193 prompt tokens, tools=false (0 defined)
[2m2026-09-06T00:37:48.603105Z[0m [32m INFO[0m [2mspark::scheduler::prefill_a_step[0m[2m:[0m Chunked prefill start: 1193 prompt tokens, chunk_size=1193, max_tokens=256
[2m2026-09-06T00:37:48.603190Z[0m [32m INFO[0m [2mspark::api::chat[0m[2m:[0m Session 0x83128927531b8e2b: 1193 prompt tokens, tools=false (0 defined)
[2m2026-09-06T00:37:48.603746Z[0m [32m INFO[0m [2mspark::api::chat[0m[2m:[0m Session 0x7ffa49c364b4d9de: 1193 prompt tokens, tools=false (0 defined)
[2m2026-09-06T00:37:48.603898Z[0m [32m INFO[0m [2mspark::api::chat[0m[2m:[0m Session 0x762c2add7bee98d7: 1193 prompt tokens, tools=false (0 defined)
[2m2026-09-06T00:37:48.604041Z[0m [32m INFO[0m [2mspark::api::chat[0m[2m:[0m Session 0xdb21543408eb3259: 1193 prompt tokens, tools=false (0 defined)
[2m2026-09-06T00:37:48.604076Z[0m [32m INFO[0m [2mspark::api::chat[0m[2m:[0m Session 0xcc70cfb5f95bfa95: 1193 prompt tokens, tools=false (0 defined)
[2m2026-09-06T00:37:48.604228Z[0m [32m INFO[0m [2mspark::api::chat[0m[2m:[0m Session 0xea5c1ec0dac23789: 1193 prompt tokens, tools=false (0 defined)
[2m2026-09-06T00:37:48.604564Z[0m [32m INFO[0m [2mspark::api::chat[0m[2m:[0m Session 0x743947ee57486469: 1193 prompt tokens, tools=false (0 defined)
[2m2026-09-06T00:37:48.605599Z[0m [32m INFO[0m [2mspark::api::chat[0m[2m:[0m Session 0x826a2d3a66557350: 1193 prompt tokens, tools=false (0 defined)
[2m2026-09-06T00:37:48.605739Z[0m [32m INFO[0m [2mspark::api::chat[0m[2m:[0m Session 0xfae9f0e3d10ba3df: 1193 prompt tokens, tools=false (0 defined)
[2m2026-09-06T00:37:48.606121Z[0m [32m INFO[0m [2mspark::api::chat[0m[2m:[0m Session 0xafac4799dbd65c: 1193 prompt tokens, tools=false (0 defined)
[2m2026-09-06T00:37:48.606296Z[0m [32m INFO[0m [2mspark::api::chat[0m[2m:[0m Session 0x97601214a7d1e595: 1193 prompt tokens, tools=false (0 defined)
[2m2026-09-06T00:37:48.606627Z[0m [32m INFO[0m [2mspark::api::chat[0m[2m:[0m Session 0x6ab808e90084221d: 1193 prompt tokens, tools=false (0 defined)
[2m2026-09-06T00:37:48.606784Z[0m [32m INFO[0m [2mspark::api::chat[0m[2m:[0m Session 0x5ced43d385ad5672: 1193 prompt tokens, tools=false (0 defined)
[2m2026-09-06T00:37:48.606902Z[0m [32m INFO[0m [2mspark::api::chat[0m[2m:[0m Session 0xb257ca41ed493ae8: 1193 prompt tokens, tools=false (0 defined)
[2m2026-09-06T00:37:48.607350Z[0m [32m INFO[0m [2mspark::api::chat[0m[2m:[0m Session 0xa9255b4e745eeea3: 1193 prompt tokens, tools=false (0 defined)
[2m2026-09-06T00:37:49.385299Z[0m [32m INFO[0m [2mspark_model::model::trait_impl::prefill_b::save_checkpoint[0m[2m:[0m Intermediate SSM checkpoint saved at token 1168 (snapshot_id 5, block 73)
[2m2026-09-06T00:37:49.538924Z[0m [32m INFO[0m [2mspark_model::model::trait_impl::prefill_b::finalize_last[0m[2m:[0m Saved SSM snapshot 15 for 1193 tokens (75 blocks) [chunk]
[2m2026-09-06T00:37:49.667325Z[0m [32m INFO[0m [2mspark::scheduler::prefill_a_step[0m[2m:[0m Prefill first token: 760
[2m2026-09-06T00:37:49.667338Z[0m [32m INFO[0m [2mspark::scheduler::phase_start_prefills[0m[2m:[0m Prefilled (single chunk): seq_len=1193, remaining=255
[2m2026-09-06T00:37:49.667369Z[0m [32m INFO[0m [2mspark_model::model::trait_impl::decode_a[0m[2m:[0m CUDA graph capture: starting for 64 layers
[2m2026-09-06T00:37:49.671540Z[0m [32m INFO[0m [2mspark_model::model::trait_impl::decode_a[0m[2m:[0m CUDA graph captured successfully for slot=3 (handle=128345121650464)
[2m2026-09-06T00:37:49.692553Z[0m [32m INFO[0m [2mspark::scheduler::prefill_a_step[0m[2m:[0m Chunked prefill start: 1193 prompt tokens, chunk_size=1193, max_tokens=256
[2m2026-09-06T00:37:50.468740Z[0m [32m INFO[0m [2mspark_model::model::trait_impl::prefill_b::save_checkpoint[0m[2m:[0m Intermediate SSM checkpoint saved at token 1168 (snapshot_id 7, block 73)
[2m2026-09-06T00:37:50.622984Z[0m [32m INFO[0m [2mspark_model::model::trait_impl::prefill_b::finalize_last[0m[2m:[0m Saved SSM snapshot 11 for 1193 tokens (75 blocks) [chunk]
[2m2026-09-06T00:37:50.752925Z[0m [32m INFO[0m [2mspark::scheduler::prefill_a_step[0m[2m:[0m Prefill first token: 760
[2m2026-09-06T00:37:50.752937Z[0m [32m INFO[0m [2mspark::scheduler::phase_start_prefills[0m[2m:[0m Prefilled (single chunk): seq_len=1193, remaining=255
[2m2026-09-06T00:37:50.752940Z[0m [32m INFO[0m [2mspark::scheduler::prefill_a_step[0m[2m:[0m Chunked prefill start: 1193 prompt tokens, chunk_size=1193, max_tokens=256
[2m2026-09-06T00:37:51.526388Z[0m [32m INFO[0m [2mspark_model::model::trait_impl::prefill_b::save_checkpoint[0m[2m:[0m Intermediate SSM checkpoint saved at token 1168 (snapshot_id 1, block 73)
[2m2026-09-06T00:37:51.680897Z[0m [32m INFO[0m [2mspark_model::model::trait_impl::prefill_b::finalize_last[0m[2m:[0m Saved SSM snapshot 6 for 1193 tokens (75 blocks) [chunk]
[2m2026-09-06T00:37:51.809942Z[0m [32m INFO[0m [2mspark::scheduler::prefill_a_step[0m[2m:[0m Prefill first token: 760
[2m2026-09-06T00:37:51.809953Z[0m [32m INFO[0m [2mspark::scheduler::phase_start_prefills[0m[2m:[0m Prefilled (single chunk): seq_len=1193, remaining=255
[2m2026-09-06T00:37:51.809956Z[0m [32m INFO[0m [2mspark::scheduler::prefill_a_step[0m[2m:[0m Chunked prefill start: 1193 prompt tokens, chunk_size=1193, max_tokens=256
[2m2026-09-06T00:37:52.584713Z[0m [32m INFO[0m [2mspark_model::model::trait_impl::prefill_b::save_checkpoint[0m[2m:[0m Intermediate SSM checkpoint saved at token 1168 (snapshot_id 4, block 73)
[2m2026-09-06T00:37:52.738344Z[0m [32m INFO[0m [2mspark_model::model::trait_impl::prefill_b::finalize_last[0m[2m:[0m Saved SSM snapshot 2 for 1193 tokens (75 blocks) [chunk]
[2m2026-09-06T00:37:52.866962Z[0m [32m INFO[0m [2mspark::scheduler::prefill_a_step[0m[2m:[0m Prefill first token: 760
[2m2026-09-06T00:37:52.866974Z[0m [32m INFO[0m [2mspark::scheduler::phase_start_prefills[0m[2m:[0m Prefilled (single chunk): seq_len=1193, remaining=255
[2m2026-09-06T00:37:53.856278Z[0m [32m INFO[0m [2mspark_model::model::trait_impl::decode_checkpoint[0m[2m:[0m decode-ckpt SAVE: snap_tokens=1216 end_block=76 snap_id=12 block_table_len=76 straddle=0
[2m2026-09-06T00:37:53.901831Z[0m [32m INFO[0m [2mspark_model::model::trait_impl::decode_checkpoint[0m[2m:[0m decode-ckpt SAVE: snap_tokens=1216 end_block=76 snap_id=14 block_table_len=76 straddle=0
[2m2026-09-06T00:37:53.902054Z[0m [32m INFO[0m [2mspark_model::model::trait_impl::decode_checkpoint[0m[2m:[0m decode-ckpt SAVE: snap_tokens=1216 end_block=76 snap_id=8 block_table_len=76 straddle=0
[2m2026-09-06T00:37:53.902265Z[0m [32m INFO[0m [2mspark_model::model::trait_impl::decode_checkpoint[0m[2m:[0m decode-ckpt SAVE: snap_tokens=1216 end_block=76 snap_id=0 block_table_len=76 straddle=0
[2m2026-09-06T00:37:56.748502Z[0m [32m INFO[0m [2mspark_model::model::trait_impl::decode_checkpoint[0m[2m:[0m decode-ckpt SAVE: snap_tokens=1280 end_block=80 snap_id=10 block_table_len=80 straddle=0
[2m2026-09-06T00:37:56.794025Z[0m [32m INFO[0m [2mspark_model::model::trait_impl::decode_checkpoint[0m[2m:[0m decode-ckpt SAVE: snap_tokens=1280 end_block=80 snap_id=13 block_table_len=80 straddle=0
[2m2026-09-06T00:37:56.794260Z[0m [32m INFO[0m [2mspark_model::model::trait_impl::decode_checkpoint[0m[2m:[0m decode-ckpt SAVE: snap_tokens=1280 end_block=80 snap_id=3 block_table_len=80 straddle=0
[2m2026-09-06T00:37:56.794488Z[0m [32m INFO[0m [2mspark_model::model::trait_impl::decode_checkpoint[0m[2m:[0m decode-ckpt SAVE: snap_tokens=1280 end_block=80 snap_id=9 block_table_len=80 straddle=0
[2m2026-09-06T00:37:59.614535Z[0m [32m INFO[0m [2mspark_model::model::trait_impl::decode_checkpoint[0m[2m:[0m decode-ckpt SAVE: snap_tokens=1344 end_block=84 snap_id=5 block_table_len=84 straddle=0
[2m2026-09-06T00:37:59.659515Z[0m [32m INFO[0m [2mspark_model::model::trait_impl::decode_checkpoint[0m[2m:[0m decode-ckpt SAVE: snap_tokens=1344 end_block=84 snap_id=1 block_table_len=84 straddle=0
[2m2026-09-06T00:37:59.659735Z[0m [32m INFO[0m [2mspark_model::model::trait_impl::decode_checkpoint[0m[2m:[0m decode-ckpt SAVE: snap_tokens=1344 end_block=84 snap_id=4 block_table_len=84 straddle=0
[2m2026-09-06T00:37:59.659968Z[0m [32m INFO[0m [2mspark_model::model::trait_impl::decode_checkpoint[0m[2m:[0m decode-ckpt SAVE: snap_tokens=1344 end_block=84 snap_id=7 block_table_len=84 straddle=0
[2m2026-09-06T00:38:02.475200Z[0m [32m INFO[0m [2mspark_model::model::trait_impl::decode_checkpoint[0m[2m:[0m decode-ckpt SAVE: snap_tokens=1408 end_block=88 snap_id=15 block_table_len=88 straddle=0
[2m2026-09-06T00:38:02.520285Z[0m [32m INFO[0m [2mspark_model::model::trait_impl::decode_checkpoint[0m[2m:[0m decode-ckpt SAVE: snap_tokens=1408 end_block=88 snap_id=6 block_table_len=88 straddle=0
[2m2026-09-06T00:38:02.520506Z[0m [32m INFO[0m [2mspark_model::model::trait_impl::decode_checkpoint[0m[2m:[0m decode-ckpt SAVE: snap_tokens=1408 end_block=88 snap_id=2 block_table_len=88 straddle=0
[2m2026-09-06T00:38:02.520729Z[0m [32m INFO[0m [2mspark_model::model::trait_impl::decode_checkpoint[0m[2m:[0m decode-ckpt SAVE: snap_tokens=1408 end_block=88 snap_id=11 block_table_len=88 straddle=0
[2m2026-09-06T00:38:04.264349Z[0m [32m INFO[0m [2mspark::scheduler::decode_logits_step[0m[2m:[0m process_decode_logits: remaining=0, output_tokens=256, thinking_tokens=0
[2m2026-09-06T00:38:04.264366Z[0m [32m INFO[0m [2mspark::scheduler::mtp_accept_debug[0m[2m:[0m Done: 256 tokens (length) 17.5 tok/s, TTFT=1064.2ms, serial=1.00 mtp=0.00 p1=0.000 mean_na=0.000 tok_step=1.000 regime_reprobes=0
[2m2026-09-06T00:38:04.264587Z[0m [32m INFO[0m [2mspark_model::model::trait_impl::decode_checkpoint[0m[2m:[0m Saved finish-leaf SSM snapshot 12 for 1448 tokens
[2m2026-09-06T00:38:04.265428Z[0m [32m INFO[0m [2mspark::scheduler::prefill_a_step[0m[2m:[0m Chunked prefill start: 1193 prompt tokens, chunk_size=1193, max_tokens=256
[2m2026-09-06T00:38:05.042983Z[0m [32m INFO[0m [2mspark_model::model::trait_impl::prefill_b::save_checkpoint[0m[2m:[0m Intermediate SSM checkpoint saved at token 1168 (snapshot_id 14, block 73)
[2m2026-09-06T00:38:05.196690Z[0m [32m INFO[0m [2mspark_model::model::trait_impl::prefill_b::finalize_last[0m[2m:[0m Saved SSM snapshot 13 for 1193 tokens (75 blocks) [chunk]
[2m2026-09-06T00:38:05.327178Z[0m [32m INFO[0m [2mspark::scheduler::prefill_a_step[0m[2m:[0m Prefill first token: 760
[2m2026-09-06T00:38:05.327192Z[0m [32m INFO[0m [2mspark::scheduler::phase_start_prefills[0m[2m:[0m Prefilled (single chunk): seq_len=1193, remaining=255
[2m2026-09-06T00:38:05.370843Z[0m [32m INFO[0m [2mspark::scheduler::decode_logits_step[0m[2m:[0m process_decode_logits: remaining=0, output_tokens=256, thinking_tokens=0
[2m2026-09-06T00:38:05.370847Z[0m [32m INFO[0m [2mspark::scheduler::decode_logits_step[0m[2m:[0m process_decode_logits: remaining=0, output_tokens=256, thinking_tokens=0
[2m2026-09-06T00:38:05.370849Z[0m [32m INFO[0m [2mspark::scheduler::decode_logits_step[0m[2m:[0m process_decode_logits: remaining=0, output_tokens=256, thinking_tokens=0
[2m2026-09-06T00:38:05.370858Z[0m [32m INFO[0m [2mspark::scheduler::mtp_accept_debug[0m[2m:[0m Done: 256 tokens (length) 17.5 tok/s, TTFT=1060.4ms, serial=1.00 mtp=0.00 p1=0.000 mean_na=0.000 tok_step=1.000 regime_reprobes=0
[2m2026-09-06T00:38:05.371091Z[0m [32m INFO[0m [2mspark_model::model::trait_impl::decode_checkpoint[0m[2m:[0m Saved finish-leaf SSM snapshot 1 for 1448 tokens
[2m2026-09-06T00:38:05.371584Z[0m [32m INFO[0m [2mspark::scheduler::mtp_accept_debug[0m[2m:[0m Done: 256 tokens (length) 18.9 tok/s, TTFT=1057.0ms, serial=1.00 mtp=0.00 p1=0.000 mean_na=0.000 tok_step=1.000 regime_reprobes=0
[2m2026-09-06T00:38:05.371802Z[0m [32m INFO[0m [2mspark_model::model::trait_impl::decode_checkpoint[0m[2m:[0m Saved finish-leaf SSM snapshot 6 for 1448 tokens
[2m2026-09-06T00:38:05.372301Z[0m [32m INFO[0m [2mspark::scheduler::mtp_accept_debug[0m[2m:[0m Done: 256 tokens (length) 20.5 tok/s, TTFT=1057.0ms, serial=1.00 mtp=0.00 p1=0.000 mean_na=0.000 tok_step=1.000 regime_reprobes=0
[2m2026-09-06T00:38:05.372522Z[0m [32m INFO[0m [2mspark_model::model::trait_impl::decode_checkpoint[0m[2m:[0m Saved finish-leaf SSM snapshot 8 for 1448 tokens
[2m2026-09-06T00:38:05.373429Z[0m [32m INFO[0m [2mspark::scheduler::prefill_a_step[0m[2m:[0m Chunked prefill start: 1193 prompt tokens, chunk_size=1193, max_tokens=256
[2m2026-09-06T00:38:06.146966Z[0m [32m INFO[0m [2mspark_model::model::trait_impl::prefill_b::save_checkpoint[0m[2m:[0m Intermediate SSM checkpoint saved at token 1168 (snapshot_id 10, block 73)
[2m2026-09-06T00:38:06.407092Z[0m [32m INFO[0m [2mspark_model::model::trait_impl::prefill_b::finalize_last[0m[2m:[0m Saved SSM snapshot 5 for 1193 tokens (75 blocks) [chunk]
[2m2026-09-06T00:38:06.430689Z[0m [32m INFO[0m [2mspark::scheduler::prefill_a_step[0m[2m:[0m Prefill first token: 760
[2m2026-09-06T00:38:06.430699Z[0m [32m INFO[0m [2mspark::scheduler::phase_start_prefills[0m[2m:[0m Prefilled (single chunk): seq_len=1193, remaining=255
[2m2026-09-06T00:38:06.430702Z[0m [32m INFO[0m [2mspark::scheduler::prefill_a_step[0m[2m:[0m Chunked prefill start: 1193 prompt tokens, chunk_size=1193, max_tokens=256
[2m2026-09-06T00:38:07.205967Z[0m [32m INFO[0m [2mspark_model::model::trait_impl::prefill_b::save_checkpoint[0m[2m:[0m Intermediate SSM checkpoint saved at token 1168 (snapshot_id 15, block 73)
[2m2026-09-06T00:38:07.359031Z[0m [32m INFO[0m [2mspark_model::model::trait_impl::prefill_b::finalize_last[0m[2m:[0m Saved SSM snapshot 12 for 1193 tokens (75 blocks) [chunk]
[2m2026-09-06T00:38:07.487624Z[0m [32m INFO[0m [2mspark::scheduler::prefill_a_step[0m[2m:[0m Prefill first token: 760
[2m2026-09-06T00:38:07.487635Z[0m [32m INFO[0m [2mspark::scheduler::phase_start_prefills[0m[2m:[0m Prefilled (single chunk): seq_len=1193, remaining=255
[2m2026-09-06T00:38:07.487637Z[0m [32m INFO[0m [2mspark::scheduler::prefill_a_step[0m[2m:[0m Chunked prefill start: 1193 prompt tokens, chunk_size=1193, max_tokens=256
[2m2026-09-06T00:38:08.261924Z[0m [32m INFO[0m [2mspark_model::model::trait_impl::prefill_b::save_checkpoint[0m[2m:[0m Intermediate SSM checkpoint saved at token 1168 (snapshot_id 14, block 73)
[2m2026-09-06T00:38:08.416005Z[0m [32m INFO[0m [2mspark_model::model::trait_impl::prefill_b::finalize_last[0m[2m:[0m Saved SSM snapshot 13 for 1193 tokens (75 blocks) [chunk]
[2m2026-09-06T00:38:08.544825Z[0m [32m INFO[0m [2mspark::scheduler::prefill_a_step[0m[2m:[0m Prefill first token: 760
[2m2026-09-06T00:38:08.544835Z[0m [32m INFO[0m [2mspark::scheduler::phase_start_prefills[0m[2m:[0m Prefilled (single chunk): seq_len=1193, remaining=255
[2m2026-09-06T00:38:09.533424Z[0m [32m INFO[0m [2mspark_model::model::trait_impl::decode_checkpoint[0m[2m:[0m decode-ckpt SAVE: snap_tokens=1216 end_block=76 snap_id=0 block_table_len=76 straddle=0
[2m2026-09-06T00:38:09.578984Z[0m [32m INFO[0m [2mspark_model::model::trait_impl::decode_checkpoint[0m[2m:[0m decode-ckpt SAVE: snap_tokens=1216 end_block=76 snap_id=9 block_table_len=76 straddle=0
[2m2026-09-06T00:38:09.579201Z[0m [32m INFO[0m [2mspark_model::model::trait_impl::decode_checkpoint[0m[2m:[0m decode-ckpt SAVE: snap_tokens=1216 end_block=76 snap_id=7 block_table_len=76 straddle=0
[2m2026-09-06T00:38:09.579416Z[0m [32m INFO[0m [2mspark_model::model::trait_impl::decode_checkpoint[0m[2m:[0m decode-ckpt SAVE: snap_tokens=1216 end_block=76 snap_id=11 block_table_len=76 straddle=0
[2m2026-09-06T00:38:12.425097Z[0m [32m INFO[0m [2mspark_model::model::trait_impl::decode_checkpoint[0m[2m:[0m decode-ckpt SAVE: snap_tokens=1280 end_block=80 snap_id=1 block_table_len=80 straddle=0
[2m2026-09-06T00:38:12.470670Z[0m [32m INFO[0m [2mspark_model::model::trait_impl::decode_checkpoint[0m[2m:[0m decode-ckpt SAVE: snap_tokens=1280 end_block=80 snap_id=6 block_table_len=80 straddle=0
[2m2026-09-06T00:38:12.470888Z[0m [32m INFO[0m [2mspark_model::model::trait_impl::decode_checkpoint[0m[2m:[0m decode-ckpt SAVE: snap_tokens=1280 end_block=80 snap_id=3 block_table_len=80 straddle=0
[2m2026-09-06T00:38:12.471104Z[0m [32m INFO[0m [2mspark_model::model::trait_impl::decode_checkpoint[0m[2m:[0m decode-ckpt SAVE: snap_tokens=1280 end_block=80 snap_id=4 block_table_len=80 straddle=0
[2m2026-09-06T00:38:15.320754Z[0m [32m INFO[0m [2mspark_model::model::trait_impl::decode_checkpoint[0m[2m:[0m decode-ckpt SAVE: snap_tokens=1344 end_block=84 snap_id=2 block_table_len=84 straddle=0
[2m2026-09-06T00:38:15.366401Z[0m [32m INFO[0m [2mspark_model::model::trait_impl::decode_checkpoint[0m[2m:[0m decode-ckpt SAVE: snap_tokens=1344 end_block=84 snap_id=8 block_table_len=84 straddle=0
[2m2026-09-06T00:38:15.366616Z[0m [32m INFO[0m [2mspark_model::model::trait_impl::decode_checkpoint[0m[2m:[0m decode-ckpt SAVE: snap_tokens=1344 end_block=84 snap_id=14 block_table_len=84 straddle=0
[2m2026-09-06T00:38:15.366832Z[0m [32m INFO[0m [2mspark_model::model::trait_impl::decode_checkpoint[0m[2m:[0m decode-ckpt SAVE: snap_tokens=1344 end_block=84 snap_id=10 block_table_len=84 straddle=0
[2m2026-09-06T00:38:18.218740Z[0m [32m INFO[0m [2mspark_model::model::trait_impl::decode_checkpoint[0m[2m:[0m decode-ckpt SAVE: snap_tokens=1408 end_block=88 snap_id=0 block_table_len=88 straddle=0
[2m2026-09-06T00:38:18.264415Z[0m [32m INFO[0m [2mspark_model::model::trait_impl::decode_checkpoint[0m[2m:[0m decode-ckpt SAVE: snap_tokens=1408 end_block=88 snap_id=15 block_table_len=88 straddle=0
[2m2026-09-06T00:38:18.264633Z[0m [32m INFO[0m [2mspark_model::model::trait_impl::decode_checkpoint[0m[2m:[0m decode-ckpt SAVE: snap_tokens=1408 end_block=88 snap_id=13 block_table_len=88 straddle=0
[2m2026-09-06T00:38:18.264856Z[0m [32m INFO[0m [2mspark_model::model::trait_impl::decode_checkpoint[0m[2m:[0m decode-ckpt SAVE: snap_tokens=1408 end_block=88 snap_id=5 block_table_len=88 straddle=0
[2m2026-09-06T00:38:20.032889Z[0m [32m INFO[0m [2mspark::scheduler::decode_logits_step[0m[2m:[0m process_decode_logits: remaining=0, output_tokens=256, thinking_tokens=0
[2m2026-09-06T00:38:20.032900Z[0m [32m INFO[0m [2mspark::scheduler::mtp_accept_debug[0m[2m:[0m Done: 256 tokens (length) 17.4 tok/s, TTFT=1061.8ms, serial=1.00 mtp=0.00 p1=0.000 mean_na=0.000 tok_step=1.000 regime_reprobes=0
[2m2026-09-06T00:38:20.033115Z[0m [32m INFO[0m [2mspark_model::model::trait_impl::decode_checkpoint[0m[2m:[0m Saved finish-leaf SSM snapshot 1 for 1448 tokens
[2m2026-09-06T00:38:20.034036Z[0m [32m INFO[0m [2mspark::scheduler::prefill_a_step[0m[2m:[0m Chunked prefill start: 1193 prompt tokens, chunk_size=1193, max_tokens=256
[2m2026-09-06T00:38:20.812091Z[0m [32m INFO[0m [2mspark_model::model::trait_impl::prefill_b::save_checkpoint[0m[2m:[0m Intermediate SSM checkpoint saved at token 1168 (snapshot_id 12, block 73)
[2m2026-09-06T00:38:20.964844Z[0m [32m INFO[0m [2mspark_model::model::trait_impl::prefill_b::finalize_last[0m[2m:[0m Saved SSM snapshot 9 for 1193 tokens (75 blocks) [chunk]
[2m2026-09-06T00:38:21.093637Z[0m [32m INFO[0m [2mspark::scheduler::prefill_a_step[0m[2m:[0m Prefill first token: 760
[2m2026-09-06T00:38:21.093649Z[0m [32m INFO[0m [2mspark::scheduler::phase_start_prefills[0m[2m:[0m Prefilled (single chunk): seq_len=1193, remaining=255
[2m2026-09-06T00:38:21.137502Z[0m [32m INFO[0m [2mspark::scheduler::decode_logits_step[0m[2m:[0m process_decode_logits: remaining=0, output_tokens=256, thinking_tokens=0
[2m2026-09-06T00:38:21.137507Z[0m [32m INFO[0m [2mspark::scheduler::decode_logits_step[0m[2m:[0m process_decode_logits: remaining=0, output_tokens=256, thinking_tokens=0
[2m2026-09-06T00:38:21.137510Z[0m [32m INFO[0m [2mspark::scheduler::decode_logits_step[0m[2m:[0m process_decode_logits: remaining=0, output_tokens=256, thinking_tokens=0
[2m2026-09-06T00:38:21.137518Z[0m [32m INFO[0m [2mspark::scheduler::mtp_accept_debug[0m[2m:[0m Done: 256 tokens (length) 17.4 tok/s, TTFT=1057.3ms, serial=1.00 mtp=0.00 p1=0.000 mean_na=0.000 tok_step=1.000 regime_reprobes=0
[2m2026-09-06T00:38:21.137741Z[0m [32m INFO[0m [2mspark_model::model::trait_impl::decode_checkpoint[0m[2m:[0m Saved finish-leaf SSM snapshot 6 for 1448 tokens
[2m2026-09-06T00:38:21.138333Z[0m [32m INFO[0m [2mspark::scheduler::mtp_accept_debug[0m[2m:[0m Done: 256 tokens (length) 18.8 tok/s, TTFT=1056.9ms, serial=1.00 mtp=0.00 p1=0.000 mean_na=0.000 tok_step=1.000 regime_reprobes=0
[2m2026-09-06T00:38:21.138546Z[0m [32m INFO[0m [2mspark_model::model::trait_impl::decode_checkpoint[0m[2m:[0m Saved finish-leaf SSM snapshot 8 for 1448 tokens
[2m2026-09-06T00:38:21.139010Z[0m [32m INFO[0m [2mspark::scheduler::mtp_accept_debug[0m[2m:[0m Done: 256 tokens (length) 20.3 tok/s, TTFT=1057.2ms, serial=1.00 mtp=0.00 p1=0.000 mean_na=0.000 tok_step=1.000 regime_reprobes=0
[2m2026-09-06T00:38:21.139225Z[0m [32m INFO[0m [2mspark_model::model::trait_impl::decode_checkpoint[0m[2m:[0m Saved finish-leaf SSM snapshot 7 for 1448 tokens
[2m2026-09-06T00:38:21.140074Z[0m [32m INFO[0m [2mspark::scheduler::prefill_a_step[0m[2m:[0m Chunked prefill start: 1193 prompt tokens, chunk_size=1193, max_tokens=256
[2m2026-09-06T00:38:21.917091Z[0m [32m INFO[0m [2mspark_model::model::trait_impl::prefill_b::save_checkpoint[0m[2m:[0m Intermediate SSM checkpoint saved at token 1168 (snapshot_id 2, block 73)
[2m2026-09-06T00:38:22.071562Z[0m [32m INFO[0m [2mspark_model::model::trait_impl::prefill_b::finalize_last[0m[2m:[0m Saved SSM snapshot 0 for 1193 tokens (75 blocks) [chunk]
[2m2026-09-06T00:38:22.200697Z[0m [32m INFO[0m [2mspark::scheduler::prefill_a_step[0m[2m:[0m Prefill first token: 760
[2m2026-09-06T00:38:22.200708Z[0m [32m INFO[0m [2mspark::scheduler::phase_start_prefills[0m[2m:[0m Prefilled (single chunk): seq_len=1193, remaining=255
[2m2026-09-06T00:38:22.200711Z[0m [32m INFO[0m [2mspark::scheduler::prefill_a_step[0m[2m:[0m Chunked prefill start: 1193 prompt tokens, chunk_size=1193, max_tokens=256
[2m2026-09-06T00:38:22.975359Z[0m [32m INFO[0m [2mspark_model::model::trait_impl::prefill_b::save_checkpoint[0m[2m:[0m Intermediate SSM checkpoint saved at token 1168 (snapshot_id 1, block 73)
[2m2026-09-06T00:38:23.129065Z[0m [32m INFO[0m [2mspark_model::model::trait_impl::prefill_b::finalize_last[0m[2m:[0m Saved SSM snapshot 12 for 1193 tokens (75 blocks) [chunk]
[2m2026-09-06T00:38:23.257812Z[0m [32m INFO[0m [2mspark::scheduler::prefill_a_step[0m[2m:[0m Prefill first token: 760
[2m2026-09-06T00:38:23.257823Z[0m [32m INFO[0m [2mspark::scheduler::phase_start_prefills[0m[2m:[0m Prefilled (single chunk): seq_len=1193, remaining=255
[2m2026-09-06T00:38:23.257825Z[0m [32m INFO[0m [2mspark::scheduler::prefill_a_step[0m[2m:[0m Chunked prefill start: 1193 prompt tokens, chunk_size=1193, max_tokens=256
[2m2026-09-06T00:38:24.031607Z[0m [32m INFO[0m [2mspark_model::model::trait_impl::prefill_b::save_checkpoint[0m[2m:[0m Intermediate SSM checkpoint saved at token 1168 (snapshot_id 9, block 73)
[2m2026-09-06T00:38:24.185959Z[0m [32m INFO[0m [2mspark_model::model::trait_impl::prefill_b::finalize_last[0m[2m:[0m Saved SSM snapshot 11 for 1193 tokens (75 blocks) [chunk]
[2m2026-09-06T00:38:24.315095Z[0m [32m INFO[0m [2mspark::scheduler::prefill_a_step[0m[2m:[0m Prefill first token: 760
[2m2026-09-06T00:38:24.315105Z[0m [32m INFO[0m [2mspark::scheduler::phase_start_prefills[0m[2m:[0m Prefilled (single chunk): seq_len=1193, remaining=255
[2m2026-09-06T00:38:25.302433Z[0m [32m INFO[0m [2mspark_model::model::trait_impl::decode_checkpoint[0m[2m:[0m decode-ckpt SAVE: snap_tokens=1216 end_block=76 snap_id=4 block_table_len=76 straddle=0
[2m2026-09-06T00:38:25.347902Z[0m [32m INFO[0m [2mspark_model::model::trait_impl::decode_checkpoint[0m[2m:[0m decode-ckpt SAVE: snap_tokens=1216 end_block=76 snap_id=10 block_table_len=76 straddle=0
[2m2026-09-06T00:38:25.348121Z[0m [32m INFO[0m [2mspark_model::model::trait_impl::decode_checkpoint[0m[2m:[0m decode-ckpt SAVE: snap_tokens=1216 end_block=76 snap_id=5 block_table_len=76 straddle=0
[2m2026-09-06T00:38:25.348339Z[0m [32m INFO[0m [2mspark_model::model::trait_impl::decode_checkpoint[0m[2m:[0m decode-ckpt SAVE: snap_tokens=1216 end_block=76 snap_id=6 block_table_len=76 straddle=0
[2m2026-09-06T00:38:28.194501Z[0m [32m INFO[0m [2mspark_model::model::trait_impl::decode_checkpoint[0m[2m:[0m decode-ckpt SAVE: snap_tokens=1280 end_block=80 snap_id=15 block_table_len=80 straddle=0
[2m2026-09-06T00:38:28.240083Z[0m [32m INFO[0m [2mspark_model::model::trait_impl::decode_checkpoint[0m[2m:[0m decode-ckpt SAVE: snap_tokens=1280 end_block=80 snap_id=8 block_table_len=80 straddle=0
[2m2026-09-06T00:38:28.240307Z[0m [32m INFO[0m [2mspark_model::model::trait_impl::decode_checkpoint[0m[2m:[0m decode-ckpt SAVE: snap_tokens=1280 end_block=80 snap_id=3 block_table_len=80 straddle=0
[2m2026-09-06T00:38:28.240526Z[0m [32m INFO[0m [2mspark_model::model::trait_impl::decode_checkpoint[0m[2m:[0m decode-ckpt SAVE: snap_tokens=1280 end_block=80 snap_id=14 block_table_len=80 straddle=0
[2m2026-09-06T00:38:31.089052Z[0m [32m INFO[0m [2mspark_model::model::trait_impl::decode_checkpoint[0m[2m:[0m decode-ckpt SAVE: snap_tokens=1344 end_block=84 snap_id=13 block_table_len=84 straddle=0
[2m2026-09-06T00:38:31.134626Z[0m [32m INFO[0m [2mspark_model::model::trait_impl::decode_checkpoint[0m[2m:[0m decode-ckpt SAVE: snap_tokens=1344 end_block=84 snap_id=7 block_table_len=84 straddle=0
[2m2026-09-06T00:38:31.134842Z[0m [32m INFO[0m [2mspark_model::model::trait_impl::decode_checkpoint[0m[2m:[0m decode-ckpt SAVE: snap_tokens=1344 end_block=84 snap_id=9 block_table_len=84 straddle=0
[2m2026-09-06T00:38:31.135065Z[0m [32m INFO[0m [2mspark_model::model::trait_impl::decode_checkpoint[0m[2m:[0m decode-ckpt SAVE: snap_tokens=1344 end_block=84 snap_id=2 block_table_len=84 straddle=0
[2m2026-09-06T00:38:33.987308Z[0m [32m INFO[0m [2mspark_model::model::trait_impl::decode_checkpoint[0m[2m:[0m decode-ckpt SAVE: snap_tokens=1408 end_block=88 snap_id=4 block_table_len=88 straddle=0
[2m2026-09-06T00:38:34.033021Z[0m [32m INFO[0m [2mspark_model::model::trait_impl::decode_checkpoint[0m[2m:[0m decode-ckpt SAVE: snap_tokens=1408 end_block=88 snap_id=1 block_table_len=88 straddle=0
[2m2026-09-06T00:38:34.033238Z[0m [32m INFO[0m [2mspark_model::model::trait_impl::decode_checkpoint[0m[2m:[0m decode-ckpt SAVE: snap_tokens=1408 end_block=88 snap_id=11 block_table_len=88 straddle=0
[2m2026-09-06T00:38:34.033451Z[0m [32m INFO[0m [2mspark_model::model::trait_impl::decode_checkpoint[0m[2m:[0m decode-ckpt SAVE: snap_tokens=1408 end_block=88 snap_id=0 block_table_len=88 straddle=0
[2m2026-09-06T00:38:35.801135Z[0m [32m INFO[0m [2mspark::scheduler::decode_logits_step[0m[2m:[0m process_decode_logits: remaining=0, output_tokens=256, thinking_tokens=0
[2m2026-09-06T00:38:35.801146Z[0m [32m INFO[0m [2mspark::scheduler::mtp_accept_debug[0m[2m:[0m Done: 256 tokens (length) 17.4 tok/s, TTFT=1059.6ms, serial=1.00 mtp=0.00 p1=0.000 mean_na=0.000 tok_step=1.000 regime_reprobes=0
[2m2026-09-06T00:38:35.801361Z[0m [32m INFO[0m [2mspark_model::model::trait_impl::decode_checkpoint[0m[2m:[0m Saved finish-leaf SSM snapshot 15 for 1448 tokens
[2m2026-09-06T00:38:35.802231Z[0m [32m INFO[0m [2mspark::scheduler::prefill_a_step[0m[2m:[0m Chunked prefill start: 1193 prompt tokens, chunk_size=1193, max_tokens=256
[2m2026-09-06T00:38:36.578988Z[0m [32m INFO[0m [2mspark_model::model::trait_impl::prefill_b::save_checkpoint[0m[2m:[0m Intermediate SSM checkpoint saved at token 1168 (snapshot_id 12, block 73)
[2m2026-09-06T00:38:36.839780Z[0m [32m INFO[0m [2mspark_model::model::trait_impl::prefill_b::finalize_last[0m[2m:[0m Saved SSM snapshot 10 for 1193 tokens (75 blocks) [chunk]
[2m2026-09-06T00:38:36.863357Z[0m [32m INFO[0m [2mspark::scheduler::prefill_a_step[0m[2m:[0m Prefill first token: 760
[2m2026-09-06T00:38:36.863368Z[0m [32m INFO[0m [2mspark::scheduler::phase_start_prefills[0m[2m:[0m Prefilled (single chunk): seq_len=1193, remaining=255
[2m2026-09-06T00:38:36.906968Z[0m [32m INFO[0m [2mspark::scheduler::decode_logits_step[0m[2m:[0m process_decode_logits: remaining=0, output_tokens=256, thinking_tokens=0
[2m2026-09-06T00:38:36.906972Z[0m [32m INFO[0m [2mspark::scheduler::decode_logits_step[0m[2m:[0m process_decode_logits: remaining=0, output_tokens=256, thinking_tokens=0
[2m2026-09-06T00:38:36.906975Z[0m [32m INFO[0m [2mspark::scheduler::decode_logits_step[0m[2m:[0m process_decode_logits: remaining=0, output_tokens=256, thinking_tokens=0
[2m2026-09-06T00:38:36.906982Z[0m [32m INFO[0m [2mspark::scheduler::mtp_accept_debug[0m[2m:[0m Done: 256 tokens (length) 17.4 tok/s, TTFT=1060.6ms, serial=1.00 mtp=0.00 p1=0.000 mean_na=0.000 tok_step=1.000 regime_reprobes=0
[2m2026-09-06T00:38:36.907220Z[0m [32m INFO[0m [2mspark_model::model::trait_impl::decode_checkpoint[0m[2m:[0m Saved finish-leaf SSM snapshot 8 for 1448 tokens
[2m2026-09-06T00:38:36.907700Z[0m [32m INFO[0m [2mspark::scheduler::mtp_accept_debug[0m[2m:[0m Done: 256 tokens (length) 18.8 tok/s, TTFT=1057.1ms, serial=1.00 mtp=0.00 p1=0.000 mean_na=0.000 tok_step=1.000 regime_reprobes=0
[2m2026-09-06T00:38:36.907919Z[0m [32m INFO[0m [2mspark_model::model::trait_impl::decode_checkpoint[0m[2m:[0m Saved finish-leaf SSM snapshot 7 for 1448 tokens
[2m2026-09-06T00:38:36.908418Z[0m [32m INFO[0m [2mspark::scheduler::mtp_accept_debug[0m[2m:[0m Done: 256 tokens (length) 20.3 tok/s, TTFT=1057.3ms, serial=1.00 mtp=0.00 p1=0.000 mean_na=0.000 tok_step=1.000 regime_reprobes=0
[2m2026-09-06T00:38:36.908634Z[0m [32m INFO[0m [2mspark_model::model::trait_impl::decode_checkpoint[0m[2m:[0m Saved finish-leaf SSM snapshot 5 for 1448 tokens
[2m2026-09-06T00:38:36.909552Z[0m [32m INFO[0m [2mspark::scheduler::prefill_a_step[0m[2m:[0m Chunked prefill start: 1193 prompt tokens, chunk_size=1193, max_tokens=256
[2m2026-09-06T00:38:37.684042Z[0m [32m INFO[0m [2mspark_model::model::trait_impl::prefill_b::save_checkpoint[0m[2m:[0m Intermediate SSM checkpoint saved at token 1168 (snapshot_id 13, block 73)
[2m2026-09-06T00:38:37.837735Z[0m [32m INFO[0m [2mspark_model::model::trait_impl::prefill_b::finalize_last[0m[2m:[0m Saved SSM snapshot 4 for 1193 tokens (75 blocks) [chunk]
[2m2026-09-06T00:38:37.966399Z[0m [32m INFO[0m [2mspark::scheduler::prefill_a_step[0m[2m:[0m Prefill first token: 760
[2m2026-09-06T00:38:37.966409Z[0m [32m INFO[0m [2mspark::scheduler::phase_start_prefills[0m[2m:[0m Prefilled (single chunk): seq_len=1193, remaining=255
[2m2026-09-06T00:38:37.966411Z[0m [32m INFO[0m [2mspark::scheduler::prefill_a_step[0m[2m:[0m Chunked prefill start: 1193 prompt tokens, chunk_size=1193, max_tokens=256
[2m2026-09-06T00:38:38.740257Z[0m [32m INFO[0m [2mspark_model::model::trait_impl::prefill_b::save_checkpoint[0m[2m:[0m Intermediate SSM checkpoint saved at token 1168 (snapshot_id 15, block 73)
[2m2026-09-06T00:38:38.894377Z[0m [32m INFO[0m [2mspark_model::model::trait_impl::prefill_b::finalize_last[0m[2m:[0m Saved SSM snapshot 12 for 1193 tokens (75 blocks) [chunk]
[2m2026-09-06T00:38:39.023425Z[0m [32m INFO[0m [2mspark::scheduler::prefill_a_step[0m[2m:[0m Prefill first token: 760
[2m2026-09-06T00:38:39.023436Z[0m [32m INFO[0m [2mspark::scheduler::phase_start_prefills[0m[2m:[0m Prefilled (single chunk): seq_len=1193, remaining=255
[2m2026-09-06T00:38:39.023440Z[0m [32m INFO[0m [2mspark::scheduler::prefill_a_step[0m[2m:[0m Chunked prefill start: 1193 prompt tokens, chunk_size=1193, max_tokens=256
[2m2026-09-06T00:38:39.798377Z[0m [32m INFO[0m [2mspark_model::model::trait_impl::prefill_b::save_checkpoint[0m[2m:[0m Intermediate SSM checkpoint saved at token 1168 (snapshot_id 10, block 73)
[2m2026-09-06T00:38:39.951580Z[0m [32m INFO[0m [2mspark_model::model::trait_impl::prefill_b::finalize_last[0m[2m:[0m Saved SSM snapshot 6 for 1193 tokens (75 blocks) [chunk]
[2m2026-09-06T00:38:40.080184Z[0m [32m INFO[0m [2mspark::scheduler::prefill_a_step[0m[2m:[0m Prefill first token: 760
[2m2026-09-06T00:38:40.080194Z[0m [32m INFO[0m [2mspark::scheduler::phase_start_prefills[0m[2m:[0m Prefilled (single chunk): seq_len=1193, remaining=255
[2m2026-09-06T00:38:41.066147Z[0m [32m INFO[0m [2mspark_model::model::trait_impl::decode_checkpoint[0m[2m:[0m decode-ckpt SAVE: snap_tokens=1216 end_block=76 snap_id=14 block_table_len=76 straddle=0
[2m2026-09-06T00:38:41.111706Z[0m [32m INFO[0m [2mspark_model::model::trait_impl::decode_checkpoint[0m[2m:[0m decode-ckpt SAVE: snap_tokens=1216 end_block=76 snap_id=2 block_table_len=76 straddle=0
[2m2026-09-06T00:38:41.111920Z[0m [32m INFO[0m [2mspark_model::model::trait_impl::decode_checkpoint[0m[2m:[0m decode-ckpt SAVE: snap_tokens=1216 end_block=76 snap_id=0 block_table_len=76 straddle=0
[2m2026-09-06T00:38:41.112135Z[0m [32m INFO[0m [2mspark_model::model::trait_impl::decode_checkpoint[0m[2m:[0m decode-ckpt SAVE: snap_tokens=1216 end_block=76 snap_id=8 block_table_len=76 straddle=0
[2m2026-09-06T00:38:43.958402Z[0m [32m INFO[0m [2mspark_model::model::trait_impl::decode_checkpoint[0m[2m:[0m decode-ckpt SAVE: snap_tokens=1280 end_block=80 snap_id=1 block_table_len=80 straddle=0
[2m2026-09-06T00:38:44.003936Z[0m [32m INFO[0m [2mspark_model::model::trait_impl::decode_checkpoint[0m[2m:[0m decode-ckpt SAVE: snap_tokens=1280 end_block=80 snap_id=7 block_table_len=80 straddle=0
[2m2026-09-06T00:38:44.004158Z[0m [32m INFO[0m [2mspark_model::model::trait_impl::decode_checkpoint[0m[2m:[0m decode-ckpt SAVE: snap_tokens=1280 end_block=80 snap_id=3 block_table_len=80 straddle=0
[2m2026-09-06T00:38:44.004377Z[0m [32m INFO[0m [2mspark_model::model::trait_impl::decode_checkpoint[0m[2m:[0m decode-ckpt SAVE: snap_tokens=1280 end_block=80 snap_id=9 block_table_len=80 straddle=0
[2m2026-09-06T00:38:46.853335Z[0m [32m INFO[0m [2mspark_model::model::trait_impl::decode_checkpoint[0m[2m:[0m decode-ckpt SAVE: snap_tokens=1344 end_block=84 snap_id=11 block_table_len=84 straddle=0
[2m2026-09-06T00:38:46.898984Z[0m [32m INFO[0m [2mspark_model::model::trait_impl::decode_checkpoint[0m[2m:[0m decode-ckpt SAVE: snap_tokens=1344 end_block=84 snap_id=5 block_table_len=84 straddle=0
[2m2026-09-06T00:38:46.899216Z[0m [32m INFO[0m [2mspark_model::model::trait_impl::decode_checkpoint[0m[2m:[0m decode-ckpt SAVE: snap_tokens=1344 end_block=84 snap_id=10 block_table_len=84 straddle=0
[2m2026-09-06T00:38:46.899435Z[0m [32m INFO[0m [2mspark_model::model::trait_impl::decode_checkpoint[0m[2m:[0m decode-ckpt SAVE: snap_tokens=1344 end_block=84 snap_id=13 block_table_len=84 straddle=0
[2m2026-09-06T00:38:49.751337Z[0m [32m INFO[0m [2mspark_model::model::trait_impl::decode_checkpoint[0m[2m:[0m decode-ckpt SAVE: snap_tokens=1408 end_block=88 snap_id=14 block_table_len=88 straddle=0
[2m2026-09-06T00:38:49.796971Z[0m [32m INFO[0m [2mspark_model::model::trait_impl::decode_checkpoint[0m[2m:[0m decode-ckpt SAVE: snap_tokens=1408 end_block=88 snap_id=15 block_table_len=88 straddle=0
[2m2026-09-06T00:38:49.797190Z[0m [32m INFO[0m [2mspark_model::model::trait_impl::decode_checkpoint[0m[2m:[0m decode-ckpt SAVE: snap_tokens=1408 end_block=88 snap_id=6 block_table_len=88 straddle=0
[2m2026-09-06T00:38:49.797417Z[0m [32m INFO[0m [2mspark_model::model::trait_impl::decode_checkpoint[0m[2m:[0m decode-ckpt SAVE: snap_tokens=1408 end_block=88 snap_id=4 block_table_len=88 straddle=0
[2m2026-09-06T00:38:51.565382Z[0m [32m INFO[0m [2mspark::scheduler::decode_logits_step[0m[2m:[0m process_decode_logits: remaining=0, output_tokens=256, thinking_tokens=0
[2m2026-09-06T00:38:51.565402Z[0m [32m INFO[0m [2mspark::scheduler::mtp_accept_debug[0m[2m:[0m Done: 256 tokens (length) 17.4 tok/s, TTFT=1061.1ms, serial=1.00 mtp=0.00 p1=0.000 mean_na=0.000 tok_step=1.000 regime_reprobes=0
[2m2026-09-06T00:38:51.565717Z[0m [32m INFO[0m [2mspark_model::model::trait_impl::decode_checkpoint[0m[2m:[0m Saved finish-leaf SSM snapshot 1 for 1448 tokens
[2m2026-09-06T00:38:51.611868Z[0m [32m INFO[0m [2mspark::scheduler::decode_logits_step[0m[2m:[0m process_decode_logits: remaining=0, output_tokens=256, thinking_tokens=0
[2m2026-09-06T00:38:51.611872Z[0m [32m INFO[0m [2mspark::scheduler::decode_logits_step[0m[2m:[0m process_decode_logits: remaining=0, output_tokens=256, thinking_tokens=0
[2m2026-09-06T00:38:51.611874Z[0m [32m INFO[0m [2mspark::scheduler::decode_logits_step[0m[2m:[0m process_decode_logits: remaining=0, output_tokens=256, thinking_tokens=0
[2m2026-09-06T00:38:51.611879Z[0m [32m INFO[0m [2mspark::scheduler::mtp_accept_debug[0m[2m:[0m Done: 256 tokens (length) 18.8 tok/s, TTFT=1056.9ms, serial=1.00 mtp=0.00 p1=0.000 mean_na=0.000 tok_step=1.000 regime_reprobes=0
[2m2026-09-06T00:38:51.612120Z[0m [32m INFO[0m [2mspark_model::model::trait_impl::decode_checkpoint[0m[2m:[0m Saved finish-leaf SSM snapshot 12 for 1448 tokens
[2m2026-09-06T00:38:51.612564Z[0m [32m INFO[0m [2mspark::scheduler::mtp_accept_debug[0m[2m:[0m Done: 256 tokens (length) 20.3 tok/s, TTFT=1057.0ms, serial=1.00 mtp=0.00 p1=0.000 mean_na=0.000 tok_step=1.000 regime_reprobes=0
[2m2026-09-06T00:38:51.612790Z[0m [32m INFO[0m [2mspark_model::model::trait_impl::decode_checkpoint[0m[2m:[0m Saved finish-leaf SSM snapshot 2 for 1448 tokens
[2m2026-09-06T00:38:51.613254Z[0m [32m INFO[0m [2mspark::scheduler::mtp_accept_debug[0m[2m:[0m Done: 256 tokens (length) 22.2 tok/s, TTFT=1056.8ms, serial=1.00 mtp=0.00 p1=0.000 mean_na=0.000 tok_step=1.000 regime_reprobes=0
[2m2026-09-06T00:38:51.613466Z[0m [32m INFO[0m [2mspark_model::model::trait_impl::decode_checkpoint[0m[2m:[0m Saved finish-leaf SSM snapshot 0 for 1448 tokens
[2m2026-09-06T00:38:51.683341Z[0m [32m INFO[0m [2mspark::api::chat::prepare[0m[2m:[0m Request: model=Qwen/Qwen3.8-27B-FP8, messages=1, tools=0, tools_active=false, tool_choice=None, stream=true, temp=Some(0.0), max_tokens=256, freq_pen=Some(0.0), rep_pen=None
[2m2026-09-06T00:38:51.683689Z[0m [32m INFO[0m [2mspark::api::chat::prepare[0m[2m:[0m Request: model=Qwen/Qwen3.8-27B-FP8, messages=1, tools=0, tools_active=false, tool_choice=None, stream=true, temp=Some(0.0), max_tokens=256, freq_pen=Some(0.0), rep_pen=None
[2m2026-09-06T00:38:51.684397Z[0m [32m INFO[0m [2mspark::api::chat::prepare[0m[2m:[0m Request: model=Qwen/Qwen3.8-27B-FP8, messages=1, tools=0, tools_active=false, tool_choice=None, stream=true, temp=Some(0.0), max_tokens=256, freq_pen=Some(0.0), rep_pen=None
[2m2026-09-06T00:38:51.684686Z[0m [32m INFO[0m [2mspark::api::chat::prepare[0m[2m:[0m Request: model=Qwen/Qwen3.8-27B-FP8, messages=1, tools=0, tools_active=false, tool_choice=None, stream=true, temp=Some(0.0), max_tokens=256, freq_pen=Some(0.0), rep_pen=None
[2m2026-09-06T00:38:51.685386Z[0m [32m INFO[0m [2mspark::api::chat::prepare[0m[2m:[0m Request: model=Qwen/Qwen3.8-27B-FP8, messages=1, tools=0, tools_active=false, tool_choice=None, stream=true, temp=Some(0.0), max_tokens=256, freq_pen=Some(0.0), rep_pen=None
[2m2026-09-06T00:38:51.685873Z[0m [32m INFO[0m [2mspark::api::chat::prepare[0m[2m:[0m Request: model=Qwen/Qwen3.8-27B-FP8, messages=1, tools=0, tools_active=false, tool_choice=None, stream=true, temp=Some(0.0), max_tokens=256, freq_pen=Some(0.0), rep_pen=None
[2m2026-09-06T00:38:51.686487Z[0m [32m INFO[0m [2mspark::api::chat::prepare[0m[2m:[0m Request: model=Qwen/Qwen3.8-27B-FP8, messages=1, tools=0, tools_active=false, tool_choice=None, stream=true, temp=Some(0.0), max_tokens=256, freq_pen=Some(0.0), rep_pen=None
[2m2026-09-06T00:38:51.686526Z[0m [32m INFO[0m [2mspark::api::chat::prepare[0m[2m:[0m Request: model=Qwen/Qwen3.8-27B-FP8, messages=1, tools=0, tools_active=false, tool_choice=None, stream=true, temp=Some(0.0), max_tokens=256, freq_pen=Some(0.0), rep_pen=None
[2m2026-09-06T00:38:51.686972Z[0m [32m INFO[0m [2mspark::api::chat::prepare[0m[2m:[0m Request: model=Qwen/Qwen3.8-27B-FP8, messages=1, tools=0, tools_active=false, tool_choice=None, stream=true, temp=Some(0.0), max_tokens=256, freq_pen=Some(0.0), rep_pen=None
[2m2026-09-06T00:38:51.687105Z[0m [32m INFO[0m [2mspark::api::chat::prepare[0m[2m:[0m Request: model=Qwen/Qwen3.8-27B-FP8, messages=1, tools=0, tools_active=false, tool_choice=None, stream=true, temp=Some(0.0), max_tokens=256, freq_pen=Some(0.0), rep_pen=None
[2m2026-09-06T00:38:51.687237Z[0m [32m INFO[0m [2mspark::api::chat::prepare[0m[2m:[0m Request: model=Qwen/Qwen3.8-27B-FP8, messages=1, tools=0, tools_active=false, tool_choice=None, stream=true, temp=Some(0.0), max_tokens=256, freq_pen=Some(0.0), rep_pen=None
[2m2026-09-06T00:38:51.687256Z[0m [32m INFO[0m [2mspark::api::chat::prepare[0m[2m:[0m Request: model=Qwen/Qwen3.8-27B-FP8, messages=1, tools=0, tools_active=false, tool_choice=None, stream=true, temp=Some(0.0), max_tokens=256, freq_pen=Some(0.0), rep_pen=None
[2m2026-09-06T00:38:51.687434Z[0m [32m INFO[0m [2mspark::api::chat::prepare[0m[2m:[0m Request: model=Qwen/Qwen3.8-27B-FP8, messages=1, tools=0, tools_active=false, tool_choice=None, stream=true, temp=Some(0.0), max_tokens=256, freq_pen=Some(0.0), rep_pen=None
[2m2026-09-06T00:38:51.687573Z[0m [32m INFO[0m [2mspark::api::chat::prepare[0m[2m:[0m Request: model=Qwen/Qwen3.8-27B-FP8, messages=1, tools=0, tools_active=false, tool_choice=None, stream=true, temp=Some(0.0), max_tokens=256, freq_pen=Some(0.0), rep_pen=None
[2m2026-09-06T00:38:51.687590Z[0m [32m INFO[0m [2mspark::api::chat::prepare[0m[2m:[0m Request: model=Qwen/Qwen3.8-27B-FP8, messages=1, tools=0, tools_active=false, tool_choice=None, stream=true, temp=Some(0.0), max_tokens=256, freq_pen=Some(0.0), rep_pen=None
[2m2026-09-06T00:38:51.687715Z[0m [32m INFO[0m [2mspark::api::chat::prepare[0m[2m:[0m Request: model=Qwen/Qwen3.8-27B-FP8, messages=1, tools=0, tools_active=false, tool_choice=None, stream=true, temp=Some(0.0), max_tokens=256, freq_pen=Some(0.0), rep_pen=None
[2m2026-09-06T00:38:51.693807Z[0m [32m INFO[0m [2mspark::api::chat[0m[2m:[0m Session 0x8a925c8afbde28a2: 1193 prompt tokens, tools=false (0 defined)
[2m2026-09-06T00:38:51.693940Z[0m [32m INFO[0m [2mspark::api::chat[0m[2m:[0m Session 0xdf3fa9db4890b750: 1193 prompt tokens, tools=false (0 defined)
[2m2026-09-06T00:38:51.694085Z[0m [32m INFO[0m [2mspark::api::chat[0m[2m:[0m Session 0xb56d4632a0e446fe: 1193 prompt tokens, tools=false (0 defined)
[2m2026-09-06T00:38:51.694206Z[0m [32m INFO[0m [2mspark::scheduler::prefill_a_step[0m[2m:[0m Chunked prefill start: 1193 prompt tokens, chunk_size=1193, max_tokens=256
[2m2026-09-06T00:38:51.694240Z[0m [32m INFO[0m [2mspark::api::chat[0m[2m:[0m Session 0x630e92534daf8014: 1193 prompt tokens, tools=false (0 defined)
[2m2026-09-06T00:38:51.694314Z[0m [32m INFO[0m [2mspark::api::chat[0m[2m:[0m Session 0x3300eb230a8b4c31: 1193 prompt tokens, tools=false (0 defined)
[2m2026-09-06T00:38:51.694315Z[0m [32m INFO[0m [2mspark::api::chat[0m[2m:[0m Session 0xdff461bd739a00c3: 1193 prompt tokens, tools=false (0 defined)
[2m2026-09-06T00:38:51.694429Z[0m [32m INFO[0m [2mspark::api::chat[0m[2m:[0m Session 0x34401b508fc9c68a: 1193 prompt tokens, tools=false (0 defined)
[2m2026-09-06T00:38:51.694471Z[0m [32m INFO[0m [2mspark::api::chat[0m[2m:[0m Session 0xbb79377b5067a902: 1193 prompt tokens, tools=false (0 defined)
[2m2026-09-06T00:38:51.694484Z[0m [32m INFO[0m [2mspark::api::chat[0m[2m:[0m Session 0xc9864c7c79712ba7: 1193 prompt tokens, tools=false (0 defined)
[2m2026-09-06T00:38:51.694478Z[0m [32m INFO[0m [2mspark::api::chat[0m[2m:[0m Session 0x36e17df9109cdc5a: 1193 prompt tokens, tools=false (0 defined)
[2m2026-09-06T00:38:51.694523Z[0m [32m INFO[0m [2mspark::api::chat[0m[2m:[0m Session 0xd9ca0dfa3b3c31b9: 1193 prompt tokens, tools=false (0 defined)
[2m2026-09-06T00:38:51.694559Z[0m [32m INFO[0m [2mspark::api::chat[0m[2m:[0m Session 0xe0081517cf1a5e0b: 1193 prompt tokens, tools=false (0 defined)
[2m2026-09-06T00:38:51.694583Z[0m [32m INFO[0m [2mspark::api::chat[0m[2m:[0m Session 0x787a66600928573e: 1193 prompt tokens, tools=false (0 defined)
[2m2026-09-06T00:38:51.694597Z[0m [32m INFO[0m [2mspark::api::chat[0m[2m:[0m Session 0x127132c9d444dbbd: 1193 prompt tokens, tools=false (0 defined)
[2m2026-09-06T00:38:51.694564Z[0m [32m INFO[0m [2mspark::api::chat[0m[2m:[0m Session 0x17f1a1b23a2e4639: 1193 prompt tokens, tools=false (0 defined)
[2m2026-09-06T00:38:51.695280Z[0m [32m INFO[0m [2mspark::api::chat[0m[2m:[0m Session 0x2e9dfd6ec12aeda7: 1193 prompt tokens, tools=false (0 defined)
[2m2026-09-06T00:38:52.477502Z[0m [32m INFO[0m [2mspark_model::model::trait_impl::prefill_b::save_checkpoint[0m[2m:[0m Intermediate SSM checkpoint saved at token 1168 (snapshot_id 11, block 73)
[2m2026-09-06T00:38:52.631907Z[0m [32m INFO[0m [2mspark_model::model::trait_impl::prefill_b::finalize_last[0m[2m:[0m Saved SSM snapshot 14 for 1193 tokens (75 blocks) [chunk]
[2m2026-09-06T00:38:52.761479Z[0m [32m INFO[0m [2mspark::scheduler::prefill_a_step[0m[2m:[0m Prefill first token: 760
[2m2026-09-06T00:38:52.761492Z[0m [32m INFO[0m [2mspark::scheduler::phase_start_prefills[0m[2m:[0m Prefilled (single chunk): seq_len=1193, remaining=255
[2m2026-09-06T00:38:52.761497Z[0m [32m INFO[0m [2mspark::scheduler::prefill_a_step[0m[2m:[0m Chunked prefill start: 1193 prompt tokens, chunk_size=1193, max_tokens=256
[2m2026-09-06T00:38:53.535066Z[0m [32m INFO[0m [2mspark_model::model::trait_impl::prefill_b::save_checkpoint[0m[2m:[0m Intermediate SSM checkpoint saved at token 1168 (snapshot_id 1, block 73)
[2m2026-09-06T00:38:53.689548Z[0m [32m INFO[0m [2mspark_model::model::trait_impl::prefill_b::finalize_last[0m[2m:[0m Saved SSM snapshot 8 for 1193 tokens (75 blocks) [chunk]
[2m2026-09-06T00:38:53.818507Z[0m [32m INFO[0m [2mspark::scheduler::prefill_a_step[0m[2m:[0m Prefill first token: 760
[2m2026-09-06T00:38:53.818519Z[0m [32m INFO[0m [2mspark::scheduler::phase_start_prefills[0m[2m:[0m Prefilled (single chunk): seq_len=1193, remaining=255
[2m2026-09-06T00:38:53.823910Z[0m [32m INFO[0m [2mspark_model::model::trait_impl::decode_a2[0m[2m:[0m Captured CUDA graph for batch size 2 (n=2, slots=Some([1, 2]))
[2m2026-09-06T00:38:53.856184Z[0m [32m INFO[0m [2mspark::scheduler::prefill_a_step[0m[2m:[0m Chunked prefill start: 1193 prompt tokens, chunk_size=1193, max_tokens=256
[2m2026-09-06T00:38:54.632245Z[0m [32m INFO[0m [2mspark_model::model::trait_impl::prefill_b::save_checkpoint[0m[2m:[0m Intermediate SSM checkpoint saved at token 1168 (snapshot_id 9, block 73)
[2m2026-09-06T00:38:54.893193Z[0m [32m INFO[0m [2mspark_model::model::trait_impl::prefill_b::finalize_last[0m[2m:[0m Saved SSM snapshot 13 for 1193 tokens (75 blocks) [chunk]
[2m2026-09-06T00:38:54.916962Z[0m [32m INFO[0m [2mspark::scheduler::prefill_a_step[0m[2m:[0m Prefill first token: 760
[2m2026-09-06T00:38:54.916976Z[0m [32m INFO[0m [2mspark::scheduler::phase_start_prefills[0m[2m:[0m Prefilled (single chunk): seq_len=1193, remaining=255
[2m2026-09-06T00:38:54.916982Z[0m [32m INFO[0m [2mspark::scheduler::prefill_a_step[0m[2m:[0m Chunked prefill start: 1193 prompt tokens, chunk_size=1193, max_tokens=256
[2m2026-09-06T00:38:55.692332Z[0m [32m INFO[0m [2mspark_model::model::trait_impl::prefill_b::save_checkpoint[0m[2m:[0m Intermediate SSM checkpoint saved at token 1168 (snapshot_id 4, block 73)
[2m2026-09-06T00:38:55.845871Z[0m [32m INFO[0m [2mspark_model::model::trait_impl::prefill_b::finalize_last[0m[2m:[0m Saved SSM snapshot 12 for 1193 tokens (75 blocks) [chunk]
[2m2026-09-06T00:38:55.974289Z[0m [32m INFO[0m [2mspark::scheduler::prefill_a_step[0m[2m:[0m Prefill first token: 760
[2m2026-09-06T00:38:55.974300Z[0m [32m INFO[0m [2mspark::scheduler::phase_start_prefills[0m[2m:[0m Prefilled (single chunk): seq_len=1193, remaining=255
[2m2026-09-06T00:38:56.964277Z[0m [32m INFO[0m [2mspark_model::model::trait_impl::decode_checkpoint[0m[2m:[0m decode-ckpt SAVE: snap_tokens=1216 end_block=76 snap_id=7 block_table_len=76 straddle=0
[2m2026-09-06T00:38:56.964503Z[0m [32m INFO[0m [2mspark_model::model::trait_impl::decode_checkpoint[0m[2m:[0m decode-ckpt SAVE: snap_tokens=1216 end_block=76 snap_id=5 block_table_len=76 straddle=0
[2m2026-09-06T00:38:57.010254Z[0m [32m INFO[0m [2mspark_model::model::trait_impl::decode_checkpoint[0m[2m:[0m decode-ckpt SAVE: snap_tokens=1216 end_block=76 snap_id=15 block_table_len=76 straddle=0
[2m2026-09-06T00:38:57.010490Z[0m [32m INFO[0m [2mspark_model::model::trait_impl::decode_checkpoint[0m[2m:[0m decode-ckpt SAVE: snap_tokens=1216 end_block=76 snap_id=2 block_table_len=76 straddle=0
[2m2026-09-06T00:38:59.846651Z[0m [32m INFO[0m [2mspark_model::model::trait_impl::decode_checkpoint[0m[2m:[0m decode-ckpt SAVE: snap_tokens=1280 end_block=80 snap_id=3 block_table_len=80 straddle=0
[2m2026-09-06T00:38:59.846881Z[0m [32m INFO[0m [2mspark_model::model::trait_impl::decode_checkpoint[0m[2m:[0m decode-ckpt SAVE: snap_tokens=1280 end_block=80 snap_id=10 block_table_len=80 straddle=0
[2m2026-09-06T00:38:59.892077Z[0m [32m INFO[0m [2mspark_model::model::trait_impl::decode_checkpoint[0m[2m:[0m decode-ckpt SAVE: snap_tokens=1280 end_block=80 snap_id=6 block_table_len=80 straddle=0
[2m2026-09-06T00:38:59.892306Z[0m [32m INFO[0m [2mspark_model::model::trait_impl::decode_checkpoint[0m[2m:[0m decode-ckpt SAVE: snap_tokens=1280 end_block=80 snap_id=0 block_table_len=80 straddle=0
[2m2026-09-06T00:39:02.703214Z[0m [32m INFO[0m [2mspark_model::model::trait_impl::decode_checkpoint[0m[2m:[0m decode-ckpt SAVE: snap_tokens=1344 end_block=84 snap_id=11 block_table_len=84 straddle=0
[2m2026-09-06T00:39:02.703451Z[0m [32m INFO[0m [2mspark_model::model::trait_impl::decode_checkpoint[0m[2m:[0m decode-ckpt SAVE: snap_tokens=1344 end_block=84 snap_id=1 block_table_len=84 straddle=0
[2m2026-09-06T00:39:02.748633Z[0m [32m INFO[0m [2mspark_model::model::trait_impl::decode_checkpoint[0m[2m:[0m decode-ckpt SAVE: snap_tokens=1344 end_block=84 snap_id=9 block_table_len=84 straddle=0
[2m2026-09-06T00:39:02.748854Z[0m [32m INFO[0m [2mspark_model::model::trait_impl::decode_checkpoint[0m[2m:[0m decode-ckpt SAVE: snap_tokens=1344 end_block=84 snap_id=4 block_table_len=84 straddle=0
[2m2026-09-06T00:39:05.564101Z[0m [32m INFO[0m [2mspark_model::model::trait_impl::decode_checkpoint[0m[2m:[0m decode-ckpt SAVE: snap_tokens=1408 end_block=88 snap_id=14 block_table_len=88 straddle=0
[2m2026-09-06T00:39:05.564339Z[0m [32m INFO[0m [2mspark_model::model::trait_impl::decode_checkpoint[0m[2m:[0m decode-ckpt SAVE: snap_tokens=1408 end_block=88 snap_id=8 block_table_len=88 straddle=0
[2m2026-09-06T00:39:05.609556Z[0m [32m INFO[0m [2mspark_model::model::trait_impl::decode_checkpoint[0m[2m:[0m decode-ckpt SAVE: snap_tokens=1408 end_block=88 snap_id=13 block_table_len=88 straddle=0
[2m2026-09-06T00:39:05.609771Z[0m [32m INFO[0m [2mspark_model::model::trait_impl::decode_checkpoint[0m[2m:[0m decode-ckpt SAVE: snap_tokens=1408 end_block=88 snap_id=12 block_table_len=88 straddle=0
[2m2026-09-06T00:39:07.354879Z[0m [32m INFO[0m [2mspark::scheduler::decode_logits_step[0m[2m:[0m process_decode_logits: remaining=0, output_tokens=256, thinking_tokens=0
[2m2026-09-06T00:39:07.354888Z[0m [32m INFO[0m [2mspark::scheduler::decode_logits_step[0m[2m:[0m process_decode_logits: remaining=0, output_tokens=256, thinking_tokens=0
[2m2026-09-06T00:39:07.354904Z[0m [32m INFO[0m [2mspark::scheduler::mtp_accept_debug[0m[2m:[0m Done: 256 tokens (length) 17.5 tok/s, TTFT=1067.3ms, serial=1.00 mtp=0.00 p1=0.000 mean_na=0.000 tok_step=1.000 regime_reprobes=0
[2m2026-09-06T00:39:07.355136Z[0m [32m INFO[0m [2mspark_model::model::trait_impl::decode_checkpoint[0m[2m:[0m Saved finish-leaf SSM snapshot 7 for 1448 tokens
[2m2026-09-06T00:39:07.355623Z[0m [32m INFO[0m [2mspark::scheduler::mtp_accept_debug[0m[2m:[0m Done: 256 tokens (length) 18.9 tok/s, TTFT=1057.0ms, serial=1.00 mtp=0.00 p1=0.000 mean_na=0.000 tok_step=1.000 regime_reprobes=0
[2m2026-09-06T00:39:07.355846Z[0m [32m INFO[0m [2mspark_model::model::trait_impl::decode_checkpoint[0m[2m:[0m Saved finish-leaf SSM snapshot 5 for 1448 tokens
[2m2026-09-06T00:39:07.357107Z[0m [32m INFO[0m [2mspark::scheduler::prefill_a_step[0m[2m:[0m Chunked prefill start: 1193 prompt tokens, chunk_size=1193, max_tokens=256
[2m2026-09-06T00:39:08.134965Z[0m [32m INFO[0m [2mspark_model::model::trait_impl::prefill_b::save_checkpoint[0m[2m:[0m Intermediate SSM checkpoint saved at token 1168 (snapshot_id 15, block 73)
[2m2026-09-06T00:39:08.288531Z[0m [32m INFO[0m [2mspark_model::model::trait_impl::prefill_b::finalize_last[0m[2m:[0m Saved SSM snapshot 6 for 1193 tokens (75 blocks) [chunk]
[2m2026-09-06T00:39:08.418735Z[0m [32m INFO[0m [2mspark::scheduler::prefill_a_step[0m[2m:[0m Prefill first token: 760
[2m2026-09-06T00:39:08.418749Z[0m [32m INFO[0m [2mspark::scheduler::phase_start_prefills[0m[2m:[0m Prefilled (single chunk): seq_len=1193, remaining=255
[2m2026-09-06T00:39:08.418752Z[0m [32m INFO[0m [2mspark::scheduler::prefill_a_step[0m[2m:[0m Chunked prefill start: 1193 prompt tokens, chunk_size=1193, max_tokens=256
[2m2026-09-06T00:39:09.193733Z[0m [32m INFO[0m [2mspark_model::model::trait_impl::prefill_b::save_checkpoint[0m[2m:[0m Intermediate SSM checkpoint saved at token 1168 (snapshot_id 9, block 73)
[2m2026-09-06T00:39:09.347176Z[0m [32m INFO[0m [2mspark_model::model::trait_impl::prefill_b::finalize_last[0m[2m:[0m Saved SSM snapshot 13 for 1193 tokens (75 blocks) [chunk]
[2m2026-09-06T00:39:09.475712Z[0m [32m INFO[0m [2mspark::scheduler::prefill_a_step[0m[2m:[0m Prefill first token: 760
[2m2026-09-06T00:39:09.475730Z[0m [32m INFO[0m [2mspark::scheduler::phase_start_prefills[0m[2m:[0m Prefilled (single chunk): seq_len=1193, remaining=255
[2m2026-09-06T00:39:09.519342Z[0m [32m INFO[0m [2mspark::scheduler::decode_logits_step[0m[2m:[0m process_decode_logits: remaining=0, output_tokens=256, thinking_tokens=0
[2m2026-09-06T00:39:09.519348Z[0m [32m INFO[0m [2mspark::scheduler::decode_logits_step[0m[2m:[0m process_decode_logits: remaining=0, output_tokens=256, thinking_tokens=0
[2m2026-09-06T00:39:09.519361Z[0m [32m INFO[0m [2mspark::scheduler::mtp_accept_debug[0m[2m:[0m Done: 256 tokens (length) 18.9 tok/s, TTFT=1057.3ms, serial=1.00 mtp=0.00 p1=0.000 mean_na=0.000 tok_step=1.000 regime_reprobes=0
[2m2026-09-06T00:39:09.519606Z[0m [32m INFO[0m [2mspark_model::model::trait_impl::decode_checkpoint[0m[2m:[0m Saved finish-leaf SSM snapshot 2 for 1448 tokens
[2m2026-09-06T00:39:09.520059Z[0m [32m INFO[0m [2mspark::scheduler::mtp_accept_debug[0m[2m:[0m Done: 256 tokens (length) 17.5 tok/s, TTFT=1060.8ms, serial=1.00 mtp=0.00 p1=0.000 mean_na=0.000 tok_step=1.000 regime_reprobes=0
[2m2026-09-06T00:39:09.520282Z[0m [32m INFO[0m [2mspark_model::model::trait_impl::decode_checkpoint[0m[2m:[0m Saved finish-leaf SSM snapshot 3 for 1448 tokens
[2m2026-09-06T00:39:09.521513Z[0m [32m INFO[0m [2mspark::scheduler::prefill_a_step[0m[2m:[0m Chunked prefill start: 1193 prompt tokens, chunk_size=1193, max_tokens=256
[2m2026-09-06T00:39:10.296310Z[0m [32m INFO[0m [2mspark_model::model::trait_impl::prefill_b::save_checkpoint[0m[2m:[0m Intermediate SSM checkpoint saved at token 1168 (snapshot_id 11, block 73)
[2m2026-09-06T00:39:10.449648Z[0m [32m INFO[0m [2mspark_model::model::trait_impl::prefill_b::finalize_last[0m[2m:[0m Saved SSM snapshot 14 for 1193 tokens (75 blocks) [chunk]
[2m2026-09-06T00:39:10.578027Z[0m [32m INFO[0m [2mspark::scheduler::prefill_a_step[0m[2m:[0m Prefill first token: 760
[2m2026-09-06T00:39:10.578039Z[0m [32m INFO[0m [2mspark::scheduler::phase_start_prefills[0m[2m:[0m Prefilled (single chunk): seq_len=1193, remaining=255
[2m2026-09-06T00:39:10.578041Z[0m [32m INFO[0m [2mspark::scheduler::prefill_a_step[0m[2m:[0m Chunked prefill start: 1193 prompt tokens, chunk_size=1193, max_tokens=256
[2m2026-09-06T00:39:11.351676Z[0m [32m INFO[0m [2mspark_model::model::trait_impl::prefill_b::save_checkpoint[0m[2m:[0m Intermediate SSM checkpoint saved at token 1168 (snapshot_id 7, block 73)
[2m2026-09-06T00:39:11.505513Z[0m [32m INFO[0m [2mspark_model::model::trait_impl::prefill_b::finalize_last[0m[2m:[0m Saved SSM snapshot 10 for 1193 tokens (75 blocks) [chunk]
[2m2026-09-06T00:39:11.634399Z[0m [32m INFO[0m [2mspark::scheduler::prefill_a_step[0m[2m:[0m Prefill first token: 760
[2m2026-09-06T00:39:11.634409Z[0m [32m INFO[0m [2mspark::scheduler::phase_start_prefills[0m[2m:[0m Prefilled (single chunk): seq_len=1193, remaining=255
[2m2026-09-06T00:39:12.622545Z[0m [32m INFO[0m [2mspark_model::model::trait_impl::decode_checkpoint[0m[2m:[0m decode-ckpt SAVE: snap_tokens=1216 end_block=76 snap_id=1 block_table_len=76 straddle=0
[2m2026-09-06T00:39:12.622767Z[0m [32m INFO[0m [2mspark_model::model::trait_impl::decode_checkpoint[0m[2m:[0m decode-ckpt SAVE: snap_tokens=1216 end_block=76 snap_id=8 block_table_len=76 straddle=0
[2m2026-09-06T00:39:12.668529Z[0m [32m INFO[0m [2mspark_model::model::trait_impl::decode_checkpoint[0m[2m:[0m decode-ckpt SAVE: snap_tokens=1216 end_block=76 snap_id=5 block_table_len=76 straddle=0
[2m2026-09-06T00:39:12.668753Z[0m [32m INFO[0m [2mspark_model::model::trait_impl::decode_checkpoint[0m[2m:[0m decode-ckpt SAVE: snap_tokens=1216 end_block=76 snap_id=0 block_table_len=76 straddle=0
[2m2026-09-06T00:39:15.514235Z[0m [32m INFO[0m [2mspark_model::model::trait_impl::decode_checkpoint[0m[2m:[0m decode-ckpt SAVE: snap_tokens=1280 end_block=80 snap_id=4 block_table_len=80 straddle=0
[2m2026-09-06T00:39:15.514459Z[0m [32m INFO[0m [2mspark_model::model::trait_impl::decode_checkpoint[0m[2m:[0m decode-ckpt SAVE: snap_tokens=1280 end_block=80 snap_id=12 block_table_len=80 straddle=0
[2m2026-09-06T00:39:15.560453Z[0m [32m INFO[0m [2mspark_model::model::trait_impl::decode_checkpoint[0m[2m:[0m decode-ckpt SAVE: snap_tokens=1280 end_block=80 snap_id=2 block_table_len=80 straddle=0
[2m2026-09-06T00:39:15.560670Z[0m [32m INFO[0m [2mspark_model::model::trait_impl::decode_checkpoint[0m[2m:[0m decode-ckpt SAVE: snap_tokens=1280 end_block=80 snap_id=3 block_table_len=80 straddle=0
[2m2026-09-06T00:39:18.407874Z[0m [32m INFO[0m [2mspark_model::model::trait_impl::decode_checkpoint[0m[2m:[0m decode-ckpt SAVE: snap_tokens=1344 end_block=84 snap_id=15 block_table_len=84 straddle=0
[2m2026-09-06T00:39:18.408099Z[0m [32m INFO[0m [2mspark_model::model::trait_impl::decode_checkpoint[0m[2m:[0m decode-ckpt SAVE: snap_tokens=1344 end_block=84 snap_id=9 block_table_len=84 straddle=0
[2m2026-09-06T00:39:18.453951Z[0m [32m INFO[0m [2mspark_model::model::trait_impl::decode_checkpoint[0m[2m:[0m decode-ckpt SAVE: snap_tokens=1344 end_block=84 snap_id=7 block_table_len=84 straddle=0
[2m2026-09-06T00:39:18.454169Z[0m [32m INFO[0m [2mspark_model::model::trait_impl::decode_checkpoint[0m[2m:[0m decode-ckpt SAVE: snap_tokens=1344 end_block=84 snap_id=11 block_table_len=84 straddle=0
[2m2026-09-06T00:39:21.305332Z[0m [32m INFO[0m [2mspark_model::model::trait_impl::decode_checkpoint[0m[2m:[0m decode-ckpt SAVE: snap_tokens=1408 end_block=88 snap_id=6 block_table_len=88 straddle=0
[2m2026-09-06T00:39:21.305555Z[0m [32m INFO[0m [2mspark_model::model::trait_impl::decode_checkpoint[0m[2m:[0m decode-ckpt SAVE: snap_tokens=1408 end_block=88 snap_id=13 block_table_len=88 straddle=0
[2m2026-09-06T00:39:21.351457Z[0m [32m INFO[0m [2mspark_model::model::trait_impl::decode_checkpoint[0m[2m:[0m decode-ckpt SAVE: snap_tokens=1408 end_block=88 snap_id=10 block_table_len=88 straddle=0
[2m2026-09-06T00:39:21.351673Z[0m [32m INFO[0m [2mspark_model::model::trait_impl::decode_checkpoint[0m[2m:[0m decode-ckpt SAVE: snap_tokens=1408 end_block=88 snap_id=14 block_table_len=88 straddle=0
[2m2026-09-06T00:39:23.119857Z[0m [32m INFO[0m [2mspark::scheduler::decode_logits_step[0m[2m:[0m process_decode_logits: remaining=0, output_tokens=256, thinking_tokens=0
[2m2026-09-06T00:39:23.119863Z[0m [32m INFO[0m [2mspark::scheduler::decode_logits_step[0m[2m:[0m process_decode_logits: remaining=0, output_tokens=256, thinking_tokens=0
[2m2026-09-06T00:39:23.119872Z[0m [32m INFO[0m [2mspark::scheduler::mtp_accept_debug[0m[2m:[0m Done: 256 tokens (length) 17.4 tok/s, TTFT=1061.6ms, serial=1.00 mtp=0.00 p1=0.000 mean_na=0.000 tok_step=1.000 regime_reprobes=0
[2m2026-09-06T00:39:23.120090Z[0m [32m INFO[0m [2mspark_model::model::trait_impl::decode_checkpoint[0m[2m:[0m Saved finish-leaf SSM snapshot 1 for 1448 tokens
[2m2026-09-06T00:39:23.120574Z[0m [32m INFO[0m [2mspark::scheduler::mtp_accept_debug[0m[2m:[0m Done: 256 tokens (length) 18.8 tok/s, TTFT=1057.0ms, serial=1.00 mtp=0.00 p1=0.000 mean_na=0.000 tok_step=1.000 regime_reprobes=0
[2m2026-09-06T00:39:23.120789Z[0m [32m INFO[0m [2mspark_model::model::trait_impl::decode_checkpoint[0m[2m:[0m Saved finish-leaf SSM snapshot 8 for 1448 tokens
[2m2026-09-06T00:39:23.122038Z[0m [32m INFO[0m [2mspark::scheduler::prefill_a_step[0m[2m:[0m Chunked prefill start: 1193 prompt tokens, chunk_size=1193, max_tokens=256
[2m2026-09-06T00:39:23.898410Z[0m [32m INFO[0m [2mspark_model::model::trait_impl::prefill_b::save_checkpoint[0m[2m:[0m Intermediate SSM checkpoint saved at token 1168 (snapshot_id 5, block 73)
[2m2026-09-06T00:39:24.052889Z[0m [32m INFO[0m [2mspark_model::model::trait_impl::prefill_b::finalize_last[0m[2m:[0m Saved SSM snapshot 2 for 1193 tokens (75 blocks) [chunk]
[2m2026-09-06T00:39:24.181823Z[0m [32m INFO[0m [2mspark::scheduler::prefill_a_step[0m[2m:[0m Prefill first token: 760
[2m2026-09-06T00:39:24.181833Z[0m [32m INFO[0m [2mspark::scheduler::phase_start_prefills[0m[2m:[0m Prefilled (single chunk): seq_len=1193, remaining=255
[2m2026-09-06T00:39:24.181836Z[0m [32m INFO[0m [2mspark::scheduler::prefill_a_step[0m[2m:[0m Chunked prefill start: 1193 prompt tokens, chunk_size=1193, max_tokens=256
[2m2026-09-06T00:39:24.956025Z[0m [32m INFO[0m [2mspark_model::model::trait_impl::prefill_b::save_checkpoint[0m[2m:[0m Intermediate SSM checkpoint saved at token 1168 (snapshot_id 7, block 73)
[2m2026-09-06T00:39:25.216048Z[0m [32m INFO[0m [2mspark_model::model::trait_impl::prefill_b::finalize_last[0m[2m:[0m Saved SSM snapshot 10 for 1193 tokens (75 blocks) [chunk]
[2m2026-09-06T00:39:25.239351Z[0m [32m INFO[0m [2mspark::scheduler::prefill_a_step[0m[2m:[0m Prefill first token: 760
[2m2026-09-06T00:39:25.239360Z[0m [32m INFO[0m [2mspark::scheduler::phase_start_prefills[0m[2m:[0m Prefilled (single chunk): seq_len=1193, remaining=255
[2m2026-09-06T00:39:25.283078Z[0m [32m INFO[0m [2mspark::scheduler::decode_logits_step[0m[2m:[0m process_decode_logits: remaining=0, output_tokens=256, thinking_tokens=0
[2m2026-09-06T00:39:25.283082Z[0m [32m INFO[0m [2mspark::scheduler::decode_logits_step[0m[2m:[0m process_decode_logits: remaining=0, output_tokens=256, thinking_tokens=0
[2m2026-09-06T00:39:25.283091Z[0m [32m INFO[0m [2mspark::scheduler::mtp_accept_debug[0m[2m:[0m Done: 256 tokens (length) 17.4 tok/s, TTFT=1056.5ms, serial=1.00 mtp=0.00 p1=0.000 mean_na=0.000 tok_step=1.000 regime_reprobes=0
[2m2026-09-06T00:39:25.283315Z[0m [32m INFO[0m [2mspark_model::model::trait_impl::decode_checkpoint[0m[2m:[0m Saved finish-leaf SSM snapshot 0 for 1448 tokens
[2m2026-09-06T00:39:25.283810Z[0m [32m INFO[0m [2mspark::scheduler::mtp_accept_debug[0m[2m:[0m Done: 256 tokens (length) 18.8 tok/s, TTFT=1056.4ms, serial=1.00 mtp=0.00 p1=0.000 mean_na=0.000 tok_step=1.000 regime_reprobes=0
[2m2026-09-06T00:39:25.284028Z[0m [32m INFO[0m [2mspark_model::model::trait_impl::decode_checkpoint[0m[2m:[0m Saved finish-leaf SSM snapshot 4 for 1448 tokens
[2m2026-09-06T00:39:25.285339Z[0m [32m INFO[0m [2mspark::scheduler::prefill_a_step[0m[2m:[0m Chunked prefill start: 1193 prompt tokens, chunk_size=1193, max_tokens=256
[2m2026-09-06T00:39:26.059289Z[0m [32m INFO[0m [2mspark_model::model::trait_impl::prefill_b::save_checkpoint[0m[2m:[0m Intermediate SSM checkpoint saved at token 1168 (snapshot_id 15, block 73)
[2m2026-09-06T00:39:26.213427Z[0m [32m INFO[0m [2mspark_model::model::trait_impl::prefill_b::finalize_last[0m[2m:[0m Saved SSM snapshot 6 for 1193 tokens (75 blocks) [chunk]
[2m2026-09-06T00:39:26.341938Z[0m [32m INFO[0m [2mspark::scheduler::prefill_a_step[0m[2m:[0m Prefill first token: 760
[2m2026-09-06T00:39:26.341949Z[0m [32m INFO[0m [2mspark::scheduler::phase_start_prefills[0m[2m:[0m Prefilled (single chunk): seq_len=1193, remaining=255
[2m2026-09-06T00:39:26.341951Z[0m [32m INFO[0m [2mspark::scheduler::prefill_a_step[0m[2m:[0m Chunked prefill start: 1193 prompt tokens, chunk_size=1193, max_tokens=256
[2m2026-09-06T00:39:27.115464Z[0m [32m INFO[0m [2mspark_model::model::trait_impl::prefill_b::save_checkpoint[0m[2m:[0m Intermediate SSM checkpoint saved at token 1168 (snapshot_id 1, block 73)
[2m2026-09-06T00:39:27.269814Z[0m [32m INFO[0m [2mspark_model::model::trait_impl::prefill_b::finalize_last[0m[2m:[0m Saved SSM snapshot 12 for 1193 tokens (75 blocks) [chunk]
[2m2026-09-06T00:39:27.398717Z[0m [32m INFO[0m [2mspark::scheduler::prefill_a_step[0m[2m:[0m Prefill first token: 760
[2m2026-09-06T00:39:27.398726Z[0m [32m INFO[0m [2mspark::scheduler::phase_start_prefills[0m[2m:[0m Prefilled (single chunk): seq_len=1193, remaining=255
[2m2026-09-06T00:39:28.389388Z[0m [32m INFO[0m [2mspark_model::model::trait_impl::decode_checkpoint[0m[2m:[0m decode-ckpt SAVE: snap_tokens=1216 end_block=76 snap_id=9 block_table_len=76 straddle=0
[2m2026-09-06T00:39:28.389612Z[0m [32m INFO[0m [2mspark_model::model::trait_impl::decode_checkpoint[0m[2m:[0m decode-ckpt SAVE: snap_tokens=1216 end_block=76 snap_id=13 block_table_len=76 straddle=0
[2m2026-09-06T00:39:28.435343Z[0m [32m INFO[0m [2mspark_model::model::trait_impl::decode_checkpoint[0m[2m:[0m decode-ckpt SAVE: snap_tokens=1216 end_block=76 snap_id=8 block_table_len=76 straddle=0
[2m2026-09-06T00:39:28.435563Z[0m [32m INFO[0m [2mspark_model::model::trait_impl::decode_checkpoint[0m[2m:[0m decode-ckpt SAVE: snap_tokens=1216 end_block=76 snap_id=3 block_table_len=76 straddle=0
[2m2026-09-06T00:39:31.281203Z[0m [32m INFO[0m [2mspark_model::model::trait_impl::decode_checkpoint[0m[2m:[0m decode-ckpt SAVE: snap_tokens=1280 end_block=80 snap_id=11 block_table_len=80 straddle=0
[2m2026-09-06T00:39:31.281428Z[0m [32m INFO[0m [2mspark_model::model::trait_impl::decode_checkpoint[0m[2m:[0m decode-ckpt SAVE: snap_tokens=1280 end_block=80 snap_id=14 block_table_len=80 straddle=0
[2m2026-09-06T00:39:31.327284Z[0m [32m INFO[0m [2mspark_model::model::trait_impl::decode_checkpoint[0m[2m:[0m decode-ckpt SAVE: snap_tokens=1280 end_block=80 snap_id=0 block_table_len=80 straddle=0
[2m2026-09-06T00:39:31.327501Z[0m [32m INFO[0m [2mspark_model::model::trait_impl::decode_checkpoint[0m[2m:[0m decode-ckpt SAVE: snap_tokens=1280 end_block=80 snap_id=4 block_table_len=80 straddle=0
[2m2026-09-06T00:39:34.176526Z[0m [32m INFO[0m [2mspark_model::model::trait_impl::decode_checkpoint[0m[2m:[0m decode-ckpt SAVE: snap_tokens=1344 end_block=84 snap_id=5 block_table_len=84 straddle=0
[2m2026-09-06T00:39:34.176749Z[0m [32m INFO[0m [2mspark_model::model::trait_impl::decode_checkpoint[0m[2m:[0m decode-ckpt SAVE: snap_tokens=1344 end_block=84 snap_id=7 block_table_len=84 straddle=0
[2m2026-09-06T00:39:34.222578Z[0m [32m INFO[0m [2mspark_model::model::trait_impl::decode_checkpoint[0m[2m:[0m decode-ckpt SAVE: snap_tokens=1344 end_block=84 snap_id=1 block_table_len=84 straddle=0
[2m2026-09-06T00:39:34.222795Z[0m [32m INFO[0m [2mspark_model::model::trait_impl::decode_checkpoint[0m[2m:[0m decode-ckpt SAVE: snap_tokens=1344 end_block=84 snap_id=15 block_table_len=84 straddle=0
[2m2026-09-06T00:39:37.074882Z[0m [32m INFO[0m [2mspark_model::model::trait_impl::decode_checkpoint[0m[2m:[0m decode-ckpt SAVE: snap_tokens=1408 end_block=88 snap_id=2 block_table_len=88 straddle=0
[2m2026-09-06T00:39:37.075104Z[0m [32m INFO[0m [2mspark_model::model::trait_impl::decode_checkpoint[0m[2m:[0m decode-ckpt SAVE: snap_tokens=1408 end_block=88 snap_id=10 block_table_len=88 straddle=0
[2m2026-09-06T00:39:37.121065Z[0m [32m INFO[0m [2mspark_model::model::trait_impl::decode_checkpoint[0m[2m:[0m decode-ckpt SAVE: snap_tokens=1408 end_block=88 snap_id=12 block_table_len=88 straddle=0
[2m2026-09-06T00:39:37.121283Z[0m [32m INFO[0m [2mspark_model::model::trait_impl::decode_checkpoint[0m[2m:[0m decode-ckpt SAVE: snap_tokens=1408 end_block=88 snap_id=6 block_table_len=88 straddle=0
[2m2026-09-06T00:39:38.888721Z[0m [32m INFO[0m [2mspark::scheduler::decode_logits_step[0m[2m:[0m process_decode_logits: remaining=0, output_tokens=256, thinking_tokens=0
[2m2026-09-06T00:39:38.888725Z[0m [32m INFO[0m [2mspark::scheduler::decode_logits_step[0m[2m:[0m process_decode_logits: remaining=0, output_tokens=256, thinking_tokens=0
[2m2026-09-06T00:39:38.888734Z[0m [32m INFO[0m [2mspark::scheduler::mtp_accept_debug[0m[2m:[0m Done: 256 tokens (length) 17.4 tok/s, TTFT=1059.8ms, serial=1.00 mtp=0.00 p1=0.000 mean_na=0.000 tok_step=1.000 regime_reprobes=0
[2m2026-09-06T00:39:38.888958Z[0m [32m INFO[0m [2mspark_model::model::trait_impl::decode_checkpoint[0m[2m:[0m Saved finish-leaf SSM snapshot 9 for 1448 tokens
[2m2026-09-06T00:39:38.889462Z[0m [32m INFO[0m [2mspark::scheduler::mtp_accept_debug[0m[2m:[0m Done: 256 tokens (length) 18.8 tok/s, TTFT=1057.5ms, serial=1.00 mtp=0.00 p1=0.000 mean_na=0.000 tok_step=1.000 regime_reprobes=0
[2m2026-09-06T00:39:38.889679Z[0m [32m INFO[0m [2mspark_model::model::trait_impl::decode_checkpoint[0m[2m:[0m Saved finish-leaf SSM snapshot 13 for 1448 tokens
[2m2026-09-06T00:39:38.890991Z[0m [32m INFO[0m [2mspark::scheduler::prefill_a_step[0m[2m:[0m Chunked prefill start: 1193 prompt tokens, chunk_size=1193, max_tokens=256
[2m2026-09-06T00:39:39.668035Z[0m [32m INFO[0m [2mspark_model::model::trait_impl::prefill_b::save_checkpoint[0m[2m:[0m Intermediate SSM checkpoint saved at token 1168 (snapshot_id 8, block 73)
[2m2026-09-06T00:39:39.822223Z[0m [32m INFO[0m [2mspark_model::model::trait_impl::prefill_b::finalize_last[0m[2m:[0m Saved SSM snapshot 0 for 1193 tokens (75 blocks) [chunk]
[2m2026-09-06T00:39:39.951660Z[0m [32m INFO[0m [2mspark::scheduler::prefill_a_step[0m[2m:[0m Prefill first token: 760
[2m2026-09-06T00:39:39.951670Z[0m [32m INFO[0m [2mspark::scheduler::phase_start_prefills[0m[2m:[0m Prefilled (single chunk): seq_len=1193, remaining=255
[2m2026-09-06T00:39:39.951673Z[0m [32m INFO[0m [2mspark::scheduler::prefill_a_step[0m[2m:[0m Chunked prefill start: 1193 prompt tokens, chunk_size=1193, max_tokens=256
[2m2026-09-06T00:39:40.724886Z[0m [32m INFO[0m [2mspark_model::model::trait_impl::prefill_b::save_checkpoint[0m[2m:[0m Intermediate SSM checkpoint saved at token 1168 (snapshot_id 1, block 73)
[2m2026-09-06T00:39:40.879409Z[0m [32m INFO[0m [2mspark_model::model::trait_impl::prefill_b::finalize_last[0m[2m:[0m Saved SSM snapshot 12 for 1193 tokens (75 blocks) [chunk]
[2m2026-09-06T00:39:41.008241Z[0m [32m INFO[0m [2mspark::scheduler::prefill_a_step[0m[2m:[0m Prefill first token: 760
[2m2026-09-06T00:39:41.008252Z[0m [32m INFO[0m [2mspark::scheduler::phase_start_prefills[0m[2m:[0m Prefilled (single chunk): seq_len=1193, remaining=255
[2m2026-09-06T00:39:41.051867Z[0m [32m INFO[0m [2mspark::scheduler::decode_logits_step[0m[2m:[0m process_decode_logits: remaining=0, output_tokens=256, thinking_tokens=0
[2m2026-09-06T00:39:41.051871Z[0m [32m INFO[0m [2mspark::scheduler::decode_logits_step[0m[2m:[0m process_decode_logits: remaining=0, output_tokens=256, thinking_tokens=0
[2m2026-09-06T00:39:41.051878Z[0m [32m INFO[0m [2mspark::scheduler::mtp_accept_debug[0m[2m:[0m Done: 256 tokens (length) 17.4 tok/s, TTFT=1056.6ms, serial=1.00 mtp=0.00 p1=0.000 mean_na=0.000 tok_step=1.000 regime_reprobes=0
[2m2026-09-06T00:39:41.052109Z[0m [32m INFO[0m [2mspark_model::model::trait_impl::decode_checkpoint[0m[2m:[0m Saved finish-leaf SSM snapshot 3 for 1448 tokens
[2m2026-09-06T00:39:41.052567Z[0m [32m INFO[0m [2mspark::scheduler::mtp_accept_debug[0m[2m:[0m Done: 256 tokens (length) 18.7 tok/s, TTFT=1056.8ms, serial=1.00 mtp=0.00 p1=0.000 mean_na=0.000 tok_step=1.000 regime_reprobes=0
[2m2026-09-06T00:39:41.052782Z[0m [32m INFO[0m [2mspark_model::model::trait_impl::decode_checkpoint[0m[2m:[0m Saved finish-leaf SSM snapshot 11 for 1448 tokens
[2m2026-09-06T00:39:41.054034Z[0m [32m INFO[0m [2mspark::scheduler::prefill_a_step[0m[2m:[0m Chunked prefill start: 1193 prompt tokens, chunk_size=1193, max_tokens=256
[2m2026-09-06T00:39:41.830199Z[0m [32m INFO[0m [2mspark_model::model::trait_impl::prefill_b::save_checkpoint[0m[2m:[0m Intermediate SSM checkpoint saved at token 1168 (snapshot_id 5, block 73)
[2m2026-09-06T00:39:41.983857Z[0m [32m INFO[0m [2mspark_model::model::trait_impl::prefill_b::finalize_last[0m[2m:[0m Saved SSM snapshot 2 for 1193 tokens (75 blocks) [chunk]
[2m2026-09-06T00:39:42.114217Z[0m [32m INFO[0m [2mspark::scheduler::prefill_a_step[0m[2m:[0m Prefill first token: 760
[2m2026-09-06T00:39:42.114227Z[0m [32m INFO[0m [2mspark::scheduler::phase_start_prefills[0m[2m:[0m Prefilled (single chunk): seq_len=1193, remaining=255
[2m2026-09-06T00:39:42.114230Z[0m [32m INFO[0m [2mspark::scheduler::prefill_a_step[0m[2m:[0m Chunked prefill start: 1193 prompt tokens, chunk_size=1193, max_tokens=256
[2m2026-09-06T00:39:42.889072Z[0m [32m INFO[0m [2mspark_model::model::trait_impl::prefill_b::save_checkpoint[0m[2m:[0m Intermediate SSM checkpoint saved at token 1168 (snapshot_id 9, block 73)
[2m2026-09-06T00:39:43.148274Z[0m [32m INFO[0m [2mspark_model::model::trait_impl::prefill_b::finalize_last[0m[2m:[0m Saved SSM snapshot 14 for 1193 tokens (75 blocks) [chunk]
[2m2026-09-06T00:39:43.171563Z[0m [32m INFO[0m [2mspark::scheduler::prefill_a_step[0m[2m:[0m Prefill first token: 760
[2m2026-09-06T00:39:43.171572Z[0m [32m INFO[0m [2mspark::scheduler::phase_start_prefills[0m[2m:[0m Prefilled (single chunk): seq_len=1193, remaining=255
[2m2026-09-06T00:39:44.160959Z[0m [32m INFO[0m [2mspark_model::model::trait_impl::decode_checkpoint[0m[2m:[0m decode-ckpt SAVE: snap_tokens=1216 end_block=76 snap_id=7 block_table_len=76 straddle=0
[2m2026-09-06T00:39:44.161188Z[0m [32m INFO[0m [2mspark_model::model::trait_impl::decode_checkpoint[0m[2m:[0m decode-ckpt SAVE: snap_tokens=1216 end_block=76 snap_id=10 block_table_len=76 straddle=0
[2m2026-09-06T00:39:44.206943Z[0m [32m INFO[0m [2mspark_model::model::trait_impl::decode_checkpoint[0m[2m:[0m decode-ckpt SAVE: snap_tokens=1216 end_block=76 snap_id=13 block_table_len=76 straddle=0
[2m2026-09-06T00:39:44.207162Z[0m [32m INFO[0m [2mspark_model::model::trait_impl::decode_checkpoint[0m[2m:[0m decode-ckpt SAVE: snap_tokens=1216 end_block=76 snap_id=4 block_table_len=76 straddle=0
[2m2026-09-06T00:39:47.041494Z[0m [32m INFO[0m [2mspark_model::model::trait_impl::decode_checkpoint[0m[2m:[0m decode-ckpt SAVE: snap_tokens=1280 end_block=80 snap_id=15 block_table_len=80 straddle=0
[2m2026-09-06T00:39:47.041725Z[0m [32m INFO[0m [2mspark_model::model::trait_impl::decode_checkpoint[0m[2m:[0m decode-ckpt SAVE: snap_tokens=1280 end_block=80 snap_id=6 block_table_len=80 straddle=0
[2m2026-09-06T00:39:47.086825Z[0m [32m INFO[0m [2mspark_model::model::trait_impl::decode_checkpoint[0m[2m:[0m decode-ckpt SAVE: snap_tokens=1280 end_block=80 snap_id=3 block_table_len=80 straddle=0
[2m2026-09-06T00:39:47.087041Z[0m [32m INFO[0m [2mspark_model::model::trait_impl::decode_checkpoint[0m[2m:[0m decode-ckpt SAVE: snap_tokens=1280 end_block=80 snap_id=11 block_table_len=80 straddle=0
[2m2026-09-06T00:39:49.897499Z[0m [32m INFO[0m [2mspark_model::model::trait_impl::decode_checkpoint[0m[2m:[0m decode-ckpt SAVE: snap_tokens=1344 end_block=84 snap_id=8 block_table_len=84 straddle=0
[2m2026-09-06T00:39:49.897734Z[0m [32m INFO[0m [2mspark_model::model::trait_impl::decode_checkpoint[0m[2m:[0m decode-ckpt SAVE: snap_tokens=1344 end_block=84 snap_id=1 block_table_len=84 straddle=0
[2m2026-09-06T00:39:49.942888Z[0m [32m INFO[0m [2mspark_model::model::trait_impl::decode_checkpoint[0m[2m:[0m decode-ckpt SAVE: snap_tokens=1344 end_block=84 snap_id=9 block_table_len=84 straddle=0
[2m2026-09-06T00:39:49.943110Z[0m [32m INFO[0m [2mspark_model::model::trait_impl::decode_checkpoint[0m[2m:[0m decode-ckpt SAVE: snap_tokens=1344 end_block=84 snap_id=5 block_table_len=84 straddle=0
[2m2026-09-06T00:39:52.759233Z[0m [32m INFO[0m [2mspark_model::model::trait_impl::decode_checkpoint[0m[2m:[0m decode-ckpt SAVE: snap_tokens=1408 end_block=88 snap_id=0 block_table_len=88 straddle=0
[2m2026-09-06T00:39:52.759503Z[0m [32m INFO[0m [2mspark_model::model::trait_impl::decode_checkpoint[0m[2m:[0m decode-ckpt SAVE: snap_tokens=1408 end_block=88 snap_id=12 block_table_len=88 straddle=0
[2m2026-09-06T00:39:52.804750Z[0m [32m INFO[0m [2mspark_model::model::trait_impl::decode_checkpoint[0m[2m:[0m decode-ckpt SAVE: snap_tokens=1408 end_block=88 snap_id=14 block_table_len=88 straddle=0
[2m2026-09-06T00:39:52.805013Z[0m [32m INFO[0m [2mspark_model::model::trait_impl::decode_checkpoint[0m[2m:[0m decode-ckpt SAVE: snap_tokens=1408 end_block=88 snap_id=2 block_table_len=88 straddle=0
[2m2026-09-06T00:39:54.548608Z[0m [32m INFO[0m [2mspark::scheduler::decode_logits_step[0m[2m:[0m process_decode_logits: remaining=0, output_tokens=256, thinking_tokens=0
[2m2026-09-06T00:39:54.548616Z[0m [32m INFO[0m [2mspark::scheduler::decode_logits_step[0m[2m:[0m process_decode_logits: remaining=0, output_tokens=256, thinking_tokens=0
[2m2026-09-06T00:39:54.548629Z[0m [32m INFO[0m [2mspark::scheduler::mtp_accept_debug[0m[2m:[0m Done: 256 tokens (length) 17.5 tok/s, TTFT=1060.7ms, serial=1.00 mtp=0.00 p1=0.000 mean_na=0.000 tok_step=1.000 regime_reprobes=0
[2m2026-09-06T00:39:54.548889Z[0m [32m INFO[0m [2mspark_model::model::trait_impl::decode_checkpoint[0m[2m:[0m Saved finish-leaf SSM snapshot 7 for 1448 tokens
[2m2026-09-06T00:39:54.549322Z[0m [32m INFO[0m [2mspark::scheduler::mtp_accept_debug[0m[2m:[0m Done: 256 tokens (length) 18.9 tok/s, TTFT=1056.6ms, serial=1.00 mtp=0.00 p1=0.000 mean_na=0.000 tok_step=1.000 regime_reprobes=0
[2m2026-09-06T00:39:54.549568Z[0m [32m INFO[0m [2mspark_model::model::trait_impl::decode_checkpoint[0m[2m:[0m Saved finish-leaf SSM snapshot 10 for 1448 tokens
[2m2026-09-06T00:39:54.550729Z[0m [32m INFO[0m [2mspark_model::model::trait_impl::decode_a2[0m[2m:[0m decode graph borrow: n=2 padded_n=2 -> replaying captured width 4
[2m2026-09-06T00:39:54.595489Z[0m [32m INFO[0m [2mspark::scheduler::decode_logits_step[0m[2m:[0m process_decode_logits: remaining=0, output_tokens=256, thinking_tokens=0
[2m2026-09-06T00:39:54.595493Z[0m [32m INFO[0m [2mspark::scheduler::decode_logits_step[0m[2m:[0m process_decode_logits: remaining=0, output_tokens=256, thinking_tokens=0
[2m2026-09-06T00:39:54.595497Z[0m [32m INFO[0m [2mspark::scheduler::mtp_accept_debug[0m[2m:[0m Done: 256 tokens (length) 20.5 tok/s, TTFT=1060.2ms, serial=1.00 mtp=0.00 p1=0.000 mean_na=0.000 tok_step=1.000 regime_reprobes=0
[2m2026-09-06T00:39:54.595755Z[0m [32m INFO[0m [2mspark_model::model::trait_impl::decode_checkpoint[0m[2m:[0m Saved finish-leaf SSM snapshot 13 for 1448 tokens
[2m2026-09-06T00:39:54.596190Z[0m [32m INFO[0m [2mspark::scheduler::mtp_accept_debug[0m[2m:[0m Done: 256 tokens (length) 22.4 tok/s, TTFT=1057.3ms, serial=1.00 mtp=0.00 p1=0.000 mean_na=0.000 tok_step=1.000 regime_reprobes=0
[2m2026-09-06T00:39:54.596445Z[0m [32m INFO[0m [2mspark_model::model::trait_impl::decode_checkpoint[0m[2m:[0m Saved finish-leaf SSM snapshot 3 for 1448 tokens
[2m2026-09-06T00:39:54.871177Z[0m [32m INFO[0m [2mspark::api::chat::prepare[0m[2m:[0m Request: model=Qwen/Qwen3.8-27B-FP8, messages=1, tools=0, tools_active=false, tool_choice=None, stream=false, temp=Some(0.0), max_tokens=256, freq_pen=Some(0.0), rep_pen=None
[2m2026-09-06T00:39:54.871762Z[0m [32m INFO[0m [2mspark::tokenizer::chat_impl[0m[2m:[0m Jinja rendered (164 chars): "<|im_start|>user\nList exactly five prime numbers greater than one hundred, comma separated, with no other words.<|im_end|>\n<|im_start|>assistant\n<think>\n\n</think>\n\n"
[2m2026-09-06T00:39:54.872631Z[0m [32m INFO[0m [2mspark::api::chat[0m[2m:[0m Session 0x22edf306cc1e3ad6: 30 prompt tokens, tools=false (0 defined)
[2m2026-09-06T00:39:54.873013Z[0m [32m INFO[0m [2mspark::scheduler::prefill_a_step[0m[2m:[0m Chunked prefill start: 30 prompt tokens, chunk_size=30, max_tokens=256
[2m2026-09-06T00:39:54.874890Z[0m [32m INFO[0m [2mspark_model::model::trait_impl::prefill_b::prefix_lookup[0m[2m:[0m Prefix cache hit: 30 tokens (2 blocks) but no SSM snapshot — recomputing all KV
[2m2026-09-06T00:39:54.901872Z[0m [32m INFO[0m [2mspark_model::model::trait_impl::prefill_b::finalize_last[0m[2m:[0m Saved SSM snapshot 15 for 30 tokens (2 blocks) [chunk]
[2m2026-09-06T00:39:55.048896Z[0m [32m INFO[0m [2mspark::scheduler::prefill_a_step[0m[2m:[0m Prefill first token: 16
[2m2026-09-06T00:39:55.048910Z[0m [32m INFO[0m [2mspark::scheduler::phase_start_prefills[0m[2m:[0m Prefilled (single chunk): seq_len=30, remaining=255
[2m2026-09-06T00:39:55.512470Z[0m [32m INFO[0m [2mspark::scheduler::mtp_accept_debug[0m[2m:[0m Done: 24 tokens (stop) 51.8 tok/s, TTFT=175.9ms, serial=1.00 mtp=0.00 p1=0.000 mean_na=0.000 tok_step=1.000 regime_reprobes=0
[2m2026-09-06T00:39:55.512713Z[0m [32m INFO[0m [2mspark_model::model::trait_impl::decode_checkpoint[0m[2m:[0m Saved finish-leaf SSM snapshot 8 for 53 tokens
[2m2026-09-06T00:39:55.515240Z[0m [32m INFO[0m [2mspark::api::chat::prepare[0m[2m:[0m Request: model=Qwen/Qwen3.8-27B-FP8, messages=1, tools=0, tools_active=false, tool_choice=None, stream=false, temp=Some(0.0), max_tokens=256, freq_pen=Some(0.0), rep_pen=None
[2m2026-09-06T00:39:55.515527Z[0m [32m INFO[0m [2mspark::tokenizer::chat_impl[0m[2m:[0m Jinja rendered (164 chars): "<|im_start|>user\nList exactly five prime numbers greater than one hundred, comma separated, with no other words.<|im_end|>\n<|im_start|>assistant\n<think>\n\n</think>\n\n"
[2m2026-09-06T00:39:55.516023Z[0m [32m INFO[0m [2mspark::api::chat[0m[2m:[0m Session 0x22edf306cc1e3ad6: 30 prompt tokens, tools=false (0 defined)
[2m2026-09-06T00:39:55.516394Z[0m [32m INFO[0m [2mspark::scheduler::prefill_a_step[0m[2m:[0m Chunked prefill start: 30 prompt tokens, chunk_size=30, max_tokens=256
[2m2026-09-06T00:39:55.517557Z[0m [32m INFO[0m [2mspark_model::model::trait_impl::prefill_b::prefix_lookup[0m[2m:[0m Prefix cache hit: 30 tokens (2 blocks) but no SSM snapshot — recomputing all KV
[2m2026-09-06T00:39:55.544436Z[0m [32m INFO[0m [2mspark_model::model::trait_impl::prefill_b::finalize_last[0m[2m:[0m Saved SSM snapshot 0 for 30 tokens (2 blocks) [chunk]
[2m2026-09-06T00:39:55.689283Z[0m [32m INFO[0m [2mspark::scheduler::prefill_a_step[0m[2m:[0m Prefill first token: 16
[2m2026-09-06T00:39:55.689293Z[0m [32m INFO[0m [2mspark::scheduler::phase_start_prefills[0m[2m:[0m Prefilled (single chunk): seq_len=30, remaining=255
[2m2026-09-06T00:39:56.153641Z[0m [32m INFO[0m [2mspark::scheduler::mtp_accept_debug[0m[2m:[0m Done: 24 tokens (stop) 51.7 tok/s, TTFT=172.9ms, serial=1.00 mtp=0.00 p1=0.000 mean_na=0.000 tok_step=1.000 regime_reprobes=0
[2m2026-09-06T00:39:56.153938Z[0m [32m INFO[0m [2mspark_model::model::trait_impl::decode_checkpoint[0m[2m:[0m Saved finish-leaf SSM snapshot 15 for 53 tokens
[2m2026-09-06T00:39:56.156974Z[0m [32m INFO[0m [2mspark::api::chat::prepare[0m[2m:[0m Request: model=Qwen/Qwen3.8-27B-FP8, messages=1, tools=1, tools_active=true, tool_choice=Some(Mode("auto")), stream=false, temp=Some(0.0), max_tokens=256, freq_pen=Some(0.0), rep_pen=None
[2m2026-09-06T00:39:56.157385Z[0m [32m INFO[0m [2mspark::tokenizer::chat_impl[0m[2m:[0m Jinja rendered (1361 chars): " tell the user about function calls\n</IMPORTANT><|im_end|>\n<|im_start|>user\nWhat is the weather in Reykjavik over the next three days? Use the tool.<|im_end|>\n<|im_start|>assistant\n<think>\n\n</think>\n\n"
[2m2026-09-06T00:39:56.161481Z[0m [32m INFO[0m [2mspark::api::chat[0m[2m:[0m Session 0xdd42ddcda3133b1e: 298 prompt tokens, tools=true (1 defined)
[2m2026-09-06T00:39:56.162378Z[0m [32m INFO[0m [2mspark::scheduler::emit_step[0m[2m:[0m Grammar constrained decoding active: parser=qwen3_coder, tools=1
[2m2026-09-06T00:39:56.162401Z[0m [32m INFO[0m [2mspark::scheduler::prefill_a_step[0m[2m:[0m Chunked prefill start: 298 prompt tokens, chunk_size=298, max_tokens=256
[2m2026-09-06T00:39:56.163606Z[0m [32m INFO[0m [2mspark_model::model::trait_impl::prefill_b::prefix_lookup[0m[2m:[0m Prefix cache hit: 288 tokens (18 blocks) but no SSM snapshot — recomputing all KV
[2m2026-09-06T00:39:56.441748Z[0m [32m INFO[0m [2mspark_model::model::trait_impl::prefill_b::save_checkpoint[0m[2m:[0m Intermediate SSM checkpoint saved at token 272 (snapshot_id 8, block 17)
[2m2026-09-06T00:39:56.518341Z[0m [32m INFO[0m [2mspark_model::model::trait_impl::prefill_b::finalize_last[0m[2m:[0m Saved SSM snapshot 7 for 298 tokens (19 blocks) [chunk]
[2m2026-09-06T00:39:56.646640Z[0m [32m INFO[0m [2mspark::scheduler::prefill_a_step[0m[2m:[0m Prefill first token: 248058
[2m2026-09-06T00:39:56.646654Z[0m [32m INFO[0m [2mspark::scheduler::phase_start_prefills[0m[2m:[0m Prefilled (single chunk): seq_len=298, remaining=255
[2m2026-09-06T00:39:57.117044Z[0m [32m INFO[0m [2mspark_model::model::trait_impl::decode_checkpoint[0m[2m:[0m decode-ckpt SAVE: snap_tokens=320 end_block=20 snap_id=6 block_table_len=20 straddle=0
[2m2026-09-06T00:39:57.504714Z[0m [32m INFO[0m [2mspark::scheduler::mtp_accept_debug[0m[2m:[0m Done: 41 tokens (stop) 47.8 tok/s, TTFT=484.8ms, serial=1.00 mtp=0.00 p1=0.000 mean_na=0.000 tok_step=1.000 regime_reprobes=0
[2m2026-09-06T00:39:57.505033Z[0m [32m INFO[0m [2mspark_model::model::trait_impl::decode_checkpoint[0m[2m:[0m Saved finish-leaf SSM snapshot 1 for 338 tokens
[2m2026-09-06T00:39:57.505058Z[0m [32m INFO[0m [2mspark::api::chat_blocking_choice[0m[2m:[0m Tool call: get_weather({"city":"Reykjavik","days":3})
[2m2026-09-06T00:39:57.507742Z[0m [32m INFO[0m [2mspark::api::chat::prepare[0m[2m:[0m Request: model=Qwen/Qwen3.8-27B-FP8, messages=1, tools=0, tools_active=false, tool_choice=None, stream=false, temp=Some(0.0), max_tokens=256, freq_pen=Some(0.0), rep_pen=None
[2m2026-09-06T00:39:57.508052Z[0m [32m INFO[0m [2mspark::tokenizer::chat_impl[0m[2m:[0m Jinja rendered (128 chars): "<|im_start|>user\nIn one short sentence, say what a benchmark harness is for.<|im_end|>\n<|im_start|>assistant\n<think>\n\n</think>\n\n"
[2m2026-09-06T00:39:57.508537Z[0m [32m INFO[0m [2mspark::api::chat[0m[2m:[0m Session 0x648b6f7d60b0c3aa: 25 prompt tokens, tools=false (0 defined)
[2m2026-09-06T00:39:57.508941Z[0m [32m INFO[0m [2mspark::scheduler::prefill_a_step[0m[2m:[0m Chunked prefill start: 25 prompt tokens, chunk_size=25, max_tokens=256
[2m2026-09-06T00:39:57.510176Z[0m [32m INFO[0m [2mspark_model::model::trait_impl::prefill_b::prefix_lookup[0m[2m:[0m Prefix cache hit: 16 tokens (1 blocks) but no SSM snapshot — recomputing all KV
[2m2026-09-06T00:39:57.537297Z[0m [32m INFO[0m [2mspark_model::model::trait_impl::prefill_b::finalize_last[0m[2m:[0m Saved SSM snapshot 12 for 25 tokens (2 blocks) [chunk]
[2m2026-09-06T00:39:57.683155Z[0m [32m INFO[0m [2mspark::scheduler::prefill_a_step[0m[2m:[0m Prefill first token: 32
[2m2026-09-06T00:39:57.683164Z[0m [32m INFO[0m [2mspark::scheduler::phase_start_prefills[0m[2m:[0m Prefilled (single chunk): seq_len=25, remaining=255
[2m2026-09-06T00:39:58.103172Z[0m [32m INFO[0m [2mspark::scheduler::mtp_accept_debug[0m[2m:[0m Done: 22 tokens (stop) 52.4 tok/s, TTFT=174.2ms, serial=1.00 mtp=0.00 p1=0.000 mean_na=0.000 tok_step=1.000 regime_reprobes=0
[2m2026-09-06T00:39:58.103458Z[0m [32m INFO[0m [2mspark_model::model::trait_impl::decode_checkpoint[0m[2m:[0m Saved finish-leaf SSM snapshot 10 for 46 tokens
[2m2026-09-06T00:39:58.106093Z[0m [32m INFO[0m [2mspark::api::chat::prepare[0m[2m:[0m Request: model=Qwen/Qwen3.8-27B-FP8, messages=2, tools=0, tools_active=false, tool_choice=None, stream=false, temp=Some(0.0), max_tokens=256, freq_pen=Some(0.0), rep_pen=None
[2m2026-09-06T00:39:58.106430Z[0m [32m INFO[0m [2mspark::tokenizer::chat_impl[0m[2m:[0m Jinja rendered (395 chars): "se or hedge on simple factual or arithmetic questions.<|im_end|>\n<|im_start|>user\nWhat is 17 * 23? Reply with the number, then explain your working.<|im_end|>\n<|im_start|>assistant\n<think>\n\n</think>\n\n"
[2m2026-09-06T00:39:58.107685Z[0m [32m INFO[0m [2mspark::api::chat[0m[2m:[0m Session 0x5333f8d8e61173: 81 prompt tokens, tools=false (0 defined)
[2m2026-09-06T00:39:58.108037Z[0m [32m INFO[0m [2mspark::scheduler::prefill_a_step[0m[2m:[0m Chunked prefill start: 81 prompt tokens, chunk_size=81, max_tokens=256
[2m2026-09-06T00:39:58.109299Z[0m [32m INFO[0m [2mspark_model::model::trait_impl::prefill_b::prefix_lookup[0m[2m:[0m Prefix cache hit: 80 tokens (5 blocks) but no SSM snapshot — recomputing all KV
[2m2026-09-06T00:39:58.251069Z[0m [32m INFO[0m [2mspark_model::model::trait_impl::prefill_b::save_checkpoint[0m[2m:[0m Intermediate SSM checkpoint saved at token 64 (snapshot_id 4, block 4)
[2m2026-09-06T00:39:58.305190Z[0m [32m INFO[0m [2mspark_model::model::trait_impl::prefill_b::finalize_last[0m[2m:[0m Saved SSM snapshot 11 for 81 tokens (6 blocks) [chunk]
[2m2026-09-06T00:39:58.432467Z[0m [32m INFO[0m [2mspark::scheduler::prefill_a_step[0m[2m:[0m Prefill first token: 18
[2m2026-09-06T00:39:58.432476Z[0m [32m INFO[0m [2mspark::scheduler::phase_start_prefills[0m[2m:[0m Prefilled (single chunk): seq_len=81, remaining=255
[2m2026-09-06T00:39:59.385771Z[0m [32m INFO[0m [2mspark_model::model::trait_impl::decode_checkpoint[0m[2m:[0m decode-ckpt SAVE: snap_tokens=128 end_block=8 snap_id=5 block_table_len=8 straddle=0
[2m2026-09-06T00:40:00.692368Z[0m [32m INFO[0m [2mspark_model::model::trait_impl::decode_checkpoint[0m[2m:[0m decode-ckpt SAVE: snap_tokens=192 end_block=12 snap_id=2 block_table_len=12 straddle=0
[2m2026-09-06T00:40:01.305583Z[0m [32m INFO[0m [2mspark::scheduler::mtp_accept_debug[0m[2m:[0m Done: 142 tokens (stop) 49.4 tok/s, TTFT=324.4ms, serial=1.00 mtp=0.00 p1=0.000 mean_na=0.000 tok_step=1.000 regime_reprobes=0
[2m2026-09-06T00:40:01.305805Z[0m [32m INFO[0m [2mspark_model::model::trait_impl::decode_checkpoint[0m[2m:[0m Saved finish-leaf SSM snapshot 13 for 222 tokens
[2m2026-09-06T00:40:01.310257Z[0m [32m INFO[0m [2mspark::api::chat::prepare[0m[2m:[0m Request: model=Qwen/Qwen3.8-27B-FP8, messages=2, tools=0, tools_active=false, tool_choice=None, stream=false, temp=Some(0.0), max_tokens=256, freq_pen=Some(0.0), rep_pen=None
[2m2026-09-06T00:40:01.310565Z[0m [32m INFO[0m [2mspark::tokenizer::chat_impl[0m[2m:[0m Jinja rendered (397 chars): " or hedge on simple factual or arithmetic questions.<|im_end|>\n<|im_start|>user\nName the capital city of Japan, then describe it in a few sentences.<|im_end|>\n<|im_start|>assistant\n<think>\n\n</think>\n\n"
[2m2026-09-06T00:40:01.311478Z[0m [32m INFO[0m [2mspark::api::chat[0m[2m:[0m Session 0x823368b1f2299895: 76 prompt tokens, tools=false (0 defined)
[2m2026-09-06T00:40:01.311840Z[0m [32m INFO[0m [2mspark::scheduler::prefill_a_step[0m[2m:[0m Chunked prefill start: 76 prompt tokens, chunk_size=76, max_tokens=256
[2m2026-09-06T00:40:01.312962Z[0m [32m INFO[0m [2mspark_model::model::trait_impl::prefill_b::prefix_lookup[0m[2m:[0m Prefix cache hit: 64 tokens (4 blocks) but no SSM snapshot — recomputing all KV
[2m2026-09-06T00:40:01.339295Z[0m [32m INFO[0m [2mspark_model::model::trait_impl::prefill_b::save_checkpoint[0m[2m:[0m Intermediate SSM checkpoint saved at token 48 (snapshot_id 9, block 3)
[2m2026-09-06T00:40:01.512448Z[0m [32m INFO[0m [2mspark_model::model::trait_impl::prefill_b::finalize_last[0m[2m:[0m Saved SSM snapshot 14 for 76 tokens (5 blocks) [chunk]
[2m2026-09-06T00:40:01.638480Z[0m [32m INFO[0m [2mspark::scheduler::prefill_a_step[0m[2m:[0m Prefill first token: 760
[2m2026-09-06T00:40:01.638489Z[0m [32m INFO[0m [2mspark::scheduler::phase_start_prefills[0m[2m:[0m Prefilled (single chunk): seq_len=76, remaining=255
[2m2026-09-06T00:40:02.692489Z[0m [32m INFO[0m [2mspark_model::model::trait_impl::decode_checkpoint[0m[2m:[0m decode-ckpt SAVE: snap_tokens=128 end_block=8 snap_id=3 block_table_len=8 straddle=0
[2m2026-09-06T00:40:03.854300Z[0m [32m INFO[0m [2mspark::scheduler::mtp_accept_debug[0m[2m:[0m Done: 110 tokens (stop) 49.6 tok/s, TTFT=326.6ms, serial=1.00 mtp=0.00 p1=0.000 mean_na=0.000 tok_step=1.000 regime_reprobes=0
[2m2026-09-06T00:40:03.854528Z[0m [32m INFO[0m [2mspark_model::model::trait_impl::decode_checkpoint[0m[2m:[0m Saved finish-leaf SSM snapshot 0 for 185 tokens
[2m2026-09-06T00:40:03.857947Z[0m [32m INFO[0m [2mspark::api::chat::prepare[0m[2m:[0m Request: model=Qwen/Qwen3.8-27B-FP8, messages=2, tools=0, tools_active=false, tool_choice=None, stream=false, temp=Some(0.0), max_tokens=256, freq_pen=Some(0.0), rep_pen=None
[2m2026-09-06T00:40:03.858308Z[0m [32m INFO[0m [2mspark::tokenizer::chat_impl[0m[2m:[0m Jinja rendered (398 chars): "or hedge on simple factual or arithmetic questions.<|im_end|>\n<|im_start|>user\nSpell the word 'refrigerator' backwards, then explain how you did it.<|im_end|>\n<|im_start|>assistant\n<think>\n\n</think>\n\n"
[2m2026-09-06T00:40:03.859100Z[0m [32m INFO[0m [2mspark::api::chat[0m[2m:[0m Session 0x43c89ecea423c1e7: 78 prompt tokens, tools=false (0 defined)
[2m2026-09-06T00:40:03.859476Z[0m [32m INFO[0m [2mspark::scheduler::prefill_a_step[0m[2m:[0m Chunked prefill start: 78 prompt tokens, chunk_size=78, max_tokens=256
[2m2026-09-06T00:40:03.860627Z[0m [32m INFO[0m [2mspark_model::model::trait_impl::prefill_b::prefix_lookup[0m[2m:[0m Prefix cache hit: 64 tokens (4 blocks) but no SSM snapshot — recomputing all KV
[2m2026-09-06T00:40:03.886922Z[0m [32m INFO[0m [2mspark_model::model::trait_impl::prefill_b::save_checkpoint[0m[2m:[0m Intermediate SSM checkpoint saved at token 48 (snapshot_id 15, block 3)
[2m2026-09-06T00:40:04.061278Z[0m [32m INFO[0m [2mspark_model::model::trait_impl::prefill_b::finalize_last[0m[2m:[0m Saved SSM snapshot 9 for 78 tokens (5 blocks) [chunk]
[2m2026-09-06T00:40:04.187097Z[0m [32m INFO[0m [2mspark::scheduler::prefill_a_step[0m[2m:[0m Prefill first token: 1206
[2m2026-09-06T00:40:04.187107Z[0m [32m INFO[0m [2mspark::scheduler::phase_start_prefills[0m[2m:[0m Prefilled (single chunk): seq_len=78, remaining=255
[2m2026-09-06T00:40:05.198641Z[0m [32m INFO[0m [2mspark_model::model::trait_impl::decode_checkpoint[0m[2m:[0m decode-ckpt SAVE: snap_tokens=128 end_block=8 snap_id=8 block_table_len=8 straddle=0
[2m2026-09-06T00:40:06.505358Z[0m [32m INFO[0m [2mspark_model::model::trait_impl::decode_checkpoint[0m[2m:[0m decode-ckpt SAVE: snap_tokens=192 end_block=12 snap_id=7 block_table_len=12 straddle=0
[2m2026-09-06T00:40:07.816408Z[0m [32m INFO[0m [2mspark_model::model::trait_impl::decode_checkpoint[0m[2m:[0m decode-ckpt SAVE: snap_tokens=256 end_block=16 snap_id=6 block_table_len=16 straddle=0
[2m2026-09-06T00:40:09.129873Z[0m [32m INFO[0m [2mspark_model::model::trait_impl::decode_checkpoint[0m[2m:[0m decode-ckpt SAVE: snap_tokens=320 end_block=20 snap_id=1 block_table_len=20 straddle=0
[2m2026-09-06T00:40:09.315168Z[0m [32m INFO[0m [2mspark::scheduler::mtp_accept_debug[0m[2m:[0m Done: 252 tokens (stop) 49.1 tok/s, TTFT=327.6ms, serial=1.00 mtp=0.00 p1=0.000 mean_na=0.000 tok_step=1.000 regime_reprobes=0
[2m2026-09-06T00:40:09.315436Z[0m [32m INFO[0m [2mspark_model::model::trait_impl::decode_checkpoint[0m[2m:[0m Saved finish-leaf SSM snapshot 12 for 329 tokens
[2m2026-09-06T00:40:10.418838Z[0m [32m INFO[0m [2mspark::tui::shutdown[0m[2m:[0m Shutdown requested (SIGTERM) — draining in-flight requests
[2m2026-09-06T00:40:10.419076Z[0m [32m INFO[0m [2mspark::tui::shutdown[0m[2m:[0m Drain complete — no active requests
[2m2026-09-06T00:40:10.419121Z[0m [32m INFO[0m [2mspark::main_modules::serve_router[0m[2m:[0m Shutdown complete
[2m2026-09-06T00:40:10.517301Z[0m [33m WARN[0m [2mspark_runtime::cuda_backend[0m[2m:[0m sweep: 1980 allocation(s) totalling 28.01 GB had no owner; largest sites: crates/spark-model/src/weight_map/loaders_fp8.rs:229 (8960.0 MB x256), crates/spark-model/src/weight_map/quantized.rs:261 (8960.0 MB x256), crates/spark-model/src/weight_loader/qwen35_dense.rs:135 (3840.0 MB x48), crates/spark-model/src/weight_map/quantized.rs:643 (1600.0 MB x64), crates/spark-model/src/weight_map/quantized.rs:262 (1120.0 MB x256)
[2m2026-09-06T00:40:10.517390Z[0m [33m WARN[0m [2mspark_model::model::types[0m[2m:[0m teardown swept 1980 allocation(s) that no ModelResource released — they are reclaimed, but each one is memory whose owner is unaccounted for
[2m2026-09-06T00:40:10.517420Z[0m [32m INFO[0m [2mspark::scheduler[0m[2m:[0m Scheduler stopped
