[2m2026-09-05T22:36:28.801645Z[0m [32m INFO[0m [2mspark::main_modules::serve[0m[2m:[0m Atlas Spark starting...
[2m2026-09-05T22:36:28.801749Z[0m [32m INFO[0m [2mspark::main_modules::serve[0m[2m:[0m Licensed under AGPL-3.0-only — see /LICENSE in this container
[2m2026-09-05T22:36:28.801931Z[0m [32m INFO[0m [2mspark::main_modules::serve_flags[0m[2m:[0m kernel flags: ssm_h_dtype=f32 gdn_fused_norm=false ssm_batched_recurrent=false exact_verify=false ssm_tail_midchunk=true mtp_gate=auto ssm_rollback_mode=Snapshot prefill_varlen_batch=false
[2m2026-09-05T22:36:28.802022Z[0m [32m INFO[0m [2mspark::model_resolver[0m[2m:[0m Model path: /workspace/atlas-rental/hf/hub/models--Qwen--Qwen3.6-35B-A3B-FP8/snapshots/95a723d08a9490559dae23d0cff1d9466213d989 (local directory)
[2m2026-09-05T22:36:28.802038Z[0m [32m INFO[0m [2mspark::main_modules::serve_load[0m[2m:[0m Port: 8888
[2m2026-09-05T22:36:28.802045Z[0m [32m INFO[0m [2mspark::main_modules::serve_load[0m[2m:[0m SSM decode h-state dtype: f32 (full precision) (--ssm-h-dtype)
[2m2026-09-05T22:36:28.803105Z[0m [32m INFO[0m [2mspark::main_modules::serve[0m[2m:[0m Vision area bound 16777216 px from /workspace/atlas-rental/hf/hub/models--Qwen--Qwen3.6-35B-A3B-FP8/snapshots/95a723d08a9490559dae23d0cff1d9466213d989/preprocessor_config.json (was: hard-coded 1280px long side)
[2m2026-09-05T22:36:28.803147Z[0m [32m INFO[0m [2mspark::main_modules::serve_load[0m[2m:[0m Vision area bound: 16777216 px (checkpoint processor config / ATLAS_VISION_MAX_PIXELS)
[2m2026-09-05T22:36:28.803158Z[0m [32m INFO[0m [2mspark::main_modules::serve_load[0m[2m:[0m Remote image fetching disabled (default); image_url parts carrying an http(s) URL are refused with a 400. Send base64 data: URIs, or pass --vision-allow-remote-images.
[2m2026-09-05T22:36:28.803180Z[0m [32m INFO[0m [2mspark::main_modules::serve_load[0m[2m:[0m Video decoding disabled (default). Animated GIF decodes in-process; every other container needs ffmpeg — pass --video-allow-ffmpeg to enable it.
[2m2026-09-05T22:36:28.803189Z[0m [32m INFO[0m [2mspark::main_modules::serve_load[0m[2m:[0m Quantization config: method="fp8", algo="", format="", 0 module(s) in ignore list
[2m2026-09-05T22:36:28.803199Z[0m [32m INFO[0m [2mspark::main_modules::serve_load[0m[2m:[0m Model config: 40 layers, 10 attention, 30 SSM, 256 experts, rope_theta=10000000, head_dim=256, rotary_dim=64
[2m2026-09-05T22:36:28.803250Z[0m [32m INFO[0m [2mspark::main_modules::serve_load[0m[2m:[0m Selected kernel target: (sm_90, qwen3.6-35b-a3b, nvfp4) (173 modules) — quant compat: kernel=nvfp4 model=fp8 OK
[2m2026-09-05T22:36:28.803287Z[0m [32m INFO[0m [2mspark::main_modules::serve_phases::config[0m[2m:[0m num_drafts: using MODEL.toml default_num_drafts=1 (K=2) — pass --num-drafts to override
[2m2026-09-05T22:36:29.210994Z[0m [32m INFO[0m [2mspark_runtime::cuda_backend::arch_preflight[0m[2m:[0m device CC 9.0, kernels built for sm_90a
[2m2026-09-05T22:36:29.540642Z[0m [32m INFO[0m [2mspark_runtime::cuda_backend[0m[2m:[0m AtlasCudaBackend initialized on GPU 0 with 173 PTX modules
[2m2026-09-05T22:36:29.540791Z[0m [32m INFO[0m [2mspark::main_modules::serve_phases::preflight[0m[2m:[0m GPU 0: 79.2 GB total, 78.6 GB free
[2m2026-09-05T22:36:29.540817Z[0m [32m INFO[0m [2mspark::main_modules::serve_phases::preflight[0m[2m:[0m Preflight reserve: inference=20924 MB, buffer_arena=7803 MB (pre-load free: 78.6 GB)
[2m2026-09-05T22:36:29.540834Z[0m [32m INFO[0m [2mspark::main_modules::serve_load[0m[2m:[0m OOM watchdog started (threshold: 2 GB, interval: 2s)
[2m2026-09-05T22:36:29.540839Z[0m [32m INFO[0m [2mspark::main_modules::serve_load[0m[2m:[0m OOM guard reserve: 4096 MB
[2m2026-09-05T22:36:29.540900Z[0m [32m INFO[0m [2mspark::main_modules::serve_phases::weights[0m[2m:[0m Using fast weight loader (O_DIRECT + pipelined read/copy)
[2m2026-09-05T22:36:29.878544Z[0m [32m INFO[0m [2mspark_runtime::fast_weights[0m[2m:[0m Fast-load pre-flight: 34.88 GB on-disk, 1.1x overhead = 36.63 GB peak, 78.56 GB free, 4.0 GB reserve (FP8: true)
[2m2026-09-05T22:36:29.881757Z[0m [32m INFO[0m [2mspark_runtime::fast_weights[0m[2m:[0m Fast-loading shard 1/42: layers-0.safetensors (1558 tensors)
[2m2026-09-05T22:36:30.625654Z[0m [32m INFO[0m [2mspark_runtime::fast_weights[0m[2m:[0m   Shard 1/42 done — GPU memory: 0.79 GB used, 77.78 GB free
[2m2026-09-05T22:36:30.627916Z[0m [32m INFO[0m [2mspark_runtime::fast_weights[0m[2m:[0m Fast-loading shard 2/42: layers-1.safetensors (1558 tensors)
[2m2026-09-05T22:36:31.349332Z[0m [32m INFO[0m [2mspark_runtime::fast_weights[0m[2m:[0m   Shard 2/42 done — GPU memory: 1.57 GB used, 76.99 GB free
[2m2026-09-05T22:36:31.355601Z[0m [32m INFO[0m [2mspark_runtime::fast_weights[0m[2m:[0m Fast-loading shard 3/42: layers-10.safetensors (1558 tensors)
[2m2026-09-05T22:36:31.886092Z[0m [32m INFO[0m [2mspark_runtime::fast_weights[0m[2m:[0m   Shard 3/42 done — GPU memory: 2.36 GB used, 76.20 GB free
[2m2026-09-05T22:36:31.888761Z[0m [32m INFO[0m [2mspark_runtime::fast_weights[0m[2m:[0m Fast-loading shard 4/42: layers-11.safetensors (1556 tensors)
[2m2026-09-05T22:36:32.496435Z[0m [32m INFO[0m [2mspark_runtime::fast_weights[0m[2m:[0m   Shard 4/42 done — GPU memory: 3.14 GB used, 75.42 GB free
[2m2026-09-05T22:36:32.499067Z[0m [32m INFO[0m [2mspark_runtime::fast_weights[0m[2m:[0m Fast-loading shard 5/42: layers-12.safetensors (1558 tensors)
[2m2026-09-05T22:36:33.147906Z[0m [32m INFO[0m [2mspark_runtime::fast_weights[0m[2m:[0m   Shard 5/42 done — GPU memory: 3.92 GB used, 74.64 GB free
[2m2026-09-05T22:36:33.150628Z[0m [32m INFO[0m [2mspark_runtime::fast_weights[0m[2m:[0m Fast-loading shard 6/42: layers-13.safetensors (1558 tensors)
[2m2026-09-05T22:36:33.754392Z[0m [32m INFO[0m [2mspark_runtime::fast_weights[0m[2m:[0m   Shard 6/42 done — GPU memory: 4.71 GB used, 73.85 GB free
[2m2026-09-05T22:36:33.757018Z[0m [32m INFO[0m [2mspark_runtime::fast_weights[0m[2m:[0m Fast-loading shard 7/42: layers-14.safetensors (1558 tensors)
[2m2026-09-05T22:36:34.445468Z[0m [32m INFO[0m [2mspark_runtime::fast_weights[0m[2m:[0m   Shard 7/42 done — GPU memory: 5.50 GB used, 73.07 GB free
[2m2026-09-05T22:36:34.455893Z[0m [32m INFO[0m [2mspark_runtime::fast_weights[0m[2m:[0m Fast-loading shard 8/42: layers-15.safetensors (1556 tensors)
[2m2026-09-05T22:36:35.174633Z[0m [32m INFO[0m [2mspark_runtime::fast_weights[0m[2m:[0m   Shard 8/42 done — GPU memory: 6.28 GB used, 72.29 GB free
[2m2026-09-05T22:36:35.177282Z[0m [32m INFO[0m [2mspark_runtime::fast_weights[0m[2m:[0m Fast-loading shard 9/42: layers-16.safetensors (1558 tensors)
[2m2026-09-05T22:36:35.740223Z[0m [32m INFO[0m [2mspark_runtime::fast_weights[0m[2m:[0m   Shard 9/42 done — GPU memory: 7.06 GB used, 71.50 GB free
[2m2026-09-05T22:36:35.742846Z[0m [32m INFO[0m [2mspark_runtime::fast_weights[0m[2m:[0m Fast-loading shard 10/42: layers-17.safetensors (1558 tensors)
[2m2026-09-05T22:36:36.455904Z[0m [32m INFO[0m [2mspark_runtime::fast_weights[0m[2m:[0m   Shard 10/42 done — GPU memory: 7.85 GB used, 70.72 GB free
[2m2026-09-05T22:36:36.458554Z[0m [32m INFO[0m [2mspark_runtime::fast_weights[0m[2m:[0m Fast-loading shard 11/42: layers-18.safetensors (1558 tensors)
[2m2026-09-05T22:36:37.220126Z[0m [32m INFO[0m [2mspark_runtime::fast_weights[0m[2m:[0m   Shard 11/42 done — GPU memory: 8.63 GB used, 69.93 GB free
[2m2026-09-05T22:36:37.230554Z[0m [32m INFO[0m [2mspark_runtime::fast_weights[0m[2m:[0m Fast-loading shard 12/42: layers-19.safetensors (1556 tensors)
[2m2026-09-05T22:36:38.143792Z[0m [32m INFO[0m [2mspark_runtime::fast_weights[0m[2m:[0m   Shard 12/42 done — GPU memory: 9.41 GB used, 69.15 GB free
[2m2026-09-05T22:36:38.147180Z[0m [32m INFO[0m [2mspark_runtime::fast_weights[0m[2m:[0m Fast-loading shard 13/42: layers-2.safetensors (1558 tensors)
[2m2026-09-05T22:36:39.195971Z[0m [32m INFO[0m [2mspark_runtime::fast_weights[0m[2m:[0m   Shard 13/42 done — GPU memory: 10.20 GB used, 68.36 GB free
[2m2026-09-05T22:36:39.198626Z[0m [32m INFO[0m [2mspark_runtime::fast_weights[0m[2m:[0m Fast-loading shard 14/42: layers-20.safetensors (1558 tensors)
[2m2026-09-05T22:36:39.820755Z[0m [32m INFO[0m [2mspark_runtime::fast_weights[0m[2m:[0m   Shard 14/42 done — GPU memory: 10.98 GB used, 67.58 GB free
[2m2026-09-05T22:36:39.823421Z[0m [32m INFO[0m [2mspark_runtime::fast_weights[0m[2m:[0m Fast-loading shard 15/42: layers-21.safetensors (1558 tensors)
[2m2026-09-05T22:36:40.416280Z[0m [32m INFO[0m [2mspark_runtime::fast_weights[0m[2m:[0m   Shard 15/42 done — GPU memory: 11.77 GB used, 66.79 GB free
[2m2026-09-05T22:36:40.418969Z[0m [32m INFO[0m [2mspark_runtime::fast_weights[0m[2m:[0m Fast-loading shard 16/42: layers-22.safetensors (1558 tensors)
[2m2026-09-05T22:36:41.394535Z[0m [32m INFO[0m [2mspark_runtime::fast_weights[0m[2m:[0m   Shard 16/42 done — GPU memory: 12.56 GB used, 66.01 GB free
[2m2026-09-05T22:36:41.397245Z[0m [32m INFO[0m [2mspark_runtime::fast_weights[0m[2m:[0m Fast-loading shard 17/42: layers-23.safetensors (1556 tensors)
[2m2026-09-05T22:36:42.115029Z[0m [32m INFO[0m [2mspark_runtime::fast_weights[0m[2m:[0m   Shard 17/42 done — GPU memory: 13.34 GB used, 65.23 GB free
[2m2026-09-05T22:36:42.117688Z[0m [32m INFO[0m [2mspark_runtime::fast_weights[0m[2m:[0m Fast-loading shard 18/42: layers-24.safetensors (1558 tensors)
[2m2026-09-05T22:36:42.799454Z[0m [32m INFO[0m [2mspark_runtime::fast_weights[0m[2m:[0m   Shard 18/42 done — GPU memory: 14.12 GB used, 64.44 GB free
[2m2026-09-05T22:36:42.802114Z[0m [32m INFO[0m [2mspark_runtime::fast_weights[0m[2m:[0m Fast-loading shard 19/42: layers-25.safetensors (1558 tensors)
[2m2026-09-05T22:36:43.529367Z[0m [32m INFO[0m [2mspark_runtime::fast_weights[0m[2m:[0m   Shard 19/42 done — GPU memory: 14.91 GB used, 63.65 GB free
[2m2026-09-05T22:36:43.532026Z[0m [32m INFO[0m [2mspark_runtime::fast_weights[0m[2m:[0m Fast-loading shard 20/42: layers-26.safetensors (1558 tensors)
[2m2026-09-05T22:36:44.187397Z[0m [32m INFO[0m [2mspark_runtime::fast_weights[0m[2m:[0m   Shard 20/42 done — GPU memory: 15.69 GB used, 62.87 GB free
[2m2026-09-05T22:36:44.190063Z[0m [32m INFO[0m [2mspark_runtime::fast_weights[0m[2m:[0m Fast-loading shard 21/42: layers-27.safetensors (1556 tensors)
[2m2026-09-05T22:36:44.887084Z[0m [32m INFO[0m [2mspark_runtime::fast_weights[0m[2m:[0m   Shard 21/42 done — GPU memory: 16.47 GB used, 62.09 GB free
[2m2026-09-05T22:36:44.889784Z[0m [32m INFO[0m [2mspark_runtime::fast_weights[0m[2m:[0m Fast-loading shard 22/42: layers-28.safetensors (1558 tensors)
[2m2026-09-05T22:36:45.596445Z[0m [32m INFO[0m [2mspark_runtime::fast_weights[0m[2m:[0m   Shard 22/42 done — GPU memory: 17.26 GB used, 61.31 GB free
[2m2026-09-05T22:36:45.599111Z[0m [32m INFO[0m [2mspark_runtime::fast_weights[0m[2m:[0m Fast-loading shard 23/42: layers-29.safetensors (1558 tensors)
[2m2026-09-05T22:36:46.319371Z[0m [32m INFO[0m [2mspark_runtime::fast_weights[0m[2m:[0m   Shard 23/42 done — GPU memory: 18.04 GB used, 60.52 GB free
[2m2026-09-05T22:36:46.321691Z[0m [32m INFO[0m [2mspark_runtime::fast_weights[0m[2m:[0m Fast-loading shard 24/42: layers-3.safetensors (1556 tensors)
[2m2026-09-05T22:36:46.925980Z[0m [32m INFO[0m [2mspark_runtime::fast_weights[0m[2m:[0m   Shard 24/42 done — GPU memory: 18.82 GB used, 59.74 GB free
[2m2026-09-05T22:36:46.936658Z[0m [32m INFO[0m [2mspark_runtime::fast_weights[0m[2m:[0m Fast-loading shard 25/42: layers-30.safetensors (1558 tensors)
[2m2026-09-05T22:36:47.613744Z[0m [32m INFO[0m [2mspark_runtime::fast_weights[0m[2m:[0m   Shard 25/42 done — GPU memory: 19.61 GB used, 58.95 GB free
[2m2026-09-05T22:36:47.616429Z[0m [32m INFO[0m [2mspark_runtime::fast_weights[0m[2m:[0m Fast-loading shard 26/42: layers-31.safetensors (1556 tensors)
[2m2026-09-05T22:36:48.291926Z[0m [32m INFO[0m [2mspark_runtime::fast_weights[0m[2m:[0m   Shard 26/42 done — GPU memory: 20.39 GB used, 58.17 GB free
[2m2026-09-05T22:36:48.294655Z[0m [32m INFO[0m [2mspark_runtime::fast_weights[0m[2m:[0m Fast-loading shard 27/42: layers-32.safetensors (1558 tensors)
[2m2026-09-05T22:36:48.880571Z[0m [32m INFO[0m [2mspark_runtime::fast_weights[0m[2m:[0m   Shard 27/42 done — GPU memory: 21.18 GB used, 57.39 GB free
[2m2026-09-05T22:36:48.883284Z[0m [32m INFO[0m [2mspark_runtime::fast_weights[0m[2m:[0m Fast-loading shard 28/42: layers-33.safetensors (1558 tensors)
[2m2026-09-05T22:36:49.458889Z[0m [32m INFO[0m [2mspark_runtime::fast_weights[0m[2m:[0m   Shard 28/42 done — GPU memory: 21.96 GB used, 56.60 GB free
[2m2026-09-05T22:36:49.461579Z[0m [32m INFO[0m [2mspark_runtime::fast_weights[0m[2m:[0m Fast-loading shard 29/42: layers-34.safetensors (1558 tensors)
[2m2026-09-05T22:36:50.150285Z[0m [32m INFO[0m [2mspark_runtime::fast_weights[0m[2m:[0m   Shard 29/42 done — GPU memory: 22.75 GB used, 55.81 GB free
[2m2026-09-05T22:36:50.152963Z[0m [32m INFO[0m [2mspark_runtime::fast_weights[0m[2m:[0m Fast-loading shard 30/42: layers-35.safetensors (1556 tensors)
[2m2026-09-05T22:36:50.867475Z[0m [32m INFO[0m [2mspark_runtime::fast_weights[0m[2m:[0m   Shard 30/42 done — GPU memory: 23.53 GB used, 55.04 GB free
[2m2026-09-05T22:36:50.870290Z[0m [32m INFO[0m [2mspark_runtime::fast_weights[0m[2m:[0m Fast-loading shard 31/42: layers-36.safetensors (1558 tensors)
[2m2026-09-05T22:36:51.560802Z[0m [32m INFO[0m [2mspark_runtime::fast_weights[0m[2m:[0m   Shard 31/42 done — GPU memory: 24.31 GB used, 54.25 GB free
[2m2026-09-05T22:36:51.563525Z[0m [32m INFO[0m [2mspark_runtime::fast_weights[0m[2m:[0m Fast-loading shard 32/42: layers-37.safetensors (1558 tensors)
[2m2026-09-05T22:36:52.225003Z[0m [32m INFO[0m [2mspark_runtime::fast_weights[0m[2m:[0m   Shard 32/42 done — GPU memory: 25.10 GB used, 53.46 GB free
[2m2026-09-05T22:36:52.227656Z[0m [32m INFO[0m [2mspark_runtime::fast_weights[0m[2m:[0m Fast-loading shard 33/42: layers-38.safetensors (1558 tensors)
[2m2026-09-05T22:36:52.855994Z[0m [32m INFO[0m [2mspark_runtime::fast_weights[0m[2m:[0m   Shard 33/42 done — GPU memory: 25.88 GB used, 52.68 GB free
[2m2026-09-05T22:36:52.858689Z[0m [32m INFO[0m [2mspark_runtime::fast_weights[0m[2m:[0m Fast-loading shard 34/42: layers-39.safetensors (1556 tensors)
[2m2026-09-05T22:36:53.462448Z[0m [32m INFO[0m [2mspark_runtime::fast_weights[0m[2m:[0m   Shard 34/42 done — GPU memory: 26.66 GB used, 51.90 GB free
[2m2026-09-05T22:36:53.465967Z[0m [32m INFO[0m [2mspark_runtime::fast_weights[0m[2m:[0m Fast-loading shard 35/42: layers-4.safetensors (1558 tensors)
[2m2026-09-05T22:36:54.105020Z[0m [32m INFO[0m [2mspark_runtime::fast_weights[0m[2m:[0m   Shard 35/42 done — GPU memory: 27.45 GB used, 51.11 GB free
[2m2026-09-05T22:36:54.107307Z[0m [32m INFO[0m [2mspark_runtime::fast_weights[0m[2m:[0m Fast-loading shard 36/42: layers-5.safetensors (1558 tensors)
[2m2026-09-05T22:36:54.845562Z[0m [32m INFO[0m [2mspark_runtime::fast_weights[0m[2m:[0m   Shard 36/42 done — GPU memory: 28.24 GB used, 50.33 GB free
[2m2026-09-05T22:36:54.847843Z[0m [32m INFO[0m [2mspark_runtime::fast_weights[0m[2m:[0m Fast-loading shard 37/42: layers-6.safetensors (1558 tensors)
[2m2026-09-05T22:36:55.686237Z[0m [32m INFO[0m [2mspark_runtime::fast_weights[0m[2m:[0m   Shard 37/42 done — GPU memory: 29.02 GB used, 49.54 GB free
[2m2026-09-05T22:36:55.688459Z[0m [32m INFO[0m [2mspark_runtime::fast_weights[0m[2m:[0m Fast-loading shard 38/42: layers-7.safetensors (1556 tensors)
[2m2026-09-05T22:36:56.322646Z[0m [32m INFO[0m [2mspark_runtime::fast_weights[0m[2m:[0m   Shard 38/42 done — GPU memory: 29.80 GB used, 48.76 GB free
[2m2026-09-05T22:36:56.324862Z[0m [32m INFO[0m [2mspark_runtime::fast_weights[0m[2m:[0m Fast-loading shard 39/42: layers-8.safetensors (1558 tensors)
[2m2026-09-05T22:36:57.000796Z[0m [32m INFO[0m [2mspark_runtime::fast_weights[0m[2m:[0m   Shard 39/42 done — GPU memory: 30.59 GB used, 47.98 GB free
[2m2026-09-05T22:36:57.003036Z[0m [32m INFO[0m [2mspark_runtime::fast_weights[0m[2m:[0m Fast-loading shard 40/42: layers-9.safetensors (1558 tensors)
[2m2026-09-05T22:36:57.769706Z[0m [32m INFO[0m [2mspark_runtime::fast_weights[0m[2m:[0m   Shard 40/42 done — GPU memory: 31.37 GB used, 47.19 GB free
[2m2026-09-05T22:36:57.771039Z[0m [32m INFO[0m [2mspark_runtime::fast_weights[0m[2m:[0m Fast-loading shard 41/42: mtp.safetensors (1560 tensors)
[2m2026-09-05T22:36:58.445986Z[0m [32m INFO[0m [2mspark_runtime::fast_weights[0m[2m:[0m   Shard 41/42 done — GPU memory: 32.17 GB used, 46.39 GB free
[2m2026-09-05T22:36:58.451236Z[0m [32m INFO[0m [2mspark_runtime::fast_weights[0m[2m:[0m Fast-loading shard 42/42: outside.safetensors (336 tensors)
[2m2026-09-05T22:36:59.837940Z[0m [32m INFO[0m [2mspark_runtime::fast_weights[0m[2m:[0m   Shard 42/42 done — GPU memory: 34.98 GB used, 43.59 GB free
[2m2026-09-05T22:36:59.838099Z[0m [32m INFO[0m [2mspark_runtime::fast_weights[0m[2m:[0m Fast-loaded 64196 weight tensors
[2m2026-09-05T22:36:59.859792Z[0m [32m INFO[0m [2mspark::main_modules::serve_phases::weights[0m[2m:[0m Loaded 64196 weight tensors
[2m2026-09-05T22:36:59.859826Z[0m [32m INFO[0m [2mspark_runtime::weights::prefix_detect[0m[2m:[0m Weight prefix: model.language_model
[2m2026-09-05T22:36:59.948647Z[0m [32m INFO[0m [2mspark_model::preflight[0m[2m:[0m Pre-flight checks passed
[2m2026-09-05T22:36:59.948668Z[0m [32m INFO[0m [2mspark_model::quant_format[0m[2m:[0m QuantFormat: fp8 (block-scaled), 0 ignored module(s)
[2m2026-09-05T22:36:59.948675Z[0m [32m INFO[0m [2mspark::main_modules::serve_load[0m[2m:[0m Quantization format: fp8-blockscaled (base variant Fp8Dequanted), ignored globs = 0
[2m2026-09-05T22:37:00.053521Z[0m [32m INFO[0m [2mspark_runtime::cublaslt[0m[2m:[0m cuBLASLt pre-warmed (handle + workspace + kernel images)
[2m2026-09-05T22:37:00.054360Z[0m [32m INFO[0m [2mspark::main_modules::serve_phases::preflight[0m[2m:[0m GDN chunked prefill reserve: 1032 MB (chunk_size=32768, max_seq_len=65536)
[2m2026-09-05T22:37:00.054374Z[0m [32m INFO[0m [2mspark::main_modules::serve_phases::preflight[0m[2m:[0m Weights: 34.88 GB, estimated free: 43.7 GB, actual free: 43.5 GB (reserve: 20924 MB)
[2m2026-09-05T22:37:00.054382Z[0m [32m INFO[0m [2mspark::main_modules::serve_phases::kv_cache[0m[2m:[0m Prefill config: ssm_prefill_chunk=32768, args.max_prefill_tokens=32768, prefill_budget=32768, max_batch_tokens=32800
[2m2026-09-05T22:37:00.054389Z[0m [32m INFO[0m [2mspark::main_modules::serve_phases::build[0m[2m:[0m Prefix caching: ENABLED (radix tree)
[2m2026-09-05T22:37:00.454579Z[0m [32m INFO[0m [2mspark::main_modules::serve_phases::config[0m[2m:[0m Capping vocab_size from 248320 to 248070 (tokenizer)
[2m2026-09-05T22:37:00.488460Z[0m [32m INFO[0m [2mspark::main_modules::serve_phases::kv_cache[0m[2m:[0m FP8 KV cache with online calibration (checkpoint ships no k/v scales): freezing per-tensor scales on the first observed tokens.
[2m2026-09-05T22:37:00.488486Z[0m [32m INFO[0m [2mspark::main_modules::kv_dtypes[0m[2m:[0m Selective boundary KV cache: 4/10 attention layers at bf16, rest at fp8
[2m2026-09-05T22:37:00.488903Z[0m [32m INFO[0m [2mspark_model::weight_loader::qwen35::load_layers[0m[2m:[0m Weight format: Fp8BlockScaled, NVFP4 variant: Fp8Dequanted, quant_format: Fp8
[2m2026-09-05T22:37:00.488943Z[0m [32m INFO[0m [2mspark_model::weight_loader::qwen35::load_layers[0m[2m:[0m FP8: skipping NVFP4 routed experts (FP8 fused MoE batch1/2/3 handles all dispatch)
[2m2026-09-05T22:37:00.489358Z[0m [32m INFO[0m [2mspark_model::weight_map::loaders_fp8[0m[2m:[0m quantize_to_nvfp4: n=512 k=2048 total=1048576 global_max=0.204102 scale2=0.00007593 grid1=1024
[2m2026-09-05T22:37:00.489900Z[0m [32m INFO[0m [2mspark_model::weight_map::loaders_fp8[0m[2m:[0m quantize_to_nvfp4: n=512 k=2048 total=1048576 global_max=0.135742 scale2=0.00005050 grid1=1024
[2m2026-09-05T22:37:00.490301Z[0m [32m INFO[0m [2mspark_model::weight_map::loaders_fp8[0m[2m:[0m quantize_to_nvfp4: n=2048 k=512 total=1048576 global_max=0.312500 scale2=0.00011626 grid1=1024
[2m2026-09-05T22:37:00.494106Z[0m [32m INFO[0m [2mspark_model::model::drafter_context[0m[2m:[0m MTP drafter context: prefill=ON carry=ON (default). Disable both with ATLAS_NO_MTP_DRAFTER_CONTEXT=1.
[2m2026-09-05T22:37:00.494127Z[0m [32m INFO[0m [2mspark_model::model::drafter_context[0m[2m:[0m MTP drafter context: prefill=ON carry=ON (default). Disable both with ATLAS_NO_MTP_DRAFTER_CONTEXT=1.
[2m2026-09-05T22:37:00.505937Z[0m [32m INFO[0m [2mspark_model::weight_loader::qwen35::load_layers[0m[2m:[0m Layer 0: MoE experts loaded as native FP8
[2m2026-09-05T22:37:00.505952Z[0m [32m INFO[0m [2mspark_model::weight_loader::qwen35::load_layers::linear_attn_arms[0m[2m:[0m Layer 0: loading SSM FP8 native (block-scaled decode + prefill)
[2m2026-09-05T22:37:00.506270Z[0m [32m INFO[0m [2mspark_model::weight_loader::qwen35::load_layers::linear_attn_arms[0m[2m:[0m Layer 0: SSM QKVZ FP8 [12288,2048] block-scaled, out_proj FP8 [2048,4096] block-scaled
[2m2026-09-05T22:37:00.506455Z[0m [32m INFO[0m [2mspark_model::weight_map::model_a[0m[2m:[0m dense_keep_f32: promoting model.language_model.layers.0.linear_attn.A_log from BF16 to FP32 ([32])
[2m2026-09-05T22:37:00.506496Z[0m [32m INFO[0m [2mspark_model::weight_map::model_a[0m[2m:[0m dense_keep_f32: promoting model.language_model.layers.0.linear_attn.dt_bias from BF16 to FP32 ([32])
[2m2026-09-05T22:37:00.509017Z[0m [32m INFO[0m [2mspark_model::layers::qwen3_ssm::init[0m[2m:[0m GDN state spine: gated_delta_rule_chunk_delta_h_vfused
[2m2026-09-05T22:37:00.515052Z[0m [32m INFO[0m [2mspark_model::weight_loader::qwen35::load_layers::linear_attn_arms[0m[2m:[0m Layer 0: SSM native FP8 — w8a16 decode + prefill
[2m2026-09-05T22:37:00.515121Z[0m [32m INFO[0m [2mspark_model::weight_loader::qwen35::load_layers[0m[2m:[0m Loaded layers 0..1 — 43.5 GB free
[2m2026-09-05T22:37:00.515130Z[0m [32m INFO[0m [2mspark_model::weight_loader::qwen35::load_layers[0m[2m:[0m FP8: skipping NVFP4 routed experts (FP8 fused MoE batch1/2/3 handles all dispatch)
[2m2026-09-05T22:37:00.515372Z[0m [32m INFO[0m [2mspark_model::weight_map::loaders_fp8[0m[2m:[0m quantize_to_nvfp4: n=512 k=2048 total=1048576 global_max=0.164062 scale2=0.00006104 grid1=1024
[2m2026-09-05T22:37:00.515709Z[0m [32m INFO[0m [2mspark_model::weight_map::loaders_fp8[0m[2m:[0m quantize_to_nvfp4: n=512 k=2048 total=1048576 global_max=0.179688 scale2=0.00006685 grid1=1024
[2m2026-09-05T22:37:00.528175Z[0m [32m INFO[0m [2mspark_model::weight_loader::qwen35::load_layers[0m[2m:[0m Layer 1: MoE experts loaded as native FP8
[2m2026-09-05T22:37:00.528195Z[0m [32m INFO[0m [2mspark_model::weight_loader::qwen35::load_layers::linear_attn_arms[0m[2m:[0m Layer 1: loading SSM FP8 native (block-scaled decode + prefill)
[2m2026-09-05T22:37:00.528469Z[0m [32m INFO[0m [2mspark_model::weight_loader::qwen35::load_layers::linear_attn_arms[0m[2m:[0m Layer 1: SSM QKVZ FP8 [12288,2048] block-scaled, out_proj FP8 [2048,4096] block-scaled
[2m2026-09-05T22:37:00.528645Z[0m [32m INFO[0m [2mspark_model::weight_map::model_a[0m[2m:[0m dense_keep_f32: promoting model.language_model.layers.1.linear_attn.A_log from BF16 to FP32 ([32])
[2m2026-09-05T22:37:00.528681Z[0m [32m INFO[0m [2mspark_model::weight_map::model_a[0m[2m:[0m dense_keep_f32: promoting model.language_model.layers.1.linear_attn.dt_bias from BF16 to FP32 ([32])
[2m2026-09-05T22:37:00.528778Z[0m [32m INFO[0m [2mspark_model::layers::qwen3_ssm::init[0m[2m:[0m GDN state spine: gated_delta_rule_chunk_delta_h_vfused
[2m2026-09-05T22:37:00.528835Z[0m [32m INFO[0m [2mspark_model::weight_loader::qwen35::load_layers::linear_attn_arms[0m[2m:[0m Layer 1: SSM native FP8 — w8a16 decode + prefill
[2m2026-09-05T22:37:00.528901Z[0m [32m INFO[0m [2mspark_model::weight_loader::qwen35::load_layers[0m[2m:[0m Loaded layers 0..2 — 43.5 GB free
[2m2026-09-05T22:37:00.528907Z[0m [32m INFO[0m [2mspark_model::weight_loader::qwen35::load_layers[0m[2m:[0m FP8: skipping NVFP4 routed experts (FP8 fused MoE batch1/2/3 handles all dispatch)
[2m2026-09-05T22:37:00.541660Z[0m [32m INFO[0m [2mspark_model::weight_loader::qwen35::load_layers[0m[2m:[0m Layer 2: MoE experts loaded as native FP8
[2m2026-09-05T22:37:00.541679Z[0m [32m INFO[0m [2mspark_model::weight_loader::qwen35::load_layers::linear_attn_arms[0m[2m:[0m Layer 2: loading SSM FP8 native (block-scaled decode + prefill)
[2m2026-09-05T22:37:00.541953Z[0m [32m INFO[0m [2mspark_model::weight_loader::qwen35::load_layers::linear_attn_arms[0m[2m:[0m Layer 2: SSM QKVZ FP8 [12288,2048] block-scaled, out_proj FP8 [2048,4096] block-scaled
[2m2026-09-05T22:37:00.542114Z[0m [32m INFO[0m [2mspark_model::weight_map::model_a[0m[2m:[0m dense_keep_f32: promoting model.language_model.layers.2.linear_attn.A_log from BF16 to FP32 ([32])
[2m2026-09-05T22:37:00.542153Z[0m [32m INFO[0m [2mspark_model::weight_map::model_a[0m[2m:[0m dense_keep_f32: promoting model.language_model.layers.2.linear_attn.dt_bias from BF16 to FP32 ([32])
[2m2026-09-05T22:37:00.542245Z[0m [32m INFO[0m [2mspark_model::layers::qwen3_ssm::init[0m[2m:[0m GDN state spine: gated_delta_rule_chunk_delta_h_vfused
[2m2026-09-05T22:37:00.542293Z[0m [32m INFO[0m [2mspark_model::weight_loader::qwen35::load_layers::linear_attn_arms[0m[2m:[0m Layer 2: SSM native FP8 — w8a16 decode + prefill
[2m2026-09-05T22:37:00.542351Z[0m [32m INFO[0m [2mspark_model::weight_loader::qwen35::load_layers[0m[2m:[0m Loaded layers 0..3 — 43.4 GB free
[2m2026-09-05T22:37:00.542358Z[0m [32m INFO[0m [2mspark_model::weight_loader::qwen35::load_layers[0m[2m:[0m FP8: skipping NVFP4 routed experts (FP8 fused MoE batch1/2/3 handles all dispatch)
[2m2026-09-05T22:37:00.555117Z[0m [32m INFO[0m [2mspark_model::weight_loader::qwen35::load_layers[0m[2m:[0m Layer 3: MoE experts loaded as native FP8
[2m2026-09-05T22:37:00.555140Z[0m [32m INFO[0m [2mspark_model::weight_loader::qwen35::load_layers[0m[2m:[0m Layer 3: loading attention FP8 native (zero-copy)
[2m2026-09-05T22:37:00.555269Z[0m [32m INFO[0m [2mspark_model::weight_loader::qwen35::load_layers[0m[2m:[0m Layer 3: FP8 Q/K/V/O loaded, 43.4 GB free
[2m2026-09-05T22:37:00.559611Z[0m [32m INFO[0m [2mspark_model::weight_loader::qwen35::load_layers[0m[2m:[0m Layer 3: FP8 weights transposed for fast prefill
[2m2026-09-05T22:37:00.559669Z[0m [32m INFO[0m [2mspark_model::weight_loader::qwen35::load_layers[0m[2m:[0m Loaded layers 0..4 — 43.4 GB free
[2m2026-09-05T22:37:00.559678Z[0m [32m INFO[0m [2mspark_model::weight_loader::qwen35::load_layers[0m[2m:[0m FP8: skipping NVFP4 routed experts (FP8 fused MoE batch1/2/3 handles all dispatch)
[2m2026-09-05T22:37:00.572469Z[0m [32m INFO[0m [2mspark_model::weight_loader::qwen35::load_layers[0m[2m:[0m Layer 4: MoE experts loaded as native FP8
[2m2026-09-05T22:37:00.572489Z[0m [32m INFO[0m [2mspark_model::weight_loader::qwen35::load_layers::linear_attn_arms[0m[2m:[0m Layer 4: loading SSM FP8 native (block-scaled decode + prefill)
[2m2026-09-05T22:37:00.572761Z[0m [32m INFO[0m [2mspark_model::weight_loader::qwen35::load_layers::linear_attn_arms[0m[2m:[0m Layer 4: SSM QKVZ FP8 [12288,2048] block-scaled, out_proj FP8 [2048,4096] block-scaled
[2m2026-09-05T22:37:00.573053Z[0m [32m INFO[0m [2mspark_model::weight_map::model_a[0m[2m:[0m dense_keep_f32: promoting model.language_model.layers.4.linear_attn.A_log from BF16 to FP32 ([32])
[2m2026-09-05T22:37:00.573090Z[0m [32m INFO[0m [2mspark_model::weight_map::model_a[0m[2m:[0m dense_keep_f32: promoting model.language_model.layers.4.linear_attn.dt_bias from BF16 to FP32 ([32])
[2m2026-09-05T22:37:00.573192Z[0m [32m INFO[0m [2mspark_model::layers::qwen3_ssm::init[0m[2m:[0m GDN state spine: gated_delta_rule_chunk_delta_h_vfused
[2m2026-09-05T22:37:00.573240Z[0m [32m INFO[0m [2mspark_model::weight_loader::qwen35::load_layers::linear_attn_arms[0m[2m:[0m Layer 4: SSM native FP8 — w8a16 decode + prefill
[2m2026-09-05T22:37:00.573295Z[0m [32m INFO[0m [2mspark_model::weight_loader::qwen35::load_layers[0m[2m:[0m Loaded layers 0..5 — 43.4 GB free
[2m2026-09-05T22:37:00.573303Z[0m [32m INFO[0m [2mspark_model::weight_loader::qwen35::load_layers[0m[2m:[0m FP8: skipping NVFP4 routed experts (FP8 fused MoE batch1/2/3 handles all dispatch)
[2m2026-09-05T22:37:00.586000Z[0m [32m INFO[0m [2mspark_model::weight_loader::qwen35::load_layers[0m[2m:[0m Layer 5: MoE experts loaded as native FP8
[2m2026-09-05T22:37:00.586018Z[0m [32m INFO[0m [2mspark_model::weight_loader::qwen35::load_layers::linear_attn_arms[0m[2m:[0m Layer 5: loading SSM FP8 native (block-scaled decode + prefill)
[2m2026-09-05T22:37:00.586288Z[0m [32m INFO[0m [2mspark_model::weight_loader::qwen35::load_layers::linear_attn_arms[0m[2m:[0m Layer 5: SSM QKVZ FP8 [12288,2048] block-scaled, out_proj FP8 [2048,4096] block-scaled
[2m2026-09-05T22:37:00.586454Z[0m [32m INFO[0m [2mspark_model::weight_map::model_a[0m[2m:[0m dense_keep_f32: promoting model.language_model.layers.5.linear_attn.A_log from BF16 to FP32 ([32])
[2m2026-09-05T22:37:00.586487Z[0m [32m INFO[0m [2mspark_model::weight_map::model_a[0m[2m:[0m dense_keep_f32: promoting model.language_model.layers.5.linear_attn.dt_bias from BF16 to FP32 ([32])
[2m2026-09-05T22:37:00.586571Z[0m [32m INFO[0m [2mspark_model::layers::qwen3_ssm::init[0m[2m:[0m GDN state spine: gated_delta_rule_chunk_delta_h_vfused
[2m2026-09-05T22:37:00.586613Z[0m [32m INFO[0m [2mspark_model::weight_loader::qwen35::load_layers::linear_attn_arms[0m[2m:[0m Layer 5: SSM native FP8 — w8a16 decode + prefill
[2m2026-09-05T22:37:00.586620Z[0m [32m INFO[0m [2mspark_model::weight_loader::qwen35::load_layers[0m[2m:[0m FP8: skipping NVFP4 routed experts (FP8 fused MoE batch1/2/3 handles all dispatch)
[2m2026-09-05T22:37:00.599280Z[0m [32m INFO[0m [2mspark_model::weight_loader::qwen35::load_layers[0m[2m:[0m Layer 6: MoE experts loaded as native FP8
[2m2026-09-05T22:37:00.599298Z[0m [32m INFO[0m [2mspark_model::weight_loader::qwen35::load_layers::linear_attn_arms[0m[2m:[0m Layer 6: loading SSM FP8 native (block-scaled decode + prefill)
[2m2026-09-05T22:37:00.599567Z[0m [32m INFO[0m [2mspark_model::weight_loader::qwen35::load_layers::linear_attn_arms[0m[2m:[0m Layer 6: SSM QKVZ FP8 [12288,2048] block-scaled, out_proj FP8 [2048,4096] block-scaled
[2m2026-09-05T22:37:00.599738Z[0m [32m INFO[0m [2mspark_model::weight_map::model_a[0m[2m:[0m dense_keep_f32: promoting model.language_model.layers.6.linear_attn.A_log from BF16 to FP32 ([32])
[2m2026-09-05T22:37:00.599771Z[0m [32m INFO[0m [2mspark_model::weight_map::model_a[0m[2m:[0m dense_keep_f32: promoting model.language_model.layers.6.linear_attn.dt_bias from BF16 to FP32 ([32])
[2m2026-09-05T22:37:00.599855Z[0m [32m INFO[0m [2mspark_model::layers::qwen3_ssm::init[0m[2m:[0m GDN state spine: gated_delta_rule_chunk_delta_h_vfused
[2m2026-09-05T22:37:00.599896Z[0m [32m INFO[0m [2mspark_model::weight_loader::qwen35::load_layers::linear_attn_arms[0m[2m:[0m Layer 6: SSM native FP8 — w8a16 decode + prefill
[2m2026-09-05T22:37:00.599902Z[0m [32m INFO[0m [2mspark_model::weight_loader::qwen35::load_layers[0m[2m:[0m FP8: skipping NVFP4 routed experts (FP8 fused MoE batch1/2/3 handles all dispatch)
[2m2026-09-05T22:37:00.612575Z[0m [32m INFO[0m [2mspark_model::weight_loader::qwen35::load_layers[0m[2m:[0m Layer 7: MoE experts loaded as native FP8
[2m2026-09-05T22:37:00.612592Z[0m [32m INFO[0m [2mspark_model::weight_loader::qwen35::load_layers[0m[2m:[0m Layer 7: loading attention FP8 native (zero-copy)
[2m2026-09-05T22:37:00.612716Z[0m [32m INFO[0m [2mspark_model::weight_loader::qwen35::load_layers[0m[2m:[0m Layer 7: FP8 Q/K/V/O loaded, 43.3 GB free
[2m2026-09-05T22:37:00.613750Z[0m [32m INFO[0m [2mspark_model::weight_loader::qwen35::load_layers[0m[2m:[0m Layer 7: FP8 weights transposed for fast prefill
[2m2026-09-05T22:37:00.613762Z[0m [32m INFO[0m [2mspark_model::weight_loader::qwen35::load_layers[0m[2m:[0m FP8: skipping NVFP4 routed experts (FP8 fused MoE batch1/2/3 handles all dispatch)
[2m2026-09-05T22:37:00.626479Z[0m [32m INFO[0m [2mspark_model::weight_loader::qwen35::load_layers[0m[2m:[0m Layer 8: MoE experts loaded as native FP8
[2m2026-09-05T22:37:00.626497Z[0m [32m INFO[0m [2mspark_model::weight_loader::qwen35::load_layers::linear_attn_arms[0m[2m:[0m Layer 8: loading SSM FP8 native (block-scaled decode + prefill)
[2m2026-09-05T22:37:00.626767Z[0m [32m INFO[0m [2mspark_model::weight_loader::qwen35::load_layers::linear_attn_arms[0m[2m:[0m Layer 8: SSM QKVZ FP8 [12288,2048] block-scaled, out_proj FP8 [2048,4096] block-scaled
[2m2026-09-05T22:37:00.626939Z[0m [32m INFO[0m [2mspark_model::weight_map::model_a[0m[2m:[0m dense_keep_f32: promoting model.language_model.layers.8.linear_attn.A_log from BF16 to FP32 ([32])
[2m2026-09-05T22:37:00.626973Z[0m [32m INFO[0m [2mspark_model::weight_map::model_a[0m[2m:[0m dense_keep_f32: promoting model.language_model.layers.8.linear_attn.dt_bias from BF16 to FP32 ([32])
[2m2026-09-05T22:37:00.627056Z[0m [32m INFO[0m [2mspark_model::layers::qwen3_ssm::init[0m[2m:[0m GDN state spine: gated_delta_rule_chunk_delta_h_vfused
[2m2026-09-05T22:37:00.627097Z[0m [32m INFO[0m [2mspark_model::weight_loader::qwen35::load_layers::linear_attn_arms[0m[2m:[0m Layer 8: SSM native FP8 — w8a16 decode + prefill
[2m2026-09-05T22:37:00.627103Z[0m [32m INFO[0m [2mspark_model::weight_loader::qwen35::load_layers[0m[2m:[0m FP8: skipping NVFP4 routed experts (FP8 fused MoE batch1/2/3 handles all dispatch)
[2m2026-09-05T22:37:00.639780Z[0m [32m INFO[0m [2mspark_model::weight_loader::qwen35::load_layers[0m[2m:[0m Layer 9: MoE experts loaded as native FP8
[2m2026-09-05T22:37:00.639798Z[0m [32m INFO[0m [2mspark_model::weight_loader::qwen35::load_layers::linear_attn_arms[0m[2m:[0m Layer 9: loading SSM FP8 native (block-scaled decode + prefill)
[2m2026-09-05T22:37:00.640068Z[0m [32m INFO[0m [2mspark_model::weight_loader::qwen35::load_layers::linear_attn_arms[0m[2m:[0m Layer 9: SSM QKVZ FP8 [12288,2048] block-scaled, out_proj FP8 [2048,4096] block-scaled
[2m2026-09-05T22:37:00.640354Z[0m [32m INFO[0m [2mspark_model::weight_map::model_a[0m[2m:[0m dense_keep_f32: promoting model.language_model.layers.9.linear_attn.A_log from BF16 to FP32 ([32])
[2m2026-09-05T22:37:00.640394Z[0m [32m INFO[0m [2mspark_model::weight_map::model_a[0m[2m:[0m dense_keep_f32: promoting model.language_model.layers.9.linear_attn.dt_bias from BF16 to FP32 ([32])
[2m2026-09-05T22:37:00.640477Z[0m [32m INFO[0m [2mspark_model::layers::qwen3_ssm::init[0m[2m:[0m GDN state spine: gated_delta_rule_chunk_delta_h_vfused
[2m2026-09-05T22:37:00.640519Z[0m [32m INFO[0m [2mspark_model::weight_loader::qwen35::load_layers::linear_attn_arms[0m[2m:[0m Layer 9: SSM native FP8 — w8a16 decode + prefill
[2m2026-09-05T22:37:00.640572Z[0m [32m INFO[0m [2mspark_model::weight_loader::qwen35::load_layers[0m[2m:[0m Loaded layers 0..10 — 43.2 GB free
[2m2026-09-05T22:37:00.640579Z[0m [32m INFO[0m [2mspark_model::weight_loader::qwen35::load_layers[0m[2m:[0m FP8: skipping NVFP4 routed experts (FP8 fused MoE batch1/2/3 handles all dispatch)
[2m2026-09-05T22:37:00.653347Z[0m [32m INFO[0m [2mspark_model::weight_loader::qwen35::load_layers[0m[2m:[0m Layer 10: MoE experts loaded as native FP8
[2m2026-09-05T22:37:00.653366Z[0m [32m INFO[0m [2mspark_model::weight_loader::qwen35::load_layers::linear_attn_arms[0m[2m:[0m Layer 10: loading SSM FP8 native (block-scaled decode + prefill)
[2m2026-09-05T22:37:00.653681Z[0m [32m INFO[0m [2mspark_model::weight_loader::qwen35::load_layers::linear_attn_arms[0m[2m:[0m Layer 10: SSM QKVZ FP8 [12288,2048] block-scaled, out_proj FP8 [2048,4096] block-scaled
[2m2026-09-05T22:37:00.653861Z[0m [32m INFO[0m [2mspark_model::weight_map::model_a[0m[2m:[0m dense_keep_f32: promoting model.language_model.layers.10.linear_attn.A_log from BF16 to FP32 ([32])
[2m2026-09-05T22:37:00.653895Z[0m [32m INFO[0m [2mspark_model::weight_map::model_a[0m[2m:[0m dense_keep_f32: promoting model.language_model.layers.10.linear_attn.dt_bias from BF16 to FP32 ([32])
[2m2026-09-05T22:37:00.653979Z[0m [32m INFO[0m [2mspark_model::layers::qwen3_ssm::init[0m[2m:[0m GDN state spine: gated_delta_rule_chunk_delta_h_vfused
[2m2026-09-05T22:37:00.654020Z[0m [32m INFO[0m [2mspark_model::weight_loader::qwen35::load_layers::linear_attn_arms[0m[2m:[0m Layer 10: SSM native FP8 — w8a16 decode + prefill
[2m2026-09-05T22:37:00.654027Z[0m [32m INFO[0m [2mspark_model::weight_loader::qwen35::load_layers[0m[2m:[0m FP8: skipping NVFP4 routed experts (FP8 fused MoE batch1/2/3 handles all dispatch)
[2m2026-09-05T22:37:00.666740Z[0m [32m INFO[0m [2mspark_model::weight_loader::qwen35::load_layers[0m[2m:[0m Layer 11: MoE experts loaded as native FP8
[2m2026-09-05T22:37:00.666759Z[0m [32m INFO[0m [2mspark_model::weight_loader::qwen35::load_layers[0m[2m:[0m Layer 11: loading attention FP8 native (zero-copy)
[2m2026-09-05T22:37:00.666882Z[0m [32m INFO[0m [2mspark_model::weight_loader::qwen35::load_layers[0m[2m:[0m Layer 11: FP8 Q/K/V/O loaded, 43.2 GB free
[2m2026-09-05T22:37:00.667940Z[0m [32m INFO[0m [2mspark_model::weight_loader::qwen35::load_layers[0m[2m:[0m Layer 11: FP8 weights transposed for fast prefill
[2m2026-09-05T22:37:00.667953Z[0m [32m INFO[0m [2mspark_model::weight_loader::qwen35::load_layers[0m[2m:[0m FP8: skipping NVFP4 routed experts (FP8 fused MoE batch1/2/3 handles all dispatch)
[2m2026-09-05T22:37:00.680681Z[0m [32m INFO[0m [2mspark_model::weight_loader::qwen35::load_layers[0m[2m:[0m Layer 12: MoE experts loaded as native FP8
[2m2026-09-05T22:37:00.680698Z[0m [32m INFO[0m [2mspark_model::weight_loader::qwen35::load_layers::linear_attn_arms[0m[2m:[0m Layer 12: loading SSM FP8 native (block-scaled decode + prefill)
[2m2026-09-05T22:37:00.680977Z[0m [32m INFO[0m [2mspark_model::weight_loader::qwen35::load_layers::linear_attn_arms[0m[2m:[0m Layer 12: SSM QKVZ FP8 [12288,2048] block-scaled, out_proj FP8 [2048,4096] block-scaled
[2m2026-09-05T22:37:00.681148Z[0m [32m INFO[0m [2mspark_model::weight_map::model_a[0m[2m:[0m dense_keep_f32: promoting model.language_model.layers.12.linear_attn.A_log from BF16 to FP32 ([32])
[2m2026-09-05T22:37:00.681185Z[0m [32m INFO[0m [2mspark_model::weight_map::model_a[0m[2m:[0m dense_keep_f32: promoting model.language_model.layers.12.linear_attn.dt_bias from BF16 to FP32 ([32])
[2m2026-09-05T22:37:00.681267Z[0m [32m INFO[0m [2mspark_model::layers::qwen3_ssm::init[0m[2m:[0m GDN state spine: gated_delta_rule_chunk_delta_h_vfused
[2m2026-09-05T22:37:00.681308Z[0m [32m INFO[0m [2mspark_model::weight_loader::qwen35::load_layers::linear_attn_arms[0m[2m:[0m Layer 12: SSM native FP8 — w8a16 decode + prefill
[2m2026-09-05T22:37:00.681315Z[0m [32m INFO[0m [2mspark_model::weight_loader::qwen35::load_layers[0m[2m:[0m FP8: skipping NVFP4 routed experts (FP8 fused MoE batch1/2/3 handles all dispatch)
[2m2026-09-05T22:37:00.694055Z[0m [32m INFO[0m [2mspark_model::weight_loader::qwen35::load_layers[0m[2m:[0m Layer 13: MoE experts loaded as native FP8
[2m2026-09-05T22:37:00.694072Z[0m [32m INFO[0m [2mspark_model::weight_loader::qwen35::load_layers::linear_attn_arms[0m[2m:[0m Layer 13: loading SSM FP8 native (block-scaled decode + prefill)
[2m2026-09-05T22:37:00.694348Z[0m [32m INFO[0m [2mspark_model::weight_loader::qwen35::load_layers::linear_attn_arms[0m[2m:[0m Layer 13: SSM QKVZ FP8 [12288,2048] block-scaled, out_proj FP8 [2048,4096] block-scaled
[2m2026-09-05T22:37:00.694518Z[0m [32m INFO[0m [2mspark_model::weight_map::model_a[0m[2m:[0m dense_keep_f32: promoting model.language_model.layers.13.linear_attn.A_log from BF16 to FP32 ([32])
[2m2026-09-05T22:37:00.694553Z[0m [32m INFO[0m [2mspark_model::weight_map::model_a[0m[2m:[0m dense_keep_f32: promoting model.language_model.layers.13.linear_attn.dt_bias from BF16 to FP32 ([32])
[2m2026-09-05T22:37:00.694636Z[0m [32m INFO[0m [2mspark_model::layers::qwen3_ssm::init[0m[2m:[0m GDN state spine: gated_delta_rule_chunk_delta_h_vfused
[2m2026-09-05T22:37:00.694677Z[0m [32m INFO[0m [2mspark_model::weight_loader::qwen35::load_layers::linear_attn_arms[0m[2m:[0m Layer 13: SSM native FP8 — w8a16 decode + prefill
[2m2026-09-05T22:37:00.694684Z[0m [32m INFO[0m [2mspark_model::weight_loader::qwen35::load_layers[0m[2m:[0m FP8: skipping NVFP4 routed experts (FP8 fused MoE batch1/2/3 handles all dispatch)
[2m2026-09-05T22:37:00.707455Z[0m [32m INFO[0m [2mspark_model::weight_loader::qwen35::load_layers[0m[2m:[0m Layer 14: MoE experts loaded as native FP8
[2m2026-09-05T22:37:00.707472Z[0m [32m INFO[0m [2mspark_model::weight_loader::qwen35::load_layers::linear_attn_arms[0m[2m:[0m Layer 14: loading SSM FP8 native (block-scaled decode + prefill)
[2m2026-09-05T22:37:00.707737Z[0m [32m INFO[0m [2mspark_model::weight_loader::qwen35::load_layers::linear_attn_arms[0m[2m:[0m Layer 14: SSM QKVZ FP8 [12288,2048] block-scaled, out_proj FP8 [2048,4096] block-scaled
[2m2026-09-05T22:37:00.707897Z[0m [32m INFO[0m [2mspark_model::weight_map::model_a[0m[2m:[0m dense_keep_f32: promoting model.language_model.layers.14.linear_attn.A_log from BF16 to FP32 ([32])
[2m2026-09-05T22:37:00.707931Z[0m [32m INFO[0m [2mspark_model::weight_map::model_a[0m[2m:[0m dense_keep_f32: promoting model.language_model.layers.14.linear_attn.dt_bias from BF16 to FP32 ([32])
[2m2026-09-05T22:37:00.708012Z[0m [32m INFO[0m [2mspark_model::layers::qwen3_ssm::init[0m[2m:[0m GDN state spine: gated_delta_rule_chunk_delta_h_vfused
[2m2026-09-05T22:37:00.708052Z[0m [32m INFO[0m [2mspark_model::weight_loader::qwen35::load_layers::linear_attn_arms[0m[2m:[0m Layer 14: SSM native FP8 — w8a16 decode + prefill
[2m2026-09-05T22:37:00.708058Z[0m [32m INFO[0m [2mspark_model::weight_loader::qwen35::load_layers[0m[2m:[0m FP8: skipping NVFP4 routed experts (FP8 fused MoE batch1/2/3 handles all dispatch)
[2m2026-09-05T22:37:00.720938Z[0m [32m INFO[0m [2mspark_model::weight_loader::qwen35::load_layers[0m[2m:[0m Layer 15: MoE experts loaded as native FP8
[2m2026-09-05T22:37:00.720956Z[0m [32m INFO[0m [2mspark_model::weight_loader::qwen35::load_layers[0m[2m:[0m Layer 15: loading attention FP8 native (zero-copy)
[2m2026-09-05T22:37:00.721073Z[0m [32m INFO[0m [2mspark_model::weight_loader::qwen35::load_layers[0m[2m:[0m Layer 15: FP8 Q/K/V/O loaded, 43.1 GB free
[2m2026-09-05T22:37:00.722068Z[0m [32m INFO[0m [2mspark_model::weight_loader::qwen35::load_layers[0m[2m:[0m Layer 15: FP8 weights transposed for fast prefill
[2m2026-09-05T22:37:00.722080Z[0m [32m INFO[0m [2mspark_model::weight_loader::qwen35::load_layers[0m[2m:[0m FP8: skipping NVFP4 routed experts (FP8 fused MoE batch1/2/3 handles all dispatch)
[2m2026-09-05T22:37:00.735107Z[0m [32m INFO[0m [2mspark_model::weight_loader::qwen35::load_layers[0m[2m:[0m Layer 16: MoE experts loaded as native FP8
[2m2026-09-05T22:37:00.735125Z[0m [32m INFO[0m [2mspark_model::weight_loader::qwen35::load_layers::linear_attn_arms[0m[2m:[0m Layer 16: loading SSM FP8 native (block-scaled decode + prefill)
[2m2026-09-05T22:37:00.735377Z[0m [32m INFO[0m [2mspark_model::weight_loader::qwen35::load_layers::linear_attn_arms[0m[2m:[0m Layer 16: SSM QKVZ FP8 [12288,2048] block-scaled, out_proj FP8 [2048,4096] block-scaled
[2m2026-09-05T22:37:00.735549Z[0m [32m INFO[0m [2mspark_model::weight_map::model_a[0m[2m:[0m dense_keep_f32: promoting model.language_model.layers.16.linear_attn.A_log from BF16 to FP32 ([32])
[2m2026-09-05T22:37:00.735590Z[0m [32m INFO[0m [2mspark_model::weight_map::model_a[0m[2m:[0m dense_keep_f32: promoting model.language_model.layers.16.linear_attn.dt_bias from BF16 to FP32 ([32])
[2m2026-09-05T22:37:00.735673Z[0m [32m INFO[0m [2mspark_model::layers::qwen3_ssm::init[0m[2m:[0m GDN state spine: gated_delta_rule_chunk_delta_h_vfused
[2m2026-09-05T22:37:00.735714Z[0m [32m INFO[0m [2mspark_model::weight_loader::qwen35::load_layers::linear_attn_arms[0m[2m:[0m Layer 16: SSM native FP8 — w8a16 decode + prefill
[2m2026-09-05T22:37:00.735721Z[0m [32m INFO[0m [2mspark_model::weight_loader::qwen35::load_layers[0m[2m:[0m FP8: skipping NVFP4 routed experts (FP8 fused MoE batch1/2/3 handles all dispatch)
[2m2026-09-05T22:37:00.748512Z[0m [32m INFO[0m [2mspark_model::weight_loader::qwen35::load_layers[0m[2m:[0m Layer 17: MoE experts loaded as native FP8
[2m2026-09-05T22:37:00.748531Z[0m [32m INFO[0m [2mspark_model::weight_loader::qwen35::load_layers::linear_attn_arms[0m[2m:[0m Layer 17: loading SSM FP8 native (block-scaled decode + prefill)
[2m2026-09-05T22:37:00.748808Z[0m [32m INFO[0m [2mspark_model::weight_loader::qwen35::load_layers::linear_attn_arms[0m[2m:[0m Layer 17: SSM QKVZ FP8 [12288,2048] block-scaled, out_proj FP8 [2048,4096] block-scaled
[2m2026-09-05T22:37:00.748979Z[0m [32m INFO[0m [2mspark_model::weight_map::model_a[0m[2m:[0m dense_keep_f32: promoting model.language_model.layers.17.linear_attn.A_log from BF16 to FP32 ([32])
[2m2026-09-05T22:37:00.749013Z[0m [32m INFO[0m [2mspark_model::weight_map::model_a[0m[2m:[0m dense_keep_f32: promoting model.language_model.layers.17.linear_attn.dt_bias from BF16 to FP32 ([32])
[2m2026-09-05T22:37:00.749096Z[0m [32m INFO[0m [2mspark_model::layers::qwen3_ssm::init[0m[2m:[0m GDN state spine: gated_delta_rule_chunk_delta_h_vfused
[2m2026-09-05T22:37:00.749142Z[0m [32m INFO[0m [2mspark_model::weight_loader::qwen35::load_layers::linear_attn_arms[0m[2m:[0m Layer 17: SSM native FP8 — w8a16 decode + prefill
[2m2026-09-05T22:37:00.749152Z[0m [32m INFO[0m [2mspark_model::weight_loader::qwen35::load_layers[0m[2m:[0m FP8: skipping NVFP4 routed experts (FP8 fused MoE batch1/2/3 handles all dispatch)
[2m2026-09-05T22:37:00.761878Z[0m [32m INFO[0m [2mspark_model::weight_loader::qwen35::load_layers[0m[2m:[0m Layer 18: MoE experts loaded as native FP8
[2m2026-09-05T22:37:00.761897Z[0m [32m INFO[0m [2mspark_model::weight_loader::qwen35::load_layers::linear_attn_arms[0m[2m:[0m Layer 18: loading SSM FP8 native (block-scaled decode + prefill)
[2m2026-09-05T22:37:00.762162Z[0m [32m INFO[0m [2mspark_model::weight_loader::qwen35::load_layers::linear_attn_arms[0m[2m:[0m Layer 18: SSM QKVZ FP8 [12288,2048] block-scaled, out_proj FP8 [2048,4096] block-scaled
[2m2026-09-05T22:37:00.762334Z[0m [32m INFO[0m [2mspark_model::weight_map::model_a[0m[2m:[0m dense_keep_f32: promoting model.language_model.layers.18.linear_attn.A_log from BF16 to FP32 ([32])
[2m2026-09-05T22:37:00.762367Z[0m [32m INFO[0m [2mspark_model::weight_map::model_a[0m[2m:[0m dense_keep_f32: promoting model.language_model.layers.18.linear_attn.dt_bias from BF16 to FP32 ([32])
[2m2026-09-05T22:37:00.762449Z[0m [32m INFO[0m [2mspark_model::layers::qwen3_ssm::init[0m[2m:[0m GDN state spine: gated_delta_rule_chunk_delta_h_vfused
[2m2026-09-05T22:37:00.762489Z[0m [32m INFO[0m [2mspark_model::weight_loader::qwen35::load_layers::linear_attn_arms[0m[2m:[0m Layer 18: SSM native FP8 — w8a16 decode + prefill
[2m2026-09-05T22:37:00.762496Z[0m [32m INFO[0m [2mspark_model::weight_loader::qwen35::load_layers[0m[2m:[0m FP8: skipping NVFP4 routed experts (FP8 fused MoE batch1/2/3 handles all dispatch)
[2m2026-09-05T22:37:00.775173Z[0m [32m INFO[0m [2mspark_model::weight_loader::qwen35::load_layers[0m[2m:[0m Layer 19: MoE experts loaded as native FP8
[2m2026-09-05T22:37:00.775191Z[0m [32m INFO[0m [2mspark_model::weight_loader::qwen35::load_layers[0m[2m:[0m Layer 19: loading attention FP8 native (zero-copy)
[2m2026-09-05T22:37:00.775321Z[0m [32m INFO[0m [2mspark_model::weight_loader::qwen35::load_layers[0m[2m:[0m Layer 19: FP8 Q/K/V/O loaded, 43.0 GB free
[2m2026-09-05T22:37:00.776345Z[0m [32m INFO[0m [2mspark_model::weight_loader::qwen35::load_layers[0m[2m:[0m Layer 19: FP8 weights transposed for fast prefill
[2m2026-09-05T22:37:00.776389Z[0m [32m INFO[0m [2mspark_model::weight_loader::qwen35::load_layers[0m[2m:[0m Loaded layers 0..20 — 43.0 GB free
[2m2026-09-05T22:37:00.776396Z[0m [32m INFO[0m [2mspark_model::weight_loader::qwen35::load_layers[0m[2m:[0m FP8: skipping NVFP4 routed experts (FP8 fused MoE batch1/2/3 handles all dispatch)
[2m2026-09-05T22:37:00.789235Z[0m [32m INFO[0m [2mspark_model::weight_loader::qwen35::load_layers[0m[2m:[0m Layer 20: MoE experts loaded as native FP8
[2m2026-09-05T22:37:00.789253Z[0m [32m INFO[0m [2mspark_model::weight_loader::qwen35::load_layers::linear_attn_arms[0m[2m:[0m Layer 20: loading SSM FP8 native (block-scaled decode + prefill)
[2m2026-09-05T22:37:00.789524Z[0m [32m INFO[0m [2mspark_model::weight_loader::qwen35::load_layers::linear_attn_arms[0m[2m:[0m Layer 20: SSM QKVZ FP8 [12288,2048] block-scaled, out_proj FP8 [2048,4096] block-scaled
[2m2026-09-05T22:37:00.789695Z[0m [32m INFO[0m [2mspark_model::weight_map::model_a[0m[2m:[0m dense_keep_f32: promoting model.language_model.layers.20.linear_attn.A_log from BF16 to FP32 ([32])
[2m2026-09-05T22:37:00.789728Z[0m [32m INFO[0m [2mspark_model::weight_map::model_a[0m[2m:[0m dense_keep_f32: promoting model.language_model.layers.20.linear_attn.dt_bias from BF16 to FP32 ([32])
[2m2026-09-05T22:37:00.789810Z[0m [32m INFO[0m [2mspark_model::layers::qwen3_ssm::init[0m[2m:[0m GDN state spine: gated_delta_rule_chunk_delta_h_vfused
[2m2026-09-05T22:37:00.789851Z[0m [32m INFO[0m [2mspark_model::weight_loader::qwen35::load_layers::linear_attn_arms[0m[2m:[0m Layer 20: SSM native FP8 — w8a16 decode + prefill
[2m2026-09-05T22:37:00.789858Z[0m [32m INFO[0m [2mspark_model::weight_loader::qwen35::load_layers[0m[2m:[0m FP8: skipping NVFP4 routed experts (FP8 fused MoE batch1/2/3 handles all dispatch)
[2m2026-09-05T22:37:00.802831Z[0m [32m INFO[0m [2mspark_model::weight_loader::qwen35::load_layers[0m[2m:[0m Layer 21: MoE experts loaded as native FP8
[2m2026-09-05T22:37:00.802850Z[0m [32m INFO[0m [2mspark_model::weight_loader::qwen35::load_layers::linear_attn_arms[0m[2m:[0m Layer 21: loading SSM FP8 native (block-scaled decode + prefill)
[2m2026-09-05T22:37:00.803088Z[0m [32m INFO[0m [2mspark_model::weight_loader::qwen35::load_layers::linear_attn_arms[0m[2m:[0m Layer 21: SSM QKVZ FP8 [12288,2048] block-scaled, out_proj FP8 [2048,4096] block-scaled
[2m2026-09-05T22:37:00.803256Z[0m [32m INFO[0m [2mspark_model::weight_map::model_a[0m[2m:[0m dense_keep_f32: promoting model.language_model.layers.21.linear_attn.A_log from BF16 to FP32 ([32])
[2m2026-09-05T22:37:00.803292Z[0m [32m INFO[0m [2mspark_model::weight_map::model_a[0m[2m:[0m dense_keep_f32: promoting model.language_model.layers.21.linear_attn.dt_bias from BF16 to FP32 ([32])
[2m2026-09-05T22:37:00.803375Z[0m [32m INFO[0m [2mspark_model::layers::qwen3_ssm::init[0m[2m:[0m GDN state spine: gated_delta_rule_chunk_delta_h_vfused
[2m2026-09-05T22:37:00.803416Z[0m [32m INFO[0m [2mspark_model::weight_loader::qwen35::load_layers::linear_attn_arms[0m[2m:[0m Layer 21: SSM native FP8 — w8a16 decode + prefill
[2m2026-09-05T22:37:00.803423Z[0m [32m INFO[0m [2mspark_model::weight_loader::qwen35::load_layers[0m[2m:[0m FP8: skipping NVFP4 routed experts (FP8 fused MoE batch1/2/3 handles all dispatch)
[2m2026-09-05T22:37:00.816184Z[0m [32m INFO[0m [2mspark_model::weight_loader::qwen35::load_layers[0m[2m:[0m Layer 22: MoE experts loaded as native FP8
[2m2026-09-05T22:37:00.816201Z[0m [32m INFO[0m [2mspark_model::weight_loader::qwen35::load_layers::linear_attn_arms[0m[2m:[0m Layer 22: loading SSM FP8 native (block-scaled decode + prefill)
[2m2026-09-05T22:37:00.816484Z[0m [32m INFO[0m [2mspark_model::weight_loader::qwen35::load_layers::linear_attn_arms[0m[2m:[0m Layer 22: SSM QKVZ FP8 [12288,2048] block-scaled, out_proj FP8 [2048,4096] block-scaled
[2m2026-09-05T22:37:00.816648Z[0m [32m INFO[0m [2mspark_model::weight_map::model_a[0m[2m:[0m dense_keep_f32: promoting model.language_model.layers.22.linear_attn.A_log from BF16 to FP32 ([32])
[2m2026-09-05T22:37:00.816682Z[0m [32m INFO[0m [2mspark_model::weight_map::model_a[0m[2m:[0m dense_keep_f32: promoting model.language_model.layers.22.linear_attn.dt_bias from BF16 to FP32 ([32])
[2m2026-09-05T22:37:00.816762Z[0m [32m INFO[0m [2mspark_model::layers::qwen3_ssm::init[0m[2m:[0m GDN state spine: gated_delta_rule_chunk_delta_h_vfused
[2m2026-09-05T22:37:00.816803Z[0m [32m INFO[0m [2mspark_model::weight_loader::qwen35::load_layers::linear_attn_arms[0m[2m:[0m Layer 22: SSM native FP8 — w8a16 decode + prefill
[2m2026-09-05T22:37:00.816809Z[0m [32m INFO[0m [2mspark_model::weight_loader::qwen35::load_layers[0m[2m:[0m FP8: skipping NVFP4 routed experts (FP8 fused MoE batch1/2/3 handles all dispatch)
[2m2026-09-05T22:37:00.829555Z[0m [32m INFO[0m [2mspark_model::weight_loader::qwen35::load_layers[0m[2m:[0m Layer 23: MoE experts loaded as native FP8
[2m2026-09-05T22:37:00.829573Z[0m [32m INFO[0m [2mspark_model::weight_loader::qwen35::load_layers[0m[2m:[0m Layer 23: loading attention FP8 native (zero-copy)
[2m2026-09-05T22:37:00.829696Z[0m [32m INFO[0m [2mspark_model::weight_loader::qwen35::load_layers[0m[2m:[0m Layer 23: FP8 Q/K/V/O loaded, 42.9 GB free
[2m2026-09-05T22:37:00.830719Z[0m [32m INFO[0m [2mspark_model::weight_loader::qwen35::load_layers[0m[2m:[0m Layer 23: FP8 weights transposed for fast prefill
[2m2026-09-05T22:37:00.830731Z[0m [32m INFO[0m [2mspark_model::weight_loader::qwen35::load_layers[0m[2m:[0m FP8: skipping NVFP4 routed experts (FP8 fused MoE batch1/2/3 handles all dispatch)
[2m2026-09-05T22:37:00.843555Z[0m [32m INFO[0m [2mspark_model::weight_loader::qwen35::load_layers[0m[2m:[0m Layer 24: MoE experts loaded as native FP8
[2m2026-09-05T22:37:00.843572Z[0m [32m INFO[0m [2mspark_model::weight_loader::qwen35::load_layers::linear_attn_arms[0m[2m:[0m Layer 24: loading SSM FP8 native (block-scaled decode + prefill)
[2m2026-09-05T22:37:00.843845Z[0m [32m INFO[0m [2mspark_model::weight_loader::qwen35::load_layers::linear_attn_arms[0m[2m:[0m Layer 24: SSM QKVZ FP8 [12288,2048] block-scaled, out_proj FP8 [2048,4096] block-scaled
[2m2026-09-05T22:37:00.844015Z[0m [32m INFO[0m [2mspark_model::weight_map::model_a[0m[2m:[0m dense_keep_f32: promoting model.language_model.layers.24.linear_attn.A_log from BF16 to FP32 ([32])
[2m2026-09-05T22:37:00.844050Z[0m [32m INFO[0m [2mspark_model::weight_map::model_a[0m[2m:[0m dense_keep_f32: promoting model.language_model.layers.24.linear_attn.dt_bias from BF16 to FP32 ([32])
[2m2026-09-05T22:37:00.844133Z[0m [32m INFO[0m [2mspark_model::layers::qwen3_ssm::init[0m[2m:[0m GDN state spine: gated_delta_rule_chunk_delta_h_vfused
[2m2026-09-05T22:37:00.844181Z[0m [32m INFO[0m [2mspark_model::weight_loader::qwen35::load_layers::linear_attn_arms[0m[2m:[0m Layer 24: SSM native FP8 — w8a16 decode + prefill
[2m2026-09-05T22:37:00.844188Z[0m [32m INFO[0m [2mspark_model::weight_loader::qwen35::load_layers[0m[2m:[0m FP8: skipping NVFP4 routed experts (FP8 fused MoE batch1/2/3 handles all dispatch)
[2m2026-09-05T22:37:00.856943Z[0m [32m INFO[0m [2mspark_model::weight_loader::qwen35::load_layers[0m[2m:[0m Layer 25: MoE experts loaded as native FP8
[2m2026-09-05T22:37:00.856960Z[0m [32m INFO[0m [2mspark_model::weight_loader::qwen35::load_layers::linear_attn_arms[0m[2m:[0m Layer 25: loading SSM FP8 native (block-scaled decode + prefill)
[2m2026-09-05T22:37:00.857234Z[0m [32m INFO[0m [2mspark_model::weight_loader::qwen35::load_layers::linear_attn_arms[0m[2m:[0m Layer 25: SSM QKVZ FP8 [12288,2048] block-scaled, out_proj FP8 [2048,4096] block-scaled
[2m2026-09-05T22:37:00.857412Z[0m [32m INFO[0m [2mspark_model::weight_map::model_a[0m[2m:[0m dense_keep_f32: promoting model.language_model.layers.25.linear_attn.A_log from BF16 to FP32 ([32])
[2m2026-09-05T22:37:00.857447Z[0m [32m INFO[0m [2mspark_model::weight_map::model_a[0m[2m:[0m dense_keep_f32: promoting model.language_model.layers.25.linear_attn.dt_bias from BF16 to FP32 ([32])
[2m2026-09-05T22:37:00.857527Z[0m [32m INFO[0m [2mspark_model::layers::qwen3_ssm::init[0m[2m:[0m GDN state spine: gated_delta_rule_chunk_delta_h_vfused
[2m2026-09-05T22:37:00.857568Z[0m [32m INFO[0m [2mspark_model::weight_loader::qwen35::load_layers::linear_attn_arms[0m[2m:[0m Layer 25: SSM native FP8 — w8a16 decode + prefill
[2m2026-09-05T22:37:00.857574Z[0m [32m INFO[0m [2mspark_model::weight_loader::qwen35::load_layers[0m[2m:[0m FP8: skipping NVFP4 routed experts (FP8 fused MoE batch1/2/3 handles all dispatch)
[2m2026-09-05T22:37:00.870242Z[0m [32m INFO[0m [2mspark_model::weight_loader::qwen35::load_layers[0m[2m:[0m Layer 26: MoE experts loaded as native FP8
[2m2026-09-05T22:37:00.870259Z[0m [32m INFO[0m [2mspark_model::weight_loader::qwen35::load_layers::linear_attn_arms[0m[2m:[0m Layer 26: loading SSM FP8 native (block-scaled decode + prefill)
[2m2026-09-05T22:37:00.870532Z[0m [32m INFO[0m [2mspark_model::weight_loader::qwen35::load_layers::linear_attn_arms[0m[2m:[0m Layer 26: SSM QKVZ FP8 [12288,2048] block-scaled, out_proj FP8 [2048,4096] block-scaled
[2m2026-09-05T22:37:00.870826Z[0m [32m INFO[0m [2mspark_model::weight_map::model_a[0m[2m:[0m dense_keep_f32: promoting model.language_model.layers.26.linear_attn.A_log from BF16 to FP32 ([32])
[2m2026-09-05T22:37:00.870863Z[0m [32m INFO[0m [2mspark_model::weight_map::model_a[0m[2m:[0m dense_keep_f32: promoting model.language_model.layers.26.linear_attn.dt_bias from BF16 to FP32 ([32])
[2m2026-09-05T22:37:00.870945Z[0m [32m INFO[0m [2mspark_model::layers::qwen3_ssm::init[0m[2m:[0m GDN state spine: gated_delta_rule_chunk_delta_h_vfused
[2m2026-09-05T22:37:00.870985Z[0m [32m INFO[0m [2mspark_model::weight_loader::qwen35::load_layers::linear_attn_arms[0m[2m:[0m Layer 26: SSM native FP8 — w8a16 decode + prefill
[2m2026-09-05T22:37:00.870991Z[0m [32m INFO[0m [2mspark_model::weight_loader::qwen35::load_layers[0m[2m:[0m FP8: skipping NVFP4 routed experts (FP8 fused MoE batch1/2/3 handles all dispatch)
[2m2026-09-05T22:37:00.883727Z[0m [32m INFO[0m [2mspark_model::weight_loader::qwen35::load_layers[0m[2m:[0m Layer 27: MoE experts loaded as native FP8
[2m2026-09-05T22:37:00.883745Z[0m [32m INFO[0m [2mspark_model::weight_loader::qwen35::load_layers[0m[2m:[0m Layer 27: loading attention FP8 native (zero-copy)
[2m2026-09-05T22:37:00.883867Z[0m [32m INFO[0m [2mspark_model::weight_loader::qwen35::load_layers[0m[2m:[0m Layer 27: FP8 Q/K/V/O loaded, 42.8 GB free
[2m2026-09-05T22:37:00.884869Z[0m [32m INFO[0m [2mspark_model::weight_loader::qwen35::load_layers[0m[2m:[0m Layer 27: FP8 weights transposed for fast prefill
[2m2026-09-05T22:37:00.884880Z[0m [32m INFO[0m [2mspark_model::weight_loader::qwen35::load_layers[0m[2m:[0m FP8: skipping NVFP4 routed experts (FP8 fused MoE batch1/2/3 handles all dispatch)
[2m2026-09-05T22:37:00.897670Z[0m [32m INFO[0m [2mspark_model::weight_loader::qwen35::load_layers[0m[2m:[0m Layer 28: MoE experts loaded as native FP8
[2m2026-09-05T22:37:00.897688Z[0m [32m INFO[0m [2mspark_model::weight_loader::qwen35::load_layers::linear_attn_arms[0m[2m:[0m Layer 28: loading SSM FP8 native (block-scaled decode + prefill)
[2m2026-09-05T22:37:00.898021Z[0m [32m INFO[0m [2mspark_model::weight_loader::qwen35::load_layers::linear_attn_arms[0m[2m:[0m Layer 28: SSM QKVZ FP8 [12288,2048] block-scaled, out_proj FP8 [2048,4096] block-scaled
[2m2026-09-05T22:37:00.898209Z[0m [32m INFO[0m [2mspark_model::weight_map::model_a[0m[2m:[0m dense_keep_f32: promoting model.language_model.layers.28.linear_attn.A_log from BF16 to FP32 ([32])
[2m2026-09-05T22:37:00.898253Z[0m [32m INFO[0m [2mspark_model::weight_map::model_a[0m[2m:[0m dense_keep_f32: promoting model.language_model.layers.28.linear_attn.dt_bias from BF16 to FP32 ([32])
[2m2026-09-05T22:37:00.898337Z[0m [32m INFO[0m [2mspark_model::layers::qwen3_ssm::init[0m[2m:[0m GDN state spine: gated_delta_rule_chunk_delta_h_vfused
[2m2026-09-05T22:37:00.898378Z[0m [32m INFO[0m [2mspark_model::weight_loader::qwen35::load_layers::linear_attn_arms[0m[2m:[0m Layer 28: SSM native FP8 — w8a16 decode + prefill
[2m2026-09-05T22:37:00.898385Z[0m [32m INFO[0m [2mspark_model::weight_loader::qwen35::load_layers[0m[2m:[0m FP8: skipping NVFP4 routed experts (FP8 fused MoE batch1/2/3 handles all dispatch)
[2m2026-09-05T22:37:00.911217Z[0m [32m INFO[0m [2mspark_model::weight_loader::qwen35::load_layers[0m[2m:[0m Layer 29: MoE experts loaded as native FP8
[2m2026-09-05T22:37:00.911235Z[0m [32m INFO[0m [2mspark_model::weight_loader::qwen35::load_layers::linear_attn_arms[0m[2m:[0m Layer 29: loading SSM FP8 native (block-scaled decode + prefill)
[2m2026-09-05T22:37:00.911509Z[0m [32m INFO[0m [2mspark_model::weight_loader::qwen35::load_layers::linear_attn_arms[0m[2m:[0m Layer 29: SSM QKVZ FP8 [12288,2048] block-scaled, out_proj FP8 [2048,4096] block-scaled
[2m2026-09-05T22:37:00.911676Z[0m [32m INFO[0m [2mspark_model::weight_map::model_a[0m[2m:[0m dense_keep_f32: promoting model.language_model.layers.29.linear_attn.A_log from BF16 to FP32 ([32])
[2m2026-09-05T22:37:00.911711Z[0m [32m INFO[0m [2mspark_model::weight_map::model_a[0m[2m:[0m dense_keep_f32: promoting model.language_model.layers.29.linear_attn.dt_bias from BF16 to FP32 ([32])
[2m2026-09-05T22:37:00.911795Z[0m [32m INFO[0m [2mspark_model::layers::qwen3_ssm::init[0m[2m:[0m GDN state spine: gated_delta_rule_chunk_delta_h_vfused
[2m2026-09-05T22:37:00.911836Z[0m [32m INFO[0m [2mspark_model::weight_loader::qwen35::load_layers::linear_attn_arms[0m[2m:[0m Layer 29: SSM native FP8 — w8a16 decode + prefill
[2m2026-09-05T22:37:00.911893Z[0m [32m INFO[0m [2mspark_model::weight_loader::qwen35::load_layers[0m[2m:[0m Loaded layers 0..30 — 42.7 GB free
[2m2026-09-05T22:37:00.911899Z[0m [32m INFO[0m [2mspark_model::weight_loader::qwen35::load_layers[0m[2m:[0m FP8: skipping NVFP4 routed experts (FP8 fused MoE batch1/2/3 handles all dispatch)
[2m2026-09-05T22:37:00.924651Z[0m [32m INFO[0m [2mspark_model::weight_loader::qwen35::load_layers[0m[2m:[0m Layer 30: MoE experts loaded as native FP8
[2m2026-09-05T22:37:00.924670Z[0m [32m INFO[0m [2mspark_model::weight_loader::qwen35::load_layers::linear_attn_arms[0m[2m:[0m Layer 30: loading SSM FP8 native (block-scaled decode + prefill)
[2m2026-09-05T22:37:00.924941Z[0m [32m INFO[0m [2mspark_model::weight_loader::qwen35::load_layers::linear_attn_arms[0m[2m:[0m Layer 30: SSM QKVZ FP8 [12288,2048] block-scaled, out_proj FP8 [2048,4096] block-scaled
[2m2026-09-05T22:37:00.925119Z[0m [32m INFO[0m [2mspark_model::weight_map::model_a[0m[2m:[0m dense_keep_f32: promoting model.language_model.layers.30.linear_attn.A_log from BF16 to FP32 ([32])
[2m2026-09-05T22:37:00.925158Z[0m [32m INFO[0m [2mspark_model::weight_map::model_a[0m[2m:[0m dense_keep_f32: promoting model.language_model.layers.30.linear_attn.dt_bias from BF16 to FP32 ([32])
[2m2026-09-05T22:37:00.925243Z[0m [32m INFO[0m [2mspark_model::layers::qwen3_ssm::init[0m[2m:[0m GDN state spine: gated_delta_rule_chunk_delta_h_vfused
[2m2026-09-05T22:37:00.925282Z[0m [32m INFO[0m [2mspark_model::weight_loader::qwen35::load_layers::linear_attn_arms[0m[2m:[0m Layer 30: SSM native FP8 — w8a16 decode + prefill
[2m2026-09-05T22:37:00.925289Z[0m [32m INFO[0m [2mspark_model::weight_loader::qwen35::load_layers[0m[2m:[0m FP8: skipping NVFP4 routed experts (FP8 fused MoE batch1/2/3 handles all dispatch)
[2m2026-09-05T22:37:00.938002Z[0m [32m INFO[0m [2mspark_model::weight_loader::qwen35::load_layers[0m[2m:[0m Layer 31: MoE experts loaded as native FP8
[2m2026-09-05T22:37:00.938030Z[0m [32m INFO[0m [2mspark_model::weight_loader::qwen35::load_layers[0m[2m:[0m Layer 31: loading attention FP8 native (zero-copy)
[2m2026-09-05T22:37:00.938155Z[0m [32m INFO[0m [2mspark_model::weight_loader::qwen35::load_layers[0m[2m:[0m Layer 31: FP8 Q/K/V/O loaded, 42.7 GB free
[2m2026-09-05T22:37:00.939192Z[0m [32m INFO[0m [2mspark_model::weight_loader::qwen35::load_layers[0m[2m:[0m Layer 31: FP8 weights transposed for fast prefill
[2m2026-09-05T22:37:00.939205Z[0m [32m INFO[0m [2mspark_model::weight_loader::qwen35::load_layers[0m[2m:[0m FP8: skipping NVFP4 routed experts (FP8 fused MoE batch1/2/3 handles all dispatch)
[2m2026-09-05T22:37:00.952230Z[0m [32m INFO[0m [2mspark_model::weight_loader::qwen35::load_layers[0m[2m:[0m Layer 32: MoE experts loaded as native FP8
[2m2026-09-05T22:37:00.952251Z[0m [32m INFO[0m [2mspark_model::weight_loader::qwen35::load_layers::linear_attn_arms[0m[2m:[0m Layer 32: loading SSM FP8 native (block-scaled decode + prefill)
[2m2026-09-05T22:37:00.952523Z[0m [32m INFO[0m [2mspark_model::weight_loader::qwen35::load_layers::linear_attn_arms[0m[2m:[0m Layer 32: SSM QKVZ FP8 [12288,2048] block-scaled, out_proj FP8 [2048,4096] block-scaled
[2m2026-09-05T22:37:00.952810Z[0m [32m INFO[0m [2mspark_model::weight_map::model_a[0m[2m:[0m dense_keep_f32: promoting model.language_model.layers.32.linear_attn.A_log from BF16 to FP32 ([32])
[2m2026-09-05T22:37:00.952847Z[0m [32m INFO[0m [2mspark_model::weight_map::model_a[0m[2m:[0m dense_keep_f32: promoting model.language_model.layers.32.linear_attn.dt_bias from BF16 to FP32 ([32])
[2m2026-09-05T22:37:00.952931Z[0m [32m INFO[0m [2mspark_model::layers::qwen3_ssm::init[0m[2m:[0m GDN state spine: gated_delta_rule_chunk_delta_h_vfused
[2m2026-09-05T22:37:00.952972Z[0m [32m INFO[0m [2mspark_model::weight_loader::qwen35::load_layers::linear_attn_arms[0m[2m:[0m Layer 32: SSM native FP8 — w8a16 decode + prefill
[2m2026-09-05T22:37:00.952979Z[0m [32m INFO[0m [2mspark_model::weight_loader::qwen35::load_layers[0m[2m:[0m FP8: skipping NVFP4 routed experts (FP8 fused MoE batch1/2/3 handles all dispatch)
[2m2026-09-05T22:37:00.965681Z[0m [32m INFO[0m [2mspark_model::weight_loader::qwen35::load_layers[0m[2m:[0m Layer 33: MoE experts loaded as native FP8
[2m2026-09-05T22:37:00.965699Z[0m [32m INFO[0m [2mspark_model::weight_loader::qwen35::load_layers::linear_attn_arms[0m[2m:[0m Layer 33: loading SSM FP8 native (block-scaled decode + prefill)
[2m2026-09-05T22:37:00.965965Z[0m [32m INFO[0m [2mspark_model::weight_loader::qwen35::load_layers::linear_attn_arms[0m[2m:[0m Layer 33: SSM QKVZ FP8 [12288,2048] block-scaled, out_proj FP8 [2048,4096] block-scaled
[2m2026-09-05T22:37:00.966141Z[0m [32m INFO[0m [2mspark_model::weight_map::model_a[0m[2m:[0m dense_keep_f32: promoting model.language_model.layers.33.linear_attn.A_log from BF16 to FP32 ([32])
[2m2026-09-05T22:37:00.966179Z[0m [32m INFO[0m [2mspark_model::weight_map::model_a[0m[2m:[0m dense_keep_f32: promoting model.language_model.layers.33.linear_attn.dt_bias from BF16 to FP32 ([32])
[2m2026-09-05T22:37:00.966264Z[0m [32m INFO[0m [2mspark_model::layers::qwen3_ssm::init[0m[2m:[0m GDN state spine: gated_delta_rule_chunk_delta_h_vfused
[2m2026-09-05T22:37:00.966305Z[0m [32m INFO[0m [2mspark_model::weight_loader::qwen35::load_layers::linear_attn_arms[0m[2m:[0m Layer 33: SSM native FP8 — w8a16 decode + prefill
[2m2026-09-05T22:37:00.966311Z[0m [32m INFO[0m [2mspark_model::weight_loader::qwen35::load_layers[0m[2m:[0m FP8: skipping NVFP4 routed experts (FP8 fused MoE batch1/2/3 handles all dispatch)
[2m2026-09-05T22:37:00.979109Z[0m [32m INFO[0m [2mspark_model::weight_loader::qwen35::load_layers[0m[2m:[0m Layer 34: MoE experts loaded as native FP8
[2m2026-09-05T22:37:00.979127Z[0m [32m INFO[0m [2mspark_model::weight_loader::qwen35::load_layers::linear_attn_arms[0m[2m:[0m Layer 34: loading SSM FP8 native (block-scaled decode + prefill)
[2m2026-09-05T22:37:00.979412Z[0m [32m INFO[0m [2mspark_model::weight_loader::qwen35::load_layers::linear_attn_arms[0m[2m:[0m Layer 34: SSM QKVZ FP8 [12288,2048] block-scaled, out_proj FP8 [2048,4096] block-scaled
[2m2026-09-05T22:37:00.979592Z[0m [32m INFO[0m [2mspark_model::weight_map::model_a[0m[2m:[0m dense_keep_f32: promoting model.language_model.layers.34.linear_attn.A_log from BF16 to FP32 ([32])
[2m2026-09-05T22:37:00.979626Z[0m [32m INFO[0m [2mspark_model::weight_map::model_a[0m[2m:[0m dense_keep_f32: promoting model.language_model.layers.34.linear_attn.dt_bias from BF16 to FP32 ([32])
[2m2026-09-05T22:37:00.979707Z[0m [32m INFO[0m [2mspark_model::layers::qwen3_ssm::init[0m[2m:[0m GDN state spine: gated_delta_rule_chunk_delta_h_vfused
[2m2026-09-05T22:37:00.979749Z[0m [32m INFO[0m [2mspark_model::weight_loader::qwen35::load_layers::linear_attn_arms[0m[2m:[0m Layer 34: SSM native FP8 — w8a16 decode + prefill
[2m2026-09-05T22:37:00.979755Z[0m [32m INFO[0m [2mspark_model::weight_loader::qwen35::load_layers[0m[2m:[0m FP8: skipping NVFP4 routed experts (FP8 fused MoE batch1/2/3 handles all dispatch)
[2m2026-09-05T22:37:00.992600Z[0m [32m INFO[0m [2mspark_model::weight_loader::qwen35::load_layers[0m[2m:[0m Layer 35: MoE experts loaded as native FP8
[2m2026-09-05T22:37:00.992617Z[0m [32m INFO[0m [2mspark_model::weight_loader::qwen35::load_layers[0m[2m:[0m Layer 35: loading attention FP8 native (zero-copy)
[2m2026-09-05T22:37:00.992742Z[0m [32m INFO[0m [2mspark_model::weight_loader::qwen35::load_layers[0m[2m:[0m Layer 35: FP8 Q/K/V/O loaded, 42.6 GB free
[2m2026-09-05T22:37:00.993739Z[0m [32m INFO[0m [2mspark_model::weight_loader::qwen35::load_layers[0m[2m:[0m Layer 35: FP8 weights transposed for fast prefill
[2m2026-09-05T22:37:00.993751Z[0m [32m INFO[0m [2mspark_model::weight_loader::qwen35::load_layers[0m[2m:[0m FP8: skipping NVFP4 routed experts (FP8 fused MoE batch1/2/3 handles all dispatch)
[2m2026-09-05T22:37:01.006657Z[0m [32m INFO[0m [2mspark_model::weight_loader::qwen35::load_layers[0m[2m:[0m Layer 36: MoE experts loaded as native FP8
[2m2026-09-05T22:37:01.006676Z[0m [32m INFO[0m [2mspark_model::weight_loader::qwen35::load_layers::linear_attn_arms[0m[2m:[0m Layer 36: loading SSM FP8 native (block-scaled decode + prefill)
[2m2026-09-05T22:37:01.006951Z[0m [32m INFO[0m [2mspark_model::weight_loader::qwen35::load_layers::linear_attn_arms[0m[2m:[0m Layer 36: SSM QKVZ FP8 [12288,2048] block-scaled, out_proj FP8 [2048,4096] block-scaled
[2m2026-09-05T22:37:01.007132Z[0m [32m INFO[0m [2mspark_model::weight_map::model_a[0m[2m:[0m dense_keep_f32: promoting model.language_model.layers.36.linear_attn.A_log from BF16 to FP32 ([32])
[2m2026-09-05T22:37:01.007178Z[0m [32m INFO[0m [2mspark_model::weight_map::model_a[0m[2m:[0m dense_keep_f32: promoting model.language_model.layers.36.linear_attn.dt_bias from BF16 to FP32 ([32])
[2m2026-09-05T22:37:01.007263Z[0m [32m INFO[0m [2mspark_model::layers::qwen3_ssm::init[0m[2m:[0m GDN state spine: gated_delta_rule_chunk_delta_h_vfused
[2m2026-09-05T22:37:01.007305Z[0m [32m INFO[0m [2mspark_model::weight_loader::qwen35::load_layers::linear_attn_arms[0m[2m:[0m Layer 36: SSM native FP8 — w8a16 decode + prefill
[2m2026-09-05T22:37:01.007312Z[0m [32m INFO[0m [2mspark_model::weight_loader::qwen35::load_layers[0m[2m:[0m FP8: skipping NVFP4 routed experts (FP8 fused MoE batch1/2/3 handles all dispatch)
[2m2026-09-05T22:37:01.020248Z[0m [32m INFO[0m [2mspark_model::weight_loader::qwen35::load_layers[0m[2m:[0m Layer 37: MoE experts loaded as native FP8
[2m2026-09-05T22:37:01.020266Z[0m [32m INFO[0m [2mspark_model::weight_loader::qwen35::load_layers::linear_attn_arms[0m[2m:[0m Layer 37: loading SSM FP8 native (block-scaled decode + prefill)
[2m2026-09-05T22:37:01.020542Z[0m [32m INFO[0m [2mspark_model::weight_loader::qwen35::load_layers::linear_attn_arms[0m[2m:[0m Layer 37: SSM QKVZ FP8 [12288,2048] block-scaled, out_proj FP8 [2048,4096] block-scaled
[2m2026-09-05T22:37:01.020842Z[0m [32m INFO[0m [2mspark_model::weight_map::model_a[0m[2m:[0m dense_keep_f32: promoting model.language_model.layers.37.linear_attn.A_log from BF16 to FP32 ([32])
[2m2026-09-05T22:37:01.020881Z[0m [32m INFO[0m [2mspark_model::weight_map::model_a[0m[2m:[0m dense_keep_f32: promoting model.language_model.layers.37.linear_attn.dt_bias from BF16 to FP32 ([32])
[2m2026-09-05T22:37:01.020967Z[0m [32m INFO[0m [2mspark_model::layers::qwen3_ssm::init[0m[2m:[0m GDN state spine: gated_delta_rule_chunk_delta_h_vfused
[2m2026-09-05T22:37:01.021008Z[0m [32m INFO[0m [2mspark_model::weight_loader::qwen35::load_layers::linear_attn_arms[0m[2m:[0m Layer 37: SSM native FP8 — w8a16 decode + prefill
[2m2026-09-05T22:37:01.021015Z[0m [32m INFO[0m [2mspark_model::weight_loader::qwen35::load_layers[0m[2m:[0m FP8: skipping NVFP4 routed experts (FP8 fused MoE batch1/2/3 handles all dispatch)
[2m2026-09-05T22:37:01.034066Z[0m [32m INFO[0m [2mspark_model::weight_loader::qwen35::load_layers[0m[2m:[0m Layer 38: MoE experts loaded as native FP8
[2m2026-09-05T22:37:01.034085Z[0m [32m INFO[0m [2mspark_model::weight_loader::qwen35::load_layers::linear_attn_arms[0m[2m:[0m Layer 38: loading SSM FP8 native (block-scaled decode + prefill)
[2m2026-09-05T22:37:01.034351Z[0m [32m INFO[0m [2mspark_model::weight_loader::qwen35::load_layers::linear_attn_arms[0m[2m:[0m Layer 38: SSM QKVZ FP8 [12288,2048] block-scaled, out_proj FP8 [2048,4096] block-scaled
[2m2026-09-05T22:37:01.034526Z[0m [32m INFO[0m [2mspark_model::weight_map::model_a[0m[2m:[0m dense_keep_f32: promoting model.language_model.layers.38.linear_attn.A_log from BF16 to FP32 ([32])
[2m2026-09-05T22:37:01.034561Z[0m [32m INFO[0m [2mspark_model::weight_map::model_a[0m[2m:[0m dense_keep_f32: promoting model.language_model.layers.38.linear_attn.dt_bias from BF16 to FP32 ([32])
[2m2026-09-05T22:37:01.034647Z[0m [32m INFO[0m [2mspark_model::layers::qwen3_ssm::init[0m[2m:[0m GDN state spine: gated_delta_rule_chunk_delta_h_vfused
[2m2026-09-05T22:37:01.034690Z[0m [32m INFO[0m [2mspark_model::weight_loader::qwen35::load_layers::linear_attn_arms[0m[2m:[0m Layer 38: SSM native FP8 — w8a16 decode + prefill
[2m2026-09-05T22:37:01.034697Z[0m [32m INFO[0m [2mspark_model::weight_loader::qwen35::load_layers[0m[2m:[0m FP8: skipping NVFP4 routed experts (FP8 fused MoE batch1/2/3 handles all dispatch)
[2m2026-09-05T22:37:01.047735Z[0m [32m INFO[0m [2mspark_model::weight_loader::qwen35::load_layers[0m[2m:[0m Layer 39: MoE experts loaded as native FP8
[2m2026-09-05T22:37:01.047753Z[0m [32m INFO[0m [2mspark_model::weight_loader::qwen35::load_layers[0m[2m:[0m Layer 39: loading attention FP8 native (zero-copy)
[2m2026-09-05T22:37:01.047879Z[0m [32m INFO[0m [2mspark_model::weight_loader::qwen35::load_layers[0m[2m:[0m Layer 39: FP8 Q/K/V/O loaded, 42.5 GB free
[2m2026-09-05T22:37:01.048905Z[0m [32m INFO[0m [2mspark_model::weight_loader::qwen35::load_layers[0m[2m:[0m Layer 39: FP8 weights transposed for fast prefill
[2m2026-09-05T22:37:01.048950Z[0m [32m INFO[0m [2mspark_model::weight_loader::qwen35::load_layers[0m[2m:[0m Loaded layers 0..40 — 42.4 GB free
[2m2026-09-05T22:37:01.048955Z[0m [32m INFO[0m [2mspark_model::weight_loader::qwen35::load_layers[0m[2m:[0m Qwen3.5 weight loader: 40 layers (10 attention, 30 linear_attn)
[2m2026-09-05T22:37:01.048982Z[0m [32m INFO[0m [2mspark_model::factory::build[0m[2m:[0m Layer construction: 1.16 GB consumed (46.73 GB free -> 45.58 GB free) across 40 layers, 28.9 MB/layer average
[2m2026-09-05T22:37:01.048991Z[0m [32m INFO[0m [2mspark_model::weight_loader::qwen35[0m[2m:[0m Loading MTP weights (256 experts, variant=Fp8Dequanted)...
[2m2026-09-05T22:37:01.133337Z[0m [32m INFO[0m [2mspark_model::weight_loader::qwen35[0m[2m:[0m MTP weights loaded: fc=[2048,4096], 256 experts, attn layer
[2m2026-09-05T22:37:01.133516Z[0m [33m WARN[0m [2mspark_model::layers::vision_encoder::enc_impl::init[0m[2m:[0m Vision encoder capacity 16384 patches (2048x2048 px) — the resolved area bound wanted 65536 patches, clamped: the ViT score matrix is O(patches^2) and 65536 would need ~24.0 GB of scratch. Lower --vision-max-pixels to reclaim memory, or raise CEILING_MAX_PATCHES only alongside tiled ViT attention.
[2m2026-09-05T22:37:01.136397Z[0m [32m INFO[0m [2mspark_model::weight_loader::qwen35[0m[2m:[0m Qwen3.6 vision encoder loaded: depth=27, hidden=1152, heads=16, FP8-blocks>=4
[2m2026-09-05T22:37:01.136410Z[0m [32m INFO[0m [2mspark_model::quant_format[0m[2m:[0m QuantFormat: fp8 (block-scaled), 0 ignored module(s)
[2m2026-09-05T22:37:01.138520Z[0m [32m INFO[0m [2mspark_model::factory::lm_head_setup[0m[2m:[0m LM head quantized to NVFP4 (vocab=248070)
[2m2026-09-05T22:37:01.141465Z[0m [32m INFO[0m [2mspark_runtime::buffers[0m[2m:[0m Buffer arena: 32800 tokens × 7811.9 MB total (attn_out=256.2MB, ssm_deint=768.8MB, kv_lora_rank=0)
[2m2026-09-05T22:37:01.141875Z[0m [32m INFO[0m [2mspark_model::factory::build[0m[2m:[0m KV budget self-relative (ledger): Atlas-own 45.4 GB live in the alloc ledger; 0.8 GB of co-tenant/page-cache use excluded (set ATLAS_KV_EXTERNAL_RESERVE_GB to override)
[2m2026-09-05T22:37:01.141886Z[0m [32m INFO[0m [2mspark_model::factory::build[0m[2m:[0m KV cache: 79.2 GB total × 90% util = 71.3 GB budget; 45.4 GB pre-KV + 20.4 GB reserve → 5.4 GB for KV → 25487 blocks × 16 tok/block = 407792 max KV tokens
[2m2026-09-05T22:37:01.141894Z[0m [33m WARN[0m [2mspark_model::factory::build[0m[2m:[0m KV OVERCOMMIT: pool fits 6 seq(s) at full --max-seq-len=65536 but --max-batch-size=32 requested (4096 block(s)/seq, 25487 block(s) total). Paged KV allocates on demand; long-context bursts are back-pressured at the block allocator, not refused at boot.
[2m2026-09-05T22:37:01.144568Z[0m [32m INFO[0m [2mspark_runtime::kv_cache::paged_impl[0m[2m:[0m KV cache: 25487 blocks × 10 layers (4 high-precision) = 5.4 GB total (mixed dtype)
[2m2026-09-05T22:37:01.144785Z[0m [32m INFO[0m [2mspark_model::model::drafter_context[0m[2m:[0m MTP drafter context: prefill=ON carry=ON (default). Disable both with ATLAS_NO_MTP_DRAFTER_CONTEXT=1.
[2m2026-09-05T22:37:01.144793Z[0m [32m INFO[0m [2mspark_model::model::impl_a1[0m[2m:[0m TransformerModel: 40 layers, vocab=248070, hidden=2048
[2m2026-09-05T22:37:01.146124Z[0m [32m INFO[0m [2mspark_model::model::ssm_pool[0m[2m:[0m SSM state pool: 32 slots × 30 layers = 2040 MB
[2m2026-09-05T22:37:01.162476Z[0m [32m INFO[0m [2mspark_model::model::ssm_snapshot[0m[2m:[0m SSM snapshot pool: Marconi 16 slots (1020 MB), decode-rollback 8 slots × 32 seqs (16320 MB), 30 layers
[2m2026-09-05T22:37:01.162500Z[0m [32m INFO[0m [2mspark_model::model::impl_a1[0m[2m:[0m Marconi intermediate checkpoints: every 256 blocks (4096 tokens at block_size=16)
[2m2026-09-05T22:37:01.164243Z[0m [33m WARN[0m [2mspark_model::model::impl_a1[0m[2m:[0m lm_head twin uses a PADDED stride (248192 != vocab 248070): this target's w4a16_gemm_t MUST accept the `ldb` argument, or decode at padded_n>=5 will read sheared rows. Disable with ATLAS_NO_LMHEAD_TGEMM=1.
[2m2026-09-05T22:37:01.164262Z[0m [32m INFO[0m [2mspark_model::model::impl_a1[0m[2m:[0m lm_head transposed twin: vocab=248070 -> padded stride=248192 (vocab%16=6), tile GEMM active
[2m2026-09-05T22:37:01.164268Z[0m [32m INFO[0m [2mspark_model::model::impl_a1_init[0m[2m:[0m MTP weights available (1 module(s)) but --speculative not set, skipping MTP head construction
[2m2026-09-05T22:37:01.166691Z[0m [32m INFO[0m [2mspark_model::model::impl_a1[0m[2m:[0m Pinned metadata staging: 3203 KB
[2m2026-09-05T22:37:01.167542Z[0m [32m INFO[0m [2mspark_model::model::impl_a1_init[0m[2m:[0m GDN prefill buffers: 1033 MB for 32800 tokens (chunked SSM prefill)
[2m2026-09-05T22:37:01.186718Z[0m [32m INFO[0m [2mspark_model::factory::build[0m[2m:[0m GPU allocation ledger: 76.33 GB live across 68 sites
[2m2026-09-05T22:37:01.186735Z[0m [32m INFO[0m [2mspark_model::factory::build[0m[2m:[0m     35719.7 MB  x64196 crates/spark-runtime/src/fast_weights/mod.rs:413
[2m2026-09-05T22:37:01.186738Z[0m [32m INFO[0m [2mspark_model::factory::build[0m[2m:[0m     15360.0 MB  x30    crates/spark-model/src/model/ssm_snapshot.rs:180
[2m2026-09-05T22:37:01.186741Z[0m [32m INFO[0m [2mspark_model::factory::build[0m[2m:[0m      2787.6 MB  x10    crates/spark-runtime/src/kv_cache/paged_impl.rs:28
[2m2026-09-05T22:37:01.186743Z[0m [32m INFO[0m [2mspark_model::factory::build[0m[2m:[0m      2787.6 MB  x10    crates/spark-runtime/src/kv_cache/paged_impl.rs:27
[2m2026-09-05T22:37:01.186746Z[0m [32m INFO[0m [2mspark_model::factory::build[0m[2m:[0m      2103.8 MB  x2     crates/spark-model/src/model/ssm_pool.rs:149
[2m2026-09-05T22:37:01.186748Z[0m [32m INFO[0m [2mspark_model::factory::build[0m[2m:[0m      1594.0 MB  x775   crates/spark-model/src/weight_map/quant_helpers.rs:98
[2m2026-09-05T22:37:01.186750Z[0m [32m INFO[0m [2mspark_model::factory::build[0m[2m:[0m      1537.5 MB  x1     crates/spark-runtime/src/buffers.rs:175
[2m2026-09-05T22:37:01.186753Z[0m [32m INFO[0m [2mspark_model::factory::build[0m[2m:[0m      1326.6 MB  x1     crates/spark-runtime/src/buffers.rs:200
[2m2026-09-05T22:37:01.186755Z[0m [32m INFO[0m [2mspark_model::factory::build[0m[2m:[0m      1025.0 MB  x1     crates/spark-runtime/src/buffers.rs:179
[2m2026-09-05T22:37:01.186757Z[0m [32m INFO[0m [2mspark_model::factory::build[0m[2m:[0m       960.0 MB  x30    crates/spark-model/src/model/ssm_snapshot.rs:181
[2m2026-09-05T22:37:01.186760Z[0m [32m INFO[0m [2mspark_model::factory::build[0m[2m:[0m       960.0 MB  x30    crates/spark-model/src/model/ssm_snapshot.rs:165
[2m2026-09-05T22:37:01.186762Z[0m [32m INFO[0m [2mspark_model::factory::build[0m[2m:[0m       768.8 MB  x1     crates/spark-runtime/src/buffers.rs:171
[2m2026-09-05T22:37:01.186764Z[0m [32m INFO[0m [2mspark_model::factory::build[0m[2m:[0m      5859.0 MB  across 56 smaller sites
[2m2026-09-05T22:37:01.186767Z[0m [32m INFO[0m [2mspark_model::factory::build[0m[2m:[0m   ── by file ──
[2m2026-09-05T22:37:01.186769Z[0m [32m INFO[0m [2mspark_model::factory::build[0m[2m:[0m     35719.7 MB  x64196 crates/spark-runtime/src/fast_weights/mod.rs
[2m2026-09-05T22:37:01.186771Z[0m [32m INFO[0m [2mspark_model::factory::build[0m[2m:[0m     17340.1 MB  x121   crates/spark-model/src/model/ssm_snapshot.rs
[2m2026-09-05T22:37:01.186774Z[0m [32m INFO[0m [2mspark_model::factory::build[0m[2m:[0m      7811.9 MB  x31    crates/spark-runtime/src/buffers.rs
[2m2026-09-05T22:37:01.186776Z[0m [32m INFO[0m [2mspark_model::factory::build[0m[2m:[0m      5575.3 MB  x20    crates/spark-runtime/src/kv_cache/paged_impl.rs
[2m2026-09-05T22:37:01.186778Z[0m [32m INFO[0m [2mspark_model::factory::build[0m[2m:[0m      2103.8 MB  x2     crates/spark-model/src/model/ssm_pool.rs
[2m2026-09-05T22:37:01.186781Z[0m [32m INFO[0m [2mspark_model::factory::build[0m[2m:[0m      1594.0 MB  x775   crates/spark-model/src/weight_map/quant_helpers.rs
[2m2026-09-05T22:37:01.186783Z[0m [32m INFO[0m [2mspark_model::factory::build[0m[2m:[0m      1033.0 MB  x4     crates/spark-model/src/model/impl_a1_init.rs
[2m2026-09-05T22:37:01.186785Z[0m [32m INFO[0m [2mspark_model::factory::build[0m[2m:[0m       720.2 MB  x60    crates/spark-model/src/weight_loader/qwen35/load_layers/linear_attn_arms.rs
[2m2026-09-05T22:37:01.186788Z[0m [32m INFO[0m [2mspark_model::factory::build[0m[2m:[0m       532.7 MB  x82    crates/spark-model/src/weight_map/quantized.rs
[2m2026-09-05T22:37:01.186790Z[0m [32m INFO[0m [2mspark_model::factory::build[0m[2m:[0m       347.9 MB  x31453 crates/spark-model/src/weight_map/loaders_fp8.rs
[2m2026-09-05T22:37:01.186793Z[0m [32m INFO[0m [2mspark_model::factory::build[0m[2m:[0m         7.5 MB  x30    crates/spark-model/src/weight_map/fp8_lut.rs
[2m2026-09-05T22:37:01.186797Z[0m [32m INFO[0m [2mspark_model::factory::build[0m[2m:[0m         2.5 MB  x40    crates/spark-model/src/layers/moe/init.rs
[2m2026-09-05T22:37:01.187022Z[0m [32m INFO[0m [2mspark_model::factory::build[0m[2m:[0m util pledge honored: 71.1 GB tracked live within the 71.3 GB budget (0.2 GB pledge headroom)
[2m2026-09-05T22:37:01.257507Z[0m [32m INFO[0m [2mspark::main_modules::serve_phases::kernel_gate[0m[2m:[0m 
┌─ Kernel load audit ─ 173 kernels embedded · set-hash e3aea0fdeb04 ─
│ MODULE (operation)                 PTX-HASH       RESOLUTION           SHADOWED
│ ────────────────────────────────────────────────────────────────────────────────────
│ argmax                             a3d8f119da7a   used                 N
│ bf16_add                           c545be6b71cf   -                    N
│ causal_conv1d                      7ab0b25e6e35   used                 N
│ dense_gemv_bf16_batch2             e1f4168736fb   used                 N
│ dense_gemv_bf16_batchm             81909bd83184   used                 N
│ dense_gemv_fp8w_batch2             a567517f18dc   used                 N
│ dequant_fp8_blockscaled_bf16       7ca785f6615b   used                 N
│ dequant_gguf_bf16                  3ea7d0fc8c6f   used                 N
│ dequant_nvfp4_bf16                 f19c898469a3   -                    N
│ dflash2                            505e703883e7   -                    N
│ e2m1                               ee092f6a0007   -                    N
│ embed_from_argmax                  33d7f5f7f9ec   used                 N
│ fp8_gemm_t_blockscaled             e38442d64e75   used                 N
│ fp8_gemv_rt                        3eaa87894534   -                    N
│ fused_k_norm_rope_cache            274a231d8067   used                 N
│ gated_delta_rule                   19171cff0f29   used                 N
│ gated_delta_rule_fla               b314a4eac529   used                 N
│ gated_delta_rule_persistent        2434ef3892bc   used                 N
│ gated_delta_rule_regresident       fc021d4f0478   used                 N
│ gated_delta_rule_wy                1f709adb59e1   used                 N
│ gated_delta_rule_wy17              5710cd8277c5   used                 N
│ gated_delta_rule_wy2_resident      5ef790286dd4   used                 N
│ gated_delta_rule_wy2_resident_f16  6241545d5063   used                 N
│ gated_delta_rule_wy3               f9c827f61f90   used                 N
│ gated_delta_rule_wy3_f16           89fc19007532   used                 N
│ gated_delta_rule_wy3_resident      fca8d31d0845   used                 N
│ gated_delta_rule_wy3_resident_f16  b5e49523c387   used                 N
│ gated_delta_rule_wy4               564b543b338f   used                 N
│ gated_delta_rule_wy4_f16           89c1fed78a9f   used                 N
│ gated_delta_rule_wy64_prefill      d3decc3327aa   used                 N
│ gated_delta_rule_wy_f16            51c86719c030   used                 N
│ gated_delta_rule_wyn               cdc277e13c48   used                 N
│ gdn_verify_fused_conv_kn           66bd2cc1acf2   used                 N
│ gdn_verify_fused_k2                32f1b2749c62   used                 N
│ gemm                               0efe3af7944d   used                 N
│ gemm_splitk                        0c472718bd89   used                 N
│ gemm_tc                            c9cd4a74aa86   used                 N
│ gemv                               98694eec2dfa   used                 N
│ gemv_fp8w                          64caf0b46229   used                 N
│ inferspark_decode                  5135eced3f7f   -                    N
│ inferspark_prefill                 cf58fea48707   used                 N
│ inferspark_prefill_h128            b8e20d30cc9b   -                    N
│ inferspark_prefill_paged_512       f9c2777dc77d   -                    N
│ inferspark_prefill_paged_batched   e3e19bfa20a2   used                 N
│ inferspark_prefill_paged_fp8_batched dabea5428b89   used                 N
│ inferspark_prefill_paged_nvfp4_batched 9728f96cbb4d   used                 N
│ inferspark_prefill_v47             a75c748d0c9f   -                    N
│ kv_cache                           2b4e52b6d337   -                    N
│ lora_bgmv                          c92ad2a0e2bc   -                    N
│ mamba2_ssd_chunk                   39635a3f8333   -                    N
│ mamba2_ssm                         ab9f97ce499b   -                    N
│ metadata_fill                      1d5bf751196c   used                 N
│ moe                                c0c4cff565f5   used                 N
│ moe_bf16_grouped_gemm              07cb1657897f   used                 N
│ moe_decode_atomic_c4               0b21e7b32872   used                 N
│ moe_expert_gemv                    bc99a28c1fbe   used                 N
│ moe_expert_gemv_fused              fcb5c21d01e5   -                    N
│ moe_fp8_grouped_gemm               b7cc6e252b3e   used                 N
│ moe_fused_batch2                   5c35a6941de7   used                 N
│ moe_fused_batch3                   f63c53f276e3   used                 N
│ moe_gate_topk                      a8fd3c3b3db9   used                 N
│ moe_hash_route                     4c9092b0b5bd   used                 N
│ moe_lora_gather_bgmv               fe7e1af640f6   -                    N
│ moe_lora_grouped_down              197182c49d84   -                    N
│ moe_prefill                        97146a516b9b   used                 N
│ moe_relu2_fused                    a72403bf6dd7   -                    N
│ moe_shared_expert_fused            b68db854cf10   used                 N
│ moe_shared_expert_fused_batch2_t   b83c587dd066   used                 N
│ moe_shared_expert_fused_batch3_t   141b291be42d   used                 N
│ moe_shared_expert_fused_bf16       110548889e0f   used                 N
│ moe_shared_expert_fused_bf16_batch2 e562ae77741f   used                 N
│ moe_shared_expert_fused_fp8        9ee897f90bf4   used                 N
│ moe_shared_expert_fused_fp8_batch2 b4c0ae76cd35   used                 N
│ moe_shared_expert_fused_fp8_batch2_t 152d4f318a09   used                 N
│ moe_shared_expert_fused_fp8_batch3 fbba7016b029   used                 N
│ moe_shared_expert_fused_fp8_batch3_t 0387c0d01bd7   used                 N
│ moe_shared_expert_fused_fp8_t      8542d58d5a49   used                 N
│ moe_shared_expert_fused_t          90de732f2498   used                 N
│ moe_silu_mul                       944a461c9c33   used                 N
│ moe_sorted                         4e3692d4b59c   used                 N
│ moe_topk                           ceaf62b9ee78   used                 N
│ moe_topk_sig                       c9078eb548f0   used                 N
│ moe_topk_softmax_bias              9e33f60b21f0   used                 N
│ moe_topk_sqrt                      55316962d0f0   used                 N
│ moe_transpose_batched              548c1c368da1   used                 N
│ moe_w4a16                          a2b22be8e25e   used                 Y (1 dropped)
│ moe_w8a8_grouped_gemm              2ab8b585f13a   used                 N
│ nemotron_moe_prefill               7d611384a880   -                    N
│ nllb_encoder                       9c06ebec859c   -                    N
│ norm                               39583f167b56   used                 N
│ paged_decode                       f9cf37f937a3   used                 N
│ paged_decode_bf16k_turbo2v         ae57e28ccf0a   -                    N
│ paged_decode_bf16k_turbo2v_128     c72279607077   -                    N
│ paged_decode_bf16k_turbo3v         0a00279aedf6   -                    N
│ paged_decode_bf16k_turbo3v_128     cf4f70644d26   -                    N
│ paged_decode_bf16k_turbo4v         f10fe0d153c6   -                    N
│ paged_decode_bf16k_turbo4v_128     084f13d8a3bc   -                    N
│ paged_decode_fp8                   e5acd87bc335   used                 N
│ paged_decode_fp8k_turbo2v          73568425d01b   -                    N
│ paged_decode_fp8k_turbo2v_128      f95969bfa730   -                    N
│ paged_decode_fp8k_turbo3v          7875a2251caf   -                    N
│ paged_decode_fp8k_turbo3v_128      c27da47baf4a   -                    N
│ paged_decode_fp8k_turbo4v          be5202228465   -                    N
│ paged_decode_fp8k_turbo4v_128      16c05e5cad14   -                    N
│ paged_decode_nvfp4                 2075fb3fac85   -                    N
│ paged_decode_turbo2                f4e19492e218   -                    N
│ paged_decode_turbo2_128            81cdb2be29f6   -                    N
│ paged_decode_turbo3                31ad1778a26f   -                    N
│ paged_decode_turbo3_128            dc2ff01c04f1   -                    N
│ paged_decode_turbo3k_turbo8v       3e8243b1561a   -                    N
│ paged_decode_turbo3k_turbo8v_128   80b7daca9986   -                    N
│ paged_decode_turbo4                195bbebc87b0   -                    N
│ paged_decode_turbo4_128            121f53435ee4   -                    N
│ paged_decode_turbo4_512            e53a1bd3d8a8   -                    N
│ paged_decode_turbo4k_turbo3v       ddd70af4c1be   -                    N
│ paged_decode_turbo4k_turbo3v_128   4eac023391a7   -                    N
│ paged_decode_turbo4k_turbo8v       7e4af1d8d58f   -                    N
│ paged_decode_turbo4k_turbo8v_128   d6129769be1d   -                    N
│ paged_decode_turbo8                a3cebd74bed2   -                    N
│ paged_decode_turbo8_128            a7811959aad6   -                    N
│ paged_decode_turbo8_512            d85b7e70ef63   -                    N
│ per_token_group_quant_fp8          60432b374f77   used                 N
│ prefill_fp8kv                      1723bd8cece8   -                    N
│ prefill_paged                      16ac23f76bca   used                 N
│ prefill_paged_bf16k_turbo2v        5632304dc8ff   used                 N
│ prefill_paged_bf16k_turbo3v        10bba38b0548   used                 N
│ prefill_paged_bf16k_turbo4v        1677758ae47a   used                 N
│ prefill_paged_fp8                  c28e747ccf9f   used                 N
│ prefill_paged_fp8k_turbo2v         2df8caa3927b   used                 N
│ prefill_paged_fp8k_turbo3v         2d57552506fb   used                 N
│ prefill_paged_fp8k_turbo4v         c2166490c6d3   used                 N
│ prefill_paged_indirect             897275212550   -                    N
│ prefill_paged_nvfp4                ce0d8d9a60d3   used                 N
│ prefill_paged_turbo2               a9a23e2b3d03   used                 N
│ prefill_paged_turbo3               ce0017962e68   used                 N
│ prefill_paged_turbo3k_turbo8v      1f1892971511   used                 N
│ prefill_paged_turbo4               7c58b7ce9229   used                 N
│ prefill_paged_turbo4k_turbo3v      12db335dcfdd   used                 N
│ prefill_paged_turbo4k_turbo8v      081397cc5fb8   used                 N
│ prefill_paged_turbo8               e45bf3407a1b   used                 N
│ q2_0_gemv                          d94e369bebea   -                    N
│ q2_0_gemv_vec                      461e4edb18bb   used                 N
│ quant_rowwise_fp8                  1e626b8a3a25   -                    N
│ quantize_bf16_to_fp8_blockscaled   68ebed9e2706   -                    N
│ quantize_nvfp4                     225759ad81f9   used                 N
│ relu2                              9ca7d0d89bcb   -                    N
│ reshape_and_cache                  1ff39b18cce3   used                 N
│ reshape_and_cache_turbo            5bd3666c2efb   -                    N
│ residual_add                       6f5cda944230   used                 N
│ rms_norm_vanilla                   afca074afa31   -                    N
│ rope                               0c9e11777609   used                 N
│ rope_mrope_interleaved             3ad05b8ad684   used                 N
│ ssm_h_dtype                        71fc4ec62b4a   used                 N
│ ssm_preprocess                     be3ce7f5576c   used                 N
│ ssm_state_norm                     d360f511d031   used                 N
│ token_overlay                      36b987f13fe3   used                 N
│ tq_plus_innerq_apply               f386b419370d   used                 N
│ transpose_u8                       231b85b903d6   used                 N
│ vector_add                         c5307a23277d   -                    N
│ vision_encoder                     5d5643ec9948   used                 N
│ w4a16                              04f476dd922a   used                 Y (1 dropped)
│ w4a16_fp8_ldmab                    26f1c1f2dd4e   -                    N
│ w4a16_gemv                         2f285c75f86d   used                 N
│ w4a16_gemv_fused                   9e9778cd14d2   used                 N
│ w8a16_gemm                         e974f7e0d13f   used                 N
│ w8a16_gemm_pipelined               15f207518fa6   used                 N
│ w8a16_gemm_t                       60091e2746f7   used                 N
│ w8a16_gemm_t_m128                  7ff753cd8aa3   used                 N
│ w8a16_gemv                         55805d4299d9   used                 N
│ w8a16_gemv_batch4                  a5a48306d4d1   used                 N
│ w8a16_gemv_fused                   646930a34817   -                    N
│ wht_bf16                           4a07ee00eb6c   used                 N
│ widen_block_scale_f32              6db3bf165dfa   used                 N
└─

20 kernel(s) declared expected-absent in this target's MODEL.toml [expected_absent] (no action):
    gated_delta_rule::gated_delta_rule_decode_f16_norm, gated_delta_rule::gated_delta_rule_decode_f16_strided_norm_half, gated_delta_rule::gated_delta_rule_decode_f32_strided_norm_half, gated_delta_rule::gated_delta_rule_decode_f32_strided_norm_smem, gated_delta_rule_snap::gated_delta_rule_decode_f32_norm_snap, gated_delta_rule_snap::gated_delta_rule_decode_f32_strided_norm_snap, gdn_verify_fused_conv_kn_f32::gdn_verify_fused_conv_kn_f32, moe_w4a16::moe_w4a16_down_t_k64_fp4, moe_w4a16::moe_w4a16_fused_gate_up_t_e8m0, moe_w4a16::moe_w4a16_fused_gate_up_t_k64_e8m0, moe_w4a16::moe_w4a16_fused_gate_up_t_k64_fp4, moe_w4a16::moe_w4a16_fused_gate_up_t_k64_m128, moe_w4a16::moe_w4a16_grouped_gemm_ptrtable_e8m0, moe_w4a16::moe_w4a16_grouped_gemm_ptrtable_t_e8m0, moe_w4a16::moe_w4a16_grouped_gemm_ptrtable_t_k64_e8m0, w4a16::w4a16_gemm_t_k64_n64_p3, w4a16::w4a16_gemm_t_k64_p3, w4a16::w4a16_gemm_t_m128_bf16, w4a16::w4a16_gemm_t_p3, w4a4::w4a4_gemm_mfast

[2m2026-09-05T22:37:01.262846Z[0m [32m INFO[0m [2mspark::main_modules::serve_phases::runtime[0m[2m:[0m EOS tokens (from generation_config.json): [248046, 248044]
[2m2026-09-05T22:37:01.262873Z[0m [32m INFO[0m [2mspark::main_modules::serve_phases::runtime[0m[2m:[0m Default sampling: temperature=1, top_k=20, top_p=0.95, top_n_sigma=1, min_p=0.08
[2m2026-09-05T22:37:01.647313Z[0m [32m INFO[0m [2mspark::tokenizer::jinja_helpers[0m[2m:[0m Loaded Jinja chat template from tokenizer_config.json (7772 chars)
[2m2026-09-05T22:37:01.647953Z[0m [32m INFO[0m [2mspark::tokenizer::chat_impl[0m[2m:[0m Loaded tokenizer from /workspace/atlas-rental/hf/hub/models--Qwen--Qwen3.6-35B-A3B-FP8/snapshots/95a723d08a9490559dae23d0cff1d9466213d989/tokenizer.json
[2m2026-09-05T22:37:01.705157Z[0m [32m INFO[0m [2mspark::main_modules::serve_phases::tokenizer_runtime[0m[2m:[0m Reasoning parser: qwen (auto-detected from model_type 'qwen3_6_moe')
[2m2026-09-05T22:37:01.705398Z[0m [32m INFO[0m [2mspark::main_modules::serve_phases::tokenizer_runtime[0m[2m:[0m Code-fence token: 71093 (``` — F2 fence guard active)
[2m2026-09-05T22:37:01.862758Z[0m [32m INFO[0m [2mspark::main_modules::serve_phases::tokenizer_runtime[0m[2m:[0m Numeric-token mask: 10/248070 ids classified as digit-runs (digit-normalized content-loop path active)
[2m2026-09-05T22:37:02.020976Z[0m [32m INFO[0m [2mspark::main_modules::serve_phases::tokenizer_runtime[0m[2m:[0m Boundary-token mask: 620/248070 ids end in a newline / sentence boundary (Phase-C rollback-to-boundary active)
[2m2026-09-05T22:37:02.173799Z[0m [32m INFO[0m [2mspark::main_modules::serve_phases::tokenizer_runtime[0m[2m:[0m Mid-word token mask: 241519/248070 ids end in alphanumeric (mid-word </think> defer active during thinking)
[2m2026-09-05T22:37:02.173815Z[0m [32m INFO[0m [2mspark::main_modules::serve_phases::tokenizer_runtime[0m[2m:[0m Thinking end token: 248069 (</think>)
[2m2026-09-05T22:37:02.173820Z[0m [32m INFO[0m [2mspark::main_modules::serve_phases::tokenizer_runtime[0m[2m:[0m Thinking start token: 248068 (<think>)
[2m2026-09-05T22:37:02.173839Z[0m [32m INFO[0m [2mspark::main_modules::serve_phases::tokenizer_runtime[0m[2m:[0m ChatML role-boundary hard stop: <|im_start|> (id 248045) registered
[2m2026-09-05T22:37:02.173846Z[0m [32m INFO[0m [2mspark::main_modules::serve_phases::tokenizer_runtime[0m[2m:[0m Tool-response hard stop: <tool_response> (id 248066) registered
[2m2026-09-05T22:37:02.173919Z[0m [32m INFO[0m [2mspark::main_modules::serve_phases::tokenizer_runtime[0m[2m:[0m Tool call start token: 248058 (<tool_call>)
[2m2026-09-05T22:37:02.173926Z[0m [32m INFO[0m [2mspark::main_modules::serve_phases::tokenizer_runtime[0m[2m:[0m Tool call end token: 248059 (</tool_call>)
[2m2026-09-05T22:37:02.470487Z[0m [32m INFO[0m [2mspark::grammar::engine[0m[2m:[0m Grammar: detected tokenizer vocab_type=byte_level, add_prefix_space=false
[2m2026-09-05T22:37:02.762876Z[0m [32m INFO[0m [2mspark::main_modules::serve_phases::tokenizer_runtime[0m[2m:[0m Grammar engine initialized (vocab_size=248070, vocab_type=auto-detected from tokenizer)
[2m2026-09-05T22:37:02.763731Z[0m [32m INFO[0m [2mspark::main_modules::serve_load[0m[2m:[0m Scheduling policy: SLAI (TBT deadline=100ms)
[2m2026-09-05T22:37:02.764006Z[0m [32m INFO[0m [2mspark::main_modules::serve_phases::runtime[0m[2m:[0m Tool call parser: qwen3_coder (auto-detected from model_type 'qwen3_6_moe')
[2m2026-09-05T22:37:02.764019Z[0m [32m INFO[0m [2mspark::main_modules::serve_phases::runtime[0m[2m:[0m Tool call parser: 'qwen3_coder' has registered XGrammar grammar — constrained decoding ENABLED for tool requests
[2m2026-09-05T22:37:02.764025Z[0m [32m INFO[0m [2mspark::main_modules::serve_phases::runtime[0m[2m:[0m Response store: max_entries=10000, ttl=86400s, persist=memory-only
[2m2026-09-05T22:37:02.764047Z[0m [32m INFO[0m [2mspark::main_modules::serve_phases::runtime[0m[2m:[0m Model behavior: max_thinking_budget=768, thinking_default=true
[2m2026-09-05T22:37:02.764051Z[0m [32m INFO[0m [2mspark::main_modules::serve_phases::runtime[0m[2m:[0m Model behavior: content-loop watchdog ENABLED (period-2…64 repetition detector)
[2m2026-09-05T22:37:02.764056Z[0m [32m INFO[0m [2mspark::main_modules::serve_phases::runtime[0m[2m:[0m Model behavior: watchdog rollback+re-steer ENABLED (cap 2 per sequence)
[2m2026-09-05T22:37:02.764060Z[0m [32m INFO[0m [2mspark::main_modules::serve_phases::runtime[0m[2m:[0m --disable-thinking set: thinking is forced OFF for every request
[2m2026-09-05T22:37:02.764312Z[0m [32m INFO[0m [2mspark::scheduler[0m[2m:[0m Scheduler started (batched mode, max_batch=32, mtp=false, ngram=false, num_drafts=0, policy=slai, chunked_prefill=true, max_prefill_tokens=32768)
[2m2026-09-05T22:37:02.765234Z[0m [32m INFO[0m [2mspark::scheduler[0m[2m:[0m Swap space: 3 GB at /tmp/atlas-swap-43843
[2m2026-09-05T22:37:02.765750Z[0m [33m WARN[0m [2mspark::main_modules::serve_router[0m[2m:[0m Atlas is listening on 0.0.0.0:8888 — reachable from any host on the network. If this machine is on a shared LAN or has a public IP, pass --bind 127.0.0.1 (or set --require-auth and a real firewall) before accepting traffic.
[2m2026-09-05T22:37:02.765909Z[0m [32m INFO[0m [2mspark::main_modules::serve_router[0m[2m:[0m Server live and ready at 127.0.0.1:8888 running Qwen/Qwen3.6-35B-A3B-FP8
[2m2026-09-05T22:37:03.638717Z[0m [32m INFO[0m [2mspark::api::chat::prepare[0m[2m:[0m Request: model=Qwen/Qwen3.6-35B-A3B-FP8, messages=1, tools=0, tools_active=false, tool_choice=None, stream=false, temp=Some(0.0), max_tokens=1, freq_pen=Some(0.0), rep_pen=None
[2m2026-09-05T22:37:03.639043Z[0m [32m INFO[0m [2mspark::tokenizer::chat_impl[0m[2m:[0m Jinja rendered (71 chars): "<|im_start|>user\nhi<|im_end|>\n<|im_start|>assistant\n<think>\n\n</think>\n\n"
[2m2026-09-05T22:37:03.639519Z[0m [32m INFO[0m [2mspark::api::chat[0m[2m:[0m Session 0xad17a500a5cd2703: 13 prompt tokens, tools=false (0 defined)
[2m2026-09-05T22:37:03.639603Z[0m [32m INFO[0m [2mspark::api::chat::sampling_setup[0m[2m:[0m sampling resolved (first request): temp=0.000 top_p=0.950 top_k=20 min_p=0.0800 top_n_sigma=1.0000 rep_pen=1.000 (core_preset=false)
[2m2026-09-05T22:37:03.640063Z[0m [32m INFO[0m [2mspark::scheduler::prefill_a_step[0m[2m:[0m Chunked prefill start: 13 prompt tokens, chunk_size=13, max_tokens=1
[2m2026-09-05T22:37:03.642169Z[0m [32m INFO[0m [2mspark_model::layers::qwen3_ssm::trait_prefill_recur[0m[2m:[0m GDN prefill: FLA chunked path ACTIVE (baked default: recompute_wu → chunk_delta_h_ksplit → chunk_fwd_o)
[2m2026-09-05T22:37:03.653726Z[0m [32m INFO[0m [2mspark_model::layers::fp8_calibration[0m[2m:[0m FP8 KV scale frozen on first observe (13 tok, headroom=2.0): k_scale=0.074777 (max=16.75), v_scale=0.046596 (max=10.44) — constant for all entries
[2m2026-09-05T22:37:03.657875Z[0m [32m INFO[0m [2mspark_model::layers::fp8_calibration[0m[2m:[0m FP8 KV scale frozen on first observe (13 tok, headroom=2.0): k_scale=0.088728 (max=19.88), v_scale=0.054688 (max=12.25) — constant for all entries
[2m2026-09-05T22:37:03.662004Z[0m [32m INFO[0m [2mspark_model::layers::fp8_calibration[0m[2m:[0m FP8 KV scale frozen on first observe (13 tok, headroom=2.0): k_scale=0.059710 (max=13.38), v_scale=0.052734 (max=11.81) — constant for all entries
[2m2026-09-05T22:37:03.666144Z[0m [32m INFO[0m [2mspark_model::layers::fp8_calibration[0m[2m:[0m FP8 KV scale frozen on first observe (13 tok, headroom=2.0): k_scale=0.070312 (max=15.75), v_scale=0.054967 (max=12.31) — constant for all entries
[2m2026-09-05T22:37:03.670262Z[0m [32m INFO[0m [2mspark_model::layers::fp8_calibration[0m[2m:[0m FP8 KV scale frozen on first observe (13 tok, headroom=2.0): k_scale=0.075335 (max=16.88), v_scale=0.051060 (max=11.44) — constant for all entries
[2m2026-09-05T22:37:03.674393Z[0m [32m INFO[0m [2mspark_model::layers::fp8_calibration[0m[2m:[0m FP8 KV scale frozen on first observe (13 tok, headroom=2.0): k_scale=0.077567 (max=17.38), v_scale=0.079241 (max=17.75) — constant for all entries
[2m2026-09-05T22:37:03.685268Z[0m [32m INFO[0m [2mspark::scheduler::prefill_a_step[0m[2m:[0m Prefill first token: 9419
[2m2026-09-05T22:37:03.685332Z[0m [32m INFO[0m [2mspark::scheduler::mtp_accept_debug[0m[2m:[0m Done: 1 tokens (length) 24580.3 tok/s, TTFT=45.2ms, serial=0.00 mtp=0.00 p1=0.000 mean_na=0.000 tok_step=1.000 regime_reprobes=0
[2m2026-09-05T22:37:04.884465Z[0m [32m INFO[0m [2mspark::api::chat::prepare[0m[2m:[0m Request: model=Qwen/Qwen3.6-35B-A3B-FP8, messages=1, tools=0, tools_active=false, tool_choice=None, stream=true, temp=Some(0.0), max_tokens=256, freq_pen=Some(0.0), rep_pen=None
[2m2026-09-05T22:37:04.884799Z[0m [32m INFO[0m [2mspark::tokenizer::chat_impl[0m[2m:[0m Jinja rendered (164 chars): "<|im_start|>user\nList exactly five prime numbers greater than one hundred, comma separated, with no other words.<|im_end|>\n<|im_start|>assistant\n<think>\n\n</think>\n\n"
[2m2026-09-05T22:37:04.885563Z[0m [32m INFO[0m [2mspark::api::chat[0m[2m:[0m Session 0x22edf306cc1e3ad6: 30 prompt tokens, tools=false (0 defined)
[2m2026-09-05T22:37:04.886007Z[0m [32m INFO[0m [2mspark::scheduler::prefill_a_step[0m[2m:[0m Chunked prefill start: 30 prompt tokens, chunk_size=30, max_tokens=256
[2m2026-09-05T22:37:04.948072Z[0m [32m INFO[0m [2mspark_model::model::trait_impl::prefill_b::finalize_last[0m[2m:[0m Saved SSM snapshot 0 for 30 tokens (2 blocks) [chunk]
[2m2026-09-05T22:37:04.959018Z[0m [32m INFO[0m [2mspark::scheduler::prefill_a_step[0m[2m:[0m Prefill first token: 16
[2m2026-09-05T22:37:04.959046Z[0m [32m INFO[0m [2mspark::scheduler::phase_start_prefills[0m[2m:[0m Prefilled (single chunk): seq_len=30, remaining=255
[2m2026-09-05T22:37:04.959109Z[0m [32m INFO[0m [2mspark_model::model::trait_impl::decode_a[0m[2m:[0m FP8 calibration frozen — re-enabling CUDA graphs
[2m2026-09-05T22:37:04.959117Z[0m [32m INFO[0m [2mspark_model::model::trait_impl::decode_a[0m[2m:[0m CUDA graph capture: starting for 40 layers
[2m2026-09-05T22:37:04.964155Z[0m [32m INFO[0m [2mspark_model::model::trait_impl::decode_a[0m[2m:[0m CUDA graph captured successfully for slot=0 (handle=130567342800848)
[2m2026-09-05T22:37:05.058036Z[0m [32m INFO[0m [2mspark::scheduler::mtp_accept_debug[0m[2m:[0m Done: 24 tokens (stop) 242.5 tok/s, TTFT=73.0ms, serial=1.00 mtp=0.00 p1=0.000 mean_na=0.000 tok_step=1.000 regime_reprobes=0
[2m2026-09-05T22:37:05.058338Z[0m [32m INFO[0m [2mspark_model::model::trait_impl::decode_checkpoint[0m[2m:[0m Saved finish-leaf SSM snapshot 1 for 53 tokens
[2m2026-09-05T22:37:05.246069Z[0m [32m INFO[0m [2mspark::api::chat::prepare[0m[2m:[0m Request: model=Qwen/Qwen3.6-35B-A3B-FP8, messages=1, tools=1, tools_active=true, tool_choice=Some(Mode("auto")), stream=true, temp=Some(0.0), max_tokens=256, freq_pen=Some(0.0), rep_pen=None
[2m2026-09-05T22:37:05.246543Z[0m [32m INFO[0m [2mspark::tokenizer::chat_impl[0m[2m:[0m Jinja rendered (1361 chars): " tell the user about function calls\n</IMPORTANT><|im_end|>\n<|im_start|>user\nWhat is the weather in Reykjavik over the next three days? Use the tool.<|im_end|>\n<|im_start|>assistant\n<think>\n\n</think>\n\n"
[2m2026-09-05T22:37:05.249522Z[0m [32m INFO[0m [2mspark::api::chat[0m[2m:[0m Session 0xdd42ddcda3133b1e: 298 prompt tokens, tools=true (1 defined)
[2m2026-09-05T22:37:10.172341Z[0m [32m INFO[0m [2mspark::scheduler::emit_step[0m[2m:[0m Grammar constrained decoding active: parser=qwen3_coder, tools=1
[2m2026-09-05T22:37:10.172373Z[0m [32m INFO[0m [2mspark::scheduler::prefill_a_step[0m[2m:[0m Chunked prefill start: 298 prompt tokens, chunk_size=298, max_tokens=256
[2m2026-09-05T22:37:10.427578Z[0m [32m INFO[0m [2mspark_model::model::trait_impl::prefill_b::save_checkpoint[0m[2m:[0m Intermediate SSM checkpoint saved at token 272 (snapshot_id 2, block 17)
[2m2026-09-05T22:37:10.474201Z[0m [32m INFO[0m [2mspark_model::model::trait_impl::prefill_b::finalize_last[0m[2m:[0m Saved SSM snapshot 3 for 298 tokens (19 blocks) [chunk]
[2m2026-09-05T22:37:10.487536Z[0m [32m INFO[0m [2mspark::scheduler::prefill_a_step[0m[2m:[0m Prefill first token: 248058
[2m2026-09-05T22:37:10.487576Z[0m [32m INFO[0m [2mspark::scheduler::phase_start_prefills[0m[2m:[0m Prefilled (single chunk): seq_len=298, remaining=255
[2m2026-09-05T22:37:10.617882Z[0m [32m INFO[0m [2mspark_model::model::trait_impl::decode_checkpoint[0m[2m:[0m decode-ckpt SAVE: snap_tokens=320 end_block=20 snap_id=4 block_table_len=20 straddle=0
[2m2026-09-05T22:37:10.720175Z[0m [32m INFO[0m [2mspark::api::chat_stream::tool_handlers[0m[2m:[0m Tool call: get_weather({"city":"Reykjavik","days":3})
[2m2026-09-05T22:37:10.725385Z[0m [32m INFO[0m [2mspark::scheduler::mtp_accept_debug[0m[2m:[0m Done: 41 tokens (stop) 172.4 tok/s, TTFT=5237.6ms, serial=1.00 mtp=0.00 p1=0.000 mean_na=0.000 tok_step=1.000 regime_reprobes=0
[2m2026-09-05T22:37:10.725764Z[0m [32m INFO[0m [2mspark_model::model::trait_impl::decode_checkpoint[0m[2m:[0m Saved finish-leaf SSM snapshot 5 for 338 tokens
[2m2026-09-05T22:37:10.880912Z[0m [32m INFO[0m [2mspark::api::chat::prepare[0m[2m:[0m Request: model=Qwen/Qwen3.6-35B-A3B-FP8, messages=1, tools=1, tools_active=true, tool_choice=Some(Mode("auto")), stream=true, temp=Some(0.0), max_tokens=256, freq_pen=Some(0.0), rep_pen=None
[2m2026-09-05T22:37:10.881878Z[0m [32m INFO[0m [2mspark::tokenizer::chat_impl[0m[2m:[0m Jinja rendered (1361 chars): " tell the user about function calls\n</IMPORTANT><|im_end|>\n<|im_start|>user\nWhat is the weather in Reykjavik over the next three days? Use the tool.<|im_end|>\n<|im_start|>assistant\n<think>\n\n</think>\n\n"
[2m2026-09-05T22:37:10.885626Z[0m [32m INFO[0m [2mspark::api::chat[0m[2m:[0m Session 0xdd42ddcda3133b1e: 298 prompt tokens, tools=true (1 defined)
[2m2026-09-05T22:37:10.887668Z[0m [32m INFO[0m [2mspark::scheduler::emit_step[0m[2m:[0m Grammar constrained decoding active: parser=qwen3_coder, tools=1
[2m2026-09-05T22:37:10.887738Z[0m [32m INFO[0m [2mspark::scheduler::prefill_a_step[0m[2m:[0m Chunked prefill start: 298 prompt tokens, chunk_size=298, max_tokens=256
[2m2026-09-05T22:37:10.889755Z[0m [32m INFO[0m [2mspark_model::model::trait_impl::prefill_b::prefix_lookup[0m[2m:[0m Marconi intermediate hit: restored from checkpoint at token 272 (skipping 272 tokens, replaying 26 SSM tokens to reach 298; 16 of those are the anchor->match gap to 288)
[2m2026-09-05T22:37:10.890228Z[0m [32m INFO[0m [2mspark_model::layers::qwen3_ssm::trait_prefill_recur[0m[2m:[0m GDN prefill: REGISTER-RESIDENT warm-replay path ACTIVE (default; H in regs, no smem-H)
[2m2026-09-05T22:37:10.935986Z[0m [32m INFO[0m [2mspark_model::model::trait_impl::prefill_b::finalize_last[0m[2m:[0m Saved SSM snapshot 6 for 298 tokens (19 blocks) [chunk]
[2m2026-09-05T22:37:10.950409Z[0m [32m INFO[0m [2mspark::scheduler::prefill_a_step[0m[2m:[0m Prefill first token: 248058
[2m2026-09-05T22:37:10.950452Z[0m [32m INFO[0m [2mspark::scheduler::phase_start_prefills[0m[2m:[0m Prefilled (single chunk): seq_len=298, remaining=255
[2m2026-09-05T22:37:11.089347Z[0m [32m INFO[0m [2mspark_model::model::trait_impl::decode_checkpoint[0m[2m:[0m decode-ckpt SAVE: snap_tokens=320 end_block=20 snap_id=3 block_table_len=20 straddle=0
[2m2026-09-05T22:37:11.191921Z[0m [32m INFO[0m [2mspark::api::chat_stream::tool_handlers[0m[2m:[0m Tool call: get_weather({"city":"Reykjavik","days":3})
[2m2026-09-05T22:37:11.197168Z[0m [32m INFO[0m [2mspark::scheduler::mtp_accept_debug[0m[2m:[0m Done: 41 tokens (stop) 166.2 tok/s, TTFT=64.3ms, serial=1.00 mtp=0.00 p1=0.000 mean_na=0.000 tok_step=1.000 regime_reprobes=0
[2m2026-09-05T22:37:11.197537Z[0m [32m INFO[0m [2mspark_model::model::trait_impl::decode_checkpoint[0m[2m:[0m Saved finish-leaf SSM snapshot 4 for 338 tokens
[2m2026-09-05T22:37:11.344376Z[0m [32m INFO[0m [2mspark::api::chat::prepare[0m[2m:[0m Request: model=Qwen/Qwen3.6-35B-A3B-FP8, messages=1, tools=1, tools_active=true, tool_choice=Some(Mode("auto")), stream=true, temp=Some(0.0), max_tokens=256, freq_pen=Some(0.0), rep_pen=None
[2m2026-09-05T22:37:11.344783Z[0m [32m INFO[0m [2mspark::tokenizer::chat_impl[0m[2m:[0m Jinja rendered (1361 chars): " tell the user about function calls\n</IMPORTANT><|im_end|>\n<|im_start|>user\nWhat is the weather in Reykjavik over the next three days? Use the tool.<|im_end|>\n<|im_start|>assistant\n<think>\n\n</think>\n\n"
[2m2026-09-05T22:37:11.346582Z[0m [32m INFO[0m [2mspark::api::chat[0m[2m:[0m Session 0xdd42ddcda3133b1e: 298 prompt tokens, tools=true (1 defined)
[2m2026-09-05T22:37:11.348506Z[0m [32m INFO[0m [2mspark::scheduler::emit_step[0m[2m:[0m Grammar constrained decoding active: parser=qwen3_coder, tools=1
[2m2026-09-05T22:37:11.348565Z[0m [32m INFO[0m [2mspark::scheduler::prefill_a_step[0m[2m:[0m Chunked prefill start: 298 prompt tokens, chunk_size=298, max_tokens=256
[2m2026-09-05T22:37:11.349868Z[0m [32m INFO[0m [2mspark_model::model::trait_impl::prefill_b::prefix_lookup[0m[2m:[0m Prefix cache hit: 298 tokens (19 blocks) but no SSM snapshot — recomputing all KV
[2m2026-09-05T22:37:11.601572Z[0m [32m INFO[0m [2mspark_model::model::trait_impl::prefill_b::save_checkpoint[0m[2m:[0m Intermediate SSM checkpoint saved at token 272 (snapshot_id 5, block 17)
[2m2026-09-05T22:37:11.647538Z[0m [32m INFO[0m [2mspark_model::model::trait_impl::prefill_b::finalize_last[0m[2m:[0m Saved SSM snapshot 2 for 298 tokens (19 blocks) [chunk]
[2m2026-09-05T22:37:11.660721Z[0m [32m INFO[0m [2mspark::scheduler::prefill_a_step[0m[2m:[0m Prefill first token: 248058
[2m2026-09-05T22:37:11.660744Z[0m [32m INFO[0m [2mspark::scheduler::phase_start_prefills[0m[2m:[0m Prefilled (single chunk): seq_len=298, remaining=255
[2m2026-09-05T22:37:11.775813Z[0m [32m INFO[0m [2mspark::scheduler::decode_logits_step[0m[2m:[0m DECODE_TIMING (last 100 host-path tokens): copy+fwd-wait=4.17ms/tok sample(248k host)=1.65ms/tok
[2m2026-09-05T22:37:11.786274Z[0m [32m INFO[0m [2mspark_model::model::trait_impl::decode_checkpoint[0m[2m:[0m decode-ckpt SAVE: snap_tokens=320 end_block=20 snap_id=6 block_table_len=20 straddle=0
[2m2026-09-05T22:37:11.884356Z[0m [32m INFO[0m [2mspark::api::chat_stream::tool_handlers[0m[2m:[0m Tool call: get_weather({"city":"Reykjavik","days":3})
[2m2026-09-05T22:37:11.889360Z[0m [32m INFO[0m [2mspark::scheduler::mtp_accept_debug[0m[2m:[0m Done: 41 tokens (stop) 179.3 tok/s, TTFT=313.7ms, serial=1.00 mtp=0.00 p1=0.000 mean_na=0.000 tok_step=1.000 regime_reprobes=0
[2m2026-09-05T22:37:11.889604Z[0m [32m INFO[0m [2mspark_model::model::trait_impl::decode_checkpoint[0m[2m:[0m Saved finish-leaf SSM snapshot 3 for 338 tokens
[2m2026-09-05T22:37:12.060061Z[0m [32m INFO[0m [2mspark::api::chat::prepare[0m[2m:[0m Request: model=Qwen/Qwen3.6-35B-A3B-FP8, messages=1, tools=1, tools_active=true, tool_choice=Some(Mode("auto")), stream=true, temp=Some(0.0), max_tokens=256, freq_pen=Some(0.0), rep_pen=None
[2m2026-09-05T22:37:12.060484Z[0m [32m INFO[0m [2mspark::tokenizer::chat_impl[0m[2m:[0m Jinja rendered (1361 chars): " tell the user about function calls\n</IMPORTANT><|im_end|>\n<|im_start|>user\nWhat is the weather in Reykjavik over the next three days? Use the tool.<|im_end|>\n<|im_start|>assistant\n<think>\n\n</think>\n\n"
[2m2026-09-05T22:37:12.062199Z[0m [32m INFO[0m [2mspark::api::chat[0m[2m:[0m Session 0xdd42ddcda3133b1e: 298 prompt tokens, tools=true (1 defined)
[2m2026-09-05T22:37:12.064050Z[0m [32m INFO[0m [2mspark::scheduler::emit_step[0m[2m:[0m Grammar constrained decoding active: parser=qwen3_coder, tools=1
[2m2026-09-05T22:37:12.064106Z[0m [32m INFO[0m [2mspark::scheduler::prefill_a_step[0m[2m:[0m Chunked prefill start: 298 prompt tokens, chunk_size=298, max_tokens=256
[2m2026-09-05T22:37:12.065364Z[0m [32m INFO[0m [2mspark_model::model::trait_impl::prefill_b::prefix_lookup[0m[2m:[0m Prefix cache hit: 298 tokens (19 blocks) but no SSM snapshot — recomputing all KV
[2m2026-09-05T22:37:12.314823Z[0m [32m INFO[0m [2mspark_model::model::trait_impl::prefill_b::save_checkpoint[0m[2m:[0m Intermediate SSM checkpoint saved at token 272 (snapshot_id 4, block 17)
[2m2026-09-05T22:37:12.360732Z[0m [32m INFO[0m [2mspark_model::model::trait_impl::prefill_b::finalize_last[0m[2m:[0m Saved SSM snapshot 5 for 298 tokens (19 blocks) [chunk]
[2m2026-09-05T22:37:12.373847Z[0m [32m INFO[0m [2mspark::scheduler::prefill_a_step[0m[2m:[0m Prefill first token: 248058
[2m2026-09-05T22:37:12.373867Z[0m [32m INFO[0m [2mspark::scheduler::phase_start_prefills[0m[2m:[0m Prefilled (single chunk): seq_len=298, remaining=255
[2m2026-09-05T22:37:12.497351Z[0m [32m INFO[0m [2mspark_model::model::trait_impl::decode_checkpoint[0m[2m:[0m decode-ckpt SAVE: snap_tokens=320 end_block=20 snap_id=2 block_table_len=20 straddle=0
[2m2026-09-05T22:37:12.595037Z[0m [32m INFO[0m [2mspark::api::chat_stream::tool_handlers[0m[2m:[0m Tool call: get_weather({"city":"Reykjavik","days":3})
[2m2026-09-05T22:37:12.600015Z[0m [32m INFO[0m [2mspark::scheduler::mtp_accept_debug[0m[2m:[0m Done: 41 tokens (stop) 181.3 tok/s, TTFT=311.3ms, serial=1.00 mtp=0.00 p1=0.000 mean_na=0.000 tok_step=1.000 regime_reprobes=0
[2m2026-09-05T22:37:12.600273Z[0m [32m INFO[0m [2mspark_model::model::trait_impl::decode_checkpoint[0m[2m:[0m Saved finish-leaf SSM snapshot 6 for 338 tokens
[2m2026-09-05T22:37:13.291080Z[0m [32m INFO[0m [2mspark::tui::shutdown[0m[2m:[0m Shutdown requested (SIGTERM) — draining in-flight requests
[2m2026-09-05T22:37:13.291212Z[0m [32m INFO[0m [2mspark::tui::shutdown[0m[2m:[0m Drain complete — no active requests
[2m2026-09-05T22:37:13.291258Z[0m [32m INFO[0m [2mspark::main_modules::serve_router[0m[2m:[0m Shutdown complete
