[2m2026-09-06T02:43:49.704554Z[0m [32m INFO[0m [2mspark::main_modules::serve[0m[2m:[0m Atlas Spark starting...
[2m2026-09-06T02:43:49.704663Z[0m [32m INFO[0m [2mspark::main_modules::serve[0m[2m:[0m Licensed under AGPL-3.0-only — see /LICENSE in this container
[2m2026-09-06T02:43:49.704826Z[0m [32m INFO[0m [2mspark::main_modules::serve_flags[0m[2m:[0m kernel flags: ssm_h_dtype=f32 gdn_fused_norm=false ssm_batched_recurrent=false exact_verify=false ssm_tail_midchunk=true mtp_gate=auto ssm_rollback_mode=Snapshot prefill_varlen_batch=false
[2m2026-09-06T02:43:49.704911Z[0m [32m INFO[0m [2mspark::model_resolver[0m[2m:[0m Model path: /workspace/atlas-rental/hf38/hub/models--Qwen--Qwen3.8-27B-FP8/snapshots/017b9c7af6b5689d5dd426a76e0bc077eb5ca20a (local directory)
[2m2026-09-06T02:43:49.704929Z[0m [32m INFO[0m [2mspark::main_modules::serve_load[0m[2m:[0m Port: 8888
[2m2026-09-06T02:43:49.704937Z[0m [32m INFO[0m [2mspark::main_modules::serve_load[0m[2m:[0m SSM decode h-state dtype: f32 (full precision) (--ssm-h-dtype)
[2m2026-09-06T02:43:49.706229Z[0m [32m INFO[0m [2mspark::main_modules::serve[0m[2m:[0m Vision area bound 16777216 px from /workspace/atlas-rental/hf38/hub/models--Qwen--Qwen3.8-27B-FP8/snapshots/017b9c7af6b5689d5dd426a76e0bc077eb5ca20a/preprocessor_config.json (was: hard-coded 1280px long side)
[2m2026-09-06T02:43:49.706260Z[0m [32m INFO[0m [2mspark::main_modules::serve_load[0m[2m:[0m Vision area bound: 16777216 px (checkpoint processor config / ATLAS_VISION_MAX_PIXELS)
[2m2026-09-06T02:43:49.706269Z[0m [32m INFO[0m [2mspark::main_modules::serve_load[0m[2m:[0m Remote image fetching disabled (default); image_url parts carrying an http(s) URL are refused with a 400. Send base64 data: URIs, or pass --vision-allow-remote-images.
[2m2026-09-06T02:43:49.706285Z[0m [32m INFO[0m [2mspark::main_modules::serve_load[0m[2m:[0m Video decoding disabled (default). Animated GIF decodes in-process; every other container needs ffmpeg — pass --video-allow-ffmpeg to enable it.
[2m2026-09-06T02:43:49.706294Z[0m [32m INFO[0m [2mspark::main_modules::serve_load[0m[2m:[0m Quantization config: method="fp8", algo="", format="", 0 module(s) in ignore list
[2m2026-09-06T02:43:49.706306Z[0m [32m INFO[0m [2mspark::main_modules::serve_load[0m[2m:[0m Model config: 64 layers, 16 attention, 48 SSM, 0 experts, rope_theta=10000000, head_dim=256, rotary_dim=64
[2m2026-09-06T02:43:49.706365Z[0m [32m INFO[0m [2mspark::main_modules::serve_load[0m[2m:[0m Selected kernel target: (sm_90, qwen3.8-27b, nvfp4) (181 modules) — quant compat: kernel=nvfp4 model=fp8 OK
[2m2026-09-06T02:43:50.069357Z[0m [32m INFO[0m [2mspark_runtime::cuda_backend::arch_preflight[0m[2m:[0m device CC 9.0, kernels built for sm_90a
[2m2026-09-06T02:43:50.480063Z[0m [32m INFO[0m [2mspark_runtime::cuda_backend[0m[2m:[0m AtlasCudaBackend initialized on GPU 0 with 181 PTX modules
[2m2026-09-06T02:43:50.480269Z[0m [32m INFO[0m [2mspark::main_modules::serve_phases::preflight[0m[2m:[0m GPU 0: 79.2 GB total, 78.6 GB free
[2m2026-09-06T02:43:50.480304Z[0m [32m INFO[0m [2mspark::main_modules::serve_phases::preflight[0m[2m:[0m Preflight reserve: inference=8745 MB, buffer_arena=3658 MB (pre-load free: 78.6 GB)
[2m2026-09-06T02:43:50.480325Z[0m [32m INFO[0m [2mspark::main_modules::serve_load[0m[2m:[0m OOM watchdog started (threshold: 2 GB, interval: 2s)
[2m2026-09-06T02:43:50.480334Z[0m [32m INFO[0m [2mspark::main_modules::serve_load[0m[2m:[0m OOM guard reserve: 4096 MB
[2m2026-09-06T02:43:50.480406Z[0m [32m INFO[0m [2mspark::main_modules::serve_phases::weights[0m[2m:[0m Using fast weight loader (O_DIRECT + pipelined read/copy)
[2m2026-09-06T02:43:50.509130Z[0m [32m INFO[0m [2mspark_runtime::fast_weights[0m[2m:[0m Fast-load pre-flight: 28.75 GB on-disk, 1.1x overhead = 30.18 GB peak, 78.56 GB free, 4.0 GB reserve (FP8: true)
[2m2026-09-06T02:43:50.509278Z[0m [32m INFO[0m [2mspark_runtime::fast_weights[0m[2m:[0m Fast-loading shard 1/66: layers-0.safetensors (20 tensors)
[2m2026-09-06T02:43:50.777099Z[0m [32m INFO[0m [2mspark_runtime::fast_weights[0m[2m:[0m   Shard 1/66 done — GPU memory: 0.36 GB used, 78.20 GB free
[2m2026-09-06T02:43:50.777303Z[0m [32m INFO[0m [2mspark_runtime::fast_weights[0m[2m:[0m Fast-loading shard 2/66: layers-1.safetensors (20 tensors)
[2m2026-09-06T02:43:51.051273Z[0m [32m INFO[0m [2mspark_runtime::fast_weights[0m[2m:[0m   Shard 2/66 done — GPU memory: 0.72 GB used, 77.84 GB free
[2m2026-09-06T02:43:51.051480Z[0m [32m INFO[0m [2mspark_runtime::fast_weights[0m[2m:[0m Fast-loading shard 3/66: layers-10.safetensors (20 tensors)
[2m2026-09-06T02:43:51.317390Z[0m [32m INFO[0m [2mspark_runtime::fast_weights[0m[2m:[0m   Shard 3/66 done — GPU memory: 1.08 GB used, 77.48 GB free
[2m2026-09-06T02:43:51.317598Z[0m [32m INFO[0m [2mspark_runtime::fast_weights[0m[2m:[0m Fast-loading shard 4/66: layers-11.safetensors (18 tensors)
[2m2026-09-06T02:43:51.544371Z[0m [32m INFO[0m [2mspark_runtime::fast_weights[0m[2m:[0m   Shard 4/66 done — GPU memory: 1.43 GB used, 77.13 GB free
[2m2026-09-06T02:43:51.544597Z[0m [32m INFO[0m [2mspark_runtime::fast_weights[0m[2m:[0m Fast-loading shard 5/66: layers-12.safetensors (20 tensors)
[2m2026-09-06T02:43:51.783645Z[0m [32m INFO[0m [2mspark_runtime::fast_weights[0m[2m:[0m   Shard 5/66 done — GPU memory: 1.79 GB used, 76.77 GB free
[2m2026-09-06T02:43:51.783840Z[0m [32m INFO[0m [2mspark_runtime::fast_weights[0m[2m:[0m Fast-loading shard 6/66: layers-13.safetensors (20 tensors)
[2m2026-09-06T02:43:52.046434Z[0m [32m INFO[0m [2mspark_runtime::fast_weights[0m[2m:[0m   Shard 6/66 done — GPU memory: 2.15 GB used, 76.41 GB free
[2m2026-09-06T02:43:52.046736Z[0m [32m INFO[0m [2mspark_runtime::fast_weights[0m[2m:[0m Fast-loading shard 7/66: layers-14.safetensors (20 tensors)
[2m2026-09-06T02:43:52.322311Z[0m [32m INFO[0m [2mspark_runtime::fast_weights[0m[2m:[0m   Shard 7/66 done — GPU memory: 2.52 GB used, 76.05 GB free
[2m2026-09-06T02:43:52.322508Z[0m [32m INFO[0m [2mspark_runtime::fast_weights[0m[2m:[0m Fast-loading shard 8/66: layers-15.safetensors (18 tensors)
[2m2026-09-06T02:43:52.595813Z[0m [32m INFO[0m [2mspark_runtime::fast_weights[0m[2m:[0m   Shard 8/66 done — GPU memory: 2.87 GB used, 75.70 GB free
[2m2026-09-06T02:43:52.596026Z[0m [32m INFO[0m [2mspark_runtime::fast_weights[0m[2m:[0m Fast-loading shard 9/66: layers-16.safetensors (20 tensors)
[2m2026-09-06T02:43:52.854838Z[0m [32m INFO[0m [2mspark_runtime::fast_weights[0m[2m:[0m   Shard 9/66 done — GPU memory: 3.23 GB used, 75.34 GB free
[2m2026-09-06T02:43:52.855025Z[0m [32m INFO[0m [2mspark_runtime::fast_weights[0m[2m:[0m Fast-loading shard 10/66: layers-17.safetensors (20 tensors)
[2m2026-09-06T02:43:53.130510Z[0m [32m INFO[0m [2mspark_runtime::fast_weights[0m[2m:[0m   Shard 10/66 done — GPU memory: 3.59 GB used, 74.98 GB free
[2m2026-09-06T02:43:53.130703Z[0m [32m INFO[0m [2mspark_runtime::fast_weights[0m[2m:[0m Fast-loading shard 11/66: layers-18.safetensors (20 tensors)
[2m2026-09-06T02:43:53.389169Z[0m [32m INFO[0m [2mspark_runtime::fast_weights[0m[2m:[0m   Shard 11/66 done — GPU memory: 3.95 GB used, 74.62 GB free
[2m2026-09-06T02:43:53.389362Z[0m [32m INFO[0m [2mspark_runtime::fast_weights[0m[2m:[0m Fast-loading shard 12/66: layers-19.safetensors (18 tensors)
[2m2026-09-06T02:43:53.667953Z[0m [32m INFO[0m [2mspark_runtime::fast_weights[0m[2m:[0m   Shard 12/66 done — GPU memory: 4.30 GB used, 74.26 GB free
[2m2026-09-06T02:43:53.668156Z[0m [32m INFO[0m [2mspark_runtime::fast_weights[0m[2m:[0m Fast-loading shard 13/66: layers-2.safetensors (20 tensors)
[2m2026-09-06T02:43:53.921241Z[0m [32m INFO[0m [2mspark_runtime::fast_weights[0m[2m:[0m   Shard 13/66 done — GPU memory: 4.66 GB used, 73.90 GB free
[2m2026-09-06T02:43:53.921407Z[0m [32m INFO[0m [2mspark_runtime::fast_weights[0m[2m:[0m Fast-loading shard 14/66: layers-20.safetensors (20 tensors)
[2m2026-09-06T02:43:54.169655Z[0m [32m INFO[0m [2mspark_runtime::fast_weights[0m[2m:[0m   Shard 14/66 done — GPU memory: 5.02 GB used, 73.54 GB free
[2m2026-09-06T02:43:54.169834Z[0m [32m INFO[0m [2mspark_runtime::fast_weights[0m[2m:[0m Fast-loading shard 15/66: layers-21.safetensors (20 tensors)
[2m2026-09-06T02:43:54.431227Z[0m [32m INFO[0m [2mspark_runtime::fast_weights[0m[2m:[0m   Shard 15/66 done — GPU memory: 5.38 GB used, 73.18 GB free
[2m2026-09-06T02:43:54.431413Z[0m [32m INFO[0m [2mspark_runtime::fast_weights[0m[2m:[0m Fast-loading shard 16/66: layers-22.safetensors (20 tensors)
[2m2026-09-06T02:43:54.698474Z[0m [32m INFO[0m [2mspark_runtime::fast_weights[0m[2m:[0m   Shard 16/66 done — GPU memory: 5.74 GB used, 72.82 GB free
[2m2026-09-06T02:43:54.698653Z[0m [32m INFO[0m [2mspark_runtime::fast_weights[0m[2m:[0m Fast-loading shard 17/66: layers-23.safetensors (18 tensors)
[2m2026-09-06T02:43:54.941093Z[0m [32m INFO[0m [2mspark_runtime::fast_weights[0m[2m:[0m   Shard 17/66 done — GPU memory: 6.09 GB used, 72.47 GB free
[2m2026-09-06T02:43:54.941300Z[0m [32m INFO[0m [2mspark_runtime::fast_weights[0m[2m:[0m Fast-loading shard 18/66: layers-24.safetensors (20 tensors)
[2m2026-09-06T02:43:55.174332Z[0m [32m INFO[0m [2mspark_runtime::fast_weights[0m[2m:[0m   Shard 18/66 done — GPU memory: 6.45 GB used, 72.11 GB free
[2m2026-09-06T02:43:55.174491Z[0m [32m INFO[0m [2mspark_runtime::fast_weights[0m[2m:[0m Fast-loading shard 19/66: layers-25.safetensors (20 tensors)
[2m2026-09-06T02:43:55.427527Z[0m [32m INFO[0m [2mspark_runtime::fast_weights[0m[2m:[0m   Shard 19/66 done — GPU memory: 6.81 GB used, 71.75 GB free
[2m2026-09-06T02:43:55.427710Z[0m [32m INFO[0m [2mspark_runtime::fast_weights[0m[2m:[0m Fast-loading shard 20/66: layers-26.safetensors (20 tensors)
[2m2026-09-06T02:43:55.659503Z[0m [32m INFO[0m [2mspark_runtime::fast_weights[0m[2m:[0m   Shard 20/66 done — GPU memory: 7.17 GB used, 71.39 GB free
[2m2026-09-06T02:43:55.659681Z[0m [32m INFO[0m [2mspark_runtime::fast_weights[0m[2m:[0m Fast-loading shard 21/66: layers-27.safetensors (18 tensors)
[2m2026-09-06T02:43:55.911311Z[0m [32m INFO[0m [2mspark_runtime::fast_weights[0m[2m:[0m   Shard 21/66 done — GPU memory: 7.53 GB used, 71.04 GB free
[2m2026-09-06T02:43:55.911500Z[0m [32m INFO[0m [2mspark_runtime::fast_weights[0m[2m:[0m Fast-loading shard 22/66: layers-28.safetensors (20 tensors)
[2m2026-09-06T02:43:56.140305Z[0m [32m INFO[0m [2mspark_runtime::fast_weights[0m[2m:[0m   Shard 22/66 done — GPU memory: 7.89 GB used, 70.68 GB free
[2m2026-09-06T02:43:56.140471Z[0m [32m INFO[0m [2mspark_runtime::fast_weights[0m[2m:[0m Fast-loading shard 23/66: layers-29.safetensors (20 tensors)
[2m2026-09-06T02:43:56.360875Z[0m [32m INFO[0m [2mspark_runtime::fast_weights[0m[2m:[0m   Shard 23/66 done — GPU memory: 8.25 GB used, 70.32 GB free
[2m2026-09-06T02:43:56.361039Z[0m [32m INFO[0m [2mspark_runtime::fast_weights[0m[2m:[0m Fast-loading shard 24/66: layers-3.safetensors (18 tensors)
[2m2026-09-06T02:43:56.610936Z[0m [32m INFO[0m [2mspark_runtime::fast_weights[0m[2m:[0m   Shard 24/66 done — GPU memory: 8.60 GB used, 69.97 GB free
[2m2026-09-06T02:43:56.611125Z[0m [32m INFO[0m [2mspark_runtime::fast_weights[0m[2m:[0m Fast-loading shard 25/66: layers-30.safetensors (20 tensors)
[2m2026-09-06T02:43:56.841985Z[0m [32m INFO[0m [2mspark_runtime::fast_weights[0m[2m:[0m   Shard 25/66 done — GPU memory: 8.96 GB used, 69.60 GB free
[2m2026-09-06T02:43:56.842249Z[0m [32m INFO[0m [2mspark_runtime::fast_weights[0m[2m:[0m Fast-loading shard 26/66: layers-31.safetensors (18 tensors)
[2m2026-09-06T02:43:57.095624Z[0m [32m INFO[0m [2mspark_runtime::fast_weights[0m[2m:[0m   Shard 26/66 done — GPU memory: 9.31 GB used, 69.25 GB free
[2m2026-09-06T02:43:57.095810Z[0m [32m INFO[0m [2mspark_runtime::fast_weights[0m[2m:[0m Fast-loading shard 27/66: layers-32.safetensors (20 tensors)
[2m2026-09-06T02:43:57.319093Z[0m [32m INFO[0m [2mspark_runtime::fast_weights[0m[2m:[0m   Shard 27/66 done — GPU memory: 9.67 GB used, 68.89 GB free
[2m2026-09-06T02:43:57.319359Z[0m [32m INFO[0m [2mspark_runtime::fast_weights[0m[2m:[0m Fast-loading shard 28/66: layers-33.safetensors (20 tensors)
[2m2026-09-06T02:43:57.552346Z[0m [32m INFO[0m [2mspark_runtime::fast_weights[0m[2m:[0m   Shard 28/66 done — GPU memory: 10.03 GB used, 68.53 GB free
[2m2026-09-06T02:43:57.552521Z[0m [32m INFO[0m [2mspark_runtime::fast_weights[0m[2m:[0m Fast-loading shard 29/66: layers-34.safetensors (20 tensors)
[2m2026-09-06T02:43:57.774255Z[0m [32m INFO[0m [2mspark_runtime::fast_weights[0m[2m:[0m   Shard 29/66 done — GPU memory: 10.39 GB used, 68.17 GB free
[2m2026-09-06T02:43:57.774417Z[0m [32m INFO[0m [2mspark_runtime::fast_weights[0m[2m:[0m Fast-loading shard 30/66: layers-35.safetensors (18 tensors)
[2m2026-09-06T02:43:58.024666Z[0m [32m INFO[0m [2mspark_runtime::fast_weights[0m[2m:[0m   Shard 30/66 done — GPU memory: 10.74 GB used, 67.82 GB free
[2m2026-09-06T02:43:58.024855Z[0m [32m INFO[0m [2mspark_runtime::fast_weights[0m[2m:[0m Fast-loading shard 31/66: layers-36.safetensors (20 tensors)
[2m2026-09-06T02:43:58.238121Z[0m [32m INFO[0m [2mspark_runtime::fast_weights[0m[2m:[0m   Shard 31/66 done — GPU memory: 11.10 GB used, 67.46 GB free
[2m2026-09-06T02:43:58.238308Z[0m [32m INFO[0m [2mspark_runtime::fast_weights[0m[2m:[0m Fast-loading shard 32/66: layers-37.safetensors (20 tensors)
[2m2026-09-06T02:43:58.460765Z[0m [32m INFO[0m [2mspark_runtime::fast_weights[0m[2m:[0m   Shard 32/66 done — GPU memory: 11.46 GB used, 67.10 GB free
[2m2026-09-06T02:43:58.460955Z[0m [32m INFO[0m [2mspark_runtime::fast_weights[0m[2m:[0m Fast-loading shard 33/66: layers-38.safetensors (20 tensors)
[2m2026-09-06T02:43:58.671780Z[0m [32m INFO[0m [2mspark_runtime::fast_weights[0m[2m:[0m   Shard 33/66 done — GPU memory: 11.82 GB used, 66.74 GB free
[2m2026-09-06T02:43:58.671957Z[0m [32m INFO[0m [2mspark_runtime::fast_weights[0m[2m:[0m Fast-loading shard 34/66: layers-39.safetensors (18 tensors)
[2m2026-09-06T02:43:58.918789Z[0m [32m INFO[0m [2mspark_runtime::fast_weights[0m[2m:[0m   Shard 34/66 done — GPU memory: 12.18 GB used, 66.39 GB free
[2m2026-09-06T02:43:58.918959Z[0m [32m INFO[0m [2mspark_runtime::fast_weights[0m[2m:[0m Fast-loading shard 35/66: layers-4.safetensors (20 tensors)
[2m2026-09-06T02:43:59.133236Z[0m [32m INFO[0m [2mspark_runtime::fast_weights[0m[2m:[0m   Shard 35/66 done — GPU memory: 12.54 GB used, 66.03 GB free
[2m2026-09-06T02:43:59.133417Z[0m [32m INFO[0m [2mspark_runtime::fast_weights[0m[2m:[0m Fast-loading shard 36/66: layers-40.safetensors (20 tensors)
[2m2026-09-06T02:43:59.337974Z[0m [32m INFO[0m [2mspark_runtime::fast_weights[0m[2m:[0m   Shard 36/66 done — GPU memory: 12.90 GB used, 65.67 GB free
[2m2026-09-06T02:43:59.338149Z[0m [32m INFO[0m [2mspark_runtime::fast_weights[0m[2m:[0m Fast-loading shard 37/66: layers-41.safetensors (20 tensors)
[2m2026-09-06T02:43:59.560251Z[0m [32m INFO[0m [2mspark_runtime::fast_weights[0m[2m:[0m   Shard 37/66 done — GPU memory: 13.26 GB used, 65.31 GB free
[2m2026-09-06T02:43:59.560425Z[0m [32m INFO[0m [2mspark_runtime::fast_weights[0m[2m:[0m Fast-loading shard 38/66: layers-42.safetensors (20 tensors)
[2m2026-09-06T02:43:59.783474Z[0m [32m INFO[0m [2mspark_runtime::fast_weights[0m[2m:[0m   Shard 38/66 done — GPU memory: 13.62 GB used, 64.94 GB free
[2m2026-09-06T02:43:59.783646Z[0m [32m INFO[0m [2mspark_runtime::fast_weights[0m[2m:[0m Fast-loading shard 39/66: layers-43.safetensors (18 tensors)
[2m2026-09-06T02:44:00.025872Z[0m [32m INFO[0m [2mspark_runtime::fast_weights[0m[2m:[0m   Shard 39/66 done — GPU memory: 13.97 GB used, 64.59 GB free
[2m2026-09-06T02:44:00.026063Z[0m [32m INFO[0m [2mspark_runtime::fast_weights[0m[2m:[0m Fast-loading shard 40/66: layers-44.safetensors (20 tensors)
[2m2026-09-06T02:44:00.241736Z[0m [32m INFO[0m [2mspark_runtime::fast_weights[0m[2m:[0m   Shard 40/66 done — GPU memory: 14.33 GB used, 64.23 GB free
[2m2026-09-06T02:44:00.241907Z[0m [32m INFO[0m [2mspark_runtime::fast_weights[0m[2m:[0m Fast-loading shard 41/66: layers-45.safetensors (20 tensors)
[2m2026-09-06T02:44:00.472975Z[0m [32m INFO[0m [2mspark_runtime::fast_weights[0m[2m:[0m   Shard 41/66 done — GPU memory: 14.69 GB used, 63.87 GB free
[2m2026-09-06T02:44:00.473164Z[0m [32m INFO[0m [2mspark_runtime::fast_weights[0m[2m:[0m Fast-loading shard 42/66: layers-46.safetensors (20 tensors)
[2m2026-09-06T02:44:00.684821Z[0m [32m INFO[0m [2mspark_runtime::fast_weights[0m[2m:[0m   Shard 42/66 done — GPU memory: 15.05 GB used, 63.51 GB free
[2m2026-09-06T02:44:00.685002Z[0m [32m INFO[0m [2mspark_runtime::fast_weights[0m[2m:[0m Fast-loading shard 43/66: layers-47.safetensors (18 tensors)
[2m2026-09-06T02:44:00.938601Z[0m [32m INFO[0m [2mspark_runtime::fast_weights[0m[2m:[0m   Shard 43/66 done — GPU memory: 15.40 GB used, 63.16 GB free
[2m2026-09-06T02:44:00.938806Z[0m [32m INFO[0m [2mspark_runtime::fast_weights[0m[2m:[0m Fast-loading shard 44/66: layers-48.safetensors (20 tensors)
[2m2026-09-06T02:44:01.155031Z[0m [32m INFO[0m [2mspark_runtime::fast_weights[0m[2m:[0m   Shard 44/66 done — GPU memory: 15.76 GB used, 62.80 GB free
[2m2026-09-06T02:44:01.155194Z[0m [32m INFO[0m [2mspark_runtime::fast_weights[0m[2m:[0m Fast-loading shard 45/66: layers-49.safetensors (20 tensors)
[2m2026-09-06T02:44:01.367026Z[0m [32m INFO[0m [2mspark_runtime::fast_weights[0m[2m:[0m   Shard 45/66 done — GPU memory: 16.12 GB used, 62.44 GB free
[2m2026-09-06T02:44:01.367171Z[0m [32m INFO[0m [2mspark_runtime::fast_weights[0m[2m:[0m Fast-loading shard 46/66: layers-5.safetensors (20 tensors)
[2m2026-09-06T02:44:01.602171Z[0m [32m INFO[0m [2mspark_runtime::fast_weights[0m[2m:[0m   Shard 46/66 done — GPU memory: 16.48 GB used, 62.08 GB free
[2m2026-09-06T02:44:01.602348Z[0m [32m INFO[0m [2mspark_runtime::fast_weights[0m[2m:[0m Fast-loading shard 47/66: layers-50.safetensors (20 tensors)
[2m2026-09-06T02:44:01.804095Z[0m [32m INFO[0m [2mspark_runtime::fast_weights[0m[2m:[0m   Shard 47/66 done — GPU memory: 16.84 GB used, 61.72 GB free
[2m2026-09-06T02:44:01.804280Z[0m [32m INFO[0m [2mspark_runtime::fast_weights[0m[2m:[0m Fast-loading shard 48/66: layers-51.safetensors (18 tensors)
[2m2026-09-06T02:44:02.035130Z[0m [32m INFO[0m [2mspark_runtime::fast_weights[0m[2m:[0m   Shard 48/66 done — GPU memory: 17.20 GB used, 61.37 GB free
[2m2026-09-06T02:44:02.035335Z[0m [32m INFO[0m [2mspark_runtime::fast_weights[0m[2m:[0m Fast-loading shard 49/66: layers-52.safetensors (20 tensors)
[2m2026-09-06T02:44:02.250068Z[0m [32m INFO[0m [2mspark_runtime::fast_weights[0m[2m:[0m   Shard 49/66 done — GPU memory: 17.56 GB used, 61.01 GB free
[2m2026-09-06T02:44:02.250252Z[0m [32m INFO[0m [2mspark_runtime::fast_weights[0m[2m:[0m Fast-loading shard 50/66: layers-53.safetensors (20 tensors)
[2m2026-09-06T02:44:02.453983Z[0m [32m INFO[0m [2mspark_runtime::fast_weights[0m[2m:[0m   Shard 50/66 done — GPU memory: 17.92 GB used, 60.65 GB free
[2m2026-09-06T02:44:02.454156Z[0m [32m INFO[0m [2mspark_runtime::fast_weights[0m[2m:[0m Fast-loading shard 51/66: layers-54.safetensors (20 tensors)
[2m2026-09-06T02:44:02.679342Z[0m [32m INFO[0m [2mspark_runtime::fast_weights[0m[2m:[0m   Shard 51/66 done — GPU memory: 18.28 GB used, 60.29 GB free
[2m2026-09-06T02:44:02.679502Z[0m [32m INFO[0m [2mspark_runtime::fast_weights[0m[2m:[0m Fast-loading shard 52/66: layers-55.safetensors (18 tensors)
[2m2026-09-06T02:44:02.918566Z[0m [32m INFO[0m [2mspark_runtime::fast_weights[0m[2m:[0m   Shard 52/66 done — GPU memory: 18.63 GB used, 59.93 GB free
[2m2026-09-06T02:44:02.918771Z[0m [32m INFO[0m [2mspark_runtime::fast_weights[0m[2m:[0m Fast-loading shard 53/66: layers-56.safetensors (20 tensors)
[2m2026-09-06T02:44:03.138305Z[0m [32m INFO[0m [2mspark_runtime::fast_weights[0m[2m:[0m   Shard 53/66 done — GPU memory: 18.99 GB used, 59.57 GB free
[2m2026-09-06T02:44:03.138478Z[0m [32m INFO[0m [2mspark_runtime::fast_weights[0m[2m:[0m Fast-loading shard 54/66: layers-57.safetensors (20 tensors)
[2m2026-09-06T02:44:03.378648Z[0m [32m INFO[0m [2mspark_runtime::fast_weights[0m[2m:[0m   Shard 54/66 done — GPU memory: 19.35 GB used, 59.21 GB free
[2m2026-09-06T02:44:03.378821Z[0m [32m INFO[0m [2mspark_runtime::fast_weights[0m[2m:[0m Fast-loading shard 55/66: layers-58.safetensors (20 tensors)
[2m2026-09-06T02:44:03.608129Z[0m [32m INFO[0m [2mspark_runtime::fast_weights[0m[2m:[0m   Shard 55/66 done — GPU memory: 19.71 GB used, 58.85 GB free
[2m2026-09-06T02:44:03.608313Z[0m [32m INFO[0m [2mspark_runtime::fast_weights[0m[2m:[0m Fast-loading shard 56/66: layers-59.safetensors (18 tensors)
[2m2026-09-06T02:44:03.858335Z[0m [32m INFO[0m [2mspark_runtime::fast_weights[0m[2m:[0m   Shard 56/66 done — GPU memory: 20.06 GB used, 58.50 GB free
[2m2026-09-06T02:44:03.858507Z[0m [32m INFO[0m [2mspark_runtime::fast_weights[0m[2m:[0m Fast-loading shard 57/66: layers-6.safetensors (20 tensors)
[2m2026-09-06T02:44:04.098179Z[0m [32m INFO[0m [2mspark_runtime::fast_weights[0m[2m:[0m   Shard 57/66 done — GPU memory: 20.42 GB used, 58.14 GB free
[2m2026-09-06T02:44:04.098364Z[0m [32m INFO[0m [2mspark_runtime::fast_weights[0m[2m:[0m Fast-loading shard 58/66: layers-60.safetensors (20 tensors)
[2m2026-09-06T02:44:04.326004Z[0m [32m INFO[0m [2mspark_runtime::fast_weights[0m[2m:[0m   Shard 58/66 done — GPU memory: 20.78 GB used, 57.78 GB free
[2m2026-09-06T02:44:04.326173Z[0m [32m INFO[0m [2mspark_runtime::fast_weights[0m[2m:[0m Fast-loading shard 59/66: layers-61.safetensors (20 tensors)
[2m2026-09-06T02:44:04.579115Z[0m [32m INFO[0m [2mspark_runtime::fast_weights[0m[2m:[0m   Shard 59/66 done — GPU memory: 21.14 GB used, 57.42 GB free
[2m2026-09-06T02:44:04.579295Z[0m [32m INFO[0m [2mspark_runtime::fast_weights[0m[2m:[0m Fast-loading shard 60/66: layers-62.safetensors (20 tensors)
[2m2026-09-06T02:44:04.853833Z[0m [32m INFO[0m [2mspark_runtime::fast_weights[0m[2m:[0m   Shard 60/66 done — GPU memory: 21.50 GB used, 57.06 GB free
[2m2026-09-06T02:44:04.854022Z[0m [32m INFO[0m [2mspark_runtime::fast_weights[0m[2m:[0m Fast-loading shard 61/66: layers-63.safetensors (18 tensors)
[2m2026-09-06T02:44:05.104778Z[0m [32m INFO[0m [2mspark_runtime::fast_weights[0m[2m:[0m   Shard 61/66 done — GPU memory: 21.86 GB used, 56.71 GB free
[2m2026-09-06T02:44:05.104954Z[0m [32m INFO[0m [2mspark_runtime::fast_weights[0m[2m:[0m Fast-loading shard 62/66: layers-7.safetensors (18 tensors)
[2m2026-09-06T02:44:05.374280Z[0m [32m INFO[0m [2mspark_runtime::fast_weights[0m[2m:[0m   Shard 62/66 done — GPU memory: 22.21 GB used, 56.36 GB free
[2m2026-09-06T02:44:05.374446Z[0m [32m INFO[0m [2mspark_runtime::fast_weights[0m[2m:[0m Fast-loading shard 63/66: layers-8.safetensors (20 tensors)
[2m2026-09-06T02:44:05.608205Z[0m [32m INFO[0m [2mspark_runtime::fast_weights[0m[2m:[0m   Shard 63/66 done — GPU memory: 22.57 GB used, 56.00 GB free
[2m2026-09-06T02:44:05.608358Z[0m [32m INFO[0m [2mspark_runtime::fast_weights[0m[2m:[0m Fast-loading shard 64/66: layers-9.safetensors (20 tensors)
[2m2026-09-06T02:44:05.841883Z[0m [32m INFO[0m [2mspark_runtime::fast_weights[0m[2m:[0m   Shard 64/66 done — GPU memory: 22.93 GB used, 55.64 GB free
[2m2026-09-06T02:44:05.842021Z[0m [32m INFO[0m [2mspark_runtime::fast_weights[0m[2m:[0m Fast-loading shard 65/66: mtp.safetensors (22 tensors)
[2m2026-09-06T02:44:06.200582Z[0m [32m INFO[0m [2mspark_runtime::fast_weights[0m[2m:[0m   Shard 65/66 done — GPU memory: 23.38 GB used, 55.19 GB free
[2m2026-09-06T02:44:06.200844Z[0m [32m INFO[0m [2mspark_runtime::fast_weights[0m[2m:[0m Fast-loading shard 66/66: outside.safetensors (336 tensors)
[2m2026-09-06T02:44:09.368569Z[0m [32m INFO[0m [2mspark_runtime::fast_weights[0m[2m:[0m   Shard 66/66 done — GPU memory: 29.05 GB used, 49.51 GB free
[2m2026-09-06T02:44:09.368785Z[0m [32m INFO[0m [2mspark_runtime::fast_weights[0m[2m:[0m Fast-loaded 1606 weight tensors
[2m2026-09-06T02:44:09.369170Z[0m [32m INFO[0m [2mspark::main_modules::serve_phases::weights[0m[2m:[0m Loaded 1606 weight tensors
[2m2026-09-06T02:44:09.369199Z[0m [32m INFO[0m [2mspark_runtime::weights::prefix_detect[0m[2m:[0m Weight prefix: model.language_model
[2m2026-09-06T02:44:09.369912Z[0m [32m INFO[0m [2mspark_model::preflight[0m[2m:[0m Pre-flight checks passed
[2m2026-09-06T02:44:09.369943Z[0m [32m INFO[0m [2mspark_model::quant_format[0m[2m:[0m QuantFormat: fp8 (block-scaled), 0 ignored module(s)
[2m2026-09-06T02:44:09.369957Z[0m [32m INFO[0m [2mspark::main_modules::serve_load[0m[2m:[0m Quantization format: fp8-blockscaled (base variant Fp8Dequanted), ignored globs = 0
[2m2026-09-06T02:44:09.533221Z[0m [32m INFO[0m [2mspark_runtime::cublaslt[0m[2m:[0m cuBLASLt pre-warmed (handle + workspace + kernel images)
[2m2026-09-06T02:44:09.533434Z[0m [32m INFO[0m [2mspark::main_modules::serve_phases::preflight[0m[2m:[0m GDN chunked prefill reserve: 355 MB (chunk_size=8192, max_seq_len=24576)
[2m2026-09-06T02:44:09.533445Z[0m [32m INFO[0m [2mspark::main_modules::serve_phases::preflight[0m[2m:[0m Weights: 28.75 GB, estimated free: 49.8 GB, actual free: 49.4 GB (reserve: 8745 MB)
[2m2026-09-06T02:44:09.533460Z[0m [32m INFO[0m [2mspark::main_modules::serve_phases::kv_cache[0m[2m:[0m Prefill config: ssm_prefill_chunk=8192, args.max_prefill_tokens=8192, prefill_budget=8192, max_batch_tokens=8196
[2m2026-09-06T02:44:09.533466Z[0m [32m INFO[0m [2mspark::main_modules::serve_phases::build[0m[2m:[0m Prefix caching: ENABLED (radix tree)
[2m2026-09-06T02:44:10.075379Z[0m [32m INFO[0m [2mspark::main_modules::serve_phases::config[0m[2m:[0m Capping vocab_size from 248320 to 248077 (tokenizer)
[2m2026-09-06T02:44:10.133780Z[0m [32m INFO[0m [2mspark::main_modules::serve_phases::kv_cache[0m[2m:[0m FP8 KV cache with online calibration (checkpoint ships no k/v scales): freezing per-tensor scales on the first observed tokens.
[2m2026-09-06T02:44:10.133813Z[0m [32m INFO[0m [2mspark::main_modules::kv_dtypes[0m[2m:[0m Selective boundary KV cache: 4/16 attention layers at bf16, rest at fp8
[2m2026-09-06T02:44:10.134380Z[0m [32m INFO[0m [2mspark_model::weight_loader::qwen35_dense[0m[2m:[0m Weight format: Fp8BlockScaled, NVFP4 variant: Fp8Dequanted
[2m2026-09-06T02:44:10.134393Z[0m [32m INFO[0m [2mspark_model::weight_loader::qwen35_dense[0m[2m:[0m SSM in_proj_qkv + out_proj via native FP8 prefill GEMM (BF16 act × FP8 weight via fp8_gemm_n128). PREFILL ONLY: decode + batched verify read the NVFP4 copy — weight-streaming GEMV at M<=8, tile GEMM above it (trait_decode_batched.rs). The FP8 copy reaches decode only at M<=8 on a build whose batched NVFP4 GEMVs are absent
[2m2026-09-06T02:44:10.135831Z[0m [32m INFO[0m [2mspark_model::weight_map::loaders_fp8[0m[2m:[0m quantize_to_nvfp4: n=17408 k=5120 total=89128960 global_max=0.421875 scale2=0.00015695 grid1=1024
[2m2026-09-06T02:44:10.138198Z[0m [32m INFO[0m [2mspark_model::weight_map::loaders_fp8[0m[2m:[0m quantize_to_nvfp4: n=17408 k=5120 total=89128960 global_max=0.163086 scale2=0.00006067 grid1=1024
[2m2026-09-06T02:44:10.140236Z[0m [32m INFO[0m [2mspark_model::weight_map::loaders_fp8[0m[2m:[0m quantize_to_nvfp4: n=5120 k=17408 total=89128960 global_max=0.976562 scale2=0.00036330 grid1=1024
[2m2026-09-06T02:44:10.145298Z[0m [32m INFO[0m [2mspark_model::weight_map::model_a[0m[2m:[0m dense_keep_f32: promoting model.language_model.layers.0.linear_attn.A_log from BF16 to FP32 ([48])
[2m2026-09-06T02:44:10.145395Z[0m [32m INFO[0m [2mspark_model::weight_map::model_a[0m[2m:[0m dense_keep_f32: promoting model.language_model.layers.0.linear_attn.dt_bias from BF16 to FP32 ([48])
[2m2026-09-06T02:44:10.149922Z[0m [32m INFO[0m [2mspark_model::layers::qwen3_ssm::init[0m[2m:[0m GDN state spine: gated_delta_rule_chunk_delta_h_vfused
[2m2026-09-06T02:44:10.157095Z[0m [32m INFO[0m [2mspark_model::weight_loader::qwen35_dense[0m[2m:[0m SSM[model.language_model.layers.0] native FP8 GDN: qkvz+out_proj block-scaled FP8 (no NVFP4 requant; prefill+decode via w8a16)
[2m2026-09-06T02:44:10.158293Z[0m [32m INFO[0m [2mspark_model::weight_map::loaders_fp8[0m[2m:[0m quantize_to_nvfp4: n=17408 k=5120 total=89128960 global_max=0.230469 scale2=0.00008574 grid1=1024
[2m2026-09-06T02:44:10.160331Z[0m [32m INFO[0m [2mspark_model::weight_map::loaders_fp8[0m[2m:[0m quantize_to_nvfp4: n=17408 k=5120 total=89128960 global_max=0.213867 scale2=0.00007956 grid1=1024
[2m2026-09-06T02:44:10.164698Z[0m [32m INFO[0m [2mspark_model::weight_map::model_a[0m[2m:[0m dense_keep_f32: promoting model.language_model.layers.1.linear_attn.A_log from BF16 to FP32 ([48])
[2m2026-09-06T02:44:10.164757Z[0m [32m INFO[0m [2mspark_model::weight_map::model_a[0m[2m:[0m dense_keep_f32: promoting model.language_model.layers.1.linear_attn.dt_bias from BF16 to FP32 ([48])
[2m2026-09-06T02:44:10.166510Z[0m [32m INFO[0m [2mspark_model::layers::qwen3_ssm::init[0m[2m:[0m GDN state spine: gated_delta_rule_chunk_delta_h_vfused
[2m2026-09-06T02:44:10.166615Z[0m [32m INFO[0m [2mspark_model::weight_loader::qwen35_dense[0m[2m:[0m SSM[model.language_model.layers.1] native FP8 GDN: qkvz+out_proj block-scaled FP8 (no NVFP4 requant; prefill+decode via w8a16)
[2m2026-09-06T02:44:10.174047Z[0m [32m INFO[0m [2mspark_model::weight_map::model_a[0m[2m:[0m dense_keep_f32: promoting model.language_model.layers.2.linear_attn.A_log from BF16 to FP32 ([48])
[2m2026-09-06T02:44:10.174107Z[0m [32m INFO[0m [2mspark_model::weight_map::model_a[0m[2m:[0m dense_keep_f32: promoting model.language_model.layers.2.linear_attn.dt_bias from BF16 to FP32 ([48])
[2m2026-09-06T02:44:10.175592Z[0m [32m INFO[0m [2mspark_model::layers::qwen3_ssm::init[0m[2m:[0m GDN state spine: gated_delta_rule_chunk_delta_h_vfused
[2m2026-09-06T02:44:10.175676Z[0m [32m INFO[0m [2mspark_model::weight_loader::qwen35_dense[0m[2m:[0m SSM[model.language_model.layers.2] native FP8 GDN: qkvz+out_proj block-scaled FP8 (no NVFP4 requant; prefill+decode via w8a16)
[2m2026-09-06T02:44:10.192092Z[0m [33m WARN[0m [2mspark_model::weight_loader::qwen35_dense[0m[2m:[0m attention q/k/v have differing weight_scale_2 — fused QKV GEMM disabled (3 separate launches per layer)
[2m2026-09-06T02:44:10.202148Z[0m [32m INFO[0m [2mspark_model::weight_map::model_a[0m[2m:[0m dense_keep_f32: promoting model.language_model.layers.4.linear_attn.A_log from BF16 to FP32 ([48])
[2m2026-09-06T02:44:10.202222Z[0m [32m INFO[0m [2mspark_model::weight_map::model_a[0m[2m:[0m dense_keep_f32: promoting model.language_model.layers.4.linear_attn.dt_bias from BF16 to FP32 ([48])
[2m2026-09-06T02:44:10.203779Z[0m [32m INFO[0m [2mspark_model::layers::qwen3_ssm::init[0m[2m:[0m GDN state spine: gated_delta_rule_chunk_delta_h_vfused
[2m2026-09-06T02:44:10.203861Z[0m [32m INFO[0m [2mspark_model::weight_loader::qwen35_dense[0m[2m:[0m SSM[model.language_model.layers.4] native FP8 GDN: qkvz+out_proj block-scaled FP8 (no NVFP4 requant; prefill+decode via w8a16)
[2m2026-09-06T02:44:10.211317Z[0m [32m INFO[0m [2mspark_model::weight_map::model_a[0m[2m:[0m dense_keep_f32: promoting model.language_model.layers.5.linear_attn.A_log from BF16 to FP32 ([48])
[2m2026-09-06T02:44:10.211377Z[0m [32m INFO[0m [2mspark_model::weight_map::model_a[0m[2m:[0m dense_keep_f32: promoting model.language_model.layers.5.linear_attn.dt_bias from BF16 to FP32 ([48])
[2m2026-09-06T02:44:10.213110Z[0m [32m INFO[0m [2mspark_model::layers::qwen3_ssm::init[0m[2m:[0m GDN state spine: gated_delta_rule_chunk_delta_h_vfused
[2m2026-09-06T02:44:10.213206Z[0m [32m INFO[0m [2mspark_model::weight_loader::qwen35_dense[0m[2m:[0m SSM[model.language_model.layers.5] native FP8 GDN: qkvz+out_proj block-scaled FP8 (no NVFP4 requant; prefill+decode via w8a16)
[2m2026-09-06T02:44:10.220671Z[0m [32m INFO[0m [2mspark_model::weight_map::model_a[0m[2m:[0m dense_keep_f32: promoting model.language_model.layers.6.linear_attn.A_log from BF16 to FP32 ([48])
[2m2026-09-06T02:44:10.220731Z[0m [32m INFO[0m [2mspark_model::weight_map::model_a[0m[2m:[0m dense_keep_f32: promoting model.language_model.layers.6.linear_attn.dt_bias from BF16 to FP32 ([48])
[2m2026-09-06T02:44:10.222284Z[0m [32m INFO[0m [2mspark_model::layers::qwen3_ssm::init[0m[2m:[0m GDN state spine: gated_delta_rule_chunk_delta_h_vfused
[2m2026-09-06T02:44:10.222360Z[0m [32m INFO[0m [2mspark_model::weight_loader::qwen35_dense[0m[2m:[0m SSM[model.language_model.layers.6] native FP8 GDN: qkvz+out_proj block-scaled FP8 (no NVFP4 requant; prefill+decode via w8a16)
[2m2026-09-06T02:44:10.244668Z[0m [32m INFO[0m [2mspark_model::weight_map::model_a[0m[2m:[0m dense_keep_f32: promoting model.language_model.layers.8.linear_attn.A_log from BF16 to FP32 ([48])
[2m2026-09-06T02:44:10.244743Z[0m [32m INFO[0m [2mspark_model::weight_map::model_a[0m[2m:[0m dense_keep_f32: promoting model.language_model.layers.8.linear_attn.dt_bias from BF16 to FP32 ([48])
[2m2026-09-06T02:44:10.246292Z[0m [32m INFO[0m [2mspark_model::layers::qwen3_ssm::init[0m[2m:[0m GDN state spine: gated_delta_rule_chunk_delta_h_vfused
[2m2026-09-06T02:44:10.246368Z[0m [32m INFO[0m [2mspark_model::weight_loader::qwen35_dense[0m[2m:[0m SSM[model.language_model.layers.8] native FP8 GDN: qkvz+out_proj block-scaled FP8 (no NVFP4 requant; prefill+decode via w8a16)
[2m2026-09-06T02:44:10.253894Z[0m [32m INFO[0m [2mspark_model::weight_map::model_a[0m[2m:[0m dense_keep_f32: promoting model.language_model.layers.9.linear_attn.A_log from BF16 to FP32 ([48])
[2m2026-09-06T02:44:10.253952Z[0m [32m INFO[0m [2mspark_model::weight_map::model_a[0m[2m:[0m dense_keep_f32: promoting model.language_model.layers.9.linear_attn.dt_bias from BF16 to FP32 ([48])
[2m2026-09-06T02:44:10.255684Z[0m [32m INFO[0m [2mspark_model::layers::qwen3_ssm::init[0m[2m:[0m GDN state spine: gated_delta_rule_chunk_delta_h_vfused
[2m2026-09-06T02:44:10.255759Z[0m [32m INFO[0m [2mspark_model::weight_loader::qwen35_dense[0m[2m:[0m SSM[model.language_model.layers.9] native FP8 GDN: qkvz+out_proj block-scaled FP8 (no NVFP4 requant; prefill+decode via w8a16)
[2m2026-09-06T02:44:10.263169Z[0m [32m INFO[0m [2mspark_model::weight_map::model_a[0m[2m:[0m dense_keep_f32: promoting model.language_model.layers.10.linear_attn.A_log from BF16 to FP32 ([48])
[2m2026-09-06T02:44:10.263230Z[0m [32m INFO[0m [2mspark_model::weight_map::model_a[0m[2m:[0m dense_keep_f32: promoting model.language_model.layers.10.linear_attn.dt_bias from BF16 to FP32 ([48])
[2m2026-09-06T02:44:10.264772Z[0m [32m INFO[0m [2mspark_model::layers::qwen3_ssm::init[0m[2m:[0m GDN state spine: gated_delta_rule_chunk_delta_h_vfused
[2m2026-09-06T02:44:10.264847Z[0m [32m INFO[0m [2mspark_model::weight_loader::qwen35_dense[0m[2m:[0m SSM[model.language_model.layers.10] native FP8 GDN: qkvz+out_proj block-scaled FP8 (no NVFP4 requant; prefill+decode via w8a16)
[2m2026-09-06T02:44:10.287145Z[0m [32m INFO[0m [2mspark_model::weight_map::model_a[0m[2m:[0m dense_keep_f32: promoting model.language_model.layers.12.linear_attn.A_log from BF16 to FP32 ([48])
[2m2026-09-06T02:44:10.287219Z[0m [32m INFO[0m [2mspark_model::weight_map::model_a[0m[2m:[0m dense_keep_f32: promoting model.language_model.layers.12.linear_attn.dt_bias from BF16 to FP32 ([48])
[2m2026-09-06T02:44:10.288973Z[0m [32m INFO[0m [2mspark_model::layers::qwen3_ssm::init[0m[2m:[0m GDN state spine: gated_delta_rule_chunk_delta_h_vfused
[2m2026-09-06T02:44:10.289051Z[0m [32m INFO[0m [2mspark_model::weight_loader::qwen35_dense[0m[2m:[0m SSM[model.language_model.layers.12] native FP8 GDN: qkvz+out_proj block-scaled FP8 (no NVFP4 requant; prefill+decode via w8a16)
[2m2026-09-06T02:44:10.296499Z[0m [32m INFO[0m [2mspark_model::weight_map::model_a[0m[2m:[0m dense_keep_f32: promoting model.language_model.layers.13.linear_attn.A_log from BF16 to FP32 ([48])
[2m2026-09-06T02:44:10.296556Z[0m [32m INFO[0m [2mspark_model::weight_map::model_a[0m[2m:[0m dense_keep_f32: promoting model.language_model.layers.13.linear_attn.dt_bias from BF16 to FP32 ([48])
[2m2026-09-06T02:44:10.298079Z[0m [32m INFO[0m [2mspark_model::layers::qwen3_ssm::init[0m[2m:[0m GDN state spine: gated_delta_rule_chunk_delta_h_vfused
[2m2026-09-06T02:44:10.298165Z[0m [32m INFO[0m [2mspark_model::weight_loader::qwen35_dense[0m[2m:[0m SSM[model.language_model.layers.13] native FP8 GDN: qkvz+out_proj block-scaled FP8 (no NVFP4 requant; prefill+decode via w8a16)
[2m2026-09-06T02:44:10.305573Z[0m [32m INFO[0m [2mspark_model::weight_map::model_a[0m[2m:[0m dense_keep_f32: promoting model.language_model.layers.14.linear_attn.A_log from BF16 to FP32 ([48])
[2m2026-09-06T02:44:10.305629Z[0m [32m INFO[0m [2mspark_model::weight_map::model_a[0m[2m:[0m dense_keep_f32: promoting model.language_model.layers.14.linear_attn.dt_bias from BF16 to FP32 ([48])
[2m2026-09-06T02:44:10.307367Z[0m [32m INFO[0m [2mspark_model::layers::qwen3_ssm::init[0m[2m:[0m GDN state spine: gated_delta_rule_chunk_delta_h_vfused
[2m2026-09-06T02:44:10.307444Z[0m [32m INFO[0m [2mspark_model::weight_loader::qwen35_dense[0m[2m:[0m SSM[model.language_model.layers.14] native FP8 GDN: qkvz+out_proj block-scaled FP8 (no NVFP4 requant; prefill+decode via w8a16)
[2m2026-09-06T02:44:10.329503Z[0m [32m INFO[0m [2mspark_model::weight_map::model_a[0m[2m:[0m dense_keep_f32: promoting model.language_model.layers.16.linear_attn.A_log from BF16 to FP32 ([48])
[2m2026-09-06T02:44:10.329577Z[0m [32m INFO[0m [2mspark_model::weight_map::model_a[0m[2m:[0m dense_keep_f32: promoting model.language_model.layers.16.linear_attn.dt_bias from BF16 to FP32 ([48])
[2m2026-09-06T02:44:10.331350Z[0m [32m INFO[0m [2mspark_model::layers::qwen3_ssm::init[0m[2m:[0m GDN state spine: gated_delta_rule_chunk_delta_h_vfused
[2m2026-09-06T02:44:10.331429Z[0m [32m INFO[0m [2mspark_model::weight_loader::qwen35_dense[0m[2m:[0m SSM[model.language_model.layers.16] native FP8 GDN: qkvz+out_proj block-scaled FP8 (no NVFP4 requant; prefill+decode via w8a16)
[2m2026-09-06T02:44:10.338901Z[0m [32m INFO[0m [2mspark_model::weight_map::model_a[0m[2m:[0m dense_keep_f32: promoting model.language_model.layers.17.linear_attn.A_log from BF16 to FP32 ([48])
[2m2026-09-06T02:44:10.338959Z[0m [32m INFO[0m [2mspark_model::weight_map::model_a[0m[2m:[0m dense_keep_f32: promoting model.language_model.layers.17.linear_attn.dt_bias from BF16 to FP32 ([48])
[2m2026-09-06T02:44:10.340503Z[0m [32m INFO[0m [2mspark_model::layers::qwen3_ssm::init[0m[2m:[0m GDN state spine: gated_delta_rule_chunk_delta_h_vfused
[2m2026-09-06T02:44:10.340578Z[0m [32m INFO[0m [2mspark_model::weight_loader::qwen35_dense[0m[2m:[0m SSM[model.language_model.layers.17] native FP8 GDN: qkvz+out_proj block-scaled FP8 (no NVFP4 requant; prefill+decode via w8a16)
[2m2026-09-06T02:44:10.347974Z[0m [32m INFO[0m [2mspark_model::weight_map::model_a[0m[2m:[0m dense_keep_f32: promoting model.language_model.layers.18.linear_attn.A_log from BF16 to FP32 ([48])
[2m2026-09-06T02:44:10.348034Z[0m [32m INFO[0m [2mspark_model::weight_map::model_a[0m[2m:[0m dense_keep_f32: promoting model.language_model.layers.18.linear_attn.dt_bias from BF16 to FP32 ([48])
[2m2026-09-06T02:44:10.349789Z[0m [32m INFO[0m [2mspark_model::layers::qwen3_ssm::init[0m[2m:[0m GDN state spine: gated_delta_rule_chunk_delta_h_vfused
[2m2026-09-06T02:44:10.349867Z[0m [32m INFO[0m [2mspark_model::weight_loader::qwen35_dense[0m[2m:[0m SSM[model.language_model.layers.18] native FP8 GDN: qkvz+out_proj block-scaled FP8 (no NVFP4 requant; prefill+decode via w8a16)
[2m2026-09-06T02:44:10.364633Z[0m [32m INFO[0m [2mspark_model::weight_loader::qwen35_dense[0m[2m:[0m Loaded layers 0..20
[2m2026-09-06T02:44:10.372010Z[0m [32m INFO[0m [2mspark_model::weight_map::model_a[0m[2m:[0m dense_keep_f32: promoting model.language_model.layers.20.linear_attn.A_log from BF16 to FP32 ([48])
[2m2026-09-06T02:44:10.372075Z[0m [32m INFO[0m [2mspark_model::weight_map::model_a[0m[2m:[0m dense_keep_f32: promoting model.language_model.layers.20.linear_attn.dt_bias from BF16 to FP32 ([48])
[2m2026-09-06T02:44:10.373777Z[0m [32m INFO[0m [2mspark_model::layers::qwen3_ssm::init[0m[2m:[0m GDN state spine: gated_delta_rule_chunk_delta_h_vfused
[2m2026-09-06T02:44:10.373853Z[0m [32m INFO[0m [2mspark_model::weight_loader::qwen35_dense[0m[2m:[0m SSM[model.language_model.layers.20] native FP8 GDN: qkvz+out_proj block-scaled FP8 (no NVFP4 requant; prefill+decode via w8a16)
[2m2026-09-06T02:44:10.381337Z[0m [32m INFO[0m [2mspark_model::weight_map::model_a[0m[2m:[0m dense_keep_f32: promoting model.language_model.layers.21.linear_attn.A_log from BF16 to FP32 ([48])
[2m2026-09-06T02:44:10.381404Z[0m [32m INFO[0m [2mspark_model::weight_map::model_a[0m[2m:[0m dense_keep_f32: promoting model.language_model.layers.21.linear_attn.dt_bias from BF16 to FP32 ([48])
[2m2026-09-06T02:44:10.382886Z[0m [32m INFO[0m [2mspark_model::layers::qwen3_ssm::init[0m[2m:[0m GDN state spine: gated_delta_rule_chunk_delta_h_vfused
[2m2026-09-06T02:44:10.382959Z[0m [32m INFO[0m [2mspark_model::weight_loader::qwen35_dense[0m[2m:[0m SSM[model.language_model.layers.21] native FP8 GDN: qkvz+out_proj block-scaled FP8 (no NVFP4 requant; prefill+decode via w8a16)
[2m2026-09-06T02:44:10.390552Z[0m [32m INFO[0m [2mspark_model::weight_map::model_a[0m[2m:[0m dense_keep_f32: promoting model.language_model.layers.22.linear_attn.A_log from BF16 to FP32 ([48])
[2m2026-09-06T02:44:10.390613Z[0m [32m INFO[0m [2mspark_model::weight_map::model_a[0m[2m:[0m dense_keep_f32: promoting model.language_model.layers.22.linear_attn.dt_bias from BF16 to FP32 ([48])
[2m2026-09-06T02:44:10.392317Z[0m [32m INFO[0m [2mspark_model::layers::qwen3_ssm::init[0m[2m:[0m GDN state spine: gated_delta_rule_chunk_delta_h_vfused
[2m2026-09-06T02:44:10.392394Z[0m [32m INFO[0m [2mspark_model::weight_loader::qwen35_dense[0m[2m:[0m SSM[model.language_model.layers.22] native FP8 GDN: qkvz+out_proj block-scaled FP8 (no NVFP4 requant; prefill+decode via w8a16)
[2m2026-09-06T02:44:10.414614Z[0m [32m INFO[0m [2mspark_model::weight_map::model_a[0m[2m:[0m dense_keep_f32: promoting model.language_model.layers.24.linear_attn.A_log from BF16 to FP32 ([48])
[2m2026-09-06T02:44:10.414688Z[0m [32m INFO[0m [2mspark_model::weight_map::model_a[0m[2m:[0m dense_keep_f32: promoting model.language_model.layers.24.linear_attn.dt_bias from BF16 to FP32 ([48])
[2m2026-09-06T02:44:10.416199Z[0m [32m INFO[0m [2mspark_model::layers::qwen3_ssm::init[0m[2m:[0m GDN state spine: gated_delta_rule_chunk_delta_h_vfused
[2m2026-09-06T02:44:10.416275Z[0m [32m INFO[0m [2mspark_model::weight_loader::qwen35_dense[0m[2m:[0m SSM[model.language_model.layers.24] native FP8 GDN: qkvz+out_proj block-scaled FP8 (no NVFP4 requant; prefill+decode via w8a16)
[2m2026-09-06T02:44:10.423707Z[0m [32m INFO[0m [2mspark_model::weight_map::model_a[0m[2m:[0m dense_keep_f32: promoting model.language_model.layers.25.linear_attn.A_log from BF16 to FP32 ([48])
[2m2026-09-06T02:44:10.423766Z[0m [32m INFO[0m [2mspark_model::weight_map::model_a[0m[2m:[0m dense_keep_f32: promoting model.language_model.layers.25.linear_attn.dt_bias from BF16 to FP32 ([48])
[2m2026-09-06T02:44:10.425483Z[0m [32m INFO[0m [2mspark_model::layers::qwen3_ssm::init[0m[2m:[0m GDN state spine: gated_delta_rule_chunk_delta_h_vfused
[2m2026-09-06T02:44:10.425561Z[0m [32m INFO[0m [2mspark_model::weight_loader::qwen35_dense[0m[2m:[0m SSM[model.language_model.layers.25] native FP8 GDN: qkvz+out_proj block-scaled FP8 (no NVFP4 requant; prefill+decode via w8a16)
[2m2026-09-06T02:44:10.433030Z[0m [32m INFO[0m [2mspark_model::weight_map::model_a[0m[2m:[0m dense_keep_f32: promoting model.language_model.layers.26.linear_attn.A_log from BF16 to FP32 ([48])
[2m2026-09-06T02:44:10.433089Z[0m [32m INFO[0m [2mspark_model::weight_map::model_a[0m[2m:[0m dense_keep_f32: promoting model.language_model.layers.26.linear_attn.dt_bias from BF16 to FP32 ([48])
[2m2026-09-06T02:44:10.434699Z[0m [32m INFO[0m [2mspark_model::layers::qwen3_ssm::init[0m[2m:[0m GDN state spine: gated_delta_rule_chunk_delta_h_vfused
[2m2026-09-06T02:44:10.434776Z[0m [32m INFO[0m [2mspark_model::weight_loader::qwen35_dense[0m[2m:[0m SSM[model.language_model.layers.26] native FP8 GDN: qkvz+out_proj block-scaled FP8 (no NVFP4 requant; prefill+decode via w8a16)
[2m2026-09-06T02:44:10.457018Z[0m [32m INFO[0m [2mspark_model::weight_map::model_a[0m[2m:[0m dense_keep_f32: promoting model.language_model.layers.28.linear_attn.A_log from BF16 to FP32 ([48])
[2m2026-09-06T02:44:10.457089Z[0m [32m INFO[0m [2mspark_model::weight_map::model_a[0m[2m:[0m dense_keep_f32: promoting model.language_model.layers.28.linear_attn.dt_bias from BF16 to FP32 ([48])
[2m2026-09-06T02:44:10.458605Z[0m [32m INFO[0m [2mspark_model::layers::qwen3_ssm::init[0m[2m:[0m GDN state spine: gated_delta_rule_chunk_delta_h_vfused
[2m2026-09-06T02:44:10.458683Z[0m [32m INFO[0m [2mspark_model::weight_loader::qwen35_dense[0m[2m:[0m SSM[model.language_model.layers.28] native FP8 GDN: qkvz+out_proj block-scaled FP8 (no NVFP4 requant; prefill+decode via w8a16)
[2m2026-09-06T02:44:10.466117Z[0m [32m INFO[0m [2mspark_model::weight_map::model_a[0m[2m:[0m dense_keep_f32: promoting model.language_model.layers.29.linear_attn.A_log from BF16 to FP32 ([48])
[2m2026-09-06T02:44:10.466178Z[0m [32m INFO[0m [2mspark_model::weight_map::model_a[0m[2m:[0m dense_keep_f32: promoting model.language_model.layers.29.linear_attn.dt_bias from BF16 to FP32 ([48])
[2m2026-09-06T02:44:10.467888Z[0m [32m INFO[0m [2mspark_model::layers::qwen3_ssm::init[0m[2m:[0m GDN state spine: gated_delta_rule_chunk_delta_h_vfused
[2m2026-09-06T02:44:10.467967Z[0m [32m INFO[0m [2mspark_model::weight_loader::qwen35_dense[0m[2m:[0m SSM[model.language_model.layers.29] native FP8 GDN: qkvz+out_proj block-scaled FP8 (no NVFP4 requant; prefill+decode via w8a16)
[2m2026-09-06T02:44:10.475420Z[0m [32m INFO[0m [2mspark_model::weight_map::model_a[0m[2m:[0m dense_keep_f32: promoting model.language_model.layers.30.linear_attn.A_log from BF16 to FP32 ([48])
[2m2026-09-06T02:44:10.475477Z[0m [32m INFO[0m [2mspark_model::weight_map::model_a[0m[2m:[0m dense_keep_f32: promoting model.language_model.layers.30.linear_attn.dt_bias from BF16 to FP32 ([48])
[2m2026-09-06T02:44:10.476995Z[0m [32m INFO[0m [2mspark_model::layers::qwen3_ssm::init[0m[2m:[0m GDN state spine: gated_delta_rule_chunk_delta_h_vfused
[2m2026-09-06T02:44:10.477076Z[0m [32m INFO[0m [2mspark_model::weight_loader::qwen35_dense[0m[2m:[0m SSM[model.language_model.layers.30] native FP8 GDN: qkvz+out_proj block-scaled FP8 (no NVFP4 requant; prefill+decode via w8a16)
[2m2026-09-06T02:44:10.499526Z[0m [32m INFO[0m [2mspark_model::weight_map::model_a[0m[2m:[0m dense_keep_f32: promoting model.language_model.layers.32.linear_attn.A_log from BF16 to FP32 ([48])
[2m2026-09-06T02:44:10.499603Z[0m [32m INFO[0m [2mspark_model::weight_map::model_a[0m[2m:[0m dense_keep_f32: promoting model.language_model.layers.32.linear_attn.dt_bias from BF16 to FP32 ([48])
[2m2026-09-06T02:44:10.501114Z[0m [32m INFO[0m [2mspark_model::layers::qwen3_ssm::init[0m[2m:[0m GDN state spine: gated_delta_rule_chunk_delta_h_vfused
[2m2026-09-06T02:44:10.501202Z[0m [32m INFO[0m [2mspark_model::weight_loader::qwen35_dense[0m[2m:[0m SSM[model.language_model.layers.32] native FP8 GDN: qkvz+out_proj block-scaled FP8 (no NVFP4 requant; prefill+decode via w8a16)
[2m2026-09-06T02:44:10.508642Z[0m [32m INFO[0m [2mspark_model::weight_map::model_a[0m[2m:[0m dense_keep_f32: promoting model.language_model.layers.33.linear_attn.A_log from BF16 to FP32 ([48])
[2m2026-09-06T02:44:10.508711Z[0m [32m INFO[0m [2mspark_model::weight_map::model_a[0m[2m:[0m dense_keep_f32: promoting model.language_model.layers.33.linear_attn.dt_bias from BF16 to FP32 ([48])
[2m2026-09-06T02:44:10.510432Z[0m [32m INFO[0m [2mspark_model::layers::qwen3_ssm::init[0m[2m:[0m GDN state spine: gated_delta_rule_chunk_delta_h_vfused
[2m2026-09-06T02:44:10.510508Z[0m [32m INFO[0m [2mspark_model::weight_loader::qwen35_dense[0m[2m:[0m SSM[model.language_model.layers.33] native FP8 GDN: qkvz+out_proj block-scaled FP8 (no NVFP4 requant; prefill+decode via w8a16)
[2m2026-09-06T02:44:10.517947Z[0m [32m INFO[0m [2mspark_model::weight_map::model_a[0m[2m:[0m dense_keep_f32: promoting model.language_model.layers.34.linear_attn.A_log from BF16 to FP32 ([48])
[2m2026-09-06T02:44:10.518006Z[0m [32m INFO[0m [2mspark_model::weight_map::model_a[0m[2m:[0m dense_keep_f32: promoting model.language_model.layers.34.linear_attn.dt_bias from BF16 to FP32 ([48])
[2m2026-09-06T02:44:10.519537Z[0m [32m INFO[0m [2mspark_model::layers::qwen3_ssm::init[0m[2m:[0m GDN state spine: gated_delta_rule_chunk_delta_h_vfused
[2m2026-09-06T02:44:10.519613Z[0m [32m INFO[0m [2mspark_model::weight_loader::qwen35_dense[0m[2m:[0m SSM[model.language_model.layers.34] native FP8 GDN: qkvz+out_proj block-scaled FP8 (no NVFP4 requant; prefill+decode via w8a16)
[2m2026-09-06T02:44:10.541908Z[0m [32m INFO[0m [2mspark_model::weight_map::model_a[0m[2m:[0m dense_keep_f32: promoting model.language_model.layers.36.linear_attn.A_log from BF16 to FP32 ([48])
[2m2026-09-06T02:44:10.541993Z[0m [32m INFO[0m [2mspark_model::weight_map::model_a[0m[2m:[0m dense_keep_f32: promoting model.language_model.layers.36.linear_attn.dt_bias from BF16 to FP32 ([48])
[2m2026-09-06T02:44:10.543720Z[0m [32m INFO[0m [2mspark_model::layers::qwen3_ssm::init[0m[2m:[0m GDN state spine: gated_delta_rule_chunk_delta_h_vfused
[2m2026-09-06T02:44:10.543798Z[0m [32m INFO[0m [2mspark_model::weight_loader::qwen35_dense[0m[2m:[0m SSM[model.language_model.layers.36] native FP8 GDN: qkvz+out_proj block-scaled FP8 (no NVFP4 requant; prefill+decode via w8a16)
[2m2026-09-06T02:44:10.551320Z[0m [32m INFO[0m [2mspark_model::weight_map::model_a[0m[2m:[0m dense_keep_f32: promoting model.language_model.layers.37.linear_attn.A_log from BF16 to FP32 ([48])
[2m2026-09-06T02:44:10.551381Z[0m [32m INFO[0m [2mspark_model::weight_map::model_a[0m[2m:[0m dense_keep_f32: promoting model.language_model.layers.37.linear_attn.dt_bias from BF16 to FP32 ([48])
[2m2026-09-06T02:44:10.552885Z[0m [32m INFO[0m [2mspark_model::layers::qwen3_ssm::init[0m[2m:[0m GDN state spine: gated_delta_rule_chunk_delta_h_vfused
[2m2026-09-06T02:44:10.552959Z[0m [32m INFO[0m [2mspark_model::weight_loader::qwen35_dense[0m[2m:[0m SSM[model.language_model.layers.37] native FP8 GDN: qkvz+out_proj block-scaled FP8 (no NVFP4 requant; prefill+decode via w8a16)
[2m2026-09-06T02:44:10.560419Z[0m [32m INFO[0m [2mspark_model::weight_map::model_a[0m[2m:[0m dense_keep_f32: promoting model.language_model.layers.38.linear_attn.A_log from BF16 to FP32 ([48])
[2m2026-09-06T02:44:10.560477Z[0m [32m INFO[0m [2mspark_model::weight_map::model_a[0m[2m:[0m dense_keep_f32: promoting model.language_model.layers.38.linear_attn.dt_bias from BF16 to FP32 ([48])
[2m2026-09-06T02:44:10.562197Z[0m [32m INFO[0m [2mspark_model::layers::qwen3_ssm::init[0m[2m:[0m GDN state spine: gated_delta_rule_chunk_delta_h_vfused
[2m2026-09-06T02:44:10.562271Z[0m [32m INFO[0m [2mspark_model::weight_loader::qwen35_dense[0m[2m:[0m SSM[model.language_model.layers.38] native FP8 GDN: qkvz+out_proj block-scaled FP8 (no NVFP4 requant; prefill+decode via w8a16)
[2m2026-09-06T02:44:10.577025Z[0m [32m INFO[0m [2mspark_model::weight_loader::qwen35_dense[0m[2m:[0m Loaded layers 0..40
[2m2026-09-06T02:44:10.584481Z[0m [32m INFO[0m [2mspark_model::weight_map::model_a[0m[2m:[0m dense_keep_f32: promoting model.language_model.layers.40.linear_attn.A_log from BF16 to FP32 ([48])
[2m2026-09-06T02:44:10.584546Z[0m [32m INFO[0m [2mspark_model::weight_map::model_a[0m[2m:[0m dense_keep_f32: promoting model.language_model.layers.40.linear_attn.dt_bias from BF16 to FP32 ([48])
[2m2026-09-06T02:44:10.586230Z[0m [32m INFO[0m [2mspark_model::layers::qwen3_ssm::init[0m[2m:[0m GDN state spine: gated_delta_rule_chunk_delta_h_vfused
[2m2026-09-06T02:44:10.586305Z[0m [32m INFO[0m [2mspark_model::weight_loader::qwen35_dense[0m[2m:[0m SSM[model.language_model.layers.40] native FP8 GDN: qkvz+out_proj block-scaled FP8 (no NVFP4 requant; prefill+decode via w8a16)
[2m2026-09-06T02:44:10.593751Z[0m [32m INFO[0m [2mspark_model::weight_map::model_a[0m[2m:[0m dense_keep_f32: promoting model.language_model.layers.41.linear_attn.A_log from BF16 to FP32 ([48])
[2m2026-09-06T02:44:10.593809Z[0m [32m INFO[0m [2mspark_model::weight_map::model_a[0m[2m:[0m dense_keep_f32: promoting model.language_model.layers.41.linear_attn.dt_bias from BF16 to FP32 ([48])
[2m2026-09-06T02:44:10.595335Z[0m [32m INFO[0m [2mspark_model::layers::qwen3_ssm::init[0m[2m:[0m GDN state spine: gated_delta_rule_chunk_delta_h_vfused
[2m2026-09-06T02:44:10.595408Z[0m [32m INFO[0m [2mspark_model::weight_loader::qwen35_dense[0m[2m:[0m SSM[model.language_model.layers.41] native FP8 GDN: qkvz+out_proj block-scaled FP8 (no NVFP4 requant; prefill+decode via w8a16)
[2m2026-09-06T02:44:10.602974Z[0m [32m INFO[0m [2mspark_model::weight_map::model_a[0m[2m:[0m dense_keep_f32: promoting model.language_model.layers.42.linear_attn.A_log from BF16 to FP32 ([48])
[2m2026-09-06T02:44:10.603052Z[0m [32m INFO[0m [2mspark_model::weight_map::model_a[0m[2m:[0m dense_keep_f32: promoting model.language_model.layers.42.linear_attn.dt_bias from BF16 to FP32 ([48])
[2m2026-09-06T02:44:10.604789Z[0m [32m INFO[0m [2mspark_model::layers::qwen3_ssm::init[0m[2m:[0m GDN state spine: gated_delta_rule_chunk_delta_h_vfused
[2m2026-09-06T02:44:10.604865Z[0m [32m INFO[0m [2mspark_model::weight_loader::qwen35_dense[0m[2m:[0m SSM[model.language_model.layers.42] native FP8 GDN: qkvz+out_proj block-scaled FP8 (no NVFP4 requant; prefill+decode via w8a16)
[2m2026-09-06T02:44:10.627102Z[0m [32m INFO[0m [2mspark_model::weight_map::model_a[0m[2m:[0m dense_keep_f32: promoting model.language_model.layers.44.linear_attn.A_log from BF16 to FP32 ([48])
[2m2026-09-06T02:44:10.627185Z[0m [32m INFO[0m [2mspark_model::weight_map::model_a[0m[2m:[0m dense_keep_f32: promoting model.language_model.layers.44.linear_attn.dt_bias from BF16 to FP32 ([48])
[2m2026-09-06T02:44:10.628907Z[0m [32m INFO[0m [2mspark_model::layers::qwen3_ssm::init[0m[2m:[0m GDN state spine: gated_delta_rule_chunk_delta_h_vfused
[2m2026-09-06T02:44:10.628982Z[0m [32m INFO[0m [2mspark_model::weight_loader::qwen35_dense[0m[2m:[0m SSM[model.language_model.layers.44] native FP8 GDN: qkvz+out_proj block-scaled FP8 (no NVFP4 requant; prefill+decode via w8a16)
[2m2026-09-06T02:44:10.636481Z[0m [32m INFO[0m [2mspark_model::weight_map::model_a[0m[2m:[0m dense_keep_f32: promoting model.language_model.layers.45.linear_attn.A_log from BF16 to FP32 ([48])
[2m2026-09-06T02:44:10.636540Z[0m [32m INFO[0m [2mspark_model::weight_map::model_a[0m[2m:[0m dense_keep_f32: promoting model.language_model.layers.45.linear_attn.dt_bias from BF16 to FP32 ([48])
[2m2026-09-06T02:44:10.638058Z[0m [32m INFO[0m [2mspark_model::layers::qwen3_ssm::init[0m[2m:[0m GDN state spine: gated_delta_rule_chunk_delta_h_vfused
[2m2026-09-06T02:44:10.638130Z[0m [32m INFO[0m [2mspark_model::weight_loader::qwen35_dense[0m[2m:[0m SSM[model.language_model.layers.45] native FP8 GDN: qkvz+out_proj block-scaled FP8 (no NVFP4 requant; prefill+decode via w8a16)
[2m2026-09-06T02:44:10.645616Z[0m [32m INFO[0m [2mspark_model::weight_map::model_a[0m[2m:[0m dense_keep_f32: promoting model.language_model.layers.46.linear_attn.A_log from BF16 to FP32 ([48])
[2m2026-09-06T02:44:10.645686Z[0m [32m INFO[0m [2mspark_model::weight_map::model_a[0m[2m:[0m dense_keep_f32: promoting model.language_model.layers.46.linear_attn.dt_bias from BF16 to FP32 ([48])
[2m2026-09-06T02:44:10.647428Z[0m [32m INFO[0m [2mspark_model::layers::qwen3_ssm::init[0m[2m:[0m GDN state spine: gated_delta_rule_chunk_delta_h_vfused
[2m2026-09-06T02:44:10.647506Z[0m [32m INFO[0m [2mspark_model::weight_loader::qwen35_dense[0m[2m:[0m SSM[model.language_model.layers.46] native FP8 GDN: qkvz+out_proj block-scaled FP8 (no NVFP4 requant; prefill+decode via w8a16)
[2m2026-09-06T02:44:10.669960Z[0m [32m INFO[0m [2mspark_model::weight_map::model_a[0m[2m:[0m dense_keep_f32: promoting model.language_model.layers.48.linear_attn.A_log from BF16 to FP32 ([48])
[2m2026-09-06T02:44:10.670033Z[0m [32m INFO[0m [2mspark_model::weight_map::model_a[0m[2m:[0m dense_keep_f32: promoting model.language_model.layers.48.linear_attn.dt_bias from BF16 to FP32 ([48])
[2m2026-09-06T02:44:10.671570Z[0m [32m INFO[0m [2mspark_model::layers::qwen3_ssm::init[0m[2m:[0m GDN state spine: gated_delta_rule_chunk_delta_h_vfused
[2m2026-09-06T02:44:10.671646Z[0m [32m INFO[0m [2mspark_model::weight_loader::qwen35_dense[0m[2m:[0m SSM[model.language_model.layers.48] native FP8 GDN: qkvz+out_proj block-scaled FP8 (no NVFP4 requant; prefill+decode via w8a16)
[2m2026-09-06T02:44:10.679110Z[0m [32m INFO[0m [2mspark_model::weight_map::model_a[0m[2m:[0m dense_keep_f32: promoting model.language_model.layers.49.linear_attn.A_log from BF16 to FP32 ([48])
[2m2026-09-06T02:44:10.679173Z[0m [32m INFO[0m [2mspark_model::weight_map::model_a[0m[2m:[0m dense_keep_f32: promoting model.language_model.layers.49.linear_attn.dt_bias from BF16 to FP32 ([48])
[2m2026-09-06T02:44:10.680901Z[0m [32m INFO[0m [2mspark_model::layers::qwen3_ssm::init[0m[2m:[0m GDN state spine: gated_delta_rule_chunk_delta_h_vfused
[2m2026-09-06T02:44:10.680977Z[0m [32m INFO[0m [2mspark_model::weight_loader::qwen35_dense[0m[2m:[0m SSM[model.language_model.layers.49] native FP8 GDN: qkvz+out_proj block-scaled FP8 (no NVFP4 requant; prefill+decode via w8a16)
[2m2026-09-06T02:44:10.688530Z[0m [32m INFO[0m [2mspark_model::weight_map::model_a[0m[2m:[0m dense_keep_f32: promoting model.language_model.layers.50.linear_attn.A_log from BF16 to FP32 ([48])
[2m2026-09-06T02:44:10.688589Z[0m [32m INFO[0m [2mspark_model::weight_map::model_a[0m[2m:[0m dense_keep_f32: promoting model.language_model.layers.50.linear_attn.dt_bias from BF16 to FP32 ([48])
[2m2026-09-06T02:44:10.690083Z[0m [32m INFO[0m [2mspark_model::layers::qwen3_ssm::init[0m[2m:[0m GDN state spine: gated_delta_rule_chunk_delta_h_vfused
[2m2026-09-06T02:44:10.690170Z[0m [32m INFO[0m [2mspark_model::weight_loader::qwen35_dense[0m[2m:[0m SSM[model.language_model.layers.50] native FP8 GDN: qkvz+out_proj block-scaled FP8 (no NVFP4 requant; prefill+decode via w8a16)
[2m2026-09-06T02:44:10.712629Z[0m [32m INFO[0m [2mspark_model::weight_map::model_a[0m[2m:[0m dense_keep_f32: promoting model.language_model.layers.52.linear_attn.A_log from BF16 to FP32 ([48])
[2m2026-09-06T02:44:10.712701Z[0m [32m INFO[0m [2mspark_model::weight_map::model_a[0m[2m:[0m dense_keep_f32: promoting model.language_model.layers.52.linear_attn.dt_bias from BF16 to FP32 ([48])
[2m2026-09-06T02:44:10.714340Z[0m [32m INFO[0m [2mspark_model::layers::qwen3_ssm::init[0m[2m:[0m GDN state spine: gated_delta_rule_chunk_delta_h_vfused
[2m2026-09-06T02:44:10.714414Z[0m [32m INFO[0m [2mspark_model::weight_loader::qwen35_dense[0m[2m:[0m SSM[model.language_model.layers.52] native FP8 GDN: qkvz+out_proj block-scaled FP8 (no NVFP4 requant; prefill+decode via w8a16)
[2m2026-09-06T02:44:10.721885Z[0m [32m INFO[0m [2mspark_model::weight_map::model_a[0m[2m:[0m dense_keep_f32: promoting model.language_model.layers.53.linear_attn.A_log from BF16 to FP32 ([48])
[2m2026-09-06T02:44:10.721952Z[0m [32m INFO[0m [2mspark_model::weight_map::model_a[0m[2m:[0m dense_keep_f32: promoting model.language_model.layers.53.linear_attn.dt_bias from BF16 to FP32 ([48])
[2m2026-09-06T02:44:10.723769Z[0m [32m INFO[0m [2mspark_model::layers::qwen3_ssm::init[0m[2m:[0m GDN state spine: gated_delta_rule_chunk_delta_h_vfused
[2m2026-09-06T02:44:10.723845Z[0m [32m INFO[0m [2mspark_model::weight_loader::qwen35_dense[0m[2m:[0m SSM[model.language_model.layers.53] native FP8 GDN: qkvz+out_proj block-scaled FP8 (no NVFP4 requant; prefill+decode via w8a16)
[2m2026-09-06T02:44:10.731396Z[0m [32m INFO[0m [2mspark_model::weight_map::model_a[0m[2m:[0m dense_keep_f32: promoting model.language_model.layers.54.linear_attn.A_log from BF16 to FP32 ([48])
[2m2026-09-06T02:44:10.731454Z[0m [32m INFO[0m [2mspark_model::weight_map::model_a[0m[2m:[0m dense_keep_f32: promoting model.language_model.layers.54.linear_attn.dt_bias from BF16 to FP32 ([48])
[2m2026-09-06T02:44:10.733026Z[0m [32m INFO[0m [2mspark_model::layers::qwen3_ssm::init[0m[2m:[0m GDN state spine: gated_delta_rule_chunk_delta_h_vfused
[2m2026-09-06T02:44:10.733101Z[0m [32m INFO[0m [2mspark_model::weight_loader::qwen35_dense[0m[2m:[0m SSM[model.language_model.layers.54] native FP8 GDN: qkvz+out_proj block-scaled FP8 (no NVFP4 requant; prefill+decode via w8a16)
[2m2026-09-06T02:44:10.755667Z[0m [32m INFO[0m [2mspark_model::weight_map::model_a[0m[2m:[0m dense_keep_f32: promoting model.language_model.layers.56.linear_attn.A_log from BF16 to FP32 ([48])
[2m2026-09-06T02:44:10.755743Z[0m [32m INFO[0m [2mspark_model::weight_map::model_a[0m[2m:[0m dense_keep_f32: promoting model.language_model.layers.56.linear_attn.dt_bias from BF16 to FP32 ([48])
[2m2026-09-06T02:44:10.757336Z[0m [32m INFO[0m [2mspark_model::layers::qwen3_ssm::init[0m[2m:[0m GDN state spine: gated_delta_rule_chunk_delta_h_vfused
[2m2026-09-06T02:44:10.757412Z[0m [32m INFO[0m [2mspark_model::weight_loader::qwen35_dense[0m[2m:[0m SSM[model.language_model.layers.56] native FP8 GDN: qkvz+out_proj block-scaled FP8 (no NVFP4 requant; prefill+decode via w8a16)
[2m2026-09-06T02:44:10.764875Z[0m [32m INFO[0m [2mspark_model::weight_map::model_a[0m[2m:[0m dense_keep_f32: promoting model.language_model.layers.57.linear_attn.A_log from BF16 to FP32 ([48])
[2m2026-09-06T02:44:10.764942Z[0m [32m INFO[0m [2mspark_model::weight_map::model_a[0m[2m:[0m dense_keep_f32: promoting model.language_model.layers.57.linear_attn.dt_bias from BF16 to FP32 ([48])
[2m2026-09-06T02:44:10.766733Z[0m [32m INFO[0m [2mspark_model::layers::qwen3_ssm::init[0m[2m:[0m GDN state spine: gated_delta_rule_chunk_delta_h_vfused
[2m2026-09-06T02:44:10.766809Z[0m [32m INFO[0m [2mspark_model::weight_loader::qwen35_dense[0m[2m:[0m SSM[model.language_model.layers.57] native FP8 GDN: qkvz+out_proj block-scaled FP8 (no NVFP4 requant; prefill+decode via w8a16)
[2m2026-09-06T02:44:10.774302Z[0m [32m INFO[0m [2mspark_model::weight_map::model_a[0m[2m:[0m dense_keep_f32: promoting model.language_model.layers.58.linear_attn.A_log from BF16 to FP32 ([48])
[2m2026-09-06T02:44:10.774360Z[0m [32m INFO[0m [2mspark_model::weight_map::model_a[0m[2m:[0m dense_keep_f32: promoting model.language_model.layers.58.linear_attn.dt_bias from BF16 to FP32 ([48])
[2m2026-09-06T02:44:10.775897Z[0m [32m INFO[0m [2mspark_model::layers::qwen3_ssm::init[0m[2m:[0m GDN state spine: gated_delta_rule_chunk_delta_h_vfused
[2m2026-09-06T02:44:10.775970Z[0m [32m INFO[0m [2mspark_model::weight_loader::qwen35_dense[0m[2m:[0m SSM[model.language_model.layers.58] native FP8 GDN: qkvz+out_proj block-scaled FP8 (no NVFP4 requant; prefill+decode via w8a16)
[2m2026-09-06T02:44:10.791019Z[0m [32m INFO[0m [2mspark_model::weight_loader::qwen35_dense[0m[2m:[0m Loaded layers 0..60
[2m2026-09-06T02:44:10.798454Z[0m [32m INFO[0m [2mspark_model::weight_map::model_a[0m[2m:[0m dense_keep_f32: promoting model.language_model.layers.60.linear_attn.A_log from BF16 to FP32 ([48])
[2m2026-09-06T02:44:10.798539Z[0m [32m INFO[0m [2mspark_model::weight_map::model_a[0m[2m:[0m dense_keep_f32: promoting model.language_model.layers.60.linear_attn.dt_bias from BF16 to FP32 ([48])
[2m2026-09-06T02:44:10.800275Z[0m [32m INFO[0m [2mspark_model::layers::qwen3_ssm::init[0m[2m:[0m GDN state spine: gated_delta_rule_chunk_delta_h_vfused
[2m2026-09-06T02:44:10.800352Z[0m [32m INFO[0m [2mspark_model::weight_loader::qwen35_dense[0m[2m:[0m SSM[model.language_model.layers.60] native FP8 GDN: qkvz+out_proj block-scaled FP8 (no NVFP4 requant; prefill+decode via w8a16)
[2m2026-09-06T02:44:10.807878Z[0m [32m INFO[0m [2mspark_model::weight_map::model_a[0m[2m:[0m dense_keep_f32: promoting model.language_model.layers.61.linear_attn.A_log from BF16 to FP32 ([48])
[2m2026-09-06T02:44:10.807937Z[0m [32m INFO[0m [2mspark_model::weight_map::model_a[0m[2m:[0m dense_keep_f32: promoting model.language_model.layers.61.linear_attn.dt_bias from BF16 to FP32 ([48])
[2m2026-09-06T02:44:10.809477Z[0m [32m INFO[0m [2mspark_model::layers::qwen3_ssm::init[0m[2m:[0m GDN state spine: gated_delta_rule_chunk_delta_h_vfused
[2m2026-09-06T02:44:10.809550Z[0m [32m INFO[0m [2mspark_model::weight_loader::qwen35_dense[0m[2m:[0m SSM[model.language_model.layers.61] native FP8 GDN: qkvz+out_proj block-scaled FP8 (no NVFP4 requant; prefill+decode via w8a16)
[2m2026-09-06T02:44:10.817063Z[0m [32m INFO[0m [2mspark_model::weight_map::model_a[0m[2m:[0m dense_keep_f32: promoting model.language_model.layers.62.linear_attn.A_log from BF16 to FP32 ([48])
[2m2026-09-06T02:44:10.817125Z[0m [32m INFO[0m [2mspark_model::weight_map::model_a[0m[2m:[0m dense_keep_f32: promoting model.language_model.layers.62.linear_attn.dt_bias from BF16 to FP32 ([48])
[2m2026-09-06T02:44:10.818875Z[0m [32m INFO[0m [2mspark_model::layers::qwen3_ssm::init[0m[2m:[0m GDN state spine: gated_delta_rule_chunk_delta_h_vfused
[2m2026-09-06T02:44:10.818950Z[0m [32m INFO[0m [2mspark_model::weight_loader::qwen35_dense[0m[2m:[0m SSM[model.language_model.layers.62] native FP8 GDN: qkvz+out_proj block-scaled FP8 (no NVFP4 requant; prefill+decode via w8a16)
[2m2026-09-06T02:44:10.833982Z[0m [32m INFO[0m [2mspark_model::weight_loader::qwen35_dense[0m[2m:[0m Qwen3.5 dense weight loader: 64 layers (16 attention, 48 SSM, dense FFN)
[2m2026-09-06T02:44:10.834094Z[0m [32m INFO[0m [2mspark_model::factory::build[0m[2m:[0m Layer construction: 27.97 GB consumed (53.09 GB free -> 25.13 GB free) across 64 layers, 437.0 MB/layer average
[2m2026-09-06T02:44:10.834120Z[0m [32m INFO[0m [2mspark_model::weight_loader::qwen35_dense[0m[2m:[0m Loading dense MTP weights (variant=Fp8Dequanted, hidden=5120, inter=17408)
[2m2026-09-06T02:44:10.835486Z[0m [32m INFO[0m [2mspark_model::weight_loader::qwen35_dense[0m[2m:[0m Dense MTP head ready (FP8 e4m3 projections + dense gate/up/down MLP)
[2m2026-09-06T02:44:10.835681Z[0m [33m WARN[0m [2mspark_model::layers::vision_encoder::enc_impl::init[0m[2m:[0m Vision encoder capacity 16384 patches (2048x2048 px) — the resolved area bound wanted 65536 patches, clamped: the ViT score matrix is O(patches^2) and 65536 would need ~24.0 GB of scratch. Lower --vision-max-pixels to reclaim memory, or raise CEILING_MAX_PATCHES only alongside tiled ViT attention.
[2m2026-09-06T02:44:10.840764Z[0m [32m INFO[0m [2mspark_model::weight_loader::qwen35[0m[2m:[0m Qwen3.6 vision encoder loaded: depth=27, hidden=1152, heads=16, FP8-blocks>=4
[2m2026-09-06T02:44:10.840785Z[0m [32m INFO[0m [2mspark_model::quant_format[0m[2m:[0m QuantFormat: fp8 (block-scaled), 0 ignored module(s)
[2m2026-09-06T02:44:10.840798Z[0m [32m INFO[0m [2mspark_model::factory::lm_head_setup[0m[2m:[0m LM head kept as BF16 (skip NVFP4 quantization per model config)
[2m2026-09-06T02:44:10.844917Z[0m [32m INFO[0m [2mspark_runtime::buffers[0m[2m:[0m Buffer arena: 8196 tokens × 3663.7 MB total (attn_out=96.0MB, ssm_deint=256.1MB, kv_lora_rank=0)
[2m2026-09-06T02:44:10.845049Z[0m [32m INFO[0m [2mspark_model::factory::build[0m[2m:[0m KV budget self-relative (ledger): Atlas-own 58.1 GB live in the alloc ledger; 2.0 GB of co-tenant/page-cache use excluded (set ATLAS_KV_EXTERNAL_RESERVE_GB to override)
[2m2026-09-06T02:44:10.845059Z[0m [32m INFO[0m [2mspark_model::factory::build[0m[2m:[0m KV cache: 79.2 GB total × 90% util = 71.3 GB budget; 58.1 GB pre-KV + 8.5 GB reserve → 4.6 GB for KV → 7612 blocks × 16 tok/block = 121792 max KV tokens
[2m2026-09-06T02:44:10.850272Z[0m [32m INFO[0m [2mspark_runtime::kv_cache::paged_impl[0m[2m:[0m KV cache: 7612 blocks × 16 layers (4 high-precision) = 4.6 GB total (mixed dtype)
[2m2026-09-06T02:44:10.850539Z[0m [32m INFO[0m [2mspark_model::model::drafter_context[0m[2m:[0m MTP drafter context: prefill=ON carry=ON (default). Disable both with ATLAS_NO_MTP_DRAFTER_CONTEXT=1.
[2m2026-09-06T02:44:10.850550Z[0m [32m INFO[0m [2mspark_model::model::impl_a1[0m[2m:[0m TransformerModel: 64 layers, vocab=248077, hidden=5120
[2m2026-09-06T02:44:10.851471Z[0m [32m INFO[0m [2mspark_model::model::ssm_pool[0m[2m:[0m SSM state pool: 4 slots × 48 layers = 606 MB
[2m2026-09-06T02:44:10.881237Z[0m [32m INFO[0m [2mspark_model::model::ssm_snapshot[0m[2m:[0m SSM snapshot pool: Marconi 16 slots (2424 MB), decode-rollback 8 slots × 4 seqs (4848 MB), 48 layers
[2m2026-09-06T02:44:10.881273Z[0m [32m INFO[0m [2mspark_model::model::impl_a1[0m[2m:[0m Marconi intermediate checkpoints: every 256 blocks (4096 tokens at block_size=16)
[2m2026-09-06T02:44:10.881433Z[0m [32m INFO[0m [2mspark_model::model::impl_a1_init[0m[2m:[0m MTP weights available (1 module(s)) but --speculative not set, skipping MTP head construction
[2m2026-09-06T02:44:10.883476Z[0m [32m INFO[0m [2mspark_model::model::impl_a1[0m[2m:[0m Pinned metadata staging: 996 KB
[2m2026-09-06T02:44:10.884416Z[0m [32m INFO[0m [2mspark_model::model::impl_a1_init[0m[2m:[0m GDN prefill buffers: 355 MB for 8196 tokens (chunked SSM prefill)
[2m2026-09-06T02:44:10.885425Z[0m [32m INFO[0m [2mspark_model::factory::build[0m[2m:[0m GPU allocation ledger: 76.13 GB live across 65 sites
[2m2026-09-06T02:44:10.885434Z[0m [32m INFO[0m [2mspark_model::factory::build[0m[2m:[0m     29436.7 MB  x1606  crates/spark-runtime/src/fast_weights/mod.rs:413
[2m2026-09-06T02:44:10.885437Z[0m [32m INFO[0m [2mspark_model::factory::build[0m[2m:[0m      8960.0 MB  x256   crates/spark-model/src/weight_map/loaders_fp8.rs:229
[2m2026-09-06T02:44:10.885440Z[0m [32m INFO[0m [2mspark_model::factory::build[0m[2m:[0m      8960.0 MB  x256   crates/spark-model/src/weight_map/quantized.rs:261
[2m2026-09-06T02:44:10.885443Z[0m [32m INFO[0m [2mspark_model::factory::build[0m[2m:[0m      4608.0 MB  x48    crates/spark-model/src/model/ssm_snapshot.rs:180
[2m2026-09-06T02:44:10.885445Z[0m [32m INFO[0m [2mspark_model::factory::build[0m[2m:[0m      3840.0 MB  x48    crates/spark-model/src/weight_loader/qwen35_dense.rs:135
[2m2026-09-06T02:44:10.885447Z[0m [32m INFO[0m [2mspark_model::factory::build[0m[2m:[0m      2378.8 MB  x16    crates/spark-runtime/src/kv_cache/paged_impl.rs:28
[2m2026-09-06T02:44:10.885450Z[0m [32m INFO[0m [2mspark_model::factory::build[0m[2m:[0m      2378.8 MB  x16    crates/spark-runtime/src/kv_cache/paged_impl.rs:27
[2m2026-09-06T02:44:10.885452Z[0m [32m INFO[0m [2mspark_model::factory::build[0m[2m:[0m      2304.0 MB  x48    crates/spark-model/src/model/ssm_snapshot.rs:165
[2m2026-09-06T02:44:10.885455Z[0m [32m INFO[0m [2mspark_model::factory::build[0m[2m:[0m      1600.0 MB  x64    crates/spark-model/src/weight_map/quantized.rs:643
[2m2026-09-06T02:44:10.885457Z[0m [32m INFO[0m [2mspark_model::factory::build[0m[2m:[0m      1120.0 MB  x256   crates/spark-model/src/weight_map/loaders_fp8.rs:230
[2m2026-09-06T02:44:10.885459Z[0m [32m INFO[0m [2mspark_model::factory::build[0m[2m:[0m      1120.0 MB  x256   crates/spark-model/src/weight_map/quantized.rs:262
[2m2026-09-06T02:44:10.885468Z[0m [32m INFO[0m [2mspark_model::factory::build[0m[2m:[0m       757.5 MB  x2     crates/spark-model/src/model/ssm_pool.rs:149
[2m2026-09-06T02:44:10.885471Z[0m [32m INFO[0m [2mspark_model::factory::build[0m[2m:[0m      5140.1 MB  across 53 smaller sites
[2m2026-09-06T02:44:10.885473Z[0m [32m INFO[0m [2mspark_model::factory::build[0m[2m:[0m   ── by file ──
[2m2026-09-06T02:44:10.885475Z[0m [32m INFO[0m [2mspark_model::factory::build[0m[2m:[0m     29436.7 MB  x1606  crates/spark-runtime/src/fast_weights/mod.rs
[2m2026-09-06T02:44:10.885478Z[0m [32m INFO[0m [2mspark_model::factory::build[0m[2m:[0m     11680.4 MB  x640   crates/spark-model/src/weight_map/quantized.rs
[2m2026-09-06T02:44:10.885480Z[0m [32m INFO[0m [2mspark_model::factory::build[0m[2m:[0m     10084.7 MB  x1072  crates/spark-model/src/weight_map/loaders_fp8.rs
[2m2026-09-06T02:44:10.885483Z[0m [32m INFO[0m [2mspark_model::factory::build[0m[2m:[0m      7272.2 MB  x193   crates/spark-model/src/model/ssm_snapshot.rs
[2m2026-09-06T02:44:10.885485Z[0m [32m INFO[0m [2mspark_model::factory::build[0m[2m:[0m      4757.5 MB  x32    crates/spark-runtime/src/kv_cache/paged_impl.rs
[2m2026-09-06T02:44:10.885487Z[0m [32m INFO[0m [2mspark_model::factory::build[0m[2m:[0m      3840.9 MB  x96    crates/spark-model/src/weight_loader/qwen35_dense.rs
[2m2026-09-06T02:44:10.885490Z[0m [32m INFO[0m [2mspark_model::factory::build[0m[2m:[0m      3663.7 MB  x34    crates/spark-runtime/src/buffers.rs
[2m2026-09-06T02:44:10.885492Z[0m [32m INFO[0m [2mspark_model::factory::build[0m[2m:[0m       757.5 MB  x2     crates/spark-model/src/model/ssm_pool.rs
[2m2026-09-06T02:44:10.885494Z[0m [32m INFO[0m [2mspark_model::factory::build[0m[2m:[0m       710.0 MB  x7     crates/spark-model/src/weight_map/quant_helpers.rs
[2m2026-09-06T02:44:10.885497Z[0m [32m INFO[0m [2mspark_model::factory::build[0m[2m:[0m       355.2 MB  x4     crates/spark-model/src/model/impl_a1_init.rs
[2m2026-09-06T02:44:10.885499Z[0m [32m INFO[0m [2mspark_model::factory::build[0m[2m:[0m        45.0 MB  x48    crates/spark-model/src/weight_map/fp8_lut.rs
[2m2026-09-06T02:44:10.885502Z[0m [32m INFO[0m [2mspark_model::factory::build[0m[2m:[0m         0.0 MB  x4     crates/spark-model/src/model/impl_a1.rs
[2m2026-09-06T02:44:10.885517Z[0m [32m INFO[0m [2mspark_model::factory::build[0m[2m:[0m util pledge honored: 70.9 GB tracked live within the 71.3 GB budget (0.4 GB pledge headroom)
[2m2026-09-06T02:44:10.960304Z[0m [32m INFO[0m [2mspark::main_modules::serve_phases::kernel_gate[0m[2m:[0m 
┌─ Kernel load audit ─ 181 kernels embedded · set-hash f46919654977 ─
│ MODULE (operation)                 PTX-HASH       RESOLUTION           SHADOWED
│ ────────────────────────────────────────────────────────────────────────────────────
│ argmax                             a3d8f119da7a   used                 N
│ bf16_add                           c545be6b71cf   -                    N
│ causal_conv1d                      7ab0b25e6e35   used                 N
│ dense_gemv_bf16_batch2             e1f4168736fb   used                 N
│ dense_gemv_bf16_batchm             81909bd83184   used                 N
│ dense_gemv_fp8w_batch2             a567517f18dc   used                 N
│ dequant_fp8_blockscaled_bf16       7ca785f6615b   used                 N
│ dequant_gguf_bf16                  3ea7d0fc8c6f   used                 N
│ dequant_nvfp4_bf16                 f19c898469a3   used                 N
│ dflash2                            505e703883e7   -                    N
│ e2m1                               ee092f6a0007   -                    N
│ embed_from_argmax                  33d7f5f7f9ec   used                 N
│ fp8_gemm_t_blockscaled             e38442d64e75   used                 N
│ fp8_gemv_rt                        3eaa87894534   -                    N
│ fused_k_norm_rope_cache            274a231d8067   used                 N
│ gated_delta_rule                   e468368f89d0   used                 N
│ gated_delta_rule_fla               b314a4eac529   used                 N
│ gated_delta_rule_persistent        15477a7a1949   used                 N
│ gated_delta_rule_regresident       fc021d4f0478   used                 N
│ gated_delta_rule_snap              4986925d1f05   used                 N
│ gated_delta_rule_wy                1f709adb59e1   used                 N
│ gated_delta_rule_wy17              5710cd8277c5   used                 N
│ gated_delta_rule_wy2_resident      5ef790286dd4   used                 N
│ gated_delta_rule_wy2_resident_f16  6241545d5063   used                 N
│ gated_delta_rule_wy3               f9c827f61f90   used                 N
│ gated_delta_rule_wy3_f16           89fc19007532   used                 N
│ gated_delta_rule_wy3_resident      fca8d31d0845   used                 N
│ gated_delta_rule_wy3_resident_f16  b5e49523c387   used                 N
│ gated_delta_rule_wy4               564b543b338f   used                 N
│ gated_delta_rule_wy4_f16           89c1fed78a9f   used                 N
│ gated_delta_rule_wy64_prefill      d3decc3327aa   used                 N
│ gated_delta_rule_wy_f16            51c86719c030   used                 N
│ gated_delta_rule_wyn               cdc277e13c48   used                 N
│ gdn_verify_fused_conv_kn           66bd2cc1acf2   used                 N
│ gdn_verify_fused_conv_kn_f32       73446979a530   used                 N
│ gdn_verify_fused_k2                32f1b2749c62   used                 N
│ gemm                               0efe3af7944d   used                 N
│ gemm_splitk                        0c472718bd89   used                 N
│ gemm_tc                            c9cd4a74aa86   used                 N
│ gemv                               98694eec2dfa   used                 N
│ gemv_fp8w                          64caf0b46229   used                 N
│ inferspark_decode                  5135eced3f7f   -                    N
│ inferspark_prefill                 cf58fea48707   used                 N
│ inferspark_prefill_h128            b8e20d30cc9b   -                    N
│ inferspark_prefill_paged_512       f9c2777dc77d   -                    N
│ inferspark_prefill_paged_batched   e3e19bfa20a2   used                 N
│ inferspark_prefill_paged_fp8_batched dabea5428b89   used                 N
│ inferspark_prefill_paged_nvfp4_batched 9728f96cbb4d   used                 N
│ inferspark_prefill_v47             a75c748d0c9f   -                    N
│ kv_cache                           2b4e52b6d337   -                    N
│ lora_bgmv                          c92ad2a0e2bc   -                    N
│ mamba2_ssd_chunk                   39635a3f8333   -                    N
│ mamba2_ssm                         ab9f97ce499b   -                    N
│ metadata_fill                      1d5bf751196c   used                 N
│ moe                                c0c4cff565f5   -                    N
│ moe_bf16_grouped_gemm              07cb1657897f   -                    N
│ moe_decode_atomic_c4               0b21e7b32872   -                    N
│ moe_expert_gemv                    bc99a28c1fbe   -                    N
│ moe_expert_gemv_fused              fcb5c21d01e5   -                    N
│ moe_fp8_grouped_gemm               b7cc6e252b3e   -                    N
│ moe_fused_batch2                   5c35a6941de7   -                    N
│ moe_fused_batch3                   f63c53f276e3   -                    N
│ moe_gate_topk                      a8fd3c3b3db9   -                    N
│ moe_hash_route                     4c9092b0b5bd   -                    N
│ moe_lora_gather_bgmv               fe7e1af640f6   -                    N
│ moe_lora_grouped_down              197182c49d84   -                    N
│ moe_prefill                        97146a516b9b   -                    N
│ moe_relu2_fused                    a72403bf6dd7   -                    N
│ moe_shared_expert_fused            b68db854cf10   -                    N
│ moe_shared_expert_fused_batch2_t   b83c587dd066   -                    N
│ moe_shared_expert_fused_batch3_t   141b291be42d   -                    N
│ moe_shared_expert_fused_bf16       110548889e0f   -                    N
│ moe_shared_expert_fused_bf16_batch2 e562ae77741f   -                    N
│ moe_shared_expert_fused_fp8        9ee897f90bf4   -                    N
│ moe_shared_expert_fused_fp8_batch2 b4c0ae76cd35   -                    N
│ moe_shared_expert_fused_fp8_batch2_t 152d4f318a09   -                    N
│ moe_shared_expert_fused_fp8_batch3 fbba7016b029   -                    N
│ moe_shared_expert_fused_fp8_batch3_t 0387c0d01bd7   -                    N
│ moe_shared_expert_fused_fp8_t      8542d58d5a49   -                    N
│ moe_shared_expert_fused_t          90de732f2498   -                    N
│ moe_silu_mul                       944a461c9c33   used                 N
│ moe_sorted                         4e3692d4b59c   -                    N
│ moe_topk                           ceaf62b9ee78   -                    N
│ moe_topk_sig                       c9078eb548f0   -                    N
│ moe_topk_softmax_bias              9e33f60b21f0   -                    N
│ moe_topk_sqrt                      55316962d0f0   -                    N
│ moe_transpose_batched              548c1c368da1   -                    N
│ moe_w4a16                          cb75cb278ecc   -                    Y (1 dropped)
│ moe_w8a8_grouped_gemm              2ab8b585f13a   -                    N
│ nemotron_moe_prefill               7d611384a880   -                    N
│ nllb_encoder                       9c06ebec859c   -                    N
│ norm                               39583f167b56   used                 N
│ nvfp4_mmq                          1b9de36da8d7   ** lookup FAILED **  N
│ paged_decode                       f9cf37f937a3   used                 N
│ paged_decode_bf16k_turbo2v         ae57e28ccf0a   -                    N
│ paged_decode_bf16k_turbo2v_128     c72279607077   -                    N
│ paged_decode_bf16k_turbo3v         0a00279aedf6   -                    N
│ paged_decode_bf16k_turbo3v_128     cf4f70644d26   -                    N
│ paged_decode_bf16k_turbo4v         f10fe0d153c6   -                    N
│ paged_decode_bf16k_turbo4v_128     084f13d8a3bc   -                    N
│ paged_decode_fp8                   e5acd87bc335   used                 N
│ paged_decode_fp8k_turbo2v          73568425d01b   -                    N
│ paged_decode_fp8k_turbo2v_128      f95969bfa730   -                    N
│ paged_decode_fp8k_turbo3v          7875a2251caf   -                    N
│ paged_decode_fp8k_turbo3v_128      c27da47baf4a   -                    N
│ paged_decode_fp8k_turbo4v          be5202228465   -                    N
│ paged_decode_fp8k_turbo4v_128      16c05e5cad14   -                    N
│ paged_decode_nvfp4                 2075fb3fac85   -                    N
│ paged_decode_turbo2                f4e19492e218   -                    N
│ paged_decode_turbo2_128            81cdb2be29f6   -                    N
│ paged_decode_turbo3                31ad1778a26f   -                    N
│ paged_decode_turbo3_128            dc2ff01c04f1   -                    N
│ paged_decode_turbo3k_turbo8v       3e8243b1561a   -                    N
│ paged_decode_turbo3k_turbo8v_128   80b7daca9986   -                    N
│ paged_decode_turbo4                195bbebc87b0   -                    N
│ paged_decode_turbo4_128            121f53435ee4   -                    N
│ paged_decode_turbo4_512            e53a1bd3d8a8   -                    N
│ paged_decode_turbo4k_turbo3v       ddd70af4c1be   -                    N
│ paged_decode_turbo4k_turbo3v_128   4eac023391a7   -                    N
│ paged_decode_turbo4k_turbo8v       7e4af1d8d58f   -                    N
│ paged_decode_turbo4k_turbo8v_128   d6129769be1d   -                    N
│ paged_decode_turbo8                a3cebd74bed2   -                    N
│ paged_decode_turbo8_128            a7811959aad6   -                    N
│ paged_decode_turbo8_512            d85b7e70ef63   -                    N
│ per_token_group_quant_fp8          60432b374f77   used                 N
│ prefill_fp8kv                      1723bd8cece8   -                    N
│ prefill_paged                      16ac23f76bca   used                 N
│ prefill_paged_bf16k_turbo2v        5632304dc8ff   used                 N
│ prefill_paged_bf16k_turbo3v        10bba38b0548   used                 N
│ prefill_paged_bf16k_turbo4v        1677758ae47a   used                 N
│ prefill_paged_fp8                  c28e747ccf9f   used                 N
│ prefill_paged_fp8k_turbo2v         2df8caa3927b   used                 N
│ prefill_paged_fp8k_turbo3v         2d57552506fb   used                 N
│ prefill_paged_fp8k_turbo4v         c2166490c6d3   used                 N
│ prefill_paged_indirect             33ce2f69ec12   -                    N
│ prefill_paged_nvfp4                ce0d8d9a60d3   used                 N
│ prefill_paged_turbo2               a9a23e2b3d03   used                 N
│ prefill_paged_turbo3               ce0017962e68   used                 N
│ prefill_paged_turbo3k_turbo8v      1f1892971511   used                 N
│ prefill_paged_turbo4               7c58b7ce9229   used                 N
│ prefill_paged_turbo4k_turbo3v      12db335dcfdd   used                 N
│ prefill_paged_turbo4k_turbo8v      081397cc5fb8   used                 N
│ prefill_paged_turbo8               e45bf3407a1b   used                 N
│ q2_0_gemv                          d94e369bebea   -                    N
│ q2_0_gemv_vec                      461e4edb18bb   used                 N
│ q2_0_mmq                           ef4567863bc7   -                    N
│ q4k_mmq                            25c10c146dcb   used                 N
│ q4k_quantize                       6867acf16579   used                 N
│ quant_rowwise_fp8                  1e626b8a3a25   -                    N
│ quantize_bf16_to_fp8_blockscaled   68ebed9e2706   -                    N
│ quantize_nvfp4                     225759ad81f9   used                 N
│ relu2                              9ca7d0d89bcb   -                    N
│ reshape_and_cache                  1ff39b18cce3   used                 N
│ reshape_and_cache_turbo            5bd3666c2efb   -                    N
│ residual_add                       6f5cda944230   used                 N
│ rms_norm_vanilla                   afca074afa31   -                    N
│ rope                               0c9e11777609   used                 N
│ rope_mrope_interleaved             3ad05b8ad684   used                 N
│ ssm_h_dtype                        71fc4ec62b4a   used                 N
│ ssm_preprocess                     be3ce7f5576c   used                 N
│ ssm_state_norm                     d360f511d031   used                 N
│ token_overlay                      36b987f13fe3   used                 N
│ tq_plus_innerq_apply               f386b419370d   used                 N
│ transpose_u8                       231b85b903d6   used                 N
│ vector_add                         c5307a23277d   -                    N
│ vision_encoder                     5d5643ec9948   used                 N
│ w4a16                              dc01c5df5ddf   used                 Y (1 dropped)
│ w4a16_fp8_ldmab                    26f1c1f2dd4e   -                    N
│ w4a16_gemv                         2f285c75f86d   used                 N
│ w4a16_gemv_fused                   9e9778cd14d2   used                 N
│ w4a16_v2                           46f16f6526e7   -                    N
│ w4a4                               2134e3b65912   ** lookup FAILED **  N
│ w8a16_gemm                         e974f7e0d13f   used                 N
│ w8a16_gemm_pipelined               15f207518fa6   used                 N
│ w8a16_gemm_t                       60091e2746f7   used                 N
│ w8a16_gemm_t_m128                  7ff753cd8aa3   used                 N
│ w8a16_gemv                         55805d4299d9   used                 N
│ w8a16_gemv_batch4                  16144c2829d3   used                 N
│ w8a16_gemv_fused                   646930a34817   used                 N
│ wht_bf16                           4a07ee00eb6c   used                 N
│ widen_block_scale_f32              6db3bf165dfa   used                 N
└─

15 kernel(s) declared expected-absent in this target's MODEL.toml [expected_absent] (no action):
    nvfp4_mmq::atlas_nvfp4_mmq128_nc, nvfp4_mmq::atlas_nvfp4_mmq128_wc, nvfp4_mmq::atlas_nvfp4_mmq16_nc, nvfp4_mmq::atlas_nvfp4_mmq16_wc, nvfp4_mmq::atlas_nvfp4_mmq32_nc, nvfp4_mmq::atlas_nvfp4_mmq32_wc, nvfp4_mmq::atlas_nvfp4_mmq64_nc, nvfp4_mmq::atlas_nvfp4_mmq64_wc, nvfp4_mmq::atlas_nvfp4_quantize_bf16, nvfp4_mmq::atlas_nvfp4_repack, nvfp4_mmq::atlas_nvfp4_scale_bf16, nvfp4_mmq::atlas_nvfp4_silu_mul_quant, nvfp4_mmq::atlas_nvfp4_silu_mul_scaled, w4a4::w4a4_gemm, w4a4::w4a4_gemm_mfast

[2m2026-09-06T02:44:10.962064Z[0m [32m INFO[0m [2mspark::main_modules::serve_phases::runtime[0m[2m:[0m EOS tokens (from generation_config.json): [248046, 248044]
[2m2026-09-06T02:44:10.962094Z[0m [32m INFO[0m [2mspark::main_modules::serve_phases::runtime[0m[2m:[0m Default sampling: temperature=1, top_k=20, top_p=0.95, top_n_sigma=1, min_p=0
[2m2026-09-06T02:44:11.384840Z[0m [32m INFO[0m [2mspark::tokenizer::jinja_helpers[0m[2m:[0m Loaded Jinja chat template from tokenizer_config.json (8964 chars)
[2m2026-09-06T02:44:11.385628Z[0m [32m INFO[0m [2mspark::tokenizer::chat_impl[0m[2m:[0m Loaded tokenizer from /workspace/atlas-rental/hf38/hub/models--Qwen--Qwen3.8-27B-FP8/snapshots/017b9c7af6b5689d5dd426a76e0bc077eb5ca20a/tokenizer.json
[2m2026-09-06T02:44:11.470355Z[0m [32m INFO[0m [2mspark::main_modules::serve_phases::tokenizer_runtime[0m[2m:[0m Reasoning parser: qwen (auto-detected from model_type 'qwen3_5')
[2m2026-09-06T02:44:11.470621Z[0m [32m INFO[0m [2mspark::main_modules::serve_phases::tokenizer_runtime[0m[2m:[0m Code-fence token: 71093 (``` — F2 fence guard active)
[2m2026-09-06T02:44:11.669485Z[0m [32m INFO[0m [2mspark::main_modules::serve_phases::tokenizer_runtime[0m[2m:[0m Numeric-token mask: 10/248077 ids classified as digit-runs (digit-normalized content-loop path active)
[2m2026-09-06T02:44:11.868069Z[0m [32m INFO[0m [2mspark::main_modules::serve_phases::tokenizer_runtime[0m[2m:[0m Boundary-token mask: 620/248077 ids end in a newline / sentence boundary (Phase-C rollback-to-boundary active)
[2m2026-09-06T02:44:12.071550Z[0m [32m INFO[0m [2mspark::main_modules::serve_phases::tokenizer_runtime[0m[2m:[0m Mid-word token mask: 241519/248077 ids end in alphanumeric (mid-word </think> defer active during thinking)
[2m2026-09-06T02:44:12.071568Z[0m [32m INFO[0m [2mspark::main_modules::serve_phases::tokenizer_runtime[0m[2m:[0m Thinking end token: 248069 (</think>)
[2m2026-09-06T02:44:12.071572Z[0m [32m INFO[0m [2mspark::main_modules::serve_phases::tokenizer_runtime[0m[2m:[0m Thinking start token: 248068 (<think>)
[2m2026-09-06T02:44:12.071591Z[0m [32m INFO[0m [2mspark::main_modules::serve_phases::tokenizer_runtime[0m[2m:[0m ChatML role-boundary hard stop: <|im_start|> (id 248045) registered
[2m2026-09-06T02:44:12.071599Z[0m [32m INFO[0m [2mspark::main_modules::serve_phases::tokenizer_runtime[0m[2m:[0m Tool-response hard stop: <tool_response> (id 248066) registered
[2m2026-09-06T02:44:12.071675Z[0m [32m INFO[0m [2mspark::main_modules::serve_phases::tokenizer_runtime[0m[2m:[0m Tool call start token: 248058 (<tool_call>)
[2m2026-09-06T02:44:12.071682Z[0m [32m INFO[0m [2mspark::main_modules::serve_phases::tokenizer_runtime[0m[2m:[0m Tool call end token: 248059 (</tool_call>)
[2m2026-09-06T02:44:12.446211Z[0m [32m INFO[0m [2mspark::grammar::engine[0m[2m:[0m Grammar: detected tokenizer vocab_type=byte_level, add_prefix_space=false
[2m2026-09-06T02:44:12.751784Z[0m [32m INFO[0m [2mspark::main_modules::serve_phases::tokenizer_runtime[0m[2m:[0m Grammar engine initialized (vocab_size=248077, vocab_type=auto-detected from tokenizer)
[2m2026-09-06T02:44:12.752215Z[0m [32m INFO[0m [2mspark::main_modules::serve_load[0m[2m:[0m Scheduling policy: SLAI (TBT deadline=100ms)
[2m2026-09-06T02:44:12.752470Z[0m [32m INFO[0m [2mspark::main_modules::serve_phases::runtime[0m[2m:[0m Tool call parser: qwen3_coder (auto-detected from model_type 'qwen3_5')
[2m2026-09-06T02:44:12.752482Z[0m [32m INFO[0m [2mspark::main_modules::serve_phases::runtime[0m[2m:[0m Tool call parser: 'qwen3_coder' has registered XGrammar grammar — constrained decoding ENABLED for tool requests
[2m2026-09-06T02:44:12.752491Z[0m [32m INFO[0m [2mspark::main_modules::serve_phases::runtime[0m[2m:[0m Response store: max_entries=10000, ttl=86400s, persist=memory-only
[2m2026-09-06T02:44:12.752511Z[0m [32m INFO[0m [2mspark::main_modules::serve_phases::runtime[0m[2m:[0m Model behavior: max_thinking_budget=2048, thinking_default=true
[2m2026-09-06T02:44:12.752516Z[0m [32m INFO[0m [2mspark::main_modules::serve_phases::runtime[0m[2m:[0m Model behavior: content-loop watchdog ENABLED (period-2…64 repetition detector)
[2m2026-09-06T02:44:12.752520Z[0m [32m INFO[0m [2mspark::main_modules::serve_phases::runtime[0m[2m:[0m Model behavior: watchdog rollback+re-steer ENABLED (cap 2 per sequence)
[2m2026-09-06T02:44:12.752525Z[0m [32m INFO[0m [2mspark::main_modules::serve_phases::runtime[0m[2m:[0m --disable-thinking set: thinking is forced OFF for every request
[2m2026-09-06T02:44:12.752722Z[0m [32m INFO[0m [2mspark::scheduler[0m[2m:[0m Scheduler started (batched mode, max_batch=4, mtp=false, ngram=false, num_drafts=0, policy=slai, chunked_prefill=true, max_prefill_tokens=8192)
[2m2026-09-06T02:44:12.753775Z[0m [32m INFO[0m [2mspark::scheduler[0m[2m:[0m Swap space: 3 GB at /tmp/atlas-swap-222806
[2m2026-09-06T02:44:12.755179Z[0m [33m WARN[0m [2mspark::main_modules::serve_router[0m[2m:[0m Atlas is listening on 0.0.0.0:8888 — reachable from any host on the network. If this machine is on a shared LAN or has a public IP, pass --bind 127.0.0.1 (or set --require-auth and a real firewall) before accepting traffic.
[2m2026-09-06T02:44:12.755355Z[0m [32m INFO[0m [2mspark::main_modules::serve_router[0m[2m:[0m Server live and ready at 127.0.0.1:8888 running Qwen/Qwen3.8-27B-FP8
[2m2026-09-06T02:44:13.400931Z[0m [32m INFO[0m [2mspark::api::chat::prepare[0m[2m:[0m Request: model=Qwen/Qwen3.8-27B-FP8, messages=1, tools=0, tools_active=false, tool_choice=None, stream=false, temp=Some(0.0), max_tokens=1, freq_pen=Some(0.0), rep_pen=None
[2m2026-09-06T02:44:13.401382Z[0m [32m INFO[0m [2mspark::tokenizer::chat_impl[0m[2m:[0m Jinja rendered (71 chars): "<|im_start|>user\nhi<|im_end|>\n<|im_start|>assistant\n<think>\n\n</think>\n\n"
[2m2026-09-06T02:44:13.401951Z[0m [32m INFO[0m [2mspark::api::chat[0m[2m:[0m Session 0xad17a500a5cd2703: 13 prompt tokens, tools=false (0 defined)
[2m2026-09-06T02:44:13.402030Z[0m [32m INFO[0m [2mspark::api::chat::sampling_setup[0m[2m:[0m sampling resolved (first request): temp=0.000 top_p=0.950 top_k=20 min_p=0.0000 top_n_sigma=1.0000 rep_pen=1.000 (core_preset=false)
[2m2026-09-06T02:44:13.402512Z[0m [32m INFO[0m [2mspark::scheduler::prefill_a_step[0m[2m:[0m Chunked prefill start: 13 prompt tokens, chunk_size=13, max_tokens=1
[2m2026-09-06T02:44:13.405163Z[0m [32m INFO[0m [2mspark_model::layers::qwen3_ssm::trait_prefill_recur[0m[2m:[0m GDN prefill: FLA chunked path ACTIVE (baked default: recompute_wu → chunk_delta_h_ksplit → chunk_fwd_o)
[2m2026-09-06T02:44:13.436734Z[0m [32m INFO[0m [2mspark_model::layers::fp8_calibration[0m[2m:[0m FP8 KV scale frozen on first observe (13 tok, headroom=2.0): k_scale=0.064453 (max=14.44), v_scale=0.038225 (max=8.56) — constant for all entries
[2m2026-09-06T02:44:13.448099Z[0m [32m INFO[0m [2mspark_model::layers::fp8_calibration[0m[2m:[0m FP8 KV scale frozen on first observe (13 tok, headroom=2.0): k_scale=0.079799 (max=17.88), v_scale=0.026228 (max=5.88) — constant for all entries
[2m2026-09-06T02:44:13.459435Z[0m [32m INFO[0m [2mspark_model::layers::fp8_calibration[0m[2m:[0m FP8 KV scale frozen on first observe (13 tok, headroom=2.0): k_scale=0.080915 (max=18.12), v_scale=0.025949 (max=5.81) — constant for all entries
[2m2026-09-06T02:44:13.470745Z[0m [32m INFO[0m [2mspark_model::layers::fp8_calibration[0m[2m:[0m FP8 KV scale frozen on first observe (13 tok, headroom=2.0): k_scale=0.090402 (max=20.25), v_scale=0.061663 (max=13.81) — constant for all entries
[2m2026-09-06T02:44:13.482040Z[0m [32m INFO[0m [2mspark_model::layers::fp8_calibration[0m[2m:[0m FP8 KV scale frozen on first observe (13 tok, headroom=2.0): k_scale=0.096540 (max=21.62), v_scale=0.123326 (max=27.62) — constant for all entries
[2m2026-09-06T02:44:13.493068Z[0m [32m INFO[0m [2mspark_model::layers::fp8_calibration[0m[2m:[0m FP8 KV scale frozen on first observe (13 tok, headroom=2.0): k_scale=0.102679 (max=23.00), v_scale=0.189732 (max=42.50) — constant for all entries
[2m2026-09-06T02:44:13.504084Z[0m [32m INFO[0m [2mspark_model::layers::fp8_calibration[0m[2m:[0m FP8 KV scale frozen on first observe (13 tok, headroom=2.0): k_scale=0.088170 (max=19.75), v_scale=0.169643 (max=38.00) — constant for all entries
[2m2026-09-06T02:44:13.515114Z[0m [32m INFO[0m [2mspark_model::layers::fp8_calibration[0m[2m:[0m FP8 KV scale frozen on first observe (13 tok, headroom=2.0): k_scale=0.093192 (max=20.88), v_scale=0.142857 (max=32.00) — constant for all entries
[2m2026-09-06T02:44:13.526126Z[0m [32m INFO[0m [2mspark_model::layers::fp8_calibration[0m[2m:[0m FP8 KV scale frozen on first observe (13 tok, headroom=2.0): k_scale=0.089286 (max=20.00), v_scale=0.228795 (max=51.25) — constant for all entries
[2m2026-09-06T02:44:13.537151Z[0m [32m INFO[0m [2mspark_model::layers::fp8_calibration[0m[2m:[0m FP8 KV scale frozen on first observe (13 tok, headroom=2.0): k_scale=0.078125 (max=17.50), v_scale=0.220982 (max=49.50) — constant for all entries
[2m2026-09-06T02:44:13.548166Z[0m [32m INFO[0m [2mspark_model::layers::fp8_calibration[0m[2m:[0m FP8 KV scale frozen on first observe (13 tok, headroom=2.0): k_scale=0.074777 (max=16.75), v_scale=0.216518 (max=48.50) — constant for all entries
[2m2026-09-06T02:44:13.559189Z[0m [32m INFO[0m [2mspark_model::layers::fp8_calibration[0m[2m:[0m FP8 KV scale frozen on first observe (13 tok, headroom=2.0): k_scale=0.067522 (max=15.12), v_scale=0.128348 (max=28.75) — constant for all entries
[2m2026-09-06T02:44:13.585060Z[0m [32m INFO[0m [2mspark::scheduler::prefill_a_step[0m[2m:[0m Prefill first token: 9419
[2m2026-09-06T02:44:13.585105Z[0m [32m INFO[0m [2mspark::scheduler::mtp_accept_debug[0m[2m:[0m Done: 1 tokens (length) 37074.1 tok/s, TTFT=182.6ms, serial=0.00 mtp=0.00 p1=0.000 mean_na=0.000 tok_step=1.000 regime_reprobes=0
[2m2026-09-06T02:44:14.914790Z[0m [32m INFO[0m [2mspark::api::chat::prepare[0m[2m:[0m Request: model=Qwen/Qwen3.8-27B-FP8, messages=2, tools=0, tools_active=false, tool_choice=None, stream=false, temp=Some(0.0), max_tokens=32, freq_pen=None, rep_pen=None
[2m2026-09-06T02:44:14.915241Z[0m [32m INFO[0m [2mspark::tokenizer::chat_impl[0m[2m:[0m Jinja rendered (248 chars): " answer. No explanation, reasoning, tags or punctuation.<|im_end|>\n<|im_start|>user\nRequest nonce: 0b6c6694ac9544a38b4ce0691c981cc5\nWhat is 17 * 23?<|im_end|>\n<|im_start|>assistant\n<think>\n\n</think>\n\n"
[2m2026-09-06T02:44:14.916270Z[0m [32m INFO[0m [2mspark::api::chat[0m[2m:[0m Session 0xa7f8090d1bc4137f: 77 prompt tokens, tools=false (0 defined)
[2m2026-09-06T02:44:14.916731Z[0m [32m INFO[0m [2mspark::scheduler::prefill_a_step[0m[2m:[0m Chunked prefill start: 77 prompt tokens, chunk_size=77, max_tokens=32
[2m2026-09-06T02:44:15.064809Z[0m [32m INFO[0m [2mspark_model::model::trait_impl::prefill_b::save_checkpoint[0m[2m:[0m Intermediate SSM checkpoint saved at token 48 (snapshot_id 0, block 3)
[2m2026-09-06T02:44:15.118321Z[0m [32m INFO[0m [2mspark_model::model::trait_impl::prefill_b::finalize_last[0m[2m:[0m Saved SSM snapshot 1 for 77 tokens (5 blocks) [chunk]
[2m2026-09-06T02:44:15.243094Z[0m [32m INFO[0m [2mspark::scheduler::prefill_a_step[0m[2m:[0m Prefill first token: 18
[2m2026-09-06T02:44:15.243113Z[0m [32m INFO[0m [2mspark::scheduler::phase_start_prefills[0m[2m:[0m Prefilled (single chunk): seq_len=77, remaining=31
[2m2026-09-06T02:44:15.243179Z[0m [32m INFO[0m [2mspark_model::model::trait_impl::decode_a[0m[2m:[0m FP8 calibration frozen — re-enabling CUDA graphs
[2m2026-09-06T02:44:15.243186Z[0m [32m INFO[0m [2mspark_model::model::trait_impl::decode_a[0m[2m:[0m CUDA graph capture: starting for 64 layers
[2m2026-09-06T02:44:15.246706Z[0m [32m INFO[0m [2mspark_model::model::trait_impl::decode_a[0m[2m:[0m CUDA graph captured successfully for slot=0 (handle=130623647686496)
[2m2026-09-06T02:44:15.308981Z[0m [32m INFO[0m [2mspark::scheduler::mtp_accept_debug[0m[2m:[0m Done: 4 tokens (stop) 60.7 tok/s, TTFT=326.4ms, serial=1.00 mtp=0.00 p1=0.000 mean_na=0.000 tok_step=1.000 regime_reprobes=0
[2m2026-09-06T02:44:15.309545Z[0m [32m INFO[0m [2mspark_model::model::trait_impl::decode_checkpoint[0m[2m:[0m Saved finish-leaf SSM snapshot 2 for 80 tokens
[2m2026-09-06T02:44:15.571498Z[0m [32m INFO[0m [2mspark::api::chat::prepare[0m[2m:[0m Request: model=Qwen/Qwen3.8-27B-FP8, messages=2, tools=0, tools_active=false, tool_choice=None, stream=false, temp=Some(0.0), max_tokens=32, freq_pen=None, rep_pen=None
[2m2026-09-06T02:44:15.571844Z[0m [32m INFO[0m [2mspark::tokenizer::chat_impl[0m[2m:[0m Jinja rendered (248 chars): " answer. No explanation, reasoning, tags or punctuation.<|im_end|>\n<|im_start|>user\nRequest nonce: bc99fe5b0a6e46b4a7b68c1f756fc3f5\nWhat is 83 * 31?<|im_end|>\n<|im_start|>assistant\n<think>\n\n</think>\n\n"
[2m2026-09-06T02:44:15.572747Z[0m [32m INFO[0m [2mspark::api::chat[0m[2m:[0m Session 0x97333f0106cee2aa: 76 prompt tokens, tools=false (0 defined)
[2m2026-09-06T02:44:15.573285Z[0m [32m INFO[0m [2mspark::scheduler::prefill_a_step[0m[2m:[0m Chunked prefill start: 76 prompt tokens, chunk_size=76, max_tokens=32
[2m2026-09-06T02:44:15.575423Z[0m [32m INFO[0m [2mspark_model::model::trait_impl::prefill_b::prefix_lookup[0m[2m:[0m Prefix cache hit: 16 tokens (1 blocks) but no SSM snapshot — recomputing all KV
[2m2026-09-06T02:44:15.575473Z[0m [32m INFO[0m [2mspark::api::chat::prepare[0m[2m:[0m Request: model=Qwen/Qwen3.8-27B-FP8, messages=2, tools=0, tools_active=false, tool_choice=None, stream=false, temp=Some(0.0), max_tokens=32, freq_pen=None, rep_pen=None
[2m2026-09-06T02:44:15.575808Z[0m [32m INFO[0m [2mspark::tokenizer::chat_impl[0m[2m:[0m Jinja rendered (248 chars): " answer. No explanation, reasoning, tags or punctuation.<|im_end|>\n<|im_start|>user\nRequest nonce: 68671f18a56648e0ae0bb784928240bc\nWhat is 79 * 29?<|im_end|>\n<|im_start|>assistant\n<think>\n\n</think>\n\n"
[2m2026-09-06T02:44:15.576585Z[0m [32m INFO[0m [2mspark::api::chat[0m[2m:[0m Session 0xef298f5484541300: 77 prompt tokens, tools=false (0 defined)
[2m2026-09-06T02:44:15.577292Z[0m [32m INFO[0m [2mspark::api::chat::prepare[0m[2m:[0m Request: model=Qwen/Qwen3.8-27B-FP8, messages=2, tools=0, tools_active=false, tool_choice=None, stream=false, temp=Some(0.0), max_tokens=32, freq_pen=None, rep_pen=None
[2m2026-09-06T02:44:15.577471Z[0m [32m INFO[0m [2mspark::tokenizer::chat_impl[0m[2m:[0m Jinja rendered (248 chars): " answer. No explanation, reasoning, tags or punctuation.<|im_end|>\n<|im_start|>user\nRequest nonce: 218d7980939e47eba912c9a7b9bbd690\nWhat is 73 * 23?<|im_end|>\n<|im_start|>assistant\n<think>\n\n</think>\n\n"
[2m2026-09-06T02:44:15.578064Z[0m [32m INFO[0m [2mspark::api::chat[0m[2m:[0m Session 0x368912923c67b9b7: 77 prompt tokens, tools=false (0 defined)
[2m2026-09-06T02:44:15.578181Z[0m [32m INFO[0m [2mspark::api::chat::prepare[0m[2m:[0m Request: model=Qwen/Qwen3.8-27B-FP8, messages=2, tools=0, tools_active=false, tool_choice=None, stream=false, temp=Some(0.0), max_tokens=32, freq_pen=None, rep_pen=None
[2m2026-09-06T02:44:15.578311Z[0m [32m INFO[0m [2mspark::tokenizer::chat_impl[0m[2m:[0m Jinja rendered (248 chars): " answer. No explanation, reasoning, tags or punctuation.<|im_end|>\n<|im_start|>user\nRequest nonce: 4d51e063b9b14ecba202e86e713e57d0\nWhat is 61 * 13?<|im_end|>\n<|im_start|>assistant\n<think>\n\n</think>\n\n"
[2m2026-09-06T02:44:15.578903Z[0m [32m INFO[0m [2mspark::api::chat[0m[2m:[0m Session 0x5989e5199f1ad305: 78 prompt tokens, tools=false (0 defined)
[2m2026-09-06T02:44:15.578925Z[0m [32m INFO[0m [2mspark::api::chat::prepare[0m[2m:[0m Request: model=Qwen/Qwen3.8-27B-FP8, messages=2, tools=0, tools_active=false, tool_choice=None, stream=false, temp=Some(0.0), max_tokens=32, freq_pen=None, rep_pen=None
[2m2026-09-06T02:44:15.579082Z[0m [32m INFO[0m [2mspark::tokenizer::chat_impl[0m[2m:[0m Jinja rendered (248 chars): " answer. No explanation, reasoning, tags or punctuation.<|im_end|>\n<|im_start|>user\nRequest nonce: c57c82874e14460ca615522e3bb4e1b5\nWhat is 67 * 17?<|im_end|>\n<|im_start|>assistant\n<think>\n\n</think>\n\n"
[2m2026-09-06T02:44:15.579701Z[0m [32m INFO[0m [2mspark::api::chat[0m[2m:[0m Session 0x6c0c0d6d4cf819bf: 77 prompt tokens, tools=false (0 defined)
[2m2026-09-06T02:44:15.581798Z[0m [32m INFO[0m [2mspark::api::chat::prepare[0m[2m:[0m Request: model=Qwen/Qwen3.8-27B-FP8, messages=2, tools=0, tools_active=false, tool_choice=None, stream=false, temp=Some(0.0), max_tokens=32, freq_pen=None, rep_pen=None
[2m2026-09-06T02:44:15.582283Z[0m [32m INFO[0m [2mspark::tokenizer::chat_impl[0m[2m:[0m Jinja rendered (248 chars): " answer. No explanation, reasoning, tags or punctuation.<|im_end|>\n<|im_start|>user\nRequest nonce: cec74207dd5d41e9b1583f60d57538ab\nWhat is 59 * 11?<|im_end|>\n<|im_start|>assistant\n<think>\n\n</think>\n\n"
[2m2026-09-06T02:44:15.582524Z[0m [32m INFO[0m [2mspark::api::chat::prepare[0m[2m:[0m Request: model=Qwen/Qwen3.8-27B-FP8, messages=2, tools=0, tools_active=false, tool_choice=None, stream=false, temp=Some(0.0), max_tokens=32, freq_pen=None, rep_pen=None
[2m2026-09-06T02:44:15.582640Z[0m [32m INFO[0m [2mspark::tokenizer::chat_impl[0m[2m:[0m Jinja rendered (248 chars): " answer. No explanation, reasoning, tags or punctuation.<|im_end|>\n<|im_start|>user\nRequest nonce: 508d73eca7704819a4e68721f21ce17b\nWhat is 71 * 19?<|im_end|>\n<|im_start|>assistant\n<think>\n\n</think>\n\n"
[2m2026-09-06T02:44:15.583232Z[0m [32m INFO[0m [2mspark::api::chat[0m[2m:[0m Session 0xb96d4be96e071ef3: 77 prompt tokens, tools=false (0 defined)
[2m2026-09-06T02:44:15.583365Z[0m [32m INFO[0m [2mspark::api::chat[0m[2m:[0m Session 0xe452574415448366: 76 prompt tokens, tools=false (0 defined)
[2m2026-09-06T02:44:15.587153Z[0m [32m INFO[0m [2mspark::api::chat::prepare[0m[2m:[0m Request: model=Qwen/Qwen3.8-27B-FP8, messages=2, tools=0, tools_active=false, tool_choice=None, stream=false, temp=Some(0.0), max_tokens=32, freq_pen=None, rep_pen=None
[2m2026-09-06T02:44:15.587261Z[0m [32m INFO[0m [2mspark::tokenizer::chat_impl[0m[2m:[0m Jinja rendered (248 chars): " answer. No explanation, reasoning, tags or punctuation.<|im_end|>\n<|im_start|>user\nRequest nonce: 69cf9aea99044f679fadf1e3330e067a\nWhat is 47 * 23?<|im_end|>\n<|im_start|>assistant\n<think>\n\n</think>\n\n"
[2m2026-09-06T02:44:15.587598Z[0m [32m INFO[0m [2mspark::api::chat::prepare[0m[2m:[0m Request: model=Qwen/Qwen3.8-27B-FP8, messages=2, tools=0, tools_active=false, tool_choice=None, stream=false, temp=Some(0.0), max_tokens=32, freq_pen=None, rep_pen=None
[2m2026-09-06T02:44:15.587847Z[0m [32m INFO[0m [2mspark::api::chat[0m[2m:[0m Session 0x6061b5140d1cad50: 75 prompt tokens, tools=false (0 defined)
[2m2026-09-06T02:44:15.587923Z[0m [32m INFO[0m [2mspark::tokenizer::chat_impl[0m[2m:[0m Jinja rendered (247 chars): "r answer. No explanation, reasoning, tags or punctuation.<|im_end|>\n<|im_start|>user\nRequest nonce: c391d65493d444ba8fff6ef7ceb0f507\nWhat is 53 * 7?<|im_end|>\n<|im_start|>assistant\n<think>\n\n</think>\n\n"
[2m2026-09-06T02:44:15.588705Z[0m [32m INFO[0m [2mspark::api::chat[0m[2m:[0m Session 0xe451af7e480a8fd8: 72 prompt tokens, tools=false (0 defined)
[2m2026-09-06T02:44:15.591466Z[0m [32m INFO[0m [2mspark::api::chat::prepare[0m[2m:[0m Request: model=Qwen/Qwen3.8-27B-FP8, messages=2, tools=0, tools_active=false, tool_choice=None, stream=false, temp=Some(0.0), max_tokens=32, freq_pen=None, rep_pen=None
[2m2026-09-06T02:44:15.591814Z[0m [32m INFO[0m [2mspark::tokenizer::chat_impl[0m[2m:[0m Jinja rendered (248 chars): " answer. No explanation, reasoning, tags or punctuation.<|im_end|>\n<|im_start|>user\nRequest nonce: 64c12d0e98e34d7e9fe872946b6371b2\nWhat is 43 * 19?<|im_end|>\n<|im_start|>assistant\n<think>\n\n</think>\n\n"
[2m2026-09-06T02:44:15.592578Z[0m [32m INFO[0m [2mspark::api::chat[0m[2m:[0m Session 0x3b915638bb699172: 79 prompt tokens, tools=false (0 defined)
[2m2026-09-06T02:44:15.593619Z[0m [32m INFO[0m [2mspark::api::chat::prepare[0m[2m:[0m Request: model=Qwen/Qwen3.8-27B-FP8, messages=2, tools=0, tools_active=false, tool_choice=None, stream=false, temp=Some(0.0), max_tokens=32, freq_pen=None, rep_pen=None
[2m2026-09-06T02:44:15.593948Z[0m [32m INFO[0m [2mspark::tokenizer::chat_impl[0m[2m:[0m Jinja rendered (247 chars): "r answer. No explanation, reasoning, tags or punctuation.<|im_end|>\n<|im_start|>user\nRequest nonce: a3c2df71627445a6bd57ee741cc72d8e\nWhat is 31 * 7?<|im_end|>\n<|im_start|>assistant\n<think>\n\n</think>\n\n"
[2m2026-09-06T02:44:15.594746Z[0m [32m INFO[0m [2mspark::api::chat[0m[2m:[0m Session 0x702cc84fde797b0e: 74 prompt tokens, tools=false (0 defined)
[2m2026-09-06T02:44:15.596354Z[0m [32m INFO[0m [2mspark::api::chat::prepare[0m[2m:[0m Request: model=Qwen/Qwen3.8-27B-FP8, messages=2, tools=0, tools_active=false, tool_choice=None, stream=false, temp=Some(0.0), max_tokens=32, freq_pen=None, rep_pen=None
[2m2026-09-06T02:44:15.596700Z[0m [32m INFO[0m [2mspark::tokenizer::chat_impl[0m[2m:[0m Jinja rendered (248 chars): " answer. No explanation, reasoning, tags or punctuation.<|im_end|>\n<|im_start|>user\nRequest nonce: 2e53096bfd694dc2ab1f93f4837a30fa\nWhat is 17 * 23?<|im_end|>\n<|im_start|>assistant\n<think>\n\n</think>\n\n"
[2m2026-09-06T02:44:15.596941Z[0m [32m INFO[0m [2mspark::api::chat::prepare[0m[2m:[0m Request: model=Qwen/Qwen3.8-27B-FP8, messages=2, tools=0, tools_active=false, tool_choice=None, stream=false, temp=Some(0.0), max_tokens=32, freq_pen=None, rep_pen=None
[2m2026-09-06T02:44:15.597282Z[0m [32m INFO[0m [2mspark::tokenizer::chat_impl[0m[2m:[0m Jinja rendered (248 chars): " answer. No explanation, reasoning, tags or punctuation.<|im_end|>\n<|im_start|>user\nRequest nonce: 11013a7ad208414ea348c4f7f20d3620\nWhat is 41 * 11?<|im_end|>\n<|im_start|>assistant\n<think>\n\n</think>\n\n"
[2m2026-09-06T02:44:15.597601Z[0m [32m INFO[0m [2mspark::api::chat[0m[2m:[0m Session 0x7aea5825769d58cf: 75 prompt tokens, tools=false (0 defined)
[2m2026-09-06T02:44:15.597839Z[0m [32m INFO[0m [2mspark::api::chat::prepare[0m[2m:[0m Request: model=Qwen/Qwen3.8-27B-FP8, messages=2, tools=0, tools_active=false, tool_choice=None, stream=false, temp=Some(0.0), max_tokens=32, freq_pen=None, rep_pen=None
[2m2026-09-06T02:44:15.598072Z[0m [32m INFO[0m [2mspark::api::chat[0m[2m:[0m Session 0xa3c49a6655bbdcdc: 78 prompt tokens, tools=false (0 defined)
[2m2026-09-06T02:44:15.598203Z[0m [32m INFO[0m [2mspark::tokenizer::chat_impl[0m[2m:[0m Jinja rendered (248 chars): " answer. No explanation, reasoning, tags or punctuation.<|im_end|>\n<|im_start|>user\nRequest nonce: 4bec0bec63b34078ae7bad3729df68a4\nWhat is 23 * 19?<|im_end|>\n<|im_start|>assistant\n<think>\n\n</think>\n\n"
[2m2026-09-06T02:44:15.598203Z[0m [32m INFO[0m [2mspark::api::chat::prepare[0m[2m:[0m Request: model=Qwen/Qwen3.8-27B-FP8, messages=2, tools=0, tools_active=false, tool_choice=None, stream=false, temp=Some(0.0), max_tokens=32, freq_pen=None, rep_pen=None
[2m2026-09-06T02:44:15.598578Z[0m [32m INFO[0m [2mspark::tokenizer::chat_impl[0m[2m:[0m Jinja rendered (248 chars): " answer. No explanation, reasoning, tags or punctuation.<|im_end|>\n<|im_start|>user\nRequest nonce: 3322e98a881441d1b23fd6179f49aa93\nWhat is 29 * 13?<|im_end|>\n<|im_start|>assistant\n<think>\n\n</think>\n\n"
[2m2026-09-06T02:44:15.598783Z[0m [32m INFO[0m [2mspark::api::chat::prepare[0m[2m:[0m Request: model=Qwen/Qwen3.8-27B-FP8, messages=2, tools=0, tools_active=false, tool_choice=None, stream=false, temp=Some(0.0), max_tokens=32, freq_pen=None, rep_pen=None
[2m2026-09-06T02:44:15.598937Z[0m [32m INFO[0m [2mspark::tokenizer::chat_impl[0m[2m:[0m Jinja rendered (248 chars): " answer. No explanation, reasoning, tags or punctuation.<|im_end|>\n<|im_start|>user\nRequest nonce: d345220d1ff64b7896771ca0b7d20d38\nWhat is 37 * 17?<|im_end|>\n<|im_start|>assistant\n<think>\n\n</think>\n\n"
[2m2026-09-06T02:44:15.599039Z[0m [32m INFO[0m [2mspark::api::chat[0m[2m:[0m Session 0xeaa3ce25278963a8: 72 prompt tokens, tools=false (0 defined)
[2m2026-09-06T02:44:15.599165Z[0m [32m INFO[0m [2mspark::api::chat[0m[2m:[0m Session 0xc604163cd1622621: 78 prompt tokens, tools=false (0 defined)
[2m2026-09-06T02:44:15.599616Z[0m [32m INFO[0m [2mspark::api::chat[0m[2m:[0m Session 0x863c30e5b4ae0b1e: 77 prompt tokens, tools=false (0 defined)
[2m2026-09-06T02:44:15.601917Z[0m [32m INFO[0m [2mspark_model::model::trait_impl::prefill_b::save_checkpoint[0m[2m:[0m Intermediate SSM checkpoint saved at token 48 (snapshot_id 3, block 3)
[2m2026-09-06T02:44:15.774206Z[0m [32m INFO[0m [2mspark_model::model::trait_impl::prefill_b::finalize_last[0m[2m:[0m Saved SSM snapshot 4 for 76 tokens (5 blocks) [chunk]
[2m2026-09-06T02:44:15.899707Z[0m [32m INFO[0m [2mspark::scheduler::prefill_a_step[0m[2m:[0m Prefill first token: 17
[2m2026-09-06T02:44:15.899725Z[0m [32m INFO[0m [2mspark::scheduler::phase_start_prefills[0m[2m:[0m Prefilled (single chunk): seq_len=76, remaining=31
[2m2026-09-06T02:44:15.920403Z[0m [32m INFO[0m [2mspark::scheduler::prefill_a_step[0m[2m:[0m Chunked prefill start: 72 prompt tokens, chunk_size=72, max_tokens=32
[2m2026-09-06T02:44:15.921764Z[0m [32m INFO[0m [2mspark_model::model::trait_impl::prefill_b::prefix_lookup[0m[2m:[0m Prefix cache hit: 16 tokens (1 blocks) but no SSM snapshot — recomputing all KV
[2m2026-09-06T02:44:15.947264Z[0m [32m INFO[0m [2mspark_model::model::trait_impl::prefill_b::save_checkpoint[0m[2m:[0m Intermediate SSM checkpoint saved at token 48 (snapshot_id 5, block 3)
[2m2026-09-06T02:44:16.119564Z[0m [32m INFO[0m [2mspark_model::model::trait_impl::prefill_b::finalize_last[0m[2m:[0m Saved SSM snapshot 6 for 72 tokens (5 blocks) [chunk]
[2m2026-09-06T02:44:16.244411Z[0m [32m INFO[0m [2mspark::scheduler::prefill_a_step[0m[2m:[0m Prefill first token: 18
[2m2026-09-06T02:44:16.244426Z[0m [32m INFO[0m [2mspark::scheduler::phase_start_prefills[0m[2m:[0m Prefilled (single chunk): seq_len=72, remaining=31
[2m2026-09-06T02:44:16.244433Z[0m [32m INFO[0m [2mspark::scheduler::prefill_a_step[0m[2m:[0m Chunked prefill start: 72 prompt tokens, chunk_size=72, max_tokens=32
[2m2026-09-06T02:44:16.245766Z[0m [32m INFO[0m [2mspark_model::model::trait_impl::prefill_b::prefix_lookup[0m[2m:[0m Prefix cache hit: 16 tokens (1 blocks) but no SSM snapshot — recomputing all KV
[2m2026-09-06T02:44:16.271266Z[0m [32m INFO[0m [2mspark_model::model::trait_impl::prefill_b::save_checkpoint[0m[2m:[0m Intermediate SSM checkpoint saved at token 48 (snapshot_id 7, block 3)
[2m2026-09-06T02:44:16.439805Z[0m [32m INFO[0m [2mspark_model::model::trait_impl::prefill_b::finalize_last[0m[2m:[0m Saved SSM snapshot 8 for 72 tokens (5 blocks) [chunk]
[2m2026-09-06T02:44:16.564277Z[0m [32m INFO[0m [2mspark::scheduler::prefill_a_step[0m[2m:[0m Prefill first token: 19
[2m2026-09-06T02:44:16.564290Z[0m [32m INFO[0m [2mspark::scheduler::phase_start_prefills[0m[2m:[0m Prefilled (single chunk): seq_len=72, remaining=31
[2m2026-09-06T02:44:16.564296Z[0m [32m INFO[0m [2mspark::scheduler::prefill_a_step[0m[2m:[0m Chunked prefill start: 74 prompt tokens, chunk_size=74, max_tokens=32
[2m2026-09-06T02:44:16.565651Z[0m [32m INFO[0m [2mspark_model::model::trait_impl::prefill_b::prefix_lookup[0m[2m:[0m Prefix cache hit: 16 tokens (1 blocks) but no SSM snapshot — recomputing all KV
[2m2026-09-06T02:44:16.591162Z[0m [32m INFO[0m [2mspark_model::model::trait_impl::prefill_b::save_checkpoint[0m[2m:[0m Intermediate SSM checkpoint saved at token 48 (snapshot_id 9, block 3)
[2m2026-09-06T02:44:16.760083Z[0m [32m INFO[0m [2mspark_model::model::trait_impl::prefill_b::finalize_last[0m[2m:[0m Saved SSM snapshot 10 for 74 tokens (5 blocks) [chunk]
[2m2026-09-06T02:44:16.885820Z[0m [32m INFO[0m [2mspark::scheduler::prefill_a_step[0m[2m:[0m Prefill first token: 17
[2m2026-09-06T02:44:16.885835Z[0m [32m INFO[0m [2mspark::scheduler::phase_start_prefills[0m[2m:[0m Prefilled (single chunk): seq_len=74, remaining=31
[2m2026-09-06T02:44:16.885932Z[0m [32m INFO[0m [2mspark_model::layers::qwen3_ssm::trait_decode_multi_seq::ssm_batched[0m[2m:[0m SSM batched projections ACTIVE — QKVZ/out_proj read once per step
[2m2026-09-06T02:44:16.893949Z[0m [32m INFO[0m [2mspark_model::model::trait_impl::decode_a2[0m[2m:[0m Captured CUDA graph for batch size 4 (n=4, slots=Some([0, 1, 2, 3]))
[2m2026-09-06T02:44:17.016070Z[0m [32m INFO[0m [2mspark::scheduler::mtp_accept_debug[0m[2m:[0m Done: 5 tokens (stop) 4.5 tok/s, TTFT=326.4ms, serial=1.00 mtp=0.00 p1=0.000 mean_na=0.000 tok_step=1.000 regime_reprobes=0
[2m2026-09-06T02:44:17.016745Z[0m [32m INFO[0m [2mspark_model::model::trait_impl::decode_checkpoint[0m[2m:[0m Saved finish-leaf SSM snapshot 11 for 80 tokens
[2m2026-09-06T02:44:17.017228Z[0m [32m INFO[0m [2mspark::scheduler::mtp_accept_debug[0m[2m:[0m Done: 4 tokens (stop) 5.2 tok/s, TTFT=324.0ms, serial=1.00 mtp=0.00 p1=0.000 mean_na=0.000 tok_step=1.000 regime_reprobes=0
[2m2026-09-06T02:44:17.017754Z[0m [32m INFO[0m [2mspark_model::model::trait_impl::decode_checkpoint[0m[2m:[0m Saved finish-leaf SSM snapshot 12 for 75 tokens
[2m2026-09-06T02:44:17.018175Z[0m [32m INFO[0m [2mspark::scheduler::mtp_accept_debug[0m[2m:[0m Done: 4 tokens (stop) 8.8 tok/s, TTFT=319.9ms, serial=1.00 mtp=0.00 p1=0.000 mean_na=0.000 tok_step=1.000 regime_reprobes=0
[2m2026-09-06T02:44:17.018801Z[0m [32m INFO[0m [2mspark_model::model::trait_impl::decode_checkpoint[0m[2m:[0m Saved finish-leaf SSM snapshot 13 for 75 tokens
[2m2026-09-06T02:44:17.019270Z[0m [32m INFO[0m [2mspark::scheduler::mtp_accept_debug[0m[2m:[0m Done: 4 tokens (stop) 30.0 tok/s, TTFT=321.5ms, serial=1.00 mtp=0.00 p1=0.000 mean_na=0.000 tok_step=1.000 regime_reprobes=0
[2m2026-09-06T02:44:17.019880Z[0m [32m INFO[0m [2mspark_model::model::trait_impl::decode_checkpoint[0m[2m:[0m Saved finish-leaf SSM snapshot 14 for 77 tokens
[2m2026-09-06T02:44:17.020382Z[0m [32m INFO[0m [2mspark::scheduler::prefill_a_step[0m[2m:[0m Chunked prefill start: 75 prompt tokens, chunk_size=75, max_tokens=32
[2m2026-09-06T02:44:17.022043Z[0m [32m INFO[0m [2mspark_model::model::trait_impl::prefill_b::prefix_lookup[0m[2m:[0m Prefix cache hit: 16 tokens (1 blocks) but no SSM snapshot — recomputing all KV
[2m2026-09-06T02:44:17.048456Z[0m [32m INFO[0m [2mspark_model::model::trait_impl::prefill_b::save_checkpoint[0m[2m:[0m Intermediate SSM checkpoint saved at token 48 (snapshot_id 15, block 3)
[2m2026-09-06T02:44:17.222229Z[0m [32m INFO[0m [2mspark_model::model::trait_impl::prefill_b::finalize_last[0m[2m:[0m Saved SSM snapshot 0 for 75 tokens (5 blocks) [chunk]
[2m2026-09-06T02:44:17.347928Z[0m [32m INFO[0m [2mspark::scheduler::prefill_a_step[0m[2m:[0m Prefill first token: 16
[2m2026-09-06T02:44:17.347945Z[0m [32m INFO[0m [2mspark::scheduler::phase_start_prefills[0m[2m:[0m Prefilled (single chunk): seq_len=75, remaining=31
[2m2026-09-06T02:44:17.347949Z[0m [32m INFO[0m [2mspark::scheduler::prefill_a_step[0m[2m:[0m Chunked prefill start: 75 prompt tokens, chunk_size=75, max_tokens=32
[2m2026-09-06T02:44:17.349295Z[0m [32m INFO[0m [2mspark_model::model::trait_impl::prefill_b::prefix_lookup[0m[2m:[0m Prefix cache hit: 16 tokens (1 blocks) but no SSM snapshot — recomputing all KV
[2m2026-09-06T02:44:17.374802Z[0m [32m INFO[0m [2mspark_model::model::trait_impl::prefill_b::save_checkpoint[0m[2m:[0m Intermediate SSM checkpoint saved at token 48 (snapshot_id 1, block 3)
[2m2026-09-06T02:44:17.543603Z[0m [32m INFO[0m [2mspark_model::model::trait_impl::prefill_b::finalize_last[0m[2m:[0m Saved SSM snapshot 2 for 75 tokens (5 blocks) [chunk]
[2m2026-09-06T02:44:17.668952Z[0m [32m INFO[0m [2mspark::scheduler::prefill_a_step[0m[2m:[0m Prefill first token: 18
[2m2026-09-06T02:44:17.668965Z[0m [32m INFO[0m [2mspark::scheduler::phase_start_prefills[0m[2m:[0m Prefilled (single chunk): seq_len=75, remaining=31
[2m2026-09-06T02:44:17.668969Z[0m [32m INFO[0m [2mspark::scheduler::prefill_a_step[0m[2m:[0m Chunked prefill start: 76 prompt tokens, chunk_size=76, max_tokens=32
[2m2026-09-06T02:44:17.670308Z[0m [32m INFO[0m [2mspark_model::model::trait_impl::prefill_b::prefix_lookup[0m[2m:[0m Prefix cache hit: 16 tokens (1 blocks) but no SSM snapshot — recomputing all KV
[2m2026-09-06T02:44:17.695805Z[0m [32m INFO[0m [2mspark_model::model::trait_impl::prefill_b::save_checkpoint[0m[2m:[0m Intermediate SSM checkpoint saved at token 48 (snapshot_id 3, block 3)
[2m2026-09-06T02:44:17.864619Z[0m [32m INFO[0m [2mspark_model::model::trait_impl::prefill_b::finalize_last[0m[2m:[0m Saved SSM snapshot 4 for 76 tokens (5 blocks) [chunk]
[2m2026-09-06T02:44:17.990083Z[0m [32m INFO[0m [2mspark::scheduler::prefill_a_step[0m[2m:[0m Prefill first token: 21
[2m2026-09-06T02:44:17.990096Z[0m [32m INFO[0m [2mspark::scheduler::phase_start_prefills[0m[2m:[0m Prefilled (single chunk): seq_len=76, remaining=31
[2m2026-09-06T02:44:17.990101Z[0m [32m INFO[0m [2mspark::scheduler::prefill_a_step[0m[2m:[0m Chunked prefill start: 77 prompt tokens, chunk_size=77, max_tokens=32
[2m2026-09-06T02:44:17.991446Z[0m [32m INFO[0m [2mspark_model::model::trait_impl::prefill_b::prefix_lookup[0m[2m:[0m Prefix cache hit: 16 tokens (1 blocks) but no SSM snapshot — recomputing all KV
[2m2026-09-06T02:44:18.016941Z[0m [32m INFO[0m [2mspark_model::model::trait_impl::prefill_b::save_checkpoint[0m[2m:[0m Intermediate SSM checkpoint saved at token 48 (snapshot_id 11, block 3)
[2m2026-09-06T02:44:18.185568Z[0m [32m INFO[0m [2mspark_model::model::trait_impl::prefill_b::finalize_last[0m[2m:[0m Saved SSM snapshot 5 for 77 tokens (5 blocks) [chunk]
[2m2026-09-06T02:44:18.310391Z[0m [32m INFO[0m [2mspark::scheduler::prefill_a_step[0m[2m:[0m Prefill first token: 17
[2m2026-09-06T02:44:18.310404Z[0m [32m INFO[0m [2mspark::scheduler::phase_start_prefills[0m[2m:[0m Prefilled (single chunk): seq_len=77, remaining=31
[2m2026-09-06T02:44:18.423695Z[0m [32m INFO[0m [2mspark::scheduler::mtp_accept_debug[0m[2m:[0m Done: 4 tokens (stop) 9.2 tok/s, TTFT=321.1ms, serial=1.00 mtp=0.00 p1=0.000 mean_na=0.000 tok_step=1.000 regime_reprobes=0
[2m2026-09-06T02:44:18.424305Z[0m [32m INFO[0m [2mspark_model::model::trait_impl::decode_checkpoint[0m[2m:[0m Saved finish-leaf SSM snapshot 6 for 79 tokens
[2m2026-09-06T02:44:18.424741Z[0m [32m INFO[0m [2mspark::scheduler::mtp_accept_debug[0m[2m:[0m Done: 4 tokens (stop) 5.3 tok/s, TTFT=321.0ms, serial=1.00 mtp=0.00 p1=0.000 mean_na=0.000 tok_step=1.000 regime_reprobes=0
[2m2026-09-06T02:44:18.425211Z[0m [32m INFO[0m [2mspark_model::model::trait_impl::decode_checkpoint[0m[2m:[0m Saved finish-leaf SSM snapshot 12 for 78 tokens
[2m2026-09-06T02:44:18.426023Z[0m [32m INFO[0m [2mspark::scheduler::prefill_a_step[0m[2m:[0m Chunked prefill start: 77 prompt tokens, chunk_size=77, max_tokens=32
[2m2026-09-06T02:44:18.427429Z[0m [32m INFO[0m [2mspark_model::model::trait_impl::prefill_b::prefix_lookup[0m[2m:[0m Prefix cache hit: 16 tokens (1 blocks) but no SSM snapshot — recomputing all KV
[2m2026-09-06T02:44:18.453847Z[0m [32m INFO[0m [2mspark_model::model::trait_impl::prefill_b::save_checkpoint[0m[2m:[0m Intermediate SSM checkpoint saved at token 48 (snapshot_id 7, block 3)
[2m2026-09-06T02:44:18.627276Z[0m [32m INFO[0m [2mspark_model::model::trait_impl::prefill_b::finalize_last[0m[2m:[0m Saved SSM snapshot 8 for 77 tokens (5 blocks) [chunk]
[2m2026-09-06T02:44:18.752391Z[0m [32m INFO[0m [2mspark::scheduler::prefill_a_step[0m[2m:[0m Prefill first token: 16
[2m2026-09-06T02:44:18.752407Z[0m [32m INFO[0m [2mspark::scheduler::phase_start_prefills[0m[2m:[0m Prefilled (single chunk): seq_len=77, remaining=31
[2m2026-09-06T02:44:18.752412Z[0m [32m INFO[0m [2mspark::scheduler::prefill_a_step[0m[2m:[0m Chunked prefill start: 77 prompt tokens, chunk_size=77, max_tokens=32
[2m2026-09-06T02:44:18.753743Z[0m [32m INFO[0m [2mspark_model::model::trait_impl::prefill_b::prefix_lookup[0m[2m:[0m Prefix cache hit: 16 tokens (1 blocks) but no SSM snapshot — recomputing all KV
[2m2026-09-06T02:44:18.779251Z[0m [32m INFO[0m [2mspark_model::model::trait_impl::prefill_b::save_checkpoint[0m[2m:[0m Intermediate SSM checkpoint saved at token 48 (snapshot_id 13, block 3)
[2m2026-09-06T02:44:18.947898Z[0m [32m INFO[0m [2mspark_model::model::trait_impl::prefill_b::finalize_last[0m[2m:[0m Saved SSM snapshot 9 for 77 tokens (5 blocks) [chunk]
[2m2026-09-06T02:44:19.072719Z[0m [32m INFO[0m [2mspark::scheduler::prefill_a_step[0m[2m:[0m Prefill first token: 16
[2m2026-09-06T02:44:19.072736Z[0m [32m INFO[0m [2mspark::scheduler::phase_start_prefills[0m[2m:[0m Prefilled (single chunk): seq_len=77, remaining=31
[2m2026-09-06T02:44:19.110341Z[0m [32m INFO[0m [2mspark::scheduler::mtp_accept_debug[0m[2m:[0m Done: 5 tokens (stop) 6.3 tok/s, TTFT=320.3ms, serial=1.00 mtp=0.00 p1=0.000 mean_na=0.000 tok_step=1.000 regime_reprobes=0
[2m2026-09-06T02:44:19.110876Z[0m [32m INFO[0m [2mspark_model::model::trait_impl::decode_checkpoint[0m[2m:[0m Saved finish-leaf SSM snapshot 10 for 81 tokens
[2m2026-09-06T02:44:19.111284Z[0m [32m INFO[0m [2mspark::scheduler::mtp_accept_debug[0m[2m:[0m Done: 5 tokens (stop) 2.8 tok/s, TTFT=327.6ms, serial=1.00 mtp=0.00 p1=0.000 mean_na=0.000 tok_step=1.000 regime_reprobes=0
[2m2026-09-06T02:44:19.111697Z[0m [32m INFO[0m [2mspark_model::model::trait_impl::decode_checkpoint[0m[2m:[0m Saved finish-leaf SSM snapshot 14 for 79 tokens
[2m2026-09-06T02:44:19.112845Z[0m [32m INFO[0m [2mspark::scheduler::prefill_a_step[0m[2m:[0m Chunked prefill start: 77 prompt tokens, chunk_size=77, max_tokens=32
[2m2026-09-06T02:44:19.114200Z[0m [32m INFO[0m [2mspark_model::model::trait_impl::prefill_b::prefix_lookup[0m[2m:[0m Prefix cache hit: 16 tokens (1 blocks) but no SSM snapshot — recomputing all KV
[2m2026-09-06T02:44:19.139686Z[0m [32m INFO[0m [2mspark_model::model::trait_impl::prefill_b::save_checkpoint[0m[2m:[0m Intermediate SSM checkpoint saved at token 48 (snapshot_id 3, block 3)
[2m2026-09-06T02:44:19.312059Z[0m [32m INFO[0m [2mspark_model::model::trait_impl::prefill_b::finalize_last[0m[2m:[0m Saved SSM snapshot 4 for 77 tokens (5 blocks) [chunk]
[2m2026-09-06T02:44:19.437304Z[0m [32m INFO[0m [2mspark::scheduler::prefill_a_step[0m[2m:[0m Prefill first token: 16
[2m2026-09-06T02:44:19.437320Z[0m [32m INFO[0m [2mspark::scheduler::phase_start_prefills[0m[2m:[0m Prefilled (single chunk): seq_len=77, remaining=31
[2m2026-09-06T02:44:19.437338Z[0m [32m INFO[0m [2mspark::scheduler::prefill_a_step[0m[2m:[0m Chunked prefill start: 77 prompt tokens, chunk_size=77, max_tokens=32
[2m2026-09-06T02:44:19.438686Z[0m [32m INFO[0m [2mspark_model::model::trait_impl::prefill_b::prefix_lookup[0m[2m:[0m Prefix cache hit: 16 tokens (1 blocks) but no SSM snapshot — recomputing all KV
[2m2026-09-06T02:44:19.464191Z[0m [32m INFO[0m [2mspark_model::model::trait_impl::prefill_b::save_checkpoint[0m[2m:[0m Intermediate SSM checkpoint saved at token 48 (snapshot_id 6, block 3)
[2m2026-09-06T02:44:19.632894Z[0m [32m INFO[0m [2mspark_model::model::trait_impl::prefill_b::finalize_last[0m[2m:[0m Saved SSM snapshot 1 for 77 tokens (5 blocks) [chunk]
[2m2026-09-06T02:44:19.757713Z[0m [32m INFO[0m [2mspark::scheduler::prefill_a_step[0m[2m:[0m Prefill first token: 21
[2m2026-09-06T02:44:19.757727Z[0m [32m INFO[0m [2mspark::scheduler::phase_start_prefills[0m[2m:[0m Prefilled (single chunk): seq_len=77, remaining=31
[2m2026-09-06T02:44:19.873447Z[0m [32m INFO[0m [2mspark::scheduler::mtp_accept_debug[0m[2m:[0m Done: 5 tokens (stop) 4.5 tok/s, TTFT=326.4ms, serial=1.00 mtp=0.00 p1=0.000 mean_na=0.000 tok_step=1.000 regime_reprobes=0
[2m2026-09-06T02:44:19.874066Z[0m [32m INFO[0m [2mspark_model::model::trait_impl::decode_checkpoint[0m[2m:[0m Saved finish-leaf SSM snapshot 2 for 81 tokens
[2m2026-09-06T02:44:19.874520Z[0m [32m INFO[0m [2mspark::scheduler::mtp_accept_debug[0m[2m:[0m Done: 5 tokens (stop) 6.2 tok/s, TTFT=320.3ms, serial=1.00 mtp=0.00 p1=0.000 mean_na=0.000 tok_step=1.000 regime_reprobes=0
[2m2026-09-06T02:44:19.875003Z[0m [32m INFO[0m [2mspark_model::model::trait_impl::decode_checkpoint[0m[2m:[0m Saved finish-leaf SSM snapshot 12 for 81 tokens
[2m2026-09-06T02:44:19.875397Z[0m [32m INFO[0m [2mspark::scheduler::mtp_accept_debug[0m[2m:[0m Done: 4 tokens (stop) 34.0 tok/s, TTFT=320.4ms, serial=1.00 mtp=0.00 p1=0.000 mean_na=0.000 tok_step=1.000 regime_reprobes=0
[2m2026-09-06T02:44:19.875869Z[0m [32m INFO[0m [2mspark_model::model::trait_impl::decode_checkpoint[0m[2m:[0m Saved finish-leaf SSM snapshot 11 for 80 tokens
[2m2026-09-06T02:44:19.876840Z[0m [32m INFO[0m [2mspark::scheduler::prefill_a_step[0m[2m:[0m Chunked prefill start: 78 prompt tokens, chunk_size=78, max_tokens=32
[2m2026-09-06T02:44:19.878312Z[0m [32m INFO[0m [2mspark_model::model::trait_impl::prefill_b::prefix_lookup[0m[2m:[0m Prefix cache hit: 16 tokens (1 blocks) but no SSM snapshot — recomputing all KV
[2m2026-09-06T02:44:19.904766Z[0m [32m INFO[0m [2mspark_model::model::trait_impl::prefill_b::save_checkpoint[0m[2m:[0m Intermediate SSM checkpoint saved at token 48 (snapshot_id 5, block 3)
[2m2026-09-06T02:44:20.079673Z[0m [32m INFO[0m [2mspark_model::model::trait_impl::prefill_b::finalize_last[0m[2m:[0m Saved SSM snapshot 10 for 78 tokens (5 blocks) [chunk]
[2m2026-09-06T02:44:20.205233Z[0m [32m INFO[0m [2mspark::scheduler::prefill_a_step[0m[2m:[0m Prefill first token: 22
[2m2026-09-06T02:44:20.205250Z[0m [32m INFO[0m [2mspark::scheduler::phase_start_prefills[0m[2m:[0m Prefilled (single chunk): seq_len=78, remaining=31
[2m2026-09-06T02:44:20.205255Z[0m [32m INFO[0m [2mspark::scheduler::prefill_a_step[0m[2m:[0m Chunked prefill start: 78 prompt tokens, chunk_size=78, max_tokens=32
[2m2026-09-06T02:44:20.206592Z[0m [32m INFO[0m [2mspark_model::model::trait_impl::prefill_b::prefix_lookup[0m[2m:[0m Prefix cache hit: 16 tokens (1 blocks) but no SSM snapshot — recomputing all KV
[2m2026-09-06T02:44:20.232103Z[0m [32m INFO[0m [2mspark_model::model::trait_impl::prefill_b::save_checkpoint[0m[2m:[0m Intermediate SSM checkpoint saved at token 48 (snapshot_id 15, block 3)
[2m2026-09-06T02:44:20.400800Z[0m [32m INFO[0m [2mspark_model::model::trait_impl::prefill_b::finalize_last[0m[2m:[0m Saved SSM snapshot 0 for 78 tokens (5 blocks) [chunk]
[2m2026-09-06T02:44:20.525703Z[0m [32m INFO[0m [2mspark::scheduler::prefill_a_step[0m[2m:[0m Prefill first token: 19
[2m2026-09-06T02:44:20.525726Z[0m [32m INFO[0m [2mspark::scheduler::phase_start_prefills[0m[2m:[0m Prefilled (single chunk): seq_len=78, remaining=31
[2m2026-09-06T02:44:20.525731Z[0m [32m INFO[0m [2mspark::scheduler::prefill_a_step[0m[2m:[0m Chunked prefill start: 78 prompt tokens, chunk_size=78, max_tokens=32
[2m2026-09-06T02:44:20.527064Z[0m [32m INFO[0m [2mspark_model::model::trait_impl::prefill_b::prefix_lookup[0m[2m:[0m Prefix cache hit: 16 tokens (1 blocks) but no SSM snapshot — recomputing all KV
[2m2026-09-06T02:44:20.552588Z[0m [32m INFO[0m [2mspark_model::model::trait_impl::prefill_b::save_checkpoint[0m[2m:[0m Intermediate SSM checkpoint saved at token 48 (snapshot_id 14, block 3)
[2m2026-09-06T02:44:20.721304Z[0m [32m INFO[0m [2mspark_model::model::trait_impl::prefill_b::finalize_last[0m[2m:[0m Saved SSM snapshot 3 for 78 tokens (5 blocks) [chunk]
[2m2026-09-06T02:44:20.846251Z[0m [32m INFO[0m [2mspark::scheduler::prefill_a_step[0m[2m:[0m Prefill first token: 18
[2m2026-09-06T02:44:20.846263Z[0m [32m INFO[0m [2mspark::scheduler::phase_start_prefills[0m[2m:[0m Prefilled (single chunk): seq_len=78, remaining=31
[2m2026-09-06T02:44:20.884155Z[0m [32m INFO[0m [2mspark::scheduler::mtp_accept_debug[0m[2m:[0m Done: 5 tokens (stop) 3.5 tok/s, TTFT=324.5ms, serial=1.00 mtp=0.00 p1=0.000 mean_na=0.000 tok_step=1.000 regime_reprobes=0
[2m2026-09-06T02:44:20.884688Z[0m [32m INFO[0m [2mspark_model::model::trait_impl::decode_checkpoint[0m[2m:[0m Saved finish-leaf SSM snapshot 4 for 81 tokens
[2m2026-09-06T02:44:20.885472Z[0m [32m INFO[0m [2mspark::scheduler::prefill_a_step[0m[2m:[0m Chunked prefill start: 79 prompt tokens, chunk_size=79, max_tokens=32
[2m2026-09-06T02:44:20.886807Z[0m [32m INFO[0m [2mspark_model::model::trait_impl::prefill_b::prefix_lookup[0m[2m:[0m Prefix cache hit: 16 tokens (1 blocks) but no SSM snapshot — recomputing all KV
[2m2026-09-06T02:44:20.913234Z[0m [32m INFO[0m [2mspark_model::model::trait_impl::prefill_b::save_checkpoint[0m[2m:[0m Intermediate SSM checkpoint saved at token 48 (snapshot_id 7, block 3)
[2m2026-09-06T02:44:21.084912Z[0m [32m INFO[0m [2mspark_model::model::trait_impl::prefill_b::finalize_last[0m[2m:[0m Saved SSM snapshot 8 for 79 tokens (5 blocks) [chunk]
[2m2026-09-06T02:44:21.209545Z[0m [32m INFO[0m [2mspark::scheduler::prefill_a_step[0m[2m:[0m Prefill first token: 23
[2m2026-09-06T02:44:21.209561Z[0m [32m INFO[0m [2mspark::scheduler::phase_start_prefills[0m[2m:[0m Prefilled (single chunk): seq_len=79, remaining=31
[2m2026-09-06T02:44:21.284667Z[0m [32m INFO[0m [2mspark::scheduler::mtp_accept_debug[0m[2m:[0m Done: 4 tokens (stop) 3.7 tok/s, TTFT=328.4ms, serial=1.00 mtp=0.00 p1=0.000 mean_na=0.000 tok_step=1.000 regime_reprobes=0
[2m2026-09-06T02:44:21.285259Z[0m [32m INFO[0m [2mspark_model::model::trait_impl::decode_checkpoint[0m[2m:[0m Saved finish-leaf SSM snapshot 2 for 81 tokens
[2m2026-09-06T02:44:21.285670Z[0m [32m INFO[0m [2mspark::scheduler::mtp_accept_debug[0m[2m:[0m Done: 4 tokens (stop) 5.3 tok/s, TTFT=320.5ms, serial=1.00 mtp=0.00 p1=0.000 mean_na=0.000 tok_step=1.000 regime_reprobes=0
[2m2026-09-06T02:44:21.286160Z[0m [32m INFO[0m [2mspark_model::model::trait_impl::decode_checkpoint[0m[2m:[0m Saved finish-leaf SSM snapshot 13 for 81 tokens
[2m2026-09-06T02:44:21.286560Z[0m [32m INFO[0m [2mspark::scheduler::mtp_accept_debug[0m[2m:[0m Done: 4 tokens (stop) 9.1 tok/s, TTFT=320.5ms, serial=1.00 mtp=0.00 p1=0.000 mean_na=0.000 tok_step=1.000 regime_reprobes=0
[2m2026-09-06T02:44:21.287050Z[0m [32m INFO[0m [2mspark_model::model::trait_impl::decode_checkpoint[0m[2m:[0m Saved finish-leaf SSM snapshot 9 for 81 tokens
[2m2026-09-06T02:44:21.311005Z[0m [32m INFO[0m [2mspark::scheduler::mtp_accept_debug[0m[2m:[0m Done: 4 tokens (stop) 39.4 tok/s, TTFT=324.1ms, serial=1.00 mtp=0.00 p1=0.000 mean_na=0.000 tok_step=1.000 regime_reprobes=0
[2m2026-09-06T02:44:21.311550Z[0m [32m INFO[0m [2mspark_model::model::trait_impl::decode_checkpoint[0m[2m:[0m Saved finish-leaf SSM snapshot 12 for 82 tokens
[2m2026-09-06T02:44:21.599781Z[0m [32m INFO[0m [2mspark::api::chat::prepare[0m[2m:[0m Request: model=Qwen/Qwen3.8-27B-FP8, messages=1, tools=0, tools_active=false, tool_choice=None, stream=false, temp=Some(0.0), max_tokens=256, freq_pen=Some(0.0), rep_pen=None
[2m2026-09-06T02:44:21.600105Z[0m [32m INFO[0m [2mspark::tokenizer::chat_impl[0m[2m:[0m Jinja rendered (164 chars): "<|im_start|>user\nList exactly five prime numbers greater than one hundred, comma separated, with no other words.<|im_end|>\n<|im_start|>assistant\n<think>\n\n</think>\n\n"
[2m2026-09-06T02:44:21.600932Z[0m [32m INFO[0m [2mspark::api::chat[0m[2m:[0m Session 0x22edf306cc1e3ad6: 30 prompt tokens, tools=false (0 defined)
[2m2026-09-06T02:44:21.601403Z[0m [32m INFO[0m [2mspark::scheduler::prefill_a_step[0m[2m:[0m Chunked prefill start: 30 prompt tokens, chunk_size=30, max_tokens=256
[2m2026-09-06T02:44:21.630522Z[0m [32m INFO[0m [2mspark_model::model::trait_impl::prefill_b::finalize_last[0m[2m:[0m Saved SSM snapshot 6 for 30 tokens (2 blocks) [chunk]
[2m2026-09-06T02:44:21.775308Z[0m [32m INFO[0m [2mspark::scheduler::prefill_a_step[0m[2m:[0m Prefill first token: 16
[2m2026-09-06T02:44:21.775325Z[0m [32m INFO[0m [2mspark::scheduler::phase_start_prefills[0m[2m:[0m Prefilled (single chunk): seq_len=30, remaining=255
[2m2026-09-06T02:44:22.236715Z[0m [32m INFO[0m [2mspark::scheduler::mtp_accept_debug[0m[2m:[0m Done: 24 tokens (stop) 52.0 tok/s, TTFT=173.9ms, serial=1.00 mtp=0.00 p1=0.000 mean_na=0.000 tok_step=1.000 regime_reprobes=0
[2m2026-09-06T02:44:22.237176Z[0m [32m INFO[0m [2mspark_model::model::trait_impl::decode_checkpoint[0m[2m:[0m Saved finish-leaf SSM snapshot 1 for 53 tokens
[2m2026-09-06T02:44:22.240056Z[0m [32m INFO[0m [2mspark::api::chat::prepare[0m[2m:[0m Request: model=Qwen/Qwen3.8-27B-FP8, messages=1, tools=0, tools_active=false, tool_choice=None, stream=false, temp=Some(0.0), max_tokens=256, freq_pen=Some(0.0), rep_pen=None
[2m2026-09-06T02:44:22.240432Z[0m [32m INFO[0m [2mspark::tokenizer::chat_impl[0m[2m:[0m Jinja rendered (164 chars): "<|im_start|>user\nList exactly five prime numbers greater than one hundred, comma separated, with no other words.<|im_end|>\n<|im_start|>assistant\n<think>\n\n</think>\n\n"
[2m2026-09-06T02:44:22.241030Z[0m [32m INFO[0m [2mspark::api::chat[0m[2m:[0m Session 0x22edf306cc1e3ad6: 30 prompt tokens, tools=false (0 defined)
[2m2026-09-06T02:44:22.241417Z[0m [32m INFO[0m [2mspark::scheduler::prefill_a_step[0m[2m:[0m Chunked prefill start: 30 prompt tokens, chunk_size=30, max_tokens=256
[2m2026-09-06T02:44:22.242876Z[0m [32m INFO[0m [2mspark_model::model::trait_impl::prefill_b::prefix_lookup[0m[2m:[0m Prefix cache hit: 16 tokens (1 blocks) but no SSM snapshot — recomputing all KV
[2m2026-09-06T02:44:22.269838Z[0m [32m INFO[0m [2mspark_model::model::trait_impl::prefill_b::finalize_last[0m[2m:[0m Saved SSM snapshot 11 for 30 tokens (2 blocks) [chunk]
[2m2026-09-06T02:44:22.415450Z[0m [32m INFO[0m [2mspark::scheduler::prefill_a_step[0m[2m:[0m Prefill first token: 16
[2m2026-09-06T02:44:22.415466Z[0m [32m INFO[0m [2mspark::scheduler::phase_start_prefills[0m[2m:[0m Prefilled (single chunk): seq_len=30, remaining=255
[2m2026-09-06T02:44:22.875760Z[0m [32m INFO[0m [2mspark::scheduler::mtp_accept_debug[0m[2m:[0m Done: 24 tokens (stop) 52.1 tok/s, TTFT=174.1ms, serial=1.00 mtp=0.00 p1=0.000 mean_na=0.000 tok_step=1.000 regime_reprobes=0
[2m2026-09-06T02:44:22.876221Z[0m [32m INFO[0m [2mspark_model::model::trait_impl::decode_checkpoint[0m[2m:[0m Saved finish-leaf SSM snapshot 6 for 53 tokens
[2m2026-09-06T02:44:22.879339Z[0m [32m INFO[0m [2mspark::api::chat::prepare[0m[2m:[0m Request: model=Qwen/Qwen3.8-27B-FP8, messages=1, tools=1, tools_active=true, tool_choice=Some(Mode("auto")), stream=false, temp=Some(0.0), max_tokens=256, freq_pen=Some(0.0), rep_pen=None
[2m2026-09-06T02:44:22.879768Z[0m [32m INFO[0m [2mspark::tokenizer::chat_impl[0m[2m:[0m Jinja rendered (1361 chars): " tell the user about function calls\n</IMPORTANT><|im_end|>\n<|im_start|>user\nWhat is the weather in Reykjavik over the next three days? Use the tool.<|im_end|>\n<|im_start|>assistant\n<think>\n\n</think>\n\n"
[2m2026-09-06T02:44:22.882794Z[0m [32m INFO[0m [2mspark::api::chat[0m[2m:[0m Session 0xdd42ddcda3133b1e: 298 prompt tokens, tools=true (1 defined)
[2m2026-09-06T02:44:25.908983Z[0m [32m INFO[0m [2mspark::scheduler::emit_step[0m[2m:[0m Grammar constrained decoding active: parser=qwen3_coder, tools=1
[2m2026-09-06T02:44:25.909022Z[0m [32m INFO[0m [2mspark::scheduler::prefill_a_step[0m[2m:[0m Chunked prefill start: 298 prompt tokens, chunk_size=298, max_tokens=256
[2m2026-09-06T02:44:26.188943Z[0m [32m INFO[0m [2mspark_model::model::trait_impl::prefill_b::save_checkpoint[0m[2m:[0m Intermediate SSM checkpoint saved at token 272 (snapshot_id 1, block 17)
[2m2026-09-06T02:44:26.265331Z[0m [32m INFO[0m [2mspark_model::model::trait_impl::prefill_b::finalize_last[0m[2m:[0m Saved SSM snapshot 4 for 298 tokens (19 blocks) [chunk]
[2m2026-09-06T02:44:26.394236Z[0m [32m INFO[0m [2mspark::scheduler::prefill_a_step[0m[2m:[0m Prefill first token: 248058
[2m2026-09-06T02:44:26.394262Z[0m [32m INFO[0m [2mspark::scheduler::phase_start_prefills[0m[2m:[0m Prefilled (single chunk): seq_len=298, remaining=255
[2m2026-09-06T02:44:26.880505Z[0m [32m INFO[0m [2mspark_model::model::trait_impl::decode_checkpoint[0m[2m:[0m decode-ckpt SAVE: snap_tokens=320 end_block=20 snap_id=5 block_table_len=20 straddle=0
[2m2026-09-06T02:44:27.282590Z[0m [32m INFO[0m [2mspark::scheduler::mtp_accept_debug[0m[2m:[0m Done: 41 tokens (stop) 46.2 tok/s, TTFT=3511.0ms, serial=1.00 mtp=0.00 p1=0.000 mean_na=0.000 tok_step=1.000 regime_reprobes=0
[2m2026-09-06T02:44:27.283033Z[0m [32m INFO[0m [2mspark::api::chat_blocking_choice[0m[2m:[0m Tool call: get_weather({"city":"Reykjavik","days":3})
[2m2026-09-06T02:44:27.283078Z[0m [32m INFO[0m [2mspark_model::model::trait_impl::decode_checkpoint[0m[2m:[0m Saved finish-leaf SSM snapshot 10 for 338 tokens
[2m2026-09-06T02:44:27.285940Z[0m [32m INFO[0m [2mspark::api::chat::prepare[0m[2m:[0m Request: model=Qwen/Qwen3.8-27B-FP8, messages=1, tools=0, tools_active=false, tool_choice=None, stream=false, temp=Some(0.0), max_tokens=256, freq_pen=Some(0.0), rep_pen=None
[2m2026-09-06T02:44:27.286289Z[0m [32m INFO[0m [2mspark::tokenizer::chat_impl[0m[2m:[0m Jinja rendered (128 chars): "<|im_start|>user\nIn one short sentence, say what a benchmark harness is for.<|im_end|>\n<|im_start|>assistant\n<think>\n\n</think>\n\n"
[2m2026-09-06T02:44:27.286865Z[0m [32m INFO[0m [2mspark::api::chat[0m[2m:[0m Session 0x648b6f7d60b0c3aa: 25 prompt tokens, tools=false (0 defined)
[2m2026-09-06T02:44:27.287306Z[0m [32m INFO[0m [2mspark::scheduler::prefill_a_step[0m[2m:[0m Chunked prefill start: 25 prompt tokens, chunk_size=25, max_tokens=256
[2m2026-09-06T02:44:27.315994Z[0m [32m INFO[0m [2mspark_model::model::trait_impl::prefill_b::finalize_last[0m[2m:[0m Saved SSM snapshot 2 for 25 tokens (2 blocks) [chunk]
[2m2026-09-06T02:44:27.463210Z[0m [32m INFO[0m [2mspark::scheduler::prefill_a_step[0m[2m:[0m Prefill first token: 32
[2m2026-09-06T02:44:27.463227Z[0m [32m INFO[0m [2mspark::scheduler::phase_start_prefills[0m[2m:[0m Prefilled (single chunk): seq_len=25, remaining=255
[2m2026-09-06T02:44:27.886108Z[0m [32m INFO[0m [2mspark::scheduler::mtp_accept_debug[0m[2m:[0m Done: 22 tokens (stop) 52.0 tok/s, TTFT=175.9ms, serial=1.00 mtp=0.00 p1=0.000 mean_na=0.000 tok_step=1.000 regime_reprobes=0
[2m2026-09-06T02:44:27.886551Z[0m [32m INFO[0m [2mspark_model::model::trait_impl::decode_checkpoint[0m[2m:[0m Saved finish-leaf SSM snapshot 15 for 46 tokens
[2m2026-09-06T02:44:27.889212Z[0m [32m INFO[0m [2mspark::api::chat::prepare[0m[2m:[0m Request: model=Qwen/Qwen3.8-27B-FP8, messages=2, tools=0, tools_active=false, tool_choice=None, stream=false, temp=Some(0.0), max_tokens=256, freq_pen=Some(0.0), rep_pen=None
[2m2026-09-06T02:44:27.889578Z[0m [32m INFO[0m [2mspark::tokenizer::chat_impl[0m[2m:[0m Jinja rendered (395 chars): "se or hedge on simple factual or arithmetic questions.<|im_end|>\n<|im_start|>user\nWhat is 17 * 23? Reply with the number, then explain your working.<|im_end|>\n<|im_start|>assistant\n<think>\n\n</think>\n\n"
[2m2026-09-06T02:44:27.890877Z[0m [32m INFO[0m [2mspark::api::chat[0m[2m:[0m Session 0x5333f8d8e61173: 81 prompt tokens, tools=false (0 defined)
[2m2026-09-06T02:44:27.891266Z[0m [32m INFO[0m [2mspark::scheduler::prefill_a_step[0m[2m:[0m Chunked prefill start: 81 prompt tokens, chunk_size=81, max_tokens=256
[2m2026-09-06T02:44:27.918593Z[0m [32m INFO[0m [2mspark_model::model::trait_impl::prefill_b::save_checkpoint[0m[2m:[0m Intermediate SSM checkpoint saved at token 64 (snapshot_id 0, block 4)
[2m2026-09-06T02:44:28.087693Z[0m [32m INFO[0m [2mspark_model::model::trait_impl::prefill_b::finalize_last[0m[2m:[0m Saved SSM snapshot 13 for 81 tokens (6 blocks) [chunk]
[2m2026-09-06T02:44:28.214284Z[0m [32m INFO[0m [2mspark::scheduler::prefill_a_step[0m[2m:[0m Prefill first token: 18
[2m2026-09-06T02:44:28.214302Z[0m [32m INFO[0m [2mspark::scheduler::phase_start_prefills[0m[2m:[0m Prefilled (single chunk): seq_len=81, remaining=255
[2m2026-09-06T02:44:29.169925Z[0m [32m INFO[0m [2mspark_model::model::trait_impl::decode_checkpoint[0m[2m:[0m decode-ckpt SAVE: snap_tokens=128 end_block=8 snap_id=14 block_table_len=8 straddle=0
[2m2026-09-06T02:44:30.477763Z[0m [32m INFO[0m [2mspark_model::model::trait_impl::decode_checkpoint[0m[2m:[0m decode-ckpt SAVE: snap_tokens=192 end_block=12 snap_id=3 block_table_len=12 straddle=0
[2m2026-09-06T02:44:31.091376Z[0m [32m INFO[0m [2mspark::scheduler::mtp_accept_debug[0m[2m:[0m Done: 142 tokens (stop) 49.4 tok/s, TTFT=323.0ms, serial=1.00 mtp=0.00 p1=0.000 mean_na=0.000 tok_step=1.000 regime_reprobes=0
[2m2026-09-06T02:44:31.091787Z[0m [32m INFO[0m [2mspark_model::model::trait_impl::decode_checkpoint[0m[2m:[0m Saved finish-leaf SSM snapshot 9 for 222 tokens
[2m2026-09-06T02:44:31.096462Z[0m [32m INFO[0m [2mspark::api::chat::prepare[0m[2m:[0m Request: model=Qwen/Qwen3.8-27B-FP8, messages=2, tools=0, tools_active=false, tool_choice=None, stream=false, temp=Some(0.0), max_tokens=256, freq_pen=Some(0.0), rep_pen=None
[2m2026-09-06T02:44:31.096844Z[0m [32m INFO[0m [2mspark::tokenizer::chat_impl[0m[2m:[0m Jinja rendered (397 chars): " or hedge on simple factual or arithmetic questions.<|im_end|>\n<|im_start|>user\nName the capital city of Japan, then describe it in a few sentences.<|im_end|>\n<|im_start|>assistant\n<think>\n\n</think>\n\n"
[2m2026-09-06T02:44:31.098043Z[0m [32m INFO[0m [2mspark::api::chat[0m[2m:[0m Session 0x823368b1f2299895: 76 prompt tokens, tools=false (0 defined)
[2m2026-09-06T02:44:31.098472Z[0m [32m INFO[0m [2mspark::scheduler::prefill_a_step[0m[2m:[0m Chunked prefill start: 76 prompt tokens, chunk_size=76, max_tokens=256
[2m2026-09-06T02:44:31.099910Z[0m [32m INFO[0m [2mspark_model::model::trait_impl::prefill_b::prefix_lookup[0m[2m:[0m Prefix cache hit: 48 tokens (3 blocks) but no SSM snapshot — recomputing all KV
[2m2026-09-06T02:44:31.126243Z[0m [32m INFO[0m [2mspark_model::model::trait_impl::prefill_b::save_checkpoint[0m[2m:[0m Intermediate SSM checkpoint saved at token 48 (snapshot_id 7, block 3)
[2m2026-09-06T02:44:31.300931Z[0m [32m INFO[0m [2mspark_model::model::trait_impl::prefill_b::finalize_last[0m[2m:[0m Saved SSM snapshot 8 for 76 tokens (5 blocks) [chunk]
[2m2026-09-06T02:44:31.427473Z[0m [32m INFO[0m [2mspark::scheduler::prefill_a_step[0m[2m:[0m Prefill first token: 760
[2m2026-09-06T02:44:31.427490Z[0m [32m INFO[0m [2mspark::scheduler::phase_start_prefills[0m[2m:[0m Prefilled (single chunk): seq_len=76, remaining=255
[2m2026-09-06T02:44:32.479703Z[0m [32m INFO[0m [2mspark_model::model::trait_impl::decode_checkpoint[0m[2m:[0m decode-ckpt SAVE: snap_tokens=128 end_block=8 snap_id=12 block_table_len=8 straddle=0
[2m2026-09-06T02:44:33.642561Z[0m [32m INFO[0m [2mspark::scheduler::mtp_accept_debug[0m[2m:[0m Done: 110 tokens (stop) 49.7 tok/s, TTFT=329.0ms, serial=1.00 mtp=0.00 p1=0.000 mean_na=0.000 tok_step=1.000 regime_reprobes=0
[2m2026-09-06T02:44:33.642979Z[0m [32m INFO[0m [2mspark_model::model::trait_impl::decode_checkpoint[0m[2m:[0m Saved finish-leaf SSM snapshot 11 for 185 tokens
[2m2026-09-06T02:44:33.646342Z[0m [32m INFO[0m [2mspark::api::chat::prepare[0m[2m:[0m Request: model=Qwen/Qwen3.8-27B-FP8, messages=2, tools=0, tools_active=false, tool_choice=None, stream=false, temp=Some(0.0), max_tokens=256, freq_pen=Some(0.0), rep_pen=None
[2m2026-09-06T02:44:33.646701Z[0m [32m INFO[0m [2mspark::tokenizer::chat_impl[0m[2m:[0m Jinja rendered (398 chars): "or hedge on simple factual or arithmetic questions.<|im_end|>\n<|im_start|>user\nSpell the word 'refrigerator' backwards, then explain how you did it.<|im_end|>\n<|im_start|>assistant\n<think>\n\n</think>\n\n"
[2m2026-09-06T02:44:33.647883Z[0m [32m INFO[0m [2mspark::api::chat[0m[2m:[0m Session 0x43c89ecea423c1e7: 78 prompt tokens, tools=false (0 defined)
[2m2026-09-06T02:44:33.648348Z[0m [32m INFO[0m [2mspark::scheduler::prefill_a_step[0m[2m:[0m Chunked prefill start: 78 prompt tokens, chunk_size=78, max_tokens=256
[2m2026-09-06T02:44:33.649794Z[0m [32m INFO[0m [2mspark_model::model::trait_impl::prefill_b::prefix_lookup[0m[2m:[0m Prefix cache hit: 48 tokens (3 blocks) but no SSM snapshot — recomputing all KV
[2m2026-09-06T02:44:33.676124Z[0m [32m INFO[0m [2mspark_model::model::trait_impl::prefill_b::save_checkpoint[0m[2m:[0m Intermediate SSM checkpoint saved at token 48 (snapshot_id 6, block 3)
[2m2026-09-06T02:44:33.849442Z[0m [32m INFO[0m [2mspark_model::model::trait_impl::prefill_b::finalize_last[0m[2m:[0m Saved SSM snapshot 7 for 78 tokens (5 blocks) [chunk]
[2m2026-09-06T02:44:33.974819Z[0m [32m INFO[0m [2mspark::scheduler::prefill_a_step[0m[2m:[0m Prefill first token: 1206
[2m2026-09-06T02:44:33.974835Z[0m [32m INFO[0m [2mspark::scheduler::phase_start_prefills[0m[2m:[0m Prefilled (single chunk): seq_len=78, remaining=255
[2m2026-09-06T02:44:34.989052Z[0m [32m INFO[0m [2mspark_model::model::trait_impl::decode_checkpoint[0m[2m:[0m decode-ckpt SAVE: snap_tokens=128 end_block=8 snap_id=1 block_table_len=8 straddle=0
[2m2026-09-06T02:44:36.297340Z[0m [32m INFO[0m [2mspark_model::model::trait_impl::decode_checkpoint[0m[2m:[0m decode-ckpt SAVE: snap_tokens=192 end_block=12 snap_id=4 block_table_len=12 straddle=0
[2m2026-09-06T02:44:37.609493Z[0m [32m INFO[0m [2mspark_model::model::trait_impl::decode_checkpoint[0m[2m:[0m decode-ckpt SAVE: snap_tokens=256 end_block=16 snap_id=5 block_table_len=16 straddle=0
[2m2026-09-06T02:44:38.923789Z[0m [32m INFO[0m [2mspark_model::model::trait_impl::decode_checkpoint[0m[2m:[0m decode-ckpt SAVE: snap_tokens=320 end_block=20 snap_id=10 block_table_len=20 straddle=0
[2m2026-09-06T02:44:39.109095Z[0m [32m INFO[0m [2mspark::scheduler::mtp_accept_debug[0m[2m:[0m Done: 252 tokens (stop) 49.1 tok/s, TTFT=326.5ms, serial=1.00 mtp=0.00 p1=0.000 mean_na=0.000 tok_step=1.000 regime_reprobes=0
[2m2026-09-06T02:44:39.109497Z[0m [32m INFO[0m [2mspark_model::model::trait_impl::decode_checkpoint[0m[2m:[0m Saved finish-leaf SSM snapshot 2 for 329 tokens
[2m2026-09-06T02:44:40.340558Z[0m [32m INFO[0m [2mspark::tui::shutdown[0m[2m:[0m Shutdown requested (SIGTERM) — draining in-flight requests
[2m2026-09-06T02:44:40.340805Z[0m [32m INFO[0m [2mspark::tui::shutdown[0m[2m:[0m Drain complete — no active requests
[2m2026-09-06T02:44:40.340861Z[0m [32m INFO[0m [2mspark::main_modules::serve_router[0m[2m:[0m Shutdown complete
[2m2026-09-06T02:44:40.457023Z[0m [33m WARN[0m [2mspark_runtime::cuda_backend[0m[2m:[0m sweep: 1980 allocation(s) totalling 28.01 GB had no owner; largest sites: crates/spark-model/src/weight_map/loaders_fp8.rs:229 (8960.0 MB x256), crates/spark-model/src/weight_map/quantized.rs:261 (8960.0 MB x256), crates/spark-model/src/weight_loader/qwen35_dense.rs:135 (3840.0 MB x48), crates/spark-model/src/weight_map/quantized.rs:643 (1600.0 MB x64), crates/spark-model/src/weight_map/quantized.rs:262 (1120.0 MB x256)
[2m2026-09-06T02:44:40.457128Z[0m [33m WARN[0m [2mspark_model::model::types[0m[2m:[0m teardown swept 1980 allocation(s) that no ModelResource released — they are reclaimed, but each one is memory whose owner is unaccounted for
[2m2026-09-06T02:44:40.457154Z[0m [32m INFO[0m [2mspark::scheduler[0m[2m:[0m Scheduler stopped
