[2m2026-09-05T22:48:03.576247Z[0m [32m INFO[0m [2mspark::main_modules::serve[0m[2m:[0m Atlas Spark starting...
[2m2026-09-05T22:48:03.576342Z[0m [32m INFO[0m [2mspark::main_modules::serve[0m[2m:[0m Licensed under AGPL-3.0-only — see /LICENSE in this container
[2m2026-09-05T22:48:03.576496Z[0m [32m INFO[0m [2mspark::main_modules::serve_flags[0m[2m:[0m kernel flags: ssm_h_dtype=f32 gdn_fused_norm=false ssm_batched_recurrent=false exact_verify=false ssm_tail_midchunk=true mtp_gate=auto ssm_rollback_mode=Snapshot prefill_varlen_batch=false
[2m2026-09-05T22:48:03.576575Z[0m [32m INFO[0m [2mspark::model_resolver[0m[2m:[0m Model path: /workspace/atlas-rental/hf38/hub/models--Qwen--Qwen3.8-27B-FP8/snapshots/017b9c7af6b5689d5dd426a76e0bc077eb5ca20a (local directory)
[2m2026-09-05T22:48:03.576590Z[0m [32m INFO[0m [2mspark::main_modules::serve_load[0m[2m:[0m Port: 8888
[2m2026-09-05T22:48:03.576598Z[0m [32m INFO[0m [2mspark::main_modules::serve_load[0m[2m:[0m SSM decode h-state dtype: f32 (full precision) (--ssm-h-dtype)
[2m2026-09-05T22:48:03.577831Z[0m [32m INFO[0m [2mspark::main_modules::serve[0m[2m:[0m Vision area bound 16777216 px from /workspace/atlas-rental/hf38/hub/models--Qwen--Qwen3.8-27B-FP8/snapshots/017b9c7af6b5689d5dd426a76e0bc077eb5ca20a/preprocessor_config.json (was: hard-coded 1280px long side)
[2m2026-09-05T22:48:03.577864Z[0m [32m INFO[0m [2mspark::main_modules::serve_load[0m[2m:[0m Vision area bound: 16777216 px (checkpoint processor config / ATLAS_VISION_MAX_PIXELS)
[2m2026-09-05T22:48:03.577873Z[0m [32m INFO[0m [2mspark::main_modules::serve_load[0m[2m:[0m Remote image fetching disabled (default); image_url parts carrying an http(s) URL are refused with a 400. Send base64 data: URIs, or pass --vision-allow-remote-images.
[2m2026-09-05T22:48:03.577895Z[0m [32m INFO[0m [2mspark::main_modules::serve_load[0m[2m:[0m Video decoding disabled (default). Animated GIF decodes in-process; every other container needs ffmpeg — pass --video-allow-ffmpeg to enable it.
[2m2026-09-05T22:48:03.577904Z[0m [32m INFO[0m [2mspark::main_modules::serve_load[0m[2m:[0m Quantization config: method="fp8", algo="", format="", 0 module(s) in ignore list
[2m2026-09-05T22:48:03.577920Z[0m [32m INFO[0m [2mspark::main_modules::serve_load[0m[2m:[0m Model config: 64 layers, 16 attention, 48 SSM, 0 experts, rope_theta=10000000, head_dim=256, rotary_dim=64
[2m2026-09-05T22:48:03.577966Z[0m [32m INFO[0m [2mspark::main_modules::serve_load[0m[2m:[0m Selected kernel target: (sm_90, qwen3.8-27b, nvfp4) (181 modules) — quant compat: kernel=nvfp4 model=fp8 OK
[2m2026-09-05T22:48:03.905422Z[0m [32m INFO[0m [2mspark_runtime::cuda_backend::arch_preflight[0m[2m:[0m device CC 9.0, kernels built for sm_90a
[2m2026-09-05T22:48:04.292761Z[0m [32m INFO[0m [2mspark_runtime::cuda_backend[0m[2m:[0m AtlasCudaBackend initialized on GPU 0 with 181 PTX modules
[2m2026-09-05T22:48:04.292927Z[0m [32m INFO[0m [2mspark::main_modules::serve_phases::preflight[0m[2m:[0m GPU 0: 79.2 GB total, 78.6 GB free
[2m2026-09-05T22:48:04.292955Z[0m [32m INFO[0m [2mspark::main_modules::serve_phases::preflight[0m[2m:[0m Preflight reserve: inference=8745 MB, buffer_arena=3658 MB (pre-load free: 78.6 GB)
[2m2026-09-05T22:48:04.292973Z[0m [32m INFO[0m [2mspark::main_modules::serve_load[0m[2m:[0m OOM watchdog started (threshold: 2 GB, interval: 2s)
[2m2026-09-05T22:48:04.292977Z[0m [32m INFO[0m [2mspark::main_modules::serve_load[0m[2m:[0m OOM guard reserve: 4096 MB
[2m2026-09-05T22:48:04.293050Z[0m [32m INFO[0m [2mspark::main_modules::serve_phases::weights[0m[2m:[0m Using fast weight loader (O_DIRECT + pipelined read/copy)
[2m2026-09-05T22:48:04.325451Z[0m [32m INFO[0m [2mspark_runtime::fast_weights[0m[2m:[0m Fast-load pre-flight: 28.75 GB on-disk, 1.1x overhead = 30.18 GB peak, 78.56 GB free, 4.0 GB reserve (FP8: true)
[2m2026-09-05T22:48:04.325591Z[0m [32m INFO[0m [2mspark_runtime::fast_weights[0m[2m:[0m Fast-loading shard 1/66: layers-0.safetensors (20 tensors)
[2m2026-09-05T22:48:04.589289Z[0m [32m INFO[0m [2mspark_runtime::fast_weights[0m[2m:[0m   Shard 1/66 done — GPU memory: 0.36 GB used, 78.20 GB free
[2m2026-09-05T22:48:04.589433Z[0m [32m INFO[0m [2mspark_runtime::fast_weights[0m[2m:[0m Fast-loading shard 2/66: layers-1.safetensors (20 tensors)
[2m2026-09-05T22:48:04.820256Z[0m [32m INFO[0m [2mspark_runtime::fast_weights[0m[2m:[0m   Shard 2/66 done — GPU memory: 0.72 GB used, 77.84 GB free
[2m2026-09-05T22:48:04.820422Z[0m [32m INFO[0m [2mspark_runtime::fast_weights[0m[2m:[0m Fast-loading shard 3/66: layers-10.safetensors (20 tensors)
[2m2026-09-05T22:48:05.063312Z[0m [32m INFO[0m [2mspark_runtime::fast_weights[0m[2m:[0m   Shard 3/66 done — GPU memory: 1.08 GB used, 77.48 GB free
[2m2026-09-05T22:48:05.063635Z[0m [32m INFO[0m [2mspark_runtime::fast_weights[0m[2m:[0m Fast-loading shard 4/66: layers-11.safetensors (18 tensors)
[2m2026-09-05T22:48:05.304665Z[0m [32m INFO[0m [2mspark_runtime::fast_weights[0m[2m:[0m   Shard 4/66 done — GPU memory: 1.43 GB used, 77.13 GB free
[2m2026-09-05T22:48:05.304854Z[0m [32m INFO[0m [2mspark_runtime::fast_weights[0m[2m:[0m Fast-loading shard 5/66: layers-12.safetensors (20 tensors)
[2m2026-09-05T22:48:05.562403Z[0m [32m INFO[0m [2mspark_runtime::fast_weights[0m[2m:[0m   Shard 5/66 done — GPU memory: 1.79 GB used, 76.77 GB free
[2m2026-09-05T22:48:05.562593Z[0m [32m INFO[0m [2mspark_runtime::fast_weights[0m[2m:[0m Fast-loading shard 6/66: layers-13.safetensors (20 tensors)
[2m2026-09-05T22:48:05.803168Z[0m [32m INFO[0m [2mspark_runtime::fast_weights[0m[2m:[0m   Shard 6/66 done — GPU memory: 2.15 GB used, 76.41 GB free
[2m2026-09-05T22:48:05.803362Z[0m [32m INFO[0m [2mspark_runtime::fast_weights[0m[2m:[0m Fast-loading shard 7/66: layers-14.safetensors (20 tensors)
[2m2026-09-05T22:48:06.026727Z[0m [32m INFO[0m [2mspark_runtime::fast_weights[0m[2m:[0m   Shard 7/66 done — GPU memory: 2.52 GB used, 76.05 GB free
[2m2026-09-05T22:48:06.026895Z[0m [32m INFO[0m [2mspark_runtime::fast_weights[0m[2m:[0m Fast-loading shard 8/66: layers-15.safetensors (18 tensors)
[2m2026-09-05T22:48:06.271199Z[0m [32m INFO[0m [2mspark_runtime::fast_weights[0m[2m:[0m   Shard 8/66 done — GPU memory: 2.87 GB used, 75.70 GB free
[2m2026-09-05T22:48:06.271387Z[0m [32m INFO[0m [2mspark_runtime::fast_weights[0m[2m:[0m Fast-loading shard 9/66: layers-16.safetensors (20 tensors)
[2m2026-09-05T22:48:06.528434Z[0m [32m INFO[0m [2mspark_runtime::fast_weights[0m[2m:[0m   Shard 9/66 done — GPU memory: 3.23 GB used, 75.34 GB free
[2m2026-09-05T22:48:06.528604Z[0m [32m INFO[0m [2mspark_runtime::fast_weights[0m[2m:[0m Fast-loading shard 10/66: layers-17.safetensors (20 tensors)
[2m2026-09-05T22:48:06.783206Z[0m [32m INFO[0m [2mspark_runtime::fast_weights[0m[2m:[0m   Shard 10/66 done — GPU memory: 3.59 GB used, 74.98 GB free
[2m2026-09-05T22:48:06.783379Z[0m [32m INFO[0m [2mspark_runtime::fast_weights[0m[2m:[0m Fast-loading shard 11/66: layers-18.safetensors (20 tensors)
[2m2026-09-05T22:48:07.040568Z[0m [32m INFO[0m [2mspark_runtime::fast_weights[0m[2m:[0m   Shard 11/66 done — GPU memory: 3.95 GB used, 74.62 GB free
[2m2026-09-05T22:48:07.040736Z[0m [32m INFO[0m [2mspark_runtime::fast_weights[0m[2m:[0m Fast-loading shard 12/66: layers-19.safetensors (18 tensors)
[2m2026-09-05T22:48:07.285868Z[0m [32m INFO[0m [2mspark_runtime::fast_weights[0m[2m:[0m   Shard 12/66 done — GPU memory: 4.30 GB used, 74.26 GB free
[2m2026-09-05T22:48:07.286048Z[0m [32m INFO[0m [2mspark_runtime::fast_weights[0m[2m:[0m Fast-loading shard 13/66: layers-2.safetensors (20 tensors)
[2m2026-09-05T22:48:07.540733Z[0m [32m INFO[0m [2mspark_runtime::fast_weights[0m[2m:[0m   Shard 13/66 done — GPU memory: 4.66 GB used, 73.90 GB free
[2m2026-09-05T22:48:07.540900Z[0m [32m INFO[0m [2mspark_runtime::fast_weights[0m[2m:[0m Fast-loading shard 14/66: layers-20.safetensors (20 tensors)
[2m2026-09-05T22:48:07.769957Z[0m [32m INFO[0m [2mspark_runtime::fast_weights[0m[2m:[0m   Shard 14/66 done — GPU memory: 5.02 GB used, 73.54 GB free
[2m2026-09-05T22:48:07.770128Z[0m [32m INFO[0m [2mspark_runtime::fast_weights[0m[2m:[0m Fast-loading shard 15/66: layers-21.safetensors (20 tensors)
[2m2026-09-05T22:48:07.994314Z[0m [32m INFO[0m [2mspark_runtime::fast_weights[0m[2m:[0m   Shard 15/66 done — GPU memory: 5.38 GB used, 73.18 GB free
[2m2026-09-05T22:48:07.994480Z[0m [32m INFO[0m [2mspark_runtime::fast_weights[0m[2m:[0m Fast-loading shard 16/66: layers-22.safetensors (20 tensors)
[2m2026-09-05T22:48:08.222250Z[0m [32m INFO[0m [2mspark_runtime::fast_weights[0m[2m:[0m   Shard 16/66 done — GPU memory: 5.74 GB used, 72.82 GB free
[2m2026-09-05T22:48:08.222437Z[0m [32m INFO[0m [2mspark_runtime::fast_weights[0m[2m:[0m Fast-loading shard 17/66: layers-23.safetensors (18 tensors)
[2m2026-09-05T22:48:08.464905Z[0m [32m INFO[0m [2mspark_runtime::fast_weights[0m[2m:[0m   Shard 17/66 done — GPU memory: 6.09 GB used, 72.47 GB free
[2m2026-09-05T22:48:08.465092Z[0m [32m INFO[0m [2mspark_runtime::fast_weights[0m[2m:[0m Fast-loading shard 18/66: layers-24.safetensors (20 tensors)
[2m2026-09-05T22:48:08.680536Z[0m [32m INFO[0m [2mspark_runtime::fast_weights[0m[2m:[0m   Shard 18/66 done — GPU memory: 6.45 GB used, 72.11 GB free
[2m2026-09-05T22:48:08.680702Z[0m [32m INFO[0m [2mspark_runtime::fast_weights[0m[2m:[0m Fast-loading shard 19/66: layers-25.safetensors (20 tensors)
[2m2026-09-05T22:48:08.907854Z[0m [32m INFO[0m [2mspark_runtime::fast_weights[0m[2m:[0m   Shard 19/66 done — GPU memory: 6.81 GB used, 71.75 GB free
[2m2026-09-05T22:48:08.908019Z[0m [32m INFO[0m [2mspark_runtime::fast_weights[0m[2m:[0m Fast-loading shard 20/66: layers-26.safetensors (20 tensors)
[2m2026-09-05T22:48:09.129348Z[0m [32m INFO[0m [2mspark_runtime::fast_weights[0m[2m:[0m   Shard 20/66 done — GPU memory: 7.17 GB used, 71.39 GB free
[2m2026-09-05T22:48:09.129514Z[0m [32m INFO[0m [2mspark_runtime::fast_weights[0m[2m:[0m Fast-loading shard 21/66: layers-27.safetensors (18 tensors)
[2m2026-09-05T22:48:09.369926Z[0m [32m INFO[0m [2mspark_runtime::fast_weights[0m[2m:[0m   Shard 21/66 done — GPU memory: 7.53 GB used, 71.04 GB free
[2m2026-09-05T22:48:09.370111Z[0m [32m INFO[0m [2mspark_runtime::fast_weights[0m[2m:[0m Fast-loading shard 22/66: layers-28.safetensors (20 tensors)
[2m2026-09-05T22:48:09.599727Z[0m [32m INFO[0m [2mspark_runtime::fast_weights[0m[2m:[0m   Shard 22/66 done — GPU memory: 7.89 GB used, 70.68 GB free
[2m2026-09-05T22:48:09.599896Z[0m [32m INFO[0m [2mspark_runtime::fast_weights[0m[2m:[0m Fast-loading shard 23/66: layers-29.safetensors (20 tensors)
[2m2026-09-05T22:48:09.823889Z[0m [32m INFO[0m [2mspark_runtime::fast_weights[0m[2m:[0m   Shard 23/66 done — GPU memory: 8.25 GB used, 70.32 GB free
[2m2026-09-05T22:48:09.824054Z[0m [32m INFO[0m [2mspark_runtime::fast_weights[0m[2m:[0m Fast-loading shard 24/66: layers-3.safetensors (18 tensors)
[2m2026-09-05T22:48:10.067391Z[0m [32m INFO[0m [2mspark_runtime::fast_weights[0m[2m:[0m   Shard 24/66 done — GPU memory: 8.60 GB used, 69.97 GB free
[2m2026-09-05T22:48:10.067582Z[0m [32m INFO[0m [2mspark_runtime::fast_weights[0m[2m:[0m Fast-loading shard 25/66: layers-30.safetensors (20 tensors)
[2m2026-09-05T22:48:10.288170Z[0m [32m INFO[0m [2mspark_runtime::fast_weights[0m[2m:[0m   Shard 25/66 done — GPU memory: 8.96 GB used, 69.60 GB free
[2m2026-09-05T22:48:10.288344Z[0m [32m INFO[0m [2mspark_runtime::fast_weights[0m[2m:[0m Fast-loading shard 26/66: layers-31.safetensors (18 tensors)
[2m2026-09-05T22:48:10.527681Z[0m [32m INFO[0m [2mspark_runtime::fast_weights[0m[2m:[0m   Shard 26/66 done — GPU memory: 9.31 GB used, 69.25 GB free
[2m2026-09-05T22:48:10.527867Z[0m [32m INFO[0m [2mspark_runtime::fast_weights[0m[2m:[0m Fast-loading shard 27/66: layers-32.safetensors (20 tensors)
[2m2026-09-05T22:48:10.752112Z[0m [32m INFO[0m [2mspark_runtime::fast_weights[0m[2m:[0m   Shard 27/66 done — GPU memory: 9.67 GB used, 68.89 GB free
[2m2026-09-05T22:48:10.752289Z[0m [32m INFO[0m [2mspark_runtime::fast_weights[0m[2m:[0m Fast-loading shard 28/66: layers-33.safetensors (20 tensors)
[2m2026-09-05T22:48:10.972683Z[0m [32m INFO[0m [2mspark_runtime::fast_weights[0m[2m:[0m   Shard 28/66 done — GPU memory: 10.03 GB used, 68.53 GB free
[2m2026-09-05T22:48:10.972852Z[0m [32m INFO[0m [2mspark_runtime::fast_weights[0m[2m:[0m Fast-loading shard 29/66: layers-34.safetensors (20 tensors)
[2m2026-09-05T22:48:11.198144Z[0m [32m INFO[0m [2mspark_runtime::fast_weights[0m[2m:[0m   Shard 29/66 done — GPU memory: 10.39 GB used, 68.17 GB free
[2m2026-09-05T22:48:11.198310Z[0m [32m INFO[0m [2mspark_runtime::fast_weights[0m[2m:[0m Fast-loading shard 30/66: layers-35.safetensors (18 tensors)
[2m2026-09-05T22:48:11.445652Z[0m [32m INFO[0m [2mspark_runtime::fast_weights[0m[2m:[0m   Shard 30/66 done — GPU memory: 10.74 GB used, 67.82 GB free
[2m2026-09-05T22:48:11.445820Z[0m [32m INFO[0m [2mspark_runtime::fast_weights[0m[2m:[0m Fast-loading shard 31/66: layers-36.safetensors (20 tensors)
[2m2026-09-05T22:48:11.672126Z[0m [32m INFO[0m [2mspark_runtime::fast_weights[0m[2m:[0m   Shard 31/66 done — GPU memory: 11.10 GB used, 67.46 GB free
[2m2026-09-05T22:48:11.672309Z[0m [32m INFO[0m [2mspark_runtime::fast_weights[0m[2m:[0m Fast-loading shard 32/66: layers-37.safetensors (20 tensors)
[2m2026-09-05T22:48:11.900063Z[0m [32m INFO[0m [2mspark_runtime::fast_weights[0m[2m:[0m   Shard 32/66 done — GPU memory: 11.46 GB used, 67.10 GB free
[2m2026-09-05T22:48:11.900244Z[0m [32m INFO[0m [2mspark_runtime::fast_weights[0m[2m:[0m Fast-loading shard 33/66: layers-38.safetensors (20 tensors)
[2m2026-09-05T22:48:12.124891Z[0m [32m INFO[0m [2mspark_runtime::fast_weights[0m[2m:[0m   Shard 33/66 done — GPU memory: 11.82 GB used, 66.74 GB free
[2m2026-09-05T22:48:12.125059Z[0m [32m INFO[0m [2mspark_runtime::fast_weights[0m[2m:[0m Fast-loading shard 34/66: layers-39.safetensors (18 tensors)
[2m2026-09-05T22:48:12.360192Z[0m [32m INFO[0m [2mspark_runtime::fast_weights[0m[2m:[0m   Shard 34/66 done — GPU memory: 12.18 GB used, 66.39 GB free
[2m2026-09-05T22:48:12.360354Z[0m [32m INFO[0m [2mspark_runtime::fast_weights[0m[2m:[0m Fast-loading shard 35/66: layers-4.safetensors (20 tensors)
[2m2026-09-05T22:48:12.611155Z[0m [32m INFO[0m [2mspark_runtime::fast_weights[0m[2m:[0m   Shard 35/66 done — GPU memory: 12.54 GB used, 66.03 GB free
[2m2026-09-05T22:48:12.611342Z[0m [32m INFO[0m [2mspark_runtime::fast_weights[0m[2m:[0m Fast-loading shard 36/66: layers-40.safetensors (20 tensors)
[2m2026-09-05T22:48:12.834332Z[0m [32m INFO[0m [2mspark_runtime::fast_weights[0m[2m:[0m   Shard 36/66 done — GPU memory: 12.90 GB used, 65.67 GB free
[2m2026-09-05T22:48:12.834483Z[0m [32m INFO[0m [2mspark_runtime::fast_weights[0m[2m:[0m Fast-loading shard 37/66: layers-41.safetensors (20 tensors)
[2m2026-09-05T22:48:13.060129Z[0m [32m INFO[0m [2mspark_runtime::fast_weights[0m[2m:[0m   Shard 37/66 done — GPU memory: 13.26 GB used, 65.31 GB free
[2m2026-09-05T22:48:13.060308Z[0m [32m INFO[0m [2mspark_runtime::fast_weights[0m[2m:[0m Fast-loading shard 38/66: layers-42.safetensors (20 tensors)
[2m2026-09-05T22:48:13.287765Z[0m [32m INFO[0m [2mspark_runtime::fast_weights[0m[2m:[0m   Shard 38/66 done — GPU memory: 13.62 GB used, 64.94 GB free
[2m2026-09-05T22:48:13.287932Z[0m [32m INFO[0m [2mspark_runtime::fast_weights[0m[2m:[0m Fast-loading shard 39/66: layers-43.safetensors (18 tensors)
[2m2026-09-05T22:48:13.532748Z[0m [32m INFO[0m [2mspark_runtime::fast_weights[0m[2m:[0m   Shard 39/66 done — GPU memory: 13.97 GB used, 64.59 GB free
[2m2026-09-05T22:48:13.532934Z[0m [32m INFO[0m [2mspark_runtime::fast_weights[0m[2m:[0m Fast-loading shard 40/66: layers-44.safetensors (20 tensors)
[2m2026-09-05T22:48:13.749579Z[0m [32m INFO[0m [2mspark_runtime::fast_weights[0m[2m:[0m   Shard 40/66 done — GPU memory: 14.33 GB used, 64.23 GB free
[2m2026-09-05T22:48:13.749747Z[0m [32m INFO[0m [2mspark_runtime::fast_weights[0m[2m:[0m Fast-loading shard 41/66: layers-45.safetensors (20 tensors)
[2m2026-09-05T22:48:14.016420Z[0m [32m INFO[0m [2mspark_runtime::fast_weights[0m[2m:[0m   Shard 41/66 done — GPU memory: 14.69 GB used, 63.87 GB free
[2m2026-09-05T22:48:14.016600Z[0m [32m INFO[0m [2mspark_runtime::fast_weights[0m[2m:[0m Fast-loading shard 42/66: layers-46.safetensors (20 tensors)
[2m2026-09-05T22:48:14.299613Z[0m [32m INFO[0m [2mspark_runtime::fast_weights[0m[2m:[0m   Shard 42/66 done — GPU memory: 15.05 GB used, 63.51 GB free
[2m2026-09-05T22:48:14.299797Z[0m [32m INFO[0m [2mspark_runtime::fast_weights[0m[2m:[0m Fast-loading shard 43/66: layers-47.safetensors (18 tensors)
[2m2026-09-05T22:48:14.540305Z[0m [32m INFO[0m [2mspark_runtime::fast_weights[0m[2m:[0m   Shard 43/66 done — GPU memory: 15.40 GB used, 63.16 GB free
[2m2026-09-05T22:48:14.540490Z[0m [32m INFO[0m [2mspark_runtime::fast_weights[0m[2m:[0m Fast-loading shard 44/66: layers-48.safetensors (20 tensors)
[2m2026-09-05T22:48:14.766704Z[0m [32m INFO[0m [2mspark_runtime::fast_weights[0m[2m:[0m   Shard 44/66 done — GPU memory: 15.76 GB used, 62.80 GB free
[2m2026-09-05T22:48:14.766872Z[0m [32m INFO[0m [2mspark_runtime::fast_weights[0m[2m:[0m Fast-loading shard 45/66: layers-49.safetensors (20 tensors)
[2m2026-09-05T22:48:14.991512Z[0m [32m INFO[0m [2mspark_runtime::fast_weights[0m[2m:[0m   Shard 45/66 done — GPU memory: 16.12 GB used, 62.44 GB free
[2m2026-09-05T22:48:14.991658Z[0m [32m INFO[0m [2mspark_runtime::fast_weights[0m[2m:[0m Fast-loading shard 46/66: layers-5.safetensors (20 tensors)
[2m2026-09-05T22:48:15.214531Z[0m [32m INFO[0m [2mspark_runtime::fast_weights[0m[2m:[0m   Shard 46/66 done — GPU memory: 16.48 GB used, 62.08 GB free
[2m2026-09-05T22:48:15.214697Z[0m [32m INFO[0m [2mspark_runtime::fast_weights[0m[2m:[0m Fast-loading shard 47/66: layers-50.safetensors (20 tensors)
[2m2026-09-05T22:48:15.485845Z[0m [32m INFO[0m [2mspark_runtime::fast_weights[0m[2m:[0m   Shard 47/66 done — GPU memory: 16.84 GB used, 61.72 GB free
[2m2026-09-05T22:48:15.486032Z[0m [32m INFO[0m [2mspark_runtime::fast_weights[0m[2m:[0m Fast-loading shard 48/66: layers-51.safetensors (18 tensors)
[2m2026-09-05T22:48:15.726610Z[0m [32m INFO[0m [2mspark_runtime::fast_weights[0m[2m:[0m   Shard 48/66 done — GPU memory: 17.20 GB used, 61.37 GB free
[2m2026-09-05T22:48:15.726805Z[0m [32m INFO[0m [2mspark_runtime::fast_weights[0m[2m:[0m Fast-loading shard 49/66: layers-52.safetensors (20 tensors)
[2m2026-09-05T22:48:15.945797Z[0m [32m INFO[0m [2mspark_runtime::fast_weights[0m[2m:[0m   Shard 49/66 done — GPU memory: 17.56 GB used, 61.01 GB free
[2m2026-09-05T22:48:15.945947Z[0m [32m INFO[0m [2mspark_runtime::fast_weights[0m[2m:[0m Fast-loading shard 50/66: layers-53.safetensors (20 tensors)
[2m2026-09-05T22:48:16.222028Z[0m [32m INFO[0m [2mspark_runtime::fast_weights[0m[2m:[0m   Shard 50/66 done — GPU memory: 17.92 GB used, 60.65 GB free
[2m2026-09-05T22:48:16.222225Z[0m [32m INFO[0m [2mspark_runtime::fast_weights[0m[2m:[0m Fast-loading shard 51/66: layers-54.safetensors (20 tensors)
[2m2026-09-05T22:48:16.446361Z[0m [32m INFO[0m [2mspark_runtime::fast_weights[0m[2m:[0m   Shard 51/66 done — GPU memory: 18.28 GB used, 60.29 GB free
[2m2026-09-05T22:48:16.446530Z[0m [32m INFO[0m [2mspark_runtime::fast_weights[0m[2m:[0m Fast-loading shard 52/66: layers-55.safetensors (18 tensors)
[2m2026-09-05T22:48:16.690315Z[0m [32m INFO[0m [2mspark_runtime::fast_weights[0m[2m:[0m   Shard 52/66 done — GPU memory: 18.63 GB used, 59.93 GB free
[2m2026-09-05T22:48:16.690499Z[0m [32m INFO[0m [2mspark_runtime::fast_weights[0m[2m:[0m Fast-loading shard 53/66: layers-56.safetensors (20 tensors)
[2m2026-09-05T22:48:16.911066Z[0m [32m INFO[0m [2mspark_runtime::fast_weights[0m[2m:[0m   Shard 53/66 done — GPU memory: 18.99 GB used, 59.57 GB free
[2m2026-09-05T22:48:16.911245Z[0m [32m INFO[0m [2mspark_runtime::fast_weights[0m[2m:[0m Fast-loading shard 54/66: layers-57.safetensors (20 tensors)
[2m2026-09-05T22:48:17.134720Z[0m [32m INFO[0m [2mspark_runtime::fast_weights[0m[2m:[0m   Shard 54/66 done — GPU memory: 19.35 GB used, 59.21 GB free
[2m2026-09-05T22:48:17.134872Z[0m [32m INFO[0m [2mspark_runtime::fast_weights[0m[2m:[0m Fast-loading shard 55/66: layers-58.safetensors (20 tensors)
[2m2026-09-05T22:48:17.367371Z[0m [32m INFO[0m [2mspark_runtime::fast_weights[0m[2m:[0m   Shard 55/66 done — GPU memory: 19.71 GB used, 58.85 GB free
[2m2026-09-05T22:48:17.367538Z[0m [32m INFO[0m [2mspark_runtime::fast_weights[0m[2m:[0m Fast-loading shard 56/66: layers-59.safetensors (18 tensors)
[2m2026-09-05T22:48:17.611705Z[0m [32m INFO[0m [2mspark_runtime::fast_weights[0m[2m:[0m   Shard 56/66 done — GPU memory: 20.06 GB used, 58.50 GB free
[2m2026-09-05T22:48:17.611870Z[0m [32m INFO[0m [2mspark_runtime::fast_weights[0m[2m:[0m Fast-loading shard 57/66: layers-6.safetensors (20 tensors)
[2m2026-09-05T22:48:17.834741Z[0m [32m INFO[0m [2mspark_runtime::fast_weights[0m[2m:[0m   Shard 57/66 done — GPU memory: 20.42 GB used, 58.14 GB free
[2m2026-09-05T22:48:17.834907Z[0m [32m INFO[0m [2mspark_runtime::fast_weights[0m[2m:[0m Fast-loading shard 58/66: layers-60.safetensors (20 tensors)
[2m2026-09-05T22:48:18.048581Z[0m [32m INFO[0m [2mspark_runtime::fast_weights[0m[2m:[0m   Shard 58/66 done — GPU memory: 20.78 GB used, 57.78 GB free
[2m2026-09-05T22:48:18.048748Z[0m [32m INFO[0m [2mspark_runtime::fast_weights[0m[2m:[0m Fast-loading shard 59/66: layers-61.safetensors (20 tensors)
[2m2026-09-05T22:48:18.303845Z[0m [32m INFO[0m [2mspark_runtime::fast_weights[0m[2m:[0m   Shard 59/66 done — GPU memory: 21.14 GB used, 57.42 GB free
[2m2026-09-05T22:48:18.304032Z[0m [32m INFO[0m [2mspark_runtime::fast_weights[0m[2m:[0m Fast-loading shard 60/66: layers-62.safetensors (20 tensors)
[2m2026-09-05T22:48:18.528389Z[0m [32m INFO[0m [2mspark_runtime::fast_weights[0m[2m:[0m   Shard 60/66 done — GPU memory: 21.50 GB used, 57.06 GB free
[2m2026-09-05T22:48:18.528574Z[0m [32m INFO[0m [2mspark_runtime::fast_weights[0m[2m:[0m Fast-loading shard 61/66: layers-63.safetensors (18 tensors)
[2m2026-09-05T22:48:18.774865Z[0m [32m INFO[0m [2mspark_runtime::fast_weights[0m[2m:[0m   Shard 61/66 done — GPU memory: 21.86 GB used, 56.71 GB free
[2m2026-09-05T22:48:18.775027Z[0m [32m INFO[0m [2mspark_runtime::fast_weights[0m[2m:[0m Fast-loading shard 62/66: layers-7.safetensors (18 tensors)
[2m2026-09-05T22:48:19.016887Z[0m [32m INFO[0m [2mspark_runtime::fast_weights[0m[2m:[0m   Shard 62/66 done — GPU memory: 22.21 GB used, 56.36 GB free
[2m2026-09-05T22:48:19.017049Z[0m [32m INFO[0m [2mspark_runtime::fast_weights[0m[2m:[0m Fast-loading shard 63/66: layers-8.safetensors (20 tensors)
[2m2026-09-05T22:48:19.237279Z[0m [32m INFO[0m [2mspark_runtime::fast_weights[0m[2m:[0m   Shard 63/66 done — GPU memory: 22.57 GB used, 56.00 GB free
[2m2026-09-05T22:48:19.237425Z[0m [32m INFO[0m [2mspark_runtime::fast_weights[0m[2m:[0m Fast-loading shard 64/66: layers-9.safetensors (20 tensors)
[2m2026-09-05T22:48:19.501314Z[0m [32m INFO[0m [2mspark_runtime::fast_weights[0m[2m:[0m   Shard 64/66 done — GPU memory: 22.93 GB used, 55.64 GB free
[2m2026-09-05T22:48:19.501450Z[0m [32m INFO[0m [2mspark_runtime::fast_weights[0m[2m:[0m Fast-loading shard 65/66: mtp.safetensors (22 tensors)
[2m2026-09-05T22:48:19.847583Z[0m [32m INFO[0m [2mspark_runtime::fast_weights[0m[2m:[0m   Shard 65/66 done — GPU memory: 23.38 GB used, 55.19 GB free
[2m2026-09-05T22:48:19.847839Z[0m [32m INFO[0m [2mspark_runtime::fast_weights[0m[2m:[0m Fast-loading shard 66/66: outside.safetensors (336 tensors)
[2m2026-09-05T22:48:22.553886Z[0m [32m INFO[0m [2mspark_runtime::fast_weights[0m[2m:[0m   Shard 66/66 done — GPU memory: 29.05 GB used, 49.51 GB free
[2m2026-09-05T22:48:22.554042Z[0m [32m INFO[0m [2mspark_runtime::fast_weights[0m[2m:[0m Fast-loaded 1606 weight tensors
[2m2026-09-05T22:48:22.554374Z[0m [32m INFO[0m [2mspark::main_modules::serve_phases::weights[0m[2m:[0m Loaded 1606 weight tensors
[2m2026-09-05T22:48:22.554397Z[0m [32m INFO[0m [2mspark_runtime::weights::prefix_detect[0m[2m:[0m Weight prefix: model.language_model
[2m2026-09-05T22:48:22.555013Z[0m [32m INFO[0m [2mspark_model::preflight[0m[2m:[0m Pre-flight checks passed
[2m2026-09-05T22:48:22.555035Z[0m [32m INFO[0m [2mspark_model::quant_format[0m[2m:[0m QuantFormat: fp8 (block-scaled), 0 ignored module(s)
[2m2026-09-05T22:48:22.555047Z[0m [32m INFO[0m [2mspark::main_modules::serve_load[0m[2m:[0m Quantization format: fp8-blockscaled (base variant Fp8Dequanted), ignored globs = 0
[2m2026-09-05T22:48:22.704776Z[0m [32m INFO[0m [2mspark_runtime::cublaslt[0m[2m:[0m cuBLASLt pre-warmed (handle + workspace + kernel images)
[2m2026-09-05T22:48:22.704915Z[0m [32m INFO[0m [2mspark::main_modules::serve_phases::preflight[0m[2m:[0m GDN chunked prefill reserve: 355 MB (chunk_size=8192, max_seq_len=24576)
[2m2026-09-05T22:48:22.704923Z[0m [32m INFO[0m [2mspark::main_modules::serve_phases::preflight[0m[2m:[0m Weights: 28.75 GB, estimated free: 49.8 GB, actual free: 49.4 GB (reserve: 8745 MB)
[2m2026-09-05T22:48:22.704931Z[0m [32m INFO[0m [2mspark::main_modules::serve_phases::kv_cache[0m[2m:[0m Prefill config: ssm_prefill_chunk=8192, args.max_prefill_tokens=8192, prefill_budget=8192, max_batch_tokens=8196
[2m2026-09-05T22:48:22.704936Z[0m [32m INFO[0m [2mspark::main_modules::serve_phases::build[0m[2m:[0m Prefix caching: ENABLED (radix tree)
[2m2026-09-05T22:48:23.104236Z[0m [32m INFO[0m [2mspark::main_modules::serve_phases::config[0m[2m:[0m Capping vocab_size from 248320 to 248077 (tokenizer)
[2m2026-09-05T22:48:23.138405Z[0m [32m INFO[0m [2mspark::main_modules::serve_phases::kv_cache[0m[2m:[0m FP8 KV cache with online calibration (checkpoint ships no k/v scales): freezing per-tensor scales on the first observed tokens.
[2m2026-09-05T22:48:23.138427Z[0m [32m INFO[0m [2mspark::main_modules::kv_dtypes[0m[2m:[0m Selective boundary KV cache: 4/16 attention layers at bf16, rest at fp8
[2m2026-09-05T22:48:23.138805Z[0m [32m INFO[0m [2mspark_model::weight_loader::qwen35_dense[0m[2m:[0m Weight format: Fp8BlockScaled, NVFP4 variant: Fp8Dequanted
[2m2026-09-05T22:48:23.138811Z[0m [32m INFO[0m [2mspark_model::weight_loader::qwen35_dense[0m[2m:[0m SSM in_proj_qkv + out_proj via native FP8 prefill GEMM (BF16 act × FP8 weight via fp8_gemm_n128). PREFILL ONLY: decode + batched verify read the NVFP4 copy — weight-streaming GEMV at M<=8, tile GEMM above it (trait_decode_batched.rs). The FP8 copy reaches decode only at M<=8 on a build whose batched NVFP4 GEMVs are absent
[2m2026-09-05T22:48:23.140030Z[0m [32m INFO[0m [2mspark_model::weight_map::loaders_fp8[0m[2m:[0m quantize_to_nvfp4: n=17408 k=5120 total=89128960 global_max=0.421875 scale2=0.00015695 grid1=1024
[2m2026-09-05T22:48:23.142291Z[0m [32m INFO[0m [2mspark_model::weight_map::loaders_fp8[0m[2m:[0m quantize_to_nvfp4: n=17408 k=5120 total=89128960 global_max=0.163086 scale2=0.00006067 grid1=1024
[2m2026-09-05T22:48:23.144188Z[0m [32m INFO[0m [2mspark_model::weight_map::loaders_fp8[0m[2m:[0m quantize_to_nvfp4: n=5120 k=17408 total=89128960 global_max=0.976562 scale2=0.00036330 grid1=1024
[2m2026-09-05T22:48:23.150861Z[0m [32m INFO[0m [2mspark_model::layers::dense_ffn[0m[2m:[0m [atlas] ATLAS_FFN_NVFP4_MMQ: freed gate/up `_t` copies (dead under FP4-MMQ prefill) — block_nvfp4 copies net to ~0 vs NVFP4 baseline
[2m2026-09-05T22:48:23.150890Z[0m [32m INFO[0m [2mspark_model::weight_map::model_a[0m[2m:[0m dense_keep_f32: promoting model.language_model.layers.0.linear_attn.A_log from BF16 to FP32 ([48])
[2m2026-09-05T22:48:23.150960Z[0m [32m INFO[0m [2mspark_model::weight_map::model_a[0m[2m:[0m dense_keep_f32: promoting model.language_model.layers.0.linear_attn.dt_bias from BF16 to FP32 ([48])
[2m2026-09-05T22:48:23.154351Z[0m [32m INFO[0m [2mspark_model::layers::qwen3_ssm::init[0m[2m:[0m GDN state spine: gated_delta_rule_chunk_delta_h_vfused
[2m2026-09-05T22:48:23.160330Z[0m [32m INFO[0m [2mspark_model::weight_loader::qwen35_dense[0m[2m:[0m SSM[model.language_model.layers.0] native FP8 GDN: qkvz+out_proj block-scaled FP8 (no NVFP4 requant; prefill+decode via w8a16)
[2m2026-09-05T22:48:23.161426Z[0m [32m INFO[0m [2mspark_model::weight_map::loaders_fp8[0m[2m:[0m quantize_to_nvfp4: n=17408 k=5120 total=89128960 global_max=0.230469 scale2=0.00008574 grid1=1024
[2m2026-09-05T22:48:23.163289Z[0m [32m INFO[0m [2mspark_model::weight_map::loaders_fp8[0m[2m:[0m quantize_to_nvfp4: n=17408 k=5120 total=89128960 global_max=0.213867 scale2=0.00007956 grid1=1024
[2m2026-09-05T22:48:23.169193Z[0m [32m INFO[0m [2mspark_model::weight_map::model_a[0m[2m:[0m dense_keep_f32: promoting model.language_model.layers.1.linear_attn.A_log from BF16 to FP32 ([48])
[2m2026-09-05T22:48:23.169243Z[0m [32m INFO[0m [2mspark_model::weight_map::model_a[0m[2m:[0m dense_keep_f32: promoting model.language_model.layers.1.linear_attn.dt_bias from BF16 to FP32 ([48])
[2m2026-09-05T22:48:23.170142Z[0m [32m INFO[0m [2mspark_model::layers::qwen3_ssm::init[0m[2m:[0m GDN state spine: gated_delta_rule_chunk_delta_h_vfused
[2m2026-09-05T22:48:23.170208Z[0m [32m INFO[0m [2mspark_model::weight_loader::qwen35_dense[0m[2m:[0m SSM[model.language_model.layers.1] native FP8 GDN: qkvz+out_proj block-scaled FP8 (no NVFP4 requant; prefill+decode via w8a16)
[2m2026-09-05T22:48:23.178962Z[0m [32m INFO[0m [2mspark_model::weight_map::model_a[0m[2m:[0m dense_keep_f32: promoting model.language_model.layers.2.linear_attn.A_log from BF16 to FP32 ([48])
[2m2026-09-05T22:48:23.179012Z[0m [32m INFO[0m [2mspark_model::weight_map::model_a[0m[2m:[0m dense_keep_f32: promoting model.language_model.layers.2.linear_attn.dt_bias from BF16 to FP32 ([48])
[2m2026-09-05T22:48:23.180046Z[0m [32m INFO[0m [2mspark_model::layers::qwen3_ssm::init[0m[2m:[0m GDN state spine: gated_delta_rule_chunk_delta_h_vfused
[2m2026-09-05T22:48:23.180106Z[0m [32m INFO[0m [2mspark_model::weight_loader::qwen35_dense[0m[2m:[0m SSM[model.language_model.layers.2] native FP8 GDN: qkvz+out_proj block-scaled FP8 (no NVFP4 requant; prefill+decode via w8a16)
[2m2026-09-05T22:48:23.195951Z[0m [33m WARN[0m [2mspark_model::weight_loader::qwen35_dense[0m[2m:[0m attention q/k/v have differing weight_scale_2 — fused QKV GEMM disabled (3 separate launches per layer)
[2m2026-09-05T22:48:23.204751Z[0m [32m INFO[0m [2mspark_model::weight_map::model_a[0m[2m:[0m dense_keep_f32: promoting model.language_model.layers.4.linear_attn.A_log from BF16 to FP32 ([48])
[2m2026-09-05T22:48:23.204808Z[0m [32m INFO[0m [2mspark_model::weight_map::model_a[0m[2m:[0m dense_keep_f32: promoting model.language_model.layers.4.linear_attn.dt_bias from BF16 to FP32 ([48])
[2m2026-09-05T22:48:23.205710Z[0m [32m INFO[0m [2mspark_model::layers::qwen3_ssm::init[0m[2m:[0m GDN state spine: gated_delta_rule_chunk_delta_h_vfused
[2m2026-09-05T22:48:23.205764Z[0m [32m INFO[0m [2mspark_model::weight_loader::qwen35_dense[0m[2m:[0m SSM[model.language_model.layers.4] native FP8 GDN: qkvz+out_proj block-scaled FP8 (no NVFP4 requant; prefill+decode via w8a16)
[2m2026-09-05T22:48:23.214541Z[0m [32m INFO[0m [2mspark_model::weight_map::model_a[0m[2m:[0m dense_keep_f32: promoting model.language_model.layers.5.linear_attn.A_log from BF16 to FP32 ([48])
[2m2026-09-05T22:48:23.214592Z[0m [32m INFO[0m [2mspark_model::weight_map::model_a[0m[2m:[0m dense_keep_f32: promoting model.language_model.layers.5.linear_attn.dt_bias from BF16 to FP32 ([48])
[2m2026-09-05T22:48:23.215605Z[0m [32m INFO[0m [2mspark_model::layers::qwen3_ssm::init[0m[2m:[0m GDN state spine: gated_delta_rule_chunk_delta_h_vfused
[2m2026-09-05T22:48:23.215657Z[0m [32m INFO[0m [2mspark_model::weight_loader::qwen35_dense[0m[2m:[0m SSM[model.language_model.layers.5] native FP8 GDN: qkvz+out_proj block-scaled FP8 (no NVFP4 requant; prefill+decode via w8a16)
[2m2026-09-05T22:48:23.224400Z[0m [32m INFO[0m [2mspark_model::weight_map::model_a[0m[2m:[0m dense_keep_f32: promoting model.language_model.layers.6.linear_attn.A_log from BF16 to FP32 ([48])
[2m2026-09-05T22:48:23.224451Z[0m [32m INFO[0m [2mspark_model::weight_map::model_a[0m[2m:[0m dense_keep_f32: promoting model.language_model.layers.6.linear_attn.dt_bias from BF16 to FP32 ([48])
[2m2026-09-05T22:48:23.225354Z[0m [32m INFO[0m [2mspark_model::layers::qwen3_ssm::init[0m[2m:[0m GDN state spine: gated_delta_rule_chunk_delta_h_vfused
[2m2026-09-05T22:48:23.225404Z[0m [32m INFO[0m [2mspark_model::weight_loader::qwen35_dense[0m[2m:[0m SSM[model.language_model.layers.6] native FP8 GDN: qkvz+out_proj block-scaled FP8 (no NVFP4 requant; prefill+decode via w8a16)
[2m2026-09-05T22:48:23.246759Z[0m [32m INFO[0m [2mspark_model::weight_map::model_a[0m[2m:[0m dense_keep_f32: promoting model.language_model.layers.8.linear_attn.A_log from BF16 to FP32 ([48])
[2m2026-09-05T22:48:23.246815Z[0m [32m INFO[0m [2mspark_model::weight_map::model_a[0m[2m:[0m dense_keep_f32: promoting model.language_model.layers.8.linear_attn.dt_bias from BF16 to FP32 ([48])
[2m2026-09-05T22:48:23.247704Z[0m [32m INFO[0m [2mspark_model::layers::qwen3_ssm::init[0m[2m:[0m GDN state spine: gated_delta_rule_chunk_delta_h_vfused
[2m2026-09-05T22:48:23.247755Z[0m [32m INFO[0m [2mspark_model::weight_loader::qwen35_dense[0m[2m:[0m SSM[model.language_model.layers.8] native FP8 GDN: qkvz+out_proj block-scaled FP8 (no NVFP4 requant; prefill+decode via w8a16)
[2m2026-09-05T22:48:23.256533Z[0m [32m INFO[0m [2mspark_model::weight_map::model_a[0m[2m:[0m dense_keep_f32: promoting model.language_model.layers.9.linear_attn.A_log from BF16 to FP32 ([48])
[2m2026-09-05T22:48:23.256587Z[0m [32m INFO[0m [2mspark_model::weight_map::model_a[0m[2m:[0m dense_keep_f32: promoting model.language_model.layers.9.linear_attn.dt_bias from BF16 to FP32 ([48])
[2m2026-09-05T22:48:23.257621Z[0m [32m INFO[0m [2mspark_model::layers::qwen3_ssm::init[0m[2m:[0m GDN state spine: gated_delta_rule_chunk_delta_h_vfused
[2m2026-09-05T22:48:23.257673Z[0m [32m INFO[0m [2mspark_model::weight_loader::qwen35_dense[0m[2m:[0m SSM[model.language_model.layers.9] native FP8 GDN: qkvz+out_proj block-scaled FP8 (no NVFP4 requant; prefill+decode via w8a16)
[2m2026-09-05T22:48:23.266442Z[0m [32m INFO[0m [2mspark_model::weight_map::model_a[0m[2m:[0m dense_keep_f32: promoting model.language_model.layers.10.linear_attn.A_log from BF16 to FP32 ([48])
[2m2026-09-05T22:48:23.266494Z[0m [32m INFO[0m [2mspark_model::weight_map::model_a[0m[2m:[0m dense_keep_f32: promoting model.language_model.layers.10.linear_attn.dt_bias from BF16 to FP32 ([48])
[2m2026-09-05T22:48:23.267390Z[0m [32m INFO[0m [2mspark_model::layers::qwen3_ssm::init[0m[2m:[0m GDN state spine: gated_delta_rule_chunk_delta_h_vfused
[2m2026-09-05T22:48:23.267452Z[0m [32m INFO[0m [2mspark_model::weight_loader::qwen35_dense[0m[2m:[0m SSM[model.language_model.layers.10] native FP8 GDN: qkvz+out_proj block-scaled FP8 (no NVFP4 requant; prefill+decode via w8a16)
[2m2026-09-05T22:48:23.288754Z[0m [32m INFO[0m [2mspark_model::weight_map::model_a[0m[2m:[0m dense_keep_f32: promoting model.language_model.layers.12.linear_attn.A_log from BF16 to FP32 ([48])
[2m2026-09-05T22:48:23.288810Z[0m [32m INFO[0m [2mspark_model::weight_map::model_a[0m[2m:[0m dense_keep_f32: promoting model.language_model.layers.12.linear_attn.dt_bias from BF16 to FP32 ([48])
[2m2026-09-05T22:48:23.289729Z[0m [32m INFO[0m [2mspark_model::layers::qwen3_ssm::init[0m[2m:[0m GDN state spine: gated_delta_rule_chunk_delta_h_vfused
[2m2026-09-05T22:48:23.289787Z[0m [32m INFO[0m [2mspark_model::weight_loader::qwen35_dense[0m[2m:[0m SSM[model.language_model.layers.12] native FP8 GDN: qkvz+out_proj block-scaled FP8 (no NVFP4 requant; prefill+decode via w8a16)
[2m2026-09-05T22:48:23.298535Z[0m [32m INFO[0m [2mspark_model::weight_map::model_a[0m[2m:[0m dense_keep_f32: promoting model.language_model.layers.13.linear_attn.A_log from BF16 to FP32 ([48])
[2m2026-09-05T22:48:23.298584Z[0m [32m INFO[0m [2mspark_model::weight_map::model_a[0m[2m:[0m dense_keep_f32: promoting model.language_model.layers.13.linear_attn.dt_bias from BF16 to FP32 ([48])
[2m2026-09-05T22:48:23.299626Z[0m [32m INFO[0m [2mspark_model::layers::qwen3_ssm::init[0m[2m:[0m GDN state spine: gated_delta_rule_chunk_delta_h_vfused
[2m2026-09-05T22:48:23.299677Z[0m [32m INFO[0m [2mspark_model::weight_loader::qwen35_dense[0m[2m:[0m SSM[model.language_model.layers.13] native FP8 GDN: qkvz+out_proj block-scaled FP8 (no NVFP4 requant; prefill+decode via w8a16)
[2m2026-09-05T22:48:23.308432Z[0m [32m INFO[0m [2mspark_model::weight_map::model_a[0m[2m:[0m dense_keep_f32: promoting model.language_model.layers.14.linear_attn.A_log from BF16 to FP32 ([48])
[2m2026-09-05T22:48:23.308485Z[0m [32m INFO[0m [2mspark_model::weight_map::model_a[0m[2m:[0m dense_keep_f32: promoting model.language_model.layers.14.linear_attn.dt_bias from BF16 to FP32 ([48])
[2m2026-09-05T22:48:23.309421Z[0m [32m INFO[0m [2mspark_model::layers::qwen3_ssm::init[0m[2m:[0m GDN state spine: gated_delta_rule_chunk_delta_h_vfused
[2m2026-09-05T22:48:23.309472Z[0m [32m INFO[0m [2mspark_model::weight_loader::qwen35_dense[0m[2m:[0m SSM[model.language_model.layers.14] native FP8 GDN: qkvz+out_proj block-scaled FP8 (no NVFP4 requant; prefill+decode via w8a16)
[2m2026-09-05T22:48:23.330816Z[0m [32m INFO[0m [2mspark_model::weight_map::model_a[0m[2m:[0m dense_keep_f32: promoting model.language_model.layers.16.linear_attn.A_log from BF16 to FP32 ([48])
[2m2026-09-05T22:48:23.330872Z[0m [32m INFO[0m [2mspark_model::weight_map::model_a[0m[2m:[0m dense_keep_f32: promoting model.language_model.layers.16.linear_attn.dt_bias from BF16 to FP32 ([48])
[2m2026-09-05T22:48:23.331906Z[0m [32m INFO[0m [2mspark_model::layers::qwen3_ssm::init[0m[2m:[0m GDN state spine: gated_delta_rule_chunk_delta_h_vfused
[2m2026-09-05T22:48:23.331958Z[0m [32m INFO[0m [2mspark_model::weight_loader::qwen35_dense[0m[2m:[0m SSM[model.language_model.layers.16] native FP8 GDN: qkvz+out_proj block-scaled FP8 (no NVFP4 requant; prefill+decode via w8a16)
[2m2026-09-05T22:48:23.340763Z[0m [32m INFO[0m [2mspark_model::weight_map::model_a[0m[2m:[0m dense_keep_f32: promoting model.language_model.layers.17.linear_attn.A_log from BF16 to FP32 ([48])
[2m2026-09-05T22:48:23.340812Z[0m [32m INFO[0m [2mspark_model::weight_map::model_a[0m[2m:[0m dense_keep_f32: promoting model.language_model.layers.17.linear_attn.dt_bias from BF16 to FP32 ([48])
[2m2026-09-05T22:48:23.341711Z[0m [32m INFO[0m [2mspark_model::layers::qwen3_ssm::init[0m[2m:[0m GDN state spine: gated_delta_rule_chunk_delta_h_vfused
[2m2026-09-05T22:48:23.341760Z[0m [32m INFO[0m [2mspark_model::weight_loader::qwen35_dense[0m[2m:[0m SSM[model.language_model.layers.17] native FP8 GDN: qkvz+out_proj block-scaled FP8 (no NVFP4 requant; prefill+decode via w8a16)
[2m2026-09-05T22:48:23.350533Z[0m [32m INFO[0m [2mspark_model::weight_map::model_a[0m[2m:[0m dense_keep_f32: promoting model.language_model.layers.18.linear_attn.A_log from BF16 to FP32 ([48])
[2m2026-09-05T22:48:23.350583Z[0m [32m INFO[0m [2mspark_model::weight_map::model_a[0m[2m:[0m dense_keep_f32: promoting model.language_model.layers.18.linear_attn.dt_bias from BF16 to FP32 ([48])
[2m2026-09-05T22:48:23.351651Z[0m [32m INFO[0m [2mspark_model::layers::qwen3_ssm::init[0m[2m:[0m GDN state spine: gated_delta_rule_chunk_delta_h_vfused
[2m2026-09-05T22:48:23.351710Z[0m [32m INFO[0m [2mspark_model::weight_loader::qwen35_dense[0m[2m:[0m SSM[model.language_model.layers.18] native FP8 GDN: qkvz+out_proj block-scaled FP8 (no NVFP4 requant; prefill+decode via w8a16)
[2m2026-09-05T22:48:23.364303Z[0m [32m INFO[0m [2mspark_model::weight_loader::qwen35_dense[0m[2m:[0m Loaded layers 0..20
[2m2026-09-05T22:48:23.373063Z[0m [32m INFO[0m [2mspark_model::weight_map::model_a[0m[2m:[0m dense_keep_f32: promoting model.language_model.layers.20.linear_attn.A_log from BF16 to FP32 ([48])
[2m2026-09-05T22:48:23.373115Z[0m [32m INFO[0m [2mspark_model::weight_map::model_a[0m[2m:[0m dense_keep_f32: promoting model.language_model.layers.20.linear_attn.dt_bias from BF16 to FP32 ([48])
[2m2026-09-05T22:48:23.374151Z[0m [32m INFO[0m [2mspark_model::layers::qwen3_ssm::init[0m[2m:[0m GDN state spine: gated_delta_rule_chunk_delta_h_vfused
[2m2026-09-05T22:48:23.374206Z[0m [32m INFO[0m [2mspark_model::weight_loader::qwen35_dense[0m[2m:[0m SSM[model.language_model.layers.20] native FP8 GDN: qkvz+out_proj block-scaled FP8 (no NVFP4 requant; prefill+decode via w8a16)
[2m2026-09-05T22:48:23.382991Z[0m [32m INFO[0m [2mspark_model::weight_map::model_a[0m[2m:[0m dense_keep_f32: promoting model.language_model.layers.21.linear_attn.A_log from BF16 to FP32 ([48])
[2m2026-09-05T22:48:23.383039Z[0m [32m INFO[0m [2mspark_model::weight_map::model_a[0m[2m:[0m dense_keep_f32: promoting model.language_model.layers.21.linear_attn.dt_bias from BF16 to FP32 ([48])
[2m2026-09-05T22:48:23.383948Z[0m [32m INFO[0m [2mspark_model::layers::qwen3_ssm::init[0m[2m:[0m GDN state spine: gated_delta_rule_chunk_delta_h_vfused
[2m2026-09-05T22:48:23.384023Z[0m [32m INFO[0m [2mspark_model::weight_loader::qwen35_dense[0m[2m:[0m SSM[model.language_model.layers.21] native FP8 GDN: qkvz+out_proj block-scaled FP8 (no NVFP4 requant; prefill+decode via w8a16)
[2m2026-09-05T22:48:23.392859Z[0m [32m INFO[0m [2mspark_model::weight_map::model_a[0m[2m:[0m dense_keep_f32: promoting model.language_model.layers.22.linear_attn.A_log from BF16 to FP32 ([48])
[2m2026-09-05T22:48:23.392906Z[0m [32m INFO[0m [2mspark_model::weight_map::model_a[0m[2m:[0m dense_keep_f32: promoting model.language_model.layers.22.linear_attn.dt_bias from BF16 to FP32 ([48])
[2m2026-09-05T22:48:23.393949Z[0m [32m INFO[0m [2mspark_model::layers::qwen3_ssm::init[0m[2m:[0m GDN state spine: gated_delta_rule_chunk_delta_h_vfused
[2m2026-09-05T22:48:23.393999Z[0m [32m INFO[0m [2mspark_model::weight_loader::qwen35_dense[0m[2m:[0m SSM[model.language_model.layers.22] native FP8 GDN: qkvz+out_proj block-scaled FP8 (no NVFP4 requant; prefill+decode via w8a16)
[2m2026-09-05T22:48:23.415410Z[0m [32m INFO[0m [2mspark_model::weight_map::model_a[0m[2m:[0m dense_keep_f32: promoting model.language_model.layers.24.linear_attn.A_log from BF16 to FP32 ([48])
[2m2026-09-05T22:48:23.415466Z[0m [32m INFO[0m [2mspark_model::weight_map::model_a[0m[2m:[0m dense_keep_f32: promoting model.language_model.layers.24.linear_attn.dt_bias from BF16 to FP32 ([48])
[2m2026-09-05T22:48:23.416524Z[0m [32m INFO[0m [2mspark_model::layers::qwen3_ssm::init[0m[2m:[0m GDN state spine: gated_delta_rule_chunk_delta_h_vfused
[2m2026-09-05T22:48:23.416577Z[0m [32m INFO[0m [2mspark_model::weight_loader::qwen35_dense[0m[2m:[0m SSM[model.language_model.layers.24] native FP8 GDN: qkvz+out_proj block-scaled FP8 (no NVFP4 requant; prefill+decode via w8a16)
[2m2026-09-05T22:48:23.425376Z[0m [32m INFO[0m [2mspark_model::weight_map::model_a[0m[2m:[0m dense_keep_f32: promoting model.language_model.layers.25.linear_attn.A_log from BF16 to FP32 ([48])
[2m2026-09-05T22:48:23.425422Z[0m [32m INFO[0m [2mspark_model::weight_map::model_a[0m[2m:[0m dense_keep_f32: promoting model.language_model.layers.25.linear_attn.dt_bias from BF16 to FP32 ([48])
[2m2026-09-05T22:48:23.426339Z[0m [32m INFO[0m [2mspark_model::layers::qwen3_ssm::init[0m[2m:[0m GDN state spine: gated_delta_rule_chunk_delta_h_vfused
[2m2026-09-05T22:48:23.426396Z[0m [32m INFO[0m [2mspark_model::weight_loader::qwen35_dense[0m[2m:[0m SSM[model.language_model.layers.25] native FP8 GDN: qkvz+out_proj block-scaled FP8 (no NVFP4 requant; prefill+decode via w8a16)
[2m2026-09-05T22:48:23.435179Z[0m [32m INFO[0m [2mspark_model::weight_map::model_a[0m[2m:[0m dense_keep_f32: promoting model.language_model.layers.26.linear_attn.A_log from BF16 to FP32 ([48])
[2m2026-09-05T22:48:23.435228Z[0m [32m INFO[0m [2mspark_model::weight_map::model_a[0m[2m:[0m dense_keep_f32: promoting model.language_model.layers.26.linear_attn.dt_bias from BF16 to FP32 ([48])
[2m2026-09-05T22:48:23.436272Z[0m [32m INFO[0m [2mspark_model::layers::qwen3_ssm::init[0m[2m:[0m GDN state spine: gated_delta_rule_chunk_delta_h_vfused
[2m2026-09-05T22:48:23.436324Z[0m [32m INFO[0m [2mspark_model::weight_loader::qwen35_dense[0m[2m:[0m SSM[model.language_model.layers.26] native FP8 GDN: qkvz+out_proj block-scaled FP8 (no NVFP4 requant; prefill+decode via w8a16)
[2m2026-09-05T22:48:23.457661Z[0m [32m INFO[0m [2mspark_model::weight_map::model_a[0m[2m:[0m dense_keep_f32: promoting model.language_model.layers.28.linear_attn.A_log from BF16 to FP32 ([48])
[2m2026-09-05T22:48:23.457714Z[0m [32m INFO[0m [2mspark_model::weight_map::model_a[0m[2m:[0m dense_keep_f32: promoting model.language_model.layers.28.linear_attn.dt_bias from BF16 to FP32 ([48])
[2m2026-09-05T22:48:23.458615Z[0m [32m INFO[0m [2mspark_model::layers::qwen3_ssm::init[0m[2m:[0m GDN state spine: gated_delta_rule_chunk_delta_h_vfused
[2m2026-09-05T22:48:23.458665Z[0m [32m INFO[0m [2mspark_model::weight_loader::qwen35_dense[0m[2m:[0m SSM[model.language_model.layers.28] native FP8 GDN: qkvz+out_proj block-scaled FP8 (no NVFP4 requant; prefill+decode via w8a16)
[2m2026-09-05T22:48:23.467420Z[0m [32m INFO[0m [2mspark_model::weight_map::model_a[0m[2m:[0m dense_keep_f32: promoting model.language_model.layers.29.linear_attn.A_log from BF16 to FP32 ([48])
[2m2026-09-05T22:48:23.467468Z[0m [32m INFO[0m [2mspark_model::weight_map::model_a[0m[2m:[0m dense_keep_f32: promoting model.language_model.layers.29.linear_attn.dt_bias from BF16 to FP32 ([48])
[2m2026-09-05T22:48:23.468500Z[0m [32m INFO[0m [2mspark_model::layers::qwen3_ssm::init[0m[2m:[0m GDN state spine: gated_delta_rule_chunk_delta_h_vfused
[2m2026-09-05T22:48:23.468549Z[0m [32m INFO[0m [2mspark_model::weight_loader::qwen35_dense[0m[2m:[0m SSM[model.language_model.layers.29] native FP8 GDN: qkvz+out_proj block-scaled FP8 (no NVFP4 requant; prefill+decode via w8a16)
[2m2026-09-05T22:48:23.477303Z[0m [32m INFO[0m [2mspark_model::weight_map::model_a[0m[2m:[0m dense_keep_f32: promoting model.language_model.layers.30.linear_attn.A_log from BF16 to FP32 ([48])
[2m2026-09-05T22:48:23.477349Z[0m [32m INFO[0m [2mspark_model::weight_map::model_a[0m[2m:[0m dense_keep_f32: promoting model.language_model.layers.30.linear_attn.dt_bias from BF16 to FP32 ([48])
[2m2026-09-05T22:48:23.478272Z[0m [32m INFO[0m [2mspark_model::layers::qwen3_ssm::init[0m[2m:[0m GDN state spine: gated_delta_rule_chunk_delta_h_vfused
[2m2026-09-05T22:48:23.478324Z[0m [32m INFO[0m [2mspark_model::weight_loader::qwen35_dense[0m[2m:[0m SSM[model.language_model.layers.30] native FP8 GDN: qkvz+out_proj block-scaled FP8 (no NVFP4 requant; prefill+decode via w8a16)
[2m2026-09-05T22:48:23.499785Z[0m [32m INFO[0m [2mspark_model::weight_map::model_a[0m[2m:[0m dense_keep_f32: promoting model.language_model.layers.32.linear_attn.A_log from BF16 to FP32 ([48])
[2m2026-09-05T22:48:23.499840Z[0m [32m INFO[0m [2mspark_model::weight_map::model_a[0m[2m:[0m dense_keep_f32: promoting model.language_model.layers.32.linear_attn.dt_bias from BF16 to FP32 ([48])
[2m2026-09-05T22:48:23.500772Z[0m [32m INFO[0m [2mspark_model::layers::qwen3_ssm::init[0m[2m:[0m GDN state spine: gated_delta_rule_chunk_delta_h_vfused
[2m2026-09-05T22:48:23.500822Z[0m [32m INFO[0m [2mspark_model::weight_loader::qwen35_dense[0m[2m:[0m SSM[model.language_model.layers.32] native FP8 GDN: qkvz+out_proj block-scaled FP8 (no NVFP4 requant; prefill+decode via w8a16)
[2m2026-09-05T22:48:23.509622Z[0m [32m INFO[0m [2mspark_model::weight_map::model_a[0m[2m:[0m dense_keep_f32: promoting model.language_model.layers.33.linear_attn.A_log from BF16 to FP32 ([48])
[2m2026-09-05T22:48:23.509674Z[0m [32m INFO[0m [2mspark_model::weight_map::model_a[0m[2m:[0m dense_keep_f32: promoting model.language_model.layers.33.linear_attn.dt_bias from BF16 to FP32 ([48])
[2m2026-09-05T22:48:23.510683Z[0m [32m INFO[0m [2mspark_model::layers::qwen3_ssm::init[0m[2m:[0m GDN state spine: gated_delta_rule_chunk_delta_h_vfused
[2m2026-09-05T22:48:23.510737Z[0m [32m INFO[0m [2mspark_model::weight_loader::qwen35_dense[0m[2m:[0m SSM[model.language_model.layers.33] native FP8 GDN: qkvz+out_proj block-scaled FP8 (no NVFP4 requant; prefill+decode via w8a16)
[2m2026-09-05T22:48:23.519528Z[0m [32m INFO[0m [2mspark_model::weight_map::model_a[0m[2m:[0m dense_keep_f32: promoting model.language_model.layers.34.linear_attn.A_log from BF16 to FP32 ([48])
[2m2026-09-05T22:48:23.519577Z[0m [32m INFO[0m [2mspark_model::weight_map::model_a[0m[2m:[0m dense_keep_f32: promoting model.language_model.layers.34.linear_attn.dt_bias from BF16 to FP32 ([48])
[2m2026-09-05T22:48:23.520473Z[0m [32m INFO[0m [2mspark_model::layers::qwen3_ssm::init[0m[2m:[0m GDN state spine: gated_delta_rule_chunk_delta_h_vfused
[2m2026-09-05T22:48:23.520523Z[0m [32m INFO[0m [2mspark_model::weight_loader::qwen35_dense[0m[2m:[0m SSM[model.language_model.layers.34] native FP8 GDN: qkvz+out_proj block-scaled FP8 (no NVFP4 requant; prefill+decode via w8a16)
[2m2026-09-05T22:48:23.543414Z[0m [32m INFO[0m [2mspark_model::weight_map::model_a[0m[2m:[0m dense_keep_f32: promoting model.language_model.layers.36.linear_attn.A_log from BF16 to FP32 ([48])
[2m2026-09-05T22:48:23.543477Z[0m [32m INFO[0m [2mspark_model::weight_map::model_a[0m[2m:[0m dense_keep_f32: promoting model.language_model.layers.36.linear_attn.dt_bias from BF16 to FP32 ([48])
[2m2026-09-05T22:48:23.544461Z[0m [32m INFO[0m [2mspark_model::layers::qwen3_ssm::init[0m[2m:[0m GDN state spine: gated_delta_rule_chunk_delta_h_vfused
[2m2026-09-05T22:48:23.544611Z[0m [32m INFO[0m [2mspark_model::weight_loader::qwen35_dense[0m[2m:[0m SSM[model.language_model.layers.36] native FP8 GDN: qkvz+out_proj block-scaled FP8 (no NVFP4 requant; prefill+decode via w8a16)
[2m2026-09-05T22:48:23.553429Z[0m [32m INFO[0m [2mspark_model::weight_map::model_a[0m[2m:[0m dense_keep_f32: promoting model.language_model.layers.37.linear_attn.A_log from BF16 to FP32 ([48])
[2m2026-09-05T22:48:23.553478Z[0m [32m INFO[0m [2mspark_model::weight_map::model_a[0m[2m:[0m dense_keep_f32: promoting model.language_model.layers.37.linear_attn.dt_bias from BF16 to FP32 ([48])
[2m2026-09-05T22:48:23.554526Z[0m [32m INFO[0m [2mspark_model::layers::qwen3_ssm::init[0m[2m:[0m GDN state spine: gated_delta_rule_chunk_delta_h_vfused
[2m2026-09-05T22:48:23.554577Z[0m [32m INFO[0m [2mspark_model::weight_loader::qwen35_dense[0m[2m:[0m SSM[model.language_model.layers.37] native FP8 GDN: qkvz+out_proj block-scaled FP8 (no NVFP4 requant; prefill+decode via w8a16)
[2m2026-09-05T22:48:23.563361Z[0m [32m INFO[0m [2mspark_model::weight_map::model_a[0m[2m:[0m dense_keep_f32: promoting model.language_model.layers.38.linear_attn.A_log from BF16 to FP32 ([48])
[2m2026-09-05T22:48:23.563406Z[0m [32m INFO[0m [2mspark_model::weight_map::model_a[0m[2m:[0m dense_keep_f32: promoting model.language_model.layers.38.linear_attn.dt_bias from BF16 to FP32 ([48])
[2m2026-09-05T22:48:23.564295Z[0m [32m INFO[0m [2mspark_model::layers::qwen3_ssm::init[0m[2m:[0m GDN state spine: gated_delta_rule_chunk_delta_h_vfused
[2m2026-09-05T22:48:23.564345Z[0m [32m INFO[0m [2mspark_model::weight_loader::qwen35_dense[0m[2m:[0m SSM[model.language_model.layers.38] native FP8 GDN: qkvz+out_proj block-scaled FP8 (no NVFP4 requant; prefill+decode via w8a16)
[2m2026-09-05T22:48:23.577037Z[0m [32m INFO[0m [2mspark_model::weight_loader::qwen35_dense[0m[2m:[0m Loaded layers 0..40
[2m2026-09-05T22:48:23.585818Z[0m [32m INFO[0m [2mspark_model::weight_map::model_a[0m[2m:[0m dense_keep_f32: promoting model.language_model.layers.40.linear_attn.A_log from BF16 to FP32 ([48])
[2m2026-09-05T22:48:23.585868Z[0m [32m INFO[0m [2mspark_model::weight_map::model_a[0m[2m:[0m dense_keep_f32: promoting model.language_model.layers.40.linear_attn.dt_bias from BF16 to FP32 ([48])
[2m2026-09-05T22:48:23.586919Z[0m [32m INFO[0m [2mspark_model::layers::qwen3_ssm::init[0m[2m:[0m GDN state spine: gated_delta_rule_chunk_delta_h_vfused
[2m2026-09-05T22:48:23.586969Z[0m [32m INFO[0m [2mspark_model::weight_loader::qwen35_dense[0m[2m:[0m SSM[model.language_model.layers.40] native FP8 GDN: qkvz+out_proj block-scaled FP8 (no NVFP4 requant; prefill+decode via w8a16)
[2m2026-09-05T22:48:23.595754Z[0m [32m INFO[0m [2mspark_model::weight_map::model_a[0m[2m:[0m dense_keep_f32: promoting model.language_model.layers.41.linear_attn.A_log from BF16 to FP32 ([48])
[2m2026-09-05T22:48:23.595801Z[0m [32m INFO[0m [2mspark_model::weight_map::model_a[0m[2m:[0m dense_keep_f32: promoting model.language_model.layers.41.linear_attn.dt_bias from BF16 to FP32 ([48])
[2m2026-09-05T22:48:23.596704Z[0m [32m INFO[0m [2mspark_model::layers::qwen3_ssm::init[0m[2m:[0m GDN state spine: gated_delta_rule_chunk_delta_h_vfused
[2m2026-09-05T22:48:23.596752Z[0m [32m INFO[0m [2mspark_model::weight_loader::qwen35_dense[0m[2m:[0m SSM[model.language_model.layers.41] native FP8 GDN: qkvz+out_proj block-scaled FP8 (no NVFP4 requant; prefill+decode via w8a16)
[2m2026-09-05T22:48:23.605576Z[0m [32m INFO[0m [2mspark_model::weight_map::model_a[0m[2m:[0m dense_keep_f32: promoting model.language_model.layers.42.linear_attn.A_log from BF16 to FP32 ([48])
[2m2026-09-05T22:48:23.605630Z[0m [32m INFO[0m [2mspark_model::weight_map::model_a[0m[2m:[0m dense_keep_f32: promoting model.language_model.layers.42.linear_attn.dt_bias from BF16 to FP32 ([48])
[2m2026-09-05T22:48:23.606749Z[0m [32m INFO[0m [2mspark_model::layers::qwen3_ssm::init[0m[2m:[0m GDN state spine: gated_delta_rule_chunk_delta_h_vfused
[2m2026-09-05T22:48:23.606803Z[0m [32m INFO[0m [2mspark_model::weight_loader::qwen35_dense[0m[2m:[0m SSM[model.language_model.layers.42] native FP8 GDN: qkvz+out_proj block-scaled FP8 (no NVFP4 requant; prefill+decode via w8a16)
[2m2026-09-05T22:48:23.628226Z[0m [32m INFO[0m [2mspark_model::weight_map::model_a[0m[2m:[0m dense_keep_f32: promoting model.language_model.layers.44.linear_attn.A_log from BF16 to FP32 ([48])
[2m2026-09-05T22:48:23.628283Z[0m [32m INFO[0m [2mspark_model::weight_map::model_a[0m[2m:[0m dense_keep_f32: promoting model.language_model.layers.44.linear_attn.dt_bias from BF16 to FP32 ([48])
[2m2026-09-05T22:48:23.629317Z[0m [32m INFO[0m [2mspark_model::layers::qwen3_ssm::init[0m[2m:[0m GDN state spine: gated_delta_rule_chunk_delta_h_vfused
[2m2026-09-05T22:48:23.629367Z[0m [32m INFO[0m [2mspark_model::weight_loader::qwen35_dense[0m[2m:[0m SSM[model.language_model.layers.44] native FP8 GDN: qkvz+out_proj block-scaled FP8 (no NVFP4 requant; prefill+decode via w8a16)
[2m2026-09-05T22:48:23.638191Z[0m [32m INFO[0m [2mspark_model::weight_map::model_a[0m[2m:[0m dense_keep_f32: promoting model.language_model.layers.45.linear_attn.A_log from BF16 to FP32 ([48])
[2m2026-09-05T22:48:23.638244Z[0m [32m INFO[0m [2mspark_model::weight_map::model_a[0m[2m:[0m dense_keep_f32: promoting model.language_model.layers.45.linear_attn.dt_bias from BF16 to FP32 ([48])
[2m2026-09-05T22:48:23.639163Z[0m [32m INFO[0m [2mspark_model::layers::qwen3_ssm::init[0m[2m:[0m GDN state spine: gated_delta_rule_chunk_delta_h_vfused
[2m2026-09-05T22:48:23.639212Z[0m [32m INFO[0m [2mspark_model::weight_loader::qwen35_dense[0m[2m:[0m SSM[model.language_model.layers.45] native FP8 GDN: qkvz+out_proj block-scaled FP8 (no NVFP4 requant; prefill+decode via w8a16)
[2m2026-09-05T22:48:23.647994Z[0m [32m INFO[0m [2mspark_model::weight_map::model_a[0m[2m:[0m dense_keep_f32: promoting model.language_model.layers.46.linear_attn.A_log from BF16 to FP32 ([48])
[2m2026-09-05T22:48:23.648042Z[0m [32m INFO[0m [2mspark_model::weight_map::model_a[0m[2m:[0m dense_keep_f32: promoting model.language_model.layers.46.linear_attn.dt_bias from BF16 to FP32 ([48])
[2m2026-09-05T22:48:23.649078Z[0m [32m INFO[0m [2mspark_model::layers::qwen3_ssm::init[0m[2m:[0m GDN state spine: gated_delta_rule_chunk_delta_h_vfused
[2m2026-09-05T22:48:23.649127Z[0m [32m INFO[0m [2mspark_model::weight_loader::qwen35_dense[0m[2m:[0m SSM[model.language_model.layers.46] native FP8 GDN: qkvz+out_proj block-scaled FP8 (no NVFP4 requant; prefill+decode via w8a16)
[2m2026-09-05T22:48:23.670437Z[0m [32m INFO[0m [2mspark_model::weight_map::model_a[0m[2m:[0m dense_keep_f32: promoting model.language_model.layers.48.linear_attn.A_log from BF16 to FP32 ([48])
[2m2026-09-05T22:48:23.670495Z[0m [32m INFO[0m [2mspark_model::weight_map::model_a[0m[2m:[0m dense_keep_f32: promoting model.language_model.layers.48.linear_attn.dt_bias from BF16 to FP32 ([48])
[2m2026-09-05T22:48:23.671533Z[0m [32m INFO[0m [2mspark_model::layers::qwen3_ssm::init[0m[2m:[0m GDN state spine: gated_delta_rule_chunk_delta_h_vfused
[2m2026-09-05T22:48:23.671583Z[0m [32m INFO[0m [2mspark_model::weight_loader::qwen35_dense[0m[2m:[0m SSM[model.language_model.layers.48] native FP8 GDN: qkvz+out_proj block-scaled FP8 (no NVFP4 requant; prefill+decode via w8a16)
[2m2026-09-05T22:48:23.680387Z[0m [32m INFO[0m [2mspark_model::weight_map::model_a[0m[2m:[0m dense_keep_f32: promoting model.language_model.layers.49.linear_attn.A_log from BF16 to FP32 ([48])
[2m2026-09-05T22:48:23.680436Z[0m [32m INFO[0m [2mspark_model::weight_map::model_a[0m[2m:[0m dense_keep_f32: promoting model.language_model.layers.49.linear_attn.dt_bias from BF16 to FP32 ([48])
[2m2026-09-05T22:48:23.681348Z[0m [32m INFO[0m [2mspark_model::layers::qwen3_ssm::init[0m[2m:[0m GDN state spine: gated_delta_rule_chunk_delta_h_vfused
[2m2026-09-05T22:48:23.681397Z[0m [32m INFO[0m [2mspark_model::weight_loader::qwen35_dense[0m[2m:[0m SSM[model.language_model.layers.49] native FP8 GDN: qkvz+out_proj block-scaled FP8 (no NVFP4 requant; prefill+decode via w8a16)
[2m2026-09-05T22:48:23.690196Z[0m [32m INFO[0m [2mspark_model::weight_map::model_a[0m[2m:[0m dense_keep_f32: promoting model.language_model.layers.50.linear_attn.A_log from BF16 to FP32 ([48])
[2m2026-09-05T22:48:23.690247Z[0m [32m INFO[0m [2mspark_model::weight_map::model_a[0m[2m:[0m dense_keep_f32: promoting model.language_model.layers.50.linear_attn.dt_bias from BF16 to FP32 ([48])
[2m2026-09-05T22:48:23.691305Z[0m [32m INFO[0m [2mspark_model::layers::qwen3_ssm::init[0m[2m:[0m GDN state spine: gated_delta_rule_chunk_delta_h_vfused
[2m2026-09-05T22:48:23.691353Z[0m [32m INFO[0m [2mspark_model::weight_loader::qwen35_dense[0m[2m:[0m SSM[model.language_model.layers.50] native FP8 GDN: qkvz+out_proj block-scaled FP8 (no NVFP4 requant; prefill+decode via w8a16)
[2m2026-09-05T22:48:23.712821Z[0m [32m INFO[0m [2mspark_model::weight_map::model_a[0m[2m:[0m dense_keep_f32: promoting model.language_model.layers.52.linear_attn.A_log from BF16 to FP32 ([48])
[2m2026-09-05T22:48:23.712878Z[0m [32m INFO[0m [2mspark_model::weight_map::model_a[0m[2m:[0m dense_keep_f32: promoting model.language_model.layers.52.linear_attn.dt_bias from BF16 to FP32 ([48])
[2m2026-09-05T22:48:23.713807Z[0m [32m INFO[0m [2mspark_model::layers::qwen3_ssm::init[0m[2m:[0m GDN state spine: gated_delta_rule_chunk_delta_h_vfused
[2m2026-09-05T22:48:23.713856Z[0m [32m INFO[0m [2mspark_model::weight_loader::qwen35_dense[0m[2m:[0m SSM[model.language_model.layers.52] native FP8 GDN: qkvz+out_proj block-scaled FP8 (no NVFP4 requant; prefill+decode via w8a16)
[2m2026-09-05T22:48:23.722728Z[0m [32m INFO[0m [2mspark_model::weight_map::model_a[0m[2m:[0m dense_keep_f32: promoting model.language_model.layers.53.linear_attn.A_log from BF16 to FP32 ([48])
[2m2026-09-05T22:48:23.722776Z[0m [32m INFO[0m [2mspark_model::weight_map::model_a[0m[2m:[0m dense_keep_f32: promoting model.language_model.layers.53.linear_attn.dt_bias from BF16 to FP32 ([48])
[2m2026-09-05T22:48:23.723821Z[0m [32m INFO[0m [2mspark_model::layers::qwen3_ssm::init[0m[2m:[0m GDN state spine: gated_delta_rule_chunk_delta_h_vfused
[2m2026-09-05T22:48:23.723870Z[0m [32m INFO[0m [2mspark_model::weight_loader::qwen35_dense[0m[2m:[0m SSM[model.language_model.layers.53] native FP8 GDN: qkvz+out_proj block-scaled FP8 (no NVFP4 requant; prefill+decode via w8a16)
[2m2026-09-05T22:48:23.732680Z[0m [32m INFO[0m [2mspark_model::weight_map::model_a[0m[2m:[0m dense_keep_f32: promoting model.language_model.layers.54.linear_attn.A_log from BF16 to FP32 ([48])
[2m2026-09-05T22:48:23.732728Z[0m [32m INFO[0m [2mspark_model::weight_map::model_a[0m[2m:[0m dense_keep_f32: promoting model.language_model.layers.54.linear_attn.dt_bias from BF16 to FP32 ([48])
[2m2026-09-05T22:48:23.733660Z[0m [32m INFO[0m [2mspark_model::layers::qwen3_ssm::init[0m[2m:[0m GDN state spine: gated_delta_rule_chunk_delta_h_vfused
[2m2026-09-05T22:48:23.733709Z[0m [32m INFO[0m [2mspark_model::weight_loader::qwen35_dense[0m[2m:[0m SSM[model.language_model.layers.54] native FP8 GDN: qkvz+out_proj block-scaled FP8 (no NVFP4 requant; prefill+decode via w8a16)
[2m2026-09-05T22:48:23.755198Z[0m [32m INFO[0m [2mspark_model::weight_map::model_a[0m[2m:[0m dense_keep_f32: promoting model.language_model.layers.56.linear_attn.A_log from BF16 to FP32 ([48])
[2m2026-09-05T22:48:23.755253Z[0m [32m INFO[0m [2mspark_model::weight_map::model_a[0m[2m:[0m dense_keep_f32: promoting model.language_model.layers.56.linear_attn.dt_bias from BF16 to FP32 ([48])
[2m2026-09-05T22:48:23.756177Z[0m [32m INFO[0m [2mspark_model::layers::qwen3_ssm::init[0m[2m:[0m GDN state spine: gated_delta_rule_chunk_delta_h_vfused
[2m2026-09-05T22:48:23.756228Z[0m [32m INFO[0m [2mspark_model::weight_loader::qwen35_dense[0m[2m:[0m SSM[model.language_model.layers.56] native FP8 GDN: qkvz+out_proj block-scaled FP8 (no NVFP4 requant; prefill+decode via w8a16)
[2m2026-09-05T22:48:23.765065Z[0m [32m INFO[0m [2mspark_model::weight_map::model_a[0m[2m:[0m dense_keep_f32: promoting model.language_model.layers.57.linear_attn.A_log from BF16 to FP32 ([48])
[2m2026-09-05T22:48:23.765115Z[0m [32m INFO[0m [2mspark_model::weight_map::model_a[0m[2m:[0m dense_keep_f32: promoting model.language_model.layers.57.linear_attn.dt_bias from BF16 to FP32 ([48])
[2m2026-09-05T22:48:23.766162Z[0m [32m INFO[0m [2mspark_model::layers::qwen3_ssm::init[0m[2m:[0m GDN state spine: gated_delta_rule_chunk_delta_h_vfused
[2m2026-09-05T22:48:23.766213Z[0m [32m INFO[0m [2mspark_model::weight_loader::qwen35_dense[0m[2m:[0m SSM[model.language_model.layers.57] native FP8 GDN: qkvz+out_proj block-scaled FP8 (no NVFP4 requant; prefill+decode via w8a16)
[2m2026-09-05T22:48:23.774999Z[0m [32m INFO[0m [2mspark_model::weight_map::model_a[0m[2m:[0m dense_keep_f32: promoting model.language_model.layers.58.linear_attn.A_log from BF16 to FP32 ([48])
[2m2026-09-05T22:48:23.775049Z[0m [32m INFO[0m [2mspark_model::weight_map::model_a[0m[2m:[0m dense_keep_f32: promoting model.language_model.layers.58.linear_attn.dt_bias from BF16 to FP32 ([48])
[2m2026-09-05T22:48:23.775985Z[0m [32m INFO[0m [2mspark_model::layers::qwen3_ssm::init[0m[2m:[0m GDN state spine: gated_delta_rule_chunk_delta_h_vfused
[2m2026-09-05T22:48:23.776035Z[0m [32m INFO[0m [2mspark_model::weight_loader::qwen35_dense[0m[2m:[0m SSM[model.language_model.layers.58] native FP8 GDN: qkvz+out_proj block-scaled FP8 (no NVFP4 requant; prefill+decode via w8a16)
[2m2026-09-05T22:48:23.788749Z[0m [32m INFO[0m [2mspark_model::weight_loader::qwen35_dense[0m[2m:[0m Loaded layers 0..60
[2m2026-09-05T22:48:23.797583Z[0m [32m INFO[0m [2mspark_model::weight_map::model_a[0m[2m:[0m dense_keep_f32: promoting model.language_model.layers.60.linear_attn.A_log from BF16 to FP32 ([48])
[2m2026-09-05T22:48:23.797635Z[0m [32m INFO[0m [2mspark_model::weight_map::model_a[0m[2m:[0m dense_keep_f32: promoting model.language_model.layers.60.linear_attn.dt_bias from BF16 to FP32 ([48])
[2m2026-09-05T22:48:23.798558Z[0m [32m INFO[0m [2mspark_model::layers::qwen3_ssm::init[0m[2m:[0m GDN state spine: gated_delta_rule_chunk_delta_h_vfused
[2m2026-09-05T22:48:23.798608Z[0m [32m INFO[0m [2mspark_model::weight_loader::qwen35_dense[0m[2m:[0m SSM[model.language_model.layers.60] native FP8 GDN: qkvz+out_proj block-scaled FP8 (no NVFP4 requant; prefill+decode via w8a16)
[2m2026-09-05T22:48:23.807432Z[0m [32m INFO[0m [2mspark_model::weight_map::model_a[0m[2m:[0m dense_keep_f32: promoting model.language_model.layers.61.linear_attn.A_log from BF16 to FP32 ([48])
[2m2026-09-05T22:48:23.807484Z[0m [32m INFO[0m [2mspark_model::weight_map::model_a[0m[2m:[0m dense_keep_f32: promoting model.language_model.layers.61.linear_attn.dt_bias from BF16 to FP32 ([48])
[2m2026-09-05T22:48:23.808504Z[0m [32m INFO[0m [2mspark_model::layers::qwen3_ssm::init[0m[2m:[0m GDN state spine: gated_delta_rule_chunk_delta_h_vfused
[2m2026-09-05T22:48:23.808554Z[0m [32m INFO[0m [2mspark_model::weight_loader::qwen35_dense[0m[2m:[0m SSM[model.language_model.layers.61] native FP8 GDN: qkvz+out_proj block-scaled FP8 (no NVFP4 requant; prefill+decode via w8a16)
[2m2026-09-05T22:48:23.817373Z[0m [32m INFO[0m [2mspark_model::weight_map::model_a[0m[2m:[0m dense_keep_f32: promoting model.language_model.layers.62.linear_attn.A_log from BF16 to FP32 ([48])
[2m2026-09-05T22:48:23.817422Z[0m [32m INFO[0m [2mspark_model::weight_map::model_a[0m[2m:[0m dense_keep_f32: promoting model.language_model.layers.62.linear_attn.dt_bias from BF16 to FP32 ([48])
[2m2026-09-05T22:48:23.818309Z[0m [32m INFO[0m [2mspark_model::layers::qwen3_ssm::init[0m[2m:[0m GDN state spine: gated_delta_rule_chunk_delta_h_vfused
[2m2026-09-05T22:48:23.818357Z[0m [32m INFO[0m [2mspark_model::weight_loader::qwen35_dense[0m[2m:[0m SSM[model.language_model.layers.62] native FP8 GDN: qkvz+out_proj block-scaled FP8 (no NVFP4 requant; prefill+decode via w8a16)
[2m2026-09-05T22:48:23.831074Z[0m [32m INFO[0m [2mspark_model::weight_loader::qwen35_dense[0m[2m:[0m Qwen3.5 dense weight loader: 64 layers (16 attention, 48 SSM, dense FFN)
[2m2026-09-05T22:48:23.831163Z[0m [32m INFO[0m [2mspark_model::factory::build[0m[2m:[0m Layer construction: 25.85 GB consumed (53.09 GB free -> 27.24 GB free) across 64 layers, 404.0 MB/layer average
[2m2026-09-05T22:48:23.831182Z[0m [32m INFO[0m [2mspark_model::weight_loader::qwen35_dense[0m[2m:[0m Loading dense MTP weights (variant=Fp8Dequanted, hidden=5120, inter=17408)
[2m2026-09-05T22:48:23.832079Z[0m [32m INFO[0m [2mspark_model::weight_loader::qwen35_dense[0m[2m:[0m Dense MTP head ready (FP8 e4m3 projections + dense gate/up/down MLP)
[2m2026-09-05T22:48:23.832217Z[0m [33m WARN[0m [2mspark_model::layers::vision_encoder::enc_impl::init[0m[2m:[0m Vision encoder capacity 16384 patches (2048x2048 px) — the resolved area bound wanted 65536 patches, clamped: the ViT score matrix is O(patches^2) and 65536 would need ~24.0 GB of scratch. Lower --vision-max-pixels to reclaim memory, or raise CEILING_MAX_PATCHES only alongside tiled ViT attention.
[2m2026-09-05T22:48:23.836546Z[0m [32m INFO[0m [2mspark_model::weight_loader::qwen35[0m[2m:[0m Qwen3.6 vision encoder loaded: depth=27, hidden=1152, heads=16, FP8-blocks>=4
[2m2026-09-05T22:48:23.836560Z[0m [32m INFO[0m [2mspark_model::quant_format[0m[2m:[0m QuantFormat: fp8 (block-scaled), 0 ignored module(s)
[2m2026-09-05T22:48:23.841083Z[0m [32m INFO[0m [2mspark_model::factory::lm_head_setup[0m[2m:[0m LM head quantized to NVFP4 (vocab=248077)
[2m2026-09-05T22:48:23.843867Z[0m [32m INFO[0m [2mspark_runtime::buffers[0m[2m:[0m Buffer arena: 8196 tokens × 3663.7 MB total (attn_out=96.0MB, ssm_deint=256.1MB, kv_lora_rank=0)
[2m2026-09-05T22:48:23.843951Z[0m [32m INFO[0m [2mspark_model::factory::build[0m[2m:[0m KV budget self-relative (ledger): Atlas-own 57.2 GB live in the alloc ledger; 1.6 GB of co-tenant/page-cache use excluded (set ATLAS_KV_EXTERNAL_RESERVE_GB to override)
[2m2026-09-05T22:48:23.843958Z[0m [32m INFO[0m [2mspark_model::factory::build[0m[2m:[0m KV cache: 79.2 GB total × 90% util = 71.3 GB budget; 57.2 GB pre-KV + 8.5 GB reserve → 5.5 GB for KV → 9089 blocks × 16 tok/block = 145424 max KV tokens
[2m2026-09-05T22:48:23.847741Z[0m [32m INFO[0m [2mspark_runtime::kv_cache::paged_impl[0m[2m:[0m KV cache: 9089 blocks × 16 layers (4 high-precision) = 5.5 GB total (mixed dtype)
[2m2026-09-05T22:48:23.847927Z[0m [32m INFO[0m [2mspark_model::model::drafter_context[0m[2m:[0m MTP drafter context: prefill=ON carry=ON (default). Disable both with ATLAS_NO_MTP_DRAFTER_CONTEXT=1.
[2m2026-09-05T22:48:23.847937Z[0m [32m INFO[0m [2mspark_model::model::impl_a1[0m[2m:[0m TransformerModel: 64 layers, vocab=248077, hidden=5120
[2m2026-09-05T22:48:23.848690Z[0m [32m INFO[0m [2mspark_model::model::ssm_pool[0m[2m:[0m SSM state pool: 4 slots × 48 layers = 606 MB
[2m2026-09-05T22:48:23.869021Z[0m [32m INFO[0m [2mspark_model::model::ssm_snapshot[0m[2m:[0m SSM snapshot pool: Marconi 16 slots (2424 MB), decode-rollback 8 slots × 4 seqs (4848 MB), 48 layers
[2m2026-09-05T22:48:23.869042Z[0m [32m INFO[0m [2mspark_model::model::impl_a1[0m[2m:[0m Marconi intermediate checkpoints: every 256 blocks (4096 tokens at block_size=16)
[2m2026-09-05T22:48:23.872045Z[0m [33m WARN[0m [2mspark_model::model::impl_a1[0m[2m:[0m lm_head twin uses a PADDED stride (248192 != vocab 248077): this target's w4a16_gemm_t MUST accept the `ldb` argument, or decode at padded_n>=5 will read sheared rows. Disable with ATLAS_NO_LMHEAD_TGEMM=1.
[2m2026-09-05T22:48:23.872061Z[0m [32m INFO[0m [2mspark_model::model::impl_a1[0m[2m:[0m lm_head transposed twin: vocab=248077 -> padded stride=248192 (vocab%16=13), tile GEMM active
[2m2026-09-05T22:48:23.872066Z[0m [32m INFO[0m [2mspark_model::model::impl_a1_init[0m[2m:[0m MTP weights available (1 module(s)) but --speculative not set, skipping MTP head construction
[2m2026-09-05T22:48:23.874080Z[0m [32m INFO[0m [2mspark_model::model::impl_a1[0m[2m:[0m Pinned metadata staging: 996 KB
[2m2026-09-05T22:48:23.874812Z[0m [32m INFO[0m [2mspark_model::model::impl_a1_init[0m[2m:[0m GDN prefill buffers: 355 MB for 8196 tokens (chunked SSM prefill)
[2m2026-09-05T22:48:23.875661Z[0m [32m INFO[0m [2mspark_model::factory::build[0m[2m:[0m GPU allocation ledger: 76.85 GB live across 66 sites
[2m2026-09-05T22:48:23.875667Z[0m [32m INFO[0m [2mspark_model::factory::build[0m[2m:[0m     29436.7 MB  x1606  crates/spark-runtime/src/fast_weights/mod.rs:413
[2m2026-09-05T22:48:23.875670Z[0m [32m INFO[0m [2mspark_model::factory::build[0m[2m:[0m      9565.7 MB  x257   crates/spark-model/src/weight_map/loaders_fp8.rs:229
[2m2026-09-05T22:48:23.875673Z[0m [32m INFO[0m [2mspark_model::factory::build[0m[2m:[0m      9180.0 MB  x192   crates/spark-model/src/layers/dense_ffn.rs:653
[2m2026-09-05T22:48:23.875675Z[0m [32m INFO[0m [2mspark_model::factory::build[0m[2m:[0m      4608.0 MB  x48    crates/spark-model/src/model/ssm_snapshot.rs:180
[2m2026-09-05T22:48:23.875678Z[0m [32m INFO[0m [2mspark_model::factory::build[0m[2m:[0m      3840.0 MB  x48    crates/spark-model/src/weight_loader/qwen35_dense.rs:135
[2m2026-09-05T22:48:23.875680Z[0m [32m INFO[0m [2mspark_model::factory::build[0m[2m:[0m      2840.3 MB  x16    crates/spark-runtime/src/kv_cache/paged_impl.rs:27
[2m2026-09-05T22:48:23.875682Z[0m [32m INFO[0m [2mspark_model::factory::build[0m[2m:[0m      2840.3 MB  x16    crates/spark-runtime/src/kv_cache/paged_impl.rs:28
[2m2026-09-05T22:48:23.875689Z[0m [32m INFO[0m [2mspark_model::factory::build[0m[2m:[0m      2304.0 MB  x48    crates/spark-model/src/model/ssm_snapshot.rs:165
[2m2026-09-05T22:48:23.875691Z[0m [32m INFO[0m [2mspark_model::factory::build[0m[2m:[0m      1195.7 MB  x257   crates/spark-model/src/weight_map/loaders_fp8.rs:230
[2m2026-09-05T22:48:23.875694Z[0m [32m INFO[0m [2mspark_model::factory::build[0m[2m:[0m       800.0 MB  x64    crates/spark-model/src/weight_map/quantized.rs:261
[2m2026-09-05T22:48:23.875696Z[0m [32m INFO[0m [2mspark_model::factory::build[0m[2m:[0m       757.5 MB  x2     crates/spark-model/src/model/ssm_pool.rs:149
[2m2026-09-05T22:48:23.875698Z[0m [32m INFO[0m [2mspark_model::factory::build[0m[2m:[0m       710.0 MB  x7     crates/spark-model/src/weight_map/quant_helpers.rs:98
[2m2026-09-05T22:48:23.875700Z[0m [32m INFO[0m [2mspark_model::factory::build[0m[2m:[0m      5207.0 MB  across 54 smaller sites
[2m2026-09-05T22:48:23.875703Z[0m [32m INFO[0m [2mspark_model::factory::build[0m[2m:[0m   ── by file ──
[2m2026-09-05T22:48:23.875705Z[0m [32m INFO[0m [2mspark_model::factory::build[0m[2m:[0m     29436.7 MB  x1606  crates/spark-runtime/src/fast_weights/mod.rs
[2m2026-09-05T22:48:23.875707Z[0m [32m INFO[0m [2mspark_model::factory::build[0m[2m:[0m     10761.7 MB  x819   crates/spark-model/src/weight_map/loaders_fp8.rs
[2m2026-09-05T22:48:23.875710Z[0m [32m INFO[0m [2mspark_model::factory::build[0m[2m:[0m      9180.0 MB  x192   crates/spark-model/src/layers/dense_ffn.rs
[2m2026-09-05T22:48:23.875712Z[0m [32m INFO[0m [2mspark_model::factory::build[0m[2m:[0m      7272.2 MB  x193   crates/spark-model/src/model/ssm_snapshot.rs
[2m2026-09-05T22:48:23.875714Z[0m [32m INFO[0m [2mspark_model::factory::build[0m[2m:[0m      5680.6 MB  x32    crates/spark-runtime/src/kv_cache/paged_impl.rs
[2m2026-09-05T22:48:23.875717Z[0m [32m INFO[0m [2mspark_model::factory::build[0m[2m:[0m      3840.9 MB  x96    crates/spark-model/src/weight_loader/qwen35_dense.rs
[2m2026-09-05T22:48:23.875719Z[0m [32m INFO[0m [2mspark_model::factory::build[0m[2m:[0m      3663.7 MB  x34    crates/spark-runtime/src/buffers.rs
[2m2026-09-05T22:48:23.875721Z[0m [32m INFO[0m [2mspark_model::factory::build[0m[2m:[0m      1581.7 MB  x130   crates/spark-model/src/weight_map/quantized.rs
[2m2026-09-05T22:48:23.875723Z[0m [32m INFO[0m [2mspark_model::factory::build[0m[2m:[0m       757.5 MB  x2     crates/spark-model/src/model/ssm_pool.rs
[2m2026-09-05T22:48:23.875726Z[0m [32m INFO[0m [2mspark_model::factory::build[0m[2m:[0m       710.0 MB  x7     crates/spark-model/src/weight_map/quant_helpers.rs
[2m2026-09-05T22:48:23.875728Z[0m [32m INFO[0m [2mspark_model::factory::build[0m[2m:[0m       355.2 MB  x4     crates/spark-model/src/model/impl_a1_init.rs
[2m2026-09-05T22:48:23.875730Z[0m [32m INFO[0m [2mspark_model::factory::build[0m[2m:[0m        45.0 MB  x48    crates/spark-model/src/weight_map/fp8_lut.rs
[2m2026-09-05T22:48:23.875740Z[0m [33m WARN[0m [2mspark_model::factory::build[0m[2m:[0m util pledge exceeded: 71.6 GB tracked live vs 71.3 GB pledged (--gpu-memory-utilization 90% of 79.2 GB) — an allocation family above is missing from the preflight reserve
[2m2026-09-05T22:48:23.952208Z[0m [32m INFO[0m [2mspark::main_modules::serve_phases::kernel_gate[0m[2m:[0m 
┌─ Kernel load audit ─ 181 kernels embedded · set-hash 12cbdbdfc1a5 ─
│ MODULE (operation)                 PTX-HASH       RESOLUTION           SHADOWED
│ ────────────────────────────────────────────────────────────────────────────────────
│ argmax                             a3d8f119da7a   used                 N
│ bf16_add                           c545be6b71cf   -                    N
│ causal_conv1d                      7ab0b25e6e35   used                 N
│ dense_gemv_bf16_batch2             e1f4168736fb   used                 N
│ dense_gemv_bf16_batchm             81909bd83184   used                 N
│ dense_gemv_fp8w_batch2             a567517f18dc   used                 N
│ dequant_fp8_blockscaled_bf16       7ca785f6615b   used                 N
│ dequant_gguf_bf16                  3ea7d0fc8c6f   used                 N
│ dequant_nvfp4_bf16                 f19c898469a3   used                 N
│ dflash2                            505e703883e7   -                    N
│ e2m1                               ee092f6a0007   -                    N
│ embed_from_argmax                  33d7f5f7f9ec   used                 N
│ fp8_gemm_t_blockscaled             e38442d64e75   used                 N
│ fp8_gemv_rt                        3eaa87894534   -                    N
│ fused_k_norm_rope_cache            274a231d8067   used                 N
│ gated_delta_rule                   e468368f89d0   used                 N
│ gated_delta_rule_fla               b314a4eac529   used                 N
│ gated_delta_rule_persistent        7469c6de95ca   used                 N
│ gated_delta_rule_regresident       fc021d4f0478   used                 N
│ gated_delta_rule_snap              4986925d1f05   used                 N
│ gated_delta_rule_wy                1f709adb59e1   used                 N
│ gated_delta_rule_wy17              5710cd8277c5   used                 N
│ gated_delta_rule_wy2_resident      5ef790286dd4   used                 N
│ gated_delta_rule_wy2_resident_f16  6241545d5063   used                 N
│ gated_delta_rule_wy3               f9c827f61f90   used                 N
│ gated_delta_rule_wy3_f16           89fc19007532   used                 N
│ gated_delta_rule_wy3_resident      fca8d31d0845   used                 N
│ gated_delta_rule_wy3_resident_f16  b5e49523c387   used                 N
│ gated_delta_rule_wy4               564b543b338f   used                 N
│ gated_delta_rule_wy4_f16           89c1fed78a9f   used                 N
│ gated_delta_rule_wy64_prefill      d3decc3327aa   used                 N
│ gated_delta_rule_wy_f16            51c86719c030   used                 N
│ gated_delta_rule_wyn               cdc277e13c48   used                 N
│ gdn_verify_fused_conv_kn           66bd2cc1acf2   used                 N
│ gdn_verify_fused_conv_kn_f32       73446979a530   used                 N
│ gdn_verify_fused_k2                32f1b2749c62   used                 N
│ gemm                               0efe3af7944d   used                 N
│ gemm_splitk                        0c472718bd89   used                 N
│ gemm_tc                            c9cd4a74aa86   used                 N
│ gemv                               98694eec2dfa   used                 N
│ gemv_fp8w                          64caf0b46229   used                 N
│ inferspark_decode                  5135eced3f7f   -                    N
│ inferspark_prefill                 cf58fea48707   used                 N
│ inferspark_prefill_h128            b8e20d30cc9b   -                    N
│ inferspark_prefill_paged_512       f9c2777dc77d   -                    N
│ inferspark_prefill_paged_batched   e3e19bfa20a2   used                 N
│ inferspark_prefill_paged_fp8_batched dabea5428b89   used                 N
│ inferspark_prefill_paged_nvfp4_batched 9728f96cbb4d   used                 N
│ inferspark_prefill_v47             a75c748d0c9f   -                    N
│ kv_cache                           2b4e52b6d337   -                    N
│ lora_bgmv                          c92ad2a0e2bc   -                    N
│ mamba2_ssd_chunk                   39635a3f8333   -                    N
│ mamba2_ssm                         ab9f97ce499b   -                    N
│ metadata_fill                      1d5bf751196c   used                 N
│ moe                                c0c4cff565f5   -                    N
│ moe_bf16_grouped_gemm              07cb1657897f   -                    N
│ moe_decode_atomic_c4               0b21e7b32872   -                    N
│ moe_expert_gemv                    bc99a28c1fbe   -                    N
│ moe_expert_gemv_fused              fcb5c21d01e5   -                    N
│ moe_fp8_grouped_gemm               b7cc6e252b3e   -                    N
│ moe_fused_batch2                   5c35a6941de7   -                    N
│ moe_fused_batch3                   f63c53f276e3   -                    N
│ moe_gate_topk                      a8fd3c3b3db9   -                    N
│ moe_hash_route                     4c9092b0b5bd   -                    N
│ moe_lora_gather_bgmv               fe7e1af640f6   -                    N
│ moe_lora_grouped_down              197182c49d84   -                    N
│ moe_prefill                        97146a516b9b   -                    N
│ moe_relu2_fused                    a72403bf6dd7   -                    N
│ moe_shared_expert_fused            b68db854cf10   -                    N
│ moe_shared_expert_fused_batch2_t   b83c587dd066   -                    N
│ moe_shared_expert_fused_batch3_t   141b291be42d   -                    N
│ moe_shared_expert_fused_bf16       110548889e0f   -                    N
│ moe_shared_expert_fused_bf16_batch2 e562ae77741f   -                    N
│ moe_shared_expert_fused_fp8        9ee897f90bf4   -                    N
│ moe_shared_expert_fused_fp8_batch2 b4c0ae76cd35   -                    N
│ moe_shared_expert_fused_fp8_batch2_t 152d4f318a09   -                    N
│ moe_shared_expert_fused_fp8_batch3 fbba7016b029   -                    N
│ moe_shared_expert_fused_fp8_batch3_t 0387c0d01bd7   -                    N
│ moe_shared_expert_fused_fp8_t      8542d58d5a49   -                    N
│ moe_shared_expert_fused_t          90de732f2498   -                    N
│ moe_silu_mul                       944a461c9c33   used                 N
│ moe_sorted                         4e3692d4b59c   -                    N
│ moe_topk                           ceaf62b9ee78   -                    N
│ moe_topk_sig                       c9078eb548f0   -                    N
│ moe_topk_softmax_bias              9e33f60b21f0   -                    N
│ moe_topk_sqrt                      55316962d0f0   -                    N
│ moe_transpose_batched              548c1c368da1   -                    N
│ moe_w4a16                          cb75cb278ecc   -                    Y (1 dropped)
│ moe_w8a8_grouped_gemm              2ab8b585f13a   -                    N
│ nemotron_moe_prefill               7d611384a880   -                    N
│ nllb_encoder                       9c06ebec859c   -                    N
│ norm                               39583f167b56   used                 N
│ nvfp4_mmq                          b3ebea6627b4   used                 N
│ paged_decode                       f9cf37f937a3   used                 N
│ paged_decode_bf16k_turbo2v         ae57e28ccf0a   -                    N
│ paged_decode_bf16k_turbo2v_128     c72279607077   -                    N
│ paged_decode_bf16k_turbo3v         0a00279aedf6   -                    N
│ paged_decode_bf16k_turbo3v_128     cf4f70644d26   -                    N
│ paged_decode_bf16k_turbo4v         f10fe0d153c6   -                    N
│ paged_decode_bf16k_turbo4v_128     084f13d8a3bc   -                    N
│ paged_decode_fp8                   e5acd87bc335   used                 N
│ paged_decode_fp8k_turbo2v          73568425d01b   -                    N
│ paged_decode_fp8k_turbo2v_128      f95969bfa730   -                    N
│ paged_decode_fp8k_turbo3v          7875a2251caf   -                    N
│ paged_decode_fp8k_turbo3v_128      c27da47baf4a   -                    N
│ paged_decode_fp8k_turbo4v          be5202228465   -                    N
│ paged_decode_fp8k_turbo4v_128      16c05e5cad14   -                    N
│ paged_decode_nvfp4                 2075fb3fac85   -                    N
│ paged_decode_turbo2                f4e19492e218   -                    N
│ paged_decode_turbo2_128            81cdb2be29f6   -                    N
│ paged_decode_turbo3                31ad1778a26f   -                    N
│ paged_decode_turbo3_128            dc2ff01c04f1   -                    N
│ paged_decode_turbo3k_turbo8v       3e8243b1561a   -                    N
│ paged_decode_turbo3k_turbo8v_128   80b7daca9986   -                    N
│ paged_decode_turbo4                195bbebc87b0   -                    N
│ paged_decode_turbo4_128            121f53435ee4   -                    N
│ paged_decode_turbo4_512            e53a1bd3d8a8   -                    N
│ paged_decode_turbo4k_turbo3v       ddd70af4c1be   -                    N
│ paged_decode_turbo4k_turbo3v_128   4eac023391a7   -                    N
│ paged_decode_turbo4k_turbo8v       7e4af1d8d58f   -                    N
│ paged_decode_turbo4k_turbo8v_128   d6129769be1d   -                    N
│ paged_decode_turbo8                a3cebd74bed2   -                    N
│ paged_decode_turbo8_128            a7811959aad6   -                    N
│ paged_decode_turbo8_512            d85b7e70ef63   -                    N
│ per_token_group_quant_fp8          60432b374f77   used                 N
│ prefill_fp8kv                      1723bd8cece8   -                    N
│ prefill_paged                      16ac23f76bca   used                 N
│ prefill_paged_bf16k_turbo2v        5632304dc8ff   used                 N
│ prefill_paged_bf16k_turbo3v        10bba38b0548   used                 N
│ prefill_paged_bf16k_turbo4v        1677758ae47a   used                 N
│ prefill_paged_fp8                  c28e747ccf9f   used                 N
│ prefill_paged_fp8k_turbo2v         2df8caa3927b   used                 N
│ prefill_paged_fp8k_turbo3v         2d57552506fb   used                 N
│ prefill_paged_fp8k_turbo4v         c2166490c6d3   used                 N
│ prefill_paged_indirect             33ce2f69ec12   -                    N
│ prefill_paged_nvfp4                ce0d8d9a60d3   used                 N
│ prefill_paged_turbo2               a9a23e2b3d03   used                 N
│ prefill_paged_turbo3               ce0017962e68   used                 N
│ prefill_paged_turbo3k_turbo8v      1f1892971511   used                 N
│ prefill_paged_turbo4               7c58b7ce9229   used                 N
│ prefill_paged_turbo4k_turbo3v      12db335dcfdd   used                 N
│ prefill_paged_turbo4k_turbo8v      081397cc5fb8   used                 N
│ prefill_paged_turbo8               e45bf3407a1b   used                 N
│ q2_0_gemv                          d94e369bebea   -                    N
│ q2_0_gemv_vec                      461e4edb18bb   used                 N
│ q2_0_mmq                           ef4567863bc7   -                    N
│ q4k_mmq                            25c10c146dcb   used                 N
│ q4k_quantize                       6867acf16579   used                 N
│ quant_rowwise_fp8                  1e626b8a3a25   -                    N
│ quantize_bf16_to_fp8_blockscaled   68ebed9e2706   -                    N
│ quantize_nvfp4                     225759ad81f9   used                 N
│ relu2                              9ca7d0d89bcb   -                    N
│ reshape_and_cache                  1ff39b18cce3   used                 N
│ reshape_and_cache_turbo            5bd3666c2efb   -                    N
│ residual_add                       6f5cda944230   used                 N
│ rms_norm_vanilla                   afca074afa31   -                    N
│ rope                               0c9e11777609   used                 N
│ rope_mrope_interleaved             3ad05b8ad684   used                 N
│ ssm_h_dtype                        71fc4ec62b4a   used                 N
│ ssm_preprocess                     be3ce7f5576c   used                 N
│ ssm_state_norm                     d360f511d031   used                 N
│ token_overlay                      36b987f13fe3   used                 N
│ tq_plus_innerq_apply               f386b419370d   used                 N
│ transpose_u8                       231b85b903d6   used                 N
│ vector_add                         c5307a23277d   -                    N
│ vision_encoder                     5d5643ec9948   used                 N
│ w4a16                              dc01c5df5ddf   used                 Y (1 dropped)
│ w4a16_fp8_ldmab                    26f1c1f2dd4e   -                    N
│ w4a16_gemv                         2f285c75f86d   used                 N
│ w4a16_gemv_fused                   9e9778cd14d2   used                 N
│ w4a16_v2                           46f16f6526e7   -                    N
│ w4a4                               2134e3b65912   ** lookup FAILED **  N
│ w8a16_gemm                         e974f7e0d13f   used                 N
│ w8a16_gemm_pipelined               15f207518fa6   used                 N
│ w8a16_gemm_t                       60091e2746f7   used                 N
│ w8a16_gemm_t_m128                  7ff753cd8aa3   used                 N
│ w8a16_gemv                         55805d4299d9   used                 N
│ w8a16_gemv_batch4                  a5a48306d4d1   used                 N
│ w8a16_gemv_fused                   646930a34817   used                 N
│ wht_bf16                           4a07ee00eb6c   used                 N
│ widen_block_scale_f32              6db3bf165dfa   used                 N
└─

2 kernel(s) declared expected-absent in this target's MODEL.toml [expected_absent] (no action):
    w4a4::w4a4_gemm, w4a4::w4a4_gemm_mfast

[2m2026-09-05T22:48:23.953882Z[0m [32m INFO[0m [2mspark::main_modules::serve_phases::runtime[0m[2m:[0m EOS tokens (from generation_config.json): [248046, 248044]
[2m2026-09-05T22:48:23.953907Z[0m [32m INFO[0m [2mspark::main_modules::serve_phases::runtime[0m[2m:[0m Default sampling: temperature=1, top_k=20, top_p=0.95, top_n_sigma=1, min_p=0
[2m2026-09-05T22:48:24.260391Z[0m [32m INFO[0m [2mspark::tokenizer::jinja_helpers[0m[2m:[0m Loaded Jinja chat template from tokenizer_config.json (8964 chars)
[2m2026-09-05T22:48:24.261030Z[0m [32m INFO[0m [2mspark::tokenizer::chat_impl[0m[2m:[0m Loaded tokenizer from /workspace/atlas-rental/hf38/hub/models--Qwen--Qwen3.8-27B-FP8/snapshots/017b9c7af6b5689d5dd426a76e0bc077eb5ca20a/tokenizer.json
[2m2026-09-05T22:48:24.314789Z[0m [32m INFO[0m [2mspark::main_modules::serve_phases::tokenizer_runtime[0m[2m:[0m Reasoning parser: qwen (auto-detected from model_type 'qwen3_5')
[2m2026-09-05T22:48:24.314978Z[0m [32m INFO[0m [2mspark::main_modules::serve_phases::tokenizer_runtime[0m[2m:[0m Code-fence token: 71093 (``` — F2 fence guard active)
[2m2026-09-05T22:48:24.461771Z[0m [32m INFO[0m [2mspark::main_modules::serve_phases::tokenizer_runtime[0m[2m:[0m Numeric-token mask: 10/248077 ids classified as digit-runs (digit-normalized content-loop path active)
[2m2026-09-05T22:48:24.607321Z[0m [32m INFO[0m [2mspark::main_modules::serve_phases::tokenizer_runtime[0m[2m:[0m Boundary-token mask: 620/248077 ids end in a newline / sentence boundary (Phase-C rollback-to-boundary active)
[2m2026-09-05T22:48:24.757644Z[0m [32m INFO[0m [2mspark::main_modules::serve_phases::tokenizer_runtime[0m[2m:[0m Mid-word token mask: 241519/248077 ids end in alphanumeric (mid-word </think> defer active during thinking)
[2m2026-09-05T22:48:24.757659Z[0m [32m INFO[0m [2mspark::main_modules::serve_phases::tokenizer_runtime[0m[2m:[0m Thinking end token: 248069 (</think>)
[2m2026-09-05T22:48:24.757663Z[0m [32m INFO[0m [2mspark::main_modules::serve_phases::tokenizer_runtime[0m[2m:[0m Thinking start token: 248068 (<think>)
[2m2026-09-05T22:48:24.757676Z[0m [32m INFO[0m [2mspark::main_modules::serve_phases::tokenizer_runtime[0m[2m:[0m ChatML role-boundary hard stop: <|im_start|> (id 248045) registered
[2m2026-09-05T22:48:24.757684Z[0m [32m INFO[0m [2mspark::main_modules::serve_phases::tokenizer_runtime[0m[2m:[0m Tool-response hard stop: <tool_response> (id 248066) registered
[2m2026-09-05T22:48:24.757751Z[0m [32m INFO[0m [2mspark::main_modules::serve_phases::tokenizer_runtime[0m[2m:[0m Tool call start token: 248058 (<tool_call>)
[2m2026-09-05T22:48:24.757757Z[0m [32m INFO[0m [2mspark::main_modules::serve_phases::tokenizer_runtime[0m[2m:[0m Tool call end token: 248059 (</tool_call>)
[2m2026-09-05T22:48:25.048877Z[0m [32m INFO[0m [2mspark::grammar::engine[0m[2m:[0m Grammar: detected tokenizer vocab_type=byte_level, add_prefix_space=false
[2m2026-09-05T22:48:25.291225Z[0m [32m INFO[0m [2mspark::main_modules::serve_phases::tokenizer_runtime[0m[2m:[0m Grammar engine initialized (vocab_size=248077, vocab_type=auto-detected from tokenizer)
[2m2026-09-05T22:48:25.291481Z[0m [32m INFO[0m [2mspark::main_modules::serve_load[0m[2m:[0m Scheduling policy: SLAI (TBT deadline=100ms)
[2m2026-09-05T22:48:25.291649Z[0m [32m INFO[0m [2mspark::main_modules::serve_phases::runtime[0m[2m:[0m Tool call parser: qwen3_coder (auto-detected from model_type 'qwen3_5')
[2m2026-09-05T22:48:25.291657Z[0m [32m INFO[0m [2mspark::main_modules::serve_phases::runtime[0m[2m:[0m Tool call parser: 'qwen3_coder' has registered XGrammar grammar — constrained decoding ENABLED for tool requests
[2m2026-09-05T22:48:25.291663Z[0m [32m INFO[0m [2mspark::main_modules::serve_phases::runtime[0m[2m:[0m Response store: max_entries=10000, ttl=86400s, persist=memory-only
[2m2026-09-05T22:48:25.291676Z[0m [32m INFO[0m [2mspark::main_modules::serve_phases::runtime[0m[2m:[0m Model behavior: max_thinking_budget=2048, thinking_default=true
[2m2026-09-05T22:48:25.291679Z[0m [32m INFO[0m [2mspark::main_modules::serve_phases::runtime[0m[2m:[0m Model behavior: content-loop watchdog ENABLED (period-2…64 repetition detector)
[2m2026-09-05T22:48:25.291683Z[0m [32m INFO[0m [2mspark::main_modules::serve_phases::runtime[0m[2m:[0m Model behavior: watchdog rollback+re-steer ENABLED (cap 2 per sequence)
[2m2026-09-05T22:48:25.291686Z[0m [32m INFO[0m [2mspark::main_modules::serve_phases::runtime[0m[2m:[0m --disable-thinking set: thinking is forced OFF for every request
[2m2026-09-05T22:48:25.291889Z[0m [32m INFO[0m [2mspark::scheduler[0m[2m:[0m Scheduler started (batched mode, max_batch=4, mtp=false, ngram=false, num_drafts=0, policy=slai, chunked_prefill=true, max_prefill_tokens=8192)
[2m2026-09-05T22:48:25.292741Z[0m [32m INFO[0m [2mspark::scheduler[0m[2m:[0m Swap space: 3 GB at /tmp/atlas-swap-46700
[2m2026-09-05T22:48:25.294007Z[0m [33m WARN[0m [2mspark::main_modules::serve_router[0m[2m:[0m Atlas is listening on 0.0.0.0:8888 — reachable from any host on the network. If this machine is on a shared LAN or has a public IP, pass --bind 127.0.0.1 (or set --require-auth and a real firewall) before accepting traffic.
[2m2026-09-05T22:48:25.294152Z[0m [32m INFO[0m [2mspark::main_modules::serve_router[0m[2m:[0m Server live and ready at 127.0.0.1:8888 running Qwen/Qwen3.8-27B-FP8
[2m2026-09-05T22:48:26.240215Z[0m [32m INFO[0m [2mspark::api::chat::prepare[0m[2m:[0m Request: model=Qwen/Qwen3.8-27B-FP8, messages=1, tools=0, tools_active=false, tool_choice=None, stream=false, temp=Some(0.0), max_tokens=1, freq_pen=Some(0.0), rep_pen=None
[2m2026-09-05T22:48:26.240510Z[0m [32m INFO[0m [2mspark::tokenizer::chat_impl[0m[2m:[0m Jinja rendered (71 chars): "<|im_start|>user\nhi<|im_end|>\n<|im_start|>assistant\n<think>\n\n</think>\n\n"
[2m2026-09-05T22:48:26.240944Z[0m [32m INFO[0m [2mspark::api::chat[0m[2m:[0m Session 0xad17a500a5cd2703: 13 prompt tokens, tools=false (0 defined)
[2m2026-09-05T22:48:26.240994Z[0m [32m INFO[0m [2mspark::api::chat::sampling_setup[0m[2m:[0m sampling resolved (first request): temp=0.000 top_p=0.950 top_k=20 min_p=0.0000 top_n_sigma=1.0000 rep_pen=1.000 (core_preset=false)
[2m2026-09-05T22:48:26.241300Z[0m [32m INFO[0m [2mspark::scheduler::prefill_a_step[0m[2m:[0m Chunked prefill start: 13 prompt tokens, chunk_size=13, max_tokens=1
[2m2026-09-05T22:48:26.243584Z[0m [32m INFO[0m [2mspark_model::layers::qwen3_ssm::trait_prefill_recur[0m[2m:[0m GDN prefill: FLA chunked path ACTIVE (baked default: recompute_wu → chunk_delta_h_ksplit → chunk_fwd_o)
[2m2026-09-05T22:48:26.243726Z[0m [32m INFO[0m [2mspark_model::layers::dense_ffn[0m[2m:[0m [atlas] ATLAS_FFN_NVFP4_MMQ=1: dense-FFN gate/up prefill via vendored llama NVFP4 W4A4 MMQ (block-scale FP4 MMA, ~80 TFLOP/s vs t_m128 ~51)
/workspace/atlas-rental/src/atlas/kernels/hopper/qwen3.6-27b/nvfp4/q4k_vendor/quantize_impl.cuh:172: ERROR: CUDA kernel quantize_mmq_nvfp4_worker has no device code compatible with CUDA arch 900. ggml-cuda.cu was compiled for: 900
/workspace/atlas-rental/src/atlas/kernels/hopper/qwen3.6-27b/nvfp4/q4k_vendor/quantize_impl.cuh:172: ERROR: CUDA kernel quantize_mmq_nvfp4_worker has no device code compatible with CUDA arch 900. ggml-cuda.cu was compiled for: 900
/workspace/atlas-rental/src/atlas/kernels/hopper/qwen3.6-27b/nvfp4/q4k_vendor/quantize_impl.cuh:172: ERROR: CUDA kernel quantize_mmq_nvfp4_worker has no device code compatible with CUDA arch 900. ggml-cuda.cu was compiled for: 900
/workspace/atlas-rental/src/atlas/kernels/hopper/qwen3.6-27b/nvfp4/q4k_vendor/quantize_impl.cuh:172: ERROR: CUDA kernel quantize_mmq_nvfp4_worker has no device code compatible with CUDA arch 900. ggml-cuda.cu was compiled for: 900
/workspace/atlas-rental/src/atlas/kernels/hopper/qwen3.6-27b/nvfp4/q4k_vendor/quantize_impl.cuh:172: ERROR: CUDA kernel quantize_mmq_nvfp4_worker has no device code compatible with CUDA arch 900. ggml-cuda.cu was compiled for: 900
/workspace/atlas-rental/src/atlas/kernels/hopper/qwen3.6-27b/nvfp4/q4k_vendor/quantize_impl.cuh:172: ERROR: CUDA kernel quantize_mmq_nvfp4_worker has no device code compatible with CUDA arch 900. ggml-cuda.cu was compiled for: 900
/workspace/atlas-rental/src/atlas/kernels/hopper/qwen3.6-27b/nvfp4/q4k_vendor/quantize_impl.cuh:172: ERROR: CUDA kernel quantize_mmq_nvfp4_worker has no device code compatible with CUDA arch 900. ggml-cuda.cu was compiled for: 900
/workspace/atlas-rental/src/atlas/kernels/hopper/qwen3.6-27b/nvfp4/q4k_vendor/quantize_impl.cuh:172: ERROR: CUDA kernel quantize_mmq_nvfp4_worker has no device code compatible with CUDA arch 900. ggml-cuda.cu was compiled for: 900
/workspace/atlas-rental/src/atlas/kernels/hopper/qwen3.6-27b/nvfp4/q4k_vendor/quantize_impl.cuh:172: ERROR: CUDA kernel quantize_mmq_nvfp4_worker has no device code compatible with CUDA arch 900. ggml-cuda.cu was compiled for: 900
/workspace/atlas-rental/src/atlas/kernels/hopper/qwen3.6-27b/nvfp4/q4k_vendor/quantize_impl.cuh:172: ERROR: CUDA kernel quantize_mmq_nvfp4_worker has no device code compatible with CUDA arch 900. ggml-cuda.cu was compiled for: 900
/workspace/atlas-rental/src/atlas/kernels/hopper/qwen3.6-27b/nvfp4/q4k_vendor/quantize_impl.cuh:172: ERROR: CUDA kernel quantize_mmq_nvfp4_worker has no device code compatible with CUDA arch 900. ggml-cuda.cu was compiled for: 900
/workspace/atlas-rental/src/atlas/kernels/hopper/qwen3.6-27b/nvfp4/q4k_vendor/quantize_impl.cuh:172: ERROR: CUDA kernel quantize_mmq_nvfp4_worker has no device code compatible with CUDA arch 900. ggml-cuda.cu was compiled for: 900
/workspace/atlas-rental/src/atlas/kernels/hopper/qwen3.6-27b/nvfp4/q4k_vendor/quantize_impl.cuh:172: ERROR: CUDA kernel quantize_mmq_nvfp4_worker has no device code compatible with CUDA arch 900. ggml-cuda.cu was compiled for: 900
/workspace/atlas-rental/src/atlas/kernels/hopper/qwen3.6-27b/nvfp4/q4k_vendor/quantize_impl.cuh:172: ERROR: CUDA kernel quantize_mmq_nvfp4_worker has no device code compatible with CUDA arch 900. ggml-cuda.cu was compiled for: 900
/workspace/atlas-rental/src/atlas/kernels/hopper/qwen3.6-27b/nvfp4/q4k_vendor/quantize_impl.cuh:172: ERROR: CUDA kernel quantize_mmq_nvfp4_worker has no device code compatible with CUDA arch 900. ggml-cuda.cu was compiled for: 900
/workspace/atlas-rental/src/atlas/kernels/hopper/qwen3.6-27b/nvfp4/q4k_vendor/quantize_impl.cuh:172: ERROR: CUDA kernel quantize_mmq_nvfp4_worker has no device code compatible with CUDA arch 900. ggml-cuda.cu was compiled for: 900
/workspace/atlas-rental/src/atlas/kernels/hopper/qwen3.6-27b/nvfp4/q4k_vendor/quantize_impl.cuh:172: ERROR: CUDA kernel quantize_mmq_nvfp4_worker has no device code compatible with CUDA arch 900. ggml-cuda.cu was compiled for: 900
/workspace/atlas-rental/src/atlas/kernels/hopper/qwen3.6-27b/nvfp4/q4k_vendor/quantize_impl.cuh:172: ERROR: CUDA kernel quantize_mmq_nvfp4_worker has no device code compatible with CUDA arch 900. ggml-cuda.cu was compiled for: 900
/workspace/atlas-rental/src/atlas/kernels/hopper/qwen3.6-27b/nvfp4/q4k_vendor/quantize_impl.cuh:172: ERROR: CUDA kernel quantize_mmq_nvfp4_worker has no device code compatible with CUDA arch 900. ggml-cuda.cu was compiled for: 900
/workspace/atlas-rental/src/atlas/kernels/hopper/qwen3.6-27b/nvfp4/q4k_vendor/quantize_impl.cuh:172: ERROR: CUDA kernel quantize_mmq_nvfp4_worker has no device code compatible with CUDA arch 900. ggml-cuda.cu was compiled for: 900
/workspace/atlas-rental/src/atlas/kernels/hopper/qwen3.6-27b/nvfp4/q4k_vendor/quantize_impl.cuh:172: ERROR: CUDA kernel quantize_mmq_nvfp4_worker has no device code compatible with CUDA arch 900. ggml-cuda.cu was compiled for: 900
/workspace/atlas-rental/src/atlas/kernels/hopper/qwen3.6-27b/nvfp4/q4k_vendor/quantize_impl.cuh:172: ERROR: CUDA kernel quantize_mmq_nvfp4_worker has no device code compatible with CUDA arch 900. ggml-cuda.cu was compiled for: 900
/workspace/atlas-rental/src/atlas/kernels/hopper/qwen3.6-27b/nvfp4/q4k_vendor/quantize_impl.cuh:172: ERROR: CUDA kernel quantize_mmq_nvfp4_worker has no device code compatible with CUDA arch 900. ggml-cuda.cu was compiled for: 900
/workspace/atlas-rental/src/atlas/kernels/hopper/qwen3.6-27b/nvfp4/q4k_vendor/quantize_impl.cuh:172: ERROR: CUDA kernel quantize_mmq_nvfp4_worker has no device code compatible with CUDA arch 900. ggml-cuda.cu was compiled for: 900
/workspace/atlas-rental/src/atlas/kernels/hopper/qwen3.6-27b/nvfp4/q4k_vendor/quantize_impl.cuh:172: ERROR: CUDA kernel quantize_mmq_nvfp4_worker has no device code compatible with CUDA arch 900. ggml-cuda.cu was compiled for: 900
/workspace/atlas-rental/src/atlas/kernels/hopper/qwen3.6-27b/nvfp4/q4k_vendor/quantize_impl.cuh:172: ERROR: CUDA kernel quantize_mmq_nvfp4_worker has no device code compatible with CUDA arch 900. ggml-cuda.cu was compiled for: 900
/workspace/atlas-rental/src/atlas/kernels/hopper/qwen3.6-27b/nvfp4/q4k_vendor/quantize_impl.cuh:172: ERROR: CUDA kernel quantize_mmq_nvfp4_worker has no device code compatible with CUDA arch 900. ggml-cuda.cu was compiled for: 900
/workspace/atlas-rental/src/atlas/kernels/hopper/qwen3.6-27b/nvfp4/q4k_vendor/quantize_impl.cuh:172: ERROR: CUDA kernel quantize_mmq_nvfp4_worker has no device code compatible with CUDA arch 900. ggml-cuda.cu was compiled for: 900
/workspace/atlas-rental/src/atlas/kernels/hopper/qwen3.6-27b/nvfp4/q4k_vendor/quantize_impl.cuh:172: ERROR: CUDA kernel quantize_mmq_nvfp4_worker has no device code compatible with CUDA arch 900. ggml-cuda.cu was compiled for: 900
/workspace/atlas-rental/src/atlas/kernels/hopper/qwen3.6-27b/nvfp4/q4k_vendor/quantize_impl.cuh:172: ERROR: CUDA kernel quantize_mmq_nvfp4_worker has no device code compatible with CUDA arch 900. ggml-cuda.cu was compiled for: 900
/workspace/atlas-rental/src/atlas/kernels/hopper/qwen3.6-27b/nvfp4/q4k_vendor/quantize_impl.cuh:172: ERROR: CUDA kernel quantize_mmq_nvfp4_worker has no device code compatible with CUDA arch 900. ggml-cuda.cu was compiled for: 900
/workspace/atlas-rental/src/atlas/kernels/hopper/qwen3.6-27b/nvfp4/q4k_vendor/quantize_impl.cuh:172: ERROR: CUDA kernel quantize_mmq_nvfp4_worker has no device code compatible with CUDA arch 900. ggml-cuda.cu was compiled for: 900
/workspace/atlas-rental/src/atlas/kernels/hopper/qwen3.6-27b/nvfp4/q4k_vendor/quantize_impl.cuh:172: ERROR: CUDA kernel quantize_mmq_nvfp4_worker has no device code compatible with CUDA arch 900. ggml-cuda.cu was compiled for: 900
/workspace/atlas-rental/src/atlas/kernels/hopper/qwen3.6-27b/nvfp4/q4k_vendor/quantize_impl.cuh:172: ERROR: CUDA kernel quantize_mmq_nvfp4_worker has no device code compatible with CUDA arch 900. ggml-cuda.cu was compiled for: 900
/workspace/atlas-rental/src/atlas/kernels/hopper/qwen3.6-27b/nvfp4/q4k_vendor/quantize_impl.cuh:172: ERROR: CUDA kernel quantize_mmq_nvfp4_worker has no device code compatible with CUDA arch 900. ggml-cuda.cu was compiled for: 900
/workspace/atlas-rental/src/atlas/kernels/hopper/qwen3.6-27b/nvfp4/q4k_vendor/quantize_impl.cuh:172: ERROR: CUDA kernel quantize_mmq_nvfp4_worker has no device code compatible with CUDA arch 900. ggml-cuda.cu was compiled for: 900
/workspace/atlas-rental/src/atlas/kernels/hopper/qwen3.6-27b/nvfp4/q4k_vendor/quantize_impl.cuh:172: ERROR: CUDA kernel quantize_mmq_nvfp4_worker has no device code compatible with CUDA arch 900. ggml-cuda.cu was compiled for: 900
/workspace/atlas-rental/src/atlas/kernels/hopper/qwen3.6-27b/nvfp4/q4k_vendor/quantize_impl.cuh:172: ERROR: CUDA kernel quantize_mmq_nvfp4_worker has no device code compatible with CUDA arch 900. ggml-cuda.cu was compiled for: 900
/workspace/atlas-rental/src/atlas/kernels/hopper/qwen3.6-27b/nvfp4/q4k_vendor/quantize_impl.cuh:172: ERROR: CUDA kernel quantize_mmq_nvfp4_worker has no device code compatible with CUDA arch 900. ggml-cuda.cu was compiled for: 900
/workspace/atlas-rental/src/atlas/kernels/hopper/qwen3.6-27b/nvfp4/q4k_vendor/quantize_impl.cuh:172: ERROR: CUDA kernel quantize_mmq_nvfp4_worker has no device code compatible with CUDA arch 900. ggml-cuda.cu was compiled for: 900
/workspace/atlas-rental/src/atlas/kernels/hopper/qwen3.6-27b/nvfp4/q4k_vendor/quantize_impl.cuh:172: ERROR: CUDA kernel quantize_mmq_nvfp4_worker has no device code compatible with CUDA arch 900. ggml-cuda.cu was compiled for: 900
/workspace/atlas-rental/src/atlas/kernels/hopper/qwen3.6-27b/nvfp4/q4k_vendor/quantize_impl.cuh:172: ERROR: CUDA kernel quantize_mmq_nvfp4_worker has no device code compatible with CUDA arch 900. ggml-cuda.cu was compiled for: 900
/workspace/atlas-rental/src/atlas/kernels/hopper/qwen3.6-27b/nvfp4/q4k_vendor/quantize_impl.cuh:172: ERROR: CUDA kernel quantize_mmq_nvfp4_worker has no device code compatible with CUDA arch 900. ggml-cuda.cu was compiled for: 900
/workspace/atlas-rental/src/atlas/kernels/hopper/qwen3.6-27b/nvfp4/q4k_vendor/quantize_impl.cuh:172: ERROR: CUDA kernel quantize_mmq_nvfp4_worker has no device code compatible with CUDA arch 900. ggml-cuda.cu was compiled for: 900
/workspace/atlas-rental/src/atlas/kernels/hopper/qwen3.6-27b/nvfp4/q4k_vendor/quantize_impl.cuh:172: ERROR: CUDA kernel quantize_mmq_nvfp4_worker has no device code compatible with CUDA arch 900. ggml-cuda.cu was compiled for: 900
/workspace/atlas-rental/src/atlas/kernels/hopper/qwen3.6-27b/nvfp4/q4k_vendor/quantize_impl.cuh:172: ERROR: CUDA kernel quantize_mmq_nvfp4_worker has no device code compatible with CUDA arch 900. ggml-cuda.cu was compiled for: 900
/workspace/atlas-rental/src/atlas/kernels/hopper/qwen3.6-27b/nvfp4/q4k_vendor/quantize_impl.cuh:172: ERROR: CUDA kernel quantize_mmq_nvfp4_worker has no device code compatible with CUDA arch 900. ggml-cuda.cu was compiled for: 900
/workspace/atlas-rental/src/atlas/kernels/hopper/qwen3.6-27b/nvfp4/q4k_vendor/quantize_impl.cuh:172: ERROR: CUDA kernel quantize_mmq_nvfp4_worker has no device code compatible with CUDA arch 900. ggml-cuda.cu was compiled for: 900
/workspace/atlas-rental/src/atlas/kernels/hopper/qwen3.6-27b/nvfp4/q4k_vendor/quantize_impl.cuh:172: ERROR: CUDA kernel quantize_mmq_nvfp4_worker has no device code compatible with CUDA arch 900. ggml-cuda.cu was compiled for: 900
/workspace/atlas-rental/src/atlas/kernels/hopper/qwen3.6-27b/nvfp4/q4k_vendor/quantize_impl.cuh:172: ERROR: CUDA kernel quantize_mmq_nvfp4_worker has no device code compatible with CUDA arch 900. ggml-cuda.cu was compiled for: 900
/workspace/atlas-rental/src/atlas/kernels/hopper/qwen3.6-27b/nvfp4/q4k_vendor/quantize_impl.cuh:172: ERROR: CUDA kernel quantize_mmq_nvfp4_worker has no device code compatible with CUDA arch 900. ggml-cuda.cu was compiled for: 900
/workspace/atlas-rental/src/atlas/kernels/hopper/qwen3.6-27b/nvfp4/q4k_vendor/quantize_impl.cuh:172: ERROR: CUDA kernel quantize_mmq_nvfp4_worker has no device code compatible with CUDA arch 900. ggml-cuda.cu was compiled for: 900
/workspace/atlas-rental/src/atlas/kernels/hopper/qwen3.6-27b/nvfp4/q4k_vendor/quantize_impl.cuh:172: ERROR: CUDA kernel quantize_mmq_nvfp4_worker has no device code compatible with CUDA arch 900. ggml-cuda.cu was compiled for: 900
/workspace/atlas-rental/src/atlas/kernels/hopper/qwen3.6-27b/nvfp4/q4k_vendor/quantize_impl.cuh:172: ERROR: CUDA kernel quantize_mmq_nvfp4_worker has no device code compatible with CUDA arch 900. ggml-cuda.cu was compiled for: 900
/workspace/atlas-rental/src/atlas/kernels/hopper/qwen3.6-27b/nvfp4/q4k_vendor/quantize_impl.cuh:172: ERROR: CUDA kernel quantize_mmq_nvfp4_worker has no device code compatible with CUDA arch 900. ggml-cuda.cu was compiled for: 900
/workspace/atlas-rental/src/atlas/kernels/hopper/qwen3.6-27b/nvfp4/q4k_vendor/quantize_impl.cuh:172: ERROR: CUDA kernel quantize_mmq_nvfp4_worker has no device code compatible with CUDA arch 900. ggml-cuda.cu was compiled for: 900
/workspace/atlas-rental/src/atlas/kernels/hopper/qwen3.6-27b/nvfp4/q4k_vendor/quantize_impl.cuh:172: ERROR: CUDA kernel quantize_mmq_nvfp4_worker has no device code compatible with CUDA arch 900. ggml-cuda.cu was compiled for: 900
/workspace/atlas-rental/src/atlas/kernels/hopper/qwen3.6-27b/nvfp4/q4k_vendor/quantize_impl.cuh:172: ERROR: CUDA kernel quantize_mmq_nvfp4_worker has no device code compatible with CUDA arch 900. ggml-cuda.cu was compiled for: 900
/workspace/atlas-rental/src/atlas/kernels/hopper/qwen3.6-27b/nvfp4/q4k_vendor/quantize_impl.cuh:172: ERROR: CUDA kernel quantize_mmq_nvfp4_worker has no device code compatible with CUDA arch 900. ggml-cuda.cu was compiled for: 900
/workspace/atlas-rental/src/atlas/kernels/hopper/qwen3.6-27b/nvfp4/q4k_vendor/quantize_impl.cuh:172: ERROR: CUDA kernel quantize_mmq_nvfp4_worker has no device code compatible with CUDA arch 900. ggml-cuda.cu was compiled for: 900
/workspace/atlas-rental/src/atlas/kernels/hopper/qwen3.6-27b/nvfp4/q4k_vendor/quantize_impl.cuh:172: ERROR: CUDA kernel quantize_mmq_nvfp4_worker has no device code compatible with CUDA arch 900. ggml-cuda.cu was compiled for: 900
/workspace/atlas-rental/src/atlas/kernels/hopper/qwen3.6-27b/nvfp4/q4k_vendor/quantize_impl.cuh:172: ERROR: CUDA kernel quantize_mmq_nvfp4_worker has no device code compatible with CUDA arch 900. ggml-cuda.cu was compiled for: 900
/workspace/atlas-rental/src/atlas/kernels/hopper/qwen3.6-27b/nvfp4/q4k_vendor/quantize_impl.cuh:172: ERROR: CUDA kernel quantize_mmq_nvfp4_worker has no device code compatible with CUDA arch 900. ggml-cuda.cu was compiled for: 900
/workspace/atlas-rental/src/atlas/kernels/hopper/qwen3.6-27b/nvfp4/q4k_vendor/quantize_impl.cuh:172: ERROR: CUDA kernel quantize_mmq_nvfp4_worker has no device code compatible with CUDA arch 900. ggml-cuda.cu was compiled for: 900
/workspace/atlas-rental/src/atlas/kernels/hopper/qwen3.6-27b/nvfp4/q4k_vendor/quantize_impl.cuh:172: ERROR: CUDA kernel quantize_mmq_nvfp4_worker has no device code compatible with CUDA arch 900. ggml-cuda.cu was compiled for: 900
/workspace/atlas-rental/src/atlas/kernels/hopper/qwen3.6-27b/nvfp4/q4k_vendor/quantize_impl.cuh:172: ERROR: CUDA kernel quantize_mmq_nvfp4_worker has no device code compatible with CUDA arch 900. ggml-cuda.cu was compiled for: 900
/workspace/atlas-rental/src/atlas/kernels/hopper/qwen3.6-27b/nvfp4/q4k_vendor/quantize_impl.cuh:172: ERROR: CUDA kernel quantize_mmq_nvfp4_worker has no device code compatible with CUDA arch 900. ggml-cuda.cu was compiled for: 900
/workspace/atlas-rental/src/atlas/kernels/hopper/qwen3.6-27b/nvfp4/q4k_vendor/quantize_impl.cuh:172: ERROR: CUDA kernel quantize_mmq_nvfp4_worker has no device code compatible with CUDA arch 900. ggml-cuda.cu was compiled for: 900
/workspace/atlas-rental/src/atlas/kernels/hopper/qwen3.6-27b/nvfp4/q4k_vendor/quantize_impl.cuh:172: ERROR: CUDA kernel quantize_mmq_nvfp4_worker has no device code compatible with CUDA arch 900. ggml-cuda.cu was compiled for: 900
/workspace/atlas-rental/src/atlas/kernels/hopper/qwen3.6-27b/nvfp4/q4k_vendor/quantize_impl.cuh:172: ERROR: CUDA kernel quantize_mmq_nvfp4_worker has no device code compatible with CUDA arch 900. ggml-cuda.cu was compiled for: 900
/workspace/atlas-rental/src/atlas/kernels/hopper/qwen3.6-27b/nvfp4/q4k_vendor/quantize_impl.cuh:172: ERROR: CUDA kernel quantize_mmq_nvfp4_worker has no device code compatible with CUDA arch 900. ggml-cuda.cu was compiled for: 900
/workspace/atlas-rental/src/atlas/kernels/hopper/qwen3.6-27b/nvfp4/q4k_vendor/quantize_impl.cuh:172: ERROR: CUDA kernel quantize_mmq_nvfp4_worker has no device code compatible with CUDA arch 900. ggml-cuda.cu was compiled for: 900
/workspace/atlas-rental/src/atlas/kernels/hopper/qwen3.6-27b/nvfp4/q4k_vendor/quantize_impl.cuh:172: ERROR: CUDA kernel quantize_mmq_nvfp4_worker has no device code compatible with CUDA arch 900. ggml-cuda.cu was compiled for: 900
/workspace/atlas-rental/src/atlas/kernels/hopper/qwen3.6-27b/nvfp4/q4k_vendor/quantize_impl.cuh:172: ERROR: CUDA kernel quantize_mmq_nvfp4_worker has no device code compatible with CUDA arch 900. ggml-cuda.cu was compiled for: 900
/workspace/atlas-rental/src/atlas/kernels/hopper/qwen3.6-27b/nvfp4/q4k_vendor/quantize_impl.cuh:172: ERROR: CUDA kernel quantize_mmq_nvfp4_worker has no device code compatible with CUDA arch 900. ggml-cuda.cu was compiled for: 900
/workspace/atlas-rental/src/atlas/kernels/hopper/qwen3.6-27b/nvfp4/q4k_vendor/quantize_impl.cuh:172: ERROR: CUDA kernel quantize_mmq_nvfp4_worker has no device code compatible with CUDA arch 900. ggml-cuda.cu was compiled for: 900
/workspace/atlas-rental/src/atlas/kernels/hopper/qwen3.6-27b/nvfp4/q4k_vendor/quantize_impl.cuh:172: ERROR: CUDA kernel quantize_mmq_nvfp4_worker has no device code compatible with CUDA arch 900. ggml-cuda.cu was compiled for: 900
/workspace/atlas-rental/src/atlas/kernels/hopper/qwen3.6-27b/nvfp4/q4k_vendor/quantize_impl.cuh:172: ERROR: CUDA kernel quantize_mmq_nvfp4_worker has no device code compatible with CUDA arch 900. ggml-cuda.cu was compiled for: 900
/workspace/atlas-rental/src/atlas/kernels/hopper/qwen3.6-27b/nvfp4/q4k_vendor/quantize_impl.cuh:172: ERROR: CUDA kernel quantize_mmq_nvfp4_worker has no device code compatible with CUDA arch 900. ggml-cuda.cu was compiled for: 900
/workspace/atlas-rental/src/atlas/kernels/hopper/qwen3.6-27b/nvfp4/q4k_vendor/quantize_impl.cuh:172: ERROR: CUDA kernel quantize_mmq_nvfp4_worker has no device code compatible with CUDA arch 900. ggml-cuda.cu was compiled for: 900
/workspace/atlas-rental/src/atlas/kernels/hopper/qwen3.6-27b/nvfp4/q4k_vendor/quantize_impl.cuh:172: ERROR: CUDA kernel quantize_mmq_nvfp4_worker has no device code compatible with CUDA arch 900. ggml-cuda.cu was compiled for: 900
/workspace/atlas-rental/src/atlas/kernels/hopper/qwen3.6-27b/nvfp4/q4k_vendor/quantize_impl.cuh:172: ERROR: CUDA kernel quantize_mmq_nvfp4_worker has no device code compatible with CUDA arch 900. ggml-cuda.cu was compiled for: 900
/workspace/atlas-rental/src/atlas/kernels/hopper/qwen3.6-27b/nvfp4/q4k_vendor/quantize_impl.cuh:172: ERROR: CUDA kernel quantize_mmq_nvfp4_worker has no device code compatible with CUDA arch 900. ggml-cuda.cu was compiled for: 900
/workspace/atlas-rental/src/atlas/kernels/hopper/qwen3.6-27b/nvfp4/q4k_vendor/quantize_impl.cuh:172: ERROR: CUDA kernel quantize_mmq_nvfp4_worker has no device code compatible with CUDA arch 900. ggml-cuda.cu was compiled for: 900
/workspace/atlas-rental/src/atlas/kernels/hopper/qwen3.6-27b/nvfp4/q4k_vendor/quantize_impl.cuh:172: ERROR: CUDA kernel quantize_mmq_nvfp4_worker has no device code compatible with CUDA arch 900. ggml-cuda.cu was compiled for: 900
/workspace/atlas-rental/src/atlas/kernels/hopper/qwen3.6-27b/nvfp4/q4k_vendor/quantize_impl.cuh:172: ERROR: CUDA kernel quantize_mmq_nvfp4_worker has no device code compatible with CUDA arch 900. ggml-cuda.cu was compiled for: 900
/workspace/atlas-rental/src/atlas/kernels/hopper/qwen3.6-27b/nvfp4/q4k_vendor/quantize_impl.cuh:172: ERROR: CUDA kernel quantize_mmq_nvfp4_worker has no device code compatible with CUDA arch 900. ggml-cuda.cu was compiled for: 900
/workspace/atlas-rental/src/atlas/kernels/hopper/qwen3.6-27b/nvfp4/q4k_vendor/quantize_impl.cuh:172: ERROR: CUDA kernel quantize_mmq_nvfp4_worker has no device code compatible with CUDA arch 900. ggml-cuda.cu was compiled for: 900
/workspace/atlas-rental/src/atlas/kernels/hopper/qwen3.6-27b/nvfp4/q4k_vendor/quantize_impl.cuh:172: ERROR: CUDA kernel quantize_mmq_nvfp4_worker has no device code compatible with CUDA arch 900. ggml-cuda.cu was compiled for: 900
/workspace/atlas-rental/src/atlas/kernels/hopper/qwen3.6-27b/nvfp4/q4k_vendor/quantize_impl.cuh:172: ERROR: CUDA kernel quantize_mmq_nvfp4_worker has no device code compatible with CUDA arch 900. ggml-cuda.cu was compiled for: 900
/workspace/atlas-rental/src/atlas/kernels/hopper/qwen3.6-27b/nvfp4/q4k_vendor/quantize_impl.cuh:172: ERROR: CUDA kernel quantize_mmq_nvfp4_worker has no device code compatible with CUDA arch 900. ggml-cuda.cu was compiled for: 900
/workspace/atlas-rental/src/atlas/kernels/hopper/qwen3.6-27b/nvfp4/q4k_vendor/quantize_impl.cuh:172: ERROR: CUDA kernel quantize_mmq_nvfp4_worker has no device code compatible with CUDA arch 900. ggml-cuda.cu was compiled for: 900
/workspace/atlas-rental/src/atlas/kernels/hopper/qwen3.6-27b/nvfp4/q4k_vendor/quantize_impl.cuh:172: ERROR: CUDA kernel quantize_mmq_nvfp4_worker has no device code compatible with CUDA arch 900. ggml-cuda.cu was compiled for: 900
/workspace/atlas-rental/src/atlas/kernels/hopper/qwen3.6-27b/nvfp4/q4k_vendor/quantize_impl.cuh:172: ERROR: CUDA kernel quantize_mmq_nvfp4_worker has no device code compatible with CUDA arch 900. ggml-cuda.cu was compiled for: 900
/workspace/atlas-rental/src/atlas/kernels/hopper/qwen3.6-27b/nvfp4/q4k_vendor/quantize_impl.cuh:172: ERROR: CUDA kernel quantize_mmq_nvfp4_worker has no device code compatible with CUDA arch 900. ggml-cuda.cu was compiled for: 900
/workspace/atlas-rental/src/atlas/kernels/hopper/qwen3.6-27b/nvfp4/q4k_vendor/quantize_impl.cuh:172: ERROR: CUDA kernel quantize_mmq_nvfp4_worker has no device code compatible with CUDA arch 900. ggml-cuda.cu was compiled for: 900
/workspace/atlas-rental/src/atlas/kernels/hopper/qwen3.6-27b/nvfp4/q4k_vendor/quantize_impl.cuh:172: ERROR: CUDA kernel quantize_mmq_nvfp4_worker has no device code compatible with CUDA arch 900. ggml-cuda.cu was compiled for: 900
/workspace/atlas-rental/src/atlas/kernels/hopper/qwen3.6-27b/nvfp4/q4k_vendor/quantize_impl.cuh:172: ERROR: CUDA kernel quantize_mmq_nvfp4_worker has no device code compatible with CUDA arch 900. ggml-cuda.cu was compiled for: 900
/workspace/atlas-rental/src/atlas/kernels/hopper/qwen3.6-27b/nvfp4/q4k_vendor/quantize_impl.cuh:172: ERROR: CUDA kernel quantize_mmq_nvfp4_worker has no device code compatible with CUDA arch 900. ggml-cuda.cu was compiled for: 900
/workspace/atlas-rental/src/atlas/kernels/hopper/qwen3.6-27b/nvfp4/q4k_vendor/quantize_impl.cuh:172: ERROR: CUDA kernel quantize_mmq_nvfp4_worker has no device code compatible with CUDA arch 900. ggml-cuda.cu was compiled for: 900
/workspace/atlas-rental/src/atlas/kernels/hopper/qwen3.6-27b/nvfp4/q4k_vendor/quantize_impl.cuh:172: ERROR: CUDA kernel quantize_mmq_nvfp4_worker has no device code compatible with CUDA arch 900. ggml-cuda.cu was compiled for: 900
/workspace/atlas-rental/src/atlas/kernels/hopper/qwen3.6-27b/nvfp4/q4k_vendor/quantize_impl.cuh:172: ERROR: CUDA kernel quantize_mmq_nvfp4_worker has no device code compatible with CUDA arch 900. ggml-cuda.cu was compiled for: 900
/workspace/atlas-rental/src/atlas/kernels/hopper/qwen3.6-27b/nvfp4/q4k_vendor/quantize_impl.cuh:172: ERROR: CUDA kernel quantize_mmq_nvfp4_worker has no device code compatible with CUDA arch 900. ggml-cuda.cu was compiled for: 900
/workspace/atlas-rental/src/atlas/kernels/hopper/qwen3.6-27b/nvfp4/q4k_vendor/quantize_impl.cuh:172: ERROR: CUDA kernel quantize_mmq_nvfp4_worker has no device code compatible with CUDA arch 900. ggml-cuda.cu was compiled for: 900
/workspace/atlas-rental/src/atlas/kernels/hopper/qwen3.6-27b/nvfp4/q4k_vendor/quantize_impl.cuh:172: ERROR: CUDA kernel quantize_mmq_nvfp4_worker has no device code compatible with CUDA arch 900. ggml-cuda.cu was compiled for: 900
/workspace/atlas-rental/src/atlas/kernels/hopper/qwen3.6-27b/nvfp4/q4k_vendor/quantize_impl.cuh:172: ERROR: CUDA kernel quantize_mmq_nvfp4_worker has no device code compatible with CUDA arch 900. ggml-cuda.cu was compiled for: 900
/workspace/atlas-rental/src/atlas/kernels/hopper/qwen3.6-27b/nvfp4/q4k_vendor/quantize_impl.cuh:172: ERROR: CUDA kernel quantize_mmq_nvfp4_worker has no device code compatible with CUDA arch 900. ggml-cuda.cu was compiled for: 900
/workspace/atlas-rental/src/atlas/kernels/hopper/qwen3.6-27b/nvfp4/q4k_vendor/quantize_impl.cuh:172: ERROR: CUDA kernel quantize_mmq_nvfp4_worker has no device code compatible with CUDA arch 900. ggml-cuda.cu was compiled for: 900
/workspace/atlas-rental/src/atlas/kernels/hopper/qwen3.6-27b/nvfp4/q4k_vendor/quantize_impl.cuh:172: ERROR: CUDA kernel quantize_mmq_nvfp4_worker has no device code compatible with CUDA arch 900. ggml-cuda.cu was compiled for: 900
/workspace/atlas-rental/src/atlas/kernels/hopper/qwen3.6-27b/nvfp4/q4k_vendor/quantize_impl.cuh:172: ERROR: CUDA kernel quantize_mmq_nvfp4_worker has no device code compatible with CUDA arch 900. ggml-cuda.cu was compiled for: 900
/workspace/atlas-rental/src/atlas/kernels/hopper/qwen3.6-27b/nvfp4/q4k_vendor/quantize_impl.cuh:172: ERROR: CUDA kernel quantize_mmq_nvfp4_worker has no device code compatible with CUDA arch 900. ggml-cuda.cu was compiled for: 900
/workspace/atlas-rental/src/atlas/kernels/hopper/qwen3.6-27b/nvfp4/q4k_vendor/quantize_impl.cuh:172: ERROR: CUDA kernel quantize_mmq_nvfp4_worker has no device code compatible with CUDA arch 900. ggml-cuda.cu was compiled for: 900
/workspace/atlas-rental/src/atlas/kernels/hopper/qwen3.6-27b/nvfp4/q4k_vendor/quantize_impl.cuh:172: ERROR: CUDA kernel quantize_mmq_nvfp4_worker has no device code compatible with CUDA arch 900. ggml-cuda.cu was compiled for: 900
/workspace/atlas-rental/src/atlas/kernels/hopper/qwen3.6-27b/nvfp4/q4k_vendor/quantize_impl.cuh:172: ERROR: CUDA kernel quantize_mmq_nvfp4_worker has no device code compatible with CUDA arch 900. ggml-cuda.cu was compiled for: 900
/workspace/atlas-rental/src/atlas/kernels/hopper/qwen3.6-27b/nvfp4/q4k_vendor/quantize_impl.cuh:172: ERROR: CUDA kernel quantize_mmq_nvfp4_worker has no device code compatible with CUDA arch 900. ggml-cuda.cu was compiled for: 900
/workspace/atlas-rental/src/atlas/kernels/hopper/qwen3.6-27b/nvfp4/q4k_vendor/quantize_impl.cuh:172: ERROR: CUDA kernel quantize_mmq_nvfp4_worker has no device code compatible with CUDA arch 900. ggml-cuda.cu was compiled for: 900
/workspace/atlas-rental/src/atlas/kernels/hopper/qwen3.6-27b/nvfp4/q4k_vendor/quantize_impl.cuh:172: ERROR: CUDA kernel quantize_mmq_nvfp4_worker has no device code compatible with CUDA arch 900. ggml-cuda.cu was compiled for: 900
/workspace/atlas-rental/src/atlas/kernels/hopper/qwen3.6-27b/nvfp4/q4k_vendor/quantize_impl.cuh:172: ERROR: CUDA kernel quantize_mmq_nvfp4_worker has no device code compatible with CUDA arch 900. ggml-cuda.cu was compiled for: 900
/workspace/atlas-rental/src/atlas/kernels/hopper/qwen3.6-27b/nvfp4/q4k_vendor/quantize_impl.cuh:172: ERROR: CUDA kernel quantize_mmq_nvfp4_worker has no device code compatible with CUDA arch 900. ggml-cuda.cu was compiled for: 900
/workspace/atlas-rental/src/atlas/kernels/hopper/qwen3.6-27b/nvfp4/q4k_vendor/quantize_impl.cuh:172: ERROR: CUDA kernel quantize_mmq_nvfp4_worker has no device code compatible with CUDA arch 900. ggml-cuda.cu was compiled for: 900
/workspace/atlas-rental/src/atlas/kernels/hopper/qwen3.6-27b/nvfp4/q4k_vendor/quantize_impl.cuh:172: ERROR: CUDA kernel quantize_mmq_nvfp4_worker has no device code compatible with CUDA arch 900. ggml-cuda.cu was compiled for: 900
/workspace/atlas-rental/src/atlas/kernels/hopper/qwen3.6-27b/nvfp4/q4k_vendor/quantize_impl.cuh:172: ERROR: CUDA kernel quantize_mmq_nvfp4_worker has no device code compatible with CUDA arch 900. ggml-cuda.cu was compiled for: 900
/workspace/atlas-rental/src/atlas/kernels/hopper/qwen3.6-27b/nvfp4/q4k_vendor/quantize_impl.cuh:172: ERROR: CUDA kernel quantize_mmq_nvfp4_worker has no device code compatible with CUDA arch 900. ggml-cuda.cu was compiled for: 900
/workspace/atlas-rental/src/atlas/kernels/hopper/qwen3.6-27b/nvfp4/q4k_vendor/quantize_impl.cuh:172: ERROR: CUDA kernel quantize_mmq_nvfp4_worker has no device code compatible with CUDA arch 900. ggml-cuda.cu was compiled for: 900
/workspace/atlas-rental/src/atlas/kernels/hopper/qwen3.6-27b/nvfp4/q4k_vendor/quantize_impl.cuh:172: ERROR: CUDA kernel quantize_mmq_nvfp4_worker has no device code compatible with CUDA arch 900. ggml-cuda.cu was compiled for: 900
/workspace/atlas-rental/src/atlas/kernels/hopper/qwen3.6-27b/nvfp4/q4k_vendor/quantize_impl.cuh:172: ERROR: CUDA kernel quantize_mmq_nvfp4_worker has no device code compatible with CUDA arch 900. ggml-cuda.cu was compiled for: 900
/workspace/atlas-rental/src/atlas/kernels/hopper/qwen3.6-27b/nvfp4/q4k_vendor/quantize_impl.cuh:172: ERROR: CUDA kernel quantize_mmq_nvfp4_worker has no device code compatible with CUDA arch 900. ggml-cuda.cu was compiled for: 900
/workspace/atlas-rental/src/atlas/kernels/hopper/qwen3.6-27b/nvfp4/q4k_vendor/quantize_impl.cuh:172: ERROR: CUDA kernel quantize_mmq_nvfp4_worker has no device code compatible with CUDA arch 900. ggml-cuda.cu was compiled for: 900
/workspace/atlas-rental/src/atlas/kernels/hopper/qwen3.6-27b/nvfp4/q4k_vendor/quantize_impl.cuh:172: ERROR: CUDA kernel quantize_mmq_nvfp4_worker has no device code compatible with CUDA arch 900. ggml-cuda.cu was compiled for: 900
/workspace/atlas-rental/src/atlas/kernels/hopper/qwen3.6-27b/nvfp4/q4k_vendor/quantize_impl.cuh:172: ERROR: CUDA kernel quantize_mmq_nvfp4_worker has no device code compatible with CUDA arch 900. ggml-cuda.cu was compiled for: 900
/workspace/atlas-rental/src/atlas/kernels/hopper/qwen3.6-27b/nvfp4/q4k_vendor/quantize_impl.cuh:172: ERROR: CUDA kernel quantize_mmq_nvfp4_worker has no device code compatible with CUDA arch 900. ggml-cuda.cu was compiled for: 900
/workspace/atlas-rental/src/atlas/kernels/hopper/qwen3.6-27b/nvfp4/q4k_vendor/quantize_impl.cuh:172: ERROR: CUDA kernel quantize_mmq_nvfp4_worker has no device code compatible with CUDA arch 900. ggml-cuda.cu was compiled for: 900
/workspace/atlas-rental/src/atlas/kernels/hopper/qwen3.6-27b/nvfp4/q4k_vendor/quantize_impl.cuh:172: ERROR: CUDA kernel quantize_mmq_nvfp4_worker has no device code compatible with CUDA arch 900. ggml-cuda.cu was compiled for: 900
/workspace/atlas-rental/src/atlas/kernels/hopper/qwen3.6-27b/nvfp4/q4k_vendor/quantize_impl.cuh:172: ERROR: CUDA kernel quantize_mmq_nvfp4_worker has no device code compatible with CUDA arch 900. ggml-cuda.cu was compiled for: 900
/workspace/atlas-rental/src/atlas/kernels/hopper/qwen3.6-27b/nvfp4/q4k_vendor/quantize_impl.cuh:172: ERROR: CUDA kernel quantize_mmq_nvfp4_worker has no device code compatible with CUDA arch 900. ggml-cuda.cu was compiled for: 900
/workspace/atlas-rental/src/atlas/kernels/hopper/qwen3.6-27b/nvfp4/q4k_vendor/quantize_impl.cuh:172: ERROR: CUDA kernel quantize_mmq_nvfp4_worker has no device code compatible with CUDA arch 900. ggml-cuda.cu was compiled for: 900
/workspace/atlas-rental/src/atlas/kernels/hopper/qwen3.6-27b/nvfp4/q4k_vendor/quantize_impl.cuh:172: ERROR: CUDA kernel quantize_mmq_nvfp4_worker has no device code compatible with CUDA arch 900. ggml-cuda.cu was compiled for: 900
/workspace/atlas-rental/src/atlas/kernels/hopper/qwen3.6-27b/nvfp4/q4k_vendor/quantize_impl.cuh:172: ERROR: CUDA kernel quantize_mmq_nvfp4_worker has no device code compatible with CUDA arch 900. ggml-cuda.cu was compiled for: 900
/workspace/atlas-rental/src/atlas/kernels/hopper/qwen3.6-27b/nvfp4/q4k_vendor/quantize_impl.cuh:172: ERROR: CUDA kernel quantize_mmq_nvfp4_worker has no device code compatible with CUDA arch 900. ggml-cuda.cu was compiled for: 900
/workspace/atlas-rental/src/atlas/kernels/hopper/qwen3.6-27b/nvfp4/q4k_vendor/quantize_impl.cuh:172: ERROR: CUDA kernel quantize_mmq_nvfp4_worker has no device code compatible with CUDA arch 900. ggml-cuda.cu was compiled for: 900
/workspace/atlas-rental/src/atlas/kernels/hopper/qwen3.6-27b/nvfp4/q4k_vendor/quantize_impl.cuh:172: ERROR: CUDA kernel quantize_mmq_nvfp4_worker has no device code compatible with CUDA arch 900. ggml-cuda.cu was compiled for: 900
/workspace/atlas-rental/src/atlas/kernels/hopper/qwen3.6-27b/nvfp4/q4k_vendor/quantize_impl.cuh:172: ERROR: CUDA kernel quantize_mmq_nvfp4_worker has no device code compatible with CUDA arch 900. ggml-cuda.cu was compiled for: 900
/workspace/atlas-rental/src/atlas/kernels/hopper/qwen3.6-27b/nvfp4/q4k_vendor/quantize_impl.cuh:172: ERROR: CUDA kernel quantize_mmq_nvfp4_worker has no device code compatible with CUDA arch 900. ggml-cuda.cu was compiled for: 900
/workspace/atlas-rental/src/atlas/kernels/hopper/qwen3.6-27b/nvfp4/q4k_vendor/quantize_impl.cuh:172: ERROR: CUDA kernel quantize_mmq_nvfp4_worker has no device code compatible with CUDA arch 900. ggml-cuda.cu was compiled for: 900
/workspace/atlas-rental/src/atlas/kernels/hopper/qwen3.6-27b/nvfp4/q4k_vendor/quantize_impl.cuh:172: ERROR: CUDA kernel quantize_mmq_nvfp4_worker has no device code compatible with CUDA arch 900. ggml-cuda.cu was compiled for: 900
/workspace/atlas-rental/src/atlas/kernels/hopper/qwen3.6-27b/nvfp4/q4k_vendor/quantize_impl.cuh:172: ERROR: CUDA kernel quantize_mmq_nvfp4_worker has no device code compatible with CUDA arch 900. ggml-cuda.cu was compiled for: 900
/workspace/atlas-rental/src/atlas/kernels/hopper/qwen3.6-27b/nvfp4/q4k_vendor/quantize_impl.cuh:172: ERROR: CUDA kernel quantize_mmq_nvfp4_worker has no device code compatible with CUDA arch 900. ggml-cuda.cu was compiled for: 900
/workspace/atlas-rental/src/atlas/kernels/hopper/qwen3.6-27b/nvfp4/q4k_vendor/quantize_impl.cuh:172: ERROR: CUDA kernel quantize_mmq_nvfp4_worker has no device code compatible with CUDA arch 900. ggml-cuda.cu was compiled for: 900
/workspace/atlas-rental/src/atlas/kernels/hopper/qwen3.6-27b/nvfp4/q4k_vendor/quantize_impl.cuh:172: ERROR: CUDA kernel quantize_mmq_nvfp4_worker has no device code compatible with CUDA arch 900. ggml-cuda.cu was compiled for: 900
/workspace/atlas-rental/src/atlas/kernels/hopper/qwen3.6-27b/nvfp4/q4k_vendor/quantize_impl.cuh:172: ERROR: CUDA kernel quantize_mmq_nvfp4_worker has no device code compatible with CUDA arch 900. ggml-cuda.cu was compiled for: 900
/workspace/atlas-rental/src/atlas/kernels/hopper/qwen3.6-27b/nvfp4/q4k_vendor/quantize_impl.cuh:172: ERROR: CUDA kernel quantize_mmq_nvfp4_worker has no device code compatible with CUDA arch 900. ggml-cuda.cu was compiled for: 900
/workspace/atlas-rental/src/atlas/kernels/hopper/qwen3.6-27b/nvfp4/q4k_vendor/quantize_impl.cuh:172: ERROR: CUDA kernel quantize_mmq_nvfp4_worker has no device code compatible with CUDA arch 900. ggml-cuda.cu was compiled for: 900
/workspace/atlas-rental/src/atlas/kernels/hopper/qwen3.6-27b/nvfp4/q4k_vendor/quantize_impl.cuh:172: ERROR: CUDA kernel quantize_mmq_nvfp4_worker has no device code compatible with CUDA arch 900. ggml-cuda.cu was compiled for: 900
/workspace/atlas-rental/src/atlas/kernels/hopper/qwen3.6-27b/nvfp4/q4k_vendor/quantize_impl.cuh:172: ERROR: CUDA kernel quantize_mmq_nvfp4_worker has no device code compatible with CUDA arch 900. ggml-cuda.cu was compiled for: 900
/workspace/atlas-rental/src/atlas/kernels/hopper/qwen3.6-27b/nvfp4/q4k_vendor/quantize_impl.cuh:172: ERROR: CUDA kernel quantize_mmq_nvfp4_worker has no device code compatible with CUDA arch 900. ggml-cuda.cu was compiled for: 900
/workspace/atlas-rental/src/atlas/kernels/hopper/qwen3.6-27b/nvfp4/q4k_vendor/quantize_impl.cuh:172: ERROR: CUDA kernel quantize_mmq_nvfp4_worker has no device code compatible with CUDA arch 900. ggml-cuda.cu was compiled for: 900
/workspace/atlas-rental/src/atlas/kernels/hopper/qwen3.6-27b/nvfp4/q4k_vendor/quantize_impl.cuh:172: ERROR: CUDA kernel quantize_mmq_nvfp4_worker has no device code compatible with CUDA arch 900. ggml-cuda.cu was compiled for: 900
/workspace/atlas-rental/src/atlas/kernels/hopper/qwen3.6-27b/nvfp4/q4k_vendor/quantize_impl.cuh:172: ERROR: CUDA kernel quantize_mmq_nvfp4_worker has no device code compatible with CUDA arch 900. ggml-cuda.cu was compiled for: 900
/workspace/atlas-rental/src/atlas/kernels/hopper/qwen3.6-27b/nvfp4/q4k_vendor/quantize_impl.cuh:172: ERROR: CUDA kernel quantize_mmq_nvfp4_worker has no device code compatible with CUDA arch 900. ggml-cuda.cu was compiled for: 900
/workspace/atlas-rental/src/atlas/kernels/hopper/qwen3.6-27b/nvfp4/q4k_vendor/quantize_impl.cuh:172: ERROR: CUDA kernel quantize_mmq_nvfp4_worker has no device code compatible with CUDA arch 900. ggml-cuda.cu was compiled for: 900
/workspace/atlas-rental/src/atlas/kernels/hopper/qwen3.6-27b/nvfp4/q4k_vendor/quantize_impl.cuh:172: ERROR: CUDA kernel quantize_mmq_nvfp4_worker has no device code compatible with CUDA arch 900. ggml-cuda.cu was compiled for: 900
/workspace/atlas-rental/src/atlas/kernels/hopper/qwen3.6-27b/nvfp4/q4k_vendor/quantize_impl.cuh:172: ERROR: CUDA kernel quantize_mmq_nvfp4_worker has no device code compatible with CUDA arch 900. ggml-cuda.cu was compiled for: 900
/workspace/atlas-rental/src/atlas/kernels/hopper/qwen3.6-27b/nvfp4/q4k_vendor/quantize_impl.cuh:172: ERROR: CUDA kernel quantize_mmq_nvfp4_worker has no device code compatible with CUDA arch 900. ggml-cuda.cu was compiled for: 900
/workspace/atlas-rental/src/atlas/kernels/hopper/qwen3.6-27b/nvfp4/q4k_vendor/quantize_impl.cuh:172: ERROR: CUDA kernel quantize_mmq_nvfp4_worker has no device code compatible with CUDA arch 900. ggml-cuda.cu was compiled for: 900
/workspace/atlas-rental/src/atlas/kernels/hopper/qwen3.6-27b/nvfp4/q4k_vendor/quantize_impl.cuh:172: ERROR: CUDA kernel quantize_mmq_nvfp4_worker has no device code compatible with CUDA arch 900. ggml-cuda.cu was compiled for: 900
/workspace/atlas-rental/src/atlas/kernels/hopper/qwen3.6-27b/nvfp4/q4k_vendor/quantize_impl.cuh:172: ERROR: CUDA kernel quantize_mmq_nvfp4_worker has no device code compatible with CUDA arch 900. ggml-cuda.cu was compiled for: 900
/workspace/atlas-rental/src/atlas/kernels/hopper/qwen3.6-27b/nvfp4/q4k_vendor/quantize_impl.cuh:172: ERROR: CUDA kernel quantize_mmq_nvfp4_worker has no device code compatible with CUDA arch 900. ggml-cuda.cu was compiled for: 900
/workspace/atlas-rental/src/atlas/kernels/hopper/qwen3.6-27b/nvfp4/q4k_vendor/quantize_impl.cuh:172: ERROR: CUDA kernel quantize_mmq_nvfp4_worker has no device code compatible with CUDA arch 900. ggml-cuda.cu was compiled for: 900
/workspace/atlas-rental/src/atlas/kernels/hopper/qwen3.6-27b/nvfp4/q4k_vendor/quantize_impl.cuh:172: ERROR: CUDA kernel quantize_mmq_nvfp4_worker has no device code compatible with CUDA arch 900. ggml-cuda.cu was compiled for: 900
/workspace/atlas-rental/src/atlas/kernels/hopper/qwen3.6-27b/nvfp4/q4k_vendor/quantize_impl.cuh:172: ERROR: CUDA kernel quantize_mmq_nvfp4_worker has no device code compatible with CUDA arch 900. ggml-cuda.cu was compiled for: 900
/workspace/atlas-rental/src/atlas/kernels/hopper/qwen3.6-27b/nvfp4/q4k_vendor/quantize_impl.cuh:172: ERROR: CUDA kernel quantize_mmq_nvfp4_worker has no device code compatible with CUDA arch 900. ggml-cuda.cu was compiled for: 900
/workspace/atlas-rental/src/atlas/kernels/hopper/qwen3.6-27b/nvfp4/q4k_vendor/quantize_impl.cuh:172: ERROR: CUDA kernel quantize_mmq_nvfp4_worker has no device code compatible with CUDA arch 900. ggml-cuda.cu was compiled for: 900
/workspace/atlas-rental/src/atlas/kernels/hopper/qwen3.6-27b/nvfp4/q4k_vendor/quantize_impl.cuh:172: ERROR: CUDA kernel quantize_mmq_nvfp4_worker has no device code compatible with CUDA arch 900. ggml-cuda.cu was compiled for: 900
/workspace/atlas-rental/src/atlas/kernels/hopper/qwen3.6-27b/nvfp4/q4k_vendor/quantize_impl.cuh:172: ERROR: CUDA kernel quantize_mmq_nvfp4_worker has no device code compatible with CUDA arch 900. ggml-cuda.cu was compiled for: 900
/workspace/atlas-rental/src/atlas/kernels/hopper/qwen3.6-27b/nvfp4/q4k_vendor/quantize_impl.cuh:172: ERROR: CUDA kernel quantize_mmq_nvfp4_worker has no device code compatible with CUDA arch 900. ggml-cuda.cu was compiled for: 900
/workspace/atlas-rental/src/atlas/kernels/hopper/qwen3.6-27b/nvfp4/q4k_vendor/quantize_impl.cuh:172: ERROR: CUDA kernel quantize_mmq_nvfp4_worker has no device code compatible with CUDA arch 900. ggml-cuda.cu was compiled for: 900
/workspace/atlas-rental/src/atlas/kernels/hopper/qwen3.6-27b/nvfp4/q4k_vendor/quantize_impl.cuh:172: ERROR: CUDA kernel quantize_mmq_nvfp4_worker has no device code compatible with CUDA arch 900. ggml-cuda.cu was compiled for: 900
/workspace/atlas-rental/src/atlas/kernels/hopper/qwen3.6-27b/nvfp4/q4k_vendor/quantize_impl.cuh:172: ERROR: CUDA kernel quantize_mmq_nvfp4_worker has no device code compatible with CUDA arch 900. ggml-cuda.cu was compiled for: 900
/workspace/atlas-rental/src/atlas/kernels/hopper/qwen3.6-27b/nvfp4/q4k_vendor/quantize_impl.cuh:172: ERROR: CUDA kernel quantize_mmq_nvfp4_worker has no device code compatible with CUDA arch 900. ggml-cuda.cu was compiled for: 900
/workspace/atlas-rental/src/atlas/kernels/hopper/qwen3.6-27b/nvfp4/q4k_vendor/quantize_impl.cuh:172: ERROR: CUDA kernel quantize_mmq_nvfp4_worker has no device code compatible with CUDA arch 900. ggml-cuda.cu was compiled for: 900
/workspace/atlas-rental/src/atlas/kernels/hopper/qwen3.6-27b/nvfp4/q4k_vendor/quantize_impl.cuh:172: ERROR: CUDA kernel quantize_mmq_nvfp4_worker has no device code compatible with CUDA arch 900. ggml-cuda.cu was compiled for: 900
/workspace/atlas-rental/src/atlas/kernels/hopper/qwen3.6-27b/nvfp4/q4k_vendor/quantize_impl.cuh:172: ERROR: CUDA kernel quantize_mmq_nvfp4_worker has no device code compatible with CUDA arch 900. ggml-cuda.cu was compiled for: 900
/workspace/atlas-rental/src/atlas/kernels/hopper/qwen3.6-27b/nvfp4/q4k_vendor/quantize_impl.cuh:172: ERROR: CUDA kernel quantize_mmq_nvfp4_worker has no device code compatible with CUDA arch 900. ggml-cuda.cu was compiled for: 900
/workspace/atlas-rental/src/atlas/kernels/hopper/qwen3.6-27b/nvfp4/q4k_vendor/quantize_impl.cuh:172: ERROR: CUDA kernel quantize_mmq_nvfp4_worker has no device code compatible with CUDA arch 900. ggml-cuda.cu was compiled for: 900
/workspace/atlas-rental/src/atlas/kernels/hopper/qwen3.6-27b/nvfp4/q4k_vendor/quantize_impl.cuh:172: ERROR: CUDA kernel quantize_mmq_nvfp4_worker has no device code compatible with CUDA arch 900. ggml-cuda.cu was compiled for: 900
/workspace/atlas-rental/src/atlas/kernels/hopper/qwen3.6-27b/nvfp4/q4k_vendor/quantize_impl.cuh:172: ERROR: CUDA kernel quantize_mmq_nvfp4_worker has no device code compatible with CUDA arch 900. ggml-cuda.cu was compiled for: 900
/workspace/atlas-rental/src/atlas/kernels/hopper/qwen3.6-27b/nvfp4/q4k_vendor/quantize_impl.cuh:172: ERROR: CUDA kernel quantize_mmq_nvfp4_worker has no device code compatible with CUDA arch 900. ggml-cuda.cu was compiled for: 900
/workspace/atlas-rental/src/atlas/kernels/hopper/qwen3.6-27b/nvfp4/q4k_vendor/quantize_impl.cuh:172: ERROR: CUDA kernel quantize_mmq_nvfp4_worker has no device code compatible with CUDA arch 900. ggml-cuda.cu was compiled for: 900
/workspace/atlas-rental/src/atlas/kernels/hopper/qwen3.6-27b/nvfp4/q4k_vendor/quantize_impl.cuh:172: ERROR: CUDA kernel quantize_mmq_nvfp4_worker has no device code compatible with CUDA arch 900. ggml-cuda.cu was compiled for: 900
/workspace/atlas-rental/src/atlas/kernels/hopper/qwen3.6-27b/nvfp4/q4k_vendor/quantize_impl.cuh:172: ERROR: CUDA kernel quantize_mmq_nvfp4_worker has no device code compatible with CUDA arch 900. ggml-cuda.cu was compiled for: 900
/workspace/atlas-rental/src/atlas/kernels/hopper/qwen3.6-27b/nvfp4/q4k_vendor/quantize_impl.cuh:172: ERROR: CUDA kernel quantize_mmq_nvfp4_worker has no device code compatible with CUDA arch 900. ggml-cuda.cu was compiled for: 900
/workspace/atlas-rental/src/atlas/kernels/hopper/qwen3.6-27b/nvfp4/q4k_vendor/quantize_impl.cuh:172: ERROR: CUDA kernel quantize_mmq_nvfp4_worker has no device code compatible with CUDA arch 900. ggml-cuda.cu was compiled for: 900
/workspace/atlas-rental/src/atlas/kernels/hopper/qwen3.6-27b/nvfp4/q4k_vendor/quantize_impl.cuh:172: ERROR: CUDA kernel quantize_mmq_nvfp4_worker has no device code compatible with CUDA arch 900. ggml-cuda.cu was compiled for: 900
/workspace/atlas-rental/src/atlas/kernels/hopper/qwen3.6-27b/nvfp4/q4k_vendor/quantize_impl.cuh:172: ERROR: CUDA kernel quantize_mmq_nvfp4_worker has no device code compatible with CUDA arch 900. ggml-cuda.cu was compiled for: 900
/workspace/atlas-rental/src/atlas/kernels/hopper/qwen3.6-27b/nvfp4/q4k_vendor/quantize_impl.cuh:172: ERROR: CUDA kernel quantize_mmq_nvfp4_worker has no device code compatible with CUDA arch 900. ggml-cuda.cu was compiled for: 900
/workspace/atlas-rental/src/atlas/kernels/hopper/qwen3.6-27b/nvfp4/q4k_vendor/quantize_impl.cuh:172: ERROR: CUDA kernel quantize_mmq_nvfp4_worker has no device code compatible with CUDA arch 900. ggml-cuda.cu was compiled for: 900
/workspace/atlas-rental/src/atlas/kernels/hopper/qwen3.6-27b/nvfp4/q4k_vendor/quantize_impl.cuh:172: ERROR: CUDA kernel quantize_mmq_nvfp4_worker has no device code compatible with CUDA arch 900. ggml-cuda.cu was compiled for: 900
/workspace/atlas-rental/src/atlas/kernels/hopper/qwen3.6-27b/nvfp4/q4k_vendor/quantize_impl.cuh:172: ERROR: CUDA kernel quantize_mmq_nvfp4_worker has no device code compatible with CUDA arch 900. ggml-cuda.cu was compiled for: 900
/workspace/atlas-rental/src/atlas/kernels/hopper/qwen3.6-27b/nvfp4/q4k_vendor/quantize_impl.cuh:172: ERROR: CUDA kernel quantize_mmq_nvfp4_worker has no device code compatible with CUDA arch 900. ggml-cuda.cu was compiled for: 900
/workspace/atlas-rental/src/atlas/kernels/hopper/qwen3.6-27b/nvfp4/q4k_vendor/quantize_impl.cuh:172: ERROR: CUDA kernel quantize_mmq_nvfp4_worker has no device code compatible with CUDA arch 900. ggml-cuda.cu was compiled for: 900
/workspace/atlas-rental/src/atlas/kernels/hopper/qwen3.6-27b/nvfp4/q4k_vendor/quantize_impl.cuh:172: ERROR: CUDA kernel quantize_mmq_nvfp4_worker has no device code compatible with CUDA arch 900. ggml-cuda.cu was compiled for: 900
/workspace/atlas-rental/src/atlas/kernels/hopper/qwen3.6-27b/nvfp4/q4k_vendor/quantize_impl.cuh:172: ERROR: CUDA kernel quantize_mmq_nvfp4_worker has no device code compatible with CUDA arch 900. ggml-cuda.cu was compiled for: 900
/workspace/atlas-rental/src/atlas/kernels/hopper/qwen3.6-27b/nvfp4/q4k_vendor/quantize_impl.cuh:172: ERROR: CUDA kernel quantize_mmq_nvfp4_worker has no device code compatible with CUDA arch 900. ggml-cuda.cu was compiled for: 900
/workspace/atlas-rental/src/atlas/kernels/hopper/qwen3.6-27b/nvfp4/q4k_vendor/quantize_impl.cuh:172: ERROR: CUDA kernel quantize_mmq_nvfp4_worker has no device code compatible with CUDA arch 900. ggml-cuda.cu was compiled for: 900
/workspace/atlas-rental/src/atlas/kernels/hopper/qwen3.6-27b/nvfp4/q4k_vendor/quantize_impl.cuh:172: ERROR: CUDA kernel quantize_mmq_nvfp4_worker has no device code compatible with CUDA arch 900. ggml-cuda.cu was compiled for: 900
/workspace/atlas-rental/src/atlas/kernels/hopper/qwen3.6-27b/nvfp4/q4k_vendor/quantize_impl.cuh:172: ERROR: CUDA kernel quantize_mmq_nvfp4_worker has no device code compatible with CUDA arch 900. ggml-cuda.cu was compiled for: 900
/workspace/atlas-rental/src/atlas/kernels/hopper/qwen3.6-27b/nvfp4/q4k_vendor/quantize_impl.cuh:172: ERROR: CUDA kernel quantize_mmq_nvfp4_worker has no device code compatible with CUDA arch 900. ggml-cuda.cu was compiled for: 900
/workspace/atlas-rental/src/atlas/kernels/hopper/qwen3.6-27b/nvfp4/q4k_vendor/quantize_impl.cuh:172: ERROR: CUDA kernel quantize_mmq_nvfp4_worker has no device code compatible with CUDA arch 900. ggml-cuda.cu was compiled for: 900
/workspace/atlas-rental/src/atlas/kernels/hopper/qwen3.6-27b/nvfp4/q4k_vendor/quantize_impl.cuh:172: ERROR: CUDA kernel quantize_mmq_nvfp4_worker has no device code compatible with CUDA arch 900. ggml-cuda.cu was compiled for: 900
/workspace/atlas-rental/src/atlas/kernels/hopper/qwen3.6-27b/nvfp4/q4k_vendor/quantize_impl.cuh:172: ERROR: CUDA kernel quantize_mmq_nvfp4_worker has no device code compatible with CUDA arch 900. ggml-cuda.cu was compiled for: 900
/workspace/atlas-rental/src/atlas/kernels/hopper/qwen3.6-27b/nvfp4/q4k_vendor/quantize_impl.cuh:172: ERROR: CUDA kernel quantize_mmq_nvfp4_worker has no device code compatible with CUDA arch 900. ggml-cuda.cu was compiled for: 900
/workspace/atlas-rental/src/atlas/kernels/hopper/qwen3.6-27b/nvfp4/q4k_vendor/quantize_impl.cuh:172: ERROR: CUDA kernel quantize_mmq_nvfp4_worker has no device code compatible with CUDA arch 900. ggml-cuda.cu was compiled for: 900
/workspace/atlas-rental/src/atlas/kernels/hopper/qwen3.6-27b/nvfp4/q4k_vendor/quantize_impl.cuh:172: ERROR: CUDA kernel quantize_mmq_nvfp4_worker has no device code compatible with CUDA arch 900. ggml-cuda.cu was compiled for: 900
/workspace/atlas-rental/src/atlas/kernels/hopper/qwen3.6-27b/nvfp4/q4k_vendor/quantize_impl.cuh:172: ERROR: CUDA kernel quantize_mmq_nvfp4_worker has no device code compatible with CUDA arch 900. ggml-cuda.cu was compiled for: 900
/workspace/atlas-rental/src/atlas/kernels/hopper/qwen3.6-27b/nvfp4/q4k_vendor/quantize_impl.cuh:172: ERROR: CUDA kernel quantize_mmq_nvfp4_worker has no device code compatible with CUDA arch 900. ggml-cuda.cu was compiled for: 900
/workspace/atlas-rental/src/atlas/kernels/hopper/qwen3.6-27b/nvfp4/q4k_vendor/quantize_impl.cuh:172: ERROR: CUDA kernel quantize_mmq_nvfp4_worker has no device code compatible with CUDA arch 900. ggml-cuda.cu was compiled for: 900
/workspace/atlas-rental/src/atlas/kernels/hopper/qwen3.6-27b/nvfp4/q4k_vendor/quantize_impl.cuh:172: ERROR: CUDA kernel quantize_mmq_nvfp4_worker has no device code compatible with CUDA arch 900. ggml-cuda.cu was compiled for: 900
/workspace/atlas-rental/src/atlas/kernels/hopper/qwen3.6-27b/nvfp4/q4k_vendor/quantize_impl.cuh:172: ERROR: CUDA kernel quantize_mmq_nvfp4_worker has no device code compatible with CUDA arch 900. ggml-cuda.cu was compiled for: 900
/workspace/atlas-rental/src/atlas/kernels/hopper/qwen3.6-27b/nvfp4/q4k_vendor/quantize_impl.cuh:172: ERROR: CUDA kernel quantize_mmq_nvfp4_worker has no device code compatible with CUDA arch 900. ggml-cuda.cu was compiled for: 900
/workspace/atlas-rental/src/atlas/kernels/hopper/qwen3.6-27b/nvfp4/q4k_vendor/quantize_impl.cuh:172: ERROR: CUDA kernel quantize_mmq_nvfp4_worker has no device code compatible with CUDA arch 900. ggml-cuda.cu was compiled for: 900
/workspace/atlas-rental/src/atlas/kernels/hopper/qwen3.6-27b/nvfp4/q4k_vendor/quantize_impl.cuh:172: ERROR: CUDA kernel quantize_mmq_nvfp4_worker has no device code compatible with CUDA arch 900. ggml-cuda.cu was compiled for: 900
/workspace/atlas-rental/src/atlas/kernels/hopper/qwen3.6-27b/nvfp4/q4k_vendor/quantize_impl.cuh:172: ERROR: CUDA kernel quantize_mmq_nvfp4_worker has no device code compatible with CUDA arch 900. ggml-cuda.cu was compiled for: 900
/workspace/atlas-rental/src/atlas/kernels/hopper/qwen3.6-27b/nvfp4/q4k_vendor/quantize_impl.cuh:172: ERROR: CUDA kernel quantize_mmq_nvfp4_worker has no device code compatible with CUDA arch 900. ggml-cuda.cu was compiled for: 900
/workspace/atlas-rental/src/atlas/kernels/hopper/qwen3.6-27b/nvfp4/q4k_vendor/quantize_impl.cuh:172: ERROR: CUDA kernel quantize_mmq_nvfp4_worker has no device code compatible with CUDA arch 900. ggml-cuda.cu was compiled for: 900
/workspace/atlas-rental/src/atlas/kernels/hopper/qwen3.6-27b/nvfp4/q4k_vendor/quantize_impl.cuh:172: ERROR: CUDA kernel quantize_mmq_nvfp4_worker has no device code compatible with CUDA arch 900. ggml-cuda.cu was compiled for: 900
/workspace/atlas-rental/src/atlas/kernels/hopper/qwen3.6-27b/nvfp4/q4k_vendor/quantize_impl.cuh:172: ERROR: CUDA kernel quantize_mmq_nvfp4_worker has no device code compatible with CUDA arch 900. ggml-cuda.cu was compiled for: 900
/workspace/atlas-rental/src/atlas/kernels/hopper/qwen3.6-27b/nvfp4/q4k_vendor/quantize_impl.cuh:172: ERROR: CUDA kernel quantize_mmq_nvfp4_worker has no device code compatible with CUDA arch 900. ggml-cuda.cu was compiled for: 900
/workspace/atlas-rental/src/atlas/kernels/hopper/qwen3.6-27b/nvfp4/q4k_vendor/quantize_impl.cuh:172: ERROR: CUDA kernel quantize_mmq_nvfp4_worker has no device code compatible with CUDA arch 900. ggml-cuda.cu was compiled for: 900
/workspace/atlas-rental/src/atlas/kernels/hopper/qwen3.6-27b/nvfp4/q4k_vendor/quantize_impl.cuh:172: ERROR: CUDA kernel quantize_mmq_nvfp4_worker has no device code compatible with CUDA arch 900. ggml-cuda.cu was compiled for: 900
/workspace/atlas-rental/src/atlas/kernels/hopper/qwen3.6-27b/nvfp4/q4k_vendor/quantize_impl.cuh:172: ERROR: CUDA kernel quantize_mmq_nvfp4_worker has no device code compatible with CUDA arch 900. ggml-cuda.cu was compiled for: 900
/workspace/atlas-rental/src/atlas/kernels/hopper/qwen3.6-27b/nvfp4/q4k_vendor/quantize_impl.cuh:172: ERROR: CUDA kernel quantize_mmq_nvfp4_worker has no device code compatible with CUDA arch 900. ggml-cuda.cu was compiled for: 900
/workspace/atlas-rental/src/atlas/kernels/hopper/qwen3.6-27b/nvfp4/q4k_vendor/quantize_impl.cuh:172: ERROR: CUDA kernel quantize_mmq_nvfp4_worker has no device code compatible with CUDA arch 900. ggml-cuda.cu was compiled for: 900
/workspace/atlas-rental/src/atlas/kernels/hopper/qwen3.6-27b/nvfp4/q4k_vendor/quantize_impl.cuh:172: ERROR: CUDA kernel quantize_mmq_nvfp4_worker has no device code compatible with CUDA arch 900. ggml-cuda.cu was compiled for: 900
/workspace/atlas-rental/src/atlas/kernels/hopper/qwen3.6-27b/nvfp4/q4k_vendor/quantize_impl.cuh:172: ERROR: CUDA kernel quantize_mmq_nvfp4_worker has no device code compatible with CUDA arch 900. ggml-cuda.cu was compiled for: 900
/workspace/atlas-rental/src/atlas/kernels/hopper/qwen3.6-27b/nvfp4/q4k_vendor/quantize_impl.cuh:172: ERROR: CUDA kernel quantize_mmq_nvfp4_worker has no device code compatible with CUDA arch 900. ggml-cuda.cu was compiled for: 900
/workspace/atlas-rental/src/atlas/kernels/hopper/qwen3.6-27b/nvfp4/q4k_vendor/quantize_impl.cuh:172: ERROR: CUDA kernel quantize_mmq_nvfp4_worker has no device code compatible with CUDA arch 900. ggml-cuda.cu was compiled for: 900
/workspace/atlas-rental/src/atlas/kernels/hopper/qwen3.6-27b/nvfp4/q4k_vendor/quantize_impl.cuh:172: ERROR: CUDA kernel quantize_mmq_nvfp4_worker has no device code compatible with CUDA arch 900. ggml-cuda.cu was compiled for: 900
/workspace/atlas-rental/src/atlas/kernels/hopper/qwen3.6-27b/nvfp4/q4k_vendor/quantize_impl.cuh:172: ERROR: CUDA kernel quantize_mmq_nvfp4_worker has no device code compatible with CUDA arch 900. ggml-cuda.cu was compiled for: 900
/workspace/atlas-rental/src/atlas/kernels/hopper/qwen3.6-27b/nvfp4/q4k_vendor/quantize_impl.cuh:172: ERROR: CUDA kernel quantize_mmq_nvfp4_worker has no device code compatible with CUDA arch 900. ggml-cuda.cu was compiled for: 900
/workspace/atlas-rental/src/atlas/kernels/hopper/qwen3.6-27b/nvfp4/q4k_vendor/quantize_impl.cuh:172: ERROR: CUDA kernel quantize_mmq_nvfp4_worker has no device code compatible with CUDA arch 900. ggml-cuda.cu was compiled for: 900
/workspace/atlas-rental/src/atlas/kernels/hopper/qwen3.6-27b/nvfp4/q4k_vendor/quantize_impl.cuh:172: ERROR: CUDA kernel quantize_mmq_nvfp4_worker has no device code compatible with CUDA arch 900. ggml-cuda.cu was compiled for: 900
/workspace/atlas-rental/src/atlas/kernels/hopper/qwen3.6-27b/nvfp4/q4k_vendor/quantize_impl.cuh:172: ERROR: CUDA kernel quantize_mmq_nvfp4_worker has no device code compatible with CUDA arch 900. ggml-cuda.cu was compiled for: 900
/workspace/atlas-rental/src/atlas/kernels/hopper/qwen3.6-27b/nvfp4/q4k_vendor/quantize_impl.cuh:172: ERROR: CUDA kernel quantize_mmq_nvfp4_worker has no device code compatible with CUDA arch 900. ggml-cuda.cu was compiled for: 900
/workspace/atlas-rental/src/atlas/kernels/hopper/qwen3.6-27b/nvfp4/q4k_vendor/quantize_impl.cuh:172: ERROR: CUDA kernel quantize_mmq_nvfp4_worker has no device code compatible with CUDA arch 900. ggml-cuda.cu was compiled for: 900
/workspace/atlas-rental/src/atlas/kernels/hopper/qwen3.6-27b/nvfp4/q4k_vendor/quantize_impl.cuh:172: ERROR: CUDA kernel quantize_mmq_nvfp4_worker has no device code compatible with CUDA arch 900. ggml-cuda.cu was compiled for: 900
/workspace/atlas-rental/src/atlas/kernels/hopper/qwen3.6-27b/nvfp4/q4k_vendor/quantize_impl.cuh:172: ERROR: CUDA kernel quantize_mmq_nvfp4_worker has no device code compatible with CUDA arch 900. ggml-cuda.cu was compiled for: 900
/workspace/atlas-rental/src/atlas/kernels/hopper/qwen3.6-27b/nvfp4/q4k_vendor/quantize_impl.cuh:172: ERROR: CUDA kernel quantize_mmq_nvfp4_worker has no device code compatible with CUDA arch 900. ggml-cuda.cu was compiled for: 900
/workspace/atlas-rental/src/atlas/kernels/hopper/qwen3.6-27b/nvfp4/q4k_vendor/quantize_impl.cuh:172: ERROR: CUDA kernel quantize_mmq_nvfp4_worker has no device code compatible with CUDA arch 900. ggml-cuda.cu was compiled for: 900
/workspace/atlas-rental/src/atlas/kernels/hopper/qwen3.6-27b/nvfp4/q4k_vendor/quantize_impl.cuh:172: ERROR: CUDA kernel quantize_mmq_nvfp4_worker has no device code compatible with CUDA arch 900. ggml-cuda.cu was compiled for: 900
/workspace/atlas-rental/src/atlas/kernels/hopper/qwen3.6-27b/nvfp4/q4k_vendor/quantize_impl.cuh:172: ERROR: CUDA kernel quantize_mmq_nvfp4_worker has no device code compatible with CUDA arch 900. ggml-cuda.cu was compiled for: 900
/workspace/atlas-rental/src/atlas/kernels/hopper/qwen3.6-27b/nvfp4/q4k_vendor/quantize_impl.cuh:172: ERROR: CUDA kernel quantize_mmq_nvfp4_worker has no device code compatible with CUDA arch 900. ggml-cuda.cu was compiled for: 900
/workspace/atlas-rental/src/atlas/kernels/hopper/qwen3.6-27b/nvfp4/q4k_vendor/quantize_impl.cuh:172: ERROR: CUDA kernel quantize_mmq_nvfp4_worker has no device code compatible with CUDA arch 900. ggml-cuda.cu was compiled for: 900
/workspace/atlas-rental/src/atlas/kernels/hopper/qwen3.6-27b/nvfp4/q4k_vendor/quantize_impl.cuh:172: ERROR: CUDA kernel quantize_mmq_nvfp4_worker has no device code compatible with CUDA arch 900. ggml-cuda.cu was compiled for: 900
/workspace/atlas-rental/src/atlas/kernels/hopper/qwen3.6-27b/nvfp4/q4k_vendor/quantize_impl.cuh:172: ERROR: CUDA kernel quantize_mmq_nvfp4_worker has no device code compatible with CUDA arch 900. ggml-cuda.cu was compiled for: 900
/workspace/atlas-rental/src/atlas/kernels/hopper/qwen3.6-27b/nvfp4/q4k_vendor/quantize_impl.cuh:172: ERROR: CUDA kernel quantize_mmq_nvfp4_worker has no device code compatible with CUDA arch 900. ggml-cuda.cu was compiled for: 900
/workspace/atlas-rental/src/atlas/kernels/hopper/qwen3.6-27b/nvfp4/q4k_vendor/quantize_impl.cuh:172: ERROR: CUDA kernel quantize_mmq_nvfp4_worker has no device code compatible with CUDA arch 900. ggml-cuda.cu was compiled for: 900
/workspace/atlas-rental/src/atlas/kernels/hopper/qwen3.6-27b/nvfp4/q4k_vendor/quantize_impl.cuh:172: ERROR: CUDA kernel quantize_mmq_nvfp4_worker has no device code compatible with CUDA arch 900. ggml-cuda.cu was compiled for: 900
/workspace/atlas-rental/src/atlas/kernels/hopper/qwen3.6-27b/nvfp4/q4k_vendor/quantize_impl.cuh:172: ERROR: CUDA kernel quantize_mmq_nvfp4_worker has no device code compatible with CUDA arch 900. ggml-cuda.cu was compiled for: 900
/workspace/atlas-rental/src/atlas/kernels/hopper/qwen3.6-27b/nvfp4/q4k_vendor/quantize_impl.cuh:172: ERROR: CUDA kernel quantize_mmq_nvfp4_worker has no device code compatible with CUDA arch 900. ggml-cuda.cu was compiled for: 900
/workspace/atlas-rental/src/atlas/kernels/hopper/qwen3.6-27b/nvfp4/q4k_vendor/quantize_impl.cuh:172: ERROR: CUDA kernel quantize_mmq_nvfp4_worker has no device code compatible with CUDA arch 900. ggml-cuda.cu was compiled for: 900
/workspace/atlas-rental/src/atlas/kernels/hopper/qwen3.6-27b/nvfp4/q4k_vendor/quantize_impl.cuh:172: ERROR: CUDA kernel quantize_mmq_nvfp4_worker has no device code compatible with CUDA arch 900. ggml-cuda.cu was compiled for: 900
/workspace/atlas-rental/src/atlas/kernels/hopper/qwen3.6-27b/nvfp4/q4k_vendor/quantize_impl.cuh:172: ERROR: CUDA kernel quantize_mmq_nvfp4_worker has no device code compatible with CUDA arch 900. ggml-cuda.cu was compiled for: 900
/workspace/atlas-rental/src/atlas/kernels/hopper/qwen3.6-27b/nvfp4/q4k_vendor/quantize_impl.cuh:172: ERROR: CUDA kernel quantize_mmq_nvfp4_worker has no device code compatible with CUDA arch 900. ggml-cuda.cu was compiled for: 900
/workspace/atlas-rental/src/atlas/kernels/hopper/qwen3.6-27b/nvfp4/q4k_vendor/quantize_impl.cuh:172: ERROR: CUDA kernel quantize_mmq_nvfp4_worker has no device code compatible with CUDA arch 900. ggml-cuda.cu was compiled for: 900
/workspace/atlas-rental/src/atlas/kernels/hopper/qwen3.6-27b/nvfp4/q4k_vendor/quantize_impl.cuh:172: ERROR: CUDA kernel quantize_mmq_nvfp4_worker has no device code compatible with CUDA arch 900. ggml-cuda.cu was compiled for: 900
/workspace/atlas-rental/src/atlas/kernels/hopper/qwen3.6-27b/nvfp4/q4k_vendor/quantize_impl.cuh:172: ERROR: CUDA kernel quantize_mmq_nvfp4_worker has no device code compatible with CUDA arch 900. ggml-cuda.cu was compiled for: 900
/workspace/atlas-rental/src/atlas/kernels/hopper/qwen3.6-27b/nvfp4/q4k_vendor/quantize_impl.cuh:172: ERROR: CUDA kernel quantize_mmq_nvfp4_worker has no device code compatible with CUDA arch 900. ggml-cuda.cu was compiled for: 900
/workspace/atlas-rental/src/atlas/kernels/hopper/qwen3.6-27b/nvfp4/q4k_vendor/quantize_impl.cuh:172: ERROR: CUDA kernel quantize_mmq_nvfp4_worker has no device code compatible with CUDA arch 900. ggml-cuda.cu was compiled for: 900
/workspace/atlas-rental/src/atlas/kernels/hopper/qwen3.6-27b/nvfp4/q4k_vendor/quantize_impl.cuh:172: ERROR: CUDA kernel quantize_mmq_nvfp4_worker has no device code compatible with CUDA arch 900. ggml-cuda.cu was compiled for: 900
/workspace/atlas-rental/src/atlas/kernels/hopper/qwen3.6-27b/nvfp4/q4k_vendor/quantize_impl.cuh:172: ERROR: CUDA kernel quantize_mmq_nvfp4_worker has no device code compatible with CUDA arch 900. ggml-cuda.cu was compiled for: 900
/workspace/atlas-rental/src/atlas/kernels/hopper/qwen3.6-27b/nvfp4/q4k_vendor/quantize_impl.cuh:172: ERROR: CUDA kernel quantize_mmq_nvfp4_worker has no device code compatible with CUDA arch 900. ggml-cuda.cu was compiled for: 900
/workspace/atlas-rental/src/atlas/kernels/hopper/qwen3.6-27b/nvfp4/q4k_vendor/quantize_impl.cuh:172: ERROR: CUDA kernel quantize_mmq_nvfp4_worker has no device code compatible with CUDA arch 900. ggml-cuda.cu was compiled for: 900
/workspace/atlas-rental/src/atlas/kernels/hopper/qwen3.6-27b/nvfp4/q4k_vendor/quantize_impl.cuh:172: ERROR: CUDA kernel quantize_mmq_nvfp4_worker has no device code compatible with CUDA arch 900. ggml-cuda.cu was compiled for: 900
/workspace/atlas-rental/src/atlas/kernels/hopper/qwen3.6-27b/nvfp4/q4k_vendor/quantize_impl.cuh:172: ERROR: CUDA kernel quantize_mmq_nvfp4_worker has no device code compatible with CUDA arch 900. ggml-cuda.cu was compiled for: 900
/workspace/atlas-rental/src/atlas/kernels/hopper/qwen3.6-27b/nvfp4/q4k_vendor/quantize_impl.cuh:172: ERROR: CUDA kernel quantize_mmq_nvfp4_worker has no device code compatible with CUDA arch 900. ggml-cuda.cu was compiled for: 900
/workspace/atlas-rental/src/atlas/kernels/hopper/qwen3.6-27b/nvfp4/q4k_vendor/quantize_impl.cuh:172: ERROR: CUDA kernel quantize_mmq_nvfp4_worker has no device code compatible with CUDA arch 900. ggml-cuda.cu was compiled for: 900
/workspace/atlas-rental/src/atlas/kernels/hopper/qwen3.6-27b/nvfp4/q4k_vendor/quantize_impl.cuh:172: ERROR: CUDA kernel quantize_mmq_nvfp4_worker has no device code compatible with CUDA arch 900. ggml-cuda.cu was compiled for: 900
/workspace/atlas-rental/src/atlas/kernels/hopper/qwen3.6-27b/nvfp4/q4k_vendor/quantize_impl.cuh:172: ERROR: CUDA kernel quantize_mmq_nvfp4_worker has no device code compatible with CUDA arch 900. ggml-cuda.cu was compiled for: 900
/workspace/atlas-rental/src/atlas/kernels/hopper/qwen3.6-27b/nvfp4/q4k_vendor/quantize_impl.cuh:172: ERROR: CUDA kernel quantize_mmq_nvfp4_worker has no device code compatible with CUDA arch 900. ggml-cuda.cu was compiled for: 900
/workspace/atlas-rental/src/atlas/kernels/hopper/qwen3.6-27b/nvfp4/q4k_vendor/quantize_impl.cuh:172: ERROR: CUDA kernel quantize_mmq_nvfp4_worker has no device code compatible with CUDA arch 900. ggml-cuda.cu was compiled for: 900
/workspace/atlas-rental/src/atlas/kernels/hopper/qwen3.6-27b/nvfp4/q4k_vendor/quantize_impl.cuh:172: ERROR: CUDA kernel quantize_mmq_nvfp4_worker has no device code compatible with CUDA arch 900. ggml-cuda.cu was compiled for: 900
/workspace/atlas-rental/src/atlas/kernels/hopper/qwen3.6-27b/nvfp4/q4k_vendor/quantize_impl.cuh:172: ERROR: CUDA kernel quantize_mmq_nvfp4_worker has no device code compatible with CUDA arch 900. ggml-cuda.cu was compiled for: 900
/workspace/atlas-rental/src/atlas/kernels/hopper/qwen3.6-27b/nvfp4/q4k_vendor/quantize_impl.cuh:172: ERROR: CUDA kernel quantize_mmq_nvfp4_worker has no device code compatible with CUDA arch 900. ggml-cuda.cu was compiled for: 900
/workspace/atlas-rental/src/atlas/kernels/hopper/qwen3.6-27b/nvfp4/q4k_vendor/quantize_impl.cuh:172: ERROR: CUDA kernel quantize_mmq_nvfp4_worker has no device code compatible with CUDA arch 900. ggml-cuda.cu was compiled for: 900
/workspace/atlas-rental/src/atlas/kernels/hopper/qwen3.6-27b/nvfp4/q4k_vendor/quantize_impl.cuh:172: ERROR: CUDA kernel quantize_mmq_nvfp4_worker has no device code compatible with CUDA arch 900. ggml-cuda.cu was compiled for: 900
/workspace/atlas-rental/src/atlas/kernels/hopper/qwen3.6-27b/nvfp4/q4k_vendor/quantize_impl.cuh:172: ERROR: CUDA kernel quantize_mmq_nvfp4_worker has no device code compatible with CUDA arch 900. ggml-cuda.cu was compiled for: 900
/workspace/atlas-rental/src/atlas/kernels/hopper/qwen3.6-27b/nvfp4/q4k_vendor/quantize_impl.cuh:172: ERROR: CUDA kernel quantize_mmq_nvfp4_worker has no device code compatible with CUDA arch 900. ggml-cuda.cu was compiled for: 900
/workspace/atlas-rental/src/atlas/kernels/hopper/qwen3.6-27b/nvfp4/q4k_vendor/quantize_impl.cuh:172: ERROR: CUDA kernel quantize_mmq_nvfp4_worker has no device code compatible with CUDA arch 900. ggml-cuda.cu was compiled for: 900
/workspace/atlas-rental/src/atlas/kernels/hopper/qwen3.6-27b/nvfp4/q4k_vendor/quantize_impl.cuh:172: ERROR: CUDA kernel quantize_mmq_nvfp4_worker has no device code compatible with CUDA arch 900. ggml-cuda.cu was compiled for: 900
/workspace/atlas-rental/src/atlas/kernels/hopper/qwen3.6-27b/nvfp4/q4k_vendor/quantize_impl.cuh:172: ERROR: CUDA kernel quantize_mmq_nvfp4_worker has no device code compatible with CUDA arch 900. ggml-cuda.cu was compiled for: 900
/workspace/atlas-rental/src/atlas/kernels/hopper/qwen3.6-27b/nvfp4/q4k_vendor/quantize_impl.cuh:172: ERROR: CUDA kernel quantize_mmq_nvfp4_worker has no device code compatible with CUDA arch 900. ggml-cuda.cu was compiled for: 900
/workspace/atlas-rental/src/atlas/kernels/hopper/qwen3.6-27b/nvfp4/q4k_vendor/quantize_impl.cuh:172: ERROR: CUDA kernel quantize_mmq_nvfp4_worker has no device code compatible with CUDA arch 900. ggml-cuda.cu was compiled for: 900
/workspace/atlas-rental/src/atlas/kernels/hopper/qwen3.6-27b/nvfp4/q4k_vendor/quantize_impl.cuh:172: ERROR: CUDA kernel quantize_mmq_nvfp4_worker has no device code compatible with CUDA arch 900. ggml-cuda.cu was compiled for: 900
/workspace/atlas-rental/src/atlas/kernels/hopper/qwen3.6-27b/nvfp4/q4k_vendor/quantize_impl.cuh:172: ERROR: CUDA kernel quantize_mmq_nvfp4_worker has no device code compatible with CUDA arch 900. ggml-cuda.cu was compiled for: 900
/workspace/atlas-rental/src/atlas/kernels/hopper/qwen3.6-27b/nvfp4/q4k_vendor/quantize_impl.cuh:172: ERROR: CUDA kernel quantize_mmq_nvfp4_worker has no device code compatible with CUDA arch 900. ggml-cuda.cu was compiled for: 900
/workspace/atlas-rental/src/atlas/kernels/hopper/qwen3.6-27b/nvfp4/q4k_vendor/quantize_impl.cuh:172: ERROR: CUDA kernel quantize_mmq_nvfp4_worker has no device code compatible with CUDA arch 900. ggml-cuda.cu was compiled for: 900
/workspace/atlas-rental/src/atlas/kernels/hopper/qwen3.6-27b/nvfp4/q4k_vendor/quantize_impl.cuh:172: ERROR: CUDA kernel quantize_mmq_nvfp4_worker has no device code compatible with CUDA arch 900. ggml-cuda.cu was compiled for: 900
/workspace/atlas-rental/src/atlas/kernels/hopper/qwen3.6-27b/nvfp4/q4k_vendor/quantize_impl.cuh:172: ERROR: CUDA kernel quantize_mmq_nvfp4_worker has no device code compatible with CUDA arch 900. ggml-cuda.cu was compiled for: 900
/workspace/atlas-rental/src/atlas/kernels/hopper/qwen3.6-27b/nvfp4/q4k_vendor/quantize_impl.cuh:172: ERROR: CUDA kernel quantize_mmq_nvfp4_worker has no device code compatible with CUDA arch 900. ggml-cuda.cu was compiled for: 900
/workspace/atlas-rental/src/atlas/kernels/hopper/qwen3.6-27b/nvfp4/q4k_vendor/quantize_impl.cuh:172: ERROR: CUDA kernel quantize_mmq_nvfp4_worker has no device code compatible with CUDA arch 900. ggml-cuda.cu was compiled for: 900
/workspace/atlas-rental/src/atlas/kernels/hopper/qwen3.6-27b/nvfp4/q4k_vendor/quantize_impl.cuh:172: ERROR: CUDA kernel quantize_mmq_nvfp4_worker has no device code compatible with CUDA arch 900. ggml-cuda.cu was compiled for: 900
/workspace/atlas-rental/src/atlas/kernels/hopper/qwen3.6-27b/nvfp4/q4k_vendor/quantize_impl.cuh:172: ERROR: CUDA kernel quantize_mmq_nvfp4_worker has no device code compatible with CUDA arch 900. ggml-cuda.cu was compiled for: 900
/workspace/atlas-rental/src/atlas/kernels/hopper/qwen3.6-27b/nvfp4/q4k_vendor/quantize_impl.cuh:172: ERROR: CUDA kernel quantize_mmq_nvfp4_worker has no device code compatible with CUDA arch 900. ggml-cuda.cu was compiled for: 900
/workspace/atlas-rental/src/atlas/kernels/hopper/qwen3.6-27b/nvfp4/q4k_vendor/quantize_impl.cuh:172: ERROR: CUDA kernel quantize_mmq_nvfp4_worker has no device code compatible with CUDA arch 900. ggml-cuda.cu was compiled for: 900
/workspace/atlas-rental/src/atlas/kernels/hopper/qwen3.6-27b/nvfp4/q4k_vendor/quantize_impl.cuh:172: ERROR: CUDA kernel quantize_mmq_nvfp4_worker has no device code compatible with CUDA arch 900. ggml-cuda.cu was compiled for: 900
/workspace/atlas-rental/src/atlas/kernels/hopper/qwen3.6-27b/nvfp4/q4k_vendor/quantize_impl.cuh:172: ERROR: CUDA kernel quantize_mmq_nvfp4_worker has no device code compatible with CUDA arch 900. ggml-cuda.cu was compiled for: 900
/workspace/atlas-rental/src/atlas/kernels/hopper/qwen3.6-27b/nvfp4/q4k_vendor/quantize_impl.cuh:172: ERROR: CUDA kernel quantize_mmq_nvfp4_worker has no device code compatible with CUDA arch 900. ggml-cuda.cu was compiled for: 900
/workspace/atlas-rental/src/atlas/kernels/hopper/qwen3.6-27b/nvfp4/q4k_vendor/quantize_impl.cuh:172: ERROR: CUDA kernel quantize_mmq_nvfp4_worker has no device code compatible with CUDA arch 900. ggml-cuda.cu was compiled for: 900
/workspace/atlas-rental/src/atlas/kernels/hopper/qwen3.6-27b/nvfp4/q4k_vendor/quantize_impl.cuh:172: ERROR: CUDA kernel quantize_mmq_nvfp4_worker has no device code compatible with CUDA arch 900. ggml-cuda.cu was compiled for: 900
/workspace/atlas-rental/src/atlas/kernels/hopper/qwen3.6-27b/nvfp4/q4k_vendor/quantize_impl.cuh:172: ERROR: CUDA kernel quantize_mmq_nvfp4_worker has no device code compatible with CUDA arch 900. ggml-cuda.cu was compiled for: 900
/workspace/atlas-rental/src/atlas/kernels/hopper/qwen3.6-27b/nvfp4/q4k_vendor/quantize_impl.cuh:172: ERROR: CUDA kernel quantize_mmq_nvfp4_worker has no device code compatible with CUDA arch 900. ggml-cuda.cu was compiled for: 900
/workspace/atlas-rental/src/atlas/kernels/hopper/qwen3.6-27b/nvfp4/q4k_vendor/quantize_impl.cuh:172: ERROR: CUDA kernel quantize_mmq_nvfp4_worker has no device code compatible with CUDA arch 900. ggml-cuda.cu was compiled for: 900
/workspace/atlas-rental/src/atlas/kernels/hopper/qwen3.6-27b/nvfp4/q4k_vendor/quantize_impl.cuh:172: ERROR: CUDA kernel quantize_mmq_nvfp4_worker has no device code compatible with CUDA arch 900. ggml-cuda.cu was compiled for: 900
/workspace/atlas-rental/src/atlas/kernels/hopper/qwen3.6-27b/nvfp4/q4k_vendor/quantize_impl.cuh:172: ERROR: CUDA kernel quantize_mmq_nvfp4_worker has no device code compatible with CUDA arch 900. ggml-cuda.cu was compiled for: 900
/workspace/atlas-rental/src/atlas/kernels/hopper/qwen3.6-27b/nvfp4/q4k_vendor/quantize_impl.cuh:172: ERROR: CUDA kernel quantize_mmq_nvfp4_worker has no device code compatible with CUDA arch 900. ggml-cuda.cu was compiled for: 900
/workspace/atlas-rental/src/atlas/kernels/hopper/qwen3.6-27b/nvfp4/q4k_vendor/quantize_impl.cuh:172: ERROR: CUDA kernel quantize_mmq_nvfp4_worker has no device code compatible with CUDA arch 900. ggml-cuda.cu was compiled for: 900
/workspace/atlas-rental/src/atlas/kernels/hopper/qwen3.6-27b/nvfp4/q4k_vendor/quantize_impl.cuh:172: ERROR: CUDA kernel quantize_mmq_nvfp4_worker has no device code compatible with CUDA arch 900. ggml-cuda.cu was compiled for: 900
/workspace/atlas-rental/src/atlas/kernels/hopper/qwen3.6-27b/nvfp4/q4k_vendor/quantize_impl.cuh:172: ERROR: CUDA kernel quantize_mmq_nvfp4_worker has no device code compatible with CUDA arch 900. ggml-cuda.cu was compiled for: 900
/workspace/atlas-rental/src/atlas/kernels/hopper/qwen3.6-27b/nvfp4/q4k_vendor/quantize_impl.cuh:172: ERROR: CUDA kernel quantize_mmq_nvfp4_worker has no device code compatible with CUDA arch 900. ggml-cuda.cu was compiled for: 900
/workspace/atlas-rental/src/atlas/kernels/hopper/qwen3.6-27b/nvfp4/q4k_vendor/quantize_impl.cuh:172: ERROR: CUDA kernel quantize_mmq_nvfp4_worker has no device code compatible with CUDA arch 900. ggml-cuda.cu was compiled for: 900
/workspace/atlas-rental/src/atlas/kernels/hopper/qwen3.6-27b/nvfp4/q4k_vendor/quantize_impl.cuh:172: ERROR: CUDA kernel quantize_mmq_nvfp4_worker has no device code compatible with CUDA arch 900. ggml-cuda.cu was compiled for: 900
/workspace/atlas-rental/src/atlas/kernels/hopper/qwen3.6-27b/nvfp4/q4k_vendor/quantize_impl.cuh:172: ERROR: CUDA kernel quantize_mmq_nvfp4_worker has no device code compatible with CUDA arch 900. ggml-cuda.cu was compiled for: 900
/workspace/atlas-rental/src/atlas/kernels/hopper/qwen3.6-27b/nvfp4/q4k_vendor/quantize_impl.cuh:172: ERROR: CUDA kernel quantize_mmq_nvfp4_worker has no device code compatible with CUDA arch 900. ggml-cuda.cu was compiled for: 900
/workspace/atlas-rental/src/atlas/kernels/hopper/qwen3.6-27b/nvfp4/q4k_vendor/quantize_impl.cuh:172: ERROR: CUDA kernel quantize_mmq_nvfp4_worker has no device code compatible with CUDA arch 900. ggml-cuda.cu was compiled for: 900
/workspace/atlas-rental/src/atlas/kernels/hopper/qwen3.6-27b/nvfp4/q4k_vendor/quantize_impl.cuh:172: ERROR: CUDA kernel quantize_mmq_nvfp4_worker has no device code compatible with CUDA arch 900. ggml-cuda.cu was compiled for: 900
/workspace/atlas-rental/src/atlas/kernels/hopper/qwen3.6-27b/nvfp4/q4k_vendor/quantize_impl.cuh:172: ERROR: CUDA kernel quantize_mmq_nvfp4_worker has no device code compatible with CUDA arch 900. ggml-cuda.cu was compiled for: 900
/workspace/atlas-rental/src/atlas/kernels/hopper/qwen3.6-27b/nvfp4/q4k_vendor/quantize_impl.cuh:172: ERROR: CUDA kernel quantize_mmq_nvfp4_worker has no device code compatible with CUDA arch 900. ggml-cuda.cu was compiled for: 900
/workspace/atlas-rental/src/atlas/kernels/hopper/qwen3.6-27b/nvfp4/q4k_vendor/quantize_impl.cuh:172: ERROR: CUDA kernel quantize_mmq_nvfp4_worker has no device code compatible with CUDA arch 900. ggml-cuda.cu was compiled for: 900
/workspace/atlas-rental/src/atlas/kernels/hopper/qwen3.6-27b/nvfp4/q4k_vendor/quantize_impl.cuh:172: ERROR: CUDA kernel quantize_mmq_nvfp4_worker has no device code compatible with CUDA arch 900. ggml-cuda.cu was compiled for: 900
/workspace/atlas-rental/src/atlas/kernels/hopper/qwen3.6-27b/nvfp4/q4k_vendor/quantize_impl.cuh:172: ERROR: CUDA kernel quantize_mmq_nvfp4_worker has no device code compatible with CUDA arch 900. ggml-cuda.cu was compiled for: 900
/workspace/atlas-rental/src/atlas/kernels/hopper/qwen3.6-27b/nvfp4/q4k_vendor/quantize_impl.cuh:172: ERROR: CUDA kernel quantize_mmq_nvfp4_worker has no device code compatible with CUDA arch 900. ggml-cuda.cu was compiled for: 900
/workspace/atlas-rental/src/atlas/kernels/hopper/qwen3.6-27b/nvfp4/q4k_vendor/quantize_impl.cuh:172: ERROR: CUDA kernel quantize_mmq_nvfp4_worker has no device code compatible with CUDA arch 900. ggml-cuda.cu was compiled for: 900
/workspace/atlas-rental/src/atlas/kernels/hopper/qwen3.6-27b/nvfp4/q4k_vendor/quantize_impl.cuh:172: ERROR: CUDA kernel quantize_mmq_nvfp4_worker has no device code compatible with CUDA arch 900. ggml-cuda.cu was compiled for: 900
/workspace/atlas-rental/src/atlas/kernels/hopper/qwen3.6-27b/nvfp4/q4k_vendor/quantize_impl.cuh:172: ERROR: CUDA kernel quantize_mmq_nvfp4_worker has no device code compatible with CUDA arch 900. ggml-cuda.cu was compiled for: 900
/workspace/atlas-rental/src/atlas/kernels/hopper/qwen3.6-27b/nvfp4/q4k_vendor/quantize_impl.cuh:172: ERROR: CUDA kernel quantize_mmq_nvfp4_worker has no device code compatible with CUDA arch 900. ggml-cuda.cu was compiled for: 900
/workspace/atlas-rental/src/atlas/kernels/hopper/qwen3.6-27b/nvfp4/q4k_vendor/quantize_impl.cuh:172: ERROR: CUDA kernel quantize_mmq_nvfp4_worker has no device code compatible with CUDA arch 900. ggml-cuda.cu was compiled for: 900
/workspace/atlas-rental/src/atlas/kernels/hopper/qwen3.6-27b/nvfp4/q4k_vendor/quantize_impl.cuh:172: ERROR: CUDA kernel quantize_mmq_nvfp4_worker has no device code compatible with CUDA arch 900. ggml-cuda.cu was compiled for: 900
/workspace/atlas-rental/src/atlas/kernels/hopper/qwen3.6-27b/nvfp4/q4k_vendor/quantize_impl.cuh:172: ERROR: CUDA kernel quantize_mmq_nvfp4_worker has no device code compatible with CUDA arch 900. ggml-cuda.cu was compiled for: 900
/workspace/atlas-rental/src/atlas/kernels/hopper/qwen3.6-27b/nvfp4/q4k_vendor/quantize_impl.cuh:172: ERROR: CUDA kernel quantize_mmq_nvfp4_worker has no device code compatible with CUDA arch 900. ggml-cuda.cu was compiled for: 900
/workspace/atlas-rental/src/atlas/kernels/hopper/qwen3.6-27b/nvfp4/q4k_vendor/quantize_impl.cuh:172: ERROR: CUDA kernel quantize_mmq_nvfp4_worker has no device code compatible with CUDA arch 900. ggml-cuda.cu was compiled for: 900
/workspace/atlas-rental/src/atlas/kernels/hopper/qwen3.6-27b/nvfp4/q4k_vendor/quantize_impl.cuh:172: ERROR: CUDA kernel quantize_mmq_nvfp4_worker has no device code compatible with CUDA arch 900. ggml-cuda.cu was compiled for: 900
/workspace/atlas-rental/src/atlas/kernels/hopper/qwen3.6-27b/nvfp4/q4k_vendor/quantize_impl.cuh:172: ERROR: CUDA kernel quantize_mmq_nvfp4_worker has no device code compatible with CUDA arch 900. ggml-cuda.cu was compiled for: 900
/workspace/atlas-rental/src/atlas/kernels/hopper/qwen3.6-27b/nvfp4/q4k_vendor/quantize_impl.cuh:172: ERROR: CUDA kernel quantize_mmq_nvfp4_worker has no device code compatible with CUDA arch 900. ggml-cuda.cu was compiled for: 900
/workspace/atlas-rental/src/atlas/kernels/hopper/qwen3.6-27b/nvfp4/q4k_vendor/quantize_impl.cuh:172: ERROR: CUDA kernel quantize_mmq_nvfp4_worker has no device code compatible with CUDA arch 900. ggml-cuda.cu was compiled for: 900
/workspace/atlas-rental/src/atlas/kernels/hopper/qwen3.6-27b/nvfp4/q4k_vendor/quantize_impl.cuh:172: ERROR: CUDA kernel quantize_mmq_nvfp4_worker has no device code compatible with CUDA arch 900. ggml-cuda.cu was compiled for: 900
/workspace/atlas-rental/src/atlas/kernels/hopper/qwen3.6-27b/nvfp4/q4k_vendor/quantize_impl.cuh:172: ERROR: CUDA kernel quantize_mmq_nvfp4_worker has no device code compatible with CUDA arch 900. ggml-cuda.cu was compiled for: 900
/workspace/atlas-rental/src/atlas/kernels/hopper/qwen3.6-27b/nvfp4/q4k_vendor/quantize_impl.cuh:172: ERROR: CUDA kernel quantize_mmq_nvfp4_worker has no device code compatible with CUDA arch 900. ggml-cuda.cu was compiled for: 900
/workspace/atlas-rental/src/atlas/kernels/hopper/qwen3.6-27b/nvfp4/q4k_vendor/quantize_impl.cuh:172: ERROR: CUDA kernel quantize_mmq_nvfp4_worker has no device code compatible with CUDA arch 900. ggml-cuda.cu was compiled for: 900
/workspace/atlas-rental/src/atlas/kernels/hopper/qwen3.6-27b/nvfp4/q4k_vendor/quantize_impl.cuh:172: ERROR: CUDA kernel quantize_mmq_nvfp4_worker has no device code compatible with CUDA arch 900. ggml-cuda.cu was compiled for: 900
/workspace/atlas-rental/src/atlas/kernels/hopper/qwen3.6-27b/nvfp4/q4k_vendor/quantize_impl.cuh:172: ERROR: CUDA kernel quantize_mmq_nvfp4_worker has no device code compatible with CUDA arch 900. ggml-cuda.cu was compiled for: 900
/workspace/atlas-rental/src/atlas/kernels/hopper/qwen3.6-27b/nvfp4/q4k_vendor/quantize_impl.cuh:172: ERROR: CUDA kernel quantize_mmq_nvfp4_worker has no device code compatible with CUDA arch 900. ggml-cuda.cu was compiled for: 900
/workspace/atlas-rental/src/atlas/kernels/hopper/qwen3.6-27b/nvfp4/q4k_vendor/quantize_impl.cuh:172: ERROR: CUDA kernel quantize_mmq_nvfp4_worker has no device code compatible with CUDA arch 900. ggml-cuda.cu was compiled for: 900
/workspace/atlas-rental/src/atlas/kernels/hopper/qwen3.6-27b/nvfp4/q4k_vendor/quantize_impl.cuh:172: ERROR: CUDA kernel quantize_mmq_nvfp4_worker has no device code compatible with CUDA arch 900. ggml-cuda.cu was compiled for: 900
/workspace/atlas-rental/src/atlas/kernels/hopper/qwen3.6-27b/nvfp4/q4k_vendor/quantize_impl.cuh:172: ERROR: CUDA kernel quantize_mmq_nvfp4_worker has no device code compatible with CUDA arch 900. ggml-cuda.cu was compiled for: 900
/workspace/atlas-rental/src/atlas/kernels/hopper/qwen3.6-27b/nvfp4/q4k_vendor/quantize_impl.cuh:172: ERROR: CUDA kernel quantize_mmq_nvfp4_worker has no device code compatible with CUDA arch 900. ggml-cuda.cu was compiled for: 900
/workspace/atlas-rental/src/atlas/kernels/hopper/qwen3.6-27b/nvfp4/q4k_vendor/quantize_impl.cuh:172: ERROR: CUDA kernel quantize_mmq_nvfp4_worker has no device code compatible with CUDA arch 900. ggml-cuda.cu was compiled for: 900
/workspace/atlas-rental/src/atlas/kernels/hopper/qwen3.6-27b/nvfp4/q4k_vendor/quantize_impl.cuh:172: ERROR: CUDA kernel quantize_mmq_nvfp4_worker has no device code compatible with CUDA arch 900. ggml-cuda.cu was compiled for: 900
/workspace/atlas-rental/src/atlas/kernels/hopper/qwen3.6-27b/nvfp4/q4k_vendor/quantize_impl.cuh:172: ERROR: CUDA kernel quantize_mmq_nvfp4_worker has no device code compatible with CUDA arch 900. ggml-cuda.cu was compiled for: 900
/workspace/atlas-rental/src/atlas/kernels/hopper/qwen3.6-27b/nvfp4/q4k_vendor/quantize_impl.cuh:172: ERROR: CUDA kernel quantize_mmq_nvfp4_worker has no device code compatible with CUDA arch 900. ggml-cuda.cu was compiled for: 900
/workspace/atlas-rental/src/atlas/kernels/hopper/qwen3.6-27b/nvfp4/q4k_vendor/quantize_impl.cuh:172: ERROR: CUDA kernel quantize_mmq_nvfp4_worker has no device code compatible with CUDA arch 900. ggml-cuda.cu was compiled for: 900
/workspace/atlas-rental/src/atlas/kernels/hopper/qwen3.6-27b/nvfp4/q4k_vendor/quantize_impl.cuh:172: ERROR: CUDA kernel quantize_mmq_nvfp4_worker has no device code compatible with CUDA arch 900. ggml-cuda.cu was compiled for: 900
/workspace/atlas-rental/src/atlas/kernels/hopper/qwen3.6-27b/nvfp4/q4k_vendor/quantize_impl.cuh:172: ERROR: CUDA kernel quantize_mmq_nvfp4_worker has no device code compatible with CUDA arch 900. ggml-cuda.cu was compiled for: 900
/workspace/atlas-rental/src/atlas/kernels/hopper/qwen3.6-27b/nvfp4/q4k_vendor/quantize_impl.cuh:172: ERROR: CUDA kernel quantize_mmq_nvfp4_worker has no device code compatible with CUDA arch 900. ggml-cuda.cu was compiled for: 900
/workspace/atlas-rental/src/atlas/kernels/hopper/qwen3.6-27b/nvfp4/q4k_vendor/quantize_impl.cuh:172: ERROR: CUDA kernel quantize_mmq_nvfp4_worker has no device code compatible with CUDA arch 900. ggml-cuda.cu was compiled for: 900
/workspace/atlas-rental/src/atlas/kernels/hopper/qwen3.6-27b/nvfp4/q4k_vendor/quantize_impl.cuh:172: ERROR: CUDA kernel quantize_mmq_nvfp4_worker has no device code compatible with CUDA arch 900. ggml-cuda.cu was compiled for: 900
/workspace/atlas-rental/src/atlas/kernels/hopper/qwen3.6-27b/nvfp4/q4k_vendor/quantize_impl.cuh:172: ERROR: CUDA kernel quantize_mmq_nvfp4_worker has no device code compatible with CUDA arch 900. ggml-cuda.cu was compiled for: 900
/workspace/atlas-rental/src/atlas/kernels/hopper/qwen3.6-27b/nvfp4/q4k_vendor/quantize_impl.cuh:172: ERROR: CUDA kernel quantize_mmq_nvfp4_worker has no device code compatible with CUDA arch 900. ggml-cuda.cu was compiled for: 900
/workspace/atlas-rental/src/atlas/kernels/hopper/qwen3.6-27b/nvfp4/q4k_vendor/quantize_impl.cuh:172: ERROR: CUDA kernel quantize_mmq_nvfp4_worker has no device code compatible with CUDA arch 900. ggml-cuda.cu was compiled for: 900
/workspace/atlas-rental/src/atlas/kernels/hopper/qwen3.6-27b/nvfp4/q4k_vendor/quantize_impl.cuh:172: ERROR: CUDA kernel quantize_mmq_nvfp4_worker has no device code compatible with CUDA arch 900. ggml-cuda.cu was compiled for: 900
/workspace/atlas-rental/src/atlas/kernels/hopper/qwen3.6-27b/nvfp4/q4k_vendor/quantize_impl.cuh:172: ERROR: CUDA kernel quantize_mmq_nvfp4_worker has no device code compatible with CUDA arch 900. ggml-cuda.cu was compiled for: 900
/workspace/atlas-rental/src/atlas/kernels/hopper/qwen3.6-27b/nvfp4/q4k_vendor/quantize_impl.cuh:172: ERROR: CUDA kernel quantize_mmq_nvfp4_worker has no device code compatible with CUDA arch 900. ggml-cuda.cu was compiled for: 900
/workspace/atlas-rental/src/atlas/kernels/hopper/qwen3.6-27b/nvfp4/q4k_vendor/quantize_impl.cuh:172: ERROR: CUDA kernel quantize_mmq_nvfp4_worker has no device code compatible with CUDA arch 900. ggml-cuda.cu was compiled for: 900
/workspace/atlas-rental/src/atlas/kernels/hopper/qwen3.6-27b/nvfp4/q4k_vendor/quantize_impl.cuh:172: ERROR: CUDA kernel quantize_mmq_nvfp4_worker has no device code compatible with CUDA arch 900. ggml-cuda.cu was compiled for: 900
/workspace/atlas-rental/src/atlas/kernels/hopper/qwen3.6-27b/nvfp4/q4k_vendor/quantize_impl.cuh:172: ERROR: CUDA kernel quantize_mmq_nvfp4_worker has no device code compatible with CUDA arch 900. ggml-cuda.cu was compiled for: 900
/workspace/atlas-rental/src/atlas/kernels/hopper/qwen3.6-27b/nvfp4/q4k_vendor/quantize_impl.cuh:172: ERROR: CUDA kernel quantize_mmq_nvfp4_worker has no device code compatible with CUDA arch 900. ggml-cuda.cu was compiled for: 900
/workspace/atlas-rental/src/atlas/kernels/hopper/qwen3.6-27b/nvfp4/q4k_vendor/quantize_impl.cuh:172: ERROR: CUDA kernel quantize_mmq_nvfp4_worker has no device code compatible with CUDA arch 900. ggml-cuda.cu was compiled for: 900
/workspace/atlas-rental/src/atlas/kernels/hopper/qwen3.6-27b/nvfp4/q4k_vendor/quantize_impl.cuh:172: ERROR: CUDA kernel quantize_mmq_nvfp4_worker has no device code compatible with CUDA arch 900. ggml-cuda.cu was compiled for: 900
/workspace/atlas-rental/src/atlas/kernels/hopper/qwen3.6-27b/nvfp4/q4k_vendor/quantize_impl.cuh:172: ERROR: CUDA kernel quantize_mmq_nvfp4_worker has no device code compatible with CUDA arch 900. ggml-cuda.cu was compiled for: 900
/workspace/atlas-rental/src/atlas/kernels/hopper/qwen3.6-27b/nvfp4/q4k_vendor/quantize_impl.cuh:172: ERROR: CUDA kernel quantize_mmq_nvfp4_worker has no device code compatible with CUDA arch 900. ggml-cuda.cu was compiled for: 900
/workspace/atlas-rental/src/atlas/kernels/hopper/qwen3.6-27b/nvfp4/q4k_vendor/quantize_impl.cuh:172: ERROR: CUDA kernel quantize_mmq_nvfp4_worker has no device code compatible with CUDA arch 900. ggml-cuda.cu was compiled for: 900
/workspace/atlas-rental/src/atlas/kernels/hopper/qwen3.6-27b/nvfp4/q4k_vendor/quantize_impl.cuh:172: ERROR: CUDA kernel quantize_mmq_nvfp4_worker has no device code compatible with CUDA arch 900. ggml-cuda.cu was compiled for: 900
/workspace/atlas-rental/src/atlas/kernels/hopper/qwen3.6-27b/nvfp4/q4k_vendor/quantize_impl.cuh:172: ERROR: CUDA kernel quantize_mmq_nvfp4_worker has no device code compatible with CUDA arch 900. ggml-cuda.cu was compiled for: 900
/workspace/atlas-rental/src/atlas/kernels/hopper/qwen3.6-27b/nvfp4/q4k_vendor/quantize_impl.cuh:172: ERROR: CUDA kernel quantize_mmq_nvfp4_worker has no device code compatible with CUDA arch 900. ggml-cuda.cu was compiled for: 900
/workspace/atlas-rental/src/atlas/kernels/hopper/qwen3.6-27b/nvfp4/q4k_vendor/quantize_impl.cuh:172: ERROR: CUDA kernel quantize_mmq_nvfp4_worker has no device code compatible with CUDA arch 900. ggml-cuda.cu was compiled for: 900
/workspace/atlas-rental/src/atlas/kernels/hopper/qwen3.6-27b/nvfp4/q4k_vendor/quantize_impl.cuh:172: ERROR: CUDA kernel quantize_mmq_nvfp4_worker has no device code compatible with CUDA arch 900. ggml-cuda.cu was compiled for: 900
/workspace/atlas-rental/src/atlas/kernels/hopper/qwen3.6-27b/nvfp4/q4k_vendor/quantize_impl.cuh:172: ERROR: CUDA kernel quantize_mmq_nvfp4_worker has no device code compatible with CUDA arch 900. ggml-cuda.cu was compiled for: 900
/workspace/atlas-rental/src/atlas/kernels/hopper/qwen3.6-27b/nvfp4/q4k_vendor/quantize_impl.cuh:172: ERROR: CUDA kernel quantize_mmq_nvfp4_worker has no device code compatible with CUDA arch 900. ggml-cuda.cu was compiled for: 900
/workspace/atlas-rental/src/atlas/kernels/hopper/qwen3.6-27b/nvfp4/q4k_vendor/quantize_impl.cuh:172: ERROR: CUDA kernel quantize_mmq_nvfp4_worker has no device code compatible with CUDA arch 900. ggml-cuda.cu was compiled for: 900
/workspace/atlas-rental/src/atlas/kernels/hopper/qwen3.6-27b/nvfp4/q4k_vendor/quantize_impl.cuh:172: ERROR: CUDA kernel quantize_mmq_nvfp4_worker has no device code compatible with CUDA arch 900. ggml-cuda.cu was compiled for: 900
/workspace/atlas-rental/src/atlas/kernels/hopper/qwen3.6-27b/nvfp4/q4k_vendor/quantize_impl.cuh:172: ERROR: CUDA kernel quantize_mmq_nvfp4_worker has no device code compatible with CUDA arch 900. ggml-cuda.cu was compiled for: 900
/workspace/atlas-rental/src/atlas/kernels/hopper/qwen3.6-27b/nvfp4/q4k_vendor/quantize_impl.cuh:172: ERROR: CUDA kernel quantize_mmq_nvfp4_worker has no device code compatible with CUDA arch 900. ggml-cuda.cu was compiled for: 900
/workspace/atlas-rental/src/atlas/kernels/hopper/qwen3.6-27b/nvfp4/q4k_vendor/quantize_impl.cuh:172: ERROR: CUDA kernel quantize_mmq_nvfp4_worker has no device code compatible with CUDA arch 900. ggml-cuda.cu was compiled for: 900
/workspace/atlas-rental/src/atlas/kernels/hopper/qwen3.6-27b/nvfp4/q4k_vendor/quantize_impl.cuh:172: ERROR: CUDA kernel quantize_mmq_nvfp4_worker has no device code compatible with CUDA arch 900. ggml-cuda.cu was compiled for: 900
/workspace/atlas-rental/src/atlas/kernels/hopper/qwen3.6-27b/nvfp4/q4k_vendor/quantize_impl.cuh:172: ERROR: CUDA kernel quantize_mmq_nvfp4_worker has no device code compatible with CUDA arch 900. ggml-cuda.cu was compiled for: 900
/workspace/atlas-rental/src/atlas/kernels/hopper/qwen3.6-27b/nvfp4/q4k_vendor/quantize_impl.cuh:172: ERROR: CUDA kernel quantize_mmq_nvfp4_worker has no device code compatible with CUDA arch 900. ggml-cuda.cu was compiled for: 900
/workspace/atlas-rental/src/atlas/kernels/hopper/qwen3.6-27b/nvfp4/q4k_vendor/quantize_impl.cuh:172: ERROR: CUDA kernel quantize_mmq_nvfp4_worker has no device code compatible with CUDA arch 900. ggml-cuda.cu was compiled for: 900
/workspace/atlas-rental/src/atlas/kernels/hopper/qwen3.6-27b/nvfp4/q4k_vendor/quantize_impl.cuh:172: ERROR: CUDA kernel quantize_mmq_nvfp4_worker has no device code compatible with CUDA arch 900. ggml-cuda.cu was compiled for: 900
/workspace/atlas-rental/src/atlas/kernels/hopper/qwen3.6-27b/nvfp4/q4k_vendor/quantize_impl.cuh:172: ERROR: CUDA kernel quantize_mmq_nvfp4_worker has no device code compatible with CUDA arch 900. ggml-cuda.cu was compiled for: 900
/workspace/atlas-rental/src/atlas/kernels/hopper/qwen3.6-27b/nvfp4/q4k_vendor/quantize_impl.cuh:172: ERROR: CUDA kernel quantize_mmq_nvfp4_worker has no device code compatible with CUDA arch 900. ggml-cuda.cu was compiled for: 900
/workspace/atlas-rental/src/atlas/kernels/hopper/qwen3.6-27b/nvfp4/q4k_vendor/quantize_impl.cuh:172: ERROR: CUDA kernel quantize_mmq_nvfp4_worker has no device code compatible with CUDA arch 900. ggml-cuda.cu was compiled for: 900
/workspace/atlas-rental/src/atlas/kernels/hopper/qwen3.6-27b/nvfp4/q4k_vendor/quantize_impl.cuh:172: ERROR: CUDA kernel quantize_mmq_nvfp4_worker has no device code compatible with CUDA arch 900. ggml-cuda.cu was compiled for: 900
/workspace/atlas-rental/src/atlas/kernels/hopper/qwen3.6-27b/nvfp4/q4k_vendor/quantize_impl.cuh:172: ERROR: CUDA kernel quantize_mmq_nvfp4_worker has no device code compatible with CUDA arch 900. ggml-cuda.cu was compiled for: 900
/workspace/atlas-rental/src/atlas/kernels/hopper/qwen3.6-27b/nvfp4/q4k_vendor/quantize_impl.cuh:172: ERROR: CUDA kernel quantize_mmq_nvfp4_worker has no device code compatible with CUDA arch 900. ggml-cuda.cu was compiled for: 900
/workspace/atlas-rental/src/atlas/kernels/hopper/qwen3.6-27b/nvfp4/q4k_vendor/quantize_impl.cuh:172: ERROR: CUDA kernel quantize_mmq_nvfp4_worker has no device code compatible with CUDA arch 900. ggml-cuda.cu was compiled for: 900
/workspace/atlas-rental/src/atlas/kernels/hopper/qwen3.6-27b/nvfp4/q4k_vendor/quantize_impl.cuh:172: ERROR: CUDA kernel quantize_mmq_nvfp4_worker has no device code compatible with CUDA arch 900. ggml-cuda.cu was compiled for: 900
/workspace/atlas-rental/src/atlas/kernels/hopper/qwen3.6-27b/nvfp4/q4k_vendor/quantize_impl.cuh:172: ERROR: CUDA kernel quantize_mmq_nvfp4_worker has no device code compatible with CUDA arch 900. ggml-cuda.cu was compiled for: 900
/workspace/atlas-rental/src/atlas/kernels/hopper/qwen3.6-27b/nvfp4/q4k_vendor/quantize_impl.cuh:172: ERROR: CUDA kernel quantize_mmq_nvfp4_worker has no device code compatible with CUDA arch 900. ggml-cuda.cu was compiled for: 900
/workspace/atlas-rental/src/atlas/kernels/hopper/qwen3.6-27b/nvfp4/q4k_vendor/quantize_impl.cuh:172: ERROR: CUDA kernel quantize_mmq_nvfp4_worker has no device code compatible with CUDA arch 900. ggml-cuda.cu was compiled for: 900
/workspace/atlas-rental/src/atlas/kernels/hopper/qwen3.6-27b/nvfp4/q4k_vendor/quantize_impl.cuh:172: ERROR: CUDA kernel quantize_mmq_nvfp4_worker has no device code compatible with CUDA arch 900. ggml-cuda.cu was compiled for: 900
/workspace/atlas-rental/src/atlas/kernels/hopper/qwen3.6-27b/nvfp4/q4k_vendor/quantize_impl.cuh:172: ERROR: CUDA kernel quantize_mmq_nvfp4_worker has no device code compatible with CUDA arch 900. ggml-cuda.cu was compiled for: 900
/workspace/atlas-rental/src/atlas/kernels/hopper/qwen3.6-27b/nvfp4/q4k_vendor/quantize_impl.cuh:172: ERROR: CUDA kernel quantize_mmq_nvfp4_worker has no device code compatible with CUDA arch 900. ggml-cuda.cu was compiled for: 900
/workspace/atlas-rental/src/atlas/kernels/hopper/qwen3.6-27b/nvfp4/q4k_vendor/quantize_impl.cuh:172: ERROR: CUDA kernel quantize_mmq_nvfp4_worker has no device code compatible with CUDA arch 900. ggml-cuda.cu was compiled for: 900
/workspace/atlas-rental/src/atlas/kernels/hopper/qwen3.6-27b/nvfp4/q4k_vendor/quantize_impl.cuh:172: ERROR: CUDA kernel quantize_mmq_nvfp4_worker has no device code compatible with CUDA arch 900. ggml-cuda.cu was compiled for: 900
/workspace/atlas-rental/src/atlas/kernels/hopper/qwen3.6-27b/nvfp4/q4k_vendor/quantize_impl.cuh:172: ERROR: CUDA kernel quantize_mmq_nvfp4_worker has no device code compatible with CUDA arch 900. ggml-cuda.cu was compiled for: 900
/workspace/atlas-rental/src/atlas/kernels/hopper/qwen3.6-27b/nvfp4/q4k_vendor/quantize_impl.cuh:172: ERROR: CUDA kernel quantize_mmq_nvfp4_worker has no device code compatible with CUDA arch 900. ggml-cuda.cu was compiled for: 900
/workspace/atlas-rental/src/atlas/kernels/hopper/qwen3.6-27b/nvfp4/q4k_vendor/quantize_impl.cuh:172: ERROR: CUDA kernel quantize_mmq_nvfp4_worker has no device code compatible with CUDA arch 900. ggml-cuda.cu was compiled for: 900
/workspace/atlas-rental/src/atlas/kernels/hopper/qwen3.6-27b/nvfp4/q4k_vendor/quantize_impl.cuh:172: ERROR: CUDA kernel quantize_mmq_nvfp4_worker has no device code compatible with CUDA arch 900. ggml-cuda.cu was compiled for: 900
/workspace/atlas-rental/src/atlas/kernels/hopper/qwen3.6-27b/nvfp4/q4k_vendor/quantize_impl.cuh:172: ERROR: CUDA kernel quantize_mmq_nvfp4_worker has no device code compatible with CUDA arch 900. ggml-cuda.cu was compiled for: 900
/workspace/atlas-rental/src/atlas/kernels/hopper/qwen3.6-27b/nvfp4/q4k_vendor/quantize_impl.cuh:172: ERROR: CUDA kernel quantize_mmq_nvfp4_worker has no device code compatible with CUDA arch 900. ggml-cuda.cu was compiled for: 900
/workspace/atlas-rental/src/atlas/kernels/hopper/qwen3.6-27b/nvfp4/q4k_vendor/quantize_impl.cuh:172: ERROR: CUDA kernel quantize_mmq_nvfp4_worker has no device code compatible with CUDA arch 900. ggml-cuda.cu was compiled for: 900
/workspace/atlas-rental/src/atlas/kernels/hopper/qwen3.6-27b/nvfp4/q4k_vendor/quantize_impl.cuh:172: ERROR: CUDA kernel quantize_mmq_nvfp4_worker has no device code compatible with CUDA arch 900. ggml-cuda.cu was compiled for: 900
/workspace/atlas-rental/src/atlas/kernels/hopper/qwen3.6-27b/nvfp4/q4k_vendor/quantize_impl.cuh:172: ERROR: CUDA kernel quantize_mmq_nvfp4_worker has no device code compatible with CUDA arch 900. ggml-cuda.cu was compiled for: 900
/workspace/atlas-rental/src/atlas/kernels/hopper/qwen3.6-27b/nvfp4/q4k_vendor/quantize_impl.cuh:172: ERROR: CUDA kernel quantize_mmq_nvfp4_worker has no device code compatible with CUDA arch 900. ggml-cuda.cu was compiled for: 900
/workspace/atlas-rental/src/atlas/kernels/hopper/qwen3.6-27b/nvfp4/q4k_vendor/quantize_impl.cuh:172: ERROR: CUDA kernel quantize_mmq_nvfp4_worker has no device code compatible with CUDA arch 900. ggml-cuda.cu was compiled for: 900
/workspace/atlas-rental/src/atlas/kernels/hopper/qwen3.6-27b/nvfp4/q4k_vendor/quantize_impl.cuh:172: ERROR: CUDA kernel quantize_mmq_nvfp4_worker has no device code compatible with CUDA arch 900. ggml-cuda.cu was compiled for: 900
/workspace/atlas-rental/src/atlas/kernels/hopper/qwen3.6-27b/nvfp4/q4k_vendor/quantize_impl.cuh:172: ERROR: CUDA kernel quantize_mmq_nvfp4_worker has no device code compatible with CUDA arch 900. ggml-cuda.cu was compiled for: 900
/workspace/atlas-rental/src/atlas/kernels/hopper/qwen3.6-27b/nvfp4/q4k_vendor/quantize_impl.cuh:172: ERROR: CUDA kernel quantize_mmq_nvfp4_worker has no device code compatible with CUDA arch 900. ggml-cuda.cu was compiled for: 900
/workspace/atlas-rental/src/atlas/kernels/hopper/qwen3.6-27b/nvfp4/q4k_vendor/quantize_impl.cuh:172: ERROR: CUDA kernel quantize_mmq_nvfp4_worker has no device code compatible with CUDA arch 900. ggml-cuda.cu was compiled for: 900
/workspace/atlas-rental/src/atlas/kernels/hopper/qwen3.6-27b/nvfp4/q4k_vendor/quantize_impl.cuh:172: ERROR: CUDA kernel quantize_mmq_nvfp4_worker has no device code compatible with CUDA arch 900. ggml-cuda.cu was compiled for: 900
/workspace/atlas-rental/src/atlas/kernels/hopper/qwen3.6-27b/nvfp4/q4k_vendor/quantize_impl.cuh:172: ERROR: CUDA kernel quantize_mmq_nvfp4_worker has no device code compatible with CUDA arch 900. ggml-cuda.cu was compiled for: 900
/workspace/atlas-rental/src/atlas/kernels/hopper/qwen3.6-27b/nvfp4/q4k_vendor/quantize_impl.cuh:172: ERROR: CUDA kernel quantize_mmq_nvfp4_worker has no device code compatible with CUDA arch 900. ggml-cuda.cu was compiled for: 900
/workspace/atlas-rental/src/atlas/kernels/hopper/qwen3.6-27b/nvfp4/q4k_vendor/quantize_impl.cuh:172: ERROR: CUDA kernel quantize_mmq_nvfp4_worker has no device code compatible with CUDA arch 900. ggml-cuda.cu was compiled for: 900
/workspace/atlas-rental/src/atlas/kernels/hopper/qwen3.6-27b/nvfp4/q4k_vendor/quantize_impl.cuh:172: ERROR: CUDA kernel quantize_mmq_nvfp4_worker has no device code compatible with CUDA arch 900. ggml-cuda.cu was compiled for: 900
/workspace/atlas-rental/src/atlas/kernels/hopper/qwen3.6-27b/nvfp4/q4k_vendor/quantize_impl.cuh:172: ERROR: CUDA kernel quantize_mmq_nvfp4_worker has no device code compatible with CUDA arch 900. ggml-cuda.cu was compiled for: 900
/workspace/atlas-rental/src/atlas/kernels/hopper/qwen3.6-27b/nvfp4/q4k_vendor/quantize_impl.cuh:172: ERROR: CUDA kernel quantize_mmq_nvfp4_worker has no device code compatible with CUDA arch 900. ggml-cuda.cu was compiled for: 900
/workspace/atlas-rental/src/atlas/kernels/hopper/qwen3.6-27b/nvfp4/q4k_vendor/quantize_impl.cuh:172: ERROR: CUDA kernel quantize_mmq_nvfp4_worker has no device code compatible with CUDA arch 900. ggml-cuda.cu was compiled for: 900
/workspace/atlas-rental/src/atlas/kernels/hopper/qwen3.6-27b/nvfp4/q4k_vendor/quantize_impl.cuh:172: ERROR: CUDA kernel quantize_mmq_nvfp4_worker has no device code compatible with CUDA arch 900. ggml-cuda.cu was compiled for: 900
/workspace/atlas-rental/src/atlas/kernels/hopper/qwen3.6-27b/nvfp4/q4k_vendor/quantize_impl.cuh:172: ERROR: CUDA kernel quantize_mmq_nvfp4_worker has no device code compatible with CUDA arch 900. ggml-cuda.cu was compiled for: 900
/workspace/atlas-rental/src/atlas/kernels/hopper/qwen3.6-27b/nvfp4/q4k_vendor/quantize_impl.cuh:172: ERROR: CUDA kernel quantize_mmq_nvfp4_worker has no device code compatible with CUDA arch 900. ggml-cuda.cu was compiled for: 900
/workspace/atlas-rental/src/atlas/kernels/hopper/qwen3.6-27b/nvfp4/q4k_vendor/quantize_impl.cuh:172: ERROR: CUDA kernel quantize_mmq_nvfp4_worker has no device code compatible with CUDA arch 900. ggml-cuda.cu was compiled for: 900
/workspace/atlas-rental/src/atlas/kernels/hopper/qwen3.6-27b/nvfp4/q4k_vendor/quantize_impl.cuh:172: ERROR: CUDA kernel quantize_mmq_nvfp4_worker has no device code compatible with CUDA arch 900. ggml-cuda.cu was compiled for: 900
/workspace/atlas-rental/src/atlas/kernels/hopper/qwen3.6-27b/nvfp4/q4k_vendor/quantize_impl.cuh:172: ERROR: CUDA kernel quantize_mmq_nvfp4_worker has no device code compatible with CUDA arch 900. ggml-cuda.cu was compiled for: 900
/workspace/atlas-rental/src/atlas/kernels/hopper/qwen3.6-27b/nvfp4/q4k_vendor/quantize_impl.cuh:172: ERROR: CUDA kernel quantize_mmq_nvfp4_worker has no device code compatible with CUDA arch 900. ggml-cuda.cu was compiled for: 900
/workspace/atlas-rental/src/atlas/kernels/hopper/qwen3.6-27b/nvfp4/q4k_vendor/quantize_impl.cuh:172: ERROR: CUDA kernel quantize_mmq_nvfp4_worker has no device code compatible with CUDA arch 900. ggml-cuda.cu was compiled for: 900
/workspace/atlas-rental/src/atlas/kernels/hopper/qwen3.6-27b/nvfp4/q4k_vendor/quantize_impl.cuh:172: ERROR: CUDA kernel quantize_mmq_nvfp4_worker has no device code compatible with CUDA arch 900. ggml-cuda.cu was compiled for: 900
/workspace/atlas-rental/src/atlas/kernels/hopper/qwen3.6-27b/nvfp4/q4k_vendor/quantize_impl.cuh:172: ERROR: CUDA kernel quantize_mmq_nvfp4_worker has no device code compatible with CUDA arch 900. ggml-cuda.cu was compiled for: 900
/workspace/atlas-rental/src/atlas/kernels/hopper/qwen3.6-27b/nvfp4/q4k_vendor/quantize_impl.cuh:172: ERROR: CUDA kernel quantize_mmq_nvfp4_worker has no device code compatible with CUDA arch 900. ggml-cuda.cu was compiled for: 900
/workspace/atlas-rental/src/atlas/kernels/hopper/qwen3.6-27b/nvfp4/q4k_vendor/quantize_impl.cuh:172: ERROR: CUDA kernel quantize_mmq_nvfp4_worker has no device code compatible with CUDA arch 900. ggml-cuda.cu was compiled for: 900
/workspace/atlas-rental/src/atlas/kernels/hopper/qwen3.6-27b/nvfp4/q4k_vendor/quantize_impl.cuh:172: ERROR: CUDA kernel quantize_mmq_nvfp4_worker has no device code compatible with CUDA arch 900. ggml-cuda.cu was compiled for: 900
/workspace/atlas-rental/src/atlas/kernels/hopper/qwen3.6-27b/nvfp4/q4k_vendor/quantize_impl.cuh:172: ERROR: CUDA kernel quantize_mmq_nvfp4_worker has no device code compatible with CUDA arch 900. ggml-cuda.cu was compiled for: 900
/workspace/atlas-rental/src/atlas/kernels/hopper/qwen3.6-27b/nvfp4/q4k_vendor/quantize_impl.cuh:172: ERROR: CUDA kernel quantize_mmq_nvfp4_worker has no device code compatible with CUDA arch 900. ggml-cuda.cu was compiled for: 900
/workspace/atlas-rental/src/atlas/kernels/hopper/qwen3.6-27b/nvfp4/q4k_vendor/quantize_impl.cuh:172: ERROR: CUDA kernel quantize_mmq_nvfp4_worker has no device code compatible with CUDA arch 900. ggml-cuda.cu was compiled for: 900
/workspace/atlas-rental/src/atlas/kernels/hopper/qwen3.6-27b/nvfp4/q4k_vendor/quantize_impl.cuh:172: ERROR: CUDA kernel quantize_mmq_nvfp4_worker has no device code compatible with CUDA arch 900. ggml-cuda.cu was compiled for: 900
/workspace/atlas-rental/src/atlas/kernels/hopper/qwen3.6-27b/nvfp4/q4k_vendor/quantize_impl.cuh:172: ERROR: CUDA kernel quantize_mmq_nvfp4_worker has no device code compatible with CUDA arch 900. ggml-cuda.cu was compiled for: 900
/workspace/atlas-rental/src/atlas/kernels/hopper/qwen3.6-27b/nvfp4/q4k_vendor/quantize_impl.cuh:172: ERROR: CUDA kernel quantize_mmq_nvfp4_worker has no device code compatible with CUDA arch 900. ggml-cuda.cu was compiled for: 900
/workspace/atlas-rental/src/atlas/kernels/hopper/qwen3.6-27b/nvfp4/q4k_vendor/quantize_impl.cuh:172: ERROR: CUDA kernel quantize_mmq_nvfp4_worker has no device code compatible with CUDA arch 900. ggml-cuda.cu was compiled for: 900
/workspace/atlas-rental/src/atlas/kernels/hopper/qwen3.6-27b/nvfp4/q4k_vendor/quantize_impl.cuh:172: ERROR: CUDA kernel quantize_mmq_nvfp4_worker has no device code compatible with CUDA arch 900. ggml-cuda.cu was compiled for: 900
/workspace/atlas-rental/src/atlas/kernels/hopper/qwen3.6-27b/nvfp4/q4k_vendor/quantize_impl.cuh:172: ERROR: CUDA kernel quantize_mmq_nvfp4_worker has no device code compatible with CUDA arch 900. ggml-cuda.cu was compiled for: 900
/workspace/atlas-rental/src/atlas/kernels/hopper/qwen3.6-27b/nvfp4/q4k_vendor/quantize_impl.cuh:172: ERROR: CUDA kernel quantize_mmq_nvfp4_worker has no device code compatible with CUDA arch 900. ggml-cuda.cu was compiled for: 900
/workspace/atlas-rental/src/atlas/kernels/hopper/qwen3.6-27b/nvfp4/q4k_vendor/quantize_impl.cuh:172: ERROR: CUDA kernel quantize_mmq_nvfp4_worker has no device code compatible with CUDA arch 900. ggml-cuda.cu was compiled for: 900
/workspace/atlas-rental/src/atlas/kernels/hopper/qwen3.6-27b/nvfp4/q4k_vendor/quantize_impl.cuh:172: ERROR: CUDA kernel quantize_mmq_nvfp4_worker has no device code compatible with CUDA arch 900. ggml-cuda.cu was compiled for: 900
/workspace/atlas-rental/src/atlas/kernels/hopper/qwen3.6-27b/nvfp4/q4k_vendor/quantize_impl.cuh:172: ERROR: CUDA kernel quantize_mmq_nvfp4_worker has no device code compatible with CUDA arch 900. ggml-cuda.cu was compiled for: 900
/workspace/atlas-rental/src/atlas/kernels/hopper/qwen3.6-27b/nvfp4/q4k_vendor/quantize_impl.cuh:172: ERROR: CUDA kernel quantize_mmq_nvfp4_worker has no device code compatible with CUDA arch 900. ggml-cuda.cu was compiled for: 900
/workspace/atlas-rental/src/atlas/kernels/hopper/qwen3.6-27b/nvfp4/q4k_vendor/quantize_impl.cuh:172: ERROR: CUDA kernel quantize_mmq_nvfp4_worker has no device code compatible with CUDA arch 900. ggml-cuda.cu was compiled for: 900
/workspace/atlas-rental/src/atlas/kernels/hopper/qwen3.6-27b/nvfp4/q4k_vendor/quantize_impl.cuh:172: ERROR: CUDA kernel quantize_mmq_nvfp4_worker has no device code compatible with CUDA arch 900. ggml-cuda.cu was compiled for: 900
/workspace/atlas-rental/src/atlas/kernels/hopper/qwen3.6-27b/nvfp4/q4k_vendor/quantize_impl.cuh:172: ERROR: CUDA kernel quantize_mmq_nvfp4_worker has no device code compatible with CUDA arch 900. ggml-cuda.cu was compiled for: 900
/workspace/atlas-rental/src/atlas/kernels/hopper/qwen3.6-27b/nvfp4/q4k_vendor/quantize_impl.cuh:172: ERROR: CUDA kernel quantize_mmq_nvfp4_worker has no device code compatible with CUDA arch 900. ggml-cuda.cu was compiled for: 900
/workspace/atlas-rental/src/atlas/kernels/hopper/qwen3.6-27b/nvfp4/q4k_vendor/quantize_impl.cuh:172: ERROR: CUDA kernel quantize_mmq_nvfp4_worker has no device code compatible with CUDA arch 900. ggml-cuda.cu was compiled for: 900
/workspace/atlas-rental/src/atlas/kernels/hopper/qwen3.6-27b/nvfp4/q4k_vendor/quantize_impl.cuh:172: ERROR: CUDA kernel quantize_mmq_nvfp4_worker has no device code compatible with CUDA arch 900. ggml-cuda.cu was compiled for: 900
/workspace/atlas-rental/src/atlas/kernels/hopper/qwen3.6-27b/nvfp4/q4k_vendor/quantize_impl.cuh:172: ERROR: CUDA kernel quantize_mmq_nvfp4_worker has no device code compatible with CUDA arch 900. ggml-cuda.cu was compiled for: 900
/workspace/atlas-rental/src/atlas/kernels/hopper/qwen3.6-27b/nvfp4/q4k_vendor/quantize_impl.cuh:172: ERROR: CUDA kernel quantize_mmq_nvfp4_worker has no device code compatible with CUDA arch 900. ggml-cuda.cu was compiled for: 900
/workspace/atlas-rental/src/atlas/kernels/hopper/qwen3.6-27b/nvfp4/q4k_vendor/quantize_impl.cuh:172: ERROR: CUDA kernel quantize_mmq_nvfp4_worker has no device code compatible with CUDA arch 900. ggml-cuda.cu was compiled for: 900
/workspace/atlas-rental/src/atlas/kernels/hopper/qwen3.6-27b/nvfp4/q4k_vendor/quantize_impl.cuh:172: ERROR: CUDA kernel quantize_mmq_nvfp4_worker has no device code compatible with CUDA arch 900. ggml-cuda.cu was compiled for: 900
/workspace/atlas-rental/src/atlas/kernels/hopper/qwen3.6-27b/nvfp4/q4k_vendor/quantize_impl.cuh:172: ERROR: CUDA kernel quantize_mmq_nvfp4_worker has no device code compatible with CUDA arch 900. ggml-cuda.cu was compiled for: 900
/workspace/atlas-rental/src/atlas/kernels/hopper/qwen3.6-27b/nvfp4/q4k_vendor/quantize_impl.cuh:172: ERROR: CUDA kernel quantize_mmq_nvfp4_worker has no device code compatible with CUDA arch 900. ggml-cuda.cu was compiled for: 900
/workspace/atlas-rental/src/atlas/kernels/hopper/qwen3.6-27b/nvfp4/q4k_vendor/quantize_impl.cuh:172: ERROR: CUDA kernel quantize_mmq_nvfp4_worker has no device code compatible with CUDA arch 900. ggml-cuda.cu was compiled for: 900
/workspace/atlas-rental/src/atlas/kernels/hopper/qwen3.6-27b/nvfp4/q4k_vendor/quantize_impl.cuh:172: ERROR: CUDA kernel quantize_mmq_nvfp4_worker has no device code compatible with CUDA arch 900. ggml-cuda.cu was compiled for: 900
/workspace/atlas-rental/src/atlas/kernels/hopper/qwen3.6-27b/nvfp4/q4k_vendor/quantize_impl.cuh:172: ERROR: CUDA kernel quantize_mmq_nvfp4_worker has no device code compatible with CUDA arch 900. ggml-cuda.cu was compiled for: 900
/workspace/atlas-rental/src/atlas/kernels/hopper/qwen3.6-27b/nvfp4/q4k_vendor/quantize_impl.cuh:172: ERROR: CUDA kernel quantize_mmq_nvfp4_worker has no device code compatible with CUDA arch 900. ggml-cuda.cu was compiled for: 900
/workspace/atlas-rental/src/atlas/kernels/hopper/qwen3.6-27b/nvfp4/q4k_vendor/quantize_impl.cuh:172: ERROR: CUDA kernel quantize_mmq_nvfp4_worker has no device code compatible with CUDA arch 900. ggml-cuda.cu was compiled for: 900
/workspace/atlas-rental/src/atlas/kernels/hopper/qwen3.6-27b/nvfp4/q4k_vendor/quantize_impl.cuh:172: ERROR: CUDA kernel quantize_mmq_nvfp4_worker has no device code compatible with CUDA arch 900. ggml-cuda.cu was compiled for: 900
/workspace/atlas-rental/src/atlas/kernels/hopper/qwen3.6-27b/nvfp4/q4k_vendor/quantize_impl.cuh:172: ERROR: CUDA kernel quantize_mmq_nvfp4_worker has no device code compatible with CUDA arch 900. ggml-cuda.cu was compiled for: 900
/workspace/atlas-rental/src/atlas/kernels/hopper/qwen3.6-27b/nvfp4/q4k_vendor/quantize_impl.cuh:172: ERROR: CUDA kernel quantize_mmq_nvfp4_worker has no device code compatible with CUDA arch 900. ggml-cuda.cu was compiled for: 900
/workspace/atlas-rental/src/atlas/kernels/hopper/qwen3.6-27b/nvfp4/q4k_vendor/quantize_impl.cuh:172: ERROR: CUDA kernel quantize_mmq_nvfp4_worker has no device code compatible with CUDA arch 900. ggml-cuda.cu was compiled for: 900
/workspace/atlas-rental/src/atlas/kernels/hopper/qwen3.6-27b/nvfp4/q4k_vendor/quantize_impl.cuh:172: ERROR: CUDA kernel quantize_mmq_nvfp4_worker has no device code compatible with CUDA arch 900. ggml-cuda.cu was compiled for: 900
/workspace/atlas-rental/src/atlas/kernels/hopper/qwen3.6-27b/nvfp4/q4k_vendor/quantize_impl.cuh:172: ERROR: CUDA kernel quantize_mmq_nvfp4_worker has no device code compatible with CUDA arch 900. ggml-cuda.cu was compiled for: 900
/workspace/atlas-rental/src/atlas/kernels/hopper/qwen3.6-27b/nvfp4/q4k_vendor/quantize_impl.cuh:172: ERROR: CUDA kernel quantize_mmq_nvfp4_worker has no device code compatible with CUDA arch 900. ggml-cuda.cu was compiled for: 900
/workspace/atlas-rental/src/atlas/kernels/hopper/qwen3.6-27b/nvfp4/q4k_vendor/quantize_impl.cuh:172: ERROR: CUDA kernel quantize_mmq_nvfp4_worker has no device code compatible with CUDA arch 900. ggml-cuda.cu was compiled for: 900
/workspace/atlas-rental/src/atlas/kernels/hopper/qwen3.6-27b/nvfp4/q4k_vendor/quantize_impl.cuh:172: ERROR: CUDA kernel quantize_mmq_nvfp4_worker has no device code compatible with CUDA arch 900. ggml-cuda.cu was compiled for: 900
/workspace/atlas-rental/src/atlas/kernels/hopper/qwen3.6-27b/nvfp4/q4k_vendor/quantize_impl.cuh:172: ERROR: CUDA kernel quantize_mmq_nvfp4_worker has no device code compatible with CUDA arch 900. ggml-cuda.cu was compiled for: 900
/workspace/atlas-rental/src/atlas/kernels/hopper/qwen3.6-27b/nvfp4/q4k_vendor/quantize_impl.cuh:172: ERROR: CUDA kernel quantize_mmq_nvfp4_worker has no device code compatible with CUDA arch 900. ggml-cuda.cu was compiled for: 900
/workspace/atlas-rental/src/atlas/kernels/hopper/qwen3.6-27b/nvfp4/q4k_vendor/quantize_impl.cuh:172: ERROR: CUDA kernel quantize_mmq_nvfp4_worker has no device code compatible with CUDA arch 900. ggml-cuda.cu was compiled for: 900
/workspace/atlas-rental/src/atlas/kernels/hopper/qwen3.6-27b/nvfp4/q4k_vendor/quantize_impl.cuh:172: ERROR: CUDA kernel quantize_mmq_nvfp4_worker has no device code compatible with CUDA arch 900. ggml-cuda.cu was compiled for: 900
/workspace/atlas-rental/src/atlas/kernels/hopper/qwen3.6-27b/nvfp4/q4k_vendor/quantize_impl.cuh:172: ERROR: CUDA kernel quantize_mmq_nvfp4_worker has no device code compatible with CUDA arch 900. ggml-cuda.cu was compiled for: 900
/workspace/atlas-rental/src/atlas/kernels/hopper/qwen3.6-27b/nvfp4/q4k_vendor/quantize_impl.cuh:172: ERROR: CUDA kernel quantize_mmq_nvfp4_worker has no device code compatible with CUDA arch 900. ggml-cuda.cu was compiled for: 900
/workspace/atlas-rental/src/atlas/kernels/hopper/qwen3.6-27b/nvfp4/q4k_vendor/quantize_impl.cuh:172: ERROR: CUDA kernel quantize_mmq_nvfp4_worker has no device code compatible with CUDA arch 900. ggml-cuda.cu was compiled for: 900
/workspace/atlas-rental/src/atlas/kernels/hopper/qwen3.6-27b/nvfp4/q4k_vendor/quantize_impl.cuh:172: ERROR: CUDA kernel quantize_mmq_nvfp4_worker has no device code compatible with CUDA arch 900. ggml-cuda.cu was compiled for: 900
/workspace/atlas-rental/src/atlas/kernels/hopper/qwen3.6-27b/nvfp4/q4k_vendor/quantize_impl.cuh:172: ERROR: CUDA kernel quantize_mmq_nvfp4_worker has no device code compatible with CUDA arch 900. ggml-cuda.cu was compiled for: 900
/workspace/atlas-rental/src/atlas/kernels/hopper/qwen3.6-27b/nvfp4/q4k_vendor/quantize_impl.cuh:172: ERROR: CUDA kernel quantize_mmq_nvfp4_worker has no device code compatible with CUDA arch 900. ggml-cuda.cu was compiled for: 900
/workspace/atlas-rental/src/atlas/kernels/hopper/qwen3.6-27b/nvfp4/q4k_vendor/quantize_impl.cuh:172: ERROR: CUDA kernel quantize_mmq_nvfp4_worker has no device code compatible with CUDA arch 900. ggml-cuda.cu was compiled for: 900
/workspace/atlas-rental/src/atlas/kernels/hopper/qwen3.6-27b/nvfp4/q4k_vendor/quantize_impl.cuh:172: ERROR: CUDA kernel quantize_mmq_nvfp4_worker has no device code compatible with CUDA arch 900. ggml-cuda.cu was compiled for: 900
/workspace/atlas-rental/src/atlas/kernels/hopper/qwen3.6-27b/nvfp4/q4k_vendor/quantize_impl.cuh:172: ERROR: CUDA kernel quantize_mmq_nvfp4_worker has no device code compatible with CUDA arch 900. ggml-cuda.cu was compiled for: 900
/workspace/atlas-rental/src/atlas/kernels/hopper/qwen3.6-27b/nvfp4/q4k_vendor/quantize_impl.cuh:172: ERROR: CUDA kernel quantize_mmq_nvfp4_worker has no device code compatible with CUDA arch 900. ggml-cuda.cu was compiled for: 900
/workspace/atlas-rental/src/atlas/kernels/hopper/qwen3.6-27b/nvfp4/q4k_vendor/quantize_impl.cuh:172: ERROR: CUDA kernel quantize_mmq_nvfp4_worker has no device code compatible with CUDA arch 900. ggml-cuda.cu was compiled for: 900
/workspace/atlas-rental/src/atlas/kernels/hopper/qwen3.6-27b/nvfp4/q4k_vendor/quantize_impl.cuh:172: ERROR: CUDA kernel quantize_mmq_nvfp4_worker has no device code compatible with CUDA arch 900. ggml-cuda.cu was compiled for: 900
/workspace/atlas-rental/src/atlas/kernels/hopper/qwen3.6-27b/nvfp4/q4k_vendor/quantize_impl.cuh:172: ERROR: CUDA kernel quantize_mmq_nvfp4_worker has no device code compatible with CUDA arch 900. ggml-cuda.cu was compiled for: 900
/workspace/atlas-rental/src/atlas/kernels/hopper/qwen3.6-27b/nvfp4/q4k_vendor/quantize_impl.cuh:172: ERROR: CUDA kernel quantize_mmq_nvfp4_worker has no device code compatible with CUDA arch 900. ggml-cuda.cu was compiled for: 900
/workspace/atlas-rental/src/atlas/kernels/hopper/qwen3.6-27b/nvfp4/q4k_vendor/quantize_impl.cuh:172: ERROR: CUDA kernel quantize_mmq_nvfp4_worker has no device code compatible with CUDA arch 900. ggml-cuda.cu was compiled for: 900
/workspace/atlas-rental/src/atlas/kernels/hopper/qwen3.6-27b/nvfp4/q4k_vendor/quantize_impl.cuh:172: ERROR: CUDA kernel quantize_mmq_nvfp4_worker has no device code compatible with CUDA arch 900. ggml-cuda.cu was compiled for: 900
/workspace/atlas-rental/src/atlas/kernels/hopper/qwen3.6-27b/nvfp4/q4k_vendor/quantize_impl.cuh:172: ERROR: CUDA kernel quantize_mmq_nvfp4_worker has no device code compatible with CUDA arch 900. ggml-cuda.cu was compiled for: 900
/workspace/atlas-rental/src/atlas/kernels/hopper/qwen3.6-27b/nvfp4/q4k_vendor/quantize_impl.cuh:172: ERROR: CUDA kernel quantize_mmq_nvfp4_worker has no device code compatible with CUDA arch 900. ggml-cuda.cu was compiled for: 900
/workspace/atlas-rental/src/atlas/kernels/hopper/qwen3.6-27b/nvfp4/q4k_vendor/quantize_impl.cuh:172: ERROR: CUDA kernel quantize_mmq_nvfp4_worker has no device code compatible with CUDA arch 900. ggml-cuda.cu was compiled for: 900
/workspace/atlas-rental/src/atlas/kernels/hopper/qwen3.6-27b/nvfp4/q4k_vendor/quantize_impl.cuh:172: ERROR: CUDA kernel quantize_mmq_nvfp4_worker has no device code compatible with CUDA arch 900. ggml-cuda.cu was compiled for: 900
/workspace/atlas-rental/src/atlas/kernels/hopper/qwen3.6-27b/nvfp4/q4k_vendor/quantize_impl.cuh:172: ERROR: CUDA kernel quantize_mmq_nvfp4_worker has no device code compatible with CUDA arch 900. ggml-cuda.cu was compiled for: 900
/workspace/atlas-rental/src/atlas/kernels/hopper/qwen3.6-27b/nvfp4/q4k_vendor/quantize_impl.cuh:172: ERROR: CUDA kernel quantize_mmq_nvfp4_worker has no device code compatible with CUDA arch 900. ggml-cuda.cu was compiled for: 900
/workspace/atlas-rental/src/atlas/kernels/hopper/qwen3.6-27b/nvfp4/q4k_vendor/quantize_impl.cuh:172: ERROR: CUDA kernel quantize_mmq_nvfp4_worker has no device code compatible with CUDA arch 900. ggml-cuda.cu was compiled for: 900
/workspace/atlas-rental/src/atlas/kernels/hopper/qwen3.6-27b/nvfp4/q4k_vendor/quantize_impl.cuh:172: ERROR: CUDA kernel quantize_mmq_nvfp4_worker has no device code compatible with CUDA arch 900. ggml-cuda.cu was compiled for: 900
/workspace/atlas-rental/src/atlas/kernels/hopper/qwen3.6-27b/nvfp4/q4k_vendor/quantize_impl.cuh:172: ERROR: CUDA kernel quantize_mmq_nvfp4_worker has no device code compatible with CUDA arch 900. ggml-cuda.cu was compiled for: 900
/workspace/atlas-rental/src/atlas/kernels/hopper/qwen3.6-27b/nvfp4/q4k_vendor/quantize_impl.cuh:172: ERROR: CUDA kernel quantize_mmq_nvfp4_worker has no device code compatible with CUDA arch 900. ggml-cuda.cu was compiled for: 900
/workspace/atlas-rental/src/atlas/kernels/hopper/qwen3.6-27b/nvfp4/q4k_vendor/quantize_impl.cuh:172: ERROR: CUDA kernel quantize_mmq_nvfp4_worker has no device code compatible with CUDA arch 900. ggml-cuda.cu was compiled for: 900
/workspace/atlas-rental/src/atlas/kernels/hopper/qwen3.6-27b/nvfp4/q4k_vendor/quantize_impl.cuh:172: ERROR: CUDA kernel quantize_mmq_nvfp4_worker has no device code compatible with CUDA arch 900. ggml-cuda.cu was compiled for: 900
/workspace/atlas-rental/src/atlas/kernels/hopper/qwen3.6-27b/nvfp4/q4k_vendor/quantize_impl.cuh:172: ERROR: CUDA kernel quantize_mmq_nvfp4_worker has no device code compatible with CUDA arch 900. ggml-cuda.cu was compiled for: 900
/workspace/atlas-rental/src/atlas/kernels/hopper/qwen3.6-27b/nvfp4/q4k_vendor/quantize_impl.cuh:172: ERROR: CUDA kernel quantize_mmq_nvfp4_worker has no device code compatible with CUDA arch 900. ggml-cuda.cu was compiled for: 900
/workspace/atlas-rental/src/atlas/kernels/hopper/qwen3.6-27b/nvfp4/q4k_vendor/quantize_impl.cuh:172: ERROR: CUDA kernel quantize_mmq_nvfp4_worker has no device code compatible with CUDA arch 900. ggml-cuda.cu was compiled for: 900
/workspace/atlas-rental/src/atlas/kernels/hopper/qwen3.6-27b/nvfp4/q4k_vendor/quantize_impl.cuh:172: ERROR: CUDA kernel quantize_mmq_nvfp4_worker has no device code compatible with CUDA arch 900. ggml-cuda.cu was compiled for: 900
/workspace/atlas-rental/src/atlas/kernels/hopper/qwen3.6-27b/nvfp4/q4k_vendor/quantize_impl.cuh:172: ERROR: CUDA kernel quantize_mmq_nvfp4_worker has no device code compatible with CUDA arch 900. ggml-cuda.cu was compiled for: 900
/workspace/atlas-rental/src/atlas/kernels/hopper/qwen3.6-27b/nvfp4/q4k_vendor/quantize_impl.cuh:172: ERROR: CUDA kernel quantize_mmq_nvfp4_worker has no device code compatible with CUDA arch 900. ggml-cuda.cu was compiled for: 900
/workspace/atlas-rental/src/atlas/kernels/hopper/qwen3.6-27b/nvfp4/q4k_vendor/quantize_impl.cuh:172: ERROR: CUDA kernel quantize_mmq_nvfp4_worker has no device code compatible with CUDA arch 900. ggml-cuda.cu was compiled for: 900
/workspace/atlas-rental/src/atlas/kernels/hopper/qwen3.6-27b/nvfp4/q4k_vendor/quantize_impl.cuh:172: ERROR: CUDA kernel quantize_mmq_nvfp4_worker has no device code compatible with CUDA arch 900. ggml-cuda.cu was compiled for: 900
/workspace/atlas-rental/src/atlas/kernels/hopper/qwen3.6-27b/nvfp4/q4k_vendor/quantize_impl.cuh:172: ERROR: CUDA kernel quantize_mmq_nvfp4_worker has no device code compatible with CUDA arch 900. ggml-cuda.cu was compiled for: 900
/workspace/atlas-rental/src/atlas/kernels/hopper/qwen3.6-27b/nvfp4/q4k_vendor/quantize_impl.cuh:172: ERROR: CUDA kernel quantize_mmq_nvfp4_worker has no device code compatible with CUDA arch 900. ggml-cuda.cu was compiled for: 900
/workspace/atlas-rental/src/atlas/kernels/hopper/qwen3.6-27b/nvfp4/q4k_vendor/quantize_impl.cuh:172: ERROR: CUDA kernel quantize_mmq_nvfp4_worker has no device code compatible with CUDA arch 900. ggml-cuda.cu was compiled for: 900
/workspace/atlas-rental/src/atlas/kernels/hopper/qwen3.6-27b/nvfp4/q4k_vendor/quantize_impl.cuh:172: ERROR: CUDA kernel quantize_mmq_nvfp4_worker has no device code compatible with CUDA arch 900. ggml-cuda.cu was compiled for: 900
/workspace/atlas-rental/src/atlas/kernels/hopper/qwen3.6-27b/nvfp4/q4k_vendor/quantize_impl.cuh:172: ERROR: CUDA kernel quantize_mmq_nvfp4_worker has no device code compatible with CUDA arch 900. ggml-cuda.cu was compiled for: 900
/workspace/atlas-rental/src/atlas/kernels/hopper/qwen3.6-27b/nvfp4/q4k_vendor/quantize_impl.cuh:172: ERROR: CUDA kernel quantize_mmq_nvfp4_worker has no device code compatible with CUDA arch 900. ggml-cuda.cu was compiled for: 900
/workspace/atlas-rental/src/atlas/kernels/hopper/qwen3.6-27b/nvfp4/q4k_vendor/quantize_impl.cuh:172: ERROR: CUDA kernel quantize_mmq_nvfp4_worker has no device code compatible with CUDA arch 900. ggml-cuda.cu was compiled for: 900
/workspace/atlas-rental/src/atlas/kernels/hopper/qwen3.6-27b/nvfp4/q4k_vendor/quantize_impl.cuh:172: ERROR: CUDA kernel quantize_mmq_nvfp4_worker has no device code compatible with CUDA arch 900. ggml-cuda.cu was compiled for: 900
/workspace/atlas-rental/src/atlas/kernels/hopper/qwen3.6-27b/nvfp4/q4k_vendor/quantize_impl.cuh:172: ERROR: CUDA kernel quantize_mmq_nvfp4_worker has no device code compatible with CUDA arch 900. ggml-cuda.cu was compiled for: 900
/workspace/atlas-rental/src/atlas/kernels/hopper/qwen3.6-27b/nvfp4/q4k_vendor/quantize_impl.cuh:172: ERROR: CUDA kernel quantize_mmq_nvfp4_worker has no device code compatible with CUDA arch 900. ggml-cuda.cu was compiled for: 900
/workspace/atlas-rental/src/atlas/kernels/hopper/qwen3.6-27b/nvfp4/q4k_vendor/quantize_impl.cuh:172: ERROR: CUDA kernel quantize_mmq_nvfp4_worker has no device code compatible with CUDA arch 900. ggml-cuda.cu was compiled for: 900
/workspace/atlas-rental/src/atlas/kernels/hopper/qwen3.6-27b/nvfp4/q4k_vendor/quantize_impl.cuh:172: ERROR: CUDA kernel quantize_mmq_nvfp4_worker has no device code compatible with CUDA arch 900. ggml-cuda.cu was compiled for: 900
/workspace/atlas-rental/src/atlas/kernels/hopper/qwen3.6-27b/nvfp4/q4k_vendor/quantize_impl.cuh:172: ERROR: CUDA kernel quantize_mmq_nvfp4_worker has no device code compatible with CUDA arch 900. ggml-cuda.cu was compiled for: 900
/workspace/atlas-rental/src/atlas/kernels/hopper/qwen3.6-27b/nvfp4/q4k_vendor/quantize_impl.cuh:172: ERROR: CUDA kernel quantize_mmq_nvfp4_worker has no device code compatible with CUDA arch 900. ggml-cuda.cu was compiled for: 900
/workspace/atlas-rental/src/atlas/kernels/hopper/qwen3.6-27b/nvfp4/q4k_vendor/quantize_impl.cuh:172: ERROR: CUDA kernel quantize_mmq_nvfp4_worker has no device code compatible with CUDA arch 900. ggml-cuda.cu was compiled for: 900
/workspace/atlas-rental/src/atlas/kernels/hopper/qwen3.6-27b/nvfp4/q4k_vendor/quantize_impl.cuh:172: ERROR: CUDA kernel quantize_mmq_nvfp4_worker has no device code compatible with CUDA arch 900. ggml-cuda.cu was compiled for: 900
/workspace/atlas-rental/src/atlas/kernels/hopper/qwen3.6-27b/nvfp4/q4k_vendor/quantize_impl.cuh:172: ERROR: CUDA kernel quantize_mmq_nvfp4_worker has no device code compatible with CUDA arch 900. ggml-cuda.cu was compiled for: 900
/workspace/atlas-rental/src/atlas/kernels/hopper/qwen3.6-27b/nvfp4/q4k_vendor/quantize_impl.cuh:172: ERROR: CUDA kernel quantize_mmq_nvfp4_worker has no device code compatible with CUDA arch 900. ggml-cuda.cu was compiled for: 900
/workspace/atlas-rental/src/atlas/kernels/hopper/qwen3.6-27b/nvfp4/q4k_vendor/quantize_impl.cuh:172: ERROR: CUDA kernel quantize_mmq_nvfp4_worker has no device code compatible with CUDA arch 900. ggml-cuda.cu was compiled for: 900
/workspace/atlas-rental/src/atlas/kernels/hopper/qwen3.6-27b/nvfp4/q4k_vendor/quantize_impl.cuh:172: ERROR: CUDA kernel quantize_mmq_nvfp4_worker has no device code compatible with CUDA arch 900. ggml-cuda.cu was compiled for: 900
/workspace/atlas-rental/src/atlas/kernels/hopper/qwen3.6-27b/nvfp4/q4k_vendor/quantize_impl.cuh:172: ERROR: CUDA kernel quantize_mmq_nvfp4_worker has no device code compatible with CUDA arch 900. ggml-cuda.cu was compiled for: 900
/workspace/atlas-rental/src/atlas/kernels/hopper/qwen3.6-27b/nvfp4/q4k_vendor/quantize_impl.cuh:172: ERROR: CUDA kernel quantize_mmq_nvfp4_worker has no device code compatible with CUDA arch 900. ggml-cuda.cu was compiled for: 900
/workspace/atlas-rental/src/atlas/kernels/hopper/qwen3.6-27b/nvfp4/q4k_vendor/quantize_impl.cuh:172: ERROR: CUDA kernel quantize_mmq_nvfp4_worker has no device code compatible with CUDA arch 900. ggml-cuda.cu was compiled for: 900
/workspace/atlas-rental/src/atlas/kernels/hopper/qwen3.6-27b/nvfp4/q4k_vendor/quantize_impl.cuh:172: ERROR: CUDA kernel quantize_mmq_nvfp4_worker has no device code compatible with CUDA arch 900. ggml-cuda.cu was compiled for: 900
/workspace/atlas-rental/src/atlas/kernels/hopper/qwen3.6-27b/nvfp4/q4k_vendor/quantize_impl.cuh:172: ERROR: CUDA kernel quantize_mmq_nvfp4_worker has no device code compatible with CUDA arch 900. ggml-cuda.cu was compiled for: 900
/workspace/atlas-rental/src/atlas/kernels/hopper/qwen3.6-27b/nvfp4/q4k_vendor/quantize_impl.cuh:172: ERROR: CUDA kernel quantize_mmq_nvfp4_worker has no device code compatible with CUDA arch 900. ggml-cuda.cu was compiled for: 900
/workspace/atlas-rental/src/atlas/kernels/hopper/qwen3.6-27b/nvfp4/q4k_vendor/quantize_impl.cuh:172: ERROR: CUDA kernel quantize_mmq_nvfp4_worker has no device code compatible with CUDA arch 900. ggml-cuda.cu was compiled for: 900
/workspace/atlas-rental/src/atlas/kernels/hopper/qwen3.6-27b/nvfp4/q4k_vendor/quantize_impl.cuh:172: ERROR: CUDA kernel quantize_mmq_nvfp4_worker has no device code compatible with CUDA arch 900. ggml-cuda.cu was compiled for: 900
/workspace/atlas-rental/src/atlas/kernels/hopper/qwen3.6-27b/nvfp4/q4k_vendor/quantize_impl.cuh:172: ERROR: CUDA kernel quantize_mmq_nvfp4_worker has no device code compatible with CUDA arch 900. ggml-cuda.cu was compiled for: 900
/workspace/atlas-rental/src/atlas/kernels/hopper/qwen3.6-27b/nvfp4/q4k_vendor/quantize_impl.cuh:172: ERROR: CUDA kernel quantize_mmq_nvfp4_worker has no device code compatible with CUDA arch 900. ggml-cuda.cu was compiled for: 900
/workspace/atlas-rental/src/atlas/kernels/hopper/qwen3.6-27b/nvfp4/q4k_vendor/quantize_impl.cuh:172: ERROR: CUDA kernel quantize_mmq_nvfp4_worker has no device code compatible with CUDA arch 900. ggml-cuda.cu was compiled for: 900
/workspace/atlas-rental/src/atlas/kernels/hopper/qwen3.6-27b/nvfp4/q4k_vendor/quantize_impl.cuh:172: ERROR: CUDA kernel quantize_mmq_nvfp4_worker has no device code compatible with CUDA arch 900. ggml-cuda.cu was compiled for: 900
/workspace/atlas-rental/src/atlas/kernels/hopper/qwen3.6-27b/nvfp4/q4k_vendor/quantize_impl.cuh:172: ERROR: CUDA kernel quantize_mmq_nvfp4_worker has no device code compatible with CUDA arch 900. ggml-cuda.cu was compiled for: 900
/workspace/atlas-rental/src/atlas/kernels/hopper/qwen3.6-27b/nvfp4/q4k_vendor/quantize_impl.cuh:172: ERROR: CUDA kernel quantize_mmq_nvfp4_worker has no device code compatible with CUDA arch 900. ggml-cuda.cu was compiled for: 900
/workspace/atlas-rental/src/atlas/kernels/hopper/qwen3.6-27b/nvfp4/q4k_vendor/quantize_impl.cuh:172: ERROR: CUDA kernel quantize_mmq_nvfp4_worker has no device code compatible with CUDA arch 900. ggml-cuda.cu was compiled for: 900
/workspace/atlas-rental/src/atlas/kernels/hopper/qwen3.6-27b/nvfp4/q4k_vendor/quantize_impl.cuh:172: ERROR: CUDA kernel quantize_mmq_nvfp4_worker has no device code compatible with CUDA arch 900. ggml-cuda.cu was compiled for: 900
/workspace/atlas-rental/src/atlas/kernels/hopper/qwen3.6-27b/nvfp4/q4k_vendor/quantize_impl.cuh:172: ERROR: CUDA kernel quantize_mmq_nvfp4_worker has no device code compatible with CUDA arch 900. ggml-cuda.cu was compiled for: 900
/workspace/atlas-rental/src/atlas/kernels/hopper/qwen3.6-27b/nvfp4/q4k_vendor/quantize_impl.cuh:172: ERROR: CUDA kernel quantize_mmq_nvfp4_worker has no device code compatible with CUDA arch 900. ggml-cuda.cu was compiled for: 900
/workspace/atlas-rental/src/atlas/kernels/hopper/qwen3.6-27b/nvfp4/q4k_vendor/quantize_impl.cuh:172: ERROR: CUDA kernel quantize_mmq_nvfp4_worker has no device code compatible with CUDA arch 900. ggml-cuda.cu was compiled for: 900
/workspace/atlas-rental/src/atlas/kernels/hopper/qwen3.6-27b/nvfp4/q4k_vendor/quantize_impl.cuh:172: ERROR: CUDA kernel quantize_mmq_nvfp4_worker has no device code compatible with CUDA arch 900. ggml-cuda.cu was compiled for: 900
/workspace/atlas-rental/src/atlas/kernels/hopper/qwen3.6-27b/nvfp4/q4k_vendor/quantize_impl.cuh:172: ERROR: CUDA kernel quantize_mmq_nvfp4_worker has no device code compatible with CUDA arch 900. ggml-cuda.cu was compiled for: 900
/workspace/atlas-rental/src/atlas/kernels/hopper/qwen3.6-27b/nvfp4/q4k_vendor/quantize_impl.cuh:172: ERROR: CUDA kernel quantize_mmq_nvfp4_worker has no device code compatible with CUDA arch 900. ggml-cuda.cu was compiled for: 900
/workspace/atlas-rental/src/atlas/kernels/hopper/qwen3.6-27b/nvfp4/q4k_vendor/quantize_impl.cuh:172: ERROR: CUDA kernel quantize_mmq_nvfp4_worker has no device code compatible with CUDA arch 900. ggml-cuda.cu was compiled for: 900
/workspace/atlas-rental/src/atlas/kernels/hopper/qwen3.6-27b/nvfp4/q4k_vendor/quantize_impl.cuh:172: ERROR: CUDA kernel quantize_mmq_nvfp4_worker has no device code compatible with CUDA arch 900. ggml-cuda.cu was compiled for: 900
/workspace/atlas-rental/src/atlas/kernels/hopper/qwen3.6-27b/nvfp4/q4k_vendor/quantize_impl.cuh:172: ERROR: CUDA kernel quantize_mmq_nvfp4_worker has no device code compatible with CUDA arch 900. ggml-cuda.cu was compiled for: 900
/workspace/atlas-rental/src/atlas/kernels/hopper/qwen3.6-27b/nvfp4/q4k_vendor/quantize_impl.cuh:172: ERROR: CUDA kernel quantize_mmq_nvfp4_worker has no device code compatible with CUDA arch 900. ggml-cuda.cu was compiled for: 900
/workspace/atlas-rental/src/atlas/kernels/hopper/qwen3.6-27b/nvfp4/q4k_vendor/quantize_impl.cuh:172: ERROR: CUDA kernel quantize_mmq_nvfp4_worker has no device code compatible with CUDA arch 900. ggml-cuda.cu was compiled for: 900
/workspace/atlas-rental/src/atlas/kernels/hopper/qwen3.6-27b/nvfp4/q4k_vendor/quantize_impl.cuh:172: ERROR: CUDA kernel quantize_mmq_nvfp4_worker has no device code compatible with CUDA arch 900. ggml-cuda.cu was compiled for: 900
/workspace/atlas-rental/src/atlas/kernels/hopper/qwen3.6-27b/nvfp4/q4k_vendor/quantize_impl.cuh:172: ERROR: CUDA kernel quantize_mmq_nvfp4_worker has no device code compatible with CUDA arch 900. ggml-cuda.cu was compiled for: 900
/workspace/atlas-rental/src/atlas/kernels/hopper/qwen3.6-27b/nvfp4/q4k_vendor/quantize_impl.cuh:172: ERROR: CUDA kernel quantize_mmq_nvfp4_worker has no device code compatible with CUDA arch 900. ggml-cuda.cu was compiled for: 900
/workspace/atlas-rental/src/atlas/kernels/hopper/qwen3.6-27b/nvfp4/q4k_vendor/quantize_impl.cuh:172: ERROR: CUDA kernel quantize_mmq_nvfp4_worker has no device code compatible with CUDA arch 900. ggml-cuda.cu was compiled for: 900
/workspace/atlas-rental/src/atlas/kernels/hopper/qwen3.6-27b/nvfp4/q4k_vendor/quantize_impl.cuh:172: ERROR: CUDA kernel quantize_mmq_nvfp4_worker has no device code compatible with CUDA arch 900. ggml-cuda.cu was compiled for: 900
/workspace/atlas-rental/src/atlas/kernels/hopper/qwen3.6-27b/nvfp4/q4k_vendor/quantize_impl.cuh:172: ERROR: CUDA kernel quantize_mmq_nvfp4_worker has no device code compatible with CUDA arch 900. ggml-cuda.cu was compiled for: 900
/workspace/atlas-rental/src/atlas/kernels/hopper/qwen3.6-27b/nvfp4/q4k_vendor/quantize_impl.cuh:172: ERROR: CUDA kernel quantize_mmq_nvfp4_worker has no device code compatible with CUDA arch 900. ggml-cuda.cu was compiled for: 900
/workspace/atlas-rental/src/atlas/kernels/hopper/qwen3.6-27b/nvfp4/q4k_vendor/quantize_impl.cuh:172: ERROR: CUDA kernel quantize_mmq_nvfp4_worker has no device code compatible with CUDA arch 900. ggml-cuda.cu was compiled for: 900
/workspace/atlas-rental/src/atlas/kernels/hopper/qwen3.6-27b/nvfp4/q4k_vendor/quantize_impl.cuh:172: ERROR: CUDA kernel quantize_mmq_nvfp4_worker has no device code compatible with CUDA arch 900. ggml-cuda.cu was compiled for: 900
/workspace/atlas-rental/src/atlas/kernels/hopper/qwen3.6-27b/nvfp4/q4k_vendor/quantize_impl.cuh:172: ERROR: CUDA kernel quantize_mmq_nvfp4_worker has no device code compatible with CUDA arch 900. ggml-cuda.cu was compiled for: 900
/workspace/atlas-rental/src/atlas/kernels/hopper/qwen3.6-27b/nvfp4/q4k_vendor/quantize_impl.cuh:172: ERROR: CUDA kernel quantize_mmq_nvfp4_worker has no device code compatible with CUDA arch 900. ggml-cuda.cu was compiled for: 900
/workspace/atlas-rental/src/atlas/kernels/hopper/qwen3.6-27b/nvfp4/q4k_vendor/quantize_impl.cuh:172: ERROR: CUDA kernel quantize_mmq_nvfp4_worker has no device code compatible with CUDA arch 900. ggml-cuda.cu was compiled for: 900
/workspace/atlas-rental/src/atlas/kernels/hopper/qwen3.6-27b/nvfp4/q4k_vendor/quantize_impl.cuh:172: ERROR: CUDA kernel quantize_mmq_nvfp4_worker has no device code compatible with CUDA arch 900. ggml-cuda.cu was compiled for: 900
/workspace/atlas-rental/src/atlas/kernels/hopper/qwen3.6-27b/nvfp4/q4k_vendor/quantize_impl.cuh:172: ERROR: CUDA kernel quantize_mmq_nvfp4_worker has no device code compatible with CUDA arch 900. ggml-cuda.cu was compiled for: 900
/workspace/atlas-rental/src/atlas/kernels/hopper/qwen3.6-27b/nvfp4/q4k_vendor/quantize_impl.cuh:172: ERROR: CUDA kernel quantize_mmq_nvfp4_worker has no device code compatible with CUDA arch 900. ggml-cuda.cu was compiled for: 900
/workspace/atlas-rental/src/atlas/kernels/hopper/qwen3.6-27b/nvfp4/q4k_vendor/quantize_impl.cuh:172: ERROR: CUDA kernel quantize_mmq_nvfp4_worker has no device code compatible with CUDA arch 900. ggml-cuda.cu was compiled for: 900
/workspace/atlas-rental/src/atlas/kernels/hopper/qwen3.6-27b/nvfp4/q4k_vendor/quantize_impl.cuh:172: ERROR: CUDA kernel quantize_mmq_nvfp4_worker has no device code compatible with CUDA arch 900. ggml-cuda.cu was compiled for: 900
/workspace/atlas-rental/src/atlas/kernels/hopper/qwen3.6-27b/nvfp4/q4k_vendor/quantize_impl.cuh:172: ERROR: CUDA kernel quantize_mmq_nvfp4_worker has no device code compatible with CUDA arch 900. ggml-cuda.cu was compiled for: 900
/workspace/atlas-rental/src/atlas/kernels/hopper/qwen3.6-27b/nvfp4/q4k_vendor/quantize_impl.cuh:172: ERROR: CUDA kernel quantize_mmq_nvfp4_worker has no device code compatible with CUDA arch 900. ggml-cuda.cu was compiled for: 900
/workspace/atlas-rental/src/atlas/kernels/hopper/qwen3.6-27b/nvfp4/q4k_vendor/quantize_impl.cuh:172: ERROR: CUDA kernel quantize_mmq_nvfp4_worker has no device code compatible with CUDA arch 900. ggml-cuda.cu was compiled for: 900
/workspace/atlas-rental/src/atlas/kernels/hopper/qwen3.6-27b/nvfp4/q4k_vendor/quantize_impl.cuh:172: ERROR: CUDA kernel quantize_mmq_nvfp4_worker has no device code compatible with CUDA arch 900. ggml-cuda.cu was compiled for: 900
/workspace/atlas-rental/src/atlas/kernels/hopper/qwen3.6-27b/nvfp4/q4k_vendor/quantize_impl.cuh:172: ERROR: CUDA kernel quantize_mmq_nvfp4_worker has no device code compatible with CUDA arch 900. ggml-cuda.cu was compiled for: 900
/workspace/atlas-rental/src/atlas/kernels/hopper/qwen3.6-27b/nvfp4/q4k_vendor/quantize_impl.cuh:172: ERROR: CUDA kernel quantize_mmq_nvfp4_worker has no device code compatible with CUDA arch 900. ggml-cuda.cu was compiled for: 900
/workspace/atlas-rental/src/atlas/kernels/hopper/qwen3.6-27b/nvfp4/q4k_vendor/quantize_impl.cuh:172: ERROR: CUDA kernel quantize_mmq_nvfp4_worker has no device code compatible with CUDA arch 900. ggml-cuda.cu was compiled for: 900
/workspace/atlas-rental/src/atlas/kernels/hopper/qwen3.6-27b/nvfp4/q4k_vendor/quantize_impl.cuh:172: ERROR: CUDA kernel quantize_mmq_nvfp4_worker has no device code compatible with CUDA arch 900. ggml-cuda.cu was compiled for: 900
/workspace/atlas-rental/src/atlas/kernels/hopper/qwen3.6-27b/nvfp4/q4k_vendor/quantize_impl.cuh:172: ERROR: CUDA kernel quantize_mmq_nvfp4_worker has no device code compatible with CUDA arch 900. ggml-cuda.cu was compiled for: 900
/workspace/atlas-rental/src/atlas/kernels/hopper/qwen3.6-27b/nvfp4/q4k_vendor/quantize_impl.cuh:172: ERROR: CUDA kernel quantize_mmq_nvfp4_worker has no device code compatible with CUDA arch 900. ggml-cuda.cu was compiled for: 900
/workspace/atlas-rental/src/atlas/kernels/hopper/qwen3.6-27b/nvfp4/q4k_vendor/quantize_impl.cuh:172: ERROR: CUDA kernel quantize_mmq_nvfp4_worker has no device code compatible with CUDA arch 900. ggml-cuda.cu was compiled for: 900
/workspace/atlas-rental/src/atlas/kernels/hopper/qwen3.6-27b/nvfp4/q4k_vendor/quantize_impl.cuh:172: ERROR: CUDA kernel quantize_mmq_nvfp4_worker has no device code compatible with CUDA arch 900. ggml-cuda.cu was compiled for: 900
/workspace/atlas-rental/src/atlas/kernels/hopper/qwen3.6-27b/nvfp4/q4k_vendor/quantize_impl.cuh:172: ERROR: CUDA kernel quantize_mmq_nvfp4_worker has no device code compatible with CUDA arch 900. ggml-cuda.cu was compiled for: 900
/workspace/atlas-rental/src/atlas/kernels/hopper/qwen3.6-27b/nvfp4/q4k_vendor/quantize_impl.cuh:172: ERROR: CUDA kernel quantize_mmq_nvfp4_worker has no device code compatible with CUDA arch 900. ggml-cuda.cu was compiled for: 900
/workspace/atlas-rental/src/atlas/kernels/hopper/qwen3.6-27b/nvfp4/q4k_vendor/quantize_impl.cuh:172: ERROR: CUDA kernel quantize_mmq_nvfp4_worker has no device code compatible with CUDA arch 900. ggml-cuda.cu was compiled for: 900
/workspace/atlas-rental/src/atlas/kernels/hopper/qwen3.6-27b/nvfp4/q4k_vendor/quantize_impl.cuh:172: ERROR: CUDA kernel quantize_mmq_nvfp4_worker has no device code compatible with CUDA arch 900. ggml-cuda.cu was compiled for: 900
/workspace/atlas-rental/src/atlas/kernels/hopper/qwen3.6-27b/nvfp4/q4k_vendor/quantize_impl.cuh:172: ERROR: CUDA kernel quantize_mmq_nvfp4_worker has no device code compatible with CUDA arch 900. ggml-cuda.cu was compiled for: 900
/workspace/atlas-rental/src/atlas/kernels/hopper/qwen3.6-27b/nvfp4/q4k_vendor/quantize_impl.cuh:172: ERROR: CUDA kernel quantize_mmq_nvfp4_worker has no device code compatible with CUDA arch 900. ggml-cuda.cu was compiled for: 900
/workspace/atlas-rental/src/atlas/kernels/hopper/qwen3.6-27b/nvfp4/q4k_vendor/quantize_impl.cuh:172: ERROR: CUDA kernel quantize_mmq_nvfp4_worker has no device code compatible with CUDA arch 900. ggml-cuda.cu was compiled for: 900
/workspace/atlas-rental/src/atlas/kernels/hopper/qwen3.6-27b/nvfp4/q4k_vendor/quantize_impl.cuh:172: ERROR: CUDA kernel quantize_mmq_nvfp4_worker has no device code compatible with CUDA arch 900. ggml-cuda.cu was compiled for: 900
/workspace/atlas-rental/src/atlas/kernels/hopper/qwen3.6-27b/nvfp4/q4k_vendor/quantize_impl.cuh:172: ERROR: CUDA kernel quantize_mmq_nvfp4_worker has no device code compatible with CUDA arch 900. ggml-cuda.cu was compiled for: 900
/workspace/atlas-rental/src/atlas/kernels/hopper/qwen3.6-27b/nvfp4/q4k_vendor/quantize_impl.cuh:172: ERROR: CUDA kernel quantize_mmq_nvfp4_worker has no device code compatible with CUDA arch 900. ggml-cuda.cu was compiled for: 900
/workspace/atlas-rental/src/atlas/kernels/hopper/qwen3.6-27b/nvfp4/q4k_vendor/quantize_impl.cuh:172: ERROR: CUDA kernel quantize_mmq_nvfp4_worker has no device code compatible with CUDA arch 900. ggml-cuda.cu was compiled for: 900
/workspace/atlas-rental/src/atlas/kernels/hopper/qwen3.6-27b/nvfp4/q4k_vendor/quantize_impl.cuh:172: ERROR: CUDA kernel quantize_mmq_nvfp4_worker has no device code compatible with CUDA arch 900. ggml-cuda.cu was compiled for: 900
/workspace/atlas-rental/src/atlas/kernels/hopper/qwen3.6-27b/nvfp4/q4k_vendor/quantize_impl.cuh:172: ERROR: CUDA kernel quantize_mmq_nvfp4_worker has no device code compatible with CUDA arch 900. ggml-cuda.cu was compiled for: 900
/workspace/atlas-rental/src/atlas/kernels/hopper/qwen3.6-27b/nvfp4/q4k_vendor/quantize_impl.cuh:172: ERROR: CUDA kernel quantize_mmq_nvfp4_worker has no device code compatible with CUDA arch 900. ggml-cuda.cu was compiled for: 900
/workspace/atlas-rental/src/atlas/kernels/hopper/qwen3.6-27b/nvfp4/q4k_vendor/quantize_impl.cuh:172: ERROR: CUDA kernel quantize_mmq_nvfp4_worker has no device code compatible with CUDA arch 900. ggml-cuda.cu was compiled for: 900
/workspace/atlas-rental/src/atlas/kernels/hopper/qwen3.6-27b/nvfp4/q4k_vendor/quantize_impl.cuh:172: ERROR: CUDA kernel quantize_mmq_nvfp4_worker has no device code compatible with CUDA arch 900. ggml-cuda.cu was compiled for: 900
/workspace/atlas-rental/src/atlas/kernels/hopper/qwen3.6-27b/nvfp4/q4k_vendor/quantize_impl.cuh:172: ERROR: CUDA kernel quantize_mmq_nvfp4_worker has no device code compatible with CUDA arch 900. ggml-cuda.cu was compiled for: 900
/workspace/atlas-rental/src/atlas/kernels/hopper/qwen3.6-27b/nvfp4/q4k_vendor/quantize_impl.cuh:172: ERROR: CUDA kernel quantize_mmq_nvfp4_worker has no device code compatible with CUDA arch 900. ggml-cuda.cu was compiled for: 900
/workspace/atlas-rental/src/atlas/kernels/hopper/qwen3.6-27b/nvfp4/q4k_vendor/quantize_impl.cuh:172: ERROR: CUDA kernel quantize_mmq_nvfp4_worker has no device code compatible with CUDA arch 900. ggml-cuda.cu was compiled for: 900
/workspace/atlas-rental/src/atlas/kernels/hopper/qwen3.6-27b/nvfp4/q4k_vendor/quantize_impl.cuh:172: ERROR: CUDA kernel quantize_mmq_nvfp4_worker has no device code compatible with CUDA arch 900. ggml-cuda.cu was compiled for: 900
/workspace/atlas-rental/src/atlas/kernels/hopper/qwen3.6-27b/nvfp4/q4k_vendor/quantize_impl.cuh:172: ERROR: CUDA kernel quantize_mmq_nvfp4_worker has no device code compatible with CUDA arch 900. ggml-cuda.cu was compiled for: 900
/workspace/atlas-rental/src/atlas/kernels/hopper/qwen3.6-27b/nvfp4/q4k_vendor/quantize_impl.cuh:172: ERROR: CUDA kernel quantize_mmq_nvfp4_worker has no device code compatible with CUDA arch 900. ggml-cuda.cu was compiled for: 900
/workspace/atlas-rental/src/atlas/kernels/hopper/qwen3.6-27b/nvfp4/q4k_vendor/quantize_impl.cuh:172: ERROR: CUDA kernel quantize_mmq_nvfp4_worker has no device code compatible with CUDA arch 900. ggml-cuda.cu was compiled for: 900
/workspace/atlas-rental/src/atlas/kernels/hopper/qwen3.6-27b/nvfp4/q4k_vendor/quantize_impl.cuh:172: ERROR: CUDA kernel quantize_mmq_nvfp4_worker has no device code compatible with CUDA arch 900. ggml-cuda.cu was compiled for: 900
/workspace/atlas-rental/src/atlas/kernels/hopper/qwen3.6-27b/nvfp4/q4k_vendor/quantize_impl.cuh:172: ERROR: CUDA kernel quantize_mmq_nvfp4_worker has no device code compatible with CUDA arch 900. ggml-cuda.cu was compiled for: 900
/workspace/atlas-rental/src/atlas/kernels/hopper/qwen3.6-27b/nvfp4/q4k_vendor/quantize_impl.cuh:172: ERROR: CUDA kernel quantize_mmq_nvfp4_worker has no device code compatible with CUDA arch 900. ggml-cuda.cu was compiled for: 900
/workspace/atlas-rental/src/atlas/kernels/hopper/qwen3.6-27b/nvfp4/q4k_vendor/quantize_impl.cuh:172: ERROR: CUDA kernel quantize_mmq_nvfp4_worker has no device code compatible with CUDA arch 900. ggml-cuda.cu was compiled for: 900
/workspace/atlas-rental/src/atlas/kernels/hopper/qwen3.6-27b/nvfp4/q4k_vendor/quantize_impl.cuh:172: ERROR: CUDA kernel quantize_mmq_nvfp4_worker has no device code compatible with CUDA arch 900. ggml-cuda.cu was compiled for: 900
/workspace/atlas-rental/src/atlas/kernels/hopper/qwen3.6-27b/nvfp4/q4k_vendor/quantize_impl.cuh:172: ERROR: CUDA kernel quantize_mmq_nvfp4_worker has no device code compatible with CUDA arch 900. ggml-cuda.cu was compiled for: 900
/workspace/atlas-rental/src/atlas/kernels/hopper/qwen3.6-27b/nvfp4/q4k_vendor/quantize_impl.cuh:172: ERROR: CUDA kernel quantize_mmq_nvfp4_worker has no device code compatible with CUDA arch 900. ggml-cuda.cu was compiled for: 900
/workspace/atlas-rental/src/atlas/kernels/hopper/qwen3.6-27b/nvfp4/q4k_vendor/quantize_impl.cuh:172: ERROR: CUDA kernel quantize_mmq_nvfp4_worker has no device code compatible with CUDA arch 900. ggml-cuda.cu was compiled for: 900
/workspace/atlas-rental/src/atlas/kernels/hopper/qwen3.6-27b/nvfp4/q4k_vendor/quantize_impl.cuh:172: ERROR: CUDA kernel quantize_mmq_nvfp4_worker has no device code compatible with CUDA arch 900. ggml-cuda.cu was compiled for: 900
/workspace/atlas-rental/src/atlas/kernels/hopper/qwen3.6-27b/nvfp4/q4k_vendor/quantize_impl.cuh:172: ERROR: CUDA kernel quantize_mmq_nvfp4_worker has no device code compatible with CUDA arch 900. ggml-cuda.cu was compiled for: 900
/workspace/atlas-rental/src/atlas/kernels/hopper/qwen3.6-27b/nvfp4/q4k_vendor/quantize_impl.cuh:172: ERROR: CUDA kernel quantize_mmq_nvfp4_worker has no device code compatible with CUDA arch 900. ggml-cuda.cu was compiled for: 900
/workspace/atlas-rental/src/atlas/kernels/hopper/qwen3.6-27b/nvfp4/q4k_vendor/quantize_impl.cuh:172: ERROR: CUDA kernel quantize_mmq_nvfp4_worker has no device code compatible with CUDA arch 900. ggml-cuda.cu was compiled for: 900
/workspace/atlas-rental/src/atlas/kernels/hopper/qwen3.6-27b/nvfp4/q4k_vendor/quantize_impl.cuh:172: ERROR: CUDA kernel quantize_mmq_nvfp4_worker has no device code compatible with CUDA arch 900. ggml-cuda.cu was compiled for: 900
/workspace/atlas-rental/src/atlas/kernels/hopper/qwen3.6-27b/nvfp4/q4k_vendor/quantize_impl.cuh:172: ERROR: CUDA kernel quantize_mmq_nvfp4_worker has no device code compatible with CUDA arch 900. ggml-cuda.cu was compiled for: 900
/workspace/atlas-rental/src/atlas/kernels/hopper/qwen3.6-27b/nvfp4/q4k_vendor/quantize_impl.cuh:172: ERROR: CUDA kernel quantize_mmq_nvfp4_worker has no device code compatible with CUDA arch 900. ggml-cuda.cu was compiled for: 900
/workspace/atlas-rental/src/atlas/kernels/hopper/qwen3.6-27b/nvfp4/q4k_vendor/quantize_impl.cuh:172: ERROR: CUDA kernel quantize_mmq_nvfp4_worker has no device code compatible with CUDA arch 900. ggml-cuda.cu was compiled for: 900
/workspace/atlas-rental/src/atlas/kernels/hopper/qwen3.6-27b/nvfp4/q4k_vendor/quantize_impl.cuh:172: ERROR: CUDA kernel quantize_mmq_nvfp4_worker has no device code compatible with CUDA arch 900. ggml-cuda.cu was compiled for: 900
/workspace/atlas-rental/src/atlas/kernels/hopper/qwen3.6-27b/nvfp4/q4k_vendor/quantize_impl.cuh:172: ERROR: CUDA kernel quantize_mmq_nvfp4_worker has no device code compatible with CUDA arch 900. ggml-cuda.cu was compiled for: 900
/workspace/atlas-rental/src/atlas/kernels/hopper/qwen3.6-27b/nvfp4/q4k_vendor/quantize_impl.cuh:172: ERROR: CUDA kernel quantize_mmq_nvfp4_worker has no device code compatible with CUDA arch 900. ggml-cuda.cu was compiled for: 900
/workspace/atlas-rental/src/atlas/kernels/hopper/qwen3.6-27b/nvfp4/q4k_vendor/quantize_impl.cuh:172: ERROR: CUDA kernel quantize_mmq_nvfp4_worker has no device code compatible with CUDA arch 900. ggml-cuda.cu was compiled for: 900
/workspace/atlas-rental/src/atlas/kernels/hopper/qwen3.6-27b/nvfp4/q4k_vendor/quantize_impl.cuh:172: ERROR: CUDA kernel quantize_mmq_nvfp4_worker has no device code compatible with CUDA arch 900. ggml-cuda.cu was compiled for: 900
/workspace/atlas-rental/src/atlas/kernels/hopper/qwen3.6-27b/nvfp4/q4k_vendor/quantize_impl.cuh:172: ERROR: CUDA kernel quantize_mmq_nvfp4_worker has no device code compatible with CUDA arch 900. ggml-cuda.cu was compiled for: 900
/workspace/atlas-rental/src/atlas/kernels/hopper/qwen3.6-27b/nvfp4/q4k_vendor/quantize_impl.cuh:172: ERROR: CUDA kernel quantize_mmq_nvfp4_worker has no device code compatible with CUDA arch 900. ggml-cuda.cu was compiled for: 900
/workspace/atlas-rental/src/atlas/kernels/hopper/qwen3.6-27b/nvfp4/q4k_vendor/quantize_impl.cuh:172: ERROR: CUDA kernel quantize_mmq_nvfp4_worker has no device code compatible with CUDA arch 900. ggml-cuda.cu was compiled for: 900
/workspace/atlas-rental/src/atlas/kernels/hopper/qwen3.6-27b/nvfp4/q4k_vendor/quantize_impl.cuh:172: ERROR: CUDA kernel quantize_mmq_nvfp4_worker has no device code compatible with CUDA arch 900. ggml-cuda.cu was compiled for: 900
/workspace/atlas-rental/src/atlas/kernels/hopper/qwen3.6-27b/nvfp4/q4k_vendor/quantize_impl.cuh:172: ERROR: CUDA kernel quantize_mmq_nvfp4_worker has no device code compatible with CUDA arch 900. ggml-cuda.cu was compiled for: 900
/workspace/atlas-rental/src/atlas/kernels/hopper/qwen3.6-27b/nvfp4/q4k_vendor/quantize_impl.cuh:172: ERROR: CUDA kernel quantize_mmq_nvfp4_worker has no device code compatible with CUDA arch 900. ggml-cuda.cu was compiled for: 900
/workspace/atlas-rental/src/atlas/kernels/hopper/qwen3.6-27b/nvfp4/q4k_vendor/quantize_impl.cuh:172: ERROR: CUDA kernel quantize_mmq_nvfp4_worker has no device code compatible with CUDA arch 900. ggml-cuda.cu was compiled for: 900
/workspace/atlas-rental/src/atlas/kernels/hopper/qwen3.6-27b/nvfp4/q4k_vendor/quantize_impl.cuh:172: ERROR: CUDA kernel quantize_mmq_nvfp4_worker has no device code compatible with CUDA arch 900. ggml-cuda.cu was compiled for: 900
/workspace/atlas-rental/src/atlas/kernels/hopper/qwen3.6-27b/nvfp4/q4k_vendor/quantize_impl.cuh:172: ERROR: CUDA kernel quantize_mmq_nvfp4_worker has no device code compatible with CUDA arch 900. ggml-cuda.cu was compiled for: 900
/workspace/atlas-rental/src/atlas/kernels/hopper/qwen3.6-27b/nvfp4/q4k_vendor/quantize_impl.cuh:172: ERROR: CUDA kernel quantize_mmq_nvfp4_worker has no device code compatible with CUDA arch 900. ggml-cuda.cu was compiled for: 900
/workspace/atlas-rental/src/atlas/kernels/hopper/qwen3.6-27b/nvfp4/q4k_vendor/quantize_impl.cuh:172: ERROR: CUDA kernel quantize_mmq_nvfp4_worker has no device code compatible with CUDA arch 900. ggml-cuda.cu was compiled for: 900
/workspace/atlas-rental/src/atlas/kernels/hopper/qwen3.6-27b/nvfp4/q4k_vendor/quantize_impl.cuh:172: ERROR: CUDA kernel quantize_mmq_nvfp4_worker has no device code compatible with CUDA arch 900. ggml-cuda.cu was compiled for: 900
/workspace/atlas-rental/src/atlas/kernels/hopper/qwen3.6-27b/nvfp4/q4k_vendor/quantize_impl.cuh:172: ERROR: CUDA kernel quantize_mmq_nvfp4_worker has no device code compatible with CUDA arch 900. ggml-cuda.cu was compiled for: 900
/workspace/atlas-rental/src/atlas/kernels/hopper/qwen3.6-27b/nvfp4/q4k_vendor/quantize_impl.cuh:172: ERROR: CUDA kernel quantize_mmq_nvfp4_worker has no device code compatible with CUDA arch 900. ggml-cuda.cu was compiled for: 900
/workspace/atlas-rental/src/atlas/kernels/hopper/qwen3.6-27b/nvfp4/q4k_vendor/quantize_impl.cuh:172: ERROR: CUDA kernel quantize_mmq_nvfp4_worker has no device code compatible with CUDA arch 900. ggml-cuda.cu was compiled for: 900
/workspace/atlas-rental/src/atlas/kernels/hopper/qwen3.6-27b/nvfp4/q4k_vendor/quantize_impl.cuh:172: ERROR: CUDA kernel quantize_mmq_nvfp4_worker has no device code compatible with CUDA arch 900. ggml-cuda.cu was compiled for: 900
/workspace/atlas-rental/src/atlas/kernels/hopper/qwen3.6-27b/nvfp4/q4k_vendor/quantize_impl.cuh:172: ERROR: CUDA kernel quantize_mmq_nvfp4_worker has no device code compatible with CUDA arch 900. ggml-cuda.cu was compiled for: 900
/workspace/atlas-rental/src/atlas/kernels/hopper/qwen3.6-27b/nvfp4/q4k_vendor/quantize_impl.cuh:172: ERROR: CUDA kernel quantize_mmq_nvfp4_worker has no device code compatible with CUDA arch 900. ggml-cuda.cu was compiled for: 900
/workspace/atlas-rental/src/atlas/kernels/hopper/qwen3.6-27b/nvfp4/q4k_vendor/quantize_impl.cuh:172: ERROR: CUDA kernel quantize_mmq_nvfp4_worker has no device code compatible with CUDA arch 900. ggml-cuda.cu was compiled for: 900
/workspace/atlas-rental/src/atlas/kernels/hopper/qwen3.6-27b/nvfp4/q4k_vendor/quantize_impl.cuh:172: ERROR: CUDA kernel quantize_mmq_nvfp4_worker has no device code compatible with CUDA arch 900. ggml-cuda.cu was compiled for: 900
/workspace/atlas-rental/src/atlas/kernels/hopper/qwen3.6-27b/nvfp4/q4k_vendor/quantize_impl.cuh:172: ERROR: CUDA kernel quantize_mmq_nvfp4_worker has no device code compatible with CUDA arch 900. ggml-cuda.cu was compiled for: 900
/workspace/atlas-rental/src/atlas/kernels/hopper/qwen3.6-27b/nvfp4/q4k_vendor/quantize_impl.cuh:172: ERROR: CUDA kernel quantize_mmq_nvfp4_worker has no device code compatible with CUDA arch 900. ggml-cuda.cu was compiled for: 900
/workspace/atlas-rental/src/atlas/kernels/hopper/qwen3.6-27b/nvfp4/q4k_vendor/quantize_impl.cuh:172: ERROR: CUDA kernel quantize_mmq_nvfp4_worker has no device code compatible with CUDA arch 900. ggml-cuda.cu was compiled for: 900
/workspace/atlas-rental/src/atlas/kernels/hopper/qwen3.6-27b/nvfp4/q4k_vendor/quantize_impl.cuh:172: ERROR: CUDA kernel quantize_mmq_nvfp4_worker has no device code compatible with CUDA arch 900. ggml-cuda.cu was compiled for: 900
/workspace/atlas-rental/src/atlas/kernels/hopper/qwen3.6-27b/nvfp4/q4k_vendor/quantize_impl.cuh:172: ERROR: CUDA kernel quantize_mmq_nvfp4_worker has no device code compatible with CUDA arch 900. ggml-cuda.cu was compiled for: 900
/workspace/atlas-rental/src/atlas/kernels/hopper/qwen3.6-27b/nvfp4/q4k_vendor/quantize_impl.cuh:172: ERROR: CUDA kernel quantize_mmq_nvfp4_worker has no device code compatible with CUDA arch 900. ggml-cuda.cu was compiled for: 900
/workspace/atlas-rental/src/atlas/kernels/hopper/qwen3.6-27b/nvfp4/q4k_vendor/quantize_impl.cuh:172: ERROR: CUDA kernel quantize_mmq_nvfp4_worker has no device code compatible with CUDA arch 900. ggml-cuda.cu was compiled for: 900
/workspace/atlas-rental/src/atlas/kernels/hopper/qwen3.6-27b/nvfp4/q4k_vendor/quantize_impl.cuh:172: ERROR: CUDA kernel quantize_mmq_nvfp4_worker has no device code compatible with CUDA arch 900. ggml-cuda.cu was compiled for: 900
/workspace/atlas-rental/src/atlas/kernels/hopper/qwen3.6-27b/nvfp4/q4k_vendor/quantize_impl.cuh:172: ERROR: CUDA kernel quantize_mmq_nvfp4_worker has no device code compatible with CUDA arch 900. ggml-cuda.cu was compiled for: 900
/workspace/atlas-rental/src/atlas/kernels/hopper/qwen3.6-27b/nvfp4/q4k_vendor/quantize_impl.cuh:172: ERROR: CUDA kernel quantize_mmq_nvfp4_worker has no device code compatible with CUDA arch 900. ggml-cuda.cu was compiled for: 900
/workspace/atlas-rental/src/atlas/kernels/hopper/qwen3.6-27b/nvfp4/q4k_vendor/quantize_impl.cuh:172: ERROR: CUDA kernel quantize_mmq_nvfp4_worker has no device code compatible with CUDA arch 900. ggml-cuda.cu was compiled for: 900
/workspace/atlas-rental/src/atlas/kernels/hopper/qwen3.6-27b/nvfp4/q4k_vendor/quantize_impl.cuh:172: ERROR: CUDA kernel quantize_mmq_nvfp4_worker has no device code compatible with CUDA arch 900. ggml-cuda.cu was compiled for: 900
/workspace/atlas-rental/src/atlas/kernels/hopper/qwen3.6-27b/nvfp4/q4k_vendor/quantize_impl.cuh:172: ERROR: CUDA kernel quantize_mmq_nvfp4_worker has no device code compatible with CUDA arch 900. ggml-cuda.cu was compiled for: 900
/workspace/atlas-rental/src/atlas/kernels/hopper/qwen3.6-27b/nvfp4/q4k_vendor/quantize_impl.cuh:172: ERROR: CUDA kernel quantize_mmq_nvfp4_worker has no device code compatible with CUDA arch 900. ggml-cuda.cu was compiled for: 900
/workspace/atlas-rental/src/atlas/kernels/hopper/qwen3.6-27b/nvfp4/q4k_vendor/quantize_impl.cuh:172: ERROR: CUDA kernel quantize_mmq_nvfp4_worker has no device code compatible with CUDA arch 900. ggml-cuda.cu was compiled for: 900
/workspace/atlas-rental/src/atlas/kernels/hopper/qwen3.6-27b/nvfp4/q4k_vendor/quantize_impl.cuh:172: ERROR: CUDA kernel quantize_mmq_nvfp4_worker has no device code compatible with CUDA arch 900. ggml-cuda.cu was compiled for: 900
/workspace/atlas-rental/src/atlas/kernels/hopper/qwen3.6-27b/nvfp4/q4k_vendor/quantize_impl.cuh:172: ERROR: CUDA kernel quantize_mmq_nvfp4_worker has no device code compatible with CUDA arch 900. ggml-cuda.cu was compiled for: 900
/workspace/atlas-rental/src/atlas/kernels/hopper/qwen3.6-27b/nvfp4/q4k_vendor/quantize_impl.cuh:172: ERROR: CUDA kernel quantize_mmq_nvfp4_worker has no device code compatible with CUDA arch 900. ggml-cuda.cu was compiled for: 900
/workspace/atlas-rental/src/atlas/kernels/hopper/qwen3.6-27b/nvfp4/q4k_vendor/quantize_impl.cuh:172: ERROR: CUDA kernel quantize_mmq_nvfp4_worker has no device code compatible with CUDA arch 900. ggml-cuda.cu was compiled for: 900
/workspace/atlas-rental/src/atlas/kernels/hopper/qwen3.6-27b/nvfp4/q4k_vendor/quantize_impl.cuh:172: ERROR: CUDA kernel quantize_mmq_nvfp4_worker has no device code compatible with CUDA arch 900. ggml-cuda.cu was compiled for: 900
/workspace/atlas-rental/src/atlas/kernels/hopper/qwen3.6-27b/nvfp4/q4k_vendor/quantize_impl.cuh:172: ERROR: CUDA kernel quantize_mmq_nvfp4_worker has no device code compatible with CUDA arch 900. ggml-cuda.cu was compiled for: 900
/workspace/atlas-rental/src/atlas/kernels/hopper/qwen3.6-27b/nvfp4/q4k_vendor/quantize_impl.cuh:172: ERROR: CUDA kernel quantize_mmq_nvfp4_worker has no device code compatible with CUDA arch 900. ggml-cuda.cu was compiled for: 900
/workspace/atlas-rental/src/atlas/kernels/hopper/qwen3.6-27b/nvfp4/q4k_vendor/quantize_impl.cuh:172: ERROR: CUDA kernel quantize_mmq_nvfp4_worker has no device code compatible with CUDA arch 900. ggml-cuda.cu was compiled for: 900
/workspace/atlas-rental/src/atlas/kernels/hopper/qwen3.6-27b/nvfp4/q4k_vendor/quantize_impl.cuh:172: ERROR: CUDA kernel quantize_mmq_nvfp4_worker has no device code compatible with CUDA arch 900. ggml-cuda.cu was compiled for: 900
/workspace/atlas-rental/src/atlas/kernels/hopper/qwen3.6-27b/nvfp4/q4k_vendor/quantize_impl.cuh:172: ERROR: CUDA kernel quantize_mmq_nvfp4_worker has no device code compatible with CUDA arch 900. ggml-cuda.cu was compiled for: 900
/workspace/atlas-rental/src/atlas/kernels/hopper/qwen3.6-27b/nvfp4/q4k_vendor/quantize_impl.cuh:172: ERROR: CUDA kernel quantize_mmq_nvfp4_worker has no device code compatible with CUDA arch 900. ggml-cuda.cu was compiled for: 900
/workspace/atlas-rental/src/atlas/kernels/hopper/qwen3.6-27b/nvfp4/q4k_vendor/quantize_impl.cuh:172: ERROR: CUDA kernel quantize_mmq_nvfp4_worker has no device code compatible with CUDA arch 900. ggml-cuda.cu was compiled for: 900
/workspace/atlas-rental/src/atlas/kernels/hopper/qwen3.6-27b/nvfp4/q4k_vendor/quantize_impl.cuh:172: ERROR: CUDA kernel quantize_mmq_nvfp4_worker has no device code compatible with CUDA arch 900. ggml-cuda.cu was compiled for: 900
/workspace/atlas-rental/src/atlas/kernels/hopper/qwen3.6-27b/nvfp4/q4k_vendor/quantize_impl.cuh:172: ERROR: CUDA kernel quantize_mmq_nvfp4_worker has no device code compatible with CUDA arch 900. ggml-cuda.cu was compiled for: 900
/workspace/atlas-rental/src/atlas/kernels/hopper/qwen3.6-27b/nvfp4/q4k_vendor/quantize_impl.cuh:172: ERROR: CUDA kernel quantize_mmq_nvfp4_worker has no device code compatible with CUDA arch 900. ggml-cuda.cu was compiled for: 900
/workspace/atlas-rental/src/atlas/kernels/hopper/qwen3.6-27b/nvfp4/q4k_vendor/quantize_impl.cuh:172: ERROR: CUDA kernel quantize_mmq_nvfp4_worker has no device code compatible with CUDA arch 900. ggml-cuda.cu was compiled for: 900
/workspace/atlas-rental/src/atlas/kernels/hopper/qwen3.6-27b/nvfp4/q4k_vendor/quantize_impl.cuh:172: ERROR: CUDA kernel quantize_mmq_nvfp4_worker has no device code compatible with CUDA arch 900. ggml-cuda.cu was compiled for: 900
/workspace/atlas-rental/src/atlas/kernels/hopper/qwen3.6-27b/nvfp4/q4k_vendor/quantize_impl.cuh:172: ERROR: CUDA kernel quantize_mmq_nvfp4_worker has no device code compatible with CUDA arch 900. ggml-cuda.cu was compiled for: 900
/workspace/atlas-rental/src/atlas/kernels/hopper/qwen3.6-27b/nvfp4/q4k_vendor/quantize_impl.cuh:172: ERROR: CUDA kernel quantize_mmq_nvfp4_worker has no device code compatible with CUDA arch 900. ggml-cuda.cu was compiled for: 900
/workspace/atlas-rental/src/atlas/kernels/hopper/qwen3.6-27b/nvfp4/q4k_vendor/quantize_impl.cuh:172: ERROR: CUDA kernel quantize_mmq_nvfp4_worker has no device code compatible with CUDA arch 900. ggml-cuda.cu was compiled for: 900
/workspace/atlas-rental/src/atlas/kernels/hopper/qwen3.6-27b/nvfp4/q4k_vendor/quantize_impl.cuh:172: ERROR: CUDA kernel quantize_mmq_nvfp4_worker has no device code compatible with CUDA arch 900. ggml-cuda.cu was compiled for: 900
/workspace/atlas-rental/src/atlas/kernels/hopper/qwen3.6-27b/nvfp4/q4k_vendor/quantize_impl.cuh:172: ERROR: CUDA kernel quantize_mmq_nvfp4_worker has no device code compatible with CUDA arch 900. ggml-cuda.cu was compiled for: 900
/workspace/atlas-rental/src/atlas/kernels/hopper/qwen3.6-27b/nvfp4/q4k_vendor/quantize_impl.cuh:172: ERROR: CUDA kernel quantize_mmq_nvfp4_worker has no device code compatible with CUDA arch 900. ggml-cuda.cu was compiled for: 900
/workspace/atlas-rental/src/atlas/kernels/hopper/qwen3.6-27b/nvfp4/q4k_vendor/quantize_impl.cuh:172: ERROR: CUDA kernel quantize_mmq_nvfp4_worker has no device code compatible with CUDA arch 900. ggml-cuda.cu was compiled for: 900
/workspace/atlas-rental/src/atlas/kernels/hopper/qwen3.6-27b/nvfp4/q4k_vendor/quantize_impl.cuh:172: ERROR: CUDA kernel quantize_mmq_nvfp4_worker has no device code compatible with CUDA arch 900. ggml-cuda.cu was compiled for: 900
/workspace/atlas-rental/src/atlas/kernels/hopper/qwen3.6-27b/nvfp4/q4k_vendor/quantize_impl.cuh:172: ERROR: CUDA kernel quantize_mmq_nvfp4_worker has no device code compatible with CUDA arch 900. ggml-cuda.cu was compiled for: 900
/workspace/atlas-rental/src/atlas/kernels/hopper/qwen3.6-27b/nvfp4/q4k_vendor/quantize_impl.cuh:172: ERROR: CUDA kernel quantize_mmq_nvfp4_worker has no device code compatible with CUDA arch 900. ggml-cuda.cu was compiled for: 900
/workspace/atlas-rental/src/atlas/kernels/hopper/qwen3.6-27b/nvfp4/q4k_vendor/quantize_impl.cuh:172: ERROR: CUDA kernel quantize_mmq_nvfp4_worker has no device code compatible with CUDA arch 900. ggml-cuda.cu was compiled for: 900
/workspace/atlas-rental/src/atlas/kernels/hopper/qwen3.6-27b/nvfp4/q4k_vendor/quantize_impl.cuh:172: ERROR: CUDA kernel quantize_mmq_nvfp4_worker has no device code compatible with CUDA arch 900. ggml-cuda.cu was compiled for: 900
/workspace/atlas-rental/src/atlas/kernels/hopper/qwen3.6-27b/nvfp4/q4k_vendor/quantize_impl.cuh:172: ERROR: CUDA kernel quantize_mmq_nvfp4_worker has no device code compatible with CUDA arch 900. ggml-cuda.cu was compiled for: 900
/workspace/atlas-rental/src/atlas/kernels/hopper/qwen3.6-27b/nvfp4/q4k_vendor/quantize_impl.cuh:172: ERROR: CUDA kernel quantize_mmq_nvfp4_worker has no device code compatible with CUDA arch 900. ggml-cuda.cu was compiled for: 900
/workspace/atlas-rental/src/atlas/kernels/hopper/qwen3.6-27b/nvfp4/q4k_vendor/quantize_impl.cuh:172: ERROR: CUDA kernel quantize_mmq_nvfp4_worker has no device code compatible with CUDA arch 900. ggml-cuda.cu was compiled for: 900
/workspace/atlas-rental/src/atlas/kernels/hopper/qwen3.6-27b/nvfp4/q4k_vendor/quantize_impl.cuh:172: ERROR: CUDA kernel quantize_mmq_nvfp4_worker has no device code compatible with CUDA arch 900. ggml-cuda.cu was compiled for: 900
/workspace/atlas-rental/src/atlas/kernels/hopper/qwen3.6-27b/nvfp4/q4k_vendor/quantize_impl.cuh:172: ERROR: CUDA kernel quantize_mmq_nvfp4_worker has no device code compatible with CUDA arch 900. ggml-cuda.cu was compiled for: 900
/workspace/atlas-rental/src/atlas/kernels/hopper/qwen3.6-27b/nvfp4/q4k_vendor/quantize_impl.cuh:172: ERROR: CUDA kernel quantize_mmq_nvfp4_worker has no device code compatible with CUDA arch 900. ggml-cuda.cu was compiled for: 900
/workspace/atlas-rental/src/atlas/kernels/hopper/qwen3.6-27b/nvfp4/q4k_vendor/quantize_impl.cuh:172: ERROR: CUDA kernel quantize_mmq_nvfp4_worker has no device code compatible with CUDA arch 900. ggml-cuda.cu was compiled for: 900
/workspace/atlas-rental/src/atlas/kernels/hopper/qwen3.6-27b/nvfp4/q4k_vendor/quantize_impl.cuh:172: ERROR: CUDA kernel quantize_mmq_nvfp4_worker has no device code compatible with CUDA arch 900. ggml-cuda.cu was compiled for: 900
/workspace/atlas-rental/src/atlas/kernels/hopper/qwen3.6-27b/nvfp4/q4k_vendor/quantize_impl.cuh:172: ERROR: CUDA kernel quantize_mmq_nvfp4_worker has no device code compatible with CUDA arch 900. ggml-cuda.cu was compiled for: 900
/workspace/atlas-rental/src/atlas/kernels/hopper/qwen3.6-27b/nvfp4/q4k_vendor/quantize_impl.cuh:172: ERROR: CUDA kernel quantize_mmq_nvfp4_worker has no device code compatible with CUDA arch 900. ggml-cuda.cu was compiled for: 900
/workspace/atlas-rental/src/atlas/kernels/hopper/qwen3.6-27b/nvfp4/q4k_vendor/quantize_impl.cuh:172: ERROR: CUDA kernel quantize_mmq_nvfp4_worker has no device code compatible with CUDA arch 900. ggml-cuda.cu was compiled for: 900
/workspace/atlas-rental/src/atlas/kernels/hopper/qwen3.6-27b/nvfp4/q4k_vendor/quantize_impl.cuh:172: ERROR: CUDA kernel quantize_mmq_nvfp4_worker has no device code compatible with CUDA arch 900. ggml-cuda.cu was compiled for: 900
/workspace/atlas-rental/src/atlas/kernels/hopper/qwen3.6-27b/nvfp4/q4k_vendor/quantize_impl.cuh:172: ERROR: CUDA kernel quantize_mmq_nvfp4_worker has no device code compatible with CUDA arch 900. ggml-cuda.cu was compiled for: 900
/workspace/atlas-rental/src/atlas/kernels/hopper/qwen3.6-27b/nvfp4/q4k_vendor/quantize_impl.cuh:172: ERROR: CUDA kernel quantize_mmq_nvfp4_worker has no device code compatible with CUDA arch 900. ggml-cuda.cu was compiled for: 900
/workspace/atlas-rental/src/atlas/kernels/hopper/qwen3.6-27b/nvfp4/q4k_vendor/quantize_impl.cuh:172: ERROR: CUDA kernel quantize_mmq_nvfp4_worker has no device code compatible with CUDA arch 900. ggml-cuda.cu was compiled for: 900
/workspace/atlas-rental/src/atlas/kernels/hopper/qwen3.6-27b/nvfp4/q4k_vendor/quantize_impl.cuh:172: ERROR: CUDA kernel quantize_mmq_nvfp4_worker has no device code compatible with CUDA arch 900. ggml-cuda.cu was compiled for: 900
/workspace/atlas-rental/src/atlas/kernels/hopper/qwen3.6-27b/nvfp4/q4k_vendor/quantize_impl.cuh:172: ERROR: CUDA kernel quantize_mmq_nvfp4_worker has no device code compatible with CUDA arch 900. ggml-cuda.cu was compiled for: 900
/workspace/atlas-rental/src/atlas/kernels/hopper/qwen3.6-27b/nvfp4/q4k_vendor/quantize_impl.cuh:172: ERROR: CUDA kernel quantize_mmq_nvfp4_worker has no device code compatible with CUDA arch 900. ggml-cuda.cu was compiled for: 900
/workspace/atlas-rental/src/atlas/kernels/hopper/qwen3.6-27b/nvfp4/q4k_vendor/quantize_impl.cuh:172: ERROR: CUDA kernel quantize_mmq_nvfp4_worker has no device code compatible with CUDA arch 900. ggml-cuda.cu was compiled for: 900
/workspace/atlas-rental/src/atlas/kernels/hopper/qwen3.6-27b/nvfp4/q4k_vendor/quantize_impl.cuh:172: ERROR: CUDA kernel quantize_mmq_nvfp4_worker has no device code compatible with CUDA arch 900. ggml-cuda.cu was compiled for: 900
/workspace/atlas-rental/src/atlas/kernels/hopper/qwen3.6-27b/nvfp4/q4k_vendor/quantize_impl.cuh:172: ERROR: CUDA kernel quantize_mmq_nvfp4_worker has no device code compatible with CUDA arch 900. ggml-cuda.cu was compiled for: 900
/workspace/atlas-rental/src/atlas/kernels/hopper/qwen3.6-27b/nvfp4/q4k_vendor/quantize_impl.cuh:172: ERROR: CUDA kernel quantize_mmq_nvfp4_worker has no device code compatible with CUDA arch 900. ggml-cuda.cu was compiled for: 900
/workspace/atlas-rental/src/atlas/kernels/hopper/qwen3.6-27b/nvfp4/q4k_vendor/quantize_impl.cuh:172: ERROR: CUDA kernel quantize_mmq_nvfp4_worker has no device code compatible with CUDA arch 900. ggml-cuda.cu was compiled for: 900
/workspace/atlas-rental/src/atlas/kernels/hopper/qwen3.6-27b/nvfp4/q4k_vendor/quantize_impl.cuh:172: ERROR: CUDA kernel quantize_mmq_nvfp4_worker has no device code compatible with CUDA arch 900. ggml-cuda.cu was compiled for: 900
/workspace/atlas-rental/src/atlas/kernels/hopper/qwen3.6-27b/nvfp4/q4k_vendor/quantize_impl.cuh:172: ERROR: CUDA kernel quantize_mmq_nvfp4_worker has no device code compatible with CUDA arch 900. ggml-cuda.cu was compiled for: 900
/workspace/atlas-rental/src/atlas/kernels/hopper/qwen3.6-27b/nvfp4/q4k_vendor/quantize_impl.cuh:172: ERROR: CUDA kernel quantize_mmq_nvfp4_worker has no device code compatible with CUDA arch 900. ggml-cuda.cu was compiled for: 900
/workspace/atlas-rental/src/atlas/kernels/hopper/qwen3.6-27b/nvfp4/q4k_vendor/quantize_impl.cuh:172: ERROR: CUDA kernel quantize_mmq_nvfp4_worker has no device code compatible with CUDA arch 900. ggml-cuda.cu was compiled for: 900
/workspace/atlas-rental/src/atlas/kernels/hopper/qwen3.6-27b/nvfp4/q4k_vendor/quantize_impl.cuh:172: ERROR: CUDA kernel quantize_mmq_nvfp4_worker has no device code compatible with CUDA arch 900. ggml-cuda.cu was compiled for: 900
/workspace/atlas-rental/src/atlas/kernels/hopper/qwen3.6-27b/nvfp4/q4k_vendor/quantize_impl.cuh:172: ERROR: CUDA kernel quantize_mmq_nvfp4_worker has no device code compatible with CUDA arch 900. ggml-cuda.cu was compiled for: 900
/workspace/atlas-rental/src/atlas/kernels/hopper/qwen3.6-27b/nvfp4/q4k_vendor/quantize_impl.cuh:172: ERROR: CUDA kernel quantize_mmq_nvfp4_worker has no device code compatible with CUDA arch 900. ggml-cuda.cu was compiled for: 900
/workspace/atlas-rental/src/atlas/kernels/hopper/qwen3.6-27b/nvfp4/q4k_vendor/quantize_impl.cuh:172: ERROR: CUDA kernel quantize_mmq_nvfp4_worker has no device code compatible with CUDA arch 900. ggml-cuda.cu was compiled for: 900
/workspace/atlas-rental/src/atlas/kernels/hopper/qwen3.6-27b/nvfp4/q4k_vendor/quantize_impl.cuh:172: ERROR: CUDA kernel quantize_mmq_nvfp4_worker has no device code compatible with CUDA arch 900. ggml-cuda.cu was compiled for: 900
/workspace/atlas-rental/src/atlas/kernels/hopper/qwen3.6-27b/nvfp4/q4k_vendor/quantize_impl.cuh:172: ERROR: CUDA kernel quantize_mmq_nvfp4_worker has no device code compatible with CUDA arch 900. ggml-cuda.cu was compiled for: 900
/workspace/atlas-rental/src/atlas/kernels/hopper/qwen3.6-27b/nvfp4/q4k_vendor/quantize_impl.cuh:172: ERROR: CUDA kernel quantize_mmq_nvfp4_worker has no device code compatible with CUDA arch 900. ggml-cuda.cu was compiled for: 900
/workspace/atlas-rental/src/atlas/kernels/hopper/qwen3.6-27b/nvfp4/q4k_vendor/quantize_impl.cuh:172: ERROR: CUDA kernel quantize_mmq_nvfp4_worker has no device code compatible with CUDA arch 900. ggml-cuda.cu was compiled for: 900
/workspace/atlas-rental/src/atlas/kernels/hopper/qwen3.6-27b/nvfp4/q4k_vendor/quantize_impl.cuh:172: ERROR: CUDA kernel quantize_mmq_nvfp4_worker has no device code compatible with CUDA arch 900. ggml-cuda.cu was compiled for: 900
/workspace/atlas-rental/src/atlas/kernels/hopper/qwen3.6-27b/nvfp4/q4k_vendor/quantize_impl.cuh:172: ERROR: CUDA kernel quantize_mmq_nvfp4_worker has no device code compatible with CUDA arch 900. ggml-cuda.cu was compiled for: 900
/workspace/atlas-rental/src/atlas/kernels/hopper/qwen3.6-27b/nvfp4/q4k_vendor/quantize_impl.cuh:172: ERROR: CUDA kernel quantize_mmq_nvfp4_worker has no device code compatible with CUDA arch 900. ggml-cuda.cu was compiled for: 900
/workspace/atlas-rental/src/atlas/kernels/hopper/qwen3.6-27b/nvfp4/q4k_vendor/quantize_impl.cuh:172: ERROR: CUDA kernel quantize_mmq_nvfp4_worker has no device code compatible with CUDA arch 900. ggml-cuda.cu was compiled for: 900
/workspace/atlas-rental/src/atlas/kernels/hopper/qwen3.6-27b/nvfp4/q4k_vendor/quantize_impl.cuh:172: ERROR: CUDA kernel quantize_mmq_nvfp4_worker has no device code compatible with CUDA arch 900. ggml-cuda.cu was compiled for: 900
/workspace/atlas-rental/src/atlas/kernels/hopper/qwen3.6-27b/nvfp4/q4k_vendor/quantize_impl.cuh:172: ERROR: CUDA kernel quantize_mmq_nvfp4_worker has no device code compatible with CUDA arch 900. ggml-cuda.cu was compiled for: 900
/workspace/atlas-rental/src/atlas/kernels/hopper/qwen3.6-27b/nvfp4/q4k_vendor/quantize_impl.cuh:172: ERROR: CUDA kernel quantize_mmq_nvfp4_worker has no device code compatible with CUDA arch 900. ggml-cuda.cu was compiled for: 900
/workspace/atlas-rental/src/atlas/kernels/hopper/qwen3.6-27b/nvfp4/q4k_vendor/quantize_impl.cuh:172: ERROR: CUDA kernel quantize_mmq_nvfp4_worker has no device code compatible with CUDA arch 900. ggml-cuda.cu was compiled for: 900
/workspace/atlas-rental/src/atlas/kernels/hopper/qwen3.6-27b/nvfp4/q4k_vendor/quantize_impl.cuh:172: ERROR: CUDA kernel quantize_mmq_nvfp4_worker has no device code compatible with CUDA arch 900. ggml-cuda.cu was compiled for: 900
/workspace/atlas-rental/src/atlas/kernels/hopper/qwen3.6-27b/nvfp4/q4k_vendor/quantize_impl.cuh:172: ERROR: CUDA kernel quantize_mmq_nvfp4_worker has no device code compatible with CUDA arch 900. ggml-cuda.cu was compiled for: 900
/workspace/atlas-rental/src/atlas/kernels/hopper/qwen3.6-27b/nvfp4/q4k_vendor/quantize_impl.cuh:172: ERROR: CUDA kernel quantize_mmq_nvfp4_worker has no device code compatible with CUDA arch 900. ggml-cuda.cu was compiled for: 900
/workspace/atlas-rental/src/atlas/kernels/hopper/qwen3.6-27b/nvfp4/q4k_vendor/quantize_impl.cuh:172: ERROR: CUDA kernel quantize_mmq_nvfp4_worker has no device code compatible with CUDA arch 900. ggml-cuda.cu was compiled for: 900
/workspace/atlas-rental/src/atlas/kernels/hopper/qwen3.6-27b/nvfp4/q4k_vendor/quantize_impl.cuh:172: ERROR: CUDA kernel quantize_mmq_nvfp4_worker has no device code compatible with CUDA arch 900. ggml-cuda.cu was compiled for: 900
/workspace/atlas-rental/src/atlas/kernels/hopper/qwen3.6-27b/nvfp4/q4k_vendor/quantize_impl.cuh:172: ERROR: CUDA kernel quantize_mmq_nvfp4_worker has no device code compatible with CUDA arch 900. ggml-cuda.cu was compiled for: 900
/workspace/atlas-rental/src/atlas/kernels/hopper/qwen3.6-27b/nvfp4/q4k_vendor/quantize_impl.cuh:172: ERROR: CUDA kernel quantize_mmq_nvfp4_worker has no device code compatible with CUDA arch 900. ggml-cuda.cu was compiled for: 900
/workspace/atlas-rental/src/atlas/kernels/hopper/qwen3.6-27b/nvfp4/q4k_vendor/quantize_impl.cuh:172: ERROR: CUDA kernel quantize_mmq_nvfp4_worker has no device code compatible with CUDA arch 900. ggml-cuda.cu was compiled for: 900
/workspace/atlas-rental/src/atlas/kernels/hopper/qwen3.6-27b/nvfp4/q4k_vendor/quantize_impl.cuh:172: ERROR: CUDA kernel quantize_mmq_nvfp4_worker has no device code compatible with CUDA arch 900. ggml-cuda.cu was compiled for: 900
/workspace/atlas-rental/src/atlas/kernels/hopper/qwen3.6-27b/nvfp4/q4k_vendor/quantize_impl.cuh:172: ERROR: CUDA kernel quantize_mmq_nvfp4_worker has no device code compatible with CUDA arch 900. ggml-cuda.cu was compiled for: 900
/workspace/atlas-rental/src/atlas/kernels/hopper/qwen3.6-27b/nvfp4/q4k_vendor/quantize_impl.cuh:172: ERROR: CUDA kernel quantize_mmq_nvfp4_worker has no device code compatible with CUDA arch 900. ggml-cuda.cu was compiled for: 900
/workspace/atlas-rental/src/atlas/kernels/hopper/qwen3.6-27b/nvfp4/q4k_vendor/quantize_impl.cuh:172: ERROR: CUDA kernel quantize_mmq_nvfp4_worker has no device code compatible with CUDA arch 900. ggml-cuda.cu was compiled for: 900
/workspace/atlas-rental/src/atlas/kernels/hopper/qwen3.6-27b/nvfp4/q4k_vendor/quantize_impl.cuh:172: ERROR: CUDA kernel quantize_mmq_nvfp4_worker has no device code compatible with CUDA arch 900. ggml-cuda.cu was compiled for: 900
/workspace/atlas-rental/src/atlas/kernels/hopper/qwen3.6-27b/nvfp4/q4k_vendor/quantize_impl.cuh:172: ERROR: CUDA kernel quantize_mmq_nvfp4_worker has no device code compatible with CUDA arch 900. ggml-cuda.cu was compiled for: 900
/workspace/atlas-rental/src/atlas/kernels/hopper/qwen3.6-27b/nvfp4/q4k_vendor/quantize_impl.cuh:172: ERROR: CUDA kernel quantize_mmq_nvfp4_worker has no device code compatible with CUDA arch 900. ggml-cuda.cu was compiled for: 900
/workspace/atlas-rental/src/atlas/kernels/hopper/qwen3.6-27b/nvfp4/q4k_vendor/quantize_impl.cuh:172: ERROR: CUDA kernel quantize_mmq_nvfp4_worker has no device code compatible with CUDA arch 900. ggml-cuda.cu was compiled for: 900
/workspace/atlas-rental/src/atlas/kernels/hopper/qwen3.6-27b/nvfp4/q4k_vendor/quantize_impl.cuh:172: ERROR: CUDA kernel quantize_mmq_nvfp4_worker has no device code compatible with CUDA arch 900. ggml-cuda.cu was compiled for: 900
/workspace/atlas-rental/src/atlas/kernels/hopper/qwen3.6-27b/nvfp4/q4k_vendor/quantize_impl.cuh:172: ERROR: CUDA kernel quantize_mmq_nvfp4_worker has no device code compatible with CUDA arch 900. ggml-cuda.cu was compiled for: 900
/workspace/atlas-rental/src/atlas/kernels/hopper/qwen3.6-27b/nvfp4/q4k_vendor/quantize_impl.cuh:172: ERROR: CUDA kernel quantize_mmq_nvfp4_worker has no device code compatible with CUDA arch 900. ggml-cuda.cu was compiled for: 900
/workspace/atlas-rental/src/atlas/kernels/hopper/qwen3.6-27b/nvfp4/q4k_vendor/quantize_impl.cuh:172: ERROR: CUDA kernel quantize_mmq_nvfp4_worker has no device code compatible with CUDA arch 900. ggml-cuda.cu was compiled for: 900
/workspace/atlas-rental/src/atlas/kernels/hopper/qwen3.6-27b/nvfp4/q4k_vendor/quantize_impl.cuh:172: ERROR: CUDA kernel quantize_mmq_nvfp4_worker has no device code compatible with CUDA arch 900. ggml-cuda.cu was compiled for: 900
/workspace/atlas-rental/src/atlas/kernels/hopper/qwen3.6-27b/nvfp4/q4k_vendor/quantize_impl.cuh:172: ERROR: CUDA kernel quantize_mmq_nvfp4_worker has no device code compatible with CUDA arch 900. ggml-cuda.cu was compiled for: 900
/workspace/atlas-rental/src/atlas/kernels/hopper/qwen3.6-27b/nvfp4/q4k_vendor/quantize_impl.cuh:172: ERROR: CUDA kernel quantize_mmq_nvfp4_worker has no device code compatible with CUDA arch 900. ggml-cuda.cu was compiled for: 900
/workspace/atlas-rental/src/atlas/kernels/hopper/qwen3.6-27b/nvfp4/q4k_vendor/quantize_impl.cuh:172: ERROR: CUDA kernel quantize_mmq_nvfp4_worker has no device code compatible with CUDA arch 900. ggml-cuda.cu was compiled for: 900
/workspace/atlas-rental/src/atlas/kernels/hopper/qwen3.6-27b/nvfp4/q4k_vendor/quantize_impl.cuh:172: ERROR: CUDA kernel quantize_mmq_nvfp4_worker has no device code compatible with CUDA arch 900. ggml-cuda.cu was compiled for: 900
/workspace/atlas-rental/src/atlas/kernels/hopper/qwen3.6-27b/nvfp4/q4k_vendor/quantize_impl.cuh:172: ERROR: CUDA kernel quantize_mmq_nvfp4_worker has no device code compatible with CUDA arch 900. ggml-cuda.cu was compiled for: 900
/workspace/atlas-rental/src/atlas/kernels/hopper/qwen3.6-27b/nvfp4/q4k_vendor/quantize_impl.cuh:172: ERROR: CUDA kernel quantize_mmq_nvfp4_worker has no device code compatible with CUDA arch 900. ggml-cuda.cu was compiled for: 900
/workspace/atlas-rental/src/atlas/kernels/hopper/qwen3.6-27b/nvfp4/q4k_vendor/quantize_impl.cuh:172: ERROR: CUDA kernel quantize_mmq_nvfp4_worker has no device code compatible with CUDA arch 900. ggml-cuda.cu was compiled for: 900
/workspace/atlas-rental/src/atlas/kernels/hopper/qwen3.6-27b/nvfp4/q4k_vendor/quantize_impl.cuh:172: ERROR: CUDA kernel quantize_mmq_nvfp4_worker has no device code compatible with CUDA arch 900. ggml-cuda.cu was compiled for: 900
/workspace/atlas-rental/src/atlas/kernels/hopper/qwen3.6-27b/nvfp4/q4k_vendor/quantize_impl.cuh:172: ERROR: CUDA kernel quantize_mmq_nvfp4_worker has no device code compatible with CUDA arch 900. ggml-cuda.cu was compiled for: 900
/workspace/atlas-rental/src/atlas/kernels/hopper/qwen3.6-27b/nvfp4/q4k_vendor/quantize_impl.cuh:172: ERROR: CUDA kernel quantize_mmq_nvfp4_worker has no device code compatible with CUDA arch 900. ggml-cuda.cu was compiled for: 900
/workspace/atlas-rental/src/atlas/kernels/hopper/qwen3.6-27b/nvfp4/q4k_vendor/quantize_impl.cuh:172: ERROR: CUDA kernel quantize_mmq_nvfp4_worker has no device code compatible with CUDA arch 900. ggml-cuda.cu was compiled for: 900
/workspace/atlas-rental/src/atlas/kernels/hopper/qwen3.6-27b/nvfp4/q4k_vendor/quantize_impl.cuh:172: ERROR: CUDA kernel quantize_mmq_nvfp4_worker has no device code compatible with CUDA arch 900. ggml-cuda.cu was compiled for: 900
/workspace/atlas-rental/src/atlas/kernels/hopper/qwen3.6-27b/nvfp4/q4k_vendor/quantize_impl.cuh:172: ERROR: CUDA kernel quantize_mmq_nvfp4_worker has no device code compatible with CUDA arch 900. ggml-cuda.cu was compiled for: 900
/workspace/atlas-rental/src/atlas/kernels/hopper/qwen3.6-27b/nvfp4/q4k_vendor/quantize_impl.cuh:172: ERROR: CUDA kernel quantize_mmq_nvfp4_worker has no device code compatible with CUDA arch 900. ggml-cuda.cu was compiled for: 900
/workspace/atlas-rental/src/atlas/kernels/hopper/qwen3.6-27b/nvfp4/q4k_vendor/quantize_impl.cuh:172: ERROR: CUDA kernel quantize_mmq_nvfp4_worker has no device code compatible with CUDA arch 900. ggml-cuda.cu was compiled for: 900
/workspace/atlas-rental/src/atlas/kernels/hopper/qwen3.6-27b/nvfp4/q4k_vendor/quantize_impl.cuh:172: ERROR: CUDA kernel quantize_mmq_nvfp4_worker has no device code compatible with CUDA arch 900. ggml-cuda.cu was compiled for: 900
/workspace/atlas-rental/src/atlas/kernels/hopper/qwen3.6-27b/nvfp4/q4k_vendor/quantize_impl.cuh:172: ERROR: CUDA kernel quantize_mmq_nvfp4_worker has no device code compatible with CUDA arch 900. ggml-cuda.cu was compiled for: 900
/workspace/atlas-rental/src/atlas/kernels/hopper/qwen3.6-27b/nvfp4/q4k_vendor/quantize_impl.cuh:172: ERROR: CUDA kernel quantize_mmq_nvfp4_worker has no device code compatible with CUDA arch 900. ggml-cuda.cu was compiled for: 900
/workspace/atlas-rental/src/atlas/kernels/hopper/qwen3.6-27b/nvfp4/q4k_vendor/quantize_impl.cuh:172: ERROR: CUDA kernel quantize_mmq_nvfp4_worker has no device code compatible with CUDA arch 900. ggml-cuda.cu was compiled for: 900
/workspace/atlas-rental/src/atlas/kernels/hopper/qwen3.6-27b/nvfp4/q4k_vendor/quantize_impl.cuh:172: ERROR: CUDA kernel quantize_mmq_nvfp4_worker has no device code compatible with CUDA arch 900. ggml-cuda.cu was compiled for: 900
/workspace/atlas-rental/src/atlas/kernels/hopper/qwen3.6-27b/nvfp4/q4k_vendor/quantize_impl.cuh:172: ERROR: CUDA kernel quantize_mmq_nvfp4_worker has no device code compatible with CUDA arch 900. ggml-cuda.cu was compiled for: 900
/workspace/atlas-rental/src/atlas/kernels/hopper/qwen3.6-27b/nvfp4/q4k_vendor/quantize_impl.cuh:172: ERROR: CUDA kernel quantize_mmq_nvfp4_worker has no device code compatible with CUDA arch 900. ggml-cuda.cu was compiled for: 900
/workspace/atlas-rental/src/atlas/kernels/hopper/qwen3.6-27b/nvfp4/q4k_vendor/quantize_impl.cuh:172: ERROR: CUDA kernel quantize_mmq_nvfp4_worker has no device code compatible with CUDA arch 900. ggml-cuda.cu was compiled for: 900
/workspace/atlas-rental/src/atlas/kernels/hopper/qwen3.6-27b/nvfp4/q4k_vendor/quantize_impl.cuh:172: ERROR: CUDA kernel quantize_mmq_nvfp4_worker has no device code compatible with CUDA arch 900. ggml-cuda.cu was compiled for: 900
/workspace/atlas-rental/src/atlas/kernels/hopper/qwen3.6-27b/nvfp4/q4k_vendor/quantize_impl.cuh:172: ERROR: CUDA kernel quantize_mmq_nvfp4_worker has no device code compatible with CUDA arch 900. ggml-cuda.cu was compiled for: 900
/workspace/atlas-rental/src/atlas/kernels/hopper/qwen3.6-27b/nvfp4/q4k_vendor/quantize_impl.cuh:172: ERROR: CUDA kernel quantize_mmq_nvfp4_worker has no device code compatible with CUDA arch 900. ggml-cuda.cu was compiled for: 900
/workspace/atlas-rental/src/atlas/kernels/hopper/qwen3.6-27b/nvfp4/q4k_vendor/quantize_impl.cuh:172: ERROR: CUDA kernel quantize_mmq_nvfp4_worker has no device code compatible with CUDA arch 900. ggml-cuda.cu was compiled for: 900
/workspace/atlas-rental/src/atlas/kernels/hopper/qwen3.6-27b/nvfp4/q4k_vendor/quantize_impl.cuh:172: ERROR: CUDA kernel quantize_mmq_nvfp4_worker has no device code compatible with CUDA arch 900. ggml-cuda.cu was compiled for: 900
/workspace/atlas-rental/src/atlas/kernels/hopper/qwen3.6-27b/nvfp4/q4k_vendor/quantize_impl.cuh:172: ERROR: CUDA kernel quantize_mmq_nvfp4_worker has no device code compatible with CUDA arch 900. ggml-cuda.cu was compiled for: 900
/workspace/atlas-rental/src/atlas/kernels/hopper/qwen3.6-27b/nvfp4/q4k_vendor/quantize_impl.cuh:172: ERROR: CUDA kernel quantize_mmq_nvfp4_worker has no device code compatible with CUDA arch 900. ggml-cuda.cu was compiled for: 900
/workspace/atlas-rental/src/atlas/kernels/hopper/qwen3.6-27b/nvfp4/q4k_vendor/quantize_impl.cuh:172: ERROR: CUDA kernel quantize_mmq_nvfp4_worker has no device code compatible with CUDA arch 900. ggml-cuda.cu was compiled for: 900
/workspace/atlas-rental/src/atlas/kernels/hopper/qwen3.6-27b/nvfp4/q4k_vendor/quantize_impl.cuh:172: ERROR: CUDA kernel quantize_mmq_nvfp4_worker has no device code compatible with CUDA arch 900. ggml-cuda.cu was compiled for: 900
/workspace/atlas-rental/src/atlas/kernels/hopper/qwen3.6-27b/nvfp4/q4k_vendor/quantize_impl.cuh:172: ERROR: CUDA kernel quantize_mmq_nvfp4_worker has no device code compatible with CUDA arch 900. ggml-cuda.cu was compiled for: 900
/workspace/atlas-rental/src/atlas/kernels/hopper/qwen3.6-27b/nvfp4/q4k_vendor/quantize_impl.cuh:172: ERROR: CUDA kernel quantize_mmq_nvfp4_worker has no device code compatible with CUDA arch 900. ggml-cuda.cu was compiled for: 900
/workspace/atlas-rental/src/atlas/kernels/hopper/qwen3.6-27b/nvfp4/q4k_vendor/quantize_impl.cuh:172: ERROR: CUDA kernel quantize_mmq_nvfp4_worker has no device code compatible with CUDA arch 900. ggml-cuda.cu was compiled for: 900
/workspace/atlas-rental/src/atlas/kernels/hopper/qwen3.6-27b/nvfp4/q4k_vendor/quantize_impl.cuh:172: ERROR: CUDA kernel quantize_mmq_nvfp4_worker has no device code compatible with CUDA arch 900. ggml-cuda.cu was compiled for: 900
/workspace/atlas-rental/src/atlas/kernels/hopper/qwen3.6-27b/nvfp4/q4k_vendor/quantize_impl.cuh:172: ERROR: CUDA kernel quantize_mmq_nvfp4_worker has no device code compatible with CUDA arch 900. ggml-cuda.cu was compiled for: 900
/workspace/atlas-rental/src/atlas/kernels/hopper/qwen3.6-27b/nvfp4/q4k_vendor/quantize_impl.cuh:172: ERROR: CUDA kernel quantize_mmq_nvfp4_worker has no device code compatible with CUDA arch 900. ggml-cuda.cu was compiled for: 900
/workspace/atlas-rental/src/atlas/kernels/hopper/qwen3.6-27b/nvfp4/q4k_vendor/quantize_impl.cuh:172: ERROR: CUDA kernel quantize_mmq_nvfp4_worker has no device code compatible with CUDA arch 900. ggml-cuda.cu was compiled for: 900
/workspace/atlas-rental/src/atlas/kernels/hopper/qwen3.6-27b/nvfp4/q4k_vendor/quantize_impl.cuh:172: ERROR: CUDA kernel quantize_mmq_nvfp4_worker has no device code compatible with CUDA arch 900. ggml-cuda.cu was compiled for: 900
/workspace/atlas-rental/src/atlas/kernels/hopper/qwen3.6-27b/nvfp4/q4k_vendor/quantize_impl.cuh:172: ERROR: CUDA kernel quantize_mmq_nvfp4_worker has no device code compatible with CUDA arch 900. ggml-cuda.cu was compiled for: 900
/workspace/atlas-rental/src/atlas/kernels/hopper/qwen3.6-27b/nvfp4/q4k_vendor/quantize_impl.cuh:172: ERROR: CUDA kernel quantize_mmq_nvfp4_worker has no device code compatible with CUDA arch 900. ggml-cuda.cu was compiled for: 900
/workspace/atlas-rental/src/atlas/kernels/hopper/qwen3.6-27b/nvfp4/q4k_vendor/quantize_impl.cuh:172: ERROR: CUDA kernel quantize_mmq_nvfp4_worker has no device code compatible with CUDA arch 900. ggml-cuda.cu was compiled for: 900
/workspace/atlas-rental/src/atlas/kernels/hopper/qwen3.6-27b/nvfp4/q4k_vendor/quantize_impl.cuh:172: ERROR: CUDA kernel quantize_mmq_nvfp4_worker has no device code compatible with CUDA arch 900. ggml-cuda.cu was compiled for: 900
/workspace/atlas-rental/src/atlas/kernels/hopper/qwen3.6-27b/nvfp4/q4k_vendor/quantize_impl.cuh:172: ERROR: CUDA kernel quantize_mmq_nvfp4_worker has no device code compatible with CUDA arch 900. ggml-cuda.cu was compiled for: 900
/workspace/atlas-rental/src/atlas/kernels/hopper/qwen3.6-27b/nvfp4/q4k_vendor/quantize_impl.cuh:172: ERROR: CUDA kernel quantize_mmq_nvfp4_worker has no device code compatible with CUDA arch 900. ggml-cuda.cu was compiled for: 900
/workspace/atlas-rental/src/atlas/kernels/hopper/qwen3.6-27b/nvfp4/q4k_vendor/quantize_impl.cuh:172: ERROR: CUDA kernel quantize_mmq_nvfp4_worker has no device code compatible with CUDA arch 900. ggml-cuda.cu was compiled for: 900
/workspace/atlas-rental/src/atlas/kernels/hopper/qwen3.6-27b/nvfp4/q4k_vendor/quantize_impl.cuh:172: ERROR: CUDA kernel quantize_mmq_nvfp4_worker has no device code compatible with CUDA arch 900. ggml-cuda.cu was compiled for: 900
/workspace/atlas-rental/src/atlas/kernels/hopper/qwen3.6-27b/nvfp4/q4k_vendor/quantize_impl.cuh:172: ERROR: CUDA kernel quantize_mmq_nvfp4_worker has no device code compatible with CUDA arch 900. ggml-cuda.cu was compiled for: 900
/workspace/atlas-rental/src/atlas/kernels/hopper/qwen3.6-27b/nvfp4/q4k_vendor/quantize_impl.cuh:172: ERROR: CUDA kernel quantize_mmq_nvfp4_worker has no device code compatible with CUDA arch 900. ggml-cuda.cu was compiled for: 900
/workspace/atlas-rental/src/atlas/kernels/hopper/qwen3.6-27b/nvfp4/q4k_vendor/quantize_impl.cuh:172: ERROR: CUDA kernel quantize_mmq_nvfp4_worker has no device code compatible with CUDA arch 900. ggml-cuda.cu was compiled for: 900
/workspace/atlas-rental/src/atlas/kernels/hopper/qwen3.6-27b/nvfp4/q4k_vendor/quantize_impl.cuh:172: ERROR: CUDA kernel quantize_mmq_nvfp4_worker has no device code compatible with CUDA arch 900. ggml-cuda.cu was compiled for: 900
/workspace/atlas-rental/src/atlas/kernels/hopper/qwen3.6-27b/nvfp4/q4k_vendor/quantize_impl.cuh:172: ERROR: CUDA kernel quantize_mmq_nvfp4_worker has no device code compatible with CUDA arch 900. ggml-cuda.cu was compiled for: 900
/workspace/atlas-rental/src/atlas/kernels/hopper/qwen3.6-27b/nvfp4/q4k_vendor/quantize_impl.cuh:172: ERROR: CUDA kernel quantize_mmq_nvfp4_worker has no device code compatible with CUDA arch 900. ggml-cuda.cu was compiled for: 900
/workspace/atlas-rental/src/atlas/kernels/hopper/qwen3.6-27b/nvfp4/q4k_vendor/quantize_impl.cuh:172: ERROR: CUDA kernel quantize_mmq_nvfp4_worker has no device code compatible with CUDA arch 900. ggml-cuda.cu was compiled for: 900
/workspace/atlas-rental/src/atlas/kernels/hopper/qwen3.6-27b/nvfp4/q4k_vendor/quantize_impl.cuh:172: ERROR: CUDA kernel quantize_mmq_nvfp4_worker has no device code compatible with CUDA arch 900. ggml-cuda.cu was compiled for: 900
/workspace/atlas-rental/src/atlas/kernels/hopper/qwen3.6-27b/nvfp4/q4k_vendor/quantize_impl.cuh:172: ERROR: CUDA kernel quantize_mmq_nvfp4_worker has no device code compatible with CUDA arch 900. ggml-cuda.cu was compiled for: 900
/workspace/atlas-rental/src/atlas/kernels/hopper/qwen3.6-27b/nvfp4/q4k_vendor/quantize_impl.cuh:172: ERROR: CUDA kernel quantize_mmq_nvfp4_worker has no device code compatible with CUDA arch 900. ggml-cuda.cu was compiled for: 900
/workspace/atlas-rental/src/atlas/kernels/hopper/qwen3.6-27b/nvfp4/q4k_vendor/quantize_impl.cuh:172: ERROR: CUDA kernel quantize_mmq_nvfp4_worker has no device code compatible with CUDA arch 900. ggml-cuda.cu was compiled for: 900
/workspace/atlas-rental/src/atlas/kernels/hopper/qwen3.6-27b/nvfp4/q4k_vendor/quantize_impl.cuh:172: ERROR: CUDA kernel quantize_mmq_nvfp4_worker has no device code compatible with CUDA arch 900. ggml-cuda.cu was compiled for: 900
/workspace/atlas-rental/src/atlas/kernels/hopper/qwen3.6-27b/nvfp4/q4k_vendor/quantize_impl.cuh:172: ERROR: CUDA kernel quantize_mmq_nvfp4_worker has no device code compatible with CUDA arch 900. ggml-cuda.cu was compiled for: 900
/workspace/atlas-rental/src/atlas/kernels/hopper/qwen3.6-27b/nvfp4/q4k_vendor/quantize_impl.cuh:172: ERROR: CUDA kernel quantize_mmq_nvfp4_worker has no device code compatible with CUDA arch 900. ggml-cuda.cu was compiled for: 900
/workspace/atlas-rental/src/atlas/kernels/hopper/qwen3.6-27b/nvfp4/q4k_vendor/quantize_impl.cuh:172: ERROR: CUDA kernel quantize_mmq_nvfp4_worker has no device code compatible with CUDA arch 900. ggml-cuda.cu was compiled for: 900
/workspace/atlas-rental/src/atlas/kernels/hopper/qwen3.6-27b/nvfp4/q4k_vendor/quantize_impl.cuh:172: ERROR: CUDA kernel quantize_mmq_nvfp4_worker has no device code compatible with CUDA arch 900. ggml-cuda.cu was compiled for: 900
/workspace/atlas-rental/src/atlas/kernels/hopper/qwen3.6-27b/nvfp4/q4k_vendor/quantize_impl.cuh:172: ERROR: CUDA kernel quantize_mmq_nvfp4_worker has no device code compatible with CUDA arch 900. ggml-cuda.cu was compiled for: 900
/workspace/atlas-rental/src/atlas/kernels/hopper/qwen3.6-27b/nvfp4/q4k_vendor/quantize_impl.cuh:172: ERROR: CUDA kernel quantize_mmq_nvfp4_worker has no device code compatible with CUDA arch 900. ggml-cuda.cu was compiled for: 900
/workspace/atlas-rental/src/atlas/kernels/hopper/qwen3.6-27b/nvfp4/q4k_vendor/quantize_impl.cuh:172: ERROR: CUDA kernel quantize_mmq_nvfp4_worker has no device code compatible with CUDA arch 900. ggml-cuda.cu was compiled for: 900
/workspace/atlas-rental/src/atlas/kernels/hopper/qwen3.6-27b/nvfp4/q4k_vendor/quantize_impl.cuh:172: ERROR: CUDA kernel quantize_mmq_nvfp4_worker has no device code compatible with CUDA arch 900. ggml-cuda.cu was compiled for: 900
/workspace/atlas-rental/src/atlas/kernels/hopper/qwen3.6-27b/nvfp4/q4k_vendor/quantize_impl.cuh:172: ERROR: CUDA kernel quantize_mmq_nvfp4_worker has no device code compatible with CUDA arch 900. ggml-cuda.cu was compiled for: 900
/workspace/atlas-rental/src/atlas/kernels/hopper/qwen3.6-27b/nvfp4/q4k_vendor/quantize_impl.cuh:172: ERROR: CUDA kernel quantize_mmq_nvfp4_worker has no device code compatible with CUDA arch 900. ggml-cuda.cu was compiled for: 900
/workspace/atlas-rental/src/atlas/kernels/hopper/qwen3.6-27b/nvfp4/q4k_vendor/quantize_impl.cuh:172: ERROR: CUDA kernel quantize_mmq_nvfp4_worker has no device code compatible with CUDA arch 900. ggml-cuda.cu was compiled for: 900
/workspace/atlas-rental/src/atlas/kernels/hopper/qwen3.6-27b/nvfp4/q4k_vendor/quantize_impl.cuh:172: ERROR: CUDA kernel quantize_mmq_nvfp4_worker has no device code compatible with CUDA arch 900. ggml-cuda.cu was compiled for: 900
/workspace/atlas-rental/src/atlas/kernels/hopper/qwen3.6-27b/nvfp4/q4k_vendor/quantize_impl.cuh:172: ERROR: CUDA kernel quantize_mmq_nvfp4_worker has no device code compatible with CUDA arch 900. ggml-cuda.cu was compiled for: 900
/workspace/atlas-rental/src/atlas/kernels/hopper/qwen3.6-27b/nvfp4/q4k_vendor/quantize_impl.cuh:172: ERROR: CUDA kernel quantize_mmq_nvfp4_worker has no device code compatible with CUDA arch 900. ggml-cuda.cu was compiled for: 900
/workspace/atlas-rental/src/atlas/kernels/hopper/qwen3.6-27b/nvfp4/q4k_vendor/quantize_impl.cuh:172: ERROR: CUDA kernel quantize_mmq_nvfp4_worker has no device code compatible with CUDA arch 900. ggml-cuda.cu was compiled for: 900
/workspace/atlas-rental/src/atlas/kernels/hopper/qwen3.6-27b/nvfp4/q4k_vendor/quantize_impl.cuh:172: ERROR: CUDA kernel quantize_mmq_nvfp4_worker has no device code compatible with CUDA arch 900. ggml-cuda.cu was compiled for: 900
/workspace/atlas-rental/src/atlas/kernels/hopper/qwen3.6-27b/nvfp4/q4k_vendor/quantize_impl.cuh:172: ERROR: CUDA kernel quantize_mmq_nvfp4_worker has no device code compatible with CUDA arch 900. ggml-cuda.cu was compiled for: 900
/workspace/atlas-rental/src/atlas/kernels/hopper/qwen3.6-27b/nvfp4/q4k_vendor/quantize_impl.cuh:172: ERROR: CUDA kernel quantize_mmq_nvfp4_worker has no device code compatible with CUDA arch 900. ggml-cuda.cu was compiled for: 900
/workspace/atlas-rental/src/atlas/kernels/hopper/qwen3.6-27b/nvfp4/q4k_vendor/quantize_impl.cuh:172: ERROR: CUDA kernel quantize_mmq_nvfp4_worker has no device code compatible with CUDA arch 900. ggml-cuda.cu was compiled for: 900
/workspace/atlas-rental/src/atlas/kernels/hopper/qwen3.6-27b/nvfp4/q4k_vendor/quantize_impl.cuh:172: ERROR: CUDA kernel quantize_mmq_nvfp4_worker has no device code compatible with CUDA arch 900. ggml-cuda.cu was compiled for: 900
/workspace/atlas-rental/src/atlas/kernels/hopper/qwen3.6-27b/nvfp4/q4k_vendor/quantize_impl.cuh:172: ERROR: CUDA kernel quantize_mmq_nvfp4_worker has no device code compatible with CUDA arch 900. ggml-cuda.cu was compiled for: 900
/workspace/atlas-rental/src/atlas/kernels/hopper/qwen3.6-27b/nvfp4/q4k_vendor/quantize_impl.cuh:172: ERROR: CUDA kernel quantize_mmq_nvfp4_worker has no device code compatible with CUDA arch 900. ggml-cuda.cu was compiled for: 900
/workspace/atlas-rental/src/atlas/kernels/hopper/qwen3.6-27b/nvfp4/q4k_vendor/quantize_impl.cuh:172: ERROR: CUDA kernel quantize_mmq_nvfp4_worker has no device code compatible with CUDA arch 900. ggml-cuda.cu was compiled for: 900
/workspace/atlas-rental/src/atlas/kernels/hopper/qwen3.6-27b/nvfp4/q4k_vendor/quantize_impl.cuh:172: ERROR: CUDA kernel quantize_mmq_nvfp4_worker has no device code compatible with CUDA arch 900. ggml-cuda.cu was compiled for: 900
/workspace/atlas-rental/src/atlas/kernels/hopper/qwen3.6-27b/nvfp4/q4k_vendor/quantize_impl.cuh:172: ERROR: CUDA kernel quantize_mmq_nvfp4_worker has no device code compatible with CUDA arch 900. ggml-cuda.cu was compiled for: 900
/workspace/atlas-rental/src/atlas/kernels/hopper/qwen3.6-27b/nvfp4/q4k_vendor/quantize_impl.cuh:172: ERROR: CUDA kernel quantize_mmq_nvfp4_worker has no device code compatible with CUDA arch 900. ggml-cuda.cu was compiled for: 900
/workspace/atlas-rental/src/atlas/kernels/hopper/qwen3.6-27b/nvfp4/q4k_vendor/quantize_impl.cuh:172: ERROR: CUDA kernel quantize_mmq_nvfp4_worker has no device code compatible with CUDA arch 900. ggml-cuda.cu was compiled for: 900
/workspace/atlas-rental/src/atlas/kernels/hopper/qwen3.6-27b/nvfp4/q4k_vendor/quantize_impl.cuh:172: ERROR: CUDA kernel quantize_mmq_nvfp4_worker has no device code compatible with CUDA arch 900. ggml-cuda.cu was compiled for: 900
/workspace/atlas-rental/src/atlas/kernels/hopper/qwen3.6-27b/nvfp4/q4k_vendor/quantize_impl.cuh:172: ERROR: CUDA kernel quantize_mmq_nvfp4_worker has no device code compatible with CUDA arch 900. ggml-cuda.cu was compiled for: 900
/workspace/atlas-rental/src/atlas/kernels/hopper/qwen3.6-27b/nvfp4/q4k_vendor/quantize_impl.cuh:172: ERROR: CUDA kernel quantize_mmq_nvfp4_worker has no device code compatible with CUDA arch 900. ggml-cuda.cu was compiled for: 900
/workspace/atlas-rental/src/atlas/kernels/hopper/qwen3.6-27b/nvfp4/q4k_vendor/quantize_impl.cuh:172: ERROR: CUDA kernel quantize_mmq_nvfp4_worker has no device code compatible with CUDA arch 900. ggml-cuda.cu was compiled for: 900
/workspace/atlas-rental/src/atlas/kernels/hopper/qwen3.6-27b/nvfp4/q4k_vendor/quantize_impl.cuh:172: ERROR: CUDA kernel quantize_mmq_nvfp4_worker has no device code compatible with CUDA arch 900. ggml-cuda.cu was compiled for: 900
/workspace/atlas-rental/src/atlas/kernels/hopper/qwen3.6-27b/nvfp4/q4k_vendor/quantize_impl.cuh:172: ERROR: CUDA kernel quantize_mmq_nvfp4_worker has no device code compatible with CUDA arch 900. ggml-cuda.cu was compiled for: 900
/workspace/atlas-rental/src/atlas/kernels/hopper/qwen3.6-27b/nvfp4/q4k_vendor/quantize_impl.cuh:172: ERROR: CUDA kernel quantize_mmq_nvfp4_worker has no device code compatible with CUDA arch 900. ggml-cuda.cu was compiled for: 900
/workspace/atlas-rental/src/atlas/kernels/hopper/qwen3.6-27b/nvfp4/q4k_vendor/quantize_impl.cuh:172: ERROR: CUDA kernel quantize_mmq_nvfp4_worker has no device code compatible with CUDA arch 900. ggml-cuda.cu was compiled for: 900
/workspace/atlas-rental/src/atlas/kernels/hopper/qwen3.6-27b/nvfp4/q4k_vendor/quantize_impl.cuh:172: ERROR: CUDA kernel quantize_mmq_nvfp4_worker has no device code compatible with CUDA arch 900. ggml-cuda.cu was compiled for: 900
/workspace/atlas-rental/src/atlas/kernels/hopper/qwen3.6-27b/nvfp4/q4k_vendor/quantize_impl.cuh:172: ERROR: CUDA kernel quantize_mmq_nvfp4_worker has no device code compatible with CUDA arch 900. ggml-cuda.cu was compiled for: 900
/workspace/atlas-rental/src/atlas/kernels/hopper/qwen3.6-27b/nvfp4/q4k_vendor/quantize_impl.cuh:172: ERROR: CUDA kernel quantize_mmq_nvfp4_worker has no device code compatible with CUDA arch 900. ggml-cuda.cu was compiled for: 900
/workspace/atlas-rental/src/atlas/kernels/hopper/qwen3.6-27b/nvfp4/q4k_vendor/quantize_impl.cuh:172: ERROR: CUDA kernel quantize_mmq_nvfp4_worker has no device code compatible with CUDA arch 900. ggml-cuda.cu was compiled for: 900
/workspace/atlas-rental/src/atlas/kernels/hopper/qwen3.6-27b/nvfp4/q4k_vendor/quantize_impl.cuh:172: ERROR: CUDA kernel quantize_mmq_nvfp4_worker has no device code compatible with CUDA arch 900. ggml-cuda.cu was compiled for: 900
/workspace/atlas-rental/src/atlas/kernels/hopper/qwen3.6-27b/nvfp4/q4k_vendor/quantize_impl.cuh:172: ERROR: CUDA kernel quantize_mmq_nvfp4_worker has no device code compatible with CUDA arch 900. ggml-cuda.cu was compiled for: 900
/workspace/atlas-rental/src/atlas/kernels/hopper/qwen3.6-27b/nvfp4/q4k_vendor/quantize_impl.cuh:172: ERROR: CUDA kernel quantize_mmq_nvfp4_worker has no device code compatible with CUDA arch 900. ggml-cuda.cu was compiled for: 900
/workspace/atlas-rental/src/atlas/kernels/hopper/qwen3.6-27b/nvfp4/q4k_vendor/quantize_impl.cuh:172: ERROR: CUDA kernel quantize_mmq_nvfp4_worker has no device code compatible with CUDA arch 900. ggml-cuda.cu was compiled for: 900
/workspace/atlas-rental/src/atlas/kernels/hopper/qwen3.6-27b/nvfp4/q4k_vendor/quantize_impl.cuh:172: ERROR: CUDA kernel quantize_mmq_nvfp4_worker has no device code compatible with CUDA arch 900. ggml-cuda.cu was compiled for: 900
/workspace/atlas-rental/src/atlas/kernels/hopper/qwen3.6-27b/nvfp4/q4k_vendor/quantize_impl.cuh:172: ERROR: CUDA kernel quantize_mmq_nvfp4_worker has no device code compatible with CUDA arch 900. ggml-cuda.cu was compiled for: 900
/workspace/atlas-rental/src/atlas/kernels/hopper/qwen3.6-27b/nvfp4/q4k_vendor/quantize_impl.cuh:172: ERROR: CUDA kernel quantize_mmq_nvfp4_worker has no device code compatible with CUDA arch 900. ggml-cuda.cu was compiled for: 900
/workspace/atlas-rental/src/atlas/kernels/hopper/qwen3.6-27b/nvfp4/q4k_vendor/quantize_impl.cuh:172: ERROR: CUDA kernel quantize_mmq_nvfp4_worker has no device code compatible with CUDA arch 900. ggml-cuda.cu was compiled for: 900
/workspace/atlas-rental/src/atlas/kernels/hopper/qwen3.6-27b/nvfp4/q4k_vendor/quantize_impl.cuh:172: ERROR: CUDA kernel quantize_mmq_nvfp4_worker has no device code compatible with CUDA arch 900. ggml-cuda.cu was compiled for: 900
/workspace/atlas-rental/src/atlas/kernels/hopper/qwen3.6-27b/nvfp4/q4k_vendor/quantize_impl.cuh:172: ERROR: CUDA kernel quantize_mmq_nvfp4_worker has no device code compatible with CUDA arch 900. ggml-cuda.cu was compiled for: 900
/workspace/atlas-rental/src/atlas/kernels/hopper/qwen3.6-27b/nvfp4/q4k_vendor/quantize_impl.cuh:172: ERROR: CUDA kernel quantize_mmq_nvfp4_worker has no device code compatible with CUDA arch 900. ggml-cuda.cu was compiled for: 900
/workspace/atlas-rental/src/atlas/kernels/hopper/qwen3.6-27b/nvfp4/q4k_vendor/quantize_impl.cuh:172: ERROR: CUDA kernel quantize_mmq_nvfp4_worker has no device code compatible with CUDA arch 900. ggml-cuda.cu was compiled for: 900
/workspace/atlas-rental/src/atlas/kernels/hopper/qwen3.6-27b/nvfp4/q4k_vendor/quantize_impl.cuh:172: ERROR: CUDA kernel quantize_mmq_nvfp4_worker has no device code compatible with CUDA arch 900. ggml-cuda.cu was compiled for: 900
/workspace/atlas-rental/src/atlas/kernels/hopper/qwen3.6-27b/nvfp4/q4k_vendor/quantize_impl.cuh:172: ERROR: CUDA kernel quantize_mmq_nvfp4_worker has no device code compatible with CUDA arch 900. ggml-cuda.cu was compiled for: 900
/workspace/atlas-rental/src/atlas/kernels/hopper/qwen3.6-27b/nvfp4/q4k_vendor/quantize_impl.cuh:172: ERROR: CUDA kernel quantize_mmq_nvfp4_worker has no device code compatible with CUDA arch 900. ggml-cuda.cu was compiled for: 900
/workspace/atlas-rental/src/atlas/kernels/hopper/qwen3.6-27b/nvfp4/q4k_vendor/quantize_impl.cuh:172: ERROR: CUDA kernel quantize_mmq_nvfp4_worker has no device code compatible with CUDA arch 900. ggml-cuda.cu was compiled for: 900
/workspace/atlas-rental/src/atlas/kernels/hopper/qwen3.6-27b/nvfp4/q4k_vendor/quantize_impl.cuh:172: ERROR: CUDA kernel quantize_mmq_nvfp4_worker has no device code compatible with CUDA arch 900. ggml-cuda.cu was compiled for: 900
/workspace/atlas-rental/src/atlas/kernels/hopper/qwen3.6-27b/nvfp4/q4k_vendor/quantize_impl.cuh:172: ERROR: CUDA kernel quantize_mmq_nvfp4_worker has no device code compatible with CUDA arch 900. ggml-cuda.cu was compiled for: 900
/workspace/atlas-rental/src/atlas/kernels/hopper/qwen3.6-27b/nvfp4/q4k_vendor/quantize_impl.cuh:172: ERROR: CUDA kernel quantize_mmq_nvfp4_worker has no device code compatible with CUDA arch 900. ggml-cuda.cu was compiled for: 900
/workspace/atlas-rental/src/atlas/kernels/hopper/qwen3.6-27b/nvfp4/q4k_vendor/quantize_impl.cuh:172: ERROR: CUDA kernel quantize_mmq_nvfp4_worker has no device code compatible with CUDA arch 900. ggml-cuda.cu was compiled for: 900
/workspace/atlas-rental/src/atlas/kernels/hopper/qwen3.6-27b/nvfp4/q4k_vendor/quantize_impl.cuh:172: ERROR: CUDA kernel quantize_mmq_nvfp4_worker has no device code compatible with CUDA arch 900. ggml-cuda.cu was compiled for: 900
/workspace/atlas-rental/src/atlas/kernels/hopper/qwen3.6-27b/nvfp4/q4k_vendor/quantize_impl.cuh:172: ERROR: CUDA kernel quantize_mmq_nvfp4_worker has no device code compatible with CUDA arch 900. ggml-cuda.cu was compiled for: 900
/workspace/atlas-rental/src/atlas/kernels/hopper/qwen3.6-27b/nvfp4/q4k_vendor/quantize_impl.cuh:172: ERROR: CUDA kernel quantize_mmq_nvfp4_worker has no device code compatible with CUDA arch 900. ggml-cuda.cu was compiled for: 900
/workspace/atlas-rental/src/atlas/kernels/hopper/qwen3.6-27b/nvfp4/q4k_vendor/quantize_impl.cuh:172: ERROR: CUDA kernel quantize_mmq_nvfp4_worker has no device code compatible with CUDA arch 900. ggml-cuda.cu was compiled for: 900
/workspace/atlas-rental/src/atlas/kernels/hopper/qwen3.6-27b/nvfp4/q4k_vendor/quantize_impl.cuh:172: ERROR: CUDA kernel quantize_mmq_nvfp4_worker has no device code compatible with CUDA arch 900. ggml-cuda.cu was compiled for: 900
/workspace/atlas-rental/src/atlas/kernels/hopper/qwen3.6-27b/nvfp4/q4k_vendor/quantize_impl.cuh:172: ERROR: CUDA kernel quantize_mmq_nvfp4_worker has no device code compatible with CUDA arch 900. ggml-cuda.cu was compiled for: 900
/workspace/atlas-rental/src/atlas/kernels/hopper/qwen3.6-27b/nvfp4/q4k_vendor/quantize_impl.cuh:172: ERROR: CUDA kernel quantize_mmq_nvfp4_worker has no device code compatible with CUDA arch 900. ggml-cuda.cu was compiled for: 900
/workspace/atlas-rental/src/atlas/kernels/hopper/qwen3.6-27b/nvfp4/q4k_vendor/quantize_impl.cuh:172: ERROR: CUDA kernel quantize_mmq_nvfp4_worker has no device code compatible with CUDA arch 900. ggml-cuda.cu was compiled for: 900
/workspace/atlas-rental/src/atlas/kernels/hopper/qwen3.6-27b/nvfp4/q4k_vendor/quantize_impl.cuh:172: ERROR: CUDA kernel quantize_mmq_nvfp4_worker has no device code compatible with CUDA arch 900. ggml-cuda.cu was compiled for: 900
/workspace/atlas-rental/src/atlas/kernels/hopper/qwen3.6-27b/nvfp4/q4k_vendor/quantize_impl.cuh:172: ERROR: CUDA kernel quantize_mmq_nvfp4_worker has no device code compatible with CUDA arch 900. ggml-cuda.cu was compiled for: 900
/workspace/atlas-rental/src/atlas/kernels/hopper/qwen3.6-27b/nvfp4/q4k_vendor/quantize_impl.cuh:172: ERROR: CUDA kernel quantize_mmq_nvfp4_worker has no device code compatible with CUDA arch 900. ggml-cuda.cu was compiled for: 900
/workspace/atlas-rental/src/atlas/kernels/hopper/qwen3.6-27b/nvfp4/q4k_vendor/quantize_impl.cuh:172: ERROR: CUDA kernel quantize_mmq_nvfp4_worker has no device code compatible with CUDA arch 900. ggml-cuda.cu was compiled for: 900
/workspace/atlas-rental/src/atlas/kernels/hopper/qwen3.6-27b/nvfp4/q4k_vendor/quantize_impl.cuh:172: ERROR: CUDA kernel quantize_mmq_nvfp4_worker has no device code compatible with CUDA arch 900. ggml-cuda.cu was compiled for: 900
/workspace/atlas-rental/src/atlas/kernels/hopper/qwen3.6-27b/nvfp4/q4k_vendor/quantize_impl.cuh:172: ERROR: CUDA kernel quantize_mmq_nvfp4_worker has no device code compatible with CUDA arch 900. ggml-cuda.cu was compiled for: 900
/workspace/atlas-rental/src/atlas/kernels/hopper/qwen3.6-27b/nvfp4/q4k_vendor/quantize_impl.cuh:172: ERROR: CUDA kernel quantize_mmq_nvfp4_worker has no device code compatible with CUDA arch 900. ggml-cuda.cu was compiled for: 900
/workspace/atlas-rental/src/atlas/kernels/hopper/qwen3.6-27b/nvfp4/q4k_vendor/quantize_impl.cuh:172: ERROR: CUDA kernel quantize_mmq_nvfp4_worker has no device code compatible with CUDA arch 900. ggml-cuda.cu was compiled for: 900
/workspace/atlas-rental/src/atlas/kernels/hopper/qwen3.6-27b/nvfp4/q4k_vendor/quantize_impl.cuh:172: ERROR: CUDA kernel quantize_mmq_nvfp4_worker has no device code compatible with CUDA arch 900. ggml-cuda.cu was compiled for: 900
/workspace/atlas-rental/src/atlas/kernels/hopper/qwen3.6-27b/nvfp4/q4k_vendor/quantize_impl.cuh:172: ERROR: CUDA kernel quantize_mmq_nvfp4_worker has no device code compatible with CUDA arch 900. ggml-cuda.cu was compiled for: 900
/workspace/atlas-rental/src/atlas/kernels/hopper/qwen3.6-27b/nvfp4/q4k_vendor/quantize_impl.cuh:172: ERROR: CUDA kernel quantize_mmq_nvfp4_worker has no device code compatible with CUDA arch 900. ggml-cuda.cu was compiled for: 900
/workspace/atlas-rental/src/atlas/kernels/hopper/qwen3.6-27b/nvfp4/q4k_vendor/quantize_impl.cuh:172: ERROR: CUDA kernel quantize_mmq_nvfp4_worker has no device code compatible with CUDA arch 900. ggml-cuda.cu was compiled for: 900
/workspace/atlas-rental/src/atlas/kernels/hopper/qwen3.6-27b/nvfp4/q4k_vendor/quantize_impl.cuh:172: ERROR: CUDA kernel quantize_mmq_nvfp4_worker has no device code compatible with CUDA arch 900. ggml-cuda.cu was compiled for: 900
/workspace/atlas-rental/src/atlas/kernels/hopper/qwen3.6-27b/nvfp4/q4k_vendor/quantize_impl.cuh:172: ERROR: CUDA kernel quantize_mmq_nvfp4_worker has no device code compatible with CUDA arch 900. ggml-cuda.cu was compiled for: 900
/workspace/atlas-rental/src/atlas/kernels/hopper/qwen3.6-27b/nvfp4/q4k_vendor/quantize_impl.cuh:172: ERROR: CUDA kernel quantize_mmq_nvfp4_worker has no device code compatible with CUDA arch 900. ggml-cuda.cu was compiled for: 900
/workspace/atlas-rental/src/atlas/kernels/hopper/qwen3.6-27b/nvfp4/q4k_vendor/quantize_impl.cuh:172: ERROR: CUDA kernel quantize_mmq_nvfp4_worker has no device code compatible with CUDA arch 900. ggml-cuda.cu was compiled for: 900
/workspace/atlas-rental/src/atlas/kernels/hopper/qwen3.6-27b/nvfp4/q4k_vendor/quantize_impl.cuh:172: ERROR: CUDA kernel quantize_mmq_nvfp4_worker has no device code compatible with CUDA arch 900. ggml-cuda.cu was compiled for: 900
/workspace/atlas-rental/src/atlas/kernels/hopper/qwen3.6-27b/nvfp4/q4k_vendor/quantize_impl.cuh:172: ERROR: CUDA kernel quantize_mmq_nvfp4_worker has no device code compatible with CUDA arch 900. ggml-cuda.cu was compiled for: 900
/workspace/atlas-rental/src/atlas/kernels/hopper/qwen3.6-27b/nvfp4/q4k_vendor/quantize_impl.cuh:172: ERROR: CUDA kernel quantize_mmq_nvfp4_worker has no device code compatible with CUDA arch 900. ggml-cuda.cu was compiled for: 900
/workspace/atlas-rental/src/atlas/kernels/hopper/qwen3.6-27b/nvfp4/q4k_vendor/quantize_impl.cuh:172: ERROR: CUDA kernel quantize_mmq_nvfp4_worker has no device code compatible with CUDA arch 900. ggml-cuda.cu was compiled for: 900
/workspace/atlas-rental/src/atlas/kernels/hopper/qwen3.6-27b/nvfp4/q4k_vendor/quantize_impl.cuh:172: ERROR: CUDA kernel quantize_mmq_nvfp4_worker has no device code compatible with CUDA arch 900. ggml-cuda.cu was compiled for: 900
/workspace/atlas-rental/src/atlas/kernels/hopper/qwen3.6-27b/nvfp4/q4k_vendor/quantize_impl.cuh:172: ERROR: CUDA kernel quantize_mmq_nvfp4_worker has no device code compatible with CUDA arch 900. ggml-cuda.cu was compiled for: 900
/workspace/atlas-rental/src/atlas/kernels/hopper/qwen3.6-27b/nvfp4/q4k_vendor/quantize_impl.cuh:172: ERROR: CUDA kernel quantize_mmq_nvfp4_worker has no device code compatible with CUDA arch 900. ggml-cuda.cu was compiled for: 900
/workspace/atlas-rental/src/atlas/kernels/hopper/qwen3.6-27b/nvfp4/q4k_vendor/quantize_impl.cuh:172: ERROR: CUDA kernel quantize_mmq_nvfp4_worker has no device code compatible with CUDA arch 900. ggml-cuda.cu was compiled for: 900
/workspace/atlas-rental/src/atlas/kernels/hopper/qwen3.6-27b/nvfp4/q4k_vendor/quantize_impl.cuh:172: ERROR: CUDA kernel quantize_mmq_nvfp4_worker has no device code compatible with CUDA arch 900. ggml-cuda.cu was compiled for: 900
/workspace/atlas-rental/src/atlas/kernels/hopper/qwen3.6-27b/nvfp4/q4k_vendor/quantize_impl.cuh:172: ERROR: CUDA kernel quantize_mmq_nvfp4_worker has no device code compatible with CUDA arch 900. ggml-cuda.cu was compiled for: 900
/workspace/atlas-rental/src/atlas/kernels/hopper/qwen3.6-27b/nvfp4/q4k_vendor/quantize_impl.cuh:172: ERROR: CUDA kernel quantize_mmq_nvfp4_worker has no device code compatible with CUDA arch 900. ggml-cuda.cu was compiled for: 900
/workspace/atlas-rental/src/atlas/kernels/hopper/qwen3.6-27b/nvfp4/q4k_vendor/quantize_impl.cuh:172: ERROR: CUDA kernel quantize_mmq_nvfp4_worker has no device code compatible with CUDA arch 900. ggml-cuda.cu was compiled for: 900
/workspace/atlas-rental/src/atlas/kernels/hopper/qwen3.6-27b/nvfp4/q4k_vendor/quantize_impl.cuh:172: ERROR: CUDA kernel quantize_mmq_nvfp4_worker has no device code compatible with CUDA arch 900. ggml-cuda.cu was compiled for: 900
/workspace/atlas-rental/src/atlas/kernels/hopper/qwen3.6-27b/nvfp4/q4k_vendor/quantize_impl.cuh:172: ERROR: CUDA kernel quantize_mmq_nvfp4_worker has no device code compatible with CUDA arch 900. ggml-cuda.cu was compiled for: 900
/workspace/atlas-rental/src/atlas/kernels/hopper/qwen3.6-27b/nvfp4/q4k_vendor/quantize_impl.cuh:172: ERROR: CUDA kernel quantize_mmq_nvfp4_worker has no device code compatible with CUDA arch 900. ggml-cuda.cu was compiled for: 900
/workspace/atlas-rental/src/atlas/kernels/hopper/qwen3.6-27b/nvfp4/q4k_vendor/quantize_impl.cuh:172: ERROR: CUDA kernel quantize_mmq_nvfp4_worker has no device code compatible with CUDA arch 900. ggml-cuda.cu was compiled for: 900
/workspace/atlas-rental/src/atlas/kernels/hopper/qwen3.6-27b/nvfp4/q4k_vendor/quantize_impl.cuh:172: ERROR: CUDA kernel quantize_mmq_nvfp4_worker has no device code compatible with CUDA arch 900. ggml-cuda.cu was compiled for: 900
/workspace/atlas-rental/src/atlas/kernels/hopper/qwen3.6-27b/nvfp4/q4k_vendor/quantize_impl.cuh:172: ERROR: CUDA kernel quantize_mmq_nvfp4_worker has no device code compatible with CUDA arch 900. ggml-cuda.cu was compiled for: 900
/workspace/atlas-rental/src/atlas/kernels/hopper/qwen3.6-27b/nvfp4/q4k_vendor/quantize_impl.cuh:172: ERROR: CUDA kernel quantize_mmq_nvfp4_worker has no device code compatible with CUDA arch 900. ggml-cuda.cu was compiled for: 900
/workspace/atlas-rental/src/atlas/kernels/hopper/qwen3.6-27b/nvfp4/q4k_vendor/quantize_impl.cuh:172: ERROR: CUDA kernel quantize_mmq_nvfp4_worker has no device code compatible with CUDA arch 900. ggml-cuda.cu was compiled for: 900
/workspace/atlas-rental/src/atlas/kernels/hopper/qwen3.6-27b/nvfp4/q4k_vendor/quantize_impl.cuh:172: ERROR: CUDA kernel quantize_mmq_nvfp4_worker has no device code compatible with CUDA arch 900. ggml-cuda.cu was compiled for: 900
/workspace/atlas-rental/src/atlas/kernels/hopper/qwen3.6-27b/nvfp4/q4k_vendor/quantize_impl.cuh:172: ERROR: CUDA kernel quantize_mmq_nvfp4_worker has no device code compatible with CUDA arch 900. ggml-cuda.cu was compiled for: 900
/workspace/atlas-rental/src/atlas/kernels/hopper/qwen3.6-27b/nvfp4/q4k_vendor/quantize_impl.cuh:172: ERROR: CUDA kernel quantize_mmq_nvfp4_worker has no device code compatible with CUDA arch 900. ggml-cuda.cu was compiled for: 900
/workspace/atlas-rental/src/atlas/kernels/hopper/qwen3.6-27b/nvfp4/q4k_vendor/quantize_impl.cuh:172: ERROR: CUDA kernel quantize_mmq_nvfp4_worker has no device code compatible with CUDA arch 900. ggml-cuda.cu was compiled for: 900
/workspace/atlas-rental/src/atlas/kernels/hopper/qwen3.6-27b/nvfp4/q4k_vendor/quantize_impl.cuh:172: ERROR: CUDA kernel quantize_mmq_nvfp4_worker has no device code compatible with CUDA arch 900. ggml-cuda.cu was compiled for: 900
/workspace/atlas-rental/src/atlas/kernels/hopper/qwen3.6-27b/nvfp4/q4k_vendor/quantize_impl.cuh:172: ERROR: CUDA kernel quantize_mmq_nvfp4_worker has no device code compatible with CUDA arch 900. ggml-cuda.cu was compiled for: 900
/workspace/atlas-rental/src/atlas/kernels/hopper/qwen3.6-27b/nvfp4/q4k_vendor/quantize_impl.cuh:172: ERROR: CUDA kernel quantize_mmq_nvfp4_worker has no device code compatible with CUDA arch 900. ggml-cuda.cu was compiled for: 900
/workspace/atlas-rental/src/atlas/kernels/hopper/qwen3.6-27b/nvfp4/q4k_vendor/quantize_impl.cuh:172: ERROR: CUDA kernel quantize_mmq_nvfp4_worker has no device code compatible with CUDA arch 900. ggml-cuda.cu was compiled for: 900
/workspace/atlas-rental/src/atlas/kernels/hopper/qwen3.6-27b/nvfp4/q4k_vendor/quantize_impl.cuh:172: ERROR: CUDA kernel quantize_mmq_nvfp4_worker has no device code compatible with CUDA arch 900. ggml-cuda.cu was compiled for: 900
/workspace/atlas-rental/src/atlas/kernels/hopper/qwen3.6-27b/nvfp4/q4k_vendor/quantize_impl.cuh:172: ERROR: CUDA kernel quantize_mmq_nvfp4_worker has no device code compatible with CUDA arch 900. ggml-cuda.cu was compiled for: 900
/workspace/atlas-rental/src/atlas/kernels/hopper/qwen3.6-27b/nvfp4/q4k_vendor/quantize_impl.cuh:172: ERROR: CUDA kernel quantize_mmq_nvfp4_worker has no device code compatible with CUDA arch 900. ggml-cuda.cu was compiled for: 900
/workspace/atlas-rental/src/atlas/kernels/hopper/qwen3.6-27b/nvfp4/q4k_vendor/quantize_impl.cuh:172: ERROR: CUDA kernel quantize_mmq_nvfp4_worker has no device code compatible with CUDA arch 900. ggml-cuda.cu was compiled for: 900
/workspace/atlas-rental/src/atlas/kernels/hopper/qwen3.6-27b/nvfp4/q4k_vendor/quantize_impl.cuh:172: ERROR: CUDA kernel quantize_mmq_nvfp4_worker has no device code compatible with CUDA arch 900. ggml-cuda.cu was compiled for: 900
/workspace/atlas-rental/src/atlas/kernels/hopper/qwen3.6-27b/nvfp4/q4k_vendor/quantize_impl.cuh:172: ERROR: CUDA kernel quantize_mmq_nvfp4_worker has no device code compatible with CUDA arch 900. ggml-cuda.cu was compiled for: 900
/workspace/atlas-rental/src/atlas/kernels/hopper/qwen3.6-27b/nvfp4/q4k_vendor/quantize_impl.cuh:172: ERROR: CUDA kernel quantize_mmq_nvfp4_worker has no device code compatible with CUDA arch 900. ggml-cuda.cu was compiled for: 900
/workspace/atlas-rental/src/atlas/kernels/hopper/qwen3.6-27b/nvfp4/q4k_vendor/quantize_impl.cuh:172: ERROR: CUDA kernel quantize_mmq_nvfp4_worker has no device code compatible with CUDA arch 900. ggml-cuda.cu was compiled for: 900
/workspace/atlas-rental/src/atlas/kernels/hopper/qwen3.6-27b/nvfp4/q4k_vendor/quantize_impl.cuh:172: ERROR: CUDA kernel quantize_mmq_nvfp4_worker has no device code compatible with CUDA arch 900. ggml-cuda.cu was compiled for: 900
/workspace/atlas-rental/src/atlas/kernels/hopper/qwen3.6-27b/nvfp4/q4k_vendor/quantize_impl.cuh:172: ERROR: CUDA kernel quantize_mmq_nvfp4_worker has no device code compatible with CUDA arch 900. ggml-cuda.cu was compiled for: 900
/workspace/atlas-rental/src/atlas/kernels/hopper/qwen3.6-27b/nvfp4/q4k_vendor/quantize_impl.cuh:172: ERROR: CUDA kernel quantize_mmq_nvfp4_worker has no device code compatible with CUDA arch 900. ggml-cuda.cu was compiled for: 900
/workspace/atlas-rental/src/atlas/kernels/hopper/qwen3.6-27b/nvfp4/q4k_vendor/quantize_impl.cuh:172: ERROR: CUDA kernel quantize_mmq_nvfp4_worker has no device code compatible with CUDA arch 900. ggml-cuda.cu was compiled for: 900
/workspace/atlas-rental/src/atlas/kernels/hopper/qwen3.6-27b/nvfp4/q4k_vendor/quantize_impl.cuh:172: ERROR: CUDA kernel quantize_mmq_nvfp4_worker has no device code compatible with CUDA arch 900. ggml-cuda.cu was compiled for: 900
/workspace/atlas-rental/src/atlas/kernels/hopper/qwen3.6-27b/nvfp4/q4k_vendor/quantize_impl.cuh:172: ERROR: CUDA kernel quantize_mmq_nvfp4_worker has no device code compatible with CUDA arch 900. ggml-cuda.cu was compiled for: 900
/workspace/atlas-rental/src/atlas/kernels/hopper/qwen3.6-27b/nvfp4/q4k_vendor/quantize_impl.cuh:172: ERROR: CUDA kernel quantize_mmq_nvfp4_worker has no device code compatible with CUDA arch 900. ggml-cuda.cu was compiled for: 900
/workspace/atlas-rental/src/atlas/kernels/hopper/qwen3.6-27b/nvfp4/q4k_vendor/quantize_impl.cuh:172: ERROR: CUDA kernel quantize_mmq_nvfp4_worker has no device code compatible with CUDA arch 900. ggml-cuda.cu was compiled for: 900
/workspace/atlas-rental/src/atlas/kernels/hopper/qwen3.6-27b/nvfp4/q4k_vendor/quantize_impl.cuh:172: ERROR: CUDA kernel quantize_mmq_nvfp4_worker has no device code compatible with CUDA arch 900. ggml-cuda.cu was compiled for: 900
/workspace/atlas-rental/src/atlas/kernels/hopper/qwen3.6-27b/nvfp4/q4k_vendor/quantize_impl.cuh:172: ERROR: CUDA kernel quantize_mmq_nvfp4_worker has no device code compatible with CUDA arch 900. ggml-cuda.cu was compiled for: 900
/workspace/atlas-rental/src/atlas/kernels/hopper/qwen3.6-27b/nvfp4/q4k_vendor/quantize_impl.cuh:172: ERROR: CUDA kernel quantize_mmq_nvfp4_worker has no device code compatible with CUDA arch 900. ggml-cuda.cu was compiled for: 900
/workspace/atlas-rental/src/atlas/kernels/hopper/qwen3.6-27b/nvfp4/q4k_vendor/quantize_impl.cuh:172: ERROR: CUDA kernel quantize_mmq_nvfp4_worker has no device code compatible with CUDA arch 900. ggml-cuda.cu was compiled for: 900
/workspace/atlas-rental/src/atlas/kernels/hopper/qwen3.6-27b/nvfp4/q4k_vendor/quantize_impl.cuh:172: ERROR: CUDA kernel quantize_mmq_nvfp4_worker has no device code compatible with CUDA arch 900. ggml-cuda.cu was compiled for: 900
/workspace/atlas-rental/src/atlas/kernels/hopper/qwen3.6-27b/nvfp4/q4k_vendor/quantize_impl.cuh:172: ERROR: CUDA kernel quantize_mmq_nvfp4_worker has no device code compatible with CUDA arch 900. ggml-cuda.cu was compiled for: 900
/workspace/atlas-rental/src/atlas/kernels/hopper/qwen3.6-27b/nvfp4/q4k_vendor/quantize_impl.cuh:172: ERROR: CUDA kernel quantize_mmq_nvfp4_worker has no device code compatible with CUDA arch 900. ggml-cuda.cu was compiled for: 900
/workspace/atlas-rental/src/atlas/kernels/hopper/qwen3.6-27b/nvfp4/q4k_vendor/quantize_impl.cuh:172: ERROR: CUDA kernel quantize_mmq_nvfp4_worker has no device code compatible with CUDA arch 900. ggml-cuda.cu was compiled for: 900
/workspace/atlas-rental/src/atlas/kernels/hopper/qwen3.6-27b/nvfp4/q4k_vendor/quantize_impl.cuh:172: ERROR: CUDA kernel quantize_mmq_nvfp4_worker has no device code compatible with CUDA arch 900. ggml-cuda.cu was compiled for: 900
/workspace/atlas-rental/src/atlas/kernels/hopper/qwen3.6-27b/nvfp4/q4k_vendor/quantize_impl.cuh:172: ERROR: CUDA kernel quantize_mmq_nvfp4_worker has no device code compatible with CUDA arch 900. ggml-cuda.cu was compiled for: 900
/workspace/atlas-rental/src/atlas/kernels/hopper/qwen3.6-27b/nvfp4/q4k_vendor/quantize_impl.cuh:172: ERROR: CUDA kernel quantize_mmq_nvfp4_worker has no device code compatible with CUDA arch 900. ggml-cuda.cu was compiled for: 900
/workspace/atlas-rental/src/atlas/kernels/hopper/qwen3.6-27b/nvfp4/q4k_vendor/quantize_impl.cuh:172: ERROR: CUDA kernel quantize_mmq_nvfp4_worker has no device code compatible with CUDA arch 900. ggml-cuda.cu was compiled for: 900
/workspace/atlas-rental/src/atlas/kernels/hopper/qwen3.6-27b/nvfp4/q4k_vendor/quantize_impl.cuh:172: ERROR: CUDA kernel quantize_mmq_nvfp4_worker has no device code compatible with CUDA arch 900. ggml-cuda.cu was compiled for: 900
/workspace/atlas-rental/src/atlas/kernels/hopper/qwen3.6-27b/nvfp4/q4k_vendor/quantize_impl.cuh:172: ERROR: CUDA kernel quantize_mmq_nvfp4_worker has no device code compatible with CUDA arch 900. ggml-cuda.cu was compiled for: 900
/workspace/atlas-rental/src/atlas/kernels/hopper/qwen3.6-27b/nvfp4/q4k_vendor/quantize_impl.cuh:172: ERROR: CUDA kernel quantize_mmq_nvfp4_worker has no device code compatible with CUDA arch 900. ggml-cuda.cu was compiled for: 900
/workspace/atlas-rental/src/atlas/kernels/hopper/qwen3.6-27b/nvfp4/q4k_vendor/quantize_impl.cuh:172: ERROR: CUDA kernel quantize_mmq_nvfp4_worker has no device code compatible with CUDA arch 900. ggml-cuda.cu was compiled for: 900
/workspace/atlas-rental/src/atlas/kernels/hopper/qwen3.6-27b/nvfp4/q4k_vendor/quantize_impl.cuh:172: ERROR: CUDA kernel quantize_mmq_nvfp4_worker has no device code compatible with CUDA arch 900. ggml-cuda.cu was compiled for: 900
/workspace/atlas-rental/src/atlas/kernels/hopper/qwen3.6-27b/nvfp4/q4k_vendor/quantize_impl.cuh:172: ERROR: CUDA kernel quantize_mmq_nvfp4_worker has no device code compatible with CUDA arch 900. ggml-cuda.cu was compiled for: 900
/workspace/atlas-rental/src/atlas/kernels/hopper/qwen3.6-27b/nvfp4/q4k_vendor/quantize_impl.cuh:172: ERROR: CUDA kernel quantize_mmq_nvfp4_worker has no device code compatible with CUDA arch 900. ggml-cuda.cu was compiled for: 900
/workspace/atlas-rental/src/atlas/kernels/hopper/qwen3.6-27b/nvfp4/q4k_vendor/quantize_impl.cuh:172: ERROR: CUDA kernel quantize_mmq_nvfp4_worker has no device code compatible with CUDA arch 900. ggml-cuda.cu was compiled for: 900
/workspace/atlas-rental/src/atlas/kernels/hopper/qwen3.6-27b/nvfp4/q4k_vendor/quantize_impl.cuh:172: ERROR: CUDA kernel quantize_mmq_nvfp4_worker has no device code compatible with CUDA arch 900. ggml-cuda.cu was compiled for: 900
/workspace/atlas-rental/src/atlas/kernels/hopper/qwen3.6-27b/nvfp4/q4k_vendor/quantize_impl.cuh:172: ERROR: CUDA kernel quantize_mmq_nvfp4_worker has no device code compatible with CUDA arch 900. ggml-cuda.cu was compiled for: 900
/workspace/atlas-rental/src/atlas/kernels/hopper/qwen3.6-27b/nvfp4/q4k_vendor/quantize_impl.cuh:172: ERROR: CUDA kernel quantize_mmq_nvfp4_worker has no device code compatible with CUDA arch 900. ggml-cuda.cu was compiled for: 900
/workspace/atlas-rental/src/atlas/kernels/hopper/qwen3.6-27b/nvfp4/q4k_vendor/quantize_impl.cuh:172: ERROR: CUDA kernel quantize_mmq_nvfp4_worker has no device code compatible with CUDA arch 900. ggml-cuda.cu was compiled for: 900
/workspace/atlas-rental/src/atlas/kernels/hopper/qwen3.6-27b/nvfp4/q4k_vendor/quantize_impl.cuh:172: ERROR: CUDA kernel quantize_mmq_nvfp4_worker has no device code compatible with CUDA arch 900. ggml-cuda.cu was compiled for: 900
/workspace/atlas-rental/src/atlas/kernels/hopper/qwen3.6-27b/nvfp4/q4k_vendor/quantize_impl.cuh:172: ERROR: CUDA kernel quantize_mmq_nvfp4_worker has no device code compatible with CUDA arch 900. ggml-cuda.cu was compiled for: 900
/workspace/atlas-rental/src/atlas/kernels/hopper/qwen3.6-27b/nvfp4/q4k_vendor/quantize_impl.cuh:172: ERROR: CUDA kernel quantize_mmq_nvfp4_worker has no device code compatible with CUDA arch 900. ggml-cuda.cu was compiled for: 900
/workspace/atlas-rental/src/atlas/kernels/hopper/qwen3.6-27b/nvfp4/q4k_vendor/quantize_impl.cuh:172: ERROR: CUDA kernel quantize_mmq_nvfp4_worker has no device code compatible with CUDA arch 900. ggml-cuda.cu was compiled for: 900
/workspace/atlas-rental/src/atlas/kernels/hopper/qwen3.6-27b/nvfp4/q4k_vendor/quantize_impl.cuh:172: ERROR: CUDA kernel quantize_mmq_nvfp4_worker has no device code compatible with CUDA arch 900. ggml-cuda.cu was compiled for: 900
/workspace/atlas-rental/src/atlas/kernels/hopper/qwen3.6-27b/nvfp4/q4k_vendor/quantize_impl.cuh:172: ERROR: CUDA kernel quantize_mmq_nvfp4_worker has no device code compatible with CUDA arch 900. ggml-cuda.cu was compiled for: 900
/workspace/atlas-rental/src/atlas/kernels/hopper/qwen3.6-27b/nvfp4/q4k_vendor/quantize_impl.cuh:172: ERROR: CUDA kernel quantize_mmq_nvfp4_worker has no device code compatible with CUDA arch 900. ggml-cuda.cu was compiled for: 900
/workspace/atlas-rental/src/atlas/kernels/hopper/qwen3.6-27b/nvfp4/q4k_vendor/quantize_impl.cuh:172: ERROR: CUDA kernel quantize_mmq_nvfp4_worker has no device code compatible with CUDA arch 900. ggml-cuda.cu was compiled for: 900
/workspace/atlas-rental/src/atlas/kernels/hopper/qwen3.6-27b/nvfp4/q4k_vendor/quantize_impl.cuh:172: ERROR: CUDA kernel quantize_mmq_nvfp4_worker has no device code compatible with CUDA arch 900. ggml-cuda.cu was compiled for: 900
/workspace/atlas-rental/src/atlas/kernels/hopper/qwen3.6-27b/nvfp4/q4k_vendor/quantize_impl.cuh:172: ERROR: CUDA kernel quantize_mmq_nvfp4_worker has no device code compatible with CUDA arch 900. ggml-cuda.cu was compiled for: 900
/workspace/atlas-rental/src/atlas/kernels/hopper/qwen3.6-27b/nvfp4/q4k_vendor/quantize_impl.cuh:172: ERROR: CUDA kernel quantize_mmq_nvfp4_worker has no device code compatible with CUDA arch 900. ggml-cuda.cu was compiled for: 900
/workspace/atlas-rental/src/atlas/kernels/hopper/qwen3.6-27b/nvfp4/q4k_vendor/quantize_impl.cuh:172: ERROR: CUDA kernel quantize_mmq_nvfp4_worker has no device code compatible with CUDA arch 900. ggml-cuda.cu was compiled for: 900
/workspace/atlas-rental/src/atlas/kernels/hopper/qwen3.6-27b/nvfp4/q4k_vendor/quantize_impl.cuh:172: ERROR: CUDA kernel quantize_mmq_nvfp4_worker has no device code compatible with CUDA arch 900. ggml-cuda.cu was compiled for: 900
/workspace/atlas-rental/src/atlas/kernels/hopper/qwen3.6-27b/nvfp4/q4k_vendor/quantize_impl.cuh:172: ERROR: CUDA kernel quantize_mmq_nvfp4_worker has no device code compatible with CUDA arch 900. ggml-cuda.cu was compiled for: 900
/workspace/atlas-rental/src/atlas/kernels/hopper/qwen3.6-27b/nvfp4/q4k_vendor/quantize_impl.cuh:172: ERROR: CUDA kernel quantize_mmq_nvfp4_worker has no device code compatible with CUDA arch 900. ggml-cuda.cu was compiled for: 900
/workspace/atlas-rental/src/atlas/kernels/hopper/qwen3.6-27b/nvfp4/q4k_vendor/quantize_impl.cuh:172: ERROR: CUDA kernel quantize_mmq_nvfp4_worker has no device code compatible with CUDA arch 900. ggml-cuda.cu was compiled for: 900
/workspace/atlas-rental/src/atlas/kernels/hopper/qwen3.6-27b/nvfp4/q4k_vendor/quantize_impl.cuh:172: ERROR: CUDA kernel quantize_mmq_nvfp4_worker has no device code compatible with CUDA arch 900. ggml-cuda.cu was compiled for: 900
/workspace/atlas-rental/src/atlas/kernels/hopper/qwen3.6-27b/nvfp4/q4k_vendor/quantize_impl.cuh:172: ERROR: CUDA kernel quantize_mmq_nvfp4_worker has no device code compatible with CUDA arch 900. ggml-cuda.cu was compiled for: 900
/workspace/atlas-rental/src/atlas/kernels/hopper/qwen3.6-27b/nvfp4/q4k_vendor/quantize_impl.cuh:172: ERROR: CUDA kernel quantize_mmq_nvfp4_worker has no device code compatible with CUDA arch 900. ggml-cuda.cu was compiled for: 900
/workspace/atlas-rental/src/atlas/kernels/hopper/qwen3.6-27b/nvfp4/q4k_vendor/quantize_impl.cuh:172: ERROR: CUDA kernel quantize_mmq_nvfp4_worker has no device code compatible with CUDA arch 900. ggml-cuda.cu was compiled for: 900
/workspace/atlas-rental/src/atlas/kernels/hopper/qwen3.6-27b/nvfp4/q4k_vendor/quantize_impl.cuh:172: ERROR: CUDA kernel quantize_mmq_nvfp4_worker has no device code compatible with CUDA arch 900. ggml-cuda.cu was compiled for: 900
/workspace/atlas-rental/src/atlas/kernels/hopper/qwen3.6-27b/nvfp4/q4k_vendor/quantize_impl.cuh:172: ERROR: CUDA kernel quantize_mmq_nvfp4_worker has no device code compatible with CUDA arch 900. ggml-cuda.cu was compiled for: 900
/workspace/atlas-rental/src/atlas/kernels/hopper/qwen3.6-27b/nvfp4/q4k_vendor/quantize_impl.cuh:172: ERROR: CUDA kernel quantize_mmq_nvfp4_worker has no device code compatible with CUDA arch 900. ggml-cuda.cu was compiled for: 900
/workspace/atlas-rental/src/atlas/kernels/hopper/qwen3.6-27b/nvfp4/q4k_vendor/quantize_impl.cuh:172: ERROR: CUDA kernel quantize_mmq_nvfp4_worker has no device code compatible with CUDA arch 900. ggml-cuda.cu was compiled for: 900
/workspace/atlas-rental/src/atlas/kernels/hopper/qwen3.6-27b/nvfp4/q4k_vendor/quantize_impl.cuh:172: ERROR: CUDA kernel quantize_mmq_nvfp4_worker has no device code compatible with CUDA arch 900. ggml-cuda.cu was compiled for: 900
/workspace/atlas-rental/src/atlas/kernels/hopper/qwen3.6-27b/nvfp4/q4k_vendor/quantize_impl.cuh:172: ERROR: CUDA kernel quantize_mmq_nvfp4_worker has no device code compatible with CUDA arch 900. ggml-cuda.cu was compiled for: 900
/workspace/atlas-rental/src/atlas/kernels/hopper/qwen3.6-27b/nvfp4/q4k_vendor/quantize_impl.cuh:172: ERROR: CUDA kernel quantize_mmq_nvfp4_worker has no device code compatible with CUDA arch 900. ggml-cuda.cu was compiled for: 900
/workspace/atlas-rental/src/atlas/kernels/hopper/qwen3.6-27b/nvfp4/q4k_vendor/quantize_impl.cuh:172: ERROR: CUDA kernel quantize_mmq_nvfp4_worker has no device code compatible with CUDA arch 900. ggml-cuda.cu was compiled for: 900
/workspace/atlas-rental/src/atlas/kernels/hopper/qwen3.6-27b/nvfp4/q4k_vendor/quantize_impl.cuh:172: ERROR: CUDA kernel quantize_mmq_nvfp4_worker has no device code compatible with CUDA arch 900. ggml-cuda.cu was compiled for: 900
/workspace/atlas-rental/src/atlas/kernels/hopper/qwen3.6-27b/nvfp4/q4k_vendor/quantize_impl.cuh:172: ERROR: CUDA kernel quantize_mmq_nvfp4_worker has no device code compatible with CUDA arch 900. ggml-cuda.cu was compiled for: 900
/workspace/atlas-rental/src/atlas/kernels/hopper/qwen3.6-27b/nvfp4/q4k_vendor/quantize_impl.cuh:172: ERROR: CUDA kernel quantize_mmq_nvfp4_worker has no device code compatible with CUDA arch 900. ggml-cuda.cu was compiled for: 900
/workspace/atlas-rental/src/atlas/kernels/hopper/qwen3.6-27b/nvfp4/q4k_vendor/quantize_impl.cuh:172: ERROR: CUDA kernel quantize_mmq_nvfp4_worker has no device code compatible with CUDA arch 900. ggml-cuda.cu was compiled for: 900
/workspace/atlas-rental/src/atlas/kernels/hopper/qwen3.6-27b/nvfp4/q4k_vendor/quantize_impl.cuh:172: ERROR: CUDA kernel quantize_mmq_nvfp4_worker has no device code compatible with CUDA arch 900. ggml-cuda.cu was compiled for: 900
/workspace/atlas-rental/src/atlas/kernels/hopper/qwen3.6-27b/nvfp4/q4k_vendor/quantize_impl.cuh:172: ERROR: CUDA kernel quantize_mmq_nvfp4_worker has no device code compatible with CUDA arch 900. ggml-cuda.cu was compiled for: 900
/workspace/atlas-rental/src/atlas/kernels/hopper/qwen3.6-27b/nvfp4/q4k_vendor/quantize_impl.cuh:172: ERROR: CUDA kernel quantize_mmq_nvfp4_worker has no device code compatible with CUDA arch 900. ggml-cuda.cu was compiled for: 900
/workspace/atlas-rental/src/atlas/kernels/hopper/qwen3.6-27b/nvfp4/q4k_vendor/quantize_impl.cuh:172: ERROR: CUDA kernel quantize_mmq_nvfp4_worker has no device code compatible with CUDA arch 900. ggml-cuda.cu was compiled for: 900
/workspace/atlas-rental/src/atlas/kernels/hopper/qwen3.6-27b/nvfp4/q4k_vendor/quantize_impl.cuh:172: ERROR: CUDA kernel quantize_mmq_nvfp4_worker has no device code compatible with CUDA arch 900. ggml-cuda.cu was compiled for: 900
/workspace/atlas-rental/src/atlas/kernels/hopper/qwen3.6-27b/nvfp4/q4k_vendor/quantize_impl.cuh:172: ERROR: CUDA kernel quantize_mmq_nvfp4_worker has no device code compatible with CUDA arch 900. ggml-cuda.cu was compiled for: 900
/workspace/atlas-rental/src/atlas/kernels/hopper/qwen3.6-27b/nvfp4/q4k_vendor/quantize_impl.cuh:172: ERROR: CUDA kernel quantize_mmq_nvfp4_worker has no device code compatible with CUDA arch 900. ggml-cuda.cu was compiled for: 900
/workspace/atlas-rental/src/atlas/kernels/hopper/qwen3.6-27b/nvfp4/q4k_vendor/quantize_impl.cuh:172: ERROR: CUDA kernel quantize_mmq_nvfp4_worker has no device code compatible with CUDA arch 900. ggml-cuda.cu was compiled for: 900
/workspace/atlas-rental/src/atlas/kernels/hopper/qwen3.6-27b/nvfp4/q4k_vendor/quantize_impl.cuh:172: ERROR: CUDA kernel quantize_mmq_nvfp4_worker has no device code compatible with CUDA arch 900. ggml-cuda.cu was compiled for: 900
/workspace/atlas-rental/src/atlas/kernels/hopper/qwen3.6-27b/nvfp4/q4k_vendor/quantize_impl.cuh:172: ERROR: CUDA kernel quantize_mmq_nvfp4_worker has no device code compatible with CUDA arch 900. ggml-cuda.cu was compiled for: 900
/workspace/atlas-rental/src/atlas/kernels/hopper/qwen3.6-27b/nvfp4/q4k_vendor/quantize_impl.cuh:172: ERROR: CUDA kernel quantize_mmq_nvfp4_worker has no device code compatible with CUDA arch 900. ggml-cuda.cu was compiled for: 900
/workspace/atlas-rental/src/atlas/kernels/hopper/qwen3.6-27b/nvfp4/q4k_vendor/quantize_impl.cuh:172: ERROR: CUDA kernel quantize_mmq_nvfp4_worker has no device code compatible with CUDA arch 900. ggml-cuda.cu was compiled for: 900
/workspace/atlas-rental/src/atlas/kernels/hopper/qwen3.6-27b/nvfp4/q4k_vendor/quantize_impl.cuh:172: ERROR: CUDA kernel quantize_mmq_nvfp4_worker has no device code compatible with CUDA arch 900. ggml-cuda.cu was compiled for: 900
/workspace/atlas-rental/src/atlas/kernels/hopper/qwen3.6-27b/nvfp4/q4k_vendor/quantize_impl.cuh:172: ERROR: CUDA kernel quantize_mmq_nvfp4_worker has no device code compatible with CUDA arch 900. ggml-cuda.cu was compiled for: 900
/workspace/atlas-rental/src/atlas/kernels/hopper/qwen3.6-27b/nvfp4/q4k_vendor/quantize_impl.cuh:172: ERROR: CUDA kernel quantize_mmq_nvfp4_worker has no device code compatible with CUDA arch 900. ggml-cuda.cu was compiled for: 900
/workspace/atlas-rental/src/atlas/kernels/hopper/qwen3.6-27b/nvfp4/q4k_vendor/quantize_impl.cuh:172: ERROR: CUDA kernel quantize_mmq_nvfp4_worker has no device code compatible with CUDA arch 900. ggml-cuda.cu was compiled for: 900
/workspace/atlas-rental/src/atlas/kernels/hopper/qwen3.6-27b/nvfp4/q4k_vendor/quantize_impl.cuh:172: ERROR: CUDA kernel quantize_mmq_nvfp4_worker has no device code compatible with CUDA arch 900. ggml-cuda.cu was compiled for: 900
/workspace/atlas-rental/src/atlas/kernels/hopper/qwen3.6-27b/nvfp4/q4k_vendor/quantize_impl.cuh:172: ERROR: CUDA kernel quantize_mmq_nvfp4_worker has no device code compatible with CUDA arch 900. ggml-cuda.cu was compiled for: 900
/workspace/atlas-rental/src/atlas/kernels/hopper/qwen3.6-27b/nvfp4/q4k_vendor/quantize_impl.cuh:172: ERROR: CUDA kernel quantize_mmq_nvfp4_worker has no device code compatible with CUDA arch 900. ggml-cuda.cu was compiled for: 900
/workspace/atlas-rental/src/atlas/kernels/hopper/qwen3.6-27b/nvfp4/q4k_vendor/quantize_impl.cuh:172: ERROR: CUDA kernel quantize_mmq_nvfp4_worker has no device code compatible with CUDA arch 900. ggml-cuda.cu was compiled for: 900
/workspace/atlas-rental/src/atlas/kernels/hopper/qwen3.6-27b/nvfp4/q4k_vendor/quantize_impl.cuh:172: ERROR: CUDA kernel quantize_mmq_nvfp4_worker has no device code compatible with CUDA arch 900. ggml-cuda.cu was compiled for: 900
/workspace/atlas-rental/src/atlas/kernels/hopper/qwen3.6-27b/nvfp4/q4k_vendor/quantize_impl.cuh:172: ERROR: CUDA kernel quantize_mmq_nvfp4_worker has no device code compatible with CUDA arch 900. ggml-cuda.cu was compiled for: 900
/workspace/atlas-rental/src/atlas/kernels/hopper/qwen3.6-27b/nvfp4/q4k_vendor/quantize_impl.cuh:172: ERROR: CUDA kernel quantize_mmq_nvfp4_worker has no device code compatible with CUDA arch 900. ggml-cuda.cu was compiled for: 900
/workspace/atlas-rental/src/atlas/kernels/hopper/qwen3.6-27b/nvfp4/q4k_vendor/quantize_impl.cuh:172: ERROR: CUDA kernel quantize_mmq_nvfp4_worker has no device code compatible with CUDA arch 900. ggml-cuda.cu was compiled for: 900
/workspace/atlas-rental/src/atlas/kernels/hopper/qwen3.6-27b/nvfp4/q4k_vendor/quantize_impl.cuh:172: ERROR: CUDA kernel quantize_mmq_nvfp4_worker has no device code compatible with CUDA arch 900. ggml-cuda.cu was compiled for: 900
/workspace/atlas-rental/src/atlas/kernels/hopper/qwen3.6-27b/nvfp4/q4k_vendor/quantize_impl.cuh:172: ERROR: CUDA kernel quantize_mmq_nvfp4_worker has no device code compatible with CUDA arch 900. ggml-cuda.cu was compiled for: 900
/workspace/atlas-rental/src/atlas/kernels/hopper/qwen3.6-27b/nvfp4/q4k_vendor/quantize_impl.cuh:172: ERROR: CUDA kernel quantize_mmq_nvfp4_worker has no device code compatible with CUDA arch 900. ggml-cuda.cu was compiled for: 900
/workspace/atlas-rental/src/atlas/kernels/hopper/qwen3.6-27b/nvfp4/q4k_vendor/quantize_impl.cuh:172: ERROR: CUDA kernel quantize_mmq_nvfp4_worker has no device code compatible with CUDA arch 900. ggml-cuda.cu was compiled for: 900
/workspace/atlas-rental/src/atlas/kernels/hopper/qwen3.6-27b/nvfp4/q4k_vendor/quantize_impl.cuh:172: ERROR: CUDA kernel quantize_mmq_nvfp4_worker has no device code compatible with CUDA arch 900. ggml-cuda.cu was compiled for: 900
/workspace/atlas-rental/src/atlas/kernels/hopper/qwen3.6-27b/nvfp4/q4k_vendor/quantize_impl.cuh:172: ERROR: CUDA kernel quantize_mmq_nvfp4_worker has no device code compatible with CUDA arch 900. ggml-cuda.cu was compiled for: 900
/workspace/atlas-rental/src/atlas/kernels/hopper/qwen3.6-27b/nvfp4/q4k_vendor/quantize_impl.cuh:172: ERROR: CUDA kernel quantize_mmq_nvfp4_worker has no device code compatible with CUDA arch 900. ggml-cuda.cu was compiled for: 900
/workspace/atlas-rental/src/atlas/kernels/hopper/qwen3.6-27b/nvfp4/q4k_vendor/quantize_impl.cuh:172: ERROR: CUDA kernel quantize_mmq_nvfp4_worker has no device code compatible with CUDA arch 900. ggml-cuda.cu was compiled for: 900
/workspace/atlas-rental/src/atlas/kernels/hopper/qwen3.6-27b/nvfp4/q4k_vendor/quantize_impl.cuh:172: ERROR: CUDA kernel quantize_mmq_nvfp4_worker has no device code compatible with CUDA arch 900. ggml-cuda.cu was compiled for: 900
/workspace/atlas-rental/src/atlas/kernels/hopper/qwen3.6-27b/nvfp4/q4k_vendor/quantize_impl.cuh:172: ERROR: CUDA kernel quantize_mmq_nvfp4_worker has no device code compatible with CUDA arch 900. ggml-cuda.cu was compiled for: 900
/workspace/atlas-rental/src/atlas/kernels/hopper/qwen3.6-27b/nvfp4/q4k_vendor/quantize_impl.cuh:172: ERROR: CUDA kernel quantize_mmq_nvfp4_worker has no device code compatible with CUDA arch 900. ggml-cuda.cu was compiled for: 900
/workspace/atlas-rental/src/atlas/kernels/hopper/qwen3.6-27b/nvfp4/q4k_vendor/quantize_impl.cuh:172: ERROR: CUDA kernel quantize_mmq_nvfp4_worker has no device code compatible with CUDA arch 900. ggml-cuda.cu was compiled for: 900
/workspace/atlas-rental/src/atlas/kernels/hopper/qwen3.6-27b/nvfp4/q4k_vendor/quantize_impl.cuh:172: ERROR: CUDA kernel quantize_mmq_nvfp4_worker has no device code compatible with CUDA arch 900. ggml-cuda.cu was compiled for: 900
/workspace/atlas-rental/src/atlas/kernels/hopper/qwen3.6-27b/nvfp4/q4k_vendor/quantize_impl.cuh:172: ERROR: CUDA kernel quantize_mmq_nvfp4_worker has no device code compatible with CUDA arch 900. ggml-cuda.cu was compiled for: 900
/workspace/atlas-rental/src/atlas/kernels/hopper/qwen3.6-27b/nvfp4/q4k_vendor/quantize_impl.cuh:172: ERROR: CUDA kernel quantize_mmq_nvfp4_worker has no device code compatible with CUDA arch 900. ggml-cuda.cu was compiled for: 900
/workspace/atlas-rental/src/atlas/kernels/hopper/qwen3.6-27b/nvfp4/q4k_vendor/quantize_impl.cuh:172: ERROR: CUDA kernel quantize_mmq_nvfp4_worker has no device code compatible with CUDA arch 900. ggml-cuda.cu was compiled for: 900
/workspace/atlas-rental/src/atlas/kernels/hopper/qwen3.6-27b/nvfp4/q4k_vendor/quantize_impl.cuh:172: ERROR: CUDA kernel quantize_mmq_nvfp4_worker has no device code compatible with CUDA arch 900. ggml-cuda.cu was compiled for: 900
/workspace/atlas-rental/src/atlas/kernels/hopper/qwen3.6-27b/nvfp4/q4k_vendor/quantize_impl.cuh:172: ERROR: CUDA kernel quantize_mmq_nvfp4_worker has no device code compatible with CUDA arch 900. ggml-cuda.cu was compiled for: 900
/workspace/atlas-rental/src/atlas/kernels/hopper/qwen3.6-27b/nvfp4/q4k_vendor/quantize_impl.cuh:172: ERROR: CUDA kernel quantize_mmq_nvfp4_worker has no device code compatible with CUDA arch 900. ggml-cuda.cu was compiled for: 900
/workspace/atlas-rental/src/atlas/kernels/hopper/qwen3.6-27b/nvfp4/q4k_vendor/quantize_impl.cuh:172: ERROR: CUDA kernel quantize_mmq_nvfp4_worker has no device code compatible with CUDA arch 900. ggml-cuda.cu was compiled for: 900
/workspace/atlas-rental/src/atlas/kernels/hopper/qwen3.6-27b/nvfp4/q4k_vendor/quantize_impl.cuh:172: ERROR: CUDA kernel quantize_mmq_nvfp4_worker has no device code compatible with CUDA arch 900. ggml-cuda.cu was compiled for: 900
/workspace/atlas-rental/src/atlas/kernels/hopper/qwen3.6-27b/nvfp4/q4k_vendor/quantize_impl.cuh:172: ERROR: CUDA kernel quantize_mmq_nvfp4_worker has no device code compatible with CUDA arch 900. ggml-cuda.cu was compiled for: 900
/workspace/atlas-rental/src/atlas/kernels/hopper/qwen3.6-27b/nvfp4/q4k_vendor/quantize_impl.cuh:172: ERROR: CUDA kernel quantize_mmq_nvfp4_worker has no device code compatible with CUDA arch 900. ggml-cuda.cu was compiled for: 900
/workspace/atlas-rental/src/atlas/kernels/hopper/qwen3.6-27b/nvfp4/q4k_vendor/quantize_impl.cuh:172: ERROR: CUDA kernel quantize_mmq_nvfp4_worker has no device code compatible with CUDA arch 900. ggml-cuda.cu was compiled for: 900
/workspace/atlas-rental/src/atlas/kernels/hopper/qwen3.6-27b/nvfp4/q4k_vendor/quantize_impl.cuh:172: ERROR: CUDA kernel quantize_mmq_nvfp4_worker has no device code compatible with CUDA arch 900. ggml-cuda.cu was compiled for: 900
/workspace/atlas-rental/src/atlas/kernels/hopper/qwen3.6-27b/nvfp4/q4k_vendor/quantize_impl.cuh:172: ERROR: CUDA kernel quantize_mmq_nvfp4_worker has no device code compatible with CUDA arch 900. ggml-cuda.cu was compiled for: 900
/workspace/atlas-rental/src/atlas/kernels/hopper/qwen3.6-27b/nvfp4/q4k_vendor/quantize_impl.cuh:172: ERROR: CUDA kernel quantize_mmq_nvfp4_worker has no device code compatible with CUDA arch 900. ggml-cuda.cu was compiled for: 900
/workspace/atlas-rental/src/atlas/kernels/hopper/qwen3.6-27b/nvfp4/q4k_vendor/quantize_impl.cuh:172: ERROR: CUDA kernel quantize_mmq_nvfp4_worker has no device code compatible with CUDA arch 900. ggml-cuda.cu was compiled for: 900
/workspace/atlas-rental/src/atlas/kernels/hopper/qwen3.6-27b/nvfp4/q4k_vendor/quantize_impl.cuh:172: ERROR: CUDA kernel quantize_mmq_nvfp4_worker has no device code compatible with CUDA arch 900. ggml-cuda.cu was compiled for: 900
/workspace/atlas-rental/src/atlas/kernels/hopper/qwen3.6-27b/nvfp4/q4k_vendor/quantize_impl.cuh:172: ERROR: CUDA kernel quantize_mmq_nvfp4_worker has no device code compatible with CUDA arch 900. ggml-cuda.cu was compiled for: 900
/workspace/atlas-rental/src/atlas/kernels/hopper/qwen3.6-27b/nvfp4/q4k_vendor/quantize_impl.cuh:172: ERROR: CUDA kernel quantize_mmq_nvfp4_worker has no device code compatible with CUDA arch 900. ggml-cuda.cu was compiled for: 900
/workspace/atlas-rental/src/atlas/kernels/hopper/qwen3.6-27b/nvfp4/q4k_vendor/quantize_impl.cuh:172: ERROR: CUDA kernel quantize_mmq_nvfp4_worker has no device code compatible with CUDA arch 900. ggml-cuda.cu was compiled for: 900
/workspace/atlas-rental/src/atlas/kernels/hopper/qwen3.6-27b/nvfp4/q4k_vendor/quantize_impl.cuh:172: ERROR: CUDA kernel quantize_mmq_nvfp4_worker has no device code compatible with CUDA arch 900. ggml-cuda.cu was compiled for: 900
/workspace/atlas-rental/src/atlas/kernels/hopper/qwen3.6-27b/nvfp4/q4k_vendor/quantize_impl.cuh:172: ERROR: CUDA kernel quantize_mmq_nvfp4_worker has no device code compatible with CUDA arch 900. ggml-cuda.cu was compiled for: 900
/workspace/atlas-rental/src/atlas/kernels/hopper/qwen3.6-27b/nvfp4/q4k_vendor/quantize_impl.cuh:172: ERROR: CUDA kernel quantize_mmq_nvfp4_worker has no device code compatible with CUDA arch 900. ggml-cuda.cu was compiled for: 900
/workspace/atlas-rental/src/atlas/kernels/hopper/qwen3.6-27b/nvfp4/q4k_vendor/quantize_impl.cuh:172: ERROR: CUDA kernel quantize_mmq_nvfp4_worker has no device code compatible with CUDA arch 900. ggml-cuda.cu was compiled for: 900
/workspace/atlas-rental/src/atlas/kernels/hopper/qwen3.6-27b/nvfp4/q4k_vendor/quantize_impl.cuh:172: ERROR: CUDA kernel quantize_mmq_nvfp4_worker has no device code compatible with CUDA arch 900. ggml-cuda.cu was compiled for: 900
/workspace/atlas-rental/src/atlas/kernels/hopper/qwen3.6-27b/nvfp4/q4k_vendor/quantize_impl.cuh:172: ERROR: CUDA kernel quantize_mmq_nvfp4_worker has no device code compatible with CUDA arch 900. ggml-cuda.cu was compiled for: 900
/workspace/atlas-rental/src/atlas/kernels/hopper/qwen3.6-27b/nvfp4/q4k_vendor/quantize_impl.cuh:172: ERROR: CUDA kernel quantize_mmq_nvfp4_worker has no device code compatible with CUDA arch 900. ggml-cuda.cu was compiled for: 900
/workspace/atlas-rental/src/atlas/kernels/hopper/qwen3.6-27b/nvfp4/q4k_vendor/quantize_impl.cuh:172: ERROR: CUDA kernel quantize_mmq_nvfp4_worker has no device code compatible with CUDA arch 900. ggml-cuda.cu was compiled for: 900
/workspace/atlas-rental/src/atlas/kernels/hopper/qwen3.6-27b/nvfp4/q4k_vendor/quantize_impl.cuh:172: ERROR: CUDA kernel quantize_mmq_nvfp4_worker has no device code compatible with CUDA arch 900. ggml-cuda.cu was compiled for: 900
/workspace/atlas-rental/src/atlas/kernels/hopper/qwen3.6-27b/nvfp4/q4k_vendor/quantize_impl.cuh:172: ERROR: CUDA kernel quantize_mmq_nvfp4_worker has no device code compatible with CUDA arch 900. ggml-cuda.cu was compiled for: 900
/workspace/atlas-rental/src/atlas/kernels/hopper/qwen3.6-27b/nvfp4/q4k_vendor/quantize_impl.cuh:172: ERROR: CUDA kernel quantize_mmq_nvfp4_worker has no device code compatible with CUDA arch 900. ggml-cuda.cu was compiled for: 900
/workspace/atlas-rental/src/atlas/kernels/hopper/qwen3.6-27b/nvfp4/q4k_vendor/quantize_impl.cuh:172: ERROR: CUDA kernel quantize_mmq_nvfp4_worker has no device code compatible with CUDA arch 900. ggml-cuda.cu was compiled for: 900
/workspace/atlas-rental/src/atlas/kernels/hopper/qwen3.6-27b/nvfp4/q4k_vendor/quantize_impl.cuh:172: ERROR: CUDA kernel quantize_mmq_nvfp4_worker has no device code compatible with CUDA arch 900. ggml-cuda.cu was compiled for: 900
/workspace/atlas-rental/src/atlas/kernels/hopper/qwen3.6-27b/nvfp4/q4k_vendor/quantize_impl.cuh:172: ERROR: CUDA kernel quantize_mmq_nvfp4_worker has no device code compatible with CUDA arch 900. ggml-cuda.cu was compiled for: 900
/workspace/atlas-rental/src/atlas/kernels/hopper/qwen3.6-27b/nvfp4/q4k_vendor/quantize_impl.cuh:172: ERROR: CUDA kernel quantize_mmq_nvfp4_worker has no device code compatible with CUDA arch 900. ggml-cuda.cu was compiled for: 900
/workspace/atlas-rental/src/atlas/kernels/hopper/qwen3.6-27b/nvfp4/q4k_vendor/quantize_impl.cuh:172: ERROR: CUDA kernel quantize_mmq_nvfp4_worker has no device code compatible with CUDA arch 900. ggml-cuda.cu was compiled for: 900
/workspace/atlas-rental/src/atlas/kernels/hopper/qwen3.6-27b/nvfp4/q4k_vendor/quantize_impl.cuh:172: ERROR: CUDA kernel quantize_mmq_nvfp4_worker has no device code compatible with CUDA arch 900. ggml-cuda.cu was compiled for: 900
/workspace/atlas-rental/src/atlas/kernels/hopper/qwen3.6-27b/nvfp4/q4k_vendor/quantize_impl.cuh:172: ERROR: CUDA kernel quantize_mmq_nvfp4_worker has no device code compatible with CUDA arch 900. ggml-cuda.cu was compiled for: 900
/workspace/atlas-rental/src/atlas/kernels/hopper/qwen3.6-27b/nvfp4/q4k_vendor/quantize_impl.cuh:172: ERROR: CUDA kernel quantize_mmq_nvfp4_worker has no device code compatible with CUDA arch 900. ggml-cuda.cu was compiled for: 900
/workspace/atlas-rental/src/atlas/kernels/hopper/qwen3.6-27b/nvfp4/q4k_vendor/quantize_impl.cuh:172: ERROR: CUDA kernel quantize_mmq_nvfp4_worker has no device code compatible with CUDA arch 900. ggml-cuda.cu was compiled for: 900
/workspace/atlas-rental/src/atlas/kernels/hopper/qwen3.6-27b/nvfp4/q4k_vendor/quantize_impl.cuh:172: ERROR: CUDA kernel quantize_mmq_nvfp4_worker has no device code compatible with CUDA arch 900. ggml-cuda.cu was compiled for: 900
/workspace/atlas-rental/src/atlas/kernels/hopper/qwen3.6-27b/nvfp4/q4k_vendor/quantize_impl.cuh:172: ERROR: CUDA kernel quantize_mmq_nvfp4_worker has no device code compatible with CUDA arch 900. ggml-cuda.cu was compiled for: 900
/workspace/atlas-rental/src/atlas/kernels/hopper/qwen3.6-27b/nvfp4/q4k_vendor/quantize_impl.cuh:172: ERROR: CUDA kernel quantize_mmq_nvfp4_worker has no device code compatible with CUDA arch 900. ggml-cuda.cu was compiled for: 900
/workspace/atlas-rental/src/atlas/kernels/hopper/qwen3.6-27b/nvfp4/q4k_vendor/quantize_impl.cuh:172: ERROR: CUDA kernel quantize_mmq_nvfp4_worker has no device code compatible with CUDA arch 900. ggml-cuda.cu was compiled for: 900
/workspace/atlas-rental/src/atlas/kernels/hopper/qwen3.6-27b/nvfp4/q4k_vendor/quantize_impl.cuh:172: ERROR: CUDA kernel quantize_mmq_nvfp4_worker has no device code compatible with CUDA arch 900. ggml-cuda.cu was compiled for: 900
/workspace/atlas-rental/src/atlas/kernels/hopper/qwen3.6-27b/nvfp4/q4k_vendor/quantize_impl.cuh:172: ERROR: CUDA kernel quantize_mmq_nvfp4_worker has no device code compatible with CUDA arch 900. ggml-cuda.cu was compiled for: 900
/workspace/atlas-rental/src/atlas/kernels/hopper/qwen3.6-27b/nvfp4/q4k_vendor/quantize_impl.cuh:172: ERROR: CUDA kernel quantize_mmq_nvfp4_worker has no device code compatible with CUDA arch 900. ggml-cuda.cu was compiled for: 900
/workspace/atlas-rental/src/atlas/kernels/hopper/qwen3.6-27b/nvfp4/q4k_vendor/quantize_impl.cuh:172: ERROR: CUDA kernel quantize_mmq_nvfp4_worker has no device code compatible with CUDA arch 900. ggml-cuda.cu was compiled for: 900
/workspace/atlas-rental/src/atlas/kernels/hopper/qwen3.6-27b/nvfp4/q4k_vendor/quantize_impl.cuh:172: ERROR: CUDA kernel quantize_mmq_nvfp4_worker has no device code compatible with CUDA arch 900. ggml-cuda.cu was compiled for: 900
/workspace/atlas-rental/src/atlas/kernels/hopper/qwen3.6-27b/nvfp4/q4k_vendor/quantize_impl.cuh:172: ERROR: CUDA kernel quantize_mmq_nvfp4_worker has no device code compatible with CUDA arch 900. ggml-cuda.cu was compiled for: 900
/workspace/atlas-rental/src/atlas/kernels/hopper/qwen3.6-27b/nvfp4/q4k_vendor/quantize_impl.cuh:172: ERROR: CUDA kernel quantize_mmq_nvfp4_worker has no device code compatible with CUDA arch 900. ggml-cuda.cu was compiled for: 900
/workspace/atlas-rental/src/atlas/kernels/hopper/qwen3.6-27b/nvfp4/q4k_vendor/quantize_impl.cuh:172: ERROR: CUDA kernel quantize_mmq_nvfp4_worker has no device code compatible with CUDA arch 900. ggml-cuda.cu was compiled for: 900
/workspace/atlas-rental/src/atlas/kernels/hopper/qwen3.6-27b/nvfp4/q4k_vendor/quantize_impl.cuh:172: ERROR: CUDA kernel quantize_mmq_nvfp4_worker has no device code compatible with CUDA arch 900. ggml-cuda.cu was compiled for: 900
/workspace/atlas-rental/src/atlas/kernels/hopper/qwen3.6-27b/nvfp4/q4k_vendor/quantize_impl.cuh:172: ERROR: CUDA kernel quantize_mmq_nvfp4_worker has no device code compatible with CUDA arch 900. ggml-cuda.cu was compiled for: 900
/workspace/atlas-rental/src/atlas/kernels/hopper/qwen3.6-27b/nvfp4/q4k_vendor/quantize_impl.cuh:172: ERROR: CUDA kernel quantize_mmq_nvfp4_worker has no device code compatible with CUDA arch 900. ggml-cuda.cu was compiled for: 900
/workspace/atlas-rental/src/atlas/kernels/hopper/qwen3.6-27b/nvfp4/q4k_vendor/quantize_impl.cuh:172: ERROR: CUDA kernel quantize_mmq_nvfp4_worker has no device code compatible with CUDA arch 900. ggml-cuda.cu was compiled for: 900
/workspace/atlas-rental/src/atlas/kernels/hopper/qwen3.6-27b/nvfp4/q4k_vendor/quantize_impl.cuh:172: ERROR: CUDA kernel quantize_mmq_nvfp4_worker has no device code compatible with CUDA arch 900. ggml-cuda.cu was compiled for: 900
/workspace/atlas-rental/src/atlas/kernels/hopper/qwen3.6-27b/nvfp4/q4k_vendor/quantize_impl.cuh:172: ERROR: CUDA kernel quantize_mmq_nvfp4_worker has no device code compatible with CUDA arch 900. ggml-cuda.cu was compiled for: 900
/workspace/atlas-rental/src/atlas/kernels/hopper/qwen3.6-27b/nvfp4/q4k_vendor/quantize_impl.cuh:172: ERROR: CUDA kernel quantize_mmq_nvfp4_worker has no device code compatible with CUDA arch 900. ggml-cuda.cu was compiled for: 900
/workspace/atlas-rental/src/atlas/kernels/hopper/qwen3.6-27b/nvfp4/q4k_vendor/quantize_impl.cuh:172: ERROR: CUDA kernel quantize_mmq_nvfp4_worker has no device code compatible with CUDA arch 900. ggml-cuda.cu was compiled for: 900
/workspace/atlas-rental/src/atlas/kernels/hopper/qwen3.6-27b/nvfp4/q4k_vendor/quantize_impl.cuh:172: ERROR: CUDA kernel quantize_mmq_nvfp4_worker has no device code compatible with CUDA arch 900. ggml-cuda.cu was compiled for: 900
/workspace/atlas-rental/src/atlas/kernels/hopper/qwen3.6-27b/nvfp4/q4k_vendor/quantize_impl.cuh:172: ERROR: CUDA kernel quantize_mmq_nvfp4_worker has no device code compatible with CUDA arch 900. ggml-cuda.cu was compiled for: 900
/workspace/atlas-rental/src/atlas/kernels/hopper/qwen3.6-27b/nvfp4/q4k_vendor/quantize_impl.cuh:172: ERROR: CUDA kernel quantize_mmq_nvfp4_worker has no device code compatible with CUDA arch 900. ggml-cuda.cu was compiled for: 900
/workspace/atlas-rental/src/atlas/kernels/hopper/qwen3.6-27b/nvfp4/q4k_vendor/quantize_impl.cuh:172: ERROR: CUDA kernel quantize_mmq_nvfp4_worker has no device code compatible with CUDA arch 900. ggml-cuda.cu was compiled for: 900
/workspace/atlas-rental/src/atlas/kernels/hopper/qwen3.6-27b/nvfp4/q4k_vendor/quantize_impl.cuh:172: ERROR: CUDA kernel quantize_mmq_nvfp4_worker has no device code compatible with CUDA arch 900. ggml-cuda.cu was compiled for: 900
/workspace/atlas-rental/src/atlas/kernels/hopper/qwen3.6-27b/nvfp4/q4k_vendor/quantize_impl.cuh:172: ERROR: CUDA kernel quantize_mmq_nvfp4_worker has no device code compatible with CUDA arch 900. ggml-cuda.cu was compiled for: 900
/workspace/atlas-rental/src/atlas/kernels/hopper/qwen3.6-27b/nvfp4/q4k_vendor/quantize_impl.cuh:172: ERROR: CUDA kernel quantize_mmq_nvfp4_worker has no device code compatible with CUDA arch 900. ggml-cuda.cu was compiled for: 900
/workspace/atlas-rental/src/atlas/kernels/hopper/qwen3.6-27b/nvfp4/q4k_vendor/quantize_impl.cuh:172: ERROR: CUDA kernel quantize_mmq_nvfp4_worker has no device code compatible with CUDA arch 900. ggml-cuda.cu was compiled for: 900
/workspace/atlas-rental/src/atlas/kernels/hopper/qwen3.6-27b/nvfp4/q4k_vendor/quantize_impl.cuh:172: ERROR: CUDA kernel quantize_mmq_nvfp4_worker has no device code compatible with CUDA arch 900. ggml-cuda.cu was compiled for: 900
/workspace/atlas-rental/src/atlas/kernels/hopper/qwen3.6-27b/nvfp4/q4k_vendor/quantize_impl.cuh:172: ERROR: CUDA kernel quantize_mmq_nvfp4_worker has no device code compatible with CUDA arch 900. ggml-cuda.cu was compiled for: 900
/workspace/atlas-rental/src/atlas/kernels/hopper/qwen3.6-27b/nvfp4/q4k_vendor/quantize_impl.cuh:172: ERROR: CUDA kernel quantize_mmq_nvfp4_worker has no device code compatible with CUDA arch 900. ggml-cuda.cu was compiled for: 900
/workspace/atlas-rental/src/atlas/kernels/hopper/qwen3.6-27b/nvfp4/q4k_vendor/quantize_impl.cuh:172: ERROR: CUDA kernel quantize_mmq_nvfp4_worker has no device code compatible with CUDA arch 900. ggml-cuda.cu was compiled for: 900
/workspace/atlas-rental/src/atlas/kernels/hopper/qwen3.6-27b/nvfp4/q4k_vendor/quantize_impl.cuh:172: ERROR: CUDA kernel quantize_mmq_nvfp4_worker has no device code compatible with CUDA arch 900. ggml-cuda.cu was compiled for: 900
/workspace/atlas-rental/src/atlas/kernels/hopper/qwen3.6-27b/nvfp4/q4k_vendor/quantize_impl.cuh:172: ERROR: CUDA kernel quantize_mmq_nvfp4_worker has no device code compatible with CUDA arch 900. ggml-cuda.cu was compiled for: 900
/workspace/atlas-rental/src/atlas/kernels/hopper/qwen3.6-27b/nvfp4/q4k_vendor/quantize_impl.cuh:172: ERROR: CUDA kernel quantize_mmq_nvfp4_worker has no device code compatible with CUDA arch 900. ggml-cuda.cu was compiled for: 900
/workspace/atlas-rental/src/atlas/kernels/hopper/qwen3.6-27b/nvfp4/q4k_vendor/quantize_impl.cuh:172: ERROR: CUDA kernel quantize_mmq_nvfp4_worker has no device code compatible with CUDA arch 900. ggml-cuda.cu was compiled for: 900
/workspace/atlas-rental/src/atlas/kernels/hopper/qwen3.6-27b/nvfp4/q4k_vendor/quantize_impl.cuh:172: ERROR: CUDA kernel quantize_mmq_nvfp4_worker has no device code compatible with CUDA arch 900. ggml-cuda.cu was compiled for: 900
/workspace/atlas-rental/src/atlas/kernels/hopper/qwen3.6-27b/nvfp4/q4k_vendor/quantize_impl.cuh:172: ERROR: CUDA kernel quantize_mmq_nvfp4_worker has no device code compatible with CUDA arch 900. ggml-cuda.cu was compiled for: 900
/workspace/atlas-rental/src/atlas/kernels/hopper/qwen3.6-27b/nvfp4/q4k_vendor/quantize_impl.cuh:172: ERROR: CUDA kernel quantize_mmq_nvfp4_worker has no device code compatible with CUDA arch 900. ggml-cuda.cu was compiled for: 900
/workspace/atlas-rental/src/atlas/kernels/hopper/qwen3.6-27b/nvfp4/q4k_vendor/quantize_impl.cuh:172: ERROR: CUDA kernel quantize_mmq_nvfp4_worker has no device code compatible with CUDA arch 900. ggml-cuda.cu was compiled for: 900
/workspace/atlas-rental/src/atlas/kernels/hopper/qwen3.6-27b/nvfp4/q4k_vendor/quantize_impl.cuh:172: ERROR: CUDA kernel quantize_mmq_nvfp4_worker has no device code compatible with CUDA arch 900. ggml-cuda.cu was compiled for: 900
/workspace/atlas-rental/src/atlas/kernels/hopper/qwen3.6-27b/nvfp4/q4k_vendor/quantize_impl.cuh:172: ERROR: CUDA kernel quantize_mmq_nvfp4_worker has no device code compatible with CUDA arch 900. ggml-cuda.cu was compiled for: 900
/workspace/atlas-rental/src/atlas/kernels/hopper/qwen3.6-27b/nvfp4/q4k_vendor/quantize_impl.cuh:172: ERROR: CUDA kernel quantize_mmq_nvfp4_worker has no device code compatible with CUDA arch 900. ggml-cuda.cu was compiled for: 900
/workspace/atlas-rental/src/atlas/kernels/hopper/qwen3.6-27b/nvfp4/q4k_vendor/quantize_impl.cuh:172: ERROR: CUDA kernel quantize_mmq_nvfp4_worker has no device code compatible with CUDA arch 900. ggml-cuda.cu was compiled for: 900
/workspace/atlas-rental/src/atlas/kernels/hopper/qwen3.6-27b/nvfp4/q4k_vendor/quantize_impl.cuh:172: ERROR: CUDA kernel quantize_mmq_nvfp4_worker has no device code compatible with CUDA arch 900. ggml-cuda.cu was compiled for: 900
/workspace/atlas-rental/src/atlas/kernels/hopper/qwen3.6-27b/nvfp4/q4k_vendor/quantize_impl.cuh:172: ERROR: CUDA kernel quantize_mmq_nvfp4_worker has no device code compatible with CUDA arch 900. ggml-cuda.cu was compiled for: 900
/workspace/atlas-rental/src/atlas/kernels/hopper/qwen3.6-27b/nvfp4/q4k_vendor/quantize_impl.cuh:172: ERROR: CUDA kernel quantize_mmq_nvfp4_worker has no device code compatible with CUDA arch 900. ggml-cuda.cu was compiled for: 900
/workspace/atlas-rental/src/atlas/kernels/hopper/qwen3.6-27b/nvfp4/q4k_vendor/quantize_impl.cuh:172: ERROR: CUDA kernel quantize_mmq_nvfp4_worker has no device code compatible with CUDA arch 900. ggml-cuda.cu was compiled for: 900
/workspace/atlas-rental/src/atlas/kernels/hopper/qwen3.6-27b/nvfp4/q4k_vendor/quantize_impl.cuh:172: ERROR: CUDA kernel quantize_mmq_nvfp4_worker has no device code compatible with CUDA arch 900. ggml-cuda.cu was compiled for: 900
/workspace/atlas-rental/src/atlas/kernels/hopper/qwen3.6-27b/nvfp4/q4k_vendor/quantize_impl.cuh:172: ERROR: CUDA kernel quantize_mmq_nvfp4_worker has no device code compatible with CUDA arch 900. ggml-cuda.cu was compiled for: 900
/workspace/atlas-rental/src/atlas/kernels/hopper/qwen3.6-27b/nvfp4/q4k_vendor/quantize_impl.cuh:172: ERROR: CUDA kernel quantize_mmq_nvfp4_worker has no device code compatible with CUDA arch 900. ggml-cuda.cu was compiled for: 900
/workspace/atlas-rental/src/atlas/kernels/hopper/qwen3.6-27b/nvfp4/q4k_vendor/quantize_impl.cuh:172: ERROR: CUDA kernel quantize_mmq_nvfp4_worker has no device code compatible with CUDA arch 900. ggml-cuda.cu was compiled for: 900
/workspace/atlas-rental/src/atlas/kernels/hopper/qwen3.6-27b/nvfp4/q4k_vendor/quantize_impl.cuh:172: ERROR: CUDA kernel quantize_mmq_nvfp4_worker has no device code compatible with CUDA arch 900. ggml-cuda.cu was compiled for: 900
/workspace/atlas-rental/src/atlas/kernels/hopper/qwen3.6-27b/nvfp4/q4k_vendor/quantize_impl.cuh:172: ERROR: CUDA kernel quantize_mmq_nvfp4_worker has no device code compatible with CUDA arch 900. ggml-cuda.cu was compiled for: 900
/workspace/atlas-rental/src/atlas/kernels/hopper/qwen3.6-27b/nvfp4/q4k_vendor/quantize_impl.cuh:172: ERROR: CUDA kernel quantize_mmq_nvfp4_worker has no device code compatible with CUDA arch 900. ggml-cuda.cu was compiled for: 900
/workspace/atlas-rental/src/atlas/kernels/hopper/qwen3.6-27b/nvfp4/q4k_vendor/quantize_impl.cuh:172: ERROR: CUDA kernel quantize_mmq_nvfp4_worker has no device code compatible with CUDA arch 900. ggml-cuda.cu was compiled for: 900
/workspace/atlas-rental/src/atlas/kernels/hopper/qwen3.6-27b/nvfp4/q4k_vendor/quantize_impl.cuh:172: ERROR: CUDA kernel quantize_mmq_nvfp4_worker has no device code compatible with CUDA arch 900. ggml-cuda.cu was compiled for: 900
/workspace/atlas-rental/src/atlas/kernels/hopper/qwen3.6-27b/nvfp4/q4k_vendor/quantize_impl.cuh:172: ERROR: CUDA kernel quantize_mmq_nvfp4_worker has no device code compatible with CUDA arch 900. ggml-cuda.cu was compiled for: 900
/workspace/atlas-rental/src/atlas/kernels/hopper/qwen3.6-27b/nvfp4/q4k_vendor/quantize_impl.cuh:172: ERROR: CUDA kernel quantize_mmq_nvfp4_worker has no device code compatible with CUDA arch 900. ggml-cuda.cu was compiled for: 900
/workspace/atlas-rental/src/atlas/kernels/hopper/qwen3.6-27b/nvfp4/q4k_vendor/quantize_impl.cuh:172: ERROR: CUDA kernel quantize_mmq_nvfp4_worker has no device code compatible with CUDA arch 900. ggml-cuda.cu was compiled for: 900
/workspace/atlas-rental/src/atlas/kernels/hopper/qwen3.6-27b/nvfp4/q4k_vendor/quantize_impl.cuh:172: ERROR: CUDA kernel quantize_mmq_nvfp4_worker has no device code compatible with CUDA arch 900. ggml-cuda.cu was compiled for: 900
/workspace/atlas-rental/src/atlas/kernels/hopper/qwen3.6-27b/nvfp4/q4k_vendor/quantize_impl.cuh:172: ERROR: CUDA kernel quantize_mmq_nvfp4_worker has no device code compatible with CUDA arch 900. ggml-cuda.cu was compiled for: 900
/workspace/atlas-rental/src/atlas/kernels/hopper/qwen3.6-27b/nvfp4/q4k_vendor/quantize_impl.cuh:172: ERROR: CUDA kernel quantize_mmq_nvfp4_worker has no device code compatible with CUDA arch 900. ggml-cuda.cu was compiled for: 900
/workspace/atlas-rental/src/atlas/kernels/hopper/qwen3.6-27b/nvfp4/q4k_vendor/quantize_impl.cuh:172: ERROR: CUDA kernel quantize_mmq_nvfp4_worker has no device code compatible with CUDA arch 900. ggml-cuda.cu was compiled for: 900
/workspace/atlas-rental/src/atlas/kernels/hopper/qwen3.6-27b/nvfp4/q4k_vendor/quantize_impl.cuh:172: ERROR: CUDA kernel quantize_mmq_nvfp4_worker has no device code compatible with CUDA arch 900. ggml-cuda.cu was compiled for: 900
/workspace/atlas-rental/src/atlas/kernels/hopper/qwen3.6-27b/nvfp4/q4k_vendor/quantize_impl.cuh:172: ERROR: CUDA kernel quantize_mmq_nvfp4_worker has no device code compatible with CUDA arch 900. ggml-cuda.cu was compiled for: 900
/workspace/atlas-rental/src/atlas/kernels/hopper/qwen3.6-27b/nvfp4/q4k_vendor/quantize_impl.cuh:172: ERROR: CUDA kernel quantize_mmq_nvfp4_worker has no device code compatible with CUDA arch 900. ggml-cuda.cu was compiled for: 900
/workspace/atlas-rental/src/atlas/kernels/hopper/qwen3.6-27b/nvfp4/q4k_vendor/quantize_impl.cuh:172: ERROR: CUDA kernel quantize_mmq_nvfp4_worker has no device code compatible with CUDA arch 900. ggml-cuda.cu was compiled for: 900
/workspace/atlas-rental/src/atlas/kernels/hopper/qwen3.6-27b/nvfp4/q4k_vendor/quantize_impl.cuh:172: ERROR: CUDA kernel quantize_mmq_nvfp4_worker has no device code compatible with CUDA arch 900. ggml-cuda.cu was compiled for: 900
/workspace/atlas-rental/src/atlas/kernels/hopper/qwen3.6-27b/nvfp4/q4k_vendor/quantize_impl.cuh:172: ERROR: CUDA kernel quantize_mmq_nvfp4_worker has no device code compatible with CUDA arch 900. ggml-cuda.cu was compiled for: 900
/workspace/atlas-rental/src/atlas/kernels/hopper/qwen3.6-27b/nvfp4/q4k_vendor/quantize_impl.cuh:172: ERROR: CUDA kernel quantize_mmq_nvfp4_worker has no device code compatible with CUDA arch 900. ggml-cuda.cu was compiled for: 900
/workspace/atlas-rental/src/atlas/kernels/hopper/qwen3.6-27b/nvfp4/q4k_vendor/quantize_impl.cuh:172: ERROR: CUDA kernel quantize_mmq_nvfp4_worker has no device code compatible with CUDA arch 900. ggml-cuda.cu was compiled for: 900
/workspace/atlas-rental/src/atlas/kernels/hopper/qwen3.6-27b/nvfp4/q4k_vendor/quantize_impl.cuh:172: ERROR: CUDA kernel quantize_mmq_nvfp4_worker has no device code compatible with CUDA arch 900. ggml-cuda.cu was compiled for: 900
/workspace/atlas-rental/src/atlas/kernels/hopper/qwen3.6-27b/nvfp4/q4k_vendor/quantize_impl.cuh:172: ERROR: CUDA kernel quantize_mmq_nvfp4_worker has no device code compatible with CUDA arch 900. ggml-cuda.cu was compiled for: 900
/workspace/atlas-rental/src/atlas/kernels/hopper/qwen3.6-27b/nvfp4/q4k_vendor/quantize_impl.cuh:172: ERROR: CUDA kernel quantize_mmq_nvfp4_worker has no device code compatible with CUDA arch 900. ggml-cuda.cu was compiled for: 900
/workspace/atlas-rental/src/atlas/kernels/hopper/qwen3.6-27b/nvfp4/q4k_vendor/quantize_impl.cuh:172: ERROR: CUDA kernel quantize_mmq_nvfp4_worker has no device code compatible with CUDA arch 900. ggml-cuda.cu was compiled for: 900
/workspace/atlas-rental/src/atlas/kernels/hopper/qwen3.6-27b/nvfp4/q4k_vendor/quantize_impl.cuh:172: ERROR: CUDA kernel quantize_mmq_nvfp4_worker has no device code compatible with CUDA arch 900. ggml-cuda.cu was compiled for: 900
/workspace/atlas-rental/src/atlas/kernels/hopper/qwen3.6-27b/nvfp4/q4k_vendor/quantize_impl.cuh:172: ERROR: CUDA kernel quantize_mmq_nvfp4_worker has no device code compatible with CUDA arch 900. ggml-cuda.cu was compiled for: 900
/workspace/atlas-rental/src/atlas/kernels/hopper/qwen3.6-27b/nvfp4/q4k_vendor/quantize_impl.cuh:172: ERROR: CUDA kernel quantize_mmq_nvfp4_worker has no device code compatible with CUDA arch 900. ggml-cuda.cu was compiled for: 900
/workspace/atlas-rental/src/atlas/kernels/hopper/qwen3.6-27b/nvfp4/q4k_vendor/quantize_impl.cuh:172: ERROR: CUDA kernel quantize_mmq_nvfp4_worker has no device code compatible with CUDA arch 900. ggml-cuda.cu was compiled for: 900
/workspace/atlas-rental/src/atlas/kernels/hopper/qwen3.6-27b/nvfp4/q4k_vendor/quantize_impl.cuh:172: ERROR: CUDA kernel quantize_mmq_nvfp4_worker has no device code compatible with CUDA arch 900. ggml-cuda.cu was compiled for: 900
/workspace/atlas-rental/src/atlas/kernels/hopper/qwen3.6-27b/nvfp4/q4k_vendor/quantize_impl.cuh:172: ERROR: CUDA kernel quantize_mmq_nvfp4_worker has no device code compatible with CUDA arch 900. ggml-cuda.cu was compiled for: 900
/workspace/atlas-rental/src/atlas/kernels/hopper/qwen3.6-27b/nvfp4/q4k_vendor/quantize_impl.cuh:172: ERROR: CUDA kernel quantize_mmq_nvfp4_worker has no device code compatible with CUDA arch 900. ggml-cuda.cu was compiled for: 900
/workspace/atlas-rental/src/atlas/kernels/hopper/qwen3.6-27b/nvfp4/q4k_vendor/quantize_impl.cuh:172: ERROR: CUDA kernel quantize_mmq_nvfp4_worker has no device code compatible with CUDA arch 900. ggml-cuda.cu was compiled for: 900
/workspace/atlas-rental/src/atlas/kernels/hopper/qwen3.6-27b/nvfp4/q4k_vendor/quantize_impl.cuh:172: ERROR: CUDA kernel quantize_mmq_nvfp4_worker has no device code compatible with CUDA arch 900. ggml-cuda.cu was compiled for: 900
/workspace/atlas-rental/src/atlas/kernels/hopper/qwen3.6-27b/nvfp4/q4k_vendor/quantize_impl.cuh:172: ERROR: CUDA kernel quantize_mmq_nvfp4_worker has no device code compatible with CUDA arch 900. ggml-cuda.cu was compiled for: 900
/workspace/atlas-rental/src/atlas/kernels/hopper/qwen3.6-27b/nvfp4/q4k_vendor/quantize_impl.cuh:172: ERROR: CUDA kernel quantize_mmq_nvfp4_worker has no device code compatible with CUDA arch 900. ggml-cuda.cu was compiled for: 900
/workspace/atlas-rental/src/atlas/kernels/hopper/qwen3.6-27b/nvfp4/q4k_vendor/quantize_impl.cuh:172: ERROR: CUDA kernel quantize_mmq_nvfp4_worker has no device code compatible with CUDA arch 900. ggml-cuda.cu was compiled for: 900
/workspace/atlas-rental/src/atlas/kernels/hopper/qwen3.6-27b/nvfp4/q4k_vendor/quantize_impl.cuh:172: ERROR: CUDA kernel quantize_mmq_nvfp4_worker has no device code compatible with CUDA arch 900. ggml-cuda.cu was compiled for: 900
/workspace/atlas-rental/src/atlas/kernels/hopper/qwen3.6-27b/nvfp4/q4k_vendor/quantize_impl.cuh:172: ERROR: CUDA kernel quantize_mmq_nvfp4_worker has no device code compatible with CUDA arch 900. ggml-cuda.cu was compiled for: 900
/workspace/atlas-rental/src/atlas/kernels/hopper/qwen3.6-27b/nvfp4/q4k_vendor/quantize_impl.cuh:172: ERROR: CUDA kernel quantize_mmq_nvfp4_worker has no device code compatible with CUDA arch 900. ggml-cuda.cu was compiled for: 900
/workspace/atlas-rental/src/atlas/kernels/hopper/qwen3.6-27b/nvfp4/q4k_vendor/quantize_impl.cuh:172: ERROR: CUDA kernel quantize_mmq_nvfp4_worker has no device code compatible with CUDA arch 900. ggml-cuda.cu was compiled for: 900
/workspace/atlas-rental/src/atlas/kernels/hopper/qwen3.6-27b/nvfp4/q4k_vendor/quantize_impl.cuh:172: ERROR: CUDA kernel quantize_mmq_nvfp4_worker has no device code compatible with CUDA arch 900. ggml-cuda.cu was compiled for: 900
/workspace/atlas-rental/src/atlas/kernels/hopper/qwen3.6-27b/nvfp4/q4k_vendor/quantize_impl.cuh:172: ERROR: CUDA kernel quantize_mmq_nvfp4_worker has no device code compatible with CUDA arch 900. ggml-cuda.cu was compiled for: 900
/workspace/atlas-rental/src/atlas/kernels/hopper/qwen3.6-27b/nvfp4/q4k_vendor/quantize_impl.cuh:172: ERROR: CUDA kernel quantize_mmq_nvfp4_worker has no device code compatible with CUDA arch 900. ggml-cuda.cu was compiled for: 900
/workspace/atlas-rental/src/atlas/kernels/hopper/qwen3.6-27b/nvfp4/q4k_vendor/quantize_impl.cuh:172: ERROR: CUDA kernel quantize_mmq_nvfp4_worker has no device code compatible with CUDA arch 900. ggml-cuda.cu was compiled for: 900
/workspace/atlas-rental/src/atlas/kernels/hopper/qwen3.6-27b/nvfp4/q4k_vendor/quantize_impl.cuh:172: ERROR: CUDA kernel quantize_mmq_nvfp4_worker has no device code compatible with CUDA arch 900. ggml-cuda.cu was compiled for: 900
/workspace/atlas-rental/src/atlas/kernels/hopper/qwen3.6-27b/nvfp4/q4k_vendor/quantize_impl.cuh:172: ERROR: CUDA kernel quantize_mmq_nvfp4_worker has no device code compatible with CUDA arch 900. ggml-cuda.cu was compiled for: 900
/workspace/atlas-rental/src/atlas/kernels/hopper/qwen3.6-27b/nvfp4/q4k_vendor/quantize_impl.cuh:172: ERROR: CUDA kernel quantize_mmq_nvfp4_worker has no device code compatible with CUDA arch 900. ggml-cuda.cu was compiled for: 900
/workspace/atlas-rental/src/atlas/kernels/hopper/qwen3.6-27b/nvfp4/q4k_vendor/quantize_impl.cuh:172: ERROR: CUDA kernel quantize_mmq_nvfp4_worker has no device code compatible with CUDA arch 900. ggml-cuda.cu was compiled for: 900
/workspace/atlas-rental/src/atlas/kernels/hopper/qwen3.6-27b/nvfp4/q4k_vendor/quantize_impl.cuh:172: ERROR: CUDA kernel quantize_mmq_nvfp4_worker has no device code compatible with CUDA arch 900. ggml-cuda.cu was compiled for: 900
/workspace/atlas-rental/src/atlas/kernels/hopper/qwen3.6-27b/nvfp4/q4k_vendor/quantize_impl.cuh:172: ERROR: CUDA kernel quantize_mmq_nvfp4_worker has no device code compatible with CUDA arch 900. ggml-cuda.cu was compiled for: 900
/workspace/atlas-rental/src/atlas/kernels/hopper/qwen3.6-27b/nvfp4/q4k_vendor/quantize_impl.cuh:172: ERROR: CUDA kernel quantize_mmq_nvfp4_worker has no device code compatible with CUDA arch 900. ggml-cuda.cu was compiled for: 900
/workspace/atlas-rental/src/atlas/kernels/hopper/qwen3.6-27b/nvfp4/q4k_vendor/quantize_impl.cuh:172: ERROR: CUDA kernel quantize_mmq_nvfp4_worker has no device code compatible with CUDA arch 900. ggml-cuda.cu was compiled for: 900
/workspace/atlas-rental/src/atlas/kernels/hopper/qwen3.6-27b/nvfp4/q4k_vendor/quantize_impl.cuh:172: ERROR: CUDA kernel quantize_mmq_nvfp4_worker has no device code compatible with CUDA arch 900. ggml-cuda.cu was compiled for: 900
/workspace/atlas-rental/src/atlas/kernels/hopper/qwen3.6-27b/nvfp4/q4k_vendor/quantize_impl.cuh:172: ERROR: CUDA kernel quantize_mmq_nvfp4_worker has no device code compatible with CUDA arch 900. ggml-cuda.cu was compiled for: 900
/workspace/atlas-rental/src/atlas/kernels/hopper/qwen3.6-27b/nvfp4/q4k_vendor/quantize_impl.cuh:172: ERROR: CUDA kernel quantize_mmq_nvfp4_worker has no device code compatible with CUDA arch 900. ggml-cuda.cu was compiled for: 900
/workspace/atlas-rental/src/atlas/kernels/hopper/qwen3.6-27b/nvfp4/q4k_vendor/quantize_impl.cuh:172: ERROR: CUDA kernel quantize_mmq_nvfp4_worker has no device code compatible with CUDA arch 900. ggml-cuda.cu was compiled for: 900
/workspace/atlas-rental/src/atlas/kernels/hopper/qwen3.6-27b/nvfp4/q4k_vendor/quantize_impl.cuh:172: ERROR: CUDA kernel quantize_mmq_nvfp4_worker has no device code compatible with CUDA arch 900. ggml-cuda.cu was compiled for: 900
/workspace/atlas-rental/src/atlas/kernels/hopper/qwen3.6-27b/nvfp4/q4k_vendor/quantize_impl.cuh:172: ERROR: CUDA kernel quantize_mmq_nvfp4_worker has no device code compatible with CUDA arch 900. ggml-cuda.cu was compiled for: 900
/workspace/atlas-rental/src/atlas/kernels/hopper/qwen3.6-27b/nvfp4/q4k_vendor/quantize_impl.cuh:172: ERROR: CUDA kernel quantize_mmq_nvfp4_worker has no device code compatible with CUDA arch 900. ggml-cuda.cu was compiled for: 900
/workspace/atlas-rental/src/atlas/kernels/hopper/qwen3.6-27b/nvfp4/q4k_vendor/quantize_impl.cuh:172: ERROR: CUDA kernel quantize_mmq_nvfp4_worker has no device code compatible with CUDA arch 900. ggml-cuda.cu was compiled for: 900
/workspace/atlas-rental/src/atlas/kernels/hopper/qwen3.6-27b/nvfp4/q4k_vendor/quantize_impl.cuh:172: ERROR: CUDA kernel quantize_mmq_nvfp4_worker has no device code compatible with CUDA arch 900. ggml-cuda.cu was compiled for: 900
/workspace/atlas-rental/src/atlas/kernels/hopper/qwen3.6-27b/nvfp4/q4k_vendor/quantize_impl.cuh:172: ERROR: CUDA kernel quantize_mmq_nvfp4_worker has no device code compatible with CUDA arch 900. ggml-cuda.cu was compiled for: 900
/workspace/atlas-rental/src/atlas/kernels/hopper/qwen3.6-27b/nvfp4/q4k_vendor/quantize_impl.cuh:172: ERROR: CUDA kernel quantize_mmq_nvfp4_worker has no device code compatible with CUDA arch 900. ggml-cuda.cu was compiled for: 900
/workspace/atlas-rental/src/atlas/kernels/hopper/qwen3.6-27b/nvfp4/q4k_vendor/quantize_impl.cuh:172: ERROR: CUDA kernel quantize_mmq_nvfp4_worker has no device code compatible with CUDA arch 900. ggml-cuda.cu was compiled for: 900
/workspace/atlas-rental/src/atlas/kernels/hopper/qwen3.6-27b/nvfp4/q4k_vendor/quantize_impl.cuh:172: ERROR: CUDA kernel quantize_mmq_nvfp4_worker has no device code compatible with CUDA arch 900. ggml-cuda.cu was compiled for: 900
/workspace/atlas-rental/src/atlas/kernels/hopper/qwen3.6-27b/nvfp4/q4k_vendor/quantize_impl.cuh:172: ERROR: CUDA kernel quantize_mmq_nvfp4_worker has no device code compatible with CUDA arch 900. ggml-cuda.cu was compiled for: 900
/workspace/atlas-rental/src/atlas/kernels/hopper/qwen3.6-27b/nvfp4/q4k_vendor/quantize_impl.cuh:172: ERROR: CUDA kernel quantize_mmq_nvfp4_worker has no device code compatible with CUDA arch 900. ggml-cuda.cu was compiled for: 900
/workspace/atlas-rental/src/atlas/kernels/hopper/qwen3.6-27b/nvfp4/q4k_vendor/quantize_impl.cuh:172: ERROR: CUDA kernel quantize_mmq_nvfp4_worker has no device code compatible with CUDA arch 900. ggml-cuda.cu was compiled for: 900
/workspace/atlas-rental/src/atlas/kernels/hopper/qwen3.6-27b/nvfp4/q4k_vendor/quantize_impl.cuh:172: ERROR: CUDA kernel quantize_mmq_nvfp4_worker has no device code compatible with CUDA arch 900. ggml-cuda.cu was compiled for: 900
/workspace/atlas-rental/src/atlas/kernels/hopper/qwen3.6-27b/nvfp4/q4k_vendor/quantize_impl.cuh:172: ERROR: CUDA kernel quantize_mmq_nvfp4_worker has no device code compatible with CUDA arch 900. ggml-cuda.cu was compiled for: 900
/workspace/atlas-rental/src/atlas/kernels/hopper/qwen3.6-27b/nvfp4/q4k_vendor/quantize_impl.cuh:172: ERROR: CUDA kernel quantize_mmq_nvfp4_worker has no device code compatible with CUDA arch 900. ggml-cuda.cu was compiled for: 900
/workspace/atlas-rental/src/atlas/kernels/hopper/qwen3.6-27b/nvfp4/q4k_vendor/quantize_impl.cuh:172: ERROR: CUDA kernel quantize_mmq_nvfp4_worker has no device code compatible with CUDA arch 900. ggml-cuda.cu was compiled for: 900
/workspace/atlas-rental/src/atlas/kernels/hopper/qwen3.6-27b/nvfp4/q4k_vendor/quantize_impl.cuh:172: ERROR: CUDA kernel quantize_mmq_nvfp4_worker has no device code compatible with CUDA arch 900. ggml-cuda.cu was compiled for: 900
/workspace/atlas-rental/src/atlas/kernels/hopper/qwen3.6-27b/nvfp4/q4k_vendor/quantize_impl.cuh:172: ERROR: CUDA kernel quantize_mmq_nvfp4_worker has no device code compatible with CUDA arch 900. ggml-cuda.cu was compiled for: 900
/workspace/atlas-rental/src/atlas/kernels/hopper/qwen3.6-27b/nvfp4/q4k_vendor/quantize_impl.cuh:172: ERROR: CUDA kernel quantize_mmq_nvfp4_worker has no device code compatible with CUDA arch 900. ggml-cuda.cu was compiled for: 900
/workspace/atlas-rental/src/atlas/kernels/hopper/qwen3.6-27b/nvfp4/q4k_vendor/quantize_impl.cuh:172: ERROR: CUDA kernel quantize_mmq_nvfp4_worker has no device code compatible with CUDA arch 900. ggml-cuda.cu was compiled for: 900
/workspace/atlas-rental/src/atlas/kernels/hopper/qwen3.6-27b/nvfp4/q4k_vendor/quantize_impl.cuh:172: ERROR: CUDA kernel quantize_mmq_nvfp4_worker has no device code compatible with CUDA arch 900. ggml-cuda.cu was compiled for: 900
/workspace/atlas-rental/src/atlas/kernels/hopper/qwen3.6-27b/nvfp4/q4k_vendor/quantize_impl.cuh:172: ERROR: CUDA kernel quantize_mmq_nvfp4_worker has no device code compatible with CUDA arch 900. ggml-cuda.cu was compiled for: 900
/workspace/atlas-rental/src/atlas/kernels/hopper/qwen3.6-27b/nvfp4/q4k_vendor/quantize_impl.cuh:172: ERROR: CUDA kernel quantize_mmq_nvfp4_worker has no device code compatible with CUDA arch 900. ggml-cuda.cu was compiled for: 900
/workspace/atlas-rental/src/atlas/kernels/hopper/qwen3.6-27b/nvfp4/q4k_vendor/quantize_impl.cuh:172: ERROR: CUDA kernel quantize_mmq_nvfp4_worker has no device code compatible with CUDA arch 900. ggml-cuda.cu was compiled for: 900
/workspace/atlas-rental/src/atlas/kernels/hopper/qwen3.6-27b/nvfp4/q4k_vendor/quantize_impl.cuh:172: ERROR: CUDA kernel quantize_mmq_nvfp4_worker has no device code compatible with CUDA arch 900. ggml-cuda.cu was compiled for: 900
/workspace/atlas-rental/src/atlas/kernels/hopper/qwen3.6-27b/nvfp4/q4k_vendor/quantize_impl.cuh:172: ERROR: CUDA kernel quantize_mmq_nvfp4_worker has no device code compatible with CUDA arch 900. ggml-cuda.cu was compiled for: 900
/workspace/atlas-rental/src/atlas/kernels/hopper/qwen3.6-27b/nvfp4/q4k_vendor/quantize_impl.cuh:172: ERROR: CUDA kernel quantize_mmq_nvfp4_worker has no device code compatible with CUDA arch 900. ggml-cuda.cu was compiled for: 900
/workspace/atlas-rental/src/atlas/kernels/hopper/qwen3.6-27b/nvfp4/q4k_vendor/quantize_impl.cuh:172: ERROR: CUDA kernel quantize_mmq_nvfp4_worker has no device code compatible with CUDA arch 900. ggml-cuda.cu was compiled for: 900
/workspace/atlas-rental/src/atlas/kernels/hopper/qwen3.6-27b/nvfp4/q4k_vendor/quantize_impl.cuh:172: ERROR: CUDA kernel quantize_mmq_nvfp4_worker has no device code compatible with CUDA arch 900. ggml-cuda.cu was compiled for: 900
/workspace/atlas-rental/src/atlas/kernels/hopper/qwen3.6-27b/nvfp4/q4k_vendor/quantize_impl.cuh:172: ERROR: CUDA kernel quantize_mmq_nvfp4_worker has no device code compatible with CUDA arch 900. ggml-cuda.cu was compiled for: 900
/workspace/atlas-rental/src/atlas/kernels/hopper/qwen3.6-27b/nvfp4/q4k_vendor/quantize_impl.cuh:172: ERROR: CUDA kernel quantize_mmq_nvfp4_worker has no device code compatible with CUDA arch 900. ggml-cuda.cu was compiled for: 900
/workspace/atlas-rental/src/atlas/kernels/hopper/qwen3.6-27b/nvfp4/q4k_vendor/quantize_impl.cuh:172: ERROR: CUDA kernel quantize_mmq_nvfp4_worker has no device code compatible with CUDA arch 900. ggml-cuda.cu was compiled for: 900
/workspace/atlas-rental/src/atlas/kernels/hopper/qwen3.6-27b/nvfp4/q4k_vendor/quantize_impl.cuh:172: ERROR: CUDA kernel quantize_mmq_nvfp4_worker has no device code compatible with CUDA arch 900. ggml-cuda.cu was compiled for: 900
/workspace/atlas-rental/src/atlas/kernels/hopper/qwen3.6-27b/nvfp4/q4k_vendor/quantize_impl.cuh:172: ERROR: CUDA kernel quantize_mmq_nvfp4_worker has no device code compatible with CUDA arch 900. ggml-cuda.cu was compiled for: 900
/workspace/atlas-rental/src/atlas/kernels/hopper/qwen3.6-27b/nvfp4/q4k_vendor/quantize_impl.cuh:172: ERROR: CUDA kernel quantize_mmq_nvfp4_worker has no device code compatible with CUDA arch 900. ggml-cuda.cu was compiled for: 900
/workspace/atlas-rental/src/atlas/kernels/hopper/qwen3.6-27b/nvfp4/q4k_vendor/quantize_impl.cuh:172: ERROR: CUDA kernel quantize_mmq_nvfp4_worker has no device code compatible with CUDA arch 900. ggml-cuda.cu was compiled for: 900
/workspace/atlas-rental/src/atlas/kernels/hopper/qwen3.6-27b/nvfp4/q4k_vendor/quantize_impl.cuh:172: ERROR: CUDA kernel quantize_mmq_nvfp4_worker has no device code compatible with CUDA arch 900. ggml-cuda.cu was compiled for: 900
/workspace/atlas-rental/src/atlas/kernels/hopper/qwen3.6-27b/nvfp4/q4k_vendor/quantize_impl.cuh:172: ERROR: CUDA kernel quantize_mmq_nvfp4_worker has no device code compatible with CUDA arch 900. ggml-cuda.cu was compiled for: 900
/workspace/atlas-rental/src/atlas/kernels/hopper/qwen3.6-27b/nvfp4/q4k_vendor/quantize_impl.cuh:172: ERROR: CUDA kernel quantize_mmq_nvfp4_worker has no device code compatible with CUDA arch 900. ggml-cuda.cu was compiled for: 900
/workspace/atlas-rental/src/atlas/kernels/hopper/qwen3.6-27b/nvfp4/q4k_vendor/quantize_impl.cuh:172: ERROR: CUDA kernel quantize_mmq_nvfp4_worker has no device code compatible with CUDA arch 900. ggml-cuda.cu was compiled for: 900
/workspace/atlas-rental/src/atlas/kernels/hopper/qwen3.6-27b/nvfp4/q4k_vendor/quantize_impl.cuh:172: ERROR: CUDA kernel quantize_mmq_nvfp4_worker has no device code compatible with CUDA arch 900. ggml-cuda.cu was compiled for: 900
/workspace/atlas-rental/src/atlas/kernels/hopper/qwen3.6-27b/nvfp4/q4k_vendor/quantize_impl.cuh:172: ERROR: CUDA kernel quantize_mmq_nvfp4_worker has no device code compatible with CUDA arch 900. ggml-cuda.cu was compiled for: 900
/workspace/atlas-rental/src/atlas/kernels/hopper/qwen3.6-27b/nvfp4/q4k_vendor/quantize_impl.cuh:172: ERROR: CUDA kernel quantize_mmq_nvfp4_worker has no device code compatible with CUDA arch 900. ggml-cuda.cu was compiled for: 900
/workspace/atlas-rental/src/atlas/kernels/hopper/qwen3.6-27b/nvfp4/q4k_vendor/quantize_impl.cuh:172: ERROR: CUDA kernel quantize_mmq_nvfp4_worker has no device code compatible with CUDA arch 900. ggml-cuda.cu was compiled for: 900
/workspace/atlas-rental/src/atlas/kernels/hopper/qwen3.6-27b/nvfp4/q4k_vendor/quantize_impl.cuh:172: ERROR: CUDA kernel quantize_mmq_nvfp4_worker has no device code compatible with CUDA arch 900. ggml-cuda.cu was compiled for: 900
/workspace/atlas-rental/src/atlas/kernels/hopper/qwen3.6-27b/nvfp4/q4k_vendor/quantize_impl.cuh:172: ERROR: CUDA kernel quantize_mmq_nvfp4_worker has no device code compatible with CUDA arch 900. ggml-cuda.cu was compiled for: 900
/workspace/atlas-rental/src/atlas/kernels/hopper/qwen3.6-27b/nvfp4/q4k_vendor/quantize_impl.cuh:172: ERROR: CUDA kernel quantize_mmq_nvfp4_worker has no device code compatible with CUDA arch 900. ggml-cuda.cu was compiled for: 900
/workspace/atlas-rental/src/atlas/kernels/hopper/qwen3.6-27b/nvfp4/q4k_vendor/quantize_impl.cuh:172: ERROR: CUDA kernel quantize_mmq_nvfp4_worker has no device code compatible with CUDA arch 900. ggml-cuda.cu was compiled for: 900
/workspace/atlas-rental/src/atlas/kernels/hopper/qwen3.6-27b/nvfp4/q4k_vendor/quantize_impl.cuh:172: ERROR: CUDA kernel quantize_mmq_nvfp4_worker has no device code compatible with CUDA arch 900. ggml-cuda.cu was compiled for: 900
/workspace/atlas-rental/src/atlas/kernels/hopper/qwen3.6-27b/nvfp4/q4k_vendor/quantize_impl.cuh:172: ERROR: CUDA kernel quantize_mmq_nvfp4_worker has no device code compatible with CUDA arch 900. ggml-cuda.cu was compiled for: 900
/workspace/atlas-rental/src/atlas/kernels/hopper/qwen3.6-27b/nvfp4/q4k_vendor/quantize_impl.cuh:172: ERROR: CUDA kernel quantize_mmq_nvfp4_worker has no device code compatible with CUDA arch 900. ggml-cuda.cu was compiled for: 900
/workspace/atlas-rental/src/atlas/kernels/hopper/qwen3.6-27b/nvfp4/q4k_vendor/quantize_impl.cuh:172: ERROR: CUDA kernel quantize_mmq_nvfp4_worker has no device code compatible with CUDA arch 900. ggml-cuda.cu was compiled for: 900
/workspace/atlas-rental/src/atlas/kernels/hopper/qwen3.6-27b/nvfp4/q4k_vendor/quantize_impl.cuh:172: ERROR: CUDA kernel quantize_mmq_nvfp4_worker has no device code compatible with CUDA arch 900. ggml-cuda.cu was compiled for: 900
/workspace/atlas-rental/src/atlas/kernels/hopper/qwen3.6-27b/nvfp4/q4k_vendor/quantize_impl.cuh:172: ERROR: CUDA kernel quantize_mmq_nvfp4_worker has no device code compatible with CUDA arch 900. ggml-cuda.cu was compiled for: 900
/workspace/atlas-rental/src/atlas/kernels/hopper/qwen3.6-27b/nvfp4/q4k_vendor/quantize_impl.cuh:172: ERROR: CUDA kernel quantize_mmq_nvfp4_worker has no device code compatible with CUDA arch 900. ggml-cuda.cu was compiled for: 900
/workspace/atlas-rental/src/atlas/kernels/hopper/qwen3.6-27b/nvfp4/q4k_vendor/quantize_impl.cuh:172: ERROR: CUDA kernel quantize_mmq_nvfp4_worker has no device code compatible with CUDA arch 900. ggml-cuda.cu was compiled for: 900
/workspace/atlas-rental/src/atlas/kernels/hopper/qwen3.6-27b/nvfp4/q4k_vendor/quantize_impl.cuh:172: ERROR: CUDA kernel quantize_mmq_nvfp4_worker has no device code compatible with CUDA arch 900. ggml-cuda.cu was compiled for: 900
/workspace/atlas-rental/src/atlas/kernels/hopper/qwen3.6-27b/nvfp4/q4k_vendor/quantize_impl.cuh:172: ERROR: CUDA kernel quantize_mmq_nvfp4_worker has no device code compatible with CUDA arch 900. ggml-cuda.cu was compiled for: 900
/workspace/atlas-rental/src/atlas/kernels/hopper/qwen3.6-27b/nvfp4/q4k_vendor/quantize_impl.cuh:172: ERROR: CUDA kernel quantize_mmq_nvfp4_worker has no device code compatible with CUDA arch 900. ggml-cuda.cu was compiled for: 900
/workspace/atlas-rental/src/atlas/kernels/hopper/qwen3.6-27b/nvfp4/q4k_vendor/quantize_impl.cuh:172: ERROR: CUDA kernel quantize_mmq_nvfp4_worker has no device code compatible with CUDA arch 900. ggml-cuda.cu was compiled for: 900
/workspace/atlas-rental/src/atlas/kernels/hopper/qwen3.6-27b/nvfp4/q4k_vendor/quantize_impl.cuh:172: ERROR: CUDA kernel quantize_mmq_nvfp4_worker has no device code compatible with CUDA arch 900. ggml-cuda.cu was compiled for: 900
/workspace/atlas-rental/src/atlas/kernels/hopper/qwen3.6-27b/nvfp4/q4k_vendor/quantize_impl.cuh:172: ERROR: CUDA kernel quantize_mmq_nvfp4_worker has no device code compatible with CUDA arch 900. ggml-cuda.cu was compiled for: 900
/workspace/atlas-rental/src/atlas/kernels/hopper/qwen3.6-27b/nvfp4/q4k_vendor/quantize_impl.cuh:172: ERROR: CUDA kernel quantize_mmq_nvfp4_worker has no device code compatible with CUDA arch 900. ggml-cuda.cu was compiled for: 900
/workspace/atlas-rental/src/atlas/kernels/hopper/qwen3.6-27b/nvfp4/q4k_vendor/quantize_impl.cuh:172: ERROR: CUDA kernel quantize_mmq_nvfp4_worker has no device code compatible with CUDA arch 900. ggml-cuda.cu was compiled for: 900
/workspace/atlas-rental/src/atlas/kernels/hopper/qwen3.6-27b/nvfp4/q4k_vendor/quantize_impl.cuh:172: ERROR: CUDA kernel quantize_mmq_nvfp4_worker has no device code compatible with CUDA arch 900. ggml-cuda.cu was compiled for: 900
/workspace/atlas-rental/src/atlas/kernels/hopper/qwen3.6-27b/nvfp4/q4k_vendor/quantize_impl.cuh:172: ERROR: CUDA kernel quantize_mmq_nvfp4_worker has no device code compatible with CUDA arch 900. ggml-cuda.cu was compiled for: 900
/workspace/atlas-rental/src/atlas/kernels/hopper/qwen3.6-27b/nvfp4/q4k_vendor/quantize_impl.cuh:172: ERROR: CUDA kernel quantize_mmq_nvfp4_worker has no device code compatible with CUDA arch 900. ggml-cuda.cu was compiled for: 900
/workspace/atlas-rental/src/atlas/kernels/hopper/qwen3.6-27b/nvfp4/q4k_vendor/quantize_impl.cuh:172: ERROR: CUDA kernel quantize_mmq_nvfp4_worker has no device code compatible with CUDA arch 900. ggml-cuda.cu was compiled for: 900
/workspace/atlas-rental/src/atlas/kernels/hopper/qwen3.6-27b/nvfp4/q4k_vendor/quantize_impl.cuh:172: ERROR: CUDA kernel quantize_mmq_nvfp4_worker has no device code compatible with CUDA arch 900. ggml-cuda.cu was compiled for: 900
/workspace/atlas-rental/src/atlas/kernels/hopper/qwen3.6-27b/nvfp4/q4k_vendor/quantize_impl.cuh:172: ERROR: CUDA kernel quantize_mmq_nvfp4_worker has no device code compatible with CUDA arch 900. ggml-cuda.cu was compiled for: 900
/workspace/atlas-rental/src/atlas/kernels/hopper/qwen3.6-27b/nvfp4/q4k_vendor/quantize_impl.cuh:172: ERROR: CUDA kernel quantize_mmq_nvfp4_worker has no device code compatible with CUDA arch 900. ggml-cuda.cu was compiled for: 900
/workspace/atlas-rental/src/atlas/kernels/hopper/qwen3.6-27b/nvfp4/q4k_vendor/quantize_impl.cuh:172: ERROR: CUDA kernel quantize_mmq_nvfp4_worker has no device code compatible with CUDA arch 900. ggml-cuda.cu was compiled for: 900
/workspace/atlas-rental/src/atlas/kernels/hopper/qwen3.6-27b/nvfp4/q4k_vendor/quantize_impl.cuh:172: ERROR: CUDA kernel quantize_mmq_nvfp4_worker has no device code compatible with CUDA arch 900. ggml-cuda.cu was compiled for: 900
/workspace/atlas-rental/src/atlas/kernels/hopper/qwen3.6-27b/nvfp4/q4k_vendor/quantize_impl.cuh:172: ERROR: CUDA kernel quantize_mmq_nvfp4_worker has no device code compatible with CUDA arch 900. ggml-cuda.cu was compiled for: 900
/workspace/atlas-rental/src/atlas/kernels/hopper/qwen3.6-27b/nvfp4/q4k_vendor/quantize_impl.cuh:172: ERROR: CUDA kernel quantize_mmq_nvfp4_worker has no device code compatible with CUDA arch 900. ggml-cuda.cu was compiled for: 900
/workspace/atlas-rental/src/atlas/kernels/hopper/qwen3.6-27b/nvfp4/q4k_vendor/quantize_impl.cuh:172: ERROR: CUDA kernel quantize_mmq_nvfp4_worker has no device code compatible with CUDA arch 900. ggml-cuda.cu was compiled for: 900
/workspace/atlas-rental/src/atlas/kernels/hopper/qwen3.6-27b/nvfp4/q4k_vendor/quantize_impl.cuh:172: ERROR: CUDA kernel quantize_mmq_nvfp4_worker has no device code compatible with CUDA arch 900. ggml-cuda.cu was compiled for: 900
/workspace/atlas-rental/src/atlas/kernels/hopper/qwen3.6-27b/nvfp4/q4k_vendor/quantize_impl.cuh:172: ERROR: CUDA kernel quantize_mmq_nvfp4_worker has no device code compatible with CUDA arch 900. ggml-cuda.cu was compiled for: 900
/workspace/atlas-rental/src/atlas/kernels/hopper/qwen3.6-27b/nvfp4/q4k_vendor/quantize_impl.cuh:172: ERROR: CUDA kernel quantize_mmq_nvfp4_worker has no device code compatible with CUDA arch 900. ggml-cuda.cu was compiled for: 900
/workspace/atlas-rental/src/atlas/kernels/hopper/qwen3.6-27b/nvfp4/q4k_vendor/quantize_impl.cuh:172: ERROR: CUDA kernel quantize_mmq_nvfp4_worker has no device code compatible with CUDA arch 900. ggml-cuda.cu was compiled for: 900
/workspace/atlas-rental/src/atlas/kernels/hopper/qwen3.6-27b/nvfp4/q4k_vendor/quantize_impl.cuh:172: ERROR: CUDA kernel quantize_mmq_nvfp4_worker has no device code compatible with CUDA arch 900. ggml-cuda.cu was compiled for: 900
/workspace/atlas-rental/src/atlas/kernels/hopper/qwen3.6-27b/nvfp4/q4k_vendor/quantize_impl.cuh:172: ERROR: CUDA kernel quantize_mmq_nvfp4_worker has no device code compatible with CUDA arch 900. ggml-cuda.cu was compiled for: 900
/workspace/atlas-rental/src/atlas/kernels/hopper/qwen3.6-27b/nvfp4/q4k_vendor/quantize_impl.cuh:172: ERROR: CUDA kernel quantize_mmq_nvfp4_worker has no device code compatible with CUDA arch 900. ggml-cuda.cu was compiled for: 900
/workspace/atlas-rental/src/atlas/kernels/hopper/qwen3.6-27b/nvfp4/q4k_vendor/quantize_impl.cuh:172: ERROR: CUDA kernel quantize_mmq_nvfp4_worker has no device code compatible with CUDA arch 900. ggml-cuda.cu was compiled for: 900
/workspace/atlas-rental/src/atlas/kernels/hopper/qwen3.6-27b/nvfp4/q4k_vendor/quantize_impl.cuh:172: ERROR: CUDA kernel quantize_mmq_nvfp4_worker has no device code compatible with CUDA arch 900. ggml-cuda.cu was compiled for: 900
/workspace/atlas-rental/src/atlas/kernels/hopper/qwen3.6-27b/nvfp4/q4k_vendor/quantize_impl.cuh:172: ERROR: CUDA kernel quantize_mmq_nvfp4_worker has no device code compatible with CUDA arch 900. ggml-cuda.cu was compiled for: 900
/workspace/atlas-rental/src/atlas/kernels/hopper/qwen3.6-27b/nvfp4/q4k_vendor/quantize_impl.cuh:172: ERROR: CUDA kernel quantize_mmq_nvfp4_worker has no device code compatible with CUDA arch 900. ggml-cuda.cu was compiled for: 900
/workspace/atlas-rental/src/atlas/kernels/hopper/qwen3.6-27b/nvfp4/q4k_vendor/quantize_impl.cuh:172: ERROR: CUDA kernel quantize_mmq_nvfp4_worker has no device code compatible with CUDA arch 900. ggml-cuda.cu was compiled for: 900
/workspace/atlas-rental/src/atlas/kernels/hopper/qwen3.6-27b/nvfp4/q4k_vendor/quantize_impl.cuh:172: ERROR: CUDA kernel quantize_mmq_nvfp4_worker has no device code compatible with CUDA arch 900. ggml-cuda.cu was compiled for: 900
/workspace/atlas-rental/src/atlas/kernels/hopper/qwen3.6-27b/nvfp4/q4k_vendor/quantize_impl.cuh:172: ERROR: CUDA kernel quantize_mmq_nvfp4_worker has no device code compatible with CUDA arch 900. ggml-cuda.cu was compiled for: 900
/workspace/atlas-rental/src/atlas/kernels/hopper/qwen3.6-27b/nvfp4/q4k_vendor/quantize_impl.cuh:172: ERROR: CUDA kernel quantize_mmq_nvfp4_worker has no device code compatible with CUDA arch 900. ggml-cuda.cu was compiled for: 900
/workspace/atlas-rental/src/atlas/kernels/hopper/qwen3.6-27b/nvfp4/q4k_vendor/quantize_impl.cuh:172: ERROR: CUDA kernel quantize_mmq_nvfp4_worker has no device code compatible with CUDA arch 900. ggml-cuda.cu was compiled for: 900
/workspace/atlas-rental/src/atlas/kernels/hopper/qwen3.6-27b/nvfp4/q4k_vendor/quantize_impl.cuh:172: ERROR: CUDA kernel quantize_mmq_nvfp4_worker has no device code compatible with CUDA arch 900. ggml-cuda.cu was compiled for: 900
/workspace/atlas-rental/src/atlas/kernels/hopper/qwen3.6-27b/nvfp4/q4k_vendor/quantize_impl.cuh:172: ERROR: CUDA kernel quantize_mmq_nvfp4_worker has no device code compatible with CUDA arch 900. ggml-cuda.cu was compiled for: 900
/workspace/atlas-rental/src/atlas/kernels/hopper/qwen3.6-27b/nvfp4/q4k_vendor/quantize_impl.cuh:172: ERROR: CUDA kernel quantize_mmq_nvfp4_worker has no device code compatible with CUDA arch 900. ggml-cuda.cu was compiled for: 900
/workspace/atlas-rental/src/atlas/kernels/hopper/qwen3.6-27b/nvfp4/q4k_vendor/quantize_impl.cuh:172: ERROR: CUDA kernel quantize_mmq_nvfp4_worker has no device code compatible with CUDA arch 900. ggml-cuda.cu was compiled for: 900
/workspace/atlas-rental/src/atlas/kernels/hopper/qwen3.6-27b/nvfp4/q4k_vendor/quantize_impl.cuh:172: ERROR: CUDA kernel quantize_mmq_nvfp4_worker has no device code compatible with CUDA arch 900. ggml-cuda.cu was compiled for: 900
/workspace/atlas-rental/src/atlas/kernels/hopper/qwen3.6-27b/nvfp4/q4k_vendor/quantize_impl.cuh:172: ERROR: CUDA kernel quantize_mmq_nvfp4_worker has no device code compatible with CUDA arch 900. ggml-cuda.cu was compiled for: 900
/workspace/atlas-rental/src/atlas/kernels/hopper/qwen3.6-27b/nvfp4/q4k_vendor/quantize_impl.cuh:172: ERROR: CUDA kernel quantize_mmq_nvfp4_worker has no device code compatible with CUDA arch 900. ggml-cuda.cu was compiled for: 900
/workspace/atlas-rental/src/atlas/kernels/hopper/qwen3.6-27b/nvfp4/q4k_vendor/quantize_impl.cuh:172: ERROR: CUDA kernel quantize_mmq_nvfp4_worker has no device code compatible with CUDA arch 900. ggml-cuda.cu was compiled for: 900
/workspace/atlas-rental/src/atlas/kernels/hopper/qwen3.6-27b/nvfp4/q4k_vendor/quantize_impl.cuh:172: ERROR: CUDA kernel quantize_mmq_nvfp4_worker has no device code compatible with CUDA arch 900. ggml-cuda.cu was compiled for: 900
/workspace/atlas-rental/src/atlas/kernels/hopper/qwen3.6-27b/nvfp4/q4k_vendor/quantize_impl.cuh:172: ERROR: CUDA kernel quantize_mmq_nvfp4_worker has no device code compatible with CUDA arch 900. ggml-cuda.cu was compiled for: 900
/workspace/atlas-rental/src/atlas/kernels/hopper/qwen3.6-27b/nvfp4/q4k_vendor/quantize_impl.cuh:172: ERROR: CUDA kernel quantize_mmq_nvfp4_worker has no device code compatible with CUDA arch 900. ggml-cuda.cu was compiled for: 900
/workspace/atlas-rental/src/atlas/kernels/hopper/qwen3.6-27b/nvfp4/q4k_vendor/quantize_impl.cuh:172: ERROR: CUDA kernel quantize_mmq_nvfp4_worker has no device code compatible with CUDA arch 900. ggml-cuda.cu was compiled for: 900
/workspace/atlas-rental/src/atlas/kernels/hopper/qwen3.6-27b/nvfp4/q4k_vendor/quantize_impl.cuh:172: ERROR: CUDA kernel quantize_mmq_nvfp4_worker has no device code compatible with CUDA arch 900. ggml-cuda.cu was compiled for: 900
/workspace/atlas-rental/src/atlas/kernels/hopper/qwen3.6-27b/nvfp4/q4k_vendor/quantize_impl.cuh:172: ERROR: CUDA kernel quantize_mmq_nvfp4_worker has no device code compatible with CUDA arch 900. ggml-cuda.cu was compiled for: 900
/workspace/atlas-rental/src/atlas/kernels/hopper/qwen3.6-27b/nvfp4/q4k_vendor/quantize_impl.cuh:172: ERROR: CUDA kernel quantize_mmq_nvfp4_worker has no device code compatible with CUDA arch 900. ggml-cuda.cu was compiled for: 900
/workspace/atlas-rental/src/atlas/kernels/hopper/qwen3.6-27b/nvfp4/q4k_vendor/quantize_impl.cuh:172: ERROR: CUDA kernel quantize_mmq_nvfp4_worker has no device code compatible with CUDA arch 900. ggml-cuda.cu was compiled for: 900
/workspace/atlas-rental/src/atlas/kernels/hopper/qwen3.6-27b/nvfp4/q4k_vendor/quantize_impl.cuh:172: ERROR: CUDA kernel quantize_mmq_nvfp4_worker has no device code compatible with CUDA arch 900. ggml-cuda.cu was compiled for: 900
/workspace/atlas-rental/src/atlas/kernels/hopper/qwen3.6-27b/nvfp4/q4k_vendor/quantize_impl.cuh:172: ERROR: CUDA kernel quantize_mmq_nvfp4_worker has no device code compatible with CUDA arch 900. ggml-cuda.cu was compiled for: 900
/workspace/atlas-rental/src/atlas/kernels/hopper/qwen3.6-27b/nvfp4/q4k_vendor/quantize_impl.cuh:172: ERROR: CUDA kernel quantize_mmq_nvfp4_worker has no device code compatible with CUDA arch 900. ggml-cuda.cu was compiled for: 900
/workspace/atlas-rental/src/atlas/kernels/hopper/qwen3.6-27b/nvfp4/q4k_vendor/quantize_impl.cuh:172: ERROR: CUDA kernel quantize_mmq_nvfp4_worker has no device code compatible with CUDA arch 900. ggml-cuda.cu was compiled for: 900
/workspace/atlas-rental/src/atlas/kernels/hopper/qwen3.6-27b/nvfp4/q4k_vendor/quantize_impl.cuh:172: ERROR: CUDA kernel quantize_mmq_nvfp4_worker has no device code compatible with CUDA arch 900. ggml-cuda.cu was compiled for: 900
/workspace/atlas-rental/src/atlas/kernels/hopper/qwen3.6-27b/nvfp4/q4k_vendor/quantize_impl.cuh:172: ERROR: CUDA kernel quantize_mmq_nvfp4_worker has no device code compatible with CUDA arch 900. ggml-cuda.cu was compiled for: 900
/workspace/atlas-rental/src/atlas/kernels/hopper/qwen3.6-27b/nvfp4/q4k_vendor/quantize_impl.cuh:172: ERROR: CUDA kernel quantize_mmq_nvfp4_worker has no device code compatible with CUDA arch 900. ggml-cuda.cu was compiled for: 900
/workspace/atlas-rental/src/atlas/kernels/hopper/qwen3.6-27b/nvfp4/q4k_vendor/quantize_impl.cuh:172: ERROR: CUDA kernel quantize_mmq_nvfp4_worker has no device code compatible with CUDA arch 900. ggml-cuda.cu was compiled for: 900
/workspace/atlas-rental/src/atlas/kernels/hopper/qwen3.6-27b/nvfp4/q4k_vendor/quantize_impl.cuh:172: ERROR: CUDA kernel quantize_mmq_nvfp4_worker has no device code compatible with CUDA arch 900. ggml-cuda.cu was compiled for: 900
/workspace/atlas-rental/src/atlas/kernels/hopper/qwen3.6-27b/nvfp4/q4k_vendor/quantize_impl.cuh:172: ERROR: CUDA kernel quantize_mmq_nvfp4_worker has no device code compatible with CUDA arch 900. ggml-cuda.cu was compiled for: 900
/workspace/atlas-rental/src/atlas/kernels/hopper/qwen3.6-27b/nvfp4/q4k_vendor/quantize_impl.cuh:172: ERROR: CUDA kernel quantize_mmq_nvfp4_worker has no device code compatible with CUDA arch 900. ggml-cuda.cu was compiled for: 900
/workspace/atlas-rental/src/atlas/kernels/hopper/qwen3.6-27b/nvfp4/q4k_vendor/quantize_impl.cuh:172: ERROR: CUDA kernel quantize_mmq_nvfp4_worker has no device code compatible with CUDA arch 900. ggml-cuda.cu was compiled for: 900
/workspace/atlas-rental/src/atlas/kernels/hopper/qwen3.6-27b/nvfp4/q4k_vendor/quantize_impl.cuh:172: ERROR: CUDA kernel quantize_mmq_nvfp4_worker has no device code compatible with CUDA arch 900. ggml-cuda.cu was compiled for: 900
/workspace/atlas-rental/src/atlas/kernels/hopper/qwen3.6-27b/nvfp4/q4k_vendor/quantize_impl.cuh:172: ERROR: CUDA kernel quantize_mmq_nvfp4_worker has no device code compatible with CUDA arch 900. ggml-cuda.cu was compiled for: 900
/workspace/atlas-rental/src/atlas/kernels/hopper/qwen3.6-27b/nvfp4/q4k_vendor/quantize_impl.cuh:172: ERROR: CUDA kernel quantize_mmq_nvfp4_worker has no device code compatible with CUDA arch 900. ggml-cuda.cu was compiled for: 900
/workspace/atlas-rental/src/atlas/kernels/hopper/qwen3.6-27b/nvfp4/q4k_vendor/quantize_impl.cuh:172: ERROR: CUDA kernel quantize_mmq_nvfp4_worker has no device code compatible with CUDA arch 900. ggml-cuda.cu was compiled for: 900
/workspace/atlas-rental/src/atlas/kernels/hopper/qwen3.6-27b/nvfp4/q4k_vendor/quantize_impl.cuh:172: ERROR: CUDA kernel quantize_mmq_nvfp4_worker has no device code compatible with CUDA arch 900. ggml-cuda.cu was compiled for: 900
/workspace/atlas-rental/src/atlas/kernels/hopper/qwen3.6-27b/nvfp4/q4k_vendor/quantize_impl.cuh:172: ERROR: CUDA kernel quantize_mmq_nvfp4_worker has no device code compatible with CUDA arch 900. ggml-cuda.cu was compiled for: 900
/workspace/atlas-rental/src/atlas/kernels/hopper/qwen3.6-27b/nvfp4/q4k_vendor/quantize_impl.cuh:172: ERROR: CUDA kernel quantize_mmq_nvfp4_worker has no device code compatible with CUDA arch 900. ggml-cuda.cu was compiled for: 900
/workspace/atlas-rental/src/atlas/kernels/hopper/qwen3.6-27b/nvfp4/q4k_vendor/quantize_impl.cuh:172: ERROR: CUDA kernel quantize_mmq_nvfp4_worker has no device code compatible with CUDA arch 900. ggml-cuda.cu was compiled for: 900
/workspace/atlas-rental/src/atlas/kernels/hopper/qwen3.6-27b/nvfp4/q4k_vendor/quantize_impl.cuh:172: ERROR: CUDA kernel quantize_mmq_nvfp4_worker has no device code compatible with CUDA arch 900. ggml-cuda.cu was compiled for: 900
/workspace/atlas-rental/src/atlas/kernels/hopper/qwen3.6-27b/nvfp4/q4k_vendor/quantize_impl.cuh:172: ERROR: CUDA kernel quantize_mmq_nvfp4_worker has no device code compatible with CUDA arch 900. ggml-cuda.cu was compiled for: 900
/workspace/atlas-rental/src/atlas/kernels/hopper/qwen3.6-27b/nvfp4/q4k_vendor/quantize_impl.cuh:172: ERROR: CUDA kernel quantize_mmq_nvfp4_worker has no device code compatible with CUDA arch 900. ggml-cuda.cu was compiled for: 900
/workspace/atlas-rental/src/atlas/kernels/hopper/qwen3.6-27b/nvfp4/q4k_vendor/quantize_impl.cuh:172: ERROR: CUDA kernel quantize_mmq_nvfp4_worker has no device code compatible with CUDA arch 900. ggml-cuda.cu was compiled for: 900
/workspace/atlas-rental/src/atlas/kernels/hopper/qwen3.6-27b/nvfp4/q4k_vendor/quantize_impl.cuh:172: ERROR: CUDA kernel quantize_mmq_nvfp4_worker has no device code compatible with CUDA arch 900. ggml-cuda.cu was compiled for: 900
/workspace/atlas-rental/src/atlas/kernels/hopper/qwen3.6-27b/nvfp4/q4k_vendor/quantize_impl.cuh:172: ERROR: CUDA kernel quantize_mmq_nvfp4_worker has no device code compatible with CUDA arch 900. ggml-cuda.cu was compiled for: 900
/workspace/atlas-rental/src/atlas/kernels/hopper/qwen3.6-27b/nvfp4/q4k_vendor/quantize_impl.cuh:172: ERROR: CUDA kernel quantize_mmq_nvfp4_worker has no device code compatible with CUDA arch 900. ggml-cuda.cu was compiled for: 900
/workspace/atlas-rental/src/atlas/kernels/hopper/qwen3.6-27b/nvfp4/q4k_vendor/quantize_impl.cuh:172: ERROR: CUDA kernel quantize_mmq_nvfp4_worker has no device code compatible with CUDA arch 900. ggml-cuda.cu was compiled for: 900
/workspace/atlas-rental/src/atlas/kernels/hopper/qwen3.6-27b/nvfp4/q4k_vendor/quantize_impl.cuh:172: ERROR: CUDA kernel quantize_mmq_nvfp4_worker has no device code compatible with CUDA arch 900. ggml-cuda.cu was compiled for: 900
/workspace/atlas-rental/src/atlas/kernels/hopper/qwen3.6-27b/nvfp4/q4k_vendor/quantize_impl.cuh:172: ERROR: CUDA kernel quantize_mmq_nvfp4_worker has no device code compatible with CUDA arch 900. ggml-cuda.cu was compiled for: 900
/workspace/atlas-rental/src/atlas/kernels/hopper/qwen3.6-27b/nvfp4/q4k_vendor/quantize_impl.cuh:172: ERROR: CUDA kernel quantize_mmq_nvfp4_worker has no device code compatible with CUDA arch 900. ggml-cuda.cu was compiled for: 900
/workspace/atlas-rental/src/atlas/kernels/hopper/qwen3.6-27b/nvfp4/q4k_vendor/quantize_impl.cuh:172: ERROR: CUDA kernel quantize_mmq_nvfp4_worker has no device code compatible with CUDA arch 900. ggml-cuda.cu was compiled for: 900
/workspace/atlas-rental/src/atlas/kernels/hopper/qwen3.6-27b/nvfp4/q4k_vendor/quantize_impl.cuh:172: ERROR: CUDA kernel quantize_mmq_nvfp4_worker has no device code compatible with CUDA arch 900. ggml-cuda.cu was compiled for: 900
/workspace/atlas-rental/src/atlas/kernels/hopper/qwen3.6-27b/nvfp4/q4k_vendor/quantize_impl.cuh:172: ERROR: CUDA kernel quantize_mmq_nvfp4_worker has no device code compatible with CUDA arch 900. ggml-cuda.cu was compiled for: 900
/workspace/atlas-rental/src/atlas/kernels/hopper/qwen3.6-27b/nvfp4/q4k_vendor/quantize_impl.cuh:172: ERROR: CUDA kernel quantize_mmq_nvfp4_worker has no device code compatible with CUDA arch 900. ggml-cuda.cu was compiled for: 900
/workspace/atlas-rental/src/atlas/kernels/hopper/qwen3.6-27b/nvfp4/q4k_vendor/quantize_impl.cuh:172: ERROR: CUDA kernel quantize_mmq_nvfp4_worker has no device code compatible with CUDA arch 900. ggml-cuda.cu was compiled for: 900
/workspace/atlas-rental/src/atlas/kernels/hopper/qwen3.6-27b/nvfp4/q4k_vendor/quantize_impl.cuh:172: ERROR: CUDA kernel quantize_mmq_nvfp4_worker has no device code compatible with CUDA arch 900. ggml-cuda.cu was compiled for: 900
/workspace/atlas-rental/src/atlas/kernels/hopper/qwen3.6-27b/nvfp4/q4k_vendor/quantize_impl.cuh:172: ERROR: CUDA kernel quantize_mmq_nvfp4_worker has no device code compatible with CUDA arch 900. ggml-cuda.cu was compiled for: 900
/workspace/atlas-rental/src/atlas/kernels/hopper/qwen3.6-27b/nvfp4/q4k_vendor/quantize_impl.cuh:172: ERROR: CUDA kernel quantize_mmq_nvfp4_worker has no device code compatible with CUDA arch 900. ggml-cuda.cu was compiled for: 900
/workspace/atlas-rental/src/atlas/kernels/hopper/qwen3.6-27b/nvfp4/q4k_vendor/quantize_impl.cuh:172: ERROR: CUDA kernel quantize_mmq_nvfp4_worker has no device code compatible with CUDA arch 900. ggml-cuda.cu was compiled for: 900
/workspace/atlas-rental/src/atlas/kernels/hopper/qwen3.6-27b/nvfp4/q4k_vendor/quantize_impl.cuh:172: ERROR: CUDA kernel quantize_mmq_nvfp4_worker has no device code compatible with CUDA arch 900. ggml-cuda.cu was compiled for: 900
/workspace/atlas-rental/src/atlas/kernels/hopper/qwen3.6-27b/nvfp4/q4k_vendor/quantize_impl.cuh:172: ERROR: CUDA kernel quantize_mmq_nvfp4_worker has no device code compatible with CUDA arch 900. ggml-cuda.cu was compiled for: 900
/workspace/atlas-rental/src/atlas/kernels/hopper/qwen3.6-27b/nvfp4/q4k_vendor/quantize_impl.cuh:172: ERROR: CUDA kernel quantize_mmq_nvfp4_worker has no device code compatible with CUDA arch 900. ggml-cuda.cu was compiled for: 900
/workspace/atlas-rental/src/atlas/kernels/hopper/qwen3.6-27b/nvfp4/q4k_vendor/quantize_impl.cuh:172: ERROR: CUDA kernel quantize_mmq_nvfp4_worker has no device code compatible with CUDA arch 900. ggml-cuda.cu was compiled for: 900
/workspace/atlas-rental/src/atlas/kernels/hopper/qwen3.6-27b/nvfp4/q4k_vendor/quantize_impl.cuh:172: ERROR: CUDA kernel quantize_mmq_nvfp4_worker has no device code compatible with CUDA arch 900. ggml-cuda.cu was compiled for: 900
/workspace/atlas-rental/src/atlas/kernels/hopper/qwen3.6-27b/nvfp4/q4k_vendor/quantize_impl.cuh:172: ERROR: CUDA kernel quantize_mmq_nvfp4_worker has no device code compatible with CUDA arch 900. ggml-cuda.cu was compiled for: 900
/workspace/atlas-rental/src/atlas/kernels/hopper/qwen3.6-27b/nvfp4/q4k_vendor/quantize_impl.cuh:172: ERROR: CUDA kernel quantize_mmq_nvfp4_worker has no device code compatible with CUDA arch 900. ggml-cuda.cu was compiled for: 900
/workspace/atlas-rental/src/atlas/kernels/hopper/qwen3.6-27b/nvfp4/q4k_vendor/quantize_impl.cuh:172: ERROR: CUDA kernel quantize_mmq_nvfp4_worker has no device code compatible with CUDA arch 900. ggml-cuda.cu was compiled for: 900
/workspace/atlas-rental/src/atlas/kernels/hopper/qwen3.6-27b/nvfp4/q4k_vendor/quantize_impl.cuh:172: ERROR: CUDA kernel quantize_mmq_nvfp4_worker has no device code compatible with CUDA arch 900. ggml-cuda.cu was compiled for: 900
/workspace/atlas-rental/src/atlas/kernels/hopper/qwen3.6-27b/nvfp4/q4k_vendor/quantize_impl.cuh:172: ERROR: CUDA kernel quantize_mmq_nvfp4_worker has no device code compatible with CUDA arch 900. ggml-cuda.cu was compiled for: 900
/workspace/atlas-rental/src/atlas/kernels/hopper/qwen3.6-27b/nvfp4/q4k_vendor/quantize_impl.cuh:172: ERROR: CUDA kernel quantize_mmq_nvfp4_worker has no device code compatible with CUDA arch 900. ggml-cuda.cu was compiled for: 900
/workspace/atlas-rental/src/atlas/kernels/hopper/qwen3.6-27b/nvfp4/q4k_vendor/quantize_impl.cuh:172: ERROR: CUDA kernel quantize_mmq_nvfp4_worker has no device code compatible with CUDA arch 900. ggml-cuda.cu was compiled for: 900
/workspace/atlas-rental/src/atlas/kernels/hopper/qwen3.6-27b/nvfp4/q4k_vendor/quantize_impl.cuh:172: ERROR: CUDA kernel quantize_mmq_nvfp4_worker has no device code compatible with CUDA arch 900. ggml-cuda.cu was compiled for: 900
/workspace/atlas-rental/src/atlas/kernels/hopper/qwen3.6-27b/nvfp4/q4k_vendor/quantize_impl.cuh:172: ERROR: CUDA kernel quantize_mmq_nvfp4_worker has no device code compatible with CUDA arch 900. ggml-cuda.cu was compiled for: 900
/workspace/atlas-rental/src/atlas/kernels/hopper/qwen3.6-27b/nvfp4/q4k_vendor/quantize_impl.cuh:172: ERROR: CUDA kernel quantize_mmq_nvfp4_worker has no device code compatible with CUDA arch 900. ggml-cuda.cu was compiled for: 900
/workspace/atlas-rental/src/atlas/kernels/hopper/qwen3.6-27b/nvfp4/q4k_vendor/quantize_impl.cuh:172: ERROR: CUDA kernel quantize_mmq_nvfp4_worker has no device code compatible with CUDA arch 900. ggml-cuda.cu was compiled for: 900
/workspace/atlas-rental/src/atlas/kernels/hopper/qwen3.6-27b/nvfp4/q4k_vendor/quantize_impl.cuh:172: ERROR: CUDA kernel quantize_mmq_nvfp4_worker has no device code compatible with CUDA arch 900. ggml-cuda.cu was compiled for: 900
/workspace/atlas-rental/src/atlas/kernels/hopper/qwen3.6-27b/nvfp4/q4k_vendor/quantize_impl.cuh:172: ERROR: CUDA kernel quantize_mmq_nvfp4_worker has no device code compatible with CUDA arch 900. ggml-cuda.cu was compiled for: 900
/workspace/atlas-rental/src/atlas/kernels/hopper/qwen3.6-27b/nvfp4/q4k_vendor/quantize_impl.cuh:172: ERROR: CUDA kernel quantize_mmq_nvfp4_worker has no device code compatible with CUDA arch 900. ggml-cuda.cu was compiled for: 900
/workspace/atlas-rental/src/atlas/kernels/hopper/qwen3.6-27b/nvfp4/q4k_vendor/quantize_impl.cuh:172: ERROR: CUDA kernel quantize_mmq_nvfp4_worker has no device code compatible with CUDA arch 900. ggml-cuda.cu was compiled for: 900
/workspace/atlas-rental/src/atlas/kernels/hopper/qwen3.6-27b/nvfp4/q4k_vendor/quantize_impl.cuh:172: ERROR: CUDA kernel quantize_mmq_nvfp4_worker has no device code compatible with CUDA arch 900. ggml-cuda.cu was compiled for: 900
/workspace/atlas-rental/src/atlas/kernels/hopper/qwen3.6-27b/nvfp4/q4k_vendor/quantize_impl.cuh:172: ERROR: CUDA kernel quantize_mmq_nvfp4_worker has no device code compatible with CUDA arch 900. ggml-cuda.cu was compiled for: 900
/workspace/atlas-rental/src/atlas/kernels/hopper/qwen3.6-27b/nvfp4/q4k_vendor/quantize_impl.cuh:172: ERROR: CUDA kernel quantize_mmq_nvfp4_worker has no device code compatible with CUDA arch 900. ggml-cuda.cu was compiled for: 900
/workspace/atlas-rental/src/atlas/kernels/hopper/qwen3.6-27b/nvfp4/q4k_vendor/quantize_impl.cuh:172: ERROR: CUDA kernel quantize_mmq_nvfp4_worker has no device code compatible with CUDA arch 900. ggml-cuda.cu was compiled for: 900
/workspace/atlas-rental/src/atlas/kernels/hopper/qwen3.6-27b/nvfp4/q4k_vendor/quantize_impl.cuh:172: ERROR: CUDA kernel quantize_mmq_nvfp4_worker has no device code compatible with CUDA arch 900. ggml-cuda.cu was compiled for: 900
/workspace/atlas-rental/src/atlas/kernels/hopper/qwen3.6-27b/nvfp4/q4k_vendor/quantize_impl.cuh:172: ERROR: CUDA kernel quantize_mmq_nvfp4_worker has no device code compatible with CUDA arch 900. ggml-cuda.cu was compiled for: 900
/workspace/atlas-rental/src/atlas/kernels/hopper/qwen3.6-27b/nvfp4/q4k_vendor/quantize_impl.cuh:172: ERROR: CUDA kernel quantize_mmq_nvfp4_worker has no device code compatible with CUDA arch 900. ggml-cuda.cu was compiled for: 900
/workspace/atlas-rental/src/atlas/kernels/hopper/qwen3.6-27b/nvfp4/q4k_vendor/quantize_impl.cuh:172: ERROR: CUDA kernel quantize_mmq_nvfp4_worker has no device code compatible with CUDA arch 900. ggml-cuda.cu was compiled for: 900
/workspace/atlas-rental/src/atlas/kernels/hopper/qwen3.6-27b/nvfp4/q4k_vendor/quantize_impl.cuh:172: ERROR: CUDA kernel quantize_mmq_nvfp4_worker has no device code compatible with CUDA arch 900. ggml-cuda.cu was compiled for: 900
/workspace/atlas-rental/src/atlas/kernels/hopper/qwen3.6-27b/nvfp4/q4k_vendor/quantize_impl.cuh:172: ERROR: CUDA kernel quantize_mmq_nvfp4_worker has no device code compatible with CUDA arch 900. ggml-cuda.cu was compiled for: 900
/workspace/atlas-rental/src/atlas/kernels/hopper/qwen3.6-27b/nvfp4/q4k_vendor/quantize_impl.cuh:172: ERROR: CUDA kernel quantize_mmq_nvfp4_worker has no device code compatible with CUDA arch 900. ggml-cuda.cu was compiled for: 900
/workspace/atlas-rental/src/atlas/kernels/hopper/qwen3.6-27b/nvfp4/q4k_vendor/quantize_impl.cuh:172: ERROR: CUDA kernel quantize_mmq_nvfp4_worker has no device code compatible with CUDA arch 900. ggml-cuda.cu was compiled for: 900
/workspace/atlas-rental/src/atlas/kernels/hopper/qwen3.6-27b/nvfp4/q4k_vendor/quantize_impl.cuh:172: ERROR: CUDA kernel quantize_mmq_nvfp4_worker has no device code compatible with CUDA arch 900. ggml-cuda.cu was compiled for: 900
/workspace/atlas-rental/src/atlas/kernels/hopper/qwen3.6-27b/nvfp4/q4k_vendor/quantize_impl.cuh:172: ERROR: CUDA kernel quantize_mmq_nvfp4_worker has no device code compatible with CUDA arch 900. ggml-cuda.cu was compiled for: 900
/workspace/atlas-rental/src/atlas/kernels/hopper/qwen3.6-27b/nvfp4/q4k_vendor/quantize_impl.cuh:172: ERROR: CUDA kernel quantize_mmq_nvfp4_worker has no device code compatible with CUDA arch 900. ggml-cuda.cu was compiled for: 900
/workspace/atlas-rental/src/atlas/kernels/hopper/qwen3.6-27b/nvfp4/q4k_vendor/quantize_impl.cuh:172: ERROR: CUDA kernel quantize_mmq_nvfp4_worker has no device code compatible with CUDA arch 900. ggml-cuda.cu was compiled for: 900
/workspace/atlas-rental/src/atlas/kernels/hopper/qwen3.6-27b/nvfp4/q4k_vendor/quantize_impl.cuh:172: ERROR: CUDA kernel quantize_mmq_nvfp4_worker has no device code compatible with CUDA arch 900. ggml-cuda.cu was compiled for: 900
/workspace/atlas-rental/src/atlas/kernels/hopper/qwen3.6-27b/nvfp4/q4k_vendor/quantize_impl.cuh:172: ERROR: CUDA kernel quantize_mmq_nvfp4_worker has no device code compatible with CUDA arch 900. ggml-cuda.cu was compiled for: 900
/workspace/atlas-rental/src/atlas/kernels/hopper/qwen3.6-27b/nvfp4/q4k_vendor/quantize_impl.cuh:172: ERROR: CUDA kernel quantize_mmq_nvfp4_worker has no device code compatible with CUDA arch 900. ggml-cuda.cu was compiled for: 900
/workspace/atlas-rental/src/atlas/kernels/hopper/qwen3.6-27b/nvfp4/q4k_vendor/quantize_impl.cuh:172: ERROR: CUDA kernel quantize_mmq_nvfp4_worker has no device code compatible with CUDA arch 900. ggml-cuda.cu was compiled for: 900
/workspace/atlas-rental/src/atlas/kernels/hopper/qwen3.6-27b/nvfp4/q4k_vendor/quantize_impl.cuh:172: ERROR: CUDA kernel quantize_mmq_nvfp4_worker has no device code compatible with CUDA arch 900. ggml-cuda.cu was compiled for: 900
/workspace/atlas-rental/src/atlas/kernels/hopper/qwen3.6-27b/nvfp4/q4k_vendor/quantize_impl.cuh:172: ERROR: CUDA kernel quantize_mmq_nvfp4_worker has no device code compatible with CUDA arch 900. ggml-cuda.cu was compiled for: 900
/workspace/atlas-rental/src/atlas/kernels/hopper/qwen3.6-27b/nvfp4/q4k_vendor/quantize_impl.cuh:172: ERROR: CUDA kernel quantize_mmq_nvfp4_worker has no device code compatible with CUDA arch 900. ggml-cuda.cu was compiled for: 900
/workspace/atlas-rental/src/atlas/kernels/hopper/qwen3.6-27b/nvfp4/q4k_vendor/quantize_impl.cuh:172: ERROR: CUDA kernel quantize_mmq_nvfp4_worker has no device code compatible with CUDA arch 900. ggml-cuda.cu was compiled for: 900
/workspace/atlas-rental/src/atlas/kernels/hopper/qwen3.6-27b/nvfp4/q4k_vendor/quantize_impl.cuh:172: ERROR: CUDA kernel quantize_mmq_nvfp4_worker has no device code compatible with CUDA arch 900. ggml-cuda.cu was compiled for: 900
/workspace/atlas-rental/src/atlas/kernels/hopper/qwen3.6-27b/nvfp4/q4k_vendor/quantize_impl.cuh:172: ERROR: CUDA kernel quantize_mmq_nvfp4_worker has no device code compatible with CUDA arch 900. ggml-cuda.cu was compiled for: 900
/workspace/atlas-rental/src/atlas/kernels/hopper/qwen3.6-27b/nvfp4/q4k_vendor/quantize_impl.cuh:172: ERROR: CUDA kernel quantize_mmq_nvfp4_worker has no device code compatible with CUDA arch 900. ggml-cuda.cu was compiled for: 900
/workspace/atlas-rental/src/atlas/kernels/hopper/qwen3.6-27b/nvfp4/q4k_vendor/quantize_impl.cuh:172: ERROR: CUDA kernel quantize_mmq_nvfp4_worker has no device code compatible with CUDA arch 900. ggml-cuda.cu was compiled for: 900
/workspace/atlas-rental/src/atlas/kernels/hopper/qwen3.6-27b/nvfp4/q4k_vendor/quantize_impl.cuh:172: ERROR: CUDA kernel quantize_mmq_nvfp4_worker has no device code compatible with CUDA arch 900. ggml-cuda.cu was compiled for: 900
/workspace/atlas-rental/src/atlas/kernels/hopper/qwen3.6-27b/nvfp4/q4k_vendor/quantize_impl.cuh:172: ERROR: CUDA kernel quantize_mmq_nvfp4_worker has no device code compatible with CUDA arch 900. ggml-cuda.cu was compiled for: 900
/workspace/atlas-rental/src/atlas/kernels/hopper/qwen3.6-27b/nvfp4/q4k_vendor/quantize_impl.cuh:172: ERROR: CUDA kernel quantize_mmq_nvfp4_worker has no device code compatible with CUDA arch 900. ggml-cuda.cu was compiled for: 900
/workspace/atlas-rental/src/atlas/kernels/hopper/qwen3.6-27b/nvfp4/q4k_vendor/quantize_impl.cuh:172: ERROR: CUDA kernel quantize_mmq_nvfp4_worker has no device code compatible with CUDA arch 900. ggml-cuda.cu was compiled for: 900
/workspace/atlas-rental/src/atlas/kernels/hopper/qwen3.6-27b/nvfp4/q4k_vendor/quantize_impl.cuh:172: ERROR: CUDA kernel quantize_mmq_nvfp4_worker has no device code compatible with CUDA arch 900. ggml-cuda.cu was compiled for: 900
/workspace/atlas-rental/src/atlas/kernels/hopper/qwen3.6-27b/nvfp4/q4k_vendor/quantize_impl.cuh:172: ERROR: CUDA kernel quantize_mmq_nvfp4_worker has no device code compatible with CUDA arch 900. ggml-cuda.cu was compiled for: 900
/workspace/atlas-rental/src/atlas/kernels/hopper/qwen3.6-27b/nvfp4/q4k_vendor/quantize_impl.cuh:172: ERROR: CUDA kernel quantize_mmq_nvfp4_worker has no device code compatible with CUDA arch 900. ggml-cuda.cu was compiled for: 900
/workspace/atlas-rental/src/atlas/kernels/hopper/qwen3.6-27b/nvfp4/q4k_vendor/quantize_impl.cuh:172: ERROR: CUDA kernel quantize_mmq_nvfp4_worker has no device code compatible with CUDA arch 900. ggml-cuda.cu was compiled for: 900
/workspace/atlas-rental/src/atlas/kernels/hopper/qwen3.6-27b/nvfp4/q4k_vendor/quantize_impl.cuh:172: ERROR: CUDA kernel quantize_mmq_nvfp4_worker has no device code compatible with CUDA arch 900. ggml-cuda.cu was compiled for: 900
/workspace/atlas-rental/src/atlas/kernels/hopper/qwen3.6-27b/nvfp4/q4k_vendor/quantize_impl.cuh:172: ERROR: CUDA kernel quantize_mmq_nvfp4_worker has no device code compatible with CUDA arch 900. ggml-cuda.cu was compiled for: 900
/workspace/atlas-rental/src/atlas/kernels/hopper/qwen3.6-27b/nvfp4/q4k_vendor/quantize_impl.cuh:172: ERROR: CUDA kernel quantize_mmq_nvfp4_worker has no device code compatible with CUDA arch 900. ggml-cuda.cu was compiled for: 900
/workspace/atlas-rental/src/atlas/kernels/hopper/qwen3.6-27b/nvfp4/q4k_vendor/quantize_impl.cuh:172: ERROR: CUDA kernel quantize_mmq_nvfp4_worker has no device code compatible with CUDA arch 900. ggml-cuda.cu was compiled for: 900
/workspace/atlas-rental/src/atlas/kernels/hopper/qwen3.6-27b/nvfp4/q4k_vendor/quantize_impl.cuh:172: ERROR: CUDA kernel quantize_mmq_nvfp4_worker has no device code compatible with CUDA arch 900. ggml-cuda.cu was compiled for: 900
/workspace/atlas-rental/src/atlas/kernels/hopper/qwen3.6-27b/nvfp4/q4k_vendor/quantize_impl.cuh:172: ERROR: CUDA kernel quantize_mmq_nvfp4_worker has no device code compatible with CUDA arch 900. ggml-cuda.cu was compiled for: 900
/workspace/atlas-rental/src/atlas/kernels/hopper/qwen3.6-27b/nvfp4/q4k_vendor/quantize_impl.cuh:172: ERROR: CUDA kernel quantize_mmq_nvfp4_worker has no device code compatible with CUDA arch 900. ggml-cuda.cu was compiled for: 900
/workspace/atlas-rental/src/atlas/kernels/hopper/qwen3.6-27b/nvfp4/q4k_vendor/quantize_impl.cuh:172: ERROR: CUDA kernel quantize_mmq_nvfp4_worker has no device code compatible with CUDA arch 900. ggml-cuda.cu was compiled for: 900
/workspace/atlas-rental/src/atlas/kernels/hopper/qwen3.6-27b/nvfp4/q4k_vendor/quantize_impl.cuh:172: ERROR: CUDA kernel quantize_mmq_nvfp4_worker has no device code compatible with CUDA arch 900. ggml-cuda.cu was compiled for: 900
/workspace/atlas-rental/src/atlas/kernels/hopper/qwen3.6-27b/nvfp4/q4k_vendor/quantize_impl.cuh:172: ERROR: CUDA kernel quantize_mmq_nvfp4_worker has no device code compatible with CUDA arch 900. ggml-cuda.cu was compiled for: 900
/workspace/atlas-rental/src/atlas/kernels/hopper/qwen3.6-27b/nvfp4/q4k_vendor/quantize_impl.cuh:172: ERROR: CUDA kernel quantize_mmq_nvfp4_worker has no device code compatible with CUDA arch 900. ggml-cuda.cu was compiled for: 900
/workspace/atlas-rental/src/atlas/kernels/hopper/qwen3.6-27b/nvfp4/q4k_vendor/quantize_impl.cuh:172: ERROR: CUDA kernel quantize_mmq_nvfp4_worker has no device code compatible with CUDA arch 900. ggml-cuda.cu was compiled for: 900
/workspace/atlas-rental/src/atlas/kernels/hopper/qwen3.6-27b/nvfp4/q4k_vendor/quantize_impl.cuh:172: ERROR: CUDA kernel quantize_mmq_nvfp4_worker has no device code compatible with CUDA arch 900. ggml-cuda.cu was compiled for: 900
/workspace/atlas-rental/src/atlas/kernels/hopper/qwen3.6-27b/nvfp4/q4k_vendor/quantize_impl.cuh:172: ERROR: CUDA kernel quantize_mmq_nvfp4_worker has no device code compatible with CUDA arch 900. ggml-cuda.cu was compiled for: 900
/workspace/atlas-rental/src/atlas/kernels/hopper/qwen3.6-27b/nvfp4/q4k_vendor/quantize_impl.cuh:172: ERROR: CUDA kernel quantize_mmq_nvfp4_worker has no device code compatible with CUDA arch 900. ggml-cuda.cu was compiled for: 900
/workspace/atlas-rental/src/atlas/kernels/hopper/qwen3.6-27b/nvfp4/q4k_vendor/quantize_impl.cuh:172: ERROR: CUDA kernel quantize_mmq_nvfp4_worker has no device code compatible with CUDA arch 900. ggml-cuda.cu was compiled for: 900
/workspace/atlas-rental/src/atlas/kernels/hopper/qwen3.6-27b/nvfp4/q4k_vendor/quantize_impl.cuh:172: ERROR: CUDA kernel quantize_mmq_nvfp4_worker has no device code compatible with CUDA arch 900. ggml-cuda.cu was compiled for: 900
/workspace/atlas-rental/src/atlas/kernels/hopper/qwen3.6-27b/nvfp4/q4k_vendor/quantize_impl.cuh:172: ERROR: CUDA kernel quantize_mmq_nvfp4_worker has no device code compatible with CUDA arch 900. ggml-cuda.cu was compiled for: 900
/workspace/atlas-rental/src/atlas/kernels/hopper/qwen3.6-27b/nvfp4/q4k_vendor/quantize_impl.cuh:172: ERROR: CUDA kernel quantize_mmq_nvfp4_worker has no device code compatible with CUDA arch 900. ggml-cuda.cu was compiled for: 900
/workspace/atlas-rental/src/atlas/kernels/hopper/qwen3.6-27b/nvfp4/q4k_vendor/quantize_impl.cuh:172: ERROR: CUDA kernel quantize_mmq_nvfp4_worker has no device code compatible with CUDA arch 900. ggml-cuda.cu was compiled for: 900
/workspace/atlas-rental/src/atlas/kernels/hopper/qwen3.6-27b/nvfp4/q4k_vendor/quantize_impl.cuh:172: ERROR: CUDA kernel quantize_mmq_nvfp4_worker has no device code compatible with CUDA arch 900. ggml-cuda.cu was compiled for: 900
/workspace/atlas-rental/src/atlas/kernels/hopper/qwen3.6-27b/nvfp4/q4k_vendor/quantize_impl.cuh:172: ERROR: CUDA kernel quantize_mmq_nvfp4_worker has no device code compatible with CUDA arch 900. ggml-cuda.cu was compiled for: 900
/workspace/atlas-rental/src/atlas/kernels/hopper/qwen3.6-27b/nvfp4/q4k_vendor/quantize_impl.cuh:172: ERROR: CUDA kernel quantize_mmq_nvfp4_worker has no device code compatible with CUDA arch 900. ggml-cuda.cu was compiled for: 900
/workspace/atlas-rental/src/atlas/kernels/hopper/qwen3.6-27b/nvfp4/q4k_vendor/quantize_impl.cuh:172: ERROR: CUDA kernel quantize_mmq_nvfp4_worker has no device code compatible with CUDA arch 900. ggml-cuda.cu was compiled for: 900
/workspace/atlas-rental/src/atlas/kernels/hopper/qwen3.6-27b/nvfp4/q4k_vendor/quantize_impl.cuh:172: ERROR: CUDA kernel quantize_mmq_nvfp4_worker has no device code compatible with CUDA arch 900. ggml-cuda.cu was compiled for: 900
/workspace/atlas-rental/src/atlas/kernels/hopper/qwen3.6-27b/nvfp4/q4k_vendor/quantize_impl.cuh:172: ERROR: CUDA kernel quantize_mmq_nvfp4_worker has no device code compatible with CUDA arch 900. ggml-cuda.cu was compiled for: 900
/workspace/atlas-rental/src/atlas/kernels/hopper/qwen3.6-27b/nvfp4/q4k_vendor/quantize_impl.cuh:172: ERROR: CUDA kernel quantize_mmq_nvfp4_worker has no device code compatible with CUDA arch 900. ggml-cuda.cu was compiled for: 900
/workspace/atlas-rental/src/atlas/kernels/hopper/qwen3.6-27b/nvfp4/q4k_vendor/quantize_impl.cuh:172: ERROR: CUDA kernel quantize_mmq_nvfp4_worker has no device code compatible with CUDA arch 900. ggml-cuda.cu was compiled for: 900
/workspace/atlas-rental/src/atlas/kernels/hopper/qwen3.6-27b/nvfp4/q4k_vendor/quantize_impl.cuh:172: ERROR: CUDA kernel quantize_mmq_nvfp4_worker has no device code compatible with CUDA arch 900. ggml-cuda.cu was compiled for: 900
/workspace/atlas-rental/src/atlas/kernels/hopper/qwen3.6-27b/nvfp4/q4k_vendor/quantize_impl.cuh:172: ERROR: CUDA kernel quantize_mmq_nvfp4_worker has no device code compatible with CUDA arch 900. ggml-cuda.cu was compiled for: 900
/workspace/atlas-rental/src/atlas/kernels/hopper/qwen3.6-27b/nvfp4/q4k_vendor/quantize_impl.cuh:172: ERROR: CUDA kernel quantize_mmq_nvfp4_worker has no device code compatible with CUDA arch 900. ggml-cuda.cu was compiled for: 900
/workspace/atlas-rental/src/atlas/kernels/hopper/qwen3.6-27b/nvfp4/q4k_vendor/quantize_impl.cuh:172: ERROR: CUDA kernel quantize_mmq_nvfp4_worker has no device code compatible with CUDA arch 900. ggml-cuda.cu was compiled for: 900
/workspace/atlas-rental/src/atlas/kernels/hopper/qwen3.6-27b/nvfp4/q4k_vendor/quantize_impl.cuh:172: ERROR: CUDA kernel quantize_mmq_nvfp4_worker has no device code compatible with CUDA arch 900. ggml-cuda.cu was compiled for: 900
/workspace/atlas-rental/src/atlas/kernels/hopper/qwen3.6-27b/nvfp4/q4k_vendor/quantize_impl.cuh:172: ERROR: CUDA kernel quantize_mmq_nvfp4_worker has no device code compatible with CUDA arch 900. ggml-cuda.cu was compiled for: 900
/workspace/atlas-rental/src/atlas/kernels/hopper/qwen3.6-27b/nvfp4/q4k_vendor/quantize_impl.cuh:172: ERROR: CUDA kernel quantize_mmq_nvfp4_worker has no device code compatible with CUDA arch 900. ggml-cuda.cu was compiled for: 900
/workspace/atlas-rental/src/atlas/kernels/hopper/qwen3.6-27b/nvfp4/q4k_vendor/quantize_impl.cuh:172: ERROR: CUDA kernel quantize_mmq_nvfp4_worker has no device code compatible with CUDA arch 900. ggml-cuda.cu was compiled for: 900
/workspace/atlas-rental/src/atlas/kernels/hopper/qwen3.6-27b/nvfp4/q4k_vendor/quantize_impl.cuh:172: ERROR: CUDA kernel quantize_mmq_nvfp4_worker has no device code compatible with CUDA arch 900. ggml-cuda.cu was compiled for: 900
/workspace/atlas-rental/src/atlas/kernels/hopper/qwen3.6-27b/nvfp4/q4k_vendor/quantize_impl.cuh:172: ERROR: CUDA kernel quantize_mmq_nvfp4_worker has no device code compatible with CUDA arch 900. ggml-cuda.cu was compiled for: 900
/workspace/atlas-rental/src/atlas/kernels/hopper/qwen3.6-27b/nvfp4/q4k_vendor/quantize_impl.cuh:172: ERROR: CUDA kernel quantize_mmq_nvfp4_worker has no device code compatible with CUDA arch 900. ggml-cuda.cu was compiled for: 900
/workspace/atlas-rental/src/atlas/kernels/hopper/qwen3.6-27b/nvfp4/q4k_vendor/quantize_impl.cuh:172: ERROR: CUDA kernel quantize_mmq_nvfp4_worker has no device code compatible with CUDA arch 900. ggml-cuda.cu was compiled for: 900
/workspace/atlas-rental/src/atlas/kernels/hopper/qwen3.6-27b/nvfp4/q4k_vendor/quantize_impl.cuh:172: ERROR: CUDA kernel quantize_mmq_nvfp4_worker has no device code compatible with CUDA arch 900. ggml-cuda.cu was compiled for: 900
/workspace/atlas-rental/src/atlas/kernels/hopper/qwen3.6-27b/nvfp4/q4k_vendor/quantize_impl.cuh:172: ERROR: CUDA kernel quantize_mmq_nvfp4_worker has no device code compatible with CUDA arch 900. ggml-cuda.cu was compiled for: 900
/workspace/atlas-rental/src/atlas/kernels/hopper/qwen3.6-27b/nvfp4/q4k_vendor/quantize_impl.cuh:172: ERROR: CUDA kernel quantize_mmq_nvfp4_worker has no device code compatible with CUDA arch 900. ggml-cuda.cu was compiled for: 900
/workspace/atlas-rental/src/atlas/kernels/hopper/qwen3.6-27b/nvfp4/q4k_vendor/quantize_impl.cuh:172: ERROR: CUDA kernel quantize_mmq_nvfp4_worker has no device code compatible with CUDA arch 900. ggml-cuda.cu was compiled for: 900
/workspace/atlas-rental/src/atlas/kernels/hopper/qwen3.6-27b/nvfp4/q4k_vendor/quantize_impl.cuh:172: ERROR: CUDA kernel quantize_mmq_nvfp4_worker has no device code compatible with CUDA arch 900. ggml-cuda.cu was compiled for: 900
/workspace/atlas-rental/src/atlas/kernels/hopper/qwen3.6-27b/nvfp4/q4k_vendor/quantize_impl.cuh:172: ERROR: CUDA kernel quantize_mmq_nvfp4_worker has no device code compatible with CUDA arch 900. ggml-cuda.cu was compiled for: 900
/workspace/atlas-rental/src/atlas/kernels/hopper/qwen3.6-27b/nvfp4/q4k_vendor/quantize_impl.cuh:172: ERROR: CUDA kernel quantize_mmq_nvfp4_worker has no device code compatible with CUDA arch 900. ggml-cuda.cu was compiled for: 900
/workspace/atlas-rental/src/atlas/kernels/hopper/qwen3.6-27b/nvfp4/q4k_vendor/quantize_impl.cuh:172: ERROR: CUDA kernel quantize_mmq_nvfp4_worker has no device code compatible with CUDA arch 900. ggml-cuda.cu was compiled for: 900
/workspace/atlas-rental/src/atlas/kernels/hopper/qwen3.6-27b/nvfp4/q4k_vendor/quantize_impl.cuh:172: ERROR: CUDA kernel quantize_mmq_nvfp4_worker has no device code compatible with CUDA arch 900. ggml-cuda.cu was compiled for: 900
/workspace/atlas-rental/src/atlas/kernels/hopper/qwen3.6-27b/nvfp4/q4k_vendor/quantize_impl.cuh:172: ERROR: CUDA kernel quantize_mmq_nvfp4_worker has no device code compatible with CUDA arch 900. ggml-cuda.cu was compiled for: 900
/workspace/atlas-rental/src/atlas/kernels/hopper/qwen3.6-27b/nvfp4/q4k_vendor/quantize_impl.cuh:172: ERROR: CUDA kernel quantize_mmq_nvfp4_worker has no device code compatible with CUDA arch 900. ggml-cuda.cu was compiled for: 900
/workspace/atlas-rental/src/atlas/kernels/hopper/qwen3.6-27b/nvfp4/q4k_vendor/quantize_impl.cuh:172: ERROR: CUDA kernel quantize_mmq_nvfp4_worker has no device code compatible with CUDA arch 900. ggml-cuda.cu was compiled for: 900
/workspace/atlas-rental/src/atlas/kernels/hopper/qwen3.6-27b/nvfp4/q4k_vendor/quantize_impl.cuh:172: ERROR: CUDA kernel quantize_mmq_nvfp4_worker has no device code compatible with CUDA arch 900. ggml-cuda.cu was compiled for: 900
/workspace/atlas-rental/src/atlas/kernels/hopper/qwen3.6-27b/nvfp4/q4k_vendor/quantize_impl.cuh:172: ERROR: CUDA kernel quantize_mmq_nvfp4_worker has no device code compatible with CUDA arch 900. ggml-cuda.cu was compiled for: 900
/workspace/atlas-rental/src/atlas/kernels/hopper/qwen3.6-27b/nvfp4/q4k_vendor/quantize_impl.cuh:172: ERROR: CUDA kernel quantize_mmq_nvfp4_worker has no device code compatible with CUDA arch 900. ggml-cuda.cu was compiled for: 900
/workspace/atlas-rental/src/atlas/kernels/hopper/qwen3.6-27b/nvfp4/q4k_vendor/quantize_impl.cuh:172: ERROR: CUDA kernel quantize_mmq_nvfp4_worker has no device code compatible with CUDA arch 900. ggml-cuda.cu was compiled for: 900
/workspace/atlas-rental/src/atlas/kernels/hopper/qwen3.6-27b/nvfp4/q4k_vendor/quantize_impl.cuh:172: ERROR: CUDA kernel quantize_mmq_nvfp4_worker has no device code compatible with CUDA arch 900. ggml-cuda.cu was compiled for: 900
/workspace/atlas-rental/src/atlas/kernels/hopper/qwen3.6-27b/nvfp4/q4k_vendor/quantize_impl.cuh:172: ERROR: CUDA kernel quantize_mmq_nvfp4_worker has no device code compatible with CUDA arch 900. ggml-cuda.cu was compiled for: 900
/workspace/atlas-rental/src/atlas/kernels/hopper/qwen3.6-27b/nvfp4/q4k_vendor/quantize_impl.cuh:172: ERROR: CUDA kernel quantize_mmq_nvfp4_worker has no device code compatible with CUDA arch 900. ggml-cuda.cu was compiled for: 900
/workspace/atlas-rental/src/atlas/kernels/hopper/qwen3.6-27b/nvfp4/q4k_vendor/quantize_impl.cuh:172: ERROR: CUDA kernel quantize_mmq_nvfp4_worker has no device code compatible with CUDA arch 900. ggml-cuda.cu was compiled for: 900
/workspace/atlas-rental/src/atlas/kernels/hopper/qwen3.6-27b/nvfp4/q4k_vendor/quantize_impl.cuh:172: ERROR: CUDA kernel quantize_mmq_nvfp4_worker has no device code compatible with CUDA arch 900. ggml-cuda.cu was compiled for: 900
/workspace/atlas-rental/src/atlas/kernels/hopper/qwen3.6-27b/nvfp4/q4k_vendor/quantize_impl.cuh:172: ERROR: CUDA kernel quantize_mmq_nvfp4_worker has no device code compatible with CUDA arch 900. ggml-cuda.cu was compiled for: 900
/workspace/atlas-rental/src/atlas/kernels/hopper/qwen3.6-27b/nvfp4/q4k_vendor/quantize_impl.cuh:172: ERROR: CUDA kernel quantize_mmq_nvfp4_worker has no device code compatible with CUDA arch 900. ggml-cuda.cu was compiled for: 900
/workspace/atlas-rental/src/atlas/kernels/hopper/qwen3.6-27b/nvfp4/q4k_vendor/quantize_impl.cuh:172: ERROR: CUDA kernel quantize_mmq_nvfp4_worker has no device code compatible with CUDA arch 900. ggml-cuda.cu was compiled for: 900
/workspace/atlas-rental/src/atlas/kernels/hopper/qwen3.6-27b/nvfp4/q4k_vendor/quantize_impl.cuh:172: ERROR: CUDA kernel quantize_mmq_nvfp4_worker has no device code compatible with CUDA arch 900. ggml-cuda.cu was compiled for: 900
/workspace/atlas-rental/src/atlas/kernels/hopper/qwen3.6-27b/nvfp4/q4k_vendor/quantize_impl.cuh:172: ERROR: CUDA kernel quantize_mmq_nvfp4_worker has no device code compatible with CUDA arch 900. ggml-cuda.cu was compiled for: 900
/workspace/atlas-rental/src/atlas/kernels/hopper/qwen3.6-27b/nvfp4/q4k_vendor/quantize_impl.cuh:172: ERROR: CUDA kernel quantize_mmq_nvfp4_worker has no device code compatible with CUDA arch 900. ggml-cuda.cu was compiled for: 900
/workspace/atlas-rental/src/atlas/kernels/hopper/qwen3.6-27b/nvfp4/q4k_vendor/quantize_impl.cuh:172: ERROR: CUDA kernel quantize_mmq_nvfp4_worker has no device code compatible with CUDA arch 900. ggml-cuda.cu was compiled for: 900
/workspace/atlas-rental/src/atlas/kernels/hopper/qwen3.6-27b/nvfp4/q4k_vendor/quantize_impl.cuh:172: ERROR: CUDA kernel quantize_mmq_nvfp4_worker has no device code compatible with CUDA arch 900. ggml-cuda.cu was compiled for: 900
/workspace/atlas-rental/src/atlas/kernels/hopper/qwen3.6-27b/nvfp4/q4k_vendor/quantize_impl.cuh:172: ERROR: CUDA kernel quantize_mmq_nvfp4_worker has no device code compatible with CUDA arch 900. ggml-cuda.cu was compiled for: 900
/workspace/atlas-rental/src/atlas/kernels/hopper/qwen3.6-27b/nvfp4/q4k_vendor/quantize_impl.cuh:172: ERROR: CUDA kernel quantize_mmq_nvfp4_worker has no device code compatible with CUDA arch 900. ggml-cuda.cu was compiled for: 900
/workspace/atlas-rental/src/atlas/kernels/hopper/qwen3.6-27b/nvfp4/q4k_vendor/quantize_impl.cuh:172: ERROR: CUDA kernel quantize_mmq_nvfp4_worker has no device code compatible with CUDA arch 900. ggml-cuda.cu was compiled for: 900
/workspace/atlas-rental/src/atlas/kernels/hopper/qwen3.6-27b/nvfp4/q4k_vendor/quantize_impl.cuh:172: ERROR: CUDA kernel quantize_mmq_nvfp4_worker has no device code compatible with CUDA arch 900. ggml-cuda.cu was compiled for: 900
/workspace/atlas-rental/src/atlas/kernels/hopper/qwen3.6-27b/nvfp4/q4k_vendor/quantize_impl.cuh:172: ERROR: CUDA kernel quantize_mmq_nvfp4_worker has no device code compatible with CUDA arch 900. ggml-cuda.cu was compiled for: 900
/workspace/atlas-rental/src/atlas/kernels/hopper/qwen3.6-27b/nvfp4/q4k_vendor/quantize_impl.cuh:172: ERROR: CUDA kernel quantize_mmq_nvfp4_worker has no device code compatible with CUDA arch 900. ggml-cuda.cu was compiled for: 900
/workspace/atlas-rental/src/atlas/kernels/hopper/qwen3.6-27b/nvfp4/q4k_vendor/quantize_impl.cuh:172: ERROR: CUDA kernel quantize_mmq_nvfp4_worker has no device code compatible with CUDA arch 900. ggml-cuda.cu was compiled for: 900
/workspace/atlas-rental/src/atlas/kernels/hopper/qwen3.6-27b/nvfp4/q4k_vendor/quantize_impl.cuh:172: ERROR: CUDA kernel quantize_mmq_nvfp4_worker has no device code compatible with CUDA arch 900. ggml-cuda.cu was compiled for: 900
/workspace/atlas-rental/src/atlas/kernels/hopper/qwen3.6-27b/nvfp4/q4k_vendor/quantize_impl.cuh:172: ERROR: CUDA kernel quantize_mmq_nvfp4_worker has no device code compatible with CUDA arch 900. ggml-cuda.cu was compiled for: 900
/workspace/atlas-rental/src/atlas/kernels/hopper/qwen3.6-27b/nvfp4/q4k_vendor/quantize_impl.cuh:172: ERROR: CUDA kernel quantize_mmq_nvfp4_worker has no device code compatible with CUDA arch 900. ggml-cuda.cu was compiled for: 900
/workspace/atlas-rental/src/atlas/kernels/hopper/qwen3.6-27b/nvfp4/q4k_vendor/quantize_impl.cuh:172: ERROR: CUDA kernel quantize_mmq_nvfp4_worker has no device code compatible with CUDA arch 900. ggml-cuda.cu was compiled for: 900
/workspace/atlas-rental/src/atlas/kernels/hopper/qwen3.6-27b/nvfp4/q4k_vendor/quantize_impl.cuh:172: ERROR: CUDA kernel quantize_mmq_nvfp4_worker has no device code compatible with CUDA arch 900. ggml-cuda.cu was compiled for: 900
/workspace/atlas-rental/src/atlas/kernels/hopper/qwen3.6-27b/nvfp4/q4k_vendor/quantize_impl.cuh:172: ERROR: CUDA kernel quantize_mmq_nvfp4_worker has no device code compatible with CUDA arch 900. ggml-cuda.cu was compiled for: 900
/workspace/atlas-rental/src/atlas/kernels/hopper/qwen3.6-27b/nvfp4/q4k_vendor/quantize_impl.cuh:172: ERROR: CUDA kernel quantize_mmq_nvfp4_worker has no device code compatible with CUDA arch 900. ggml-cuda.cu was compiled for: 900
/workspace/atlas-rental/src/atlas/kernels/hopper/qwen3.6-27b/nvfp4/q4k_vendor/quantize_impl.cuh:172: ERROR: CUDA kernel quantize_mmq_nvfp4_worker has no device code compatible with CUDA arch 900. ggml-cuda.cu was compiled for: 900
/workspace/atlas-rental/src/atlas/kernels/hopper/qwen3.6-27b/nvfp4/q4k_vendor/quantize_impl.cuh:172: ERROR: CUDA kernel quantize_mmq_nvfp4_worker has no device code compatible with CUDA arch 900. ggml-cuda.cu was compiled for: 900
/workspace/atlas-rental/src/atlas/kernels/hopper/qwen3.6-27b/nvfp4/q4k_vendor/quantize_impl.cuh:172: ERROR: CUDA kernel quantize_mmq_nvfp4_worker has no device code compatible with CUDA arch 900. ggml-cuda.cu was compiled for: 900
/workspace/atlas-rental/src/atlas/kernels/hopper/qwen3.6-27b/nvfp4/q4k_vendor/quantize_impl.cuh:172: ERROR: CUDA kernel quantize_mmq_nvfp4_worker has no device code compatible with CUDA arch 900. ggml-cuda.cu was compiled for: 900
/workspace/atlas-rental/src/atlas/kernels/hopper/qwen3.6-27b/nvfp4/q4k_vendor/quantize_impl.cuh:172: ERROR: CUDA kernel quantize_mmq_nvfp4_worker has no device code compatible with CUDA arch 900. ggml-cuda.cu was compiled for: 900
/workspace/atlas-rental/src/atlas/kernels/hopper/qwen3.6-27b/nvfp4/q4k_vendor/quantize_impl.cuh:172: ERROR: CUDA kernel quantize_mmq_nvfp4_worker has no device code compatible with CUDA arch 900. ggml-cuda.cu was compiled for: 900
/workspace/atlas-rental/src/atlas/kernels/hopper/qwen3.6-27b/nvfp4/q4k_vendor/quantize_impl.cuh:172: ERROR: CUDA kernel quantize_mmq_nvfp4_worker has no device code compatible with CUDA arch 900. ggml-cuda.cu was compiled for: 900
/workspace/atlas-rental/src/atlas/kernels/hopper/qwen3.6-27b/nvfp4/q4k_vendor/quantize_impl.cuh:172: ERROR: CUDA kernel quantize_mmq_nvfp4_worker has no device code compatible with CUDA arch 900. ggml-cuda.cu was compiled for: 900
/workspace/atlas-rental/src/atlas/kernels/hopper/qwen3.6-27b/nvfp4/q4k_vendor/quantize_impl.cuh:172: ERROR: CUDA kernel quantize_mmq_nvfp4_worker has no device code compatible with CUDA arch 900. ggml-cuda.cu was compiled for: 900
/workspace/atlas-rental/src/atlas/kernels/hopper/qwen3.6-27b/nvfp4/q4k_vendor/quantize_impl.cuh:172: ERROR: CUDA kernel quantize_mmq_nvfp4_worker has no device code compatible with CUDA arch 900. ggml-cuda.cu was compiled for: 900
/workspace/atlas-rental/src/atlas/kernels/hopper/qwen3.6-27b/nvfp4/q4k_vendor/quantize_impl.cuh:172: ERROR: CUDA kernel quantize_mmq_nvfp4_worker has no device code compatible with CUDA arch 900. ggml-cuda.cu was compiled for: 900
/workspace/atlas-rental/src/atlas/kernels/hopper/qwen3.6-27b/nvfp4/q4k_vendor/quantize_impl.cuh:172: ERROR: CUDA kernel quantize_mmq_nvfp4_worker has no device code compatible with CUDA arch 900. ggml-cuda.cu was compiled for: 900
/workspace/atlas-rental/src/atlas/kernels/hopper/qwen3.6-27b/nvfp4/q4k_vendor/quantize_impl.cuh:172: ERROR: CUDA kernel quantize_mmq_nvfp4_worker has no device code compatible with CUDA arch 900. ggml-cuda.cu was compiled for: 900
/workspace/atlas-rental/src/atlas/kernels/hopper/qwen3.6-27b/nvfp4/q4k_vendor/quantize_impl.cuh:172: ERROR: CUDA kernel quantize_mmq_nvfp4_worker has no device code compatible with CUDA arch 900. ggml-cuda.cu was compiled for: 900
/workspace/atlas-rental/src/atlas/kernels/hopper/qwen3.6-27b/nvfp4/q4k_vendor/quantize_impl.cuh:172: ERROR: CUDA kernel quantize_mmq_nvfp4_worker has no device code compatible with CUDA arch 900. ggml-cuda.cu was compiled for: 900
/workspace/atlas-rental/src/atlas/kernels/hopper/qwen3.6-27b/nvfp4/q4k_vendor/quantize_impl.cuh:172: ERROR: CUDA kernel quantize_mmq_nvfp4_worker has no device code compatible with CUDA arch 900. ggml-cuda.cu was compiled for: 900
/workspace/atlas-rental/src/atlas/kernels/hopper/qwen3.6-27b/nvfp4/q4k_vendor/quantize_impl.cuh:172: ERROR: CUDA kernel quantize_mmq_nvfp4_worker has no device code compatible with CUDA arch 900. ggml-cuda.cu was compiled for: 900
/workspace/atlas-rental/src/atlas/kernels/hopper/qwen3.6-27b/nvfp4/q4k_vendor/quantize_impl.cuh:172: ERROR: CUDA kernel quantize_mmq_nvfp4_worker has no device code compatible with CUDA arch 900. ggml-cuda.cu was compiled for: 900
/workspace/atlas-rental/src/atlas/kernels/hopper/qwen3.6-27b/nvfp4/q4k_vendor/quantize_impl.cuh:172: ERROR: CUDA kernel quantize_mmq_nvfp4_worker has no device code compatible with CUDA arch 900. ggml-cuda.cu was compiled for: 900
/workspace/atlas-rental/src/atlas/kernels/hopper/qwen3.6-27b/nvfp4/q4k_vendor/quantize_impl.cuh:172: ERROR: CUDA kernel quantize_mmq_nvfp4_worker has no device code compatible with CUDA arch 900. ggml-cuda.cu was compiled for: 900
/workspace/atlas-rental/src/atlas/kernels/hopper/qwen3.6-27b/nvfp4/q4k_vendor/quantize_impl.cuh:172: ERROR: CUDA kernel quantize_mmq_nvfp4_worker has no device code compatible with CUDA arch 900. ggml-cuda.cu was compiled for: 900
/workspace/atlas-rental/src/atlas/kernels/hopper/qwen3.6-27b/nvfp4/q4k_vendor/quantize_impl.cuh:172: ERROR: CUDA kernel quantize_mmq_nvfp4_worker has no device code compatible with CUDA arch 900. ggml-cuda.cu was compiled for: 900
/workspace/atlas-rental/src/atlas/kernels/hopper/qwen3.6-27b/nvfp4/q4k_vendor/quantize_impl.cuh:172: ERROR: CUDA kernel quantize_mmq_nvfp4_worker has no device code compatible with CUDA arch 900. ggml-cuda.cu was compiled for: 900
/workspace/atlas-rental/src/atlas/kernels/hopper/qwen3.6-27b/nvfp4/q4k_vendor/quantize_impl.cuh:172: ERROR: CUDA kernel quantize_mmq_nvfp4_worker has no device code compatible with CUDA arch 900. ggml-cuda.cu was compiled for: 900
/workspace/atlas-rental/src/atlas/kernels/hopper/qwen3.6-27b/nvfp4/q4k_vendor/quantize_impl.cuh:172: ERROR: CUDA kernel quantize_mmq_nvfp4_worker has no device code compatible with CUDA arch 900. ggml-cuda.cu was compiled for: 900
/workspace/atlas-rental/src/atlas/kernels/hopper/qwen3.6-27b/nvfp4/q4k_vendor/quantize_impl.cuh:172: ERROR: CUDA kernel quantize_mmq_nvfp4_worker has no device code compatible with CUDA arch 900. ggml-cuda.cu was compiled for: 900
/workspace/atlas-rental/src/atlas/kernels/hopper/qwen3.6-27b/nvfp4/q4k_vendor/quantize_impl.cuh:172: ERROR: CUDA kernel quantize_mmq_nvfp4_worker has no device code compatible with CUDA arch 900. ggml-cuda.cu was compiled for: 900
/workspace/atlas-rental/src/atlas/kernels/hopper/qwen3.6-27b/nvfp4/q4k_vendor/quantize_impl.cuh:172: ERROR: CUDA kernel quantize_mmq_nvfp4_worker has no device code compatible with CUDA arch 900. ggml-cuda.cu was compiled for: 900
/workspace/atlas-rental/src/atlas/kernels/hopper/qwen3.6-27b/nvfp4/q4k_vendor/quantize_impl.cuh:172: ERROR: CUDA kernel quantize_mmq_nvfp4_worker has no device code compatible with CUDA arch 900. ggml-cuda.cu was compiled for: 900
/workspace/atlas-rental/src/atlas/kernels/hopper/qwen3.6-27b/nvfp4/q4k_vendor/quantize_impl.cuh:172: ERROR: CUDA kernel quantize_mmq_nvfp4_worker has no device code compatible with CUDA arch 900. ggml-cuda.cu was compiled for: 900
/workspace/atlas-rental/src/atlas/kernels/hopper/qwen3.6-27b/nvfp4/q4k_vendor/quantize_impl.cuh:172: ERROR: CUDA kernel quantize_mmq_nvfp4_worker has no device code compatible with CUDA arch 900. ggml-cuda.cu was compiled for: 900
/workspace/atlas-rental/src/atlas/kernels/hopper/qwen3.6-27b/nvfp4/q4k_vendor/quantize_impl.cuh:172: ERROR: CUDA kernel quantize_mmq_nvfp4_worker has no device code compatible with CUDA arch 900. ggml-cuda.cu was compiled for: 900
/workspace/atlas-rental/src/atlas/kernels/hopper/qwen3.6-27b/nvfp4/q4k_vendor/quantize_impl.cuh:172: ERROR: CUDA kernel quantize_mmq_nvfp4_worker has no device code compatible with CUDA arch 900. ggml-cuda.cu was compiled for: 900
/workspace/atlas-rental/src/atlas/kernels/hopper/qwen3.6-27b/nvfp4/q4k_vendor/quantize_impl.cuh:172: ERROR: CUDA kernel quantize_mmq_nvfp4_worker has no device code compatible with CUDA arch 900. ggml-cuda.cu was compiled for: 900
/workspace/atlas-rental/src/atlas/kernels/hopper/qwen3.6-27b/nvfp4/q4k_vendor/quantize_impl.cuh:172: ERROR: CUDA kernel quantize_mmq_nvfp4_worker has no device code compatible with CUDA arch 900. ggml-cuda.cu was compiled for: 900
/workspace/atlas-rental/src/atlas/kernels/hopper/qwen3.6-27b/nvfp4/q4k_vendor/quantize_impl.cuh:172: ERROR: CUDA kernel quantize_mmq_nvfp4_worker has no device code compatible with CUDA arch 900. ggml-cuda.cu was compiled for: 900
/workspace/atlas-rental/src/atlas/kernels/hopper/qwen3.6-27b/nvfp4/q4k_vendor/quantize_impl.cuh:172: ERROR: CUDA kernel quantize_mmq_nvfp4_worker has no device code compatible with CUDA arch 900. ggml-cuda.cu was compiled for: 900
/workspace/atlas-rental/src/atlas/kernels/hopper/qwen3.6-27b/nvfp4/q4k_vendor/quantize_impl.cuh:172: ERROR: CUDA kernel quantize_mmq_nvfp4_worker has no device code compatible with CUDA arch 900. ggml-cuda.cu was compiled for: 900
/workspace/atlas-rental/src/atlas/kernels/hopper/qwen3.6-27b/nvfp4/q4k_vendor/quantize_impl.cuh:172: ERROR: CUDA kernel quantize_mmq_nvfp4_worker has no device code compatible with CUDA arch 900. ggml-cuda.cu was compiled for: 900
/workspace/atlas-rental/src/atlas/kernels/hopper/qwen3.6-27b/nvfp4/q4k_vendor/quantize_impl.cuh:172: ERROR: CUDA kernel quantize_mmq_nvfp4_worker has no device code compatible with CUDA arch 900. ggml-cuda.cu was compiled for: 900
/workspace/atlas-rental/src/atlas/kernels/hopper/qwen3.6-27b/nvfp4/q4k_vendor/quantize_impl.cuh:172: ERROR: CUDA kernel quantize_mmq_nvfp4_worker has no device code compatible with CUDA arch 900. ggml-cuda.cu was compiled for: 900
/workspace/atlas-rental/src/atlas/kernels/hopper/qwen3.6-27b/nvfp4/q4k_vendor/quantize_impl.cuh:172: ERROR: CUDA kernel quantize_mmq_nvfp4_worker has no device code compatible with CUDA arch 900. ggml-cuda.cu was compiled for: 900
/workspace/atlas-rental/src/atlas/kernels/hopper/qwen3.6-27b/nvfp4/q4k_vendor/quantize_impl.cuh:172: ERROR: CUDA kernel quantize_mmq_nvfp4_worker has no device code compatible with CUDA arch 900. ggml-cuda.cu was compiled for: 900
/workspace/atlas-rental/src/atlas/kernels/hopper/qwen3.6-27b/nvfp4/q4k_vendor/quantize_impl.cuh:172: ERROR: CUDA kernel quantize_mmq_nvfp4_worker has no device code compatible with CUDA arch 900. ggml-cuda.cu was compiled for: 900
/workspace/atlas-rental/src/atlas/kernels/hopper/qwen3.6-27b/nvfp4/q4k_vendor/quantize_impl.cuh:172: ERROR: CUDA kernel quantize_mmq_nvfp4_worker has no device code compatible with CUDA arch 900. ggml-cuda.cu was compiled for: 900
/workspace/atlas-rental/src/atlas/kernels/hopper/qwen3.6-27b/nvfp4/q4k_vendor/quantize_impl.cuh:172: ERROR: CUDA kernel quantize_mmq_nvfp4_worker has no device code compatible with CUDA arch 900. ggml-cuda.cu was compiled for: 900
/workspace/atlas-rental/src/atlas/kernels/hopper/qwen3.6-27b/nvfp4/q4k_vendor/quantize_impl.cuh:172: ERROR: CUDA kernel quantize_mmq_nvfp4_worker has no device code compatible with CUDA arch 900. ggml-cuda.cu was compiled for: 900
/workspace/atlas-rental/src/atlas/kernels/hopper/qwen3.6-27b/nvfp4/q4k_vendor/quantize_impl.cuh:172: ERROR: CUDA kernel quantize_mmq_nvfp4_worker has no device code compatible with CUDA arch 900. ggml-cuda.cu was compiled for: 900
/workspace/atlas-rental/src/atlas/kernels/hopper/qwen3.6-27b/nvfp4/q4k_vendor/quantize_impl.cuh:172: ERROR: CUDA kernel quantize_mmq_nvfp4_worker has no device code compatible with CUDA arch 900. ggml-cuda.cu was compiled for: 900
/workspace/atlas-rental/src/atlas/kernels/hopper/qwen3.6-27b/nvfp4/q4k_vendor/quantize_impl.cuh:172: ERROR: CUDA kernel quantize_mmq_nvfp4_worker has no device code compatible with CUDA arch 900. ggml-cuda.cu was compiled for: 900
/workspace/atlas-rental/src/atlas/kernels/hopper/qwen3.6-27b/nvfp4/q4k_vendor/quantize_impl.cuh:172: ERROR: CUDA kernel quantize_mmq_nvfp4_worker has no device code compatible with CUDA arch 900. ggml-cuda.cu was compiled for: 900
/workspace/atlas-rental/src/atlas/kernels/hopper/qwen3.6-27b/nvfp4/q4k_vendor/quantize_impl.cuh:172: ERROR: CUDA kernel quantize_mmq_nvfp4_worker has no device code compatible with CUDA arch 900. ggml-cuda.cu was compiled for: 900
/workspace/atlas-rental/src/atlas/kernels/hopper/qwen3.6-27b/nvfp4/q4k_vendor/quantize_impl.cuh:172: ERROR: CUDA kernel quantize_mmq_nvfp4_worker has no device code compatible with CUDA arch 900. ggml-cuda.cu was compiled for: 900
/workspace/atlas-rental/src/atlas/kernels/hopper/qwen3.6-27b/nvfp4/q4k_vendor/quantize_impl.cuh:172: ERROR: CUDA kernel quantize_mmq_nvfp4_worker has no device code compatible with CUDA arch 900. ggml-cuda.cu was compiled for: 900
/workspace/atlas-rental/src/atlas/kernels/hopper/qwen3.6-27b/nvfp4/q4k_vendor/quantize_impl.cuh:172: ERROR: CUDA kernel quantize_mmq_nvfp4_worker has no device code compatible with CUDA arch 900. ggml-cuda.cu was compiled for: 900
/workspace/atlas-rental/src/atlas/kernels/hopper/qwen3.6-27b/nvfp4/q4k_vendor/quantize_impl.cuh:172: ERROR: CUDA kernel quantize_mmq_nvfp4_worker has no device code compatible with CUDA arch 900. ggml-cuda.cu was compiled for: 900
/workspace/atlas-rental/src/atlas/kernels/hopper/qwen3.6-27b/nvfp4/q4k_vendor/quantize_impl.cuh:172: ERROR: CUDA kernel quantize_mmq_nvfp4_worker has no device code compatible with CUDA arch 900. ggml-cuda.cu was compiled for: 900
/workspace/atlas-rental/src/atlas/kernels/hopper/qwen3.6-27b/nvfp4/q4k_vendor/quantize_impl.cuh:172: ERROR: CUDA kernel quantize_mmq_nvfp4_worker has no device code compatible with CUDA arch 900. ggml-cuda.cu was compiled for: 900
/workspace/atlas-rental/src/atlas/kernels/hopper/qwen3.6-27b/nvfp4/q4k_vendor/quantize_impl.cuh:172: ERROR: CUDA kernel quantize_mmq_nvfp4_worker has no device code compatible with CUDA arch 900. ggml-cuda.cu was compiled for: 900
/workspace/atlas-rental/src/atlas/kernels/hopper/qwen3.6-27b/nvfp4/q4k_vendor/quantize_impl.cuh:172: ERROR: CUDA kernel quantize_mmq_nvfp4_worker has no device code compatible with CUDA arch 900. ggml-cuda.cu was compiled for: 900
/workspace/atlas-rental/src/atlas/kernels/hopper/qwen3.6-27b/nvfp4/q4k_vendor/quantize_impl.cuh:172: ERROR: CUDA kernel quantize_mmq_nvfp4_worker has no device code compatible with CUDA arch 900. ggml-cuda.cu was compiled for: 900
/workspace/atlas-rental/src/atlas/kernels/hopper/qwen3.6-27b/nvfp4/q4k_vendor/quantize_impl.cuh:172: ERROR: CUDA kernel quantize_mmq_nvfp4_worker has no device code compatible with CUDA arch 900. ggml-cuda.cu was compiled for: 900
/workspace/atlas-rental/src/atlas/kernels/hopper/qwen3.6-27b/nvfp4/q4k_vendor/quantize_impl.cuh:172: ERROR: CUDA kernel quantize_mmq_nvfp4_worker has no device code compatible with CUDA arch 900. ggml-cuda.cu was compiled for: 900
/workspace/atlas-rental/src/atlas/kernels/hopper/qwen3.6-27b/nvfp4/q4k_vendor/quantize_impl.cuh:172: ERROR: CUDA kernel quantize_mmq_nvfp4_worker has no device code compatible with CUDA arch 900. ggml-cuda.cu was compiled for: 900
/workspace/atlas-rental/src/atlas/kernels/hopper/qwen3.6-27b/nvfp4/q4k_vendor/quantize_impl.cuh:172: ERROR: CUDA kernel quantize_mmq_nvfp4_worker has no device code compatible with CUDA arch 900. ggml-cuda.cu was compiled for: 900
/workspace/atlas-rental/src/atlas/kernels/hopper/qwen3.6-27b/nvfp4/q4k_vendor/quantize_impl.cuh:172: ERROR: CUDA kernel quantize_mmq_nvfp4_worker has no device code compatible with CUDA arch 900. ggml-cuda.cu was compiled for: 900
/workspace/atlas-rental/src/atlas/kernels/hopper/qwen3.6-27b/nvfp4/q4k_vendor/quantize_impl.cuh:172: ERROR: CUDA kernel quantize_mmq_nvfp4_worker has no device code compatible with CUDA arch 900. ggml-cuda.cu was compiled for: 900
/workspace/atlas-rental/src/atlas/kernels/hopper/qwen3.6-27b/nvfp4/q4k_vendor/quantize_impl.cuh:172: ERROR: CUDA kernel quantize_mmq_nvfp4_worker has no device code compatible with CUDA arch 900. ggml-cuda.cu was compiled for: 900
/workspace/atlas-rental/src/atlas/kernels/hopper/qwen3.6-27b/nvfp4/q4k_vendor/quantize_impl.cuh:172: ERROR: CUDA kernel quantize_mmq_nvfp4_worker has no device code compatible with CUDA arch 900. ggml-cuda.cu was compiled for: 900
/workspace/atlas-rental/src/atlas/kernels/hopper/qwen3.6-27b/nvfp4/q4k_vendor/quantize_impl.cuh:172: ERROR: CUDA kernel quantize_mmq_nvfp4_worker has no device code compatible with CUDA arch 900. ggml-cuda.cu was compiled for: 900
/workspace/atlas-rental/src/atlas/kernels/hopper/qwen3.6-27b/nvfp4/q4k_vendor/quantize_impl.cuh:172: ERROR: CUDA kernel quantize_mmq_nvfp4_worker has no device code compatible with CUDA arch 900. ggml-cuda.cu was compiled for: 900
/workspace/atlas-rental/src/atlas/kernels/hopper/qwen3.6-27b/nvfp4/q4k_vendor/quantize_impl.cuh:172: ERROR: CUDA kernel quantize_mmq_nvfp4_worker has no device code compatible with CUDA arch 900. ggml-cuda.cu was compiled for: 900
/workspace/atlas-rental/src/atlas/kernels/hopper/qwen3.6-27b/nvfp4/q4k_vendor/quantize_impl.cuh:172: ERROR: CUDA kernel quantize_mmq_nvfp4_worker has no device code compatible with CUDA arch 900. ggml-cuda.cu was compiled for: 900
/workspace/atlas-rental/src/atlas/kernels/hopper/qwen3.6-27b/nvfp4/q4k_vendor/quantize_impl.cuh:172: ERROR: CUDA kernel quantize_mmq_nvfp4_worker has no device code compatible with CUDA arch 900. ggml-cuda.cu was compiled for: 900
/workspace/atlas-rental/src/atlas/kernels/hopper/qwen3.6-27b/nvfp4/q4k_vendor/quantize_impl.cuh:172: ERROR: CUDA kernel quantize_mmq_nvfp4_worker has no device code compatible with CUDA arch 900. ggml-cuda.cu was compiled for: 900
/workspace/atlas-rental/src/atlas/kernels/hopper/qwen3.6-27b/nvfp4/q4k_vendor/quantize_impl.cuh:172: ERROR: CUDA kernel quantize_mmq_nvfp4_worker has no device code compatible with CUDA arch 900. ggml-cuda.cu was compiled for: 900
/workspace/atlas-rental/src/atlas/kernels/hopper/qwen3.6-27b/nvfp4/q4k_vendor/quantize_impl.cuh:172: ERROR: CUDA kernel quantize_mmq_nvfp4_worker has no device code compatible with CUDA arch 900. ggml-cuda.cu was compiled for: 900
/workspace/atlas-rental/src/atlas/kernels/hopper/qwen3.6-27b/nvfp4/q4k_vendor/quantize_impl.cuh:172: ERROR: CUDA kernel quantize_mmq_nvfp4_worker has no device code compatible with CUDA arch 900. ggml-cuda.cu was compiled for: 900
/workspace/atlas-rental/src/atlas/kernels/hopper/qwen3.6-27b/nvfp4/q4k_vendor/quantize_impl.cuh:172: ERROR: CUDA kernel quantize_mmq_nvfp4_worker has no device code compatible with CUDA arch 900. ggml-cuda.cu was compiled for: 900
/workspace/atlas-rental/src/atlas/kernels/hopper/qwen3.6-27b/nvfp4/q4k_vendor/quantize_impl.cuh:172: ERROR: CUDA kernel quantize_mmq_nvfp4_worker has no device code compatible with CUDA arch 900. ggml-cuda.cu was compiled for: 900
/workspace/atlas-rental/src/atlas/kernels/hopper/qwen3.6-27b/nvfp4/q4k_vendor/quantize_impl.cuh:172: ERROR: CUDA kernel quantize_mmq_nvfp4_worker has no device code compatible with CUDA arch 900. ggml-cuda.cu was compiled for: 900
/workspace/atlas-rental/src/atlas/kernels/hopper/qwen3.6-27b/nvfp4/q4k_vendor/quantize_impl.cuh:172: ERROR: CUDA kernel quantize_mmq_nvfp4_worker has no device code compatible with CUDA arch 900. ggml-cuda.cu was compiled for: 900
/workspace/atlas-rental/src/atlas/kernels/hopper/qwen3.6-27b/nvfp4/q4k_vendor/quantize_impl.cuh:172: ERROR: CUDA kernel quantize_mmq_nvfp4_worker has no device code compatible with CUDA arch 900. ggml-cuda.cu was compiled for: 900
/workspace/atlas-rental/src/atlas/kernels/hopper/qwen3.6-27b/nvfp4/q4k_vendor/quantize_impl.cuh:172: ERROR: CUDA kernel quantize_mmq_nvfp4_worker has no device code compatible with CUDA arch 900. ggml-cuda.cu was compiled for: 900
/workspace/atlas-rental/src/atlas/kernels/hopper/qwen3.6-27b/nvfp4/q4k_vendor/quantize_impl.cuh:172: ERROR: CUDA kernel quantize_mmq_nvfp4_worker has no device code compatible with CUDA arch 900. ggml-cuda.cu was compiled for: 900
/workspace/atlas-rental/src/atlas/kernels/hopper/qwen3.6-27b/nvfp4/q4k_vendor/quantize_impl.cuh:172: ERROR: CUDA kernel quantize_mmq_nvfp4_worker has no device code compatible with CUDA arch 900. ggml-cuda.cu was compiled for: 900
/workspace/atlas-rental/src/atlas/kernels/hopper/qwen3.6-27b/nvfp4/q4k_vendor/quantize_impl.cuh:172: ERROR: CUDA kernel quantize_mmq_nvfp4_worker has no device code compatible with CUDA arch 900. ggml-cuda.cu was compiled for: 900
/workspace/atlas-rental/src/atlas/kernels/hopper/qwen3.6-27b/nvfp4/q4k_vendor/quantize_impl.cuh:172: ERROR: CUDA kernel quantize_mmq_nvfp4_worker has no device code compatible with CUDA arch 900. ggml-cuda.cu was compiled for: 900
/workspace/atlas-rental/src/atlas/kernels/hopper/qwen3.6-27b/nvfp4/q4k_vendor/quantize_impl.cuh:172: ERROR: CUDA kernel quantize_mmq_nvfp4_worker has no device code compatible with CUDA arch 900. ggml-cuda.cu was compiled for: 900
/workspace/atlas-rental/src/atlas/kernels/hopper/qwen3.6-27b/nvfp4/q4k_vendor/quantize_impl.cuh:172: ERROR: CUDA kernel quantize_mmq_nvfp4_worker has no device code compatible with CUDA arch 900. ggml-cuda.cu was compiled for: 900
/workspace/atlas-rental/src/atlas/kernels/hopper/qwen3.6-27b/nvfp4/q4k_vendor/quantize_impl.cuh:172: ERROR: CUDA kernel quantize_mmq_nvfp4_worker has no device code compatible with CUDA arch 900. ggml-cuda.cu was compiled for: 900
/workspace/atlas-rental/src/atlas/kernels/hopper/qwen3.6-27b/nvfp4/q4k_vendor/quantize_impl.cuh:172: ERROR: CUDA kernel quantize_mmq_nvfp4_worker has no device code compatible with CUDA arch 900. ggml-cuda.cu was compiled for: 900
/workspace/atlas-rental/src/atlas/kernels/hopper/qwen3.6-27b/nvfp4/q4k_vendor/quantize_impl.cuh:172: ERROR: CUDA kernel quantize_mmq_nvfp4_worker has no device code compatible with CUDA arch 900. ggml-cuda.cu was compiled for: 900
/workspace/atlas-rental/src/atlas/kernels/hopper/qwen3.6-27b/nvfp4/q4k_vendor/quantize_impl.cuh:172: ERROR: CUDA kernel quantize_mmq_nvfp4_worker has no device code compatible with CUDA arch 900. ggml-cuda.cu was compiled for: 900
/workspace/atlas-rental/src/atlas/kernels/hopper/qwen3.6-27b/nvfp4/q4k_vendor/quantize_impl.cuh:172: ERROR: CUDA kernel quantize_mmq_nvfp4_worker has no device code compatible with CUDA arch 900. ggml-cuda.cu was compiled for: 900
/workspace/atlas-rental/src/atlas/kernels/hopper/qwen3.6-27b/nvfp4/q4k_vendor/quantize_impl.cuh:172: ERROR: CUDA kernel quantize_mmq_nvfp4_worker has no device code compatible with CUDA arch 900. ggml-cuda.cu was compiled for: 900
/workspace/atlas-rental/src/atlas/kernels/hopper/qwen3.6-27b/nvfp4/q4k_vendor/quantize_impl.cuh:172: ERROR: CUDA kernel quantize_mmq_nvfp4_worker has no device code compatible with CUDA arch 900. ggml-cuda.cu was compiled for: 900
/workspace/atlas-rental/src/atlas/kernels/hopper/qwen3.6-27b/nvfp4/q4k_vendor/quantize_impl.cuh:172: ERROR: CUDA kernel quantize_mmq_nvfp4_worker has no device code compatible with CUDA arch 900. ggml-cuda.cu was compiled for: 900
/workspace/atlas-rental/src/atlas/kernels/hopper/qwen3.6-27b/nvfp4/q4k_vendor/quantize_impl.cuh:172: ERROR: CUDA kernel quantize_mmq_nvfp4_worker has no device code compatible with CUDA arch 900. ggml-cuda.cu was compiled for: 900
/workspace/atlas-rental/src/atlas/kernels/hopper/qwen3.6-27b/nvfp4/q4k_vendor/quantize_impl.cuh:172: ERROR: CUDA kernel quantize_mmq_nvfp4_worker has no device code compatible with CUDA arch 900. ggml-cuda.cu was compiled for: 900
/workspace/atlas-rental/src/atlas/kernels/hopper/qwen3.6-27b/nvfp4/q4k_vendor/quantize_impl.cuh:172: ERROR: CUDA kernel quantize_mmq_nvfp4_worker has no device code compatible with CUDA arch 900. ggml-cuda.cu was compiled for: 900
/workspace/atlas-rental/src/atlas/kernels/hopper/qwen3.6-27b/nvfp4/q4k_vendor/quantize_impl.cuh:172: ERROR: CUDA kernel quantize_mmq_nvfp4_worker has no device code compatible with CUDA arch 900. ggml-cuda.cu was compiled for: 900
/workspace/atlas-rental/src/atlas/kernels/hopper/qwen3.6-27b/nvfp4/q4k_vendor/quantize_impl.cuh:172: ERROR: CUDA kernel quantize_mmq_nvfp4_worker has no device code compatible with CUDA arch 900. ggml-cuda.cu was compiled for: 900
/workspace/atlas-rental/src/atlas/kernels/hopper/qwen3.6-27b/nvfp4/q4k_vendor/quantize_impl.cuh:172: ERROR: CUDA kernel quantize_mmq_nvfp4_worker has no device code compatible with CUDA arch 900. ggml-cuda.cu was compiled for: 900
/workspace/atlas-rental/src/atlas/kernels/hopper/qwen3.6-27b/nvfp4/q4k_vendor/quantize_impl.cuh:172: ERROR: CUDA kernel quantize_mmq_nvfp4_worker has no device code compatible with CUDA arch 900. ggml-cuda.cu was compiled for: 900
/workspace/atlas-rental/src/atlas/kernels/hopper/qwen3.6-27b/nvfp4/q4k_vendor/quantize_impl.cuh:172: ERROR: CUDA kernel quantize_mmq_nvfp4_worker has no device code compatible with CUDA arch 900. ggml-cuda.cu was compiled for: 900
/workspace/atlas-rental/src/atlas/kernels/hopper/qwen3.6-27b/nvfp4/q4k_vendor/quantize_impl.cuh:172: ERROR: CUDA kernel quantize_mmq_nvfp4_worker has no device code compatible with CUDA arch 900. ggml-cuda.cu was compiled for: 900
/workspace/atlas-rental/src/atlas/kernels/hopper/qwen3.6-27b/nvfp4/q4k_vendor/quantize_impl.cuh:172: ERROR: CUDA kernel quantize_mmq_nvfp4_worker has no device code compatible with CUDA arch 900. ggml-cuda.cu was compiled for: 900
/workspace/atlas-rental/src/atlas/kernels/hopper/qwen3.6-27b/nvfp4/q4k_vendor/quantize_impl.cuh:172: ERROR: CUDA kernel quantize_mmq_nvfp4_worker has no device code compatible with CUDA arch 900. ggml-cuda.cu was compiled for: 900
/workspace/atlas-rental/src/atlas/kernels/hopper/qwen3.6-27b/nvfp4/q4k_vendor/quantize_impl.cuh:172: ERROR: CUDA kernel quantize_mmq_nvfp4_worker has no device code compatible with CUDA arch 900. ggml-cuda.cu was compiled for: 900
/workspace/atlas-rental/src/atlas/kernels/hopper/qwen3.6-27b/nvfp4/q4k_vendor/quantize_impl.cuh:172: ERROR: CUDA kernel quantize_mmq_nvfp4_worker has no device code compatible with CUDA arch 900. ggml-cuda.cu was compiled for: 900
/workspace/atlas-rental/src/atlas/kernels/hopper/qwen3.6-27b/nvfp4/q4k_vendor/quantize_impl.cuh:172: ERROR: CUDA kernel quantize_mmq_nvfp4_worker has no device code compatible with CUDA arch 900. ggml-cuda.cu was compiled for: 900
/workspace/atlas-rental/src/atlas/kernels/hopper/qwen3.6-27b/nvfp4/q4k_vendor/quantize_impl.cuh:172: ERROR: CUDA kernel quantize_mmq_nvfp4_worker has no device code compatible with CUDA arch 900. ggml-cuda.cu was compiled for: 900
/workspace/atlas-rental/src/atlas/kernels/hopper/qwen3.6-27b/nvfp4/q4k_vendor/quantize_impl.cuh:172: ERROR: CUDA kernel quantize_mmq_nvfp4_worker has no device code compatible with CUDA arch 900. ggml-cuda.cu was compiled for: 900
/workspace/atlas-rental/src/atlas/kernels/hopper/qwen3.6-27b/nvfp4/q4k_vendor/quantize_impl.cuh:172: ERROR: CUDA kernel quantize_mmq_nvfp4_worker has no device code compatible with CUDA arch 900. ggml-cuda.cu was compiled for: 900
/workspace/atlas-rental/src/atlas/kernels/hopper/qwen3.6-27b/nvfp4/q4k_vendor/quantize_impl.cuh:172: ERROR: CUDA kernel quantize_mmq_nvfp4_worker has no device code compatible with CUDA arch 900. ggml-cuda.cu was compiled for: 900
/workspace/atlas-rental/src/atlas/kernels/hopper/qwen3.6-27b/nvfp4/q4k_vendor/quantize_impl.cuh:172: ERROR: CUDA kernel quantize_mmq_nvfp4_worker has no device code compatible with CUDA arch 900. ggml-cuda.cu was compiled for: 900
/workspace/atlas-rental/src/atlas/kernels/hopper/qwen3.6-27b/nvfp4/q4k_vendor/quantize_impl.cuh:172: ERROR: CUDA kernel quantize_mmq_nvfp4_worker has no device code compatible with CUDA arch 900. ggml-cuda.cu was compiled for: 900
/workspace/atlas-rental/src/atlas/kernels/hopper/qwen3.6-27b/nvfp4/q4k_vendor/quantize_impl.cuh:172: ERROR: CUDA kernel quantize_mmq_nvfp4_worker has no device code compatible with CUDA arch 900. ggml-cuda.cu was compiled for: 900
/workspace/atlas-rental/src/atlas/kernels/hopper/qwen3.6-27b/nvfp4/q4k_vendor/quantize_impl.cuh:172: ERROR: CUDA kernel quantize_mmq_nvfp4_worker has no device code compatible with CUDA arch 900. ggml-cuda.cu was compiled for: 900
/workspace/atlas-rental/src/atlas/kernels/hopper/qwen3.6-27b/nvfp4/q4k_vendor/quantize_impl.cuh:172: ERROR: CUDA kernel quantize_mmq_nvfp4_worker has no device code compatible with CUDA arch 900. ggml-cuda.cu was compiled for: 900
/workspace/atlas-rental/src/atlas/kernels/hopper/qwen3.6-27b/nvfp4/q4k_vendor/quantize_impl.cuh:172: ERROR: CUDA kernel quantize_mmq_nvfp4_worker has no device code compatible with CUDA arch 900. ggml-cuda.cu was compiled for: 900
/workspace/atlas-rental/src/atlas/kernels/hopper/qwen3.6-27b/nvfp4/q4k_vendor/quantize_impl.cuh:172: ERROR: CUDA kernel quantize_mmq_nvfp4_worker has no device code compatible with CUDA arch 900. ggml-cuda.cu was compiled for: 900
/workspace/atlas-rental/src/atlas/kernels/hopper/qwen3.6-27b/nvfp4/q4k_vendor/quantize_impl.cuh:172: ERROR: CUDA kernel quantize_mmq_nvfp4_worker has no device code compatible with CUDA arch 900. ggml-cuda.cu was compiled for: 900
/workspace/atlas-rental/src/atlas/kernels/hopper/qwen3.6-27b/nvfp4/q4k_vendor/quantize_impl.cuh:172: ERROR: CUDA kernel quantize_mmq_nvfp4_worker has no device code compatible with CUDA arch 900. ggml-cuda.cu was compiled for: 900
/workspace/atlas-rental/src/atlas/kernels/hopper/qwen3.6-27b/nvfp4/q4k_vendor/quantize_impl.cuh:172: ERROR: CUDA kernel quantize_mmq_nvfp4_worker has no device code compatible with CUDA arch 900. ggml-cuda.cu was compiled for: 900
/workspace/atlas-rental/src/atlas/kernels/hopper/qwen3.6-27b/nvfp4/q4k_vendor/quantize_impl.cuh:172: ERROR: CUDA kernel quantize_mmq_nvfp4_worker has no device code compatible with CUDA arch 900. ggml-cuda.cu was compiled for: 900
/workspace/atlas-rental/src/atlas/kernels/hopper/qwen3.6-27b/nvfp4/q4k_vendor/quantize_impl.cuh:172: ERROR: CUDA kernel quantize_mmq_nvfp4_worker has no device code compatible with CUDA arch 900. ggml-cuda.cu was compiled for: 900
/workspace/atlas-rental/src/atlas/kernels/hopper/qwen3.6-27b/nvfp4/q4k_vendor/quantize_impl.cuh:172: ERROR: CUDA kernel quantize_mmq_nvfp4_worker has no device code compatible with CUDA arch 900. ggml-cuda.cu was compiled for: 900
/workspace/atlas-rental/src/atlas/kernels/hopper/qwen3.6-27b/nvfp4/q4k_vendor/quantize_impl.cuh:172: ERROR: CUDA kernel quantize_mmq_nvfp4_worker has no device code compatible with CUDA arch 900. ggml-cuda.cu was compiled for: 900
/workspace/atlas-rental/src/atlas/kernels/hopper/qwen3.6-27b/nvfp4/q4k_vendor/quantize_impl.cuh:172: ERROR: CUDA kernel quantize_mmq_nvfp4_worker has no device code compatible with CUDA arch 900. ggml-cuda.cu was compiled for: 900
/workspace/atlas-rental/src/atlas/kernels/hopper/qwen3.6-27b/nvfp4/q4k_vendor/quantize_impl.cuh:172: ERROR: CUDA kernel quantize_mmq_nvfp4_worker has no device code compatible with CUDA arch 900. ggml-cuda.cu was compiled for: 900
/workspace/atlas-rental/src/atlas/kernels/hopper/qwen3.6-27b/nvfp4/q4k_vendor/quantize_impl.cuh:172: ERROR: CUDA kernel quantize_mmq_nvfp4_worker has no device code compatible with CUDA arch 900. ggml-cuda.cu was compiled for: 900
/workspace/atlas-rental/src/atlas/kernels/hopper/qwen3.6-27b/nvfp4/q4k_vendor/quantize_impl.cuh:172: ERROR: CUDA kernel quantize_mmq_nvfp4_worker has no device code compatible with CUDA arch 900. ggml-cuda.cu was compiled for: 900
/workspace/atlas-rental/src/atlas/kernels/hopper/qwen3.6-27b/nvfp4/q4k_vendor/quantize_impl.cuh:172: ERROR: CUDA kernel quantize_mmq_nvfp4_worker has no device code compatible with CUDA arch 900. ggml-cuda.cu was compiled for: 900
/workspace/atlas-rental/src/atlas/kernels/hopper/qwen3.6-27b/nvfp4/q4k_vendor/quantize_impl.cuh:172: ERROR: CUDA kernel quantize_mmq_nvfp4_worker has no device code compatible with CUDA arch 900. ggml-cuda.cu was compiled for: 900
/workspace/atlas-rental/src/atlas/kernels/hopper/qwen3.6-27b/nvfp4/q4k_vendor/quantize_impl.cuh:172: ERROR: CUDA kernel quantize_mmq_nvfp4_worker has no device code compatible with CUDA arch 900. ggml-cuda.cu was compiled for: 900
/workspace/atlas-rental/src/atlas/kernels/hopper/qwen3.6-27b/nvfp4/q4k_vendor/quantize_impl.cuh:172: ERROR: CUDA kernel quantize_mmq_nvfp4_worker has no device code compatible with CUDA arch 900. ggml-cuda.cu was compiled for: 900
/workspace/atlas-rental/src/atlas/kernels/hopper/qwen3.6-27b/nvfp4/q4k_vendor/quantize_impl.cuh:172: ERROR: CUDA kernel quantize_mmq_nvfp4_worker has no device code compatible with CUDA arch 900. ggml-cuda.cu was compiled for: 900
/workspace/atlas-rental/src/atlas/kernels/hopper/qwen3.6-27b/nvfp4/q4k_vendor/quantize_impl.cuh:172: ERROR: CUDA kernel quantize_mmq_nvfp4_worker has no device code compatible with CUDA arch 900. ggml-cuda.cu was compiled for: 900
/workspace/atlas-rental/src/atlas/kernels/hopper/qwen3.6-27b/nvfp4/q4k_vendor/quantize_impl.cuh:172: ERROR: CUDA kernel quantize_mmq_nvfp4_worker has no device code compatible with CUDA arch 900. ggml-cuda.cu was compiled for: 900
/workspace/atlas-rental/src/atlas/kernels/hopper/qwen3.6-27b/nvfp4/q4k_vendor/quantize_impl.cuh:172: ERROR: CUDA kernel quantize_mmq_nvfp4_worker has no device code compatible with CUDA arch 900. ggml-cuda.cu was compiled for: 900
/workspace/atlas-rental/src/atlas/kernels/hopper/qwen3.6-27b/nvfp4/q4k_vendor/quantize_impl.cuh:172: ERROR: CUDA kernel quantize_mmq_nvfp4_worker has no device code compatible with CUDA arch 900. ggml-cuda.cu was compiled for: 900
/workspace/atlas-rental/src/atlas/kernels/hopper/qwen3.6-27b/nvfp4/q4k_vendor/quantize_impl.cuh:172: ERROR: CUDA kernel quantize_mmq_nvfp4_worker has no device code compatible with CUDA arch 900. ggml-cuda.cu was compiled for: 900
/workspace/atlas-rental/src/atlas/kernels/hopper/qwen3.6-27b/nvfp4/q4k_vendor/quantize_impl.cuh:172: ERROR: CUDA kernel quantize_mmq_nvfp4_worker has no device code compatible with CUDA arch 900. ggml-cuda.cu was compiled for: 900
/workspace/atlas-rental/src/atlas/kernels/hopper/qwen3.6-27b/nvfp4/q4k_vendor/quantize_impl.cuh:172: ERROR: CUDA kernel quantize_mmq_nvfp4_worker has no device code compatible with CUDA arch 900. ggml-cuda.cu was compiled for: 900
/workspace/atlas-rental/src/atlas/kernels/hopper/qwen3.6-27b/nvfp4/q4k_vendor/quantize_impl.cuh:172: ERROR: CUDA kernel quantize_mmq_nvfp4_worker has no device code compatible with CUDA arch 900. ggml-cuda.cu was compiled for: 900
/workspace/atlas-rental/src/atlas/kernels/hopper/qwen3.6-27b/nvfp4/q4k_vendor/quantize_impl.cuh:172: ERROR: CUDA kernel quantize_mmq_nvfp4_worker has no device code compatible with CUDA arch 900. ggml-cuda.cu was compiled for: 900
/workspace/atlas-rental/src/atlas/kernels/hopper/qwen3.6-27b/nvfp4/q4k_vendor/quantize_impl.cuh:172: ERROR: CUDA kernel quantize_mmq_nvfp4_worker has no device code compatible with CUDA arch 900. ggml-cuda.cu was compiled for: 900
/workspace/atlas-rental/src/atlas/kernels/hopper/qwen3.6-27b/nvfp4/q4k_vendor/quantize_impl.cuh:172: ERROR: CUDA kernel quantize_mmq_nvfp4_worker has no device code compatible with CUDA arch 900. ggml-cuda.cu was compiled for: 900
/workspace/atlas-rental/src/atlas/kernels/hopper/qwen3.6-27b/nvfp4/q4k_vendor/quantize_impl.cuh:172: ERROR: CUDA kernel quantize_mmq_nvfp4_worker has no device code compatible with CUDA arch 900. ggml-cuda.cu was compiled for: 900
/workspace/atlas-rental/src/atlas/kernels/hopper/qwen3.6-27b/nvfp4/q4k_vendor/quantize_impl.cuh:172: ERROR: CUDA kernel quantize_mmq_nvfp4_worker has no device code compatible with CUDA arch 900. ggml-cuda.cu was compiled for: 900
/workspace/atlas-rental/src/atlas/kernels/hopper/qwen3.6-27b/nvfp4/q4k_vendor/quantize_impl.cuh:172: ERROR: CUDA kernel quantize_mmq_nvfp4_worker has no device code compatible with CUDA arch 900. ggml-cuda.cu was compiled for: 900
/workspace/atlas-rental/src/atlas/kernels/hopper/qwen3.6-27b/nvfp4/q4k_vendor/quantize_impl.cuh:172: ERROR: CUDA kernel quantize_mmq_nvfp4_worker has no device code compatible with CUDA arch 900. ggml-cuda.cu was compiled for: 900
/workspace/atlas-rental/src/atlas/kernels/hopper/qwen3.6-27b/nvfp4/q4k_vendor/quantize_impl.cuh:172: ERROR: CUDA kernel quantize_mmq_nvfp4_worker has no device code compatible with CUDA arch 900. ggml-cuda.cu was compiled for: 900
/workspace/atlas-rental/src/atlas/kernels/hopper/qwen3.6-27b/nvfp4/q4k_vendor/quantize_impl.cuh:172: ERROR: CUDA kernel quantize_mmq_nvfp4_worker has no device code compatible with CUDA arch 900. ggml-cuda.cu was compiled for: 900
/workspace/atlas-rental/src/atlas/kernels/hopper/qwen3.6-27b/nvfp4/q4k_vendor/quantize_impl.cuh:172: ERROR: CUDA kernel quantize_mmq_nvfp4_worker has no device code compatible with CUDA arch 900. ggml-cuda.cu was compiled for: 900
/workspace/atlas-rental/src/atlas/kernels/hopper/qwen3.6-27b/nvfp4/q4k_vendor/quantize_impl.cuh:172: ERROR: CUDA kernel quantize_mmq_nvfp4_worker has no device code compatible with CUDA arch 900. ggml-cuda.cu was compiled for: 900
/workspace/atlas-rental/src/atlas/kernels/hopper/qwen3.6-27b/nvfp4/q4k_vendor/quantize_impl.cuh:172: ERROR: CUDA kernel quantize_mmq_nvfp4_worker has no device code compatible with CUDA arch 900. ggml-cuda.cu was compiled for: 900
/workspace/atlas-rental/src/atlas/kernels/hopper/qwen3.6-27b/nvfp4/q4k_vendor/quantize_impl.cuh:172: ERROR: CUDA kernel quantize_mmq_nvfp4_worker has no device code compatible with CUDA arch 900. ggml-cuda.cu was compiled for: 900
/workspace/atlas-rental/src/atlas/kernels/hopper/qwen3.6-27b/nvfp4/q4k_vendor/quantize_impl.cuh:172: ERROR: CUDA kernel quantize_mmq_nvfp4_worker has no device code compatible with CUDA arch 900. ggml-cuda.cu was compiled for: 900
/workspace/atlas-rental/src/atlas/kernels/hopper/qwen3.6-27b/nvfp4/q4k_vendor/quantize_impl.cuh:172: ERROR: CUDA kernel quantize_mmq_nvfp4_worker has no device code compatible with CUDA arch 900. ggml-cuda.cu was compiled for: 900
/workspace/atlas-rental/src/atlas/kernels/hopper/qwen3.6-27b/nvfp4/q4k_vendor/quantize_impl.cuh:172: ERROR: CUDA kernel quantize_mmq_nvfp4_worker has no device code compatible with CUDA arch 900. ggml-cuda.cu was compiled for: 900
/workspace/atlas-rental/src/atlas/kernels/hopper/qwen3.6-27b/nvfp4/q4k_vendor/quantize_impl.cuh:172: ERROR: CUDA kernel quantize_mmq_nvfp4_worker has no device code compatible with CUDA arch 900. ggml-cuda.cu was compiled for: 900
/workspace/atlas-rental/src/atlas/kernels/hopper/qwen3.6-27b/nvfp4/q4k_vendor/quantize_impl.cuh:172: ERROR: CUDA kernel quantize_mmq_nvfp4_worker has no device code compatible with CUDA arch 900. ggml-cuda.cu was compiled for: 900
/workspace/atlas-rental/src/atlas/kernels/hopper/qwen3.6-27b/nvfp4/q4k_vendor/quantize_impl.cuh:172: ERROR: CUDA kernel quantize_mmq_nvfp4_worker has no device code compatible with CUDA arch 900. ggml-cuda.cu was compiled for: 900
/workspace/atlas-rental/src/atlas/kernels/hopper/qwen3.6-27b/nvfp4/q4k_vendor/quantize_impl.cuh:172: ERROR: CUDA kernel quantize_mmq_nvfp4_worker has no device code compatible with CUDA arch 900. ggml-cuda.cu was compiled for: 900
/workspace/atlas-rental/src/atlas/kernels/hopper/qwen3.6-27b/nvfp4/q4k_vendor/quantize_impl.cuh:172: ERROR: CUDA kernel quantize_mmq_nvfp4_worker has no device code compatible with CUDA arch 900. ggml-cuda.cu was compiled for: 900
/workspace/atlas-rental/src/atlas/kernels/hopper/qwen3.6-27b/nvfp4/q4k_vendor/quantize_impl.cuh:172: ERROR: CUDA kernel quantize_mmq_nvfp4_worker has no device code compatible with CUDA arch 900. ggml-cuda.cu was compiled for: 900
/workspace/atlas-rental/src/atlas/kernels/hopper/qwen3.6-27b/nvfp4/q4k_vendor/quantize_impl.cuh:172: ERROR: CUDA kernel quantize_mmq_nvfp4_worker has no device code compatible with CUDA arch 900. ggml-cuda.cu was compiled for: 900
/workspace/atlas-rental/src/atlas/kernels/hopper/qwen3.6-27b/nvfp4/q4k_vendor/quantize_impl.cuh:172: ERROR: CUDA kernel quantize_mmq_nvfp4_worker has no device code compatible with CUDA arch 900. ggml-cuda.cu was compiled for: 900
/workspace/atlas-rental/src/atlas/kernels/hopper/qwen3.6-27b/nvfp4/q4k_vendor/quantize_impl.cuh:172: ERROR: CUDA kernel quantize_mmq_nvfp4_worker has no device code compatible with CUDA arch 900. ggml-cuda.cu was compiled for: 900
/workspace/atlas-rental/src/atlas/kernels/hopper/qwen3.6-27b/nvfp4/q4k_vendor/quantize_impl.cuh:172: ERROR: CUDA kernel quantize_mmq_nvfp4_worker has no device code compatible with CUDA arch 900. ggml-cuda.cu was compiled for: 900
/workspace/atlas-rental/src/atlas/kernels/hopper/qwen3.6-27b/nvfp4/q4k_vendor/quantize_impl.cuh:172: ERROR: CUDA kernel quantize_mmq_nvfp4_worker has no device code compatible with CUDA arch 900. ggml-cuda.cu was compiled for: 900
/workspace/atlas-rental/src/atlas/kernels/hopper/qwen3.6-27b/nvfp4/q4k_vendor/quantize_impl.cuh:172: ERROR: CUDA kernel quantize_mmq_nvfp4_worker has no device code compatible with CUDA arch 900. ggml-cuda.cu was compiled for: 900
/workspace/atlas-rental/src/atlas/kernels/hopper/qwen3.6-27b/nvfp4/q4k_vendor/quantize_impl.cuh:172: ERROR: CUDA kernel quantize_mmq_nvfp4_worker has no device code compatible with CUDA arch 900. ggml-cuda.cu was compiled for: 900
/workspace/atlas-rental/src/atlas/kernels/hopper/qwen3.6-27b/nvfp4/q4k_vendor/quantize_impl.cuh:172: ERROR: CUDA kernel quantize_mmq_nvfp4_worker has no device code compatible with CUDA arch 900. ggml-cuda.cu was compiled for: 900
/workspace/atlas-rental/src/atlas/kernels/hopper/qwen3.6-27b/nvfp4/q4k_vendor/quantize_impl.cuh:172: ERROR: CUDA kernel quantize_mmq_nvfp4_worker has no device code compatible with CUDA arch 900. ggml-cuda.cu was compiled for: 900
/workspace/atlas-rental/src/atlas/kernels/hopper/qwen3.6-27b/nvfp4/q4k_vendor/quantize_impl.cuh:172: ERROR: CUDA kernel quantize_mmq_nvfp4_worker has no device code compatible with CUDA arch 900. ggml-cuda.cu was compiled for: 900
/workspace/atlas-rental/src/atlas/kernels/hopper/qwen3.6-27b/nvfp4/q4k_vendor/quantize_impl.cuh:172: ERROR: CUDA kernel quantize_mmq_nvfp4_worker has no device code compatible with CUDA arch 900. ggml-cuda.cu was compiled for: 900
/workspace/atlas-rental/src/atlas/kernels/hopper/qwen3.6-27b/nvfp4/q4k_vendor/quantize_impl.cuh:172: ERROR: CUDA kernel quantize_mmq_nvfp4_worker has no device code compatible with CUDA arch 900. ggml-cuda.cu was compiled for: 900
/workspace/atlas-rental/src/atlas/kernels/hopper/qwen3.6-27b/nvfp4/q4k_vendor/quantize_impl.cuh:172: ERROR: CUDA kernel quantize_mmq_nvfp4_worker has no device code compatible with CUDA arch 900. ggml-cuda.cu was compiled for: 900
/workspace/atlas-rental/src/atlas/kernels/hopper/qwen3.6-27b/nvfp4/q4k_vendor/quantize_impl.cuh:172: ERROR: CUDA kernel quantize_mmq_nvfp4_worker has no device code compatible with CUDA arch 900. ggml-cuda.cu was compiled for: 900
/workspace/atlas-rental/src/atlas/kernels/hopper/qwen3.6-27b/nvfp4/q4k_vendor/quantize_impl.cuh:172: ERROR: CUDA kernel quantize_mmq_nvfp4_worker has no device code compatible with CUDA arch 900. ggml-cuda.cu was compiled for: 900
/workspace/atlas-rental/src/atlas/kernels/hopper/qwen3.6-27b/nvfp4/q4k_vendor/quantize_impl.cuh:172: ERROR: CUDA kernel quantize_mmq_nvfp4_worker has no device code compatible with CUDA arch 900. ggml-cuda.cu was compiled for: 900
/workspace/atlas-rental/src/atlas/kernels/hopper/qwen3.6-27b/nvfp4/q4k_vendor/quantize_impl.cuh:172: ERROR: CUDA kernel quantize_mmq_nvfp4_worker has no device code compatible with CUDA arch 900. ggml-cuda.cu was compiled for: 900
/workspace/atlas-rental/src/atlas/kernels/hopper/qwen3.6-27b/nvfp4/q4k_vendor/quantize_impl.cuh:172: ERROR: CUDA kernel quantize_mmq_nvfp4_worker has no device code compatible with CUDA arch 900. ggml-cuda.cu was compiled for: 900
/workspace/atlas-rental/src/atlas/kernels/hopper/qwen3.6-27b/nvfp4/q4k_vendor/quantize_impl.cuh:172: ERROR: CUDA kernel quantize_mmq_nvfp4_worker has no device code compatible with CUDA arch 900. ggml-cuda.cu was compiled for: 900
/workspace/atlas-rental/src/atlas/kernels/hopper/qwen3.6-27b/nvfp4/q4k_vendor/quantize_impl.cuh:172: ERROR: CUDA kernel quantize_mmq_nvfp4_worker has no device code compatible with CUDA arch 900. ggml-cuda.cu was compiled for: 900
/workspace/atlas-rental/src/atlas/kernels/hopper/qwen3.6-27b/nvfp4/q4k_vendor/quantize_impl.cuh:172: ERROR: CUDA kernel quantize_mmq_nvfp4_worker has no device code compatible with CUDA arch 900. ggml-cuda.cu was compiled for: 900
/workspace/atlas-rental/src/atlas/kernels/hopper/qwen3.6-27b/nvfp4/q4k_vendor/quantize_impl.cuh:172: ERROR: CUDA kernel quantize_mmq_nvfp4_worker has no device code compatible with CUDA arch 900. ggml-cuda.cu was compiled for: 900
/workspace/atlas-rental/src/atlas/kernels/hopper/qwen3.6-27b/nvfp4/q4k_vendor/quantize_impl.cuh:172: ERROR: CUDA kernel quantize_mmq_nvfp4_worker has no device code compatible with CUDA arch 900. ggml-cuda.cu was compiled for: 900
/workspace/atlas-rental/src/atlas/kernels/hopper/qwen3.6-27b/nvfp4/q4k_vendor/quantize_impl.cuh:172: ERROR: CUDA kernel quantize_mmq_nvfp4_worker has no device code compatible with CUDA arch 900. ggml-cuda.cu was compiled for: 900
/workspace/atlas-rental/src/atlas/kernels/hopper/qwen3.6-27b/nvfp4/q4k_vendor/quantize_impl.cuh:172: ERROR: CUDA kernel quantize_mmq_nvfp4_worker has no device code compatible with CUDA arch 900. ggml-cuda.cu was compiled for: 900
/workspace/atlas-rental/src/atlas/kernels/hopper/qwen3.6-27b/nvfp4/q4k_vendor/quantize_impl.cuh:172: ERROR: CUDA kernel quantize_mmq_nvfp4_worker has no device code compatible with CUDA arch 900. ggml-cuda.cu was compiled for: 900
/workspace/atlas-rental/src/atlas/kernels/hopper/qwen3.6-27b/nvfp4/q4k_vendor/quantize_impl.cuh:172: ERROR: CUDA kernel quantize_mmq_nvfp4_worker has no device code compatible with CUDA arch 900. ggml-cuda.cu was compiled for: 900
/workspace/atlas-rental/src/atlas/kernels/hopper/qwen3.6-27b/nvfp4/q4k_vendor/quantize_impl.cuh:172: ERROR: CUDA kernel quantize_mmq_nvfp4_worker has no device code compatible with CUDA arch 900. ggml-cuda.cu was compiled for: 900
/workspace/atlas-rental/src/atlas/kernels/hopper/qwen3.6-27b/nvfp4/q4k_vendor/quantize_impl.cuh:172: ERROR: CUDA kernel quantize_mmq_nvfp4_worker has no device code compatible with CUDA arch 900. ggml-cuda.cu was compiled for: 900
/workspace/atlas-rental/src/atlas/kernels/hopper/qwen3.6-27b/nvfp4/q4k_vendor/quantize_impl.cuh:172: ERROR: CUDA kernel quantize_mmq_nvfp4_worker has no device code compatible with CUDA arch 900. ggml-cuda.cu was compiled for: 900
/workspace/atlas-rental/src/atlas/kernels/hopper/qwen3.6-27b/nvfp4/q4k_vendor/quantize_impl.cuh:172: ERROR: CUDA kernel quantize_mmq_nvfp4_worker has no device code compatible with CUDA arch 900. ggml-cuda.cu was compiled for: 900
/workspace/atlas-rental/src/atlas/kernels/hopper/qwen3.6-27b/nvfp4/q4k_vendor/quantize_impl.cuh:172: ERROR: CUDA kernel quantize_mmq_nvfp4_worker has no device code compatible with CUDA arch 900. ggml-cuda.cu was compiled for: 900
/workspace/atlas-rental/src/atlas/kernels/hopper/qwen3.6-27b/nvfp4/q4k_vendor/quantize_impl.cuh:172: ERROR: CUDA kernel quantize_mmq_nvfp4_worker has no device code compatible with CUDA arch 900. ggml-cuda.cu was compiled for: 900
/workspace/atlas-rental/src/atlas/kernels/hopper/qwen3.6-27b/nvfp4/q4k_vendor/quantize_impl.cuh:172: ERROR: CUDA kernel quantize_mmq_nvfp4_worker has no device code compatible with CUDA arch 900. ggml-cuda.cu was compiled for: 900
/workspace/atlas-rental/src/atlas/kernels/hopper/qwen3.6-27b/nvfp4/q4k_vendor/quantize_impl.cuh:172: ERROR: CUDA kernel quantize_mmq_nvfp4_worker has no device code compatible with CUDA arch 900. ggml-cuda.cu was compiled for: 900
/workspace/atlas-rental/src/atlas/kernels/hopper/qwen3.6-27b/nvfp4/q4k_vendor/quantize_impl.cuh:172: ERROR: CUDA kernel quantize_mmq_nvfp4_worker has no device code compatible with CUDA arch 900. ggml-cuda.cu was compiled for: 900
/workspace/atlas-rental/src/atlas/kernels/hopper/qwen3.6-27b/nvfp4/q4k_vendor/quantize_impl.cuh:172: ERROR: CUDA kernel quantize_mmq_nvfp4_worker has no device code compatible with CUDA arch 900. ggml-cuda.cu was compiled for: 900
/workspace/atlas-rental/src/atlas/kernels/hopper/qwen3.6-27b/nvfp4/q4k_vendor/quantize_impl.cuh:172: ERROR: CUDA kernel quantize_mmq_nvfp4_worker has no device code compatible with CUDA arch 900. ggml-cuda.cu was compiled for: 900
/workspace/atlas-rental/src/atlas/kernels/hopper/qwen3.6-27b/nvfp4/q4k_vendor/quantize_impl.cuh:172: ERROR: CUDA kernel quantize_mmq_nvfp4_worker has no device code compatible with CUDA arch 900. ggml-cuda.cu was compiled for: 900
/workspace/atlas-rental/src/atlas/kernels/hopper/qwen3.6-27b/nvfp4/q4k_vendor/quantize_impl.cuh:172: ERROR: CUDA kernel quantize_mmq_nvfp4_worker has no device code compatible with CUDA arch 900. ggml-cuda.cu was compiled for: 900
/workspace/atlas-rental/src/atlas/kernels/hopper/qwen3.6-27b/nvfp4/q4k_vendor/quantize_impl.cuh:172: ERROR: CUDA kernel quantize_mmq_nvfp4_worker has no device code compatible with CUDA arch 900. ggml-cuda.cu was compiled for: 900
/workspace/atlas-rental/src/atlas/kernels/hopper/qwen3.6-27b/nvfp4/q4k_vendor/quantize_impl.cuh:172: ERROR: CUDA kernel quantize_mmq_nvfp4_worker has no device code compatible with CUDA arch 900. ggml-cuda.cu was compiled for: 900
/workspace/atlas-rental/src/atlas/kernels/hopper/qwen3.6-27b/nvfp4/q4k_vendor/quantize_impl.cuh:172: ERROR: CUDA kernel quantize_mmq_nvfp4_worker has no device code compatible with CUDA arch 900. ggml-cuda.cu was compiled for: 900
/workspace/atlas-rental/src/atlas/kernels/hopper/qwen3.6-27b/nvfp4/q4k_vendor/quantize_impl.cuh:172: ERROR: CUDA kernel quantize_mmq_nvfp4_worker has no device code compatible with CUDA arch 900. ggml-cuda.cu was compiled for: 900
/workspace/atlas-rental/src/atlas/kernels/hopper/qwen3.6-27b/nvfp4/q4k_vendor/quantize_impl.cuh:172: ERROR: CUDA kernel quantize_mmq_nvfp4_worker has no device code compatible with CUDA arch 900. ggml-cuda.cu was compiled for: 900
/workspace/atlas-rental/src/atlas/kernels/hopper/qwen3.6-27b/nvfp4/q4k_vendor/quantize_impl.cuh:172: ERROR: CUDA kernel quantize_mmq_nvfp4_worker has no device code compatible with CUDA arch 900. ggml-cuda.cu was compiled for: 900
/workspace/atlas-rental/src/atlas/kernels/hopper/qwen3.6-27b/nvfp4/q4k_vendor/quantize_impl.cuh:172: ERROR: CUDA kernel quantize_mmq_nvfp4_worker has no device code compatible with CUDA arch 900. ggml-cuda.cu was compiled for: 900
/workspace/atlas-rental/src/atlas/kernels/hopper/qwen3.6-27b/nvfp4/q4k_vendor/quantize_impl.cuh:172: ERROR: CUDA kernel quantize_mmq_nvfp4_worker has no device code compatible with CUDA arch 900. ggml-cuda.cu was compiled for: 900
/workspace/atlas-rental/src/atlas/kernels/hopper/qwen3.6-27b/nvfp4/q4k_vendor/quantize_impl.cuh:172: ERROR: CUDA kernel quantize_mmq_nvfp4_worker has no device code compatible with CUDA arch 900. ggml-cuda.cu was compiled for: 900
/workspace/atlas-rental/src/atlas/kernels/hopper/qwen3.6-27b/nvfp4/q4k_vendor/quantize_impl.cuh:172: ERROR: CUDA kernel quantize_mmq_nvfp4_worker has no device code compatible with CUDA arch 900. ggml-cuda.cu was compiled for: 900
/workspace/atlas-rental/src/atlas/kernels/hopper/qwen3.6-27b/nvfp4/q4k_vendor/quantize_impl.cuh:172: ERROR: CUDA kernel quantize_mmq_nvfp4_worker has no device code compatible with CUDA arch 900. ggml-cuda.cu was compiled for: 900
/workspace/atlas-rental/src/atlas/kernels/hopper/qwen3.6-27b/nvfp4/q4k_vendor/quantize_impl.cuh:172: ERROR: CUDA kernel quantize_mmq_nvfp4_worker has no device code compatible with CUDA arch 900. ggml-cuda.cu was compiled for: 900
/workspace/atlas-rental/src/atlas/kernels/hopper/qwen3.6-27b/nvfp4/q4k_vendor/quantize_impl.cuh:172: ERROR: CUDA kernel quantize_mmq_nvfp4_worker has no device code compatible with CUDA arch 900. ggml-cuda.cu was compiled for: 900
/workspace/atlas-rental/src/atlas/kernels/hopper/qwen3.6-27b/nvfp4/q4k_vendor/quantize_impl.cuh:172: ERROR: CUDA kernel quantize_mmq_nvfp4_worker has no device code compatible with CUDA arch 900. ggml-cuda.cu was compiled for: 900
/workspace/atlas-rental/src/atlas/kernels/hopper/qwen3.6-27b/nvfp4/q4k_vendor/quantize_impl.cuh:172: ERROR: CUDA kernel quantize_mmq_nvfp4_worker has no device code compatible with CUDA arch 900. ggml-cuda.cu was compiled for: 900
/workspace/atlas-rental/src/atlas/kernels/hopper/qwen3.6-27b/nvfp4/q4k_vendor/quantize_impl.cuh:172: ERROR: CUDA kernel quantize_mmq_nvfp4_worker has no device code compatible with CUDA arch 900. ggml-cuda.cu was compiled for: 900
/workspace/atlas-rental/src/atlas/kernels/hopper/qwen3.6-27b/nvfp4/q4k_vendor/quantize_impl.cuh:172: ERROR: CUDA kernel quantize_mmq_nvfp4_worker has no device code compatible with CUDA arch 900. ggml-cuda.cu was compiled for: 900
/workspace/atlas-rental/src/atlas/kernels/hopper/qwen3.6-27b/nvfp4/q4k_vendor/quantize_impl.cuh:172: ERROR: CUDA kernel quantize_mmq_nvfp4_worker has no device code compatible with CUDA arch 900. ggml-cuda.cu was compiled for: 900
/workspace/atlas-rental/src/atlas/kernels/hopper/qwen3.6-27b/nvfp4/q4k_vendor/quantize_impl.cuh:172: ERROR: CUDA kernel quantize_mmq_nvfp4_worker has no device code compatible with CUDA arch 900. ggml-cuda.cu was compiled for: 900
/workspace/atlas-rental/src/atlas/kernels/hopper/qwen3.6-27b/nvfp4/q4k_vendor/quantize_impl.cuh:172: ERROR: CUDA kernel quantize_mmq_nvfp4_worker has no device code compatible with CUDA arch 900. ggml-cuda.cu was compiled for: 900
/workspace/atlas-rental/src/atlas/kernels/hopper/qwen3.6-27b/nvfp4/q4k_vendor/quantize_impl.cuh:172: ERROR: CUDA kernel quantize_mmq_nvfp4_worker has no device code compatible with CUDA arch 900. ggml-cuda.cu was compiled for: 900
/workspace/atlas-rental/src/atlas/kernels/hopper/qwen3.6-27b/nvfp4/q4k_vendor/quantize_impl.cuh:172: ERROR: CUDA kernel quantize_mmq_nvfp4_worker has no device code compatible with CUDA arch 900. ggml-cuda.cu was compiled for: 900
/workspace/atlas-rental/src/atlas/kernels/hopper/qwen3.6-27b/nvfp4/q4k_vendor/quantize_impl.cuh:172: ERROR: CUDA kernel quantize_mmq_nvfp4_worker has no device code compatible with CUDA arch 900. ggml-cuda.cu was compiled for: 900
/workspace/atlas-rental/src/atlas/kernels/hopper/qwen3.6-27b/nvfp4/q4k_vendor/quantize_impl.cuh:172: ERROR: CUDA kernel quantize_mmq_nvfp4_worker has no device code compatible with CUDA arch 900. ggml-cuda.cu was compiled for: 900
/workspace/atlas-rental/src/atlas/kernels/hopper/qwen3.6-27b/nvfp4/q4k_vendor/quantize_impl.cuh:172: ERROR: CUDA kernel quantize_mmq_nvfp4_worker has no device code compatible with CUDA arch 900. ggml-cuda.cu was compiled for: 900
/workspace/atlas-rental/src/atlas/kernels/hopper/qwen3.6-27b/nvfp4/q4k_vendor/quantize_impl.cuh:172: ERROR: CUDA kernel quantize_mmq_nvfp4_worker has no device code compatible with CUDA arch 900. ggml-cuda.cu was compiled for: 900
/workspace/atlas-rental/src/atlas/kernels/hopper/qwen3.6-27b/nvfp4/q4k_vendor/quantize_impl.cuh:172: ERROR: CUDA kernel quantize_mmq_nvfp4_worker has no device code compatible with CUDA arch 900. ggml-cuda.cu was compiled for: 900
/workspace/atlas-rental/src/atlas/kernels/hopper/qwen3.6-27b/nvfp4/q4k_vendor/quantize_impl.cuh:172: ERROR: CUDA kernel quantize_mmq_nvfp4_worker has no device code compatible with CUDA arch 900. ggml-cuda.cu was compiled for: 900
/workspace/atlas-rental/src/atlas/kernels/hopper/qwen3.6-27b/nvfp4/q4k_vendor/quantize_impl.cuh:172: ERROR: CUDA kernel quantize_mmq_nvfp4_worker has no device code compatible with CUDA arch 900. ggml-cuda.cu was compiled for: 900
/workspace/atlas-rental/src/atlas/kernels/hopper/qwen3.6-27b/nvfp4/q4k_vendor/quantize_impl.cuh:172: ERROR: CUDA kernel quantize_mmq_nvfp4_worker has no device code compatible with CUDA arch 900. ggml-cuda.cu was compiled for: 900
/workspace/atlas-rental/src/atlas/kernels/hopper/qwen3.6-27b/nvfp4/q4k_vendor/quantize_impl.cuh:172: ERROR: CUDA kernel quantize_mmq_nvfp4_worker has no device code compatible with CUDA arch 900. ggml-cuda.cu was compiled for: 900
/workspace/atlas-rental/src/atlas/kernels/hopper/qwen3.6-27b/nvfp4/q4k_vendor/quantize_impl.cuh:172: ERROR: CUDA kernel quantize_mmq_nvfp4_worker has no device code compatible with CUDA arch 900. ggml-cuda.cu was compiled for: 900
/workspace/atlas-rental/src/atlas/kernels/hopper/qwen3.6-27b/nvfp4/q4k_vendor/quantize_impl.cuh:172: ERROR: CUDA kernel quantize_mmq_nvfp4_worker has no device code compatible with CUDA arch 900. ggml-cuda.cu was compiled for: 900
/workspace/atlas-rental/src/atlas/kernels/hopper/qwen3.6-27b/nvfp4/q4k_vendor/quantize_impl.cuh:172: ERROR: CUDA kernel quantize_mmq_nvfp4_worker has no device code compatible with CUDA arch 900. ggml-cuda.cu was compiled for: 900
/workspace/atlas-rental/src/atlas/kernels/hopper/qwen3.6-27b/nvfp4/q4k_vendor/quantize_impl.cuh:172: ERROR: CUDA kernel quantize_mmq_nvfp4_worker has no device code compatible with CUDA arch 900. ggml-cuda.cu was compiled for: 900
/workspace/atlas-rental/src/atlas/kernels/hopper/qwen3.6-27b/nvfp4/q4k_vendor/quantize_impl.cuh:172: ERROR: CUDA kernel quantize_mmq_nvfp4_worker has no device code compatible with CUDA arch 900. ggml-cuda.cu was compiled for: 900
/workspace/atlas-rental/src/atlas/kernels/hopper/qwen3.6-27b/nvfp4/q4k_vendor/quantize_impl.cuh:172: ERROR: CUDA kernel quantize_mmq_nvfp4_worker has no device code compatible with CUDA arch 900. ggml-cuda.cu was compiled for: 900
/workspace/atlas-rental/src/atlas/kernels/hopper/qwen3.6-27b/nvfp4/q4k_vendor/quantize_impl.cuh:172: ERROR: CUDA kernel quantize_mmq_nvfp4_worker has no device code compatible with CUDA arch 900. ggml-cuda.cu was compiled for: 900
/workspace/atlas-rental/src/atlas/kernels/hopper/qwen3.6-27b/nvfp4/q4k_vendor/quantize_impl.cuh:172: ERROR: CUDA kernel quantize_mmq_nvfp4_worker has no device code compatible with CUDA arch 900. ggml-cuda.cu was compiled for: 900
/workspace/atlas-rental/src/atlas/kernels/hopper/qwen3.6-27b/nvfp4/q4k_vendor/quantize_impl.cuh:172: ERROR: CUDA kernel quantize_mmq_nvfp4_worker has no device code compatible with CUDA arch 900. ggml-cuda.cu was compiled for: 900
/workspace/atlas-rental/src/atlas/kernels/hopper/qwen3.6-27b/nvfp4/q4k_vendor/quantize_impl.cuh:172: ERROR: CUDA kernel quantize_mmq_nvfp4_worker has no device code compatible with CUDA arch 900. ggml-cuda.cu was compiled for: 900
/workspace/atlas-rental/src/atlas/kernels/hopper/qwen3.6-27b/nvfp4/q4k_vendor/quantize_impl.cuh:172: ERROR: CUDA kernel quantize_mmq_nvfp4_worker has no device code compatible with CUDA arch 900. ggml-cuda.cu was compiled for: 900
/workspace/atlas-rental/src/atlas/kernels/hopper/qwen3.6-27b/nvfp4/q4k_vendor/quantize_impl.cuh:172: ERROR: CUDA kernel quantize_mmq_nvfp4_worker has no device code compatible with CUDA arch 900. ggml-cuda.cu was compiled for: 900
/workspace/atlas-rental/src/atlas/kernels/hopper/qwen3.6-27b/nvfp4/q4k_vendor/quantize_impl.cuh:172: ERROR: CUDA kernel quantize_mmq_nvfp4_worker has no device code compatible with CUDA arch 900. ggml-cuda.cu was compiled for: 900
/workspace/atlas-rental/src/atlas/kernels/hopper/qwen3.6-27b/nvfp4/q4k_vendor/quantize_impl.cuh:172: ERROR: CUDA kernel quantize_mmq_nvfp4_worker has no device code compatible with CUDA arch 900. ggml-cuda.cu was compiled for: 900
/workspace/atlas-rental/src/atlas/kernels/hopper/qwen3.6-27b/nvfp4/q4k_vendor/quantize_impl.cuh:172: ERROR: CUDA kernel quantize_mmq_nvfp4_worker has no device code compatible with CUDA arch 900. ggml-cuda.cu was compiled for: 900
/workspace/atlas-rental/src/atlas/kernels/hopper/qwen3.6-27b/nvfp4/q4k_vendor/quantize_impl.cuh:172: ERROR: CUDA kernel quantize_mmq_nvfp4_worker has no device code compatible with CUDA arch 900. ggml-cuda.cu was compiled for: 900
/workspace/atlas-rental/src/atlas/kernels/hopper/qwen3.6-27b/nvfp4/q4k_vendor/quantize_impl.cuh:172: ERROR: CUDA kernel quantize_mmq_nvfp4_worker has no device code compatible with CUDA arch 900. ggml-cuda.cu was compiled for: 900
/workspace/atlas-rental/src/atlas/kernels/hopper/qwen3.6-27b/nvfp4/q4k_vendor/quantize_impl.cuh:172: ERROR: CUDA kernel quantize_mmq_nvfp4_worker has no device code compatible with CUDA arch 900. ggml-cuda.cu was compiled for: 900
/workspace/atlas-rental/src/atlas/kernels/hopper/qwen3.6-27b/nvfp4/q4k_vendor/quantize_impl.cuh:172: ERROR: CUDA kernel quantize_mmq_nvfp4_worker has no device code compatible with CUDA arch 900. ggml-cuda.cu was compiled for: 900
/workspace/atlas-rental/src/atlas/kernels/hopper/qwen3.6-27b/nvfp4/q4k_vendor/quantize_impl.cuh:172: ERROR: CUDA kernel quantize_mmq_nvfp4_worker has no device code compatible with CUDA arch 900. ggml-cuda.cu was compiled for: 900
/workspace/atlas-rental/src/atlas/kernels/hopper/qwen3.6-27b/nvfp4/q4k_vendor/quantize_impl.cuh:172: ERROR: CUDA kernel quantize_mmq_nvfp4_worker has no device code compatible with CUDA arch 900. ggml-cuda.cu was compiled for: 900
/workspace/atlas-rental/src/atlas/kernels/hopper/qwen3.6-27b/nvfp4/q4k_vendor/quantize_impl.cuh:172: ERROR: CUDA kernel quantize_mmq_nvfp4_worker has no device code compatible with CUDA arch 900. ggml-cuda.cu was compiled for: 900
/workspace/atlas-rental/src/atlas/kernels/hopper/qwen3.6-27b/nvfp4/q4k_vendor/quantize_impl.cuh:172: ERROR: CUDA kernel quantize_mmq_nvfp4_worker has no device code compatible with CUDA arch 900. ggml-cuda.cu was compiled for: 900
/workspace/atlas-rental/src/atlas/kernels/hopper/qwen3.6-27b/nvfp4/q4k_vendor/quantize_impl.cuh:172: ERROR: CUDA kernel quantize_mmq_nvfp4_worker has no device code compatible with CUDA arch 900. ggml-cuda.cu was compiled for: 900
/workspace/atlas-rental/src/atlas/kernels/hopper/qwen3.6-27b/nvfp4/q4k_vendor/quantize_impl.cuh:172: ERROR: CUDA kernel quantize_mmq_nvfp4_worker has no device code compatible with CUDA arch 900. ggml-cuda.cu was compiled for: 900
/workspace/atlas-rental/src/atlas/kernels/hopper/qwen3.6-27b/nvfp4/q4k_vendor/quantize_impl.cuh:172: ERROR: CUDA kernel quantize_mmq_nvfp4_worker has no device code compatible with CUDA arch 900. ggml-cuda.cu was compiled for: 900
/workspace/atlas-rental/src/atlas/kernels/hopper/qwen3.6-27b/nvfp4/q4k_vendor/quantize_impl.cuh:172: ERROR: CUDA kernel quantize_mmq_nvfp4_worker has no device code compatible with CUDA arch 900. ggml-cuda.cu was compiled for: 900
/workspace/atlas-rental/src/atlas/kernels/hopper/qwen3.6-27b/nvfp4/q4k_vendor/quantize_impl.cuh:172: ERROR: CUDA kernel quantize_mmq_nvfp4_worker has no device code compatible with CUDA arch 900. ggml-cuda.cu was compiled for: 900
/workspace/atlas-rental/src/atlas/kernels/hopper/qwen3.6-27b/nvfp4/q4k_vendor/quantize_impl.cuh:172: ERROR: CUDA kernel quantize_mmq_nvfp4_worker has no device code compatible with CUDA arch 900. ggml-cuda.cu was compiled for: 900
/workspace/atlas-rental/src/atlas/kernels/hopper/qwen3.6-27b/nvfp4/q4k_vendor/quantize_impl.cuh:172: ERROR: CUDA kernel quantize_mmq_nvfp4_worker has no device code compatible with CUDA arch 900. ggml-cuda.cu was compiled for: 900
/workspace/atlas-rental/src/atlas/kernels/hopper/qwen3.6-27b/nvfp4/q4k_vendor/quantize_impl.cuh:172: ERROR: CUDA kernel quantize_mmq_nvfp4_worker has no device code compatible with CUDA arch 900. ggml-cuda.cu was compiled for: 900
/workspace/atlas-rental/src/atlas/kernels/hopper/qwen3.6-27b/nvfp4/q4k_vendor/quantize_impl.cuh:172: ERROR: CUDA kernel quantize_mmq_nvfp4_worker has no device code compatible with CUDA arch 900. ggml-cuda.cu was compiled for: 900
/workspace/atlas-rental/src/atlas/kernels/hopper/qwen3.6-27b/nvfp4/q4k_vendor/quantize_impl.cuh:172: ERROR: CUDA kernel quantize_mmq_nvfp4_worker has no device code compatible with CUDA arch 900. ggml-cuda.cu was compiled for: 900
/workspace/atlas-rental/src/atlas/kernels/hopper/qwen3.6-27b/nvfp4/q4k_vendor/quantize_impl.cuh:172: ERROR: CUDA kernel quantize_mmq_nvfp4_worker has no device code compatible with CUDA arch 900. ggml-cuda.cu was compiled for: 900
/workspace/atlas-rental/src/atlas/kernels/hopper/qwen3.6-27b/nvfp4/q4k_vendor/quantize_impl.cuh:172: ERROR: CUDA kernel quantize_mmq_nvfp4_worker has no device code compatible with CUDA arch 900. ggml-cuda.cu was compiled for: 900
/workspace/atlas-rental/src/atlas/kernels/hopper/qwen3.6-27b/nvfp4/q4k_vendor/quantize_impl.cuh:172: ERROR: CUDA kernel quantize_mmq_nvfp4_worker has no device code compatible with CUDA arch 900. ggml-cuda.cu was compiled for: 900
/workspace/atlas-rental/src/atlas/kernels/hopper/qwen3.6-27b/nvfp4/q4k_vendor/quantize_impl.cuh:172: ERROR: CUDA kernel quantize_mmq_nvfp4_worker has no device code compatible with CUDA arch 900. ggml-cuda.cu was compiled for: 900
/workspace/atlas-rental/src/atlas/kernels/hopper/qwen3.6-27b/nvfp4/q4k_vendor/quantize_impl.cuh:172: ERROR: CUDA kernel quantize_mmq_nvfp4_worker has no device code compatible with CUDA arch 900. ggml-cuda.cu was compiled for: 900
/workspace/atlas-rental/src/atlas/kernels/hopper/qwen3.6-27b/nvfp4/q4k_vendor/quantize_impl.cuh:172: ERROR: CUDA kernel quantize_mmq_nvfp4_worker has no device code compatible with CUDA arch 900. ggml-cuda.cu was compiled for: 900
/workspace/atlas-rental/src/atlas/kernels/hopper/qwen3.6-27b/nvfp4/q4k_vendor/quantize_impl.cuh:172: ERROR: CUDA kernel quantize_mmq_nvfp4_worker has no device code compatible with CUDA arch 900. ggml-cuda.cu was compiled for: 900
/workspace/atlas-rental/src/atlas/kernels/hopper/qwen3.6-27b/nvfp4/q4k_vendor/quantize_impl.cuh:172: ERROR: CUDA kernel quantize_mmq_nvfp4_worker has no device code compatible with CUDA arch 900. ggml-cuda.cu was compiled for: 900
/workspace/atlas-rental/src/atlas/kernels/hopper/qwen3.6-27b/nvfp4/q4k_vendor/quantize_impl.cuh:172: ERROR: CUDA kernel quantize_mmq_nvfp4_worker has no device code compatible with CUDA arch 900. ggml-cuda.cu was compiled for: 900
/workspace/atlas-rental/src/atlas/kernels/hopper/qwen3.6-27b/nvfp4/q4k_vendor/quantize_impl.cuh:172: ERROR: CUDA kernel quantize_mmq_nvfp4_worker has no device code compatible with CUDA arch 900. ggml-cuda.cu was compiled for: 900
/workspace/atlas-rental/src/atlas/kernels/hopper/qwen3.6-27b/nvfp4/q4k_vendor/quantize_impl.cuh:172: ERROR: CUDA kernel quantize_mmq_nvfp4_worker has no device code compatible with CUDA arch 900. ggml-cuda.cu was compiled for: 900
/workspace/atlas-rental/src/atlas/kernels/hopper/qwen3.6-27b/nvfp4/q4k_vendor/quantize_impl.cuh:172: ERROR: CUDA kernel quantize_mmq_nvfp4_worker has no device code compatible with CUDA arch 900. ggml-cuda.cu was compiled for: 900
/workspace/atlas-rental/src/atlas/kernels/hopper/qwen3.6-27b/nvfp4/q4k_vendor/quantize_impl.cuh:172: ERROR: CUDA kernel quantize_mmq_nvfp4_worker has no device code compatible with CUDA arch 900. ggml-cuda.cu was compiled for: 900
/workspace/atlas-rental/src/atlas/kernels/hopper/qwen3.6-27b/nvfp4/q4k_vendor/quantize_impl.cuh:172: ERROR: CUDA kernel quantize_mmq_nvfp4_worker has no device code compatible with CUDA arch 900. ggml-cuda.cu was compiled for: 900
/workspace/atlas-rental/src/atlas/kernels/hopper/qwen3.6-27b/nvfp4/q4k_vendor/quantize_impl.cuh:172: ERROR: CUDA kernel quantize_mmq_nvfp4_worker has no device code compatible with CUDA arch 900. ggml-cuda.cu was compiled for: 900
/workspace/atlas-rental/src/atlas/kernels/hopper/qwen3.6-27b/nvfp4/q4k_vendor/quantize_impl.cuh:172: ERROR: CUDA kernel quantize_mmq_nvfp4_worker has no device code compatible with CUDA arch 900. ggml-cuda.cu was compiled for: 900
/workspace/atlas-rental/src/atlas/kernels/hopper/qwen3.6-27b/nvfp4/q4k_vendor/quantize_impl.cuh:172: ERROR: CUDA kernel quantize_mmq_nvfp4_worker has no device code compatible with CUDA arch 900. ggml-cuda.cu was compiled for: 900
/workspace/atlas-rental/src/atlas/kernels/hopper/qwen3.6-27b/nvfp4/q4k_vendor/quantize_impl.cuh:172: ERROR: CUDA kernel quantize_mmq_nvfp4_worker has no device code compatible with CUDA arch 900. ggml-cuda.cu was compiled for: 900
/workspace/atlas-rental/src/atlas/kernels/hopper/qwen3.6-27b/nvfp4/q4k_vendor/quantize_impl.cuh:172: ERROR: CUDA kernel quantize_mmq_nvfp4_worker has no device code compatible with CUDA arch 900. ggml-cuda.cu was compiled for: 900
/workspace/atlas-rental/src/atlas/kernels/hopper/qwen3.6-27b/nvfp4/q4k_vendor/quantize_impl.cuh:172: ERROR: CUDA kernel quantize_mmq_nvfp4_worker has no device code compatible with CUDA arch 900. ggml-cuda.cu was compiled for: 900
/workspace/atlas-rental/src/atlas/kernels/hopper/qwen3.6-27b/nvfp4/q4k_vendor/quantize_impl.cuh:172: ERROR: CUDA kernel quantize_mmq_nvfp4_worker has no device code compatible with CUDA arch 900. ggml-cuda.cu was compiled for: 900
/workspace/atlas-rental/src/atlas/kernels/hopper/qwen3.6-27b/nvfp4/q4k_vendor/quantize_impl.cuh:172: ERROR: CUDA kernel quantize_mmq_nvfp4_worker has no device code compatible with CUDA arch 900. ggml-cuda.cu was compiled for: 900
/workspace/atlas-rental/src/atlas/kernels/hopper/qwen3.6-27b/nvfp4/q4k_vendor/quantize_impl.cuh:172: ERROR: CUDA kernel quantize_mmq_nvfp4_worker has no device code compatible with CUDA arch 900. ggml-cuda.cu was compiled for: 900
/workspace/atlas-rental/src/atlas/kernels/hopper/qwen3.6-27b/nvfp4/q4k_vendor/quantize_impl.cuh:172: ERROR: CUDA kernel quantize_mmq_nvfp4_worker has no device code compatible with CUDA arch 900. ggml-cuda.cu was compiled for: 900
/workspace/atlas-rental/src/atlas/kernels/hopper/qwen3.6-27b/nvfp4/q4k_vendor/quantize_impl.cuh:172: ERROR: CUDA kernel quantize_mmq_nvfp4_worker has no device code compatible with CUDA arch 900. ggml-cuda.cu was compiled for: 900
/workspace/atlas-rental/src/atlas/kernels/hopper/qwen3.6-27b/nvfp4/q4k_vendor/quantize_impl.cuh:172: ERROR: CUDA kernel quantize_mmq_nvfp4_worker has no device code compatible with CUDA arch 900. ggml-cuda.cu was compiled for: 900
/workspace/atlas-rental/src/atlas/kernels/hopper/qwen3.6-27b/nvfp4/q4k_vendor/quantize_impl.cuh:172: ERROR: CUDA kernel quantize_mmq_nvfp4_worker has no device code compatible with CUDA arch 900. ggml-cuda.cu was compiled for: 900
/workspace/atlas-rental/src/atlas/kernels/hopper/qwen3.6-27b/nvfp4/q4k_vendor/quantize_impl.cuh:172: ERROR: CUDA kernel quantize_mmq_nvfp4_worker has no device code compatible with CUDA arch 900. ggml-cuda.cu was compiled for: 900
/workspace/atlas-rental/src/atlas/kernels/hopper/qwen3.6-27b/nvfp4/q4k_vendor/quantize_impl.cuh:172: ERROR: CUDA kernel quantize_mmq_nvfp4_worker has no device code compatible with CUDA arch 900. ggml-cuda.cu was compiled for: 900
/workspace/atlas-rental/src/atlas/kernels/hopper/qwen3.6-27b/nvfp4/q4k_vendor/quantize_impl.cuh:172: ERROR: CUDA kernel quantize_mmq_nvfp4_worker has no device code compatible with CUDA arch 900. ggml-cuda.cu was compiled for: 900
/workspace/atlas-rental/src/atlas/kernels/hopper/qwen3.6-27b/nvfp4/q4k_vendor/quantize_impl.cuh:172: ERROR: CUDA kernel quantize_mmq_nvfp4_worker has no device code compatible with CUDA arch 900. ggml-cuda.cu was compiled for: 900
/workspace/atlas-rental/src/atlas/kernels/hopper/qwen3.6-27b/nvfp4/q4k_vendor/quantize_impl.cuh:172: ERROR: CUDA kernel quantize_mmq_nvfp4_worker has no device code compatible with CUDA arch 900. ggml-cuda.cu was compiled for: 900
/workspace/atlas-rental/src/atlas/kernels/hopper/qwen3.6-27b/nvfp4/q4k_vendor/quantize_impl.cuh:172: ERROR: CUDA kernel quantize_mmq_nvfp4_worker has no device code compatible with CUDA arch 900. ggml-cuda.cu was compiled for: 900
/workspace/atlas-rental/src/atlas/kernels/hopper/qwen3.6-27b/nvfp4/q4k_vendor/quantize_impl.cuh:172: ERROR: CUDA kernel quantize_mmq_nvfp4_worker has no device code compatible with CUDA arch 900. ggml-cuda.cu was compiled for: 900
/workspace/atlas-rental/src/atlas/kernels/hopper/qwen3.6-27b/nvfp4/q4k_vendor/quantize_impl.cuh:172: ERROR: CUDA kernel quantize_mmq_nvfp4_worker has no device code compatible with CUDA arch 900. ggml-cuda.cu was compiled for: 900
/workspace/atlas-rental/src/atlas/kernels/hopper/qwen3.6-27b/nvfp4/q4k_vendor/quantize_impl.cuh:172: ERROR: CUDA kernel quantize_mmq_nvfp4_worker has no device code compatible with CUDA arch 900. ggml-cuda.cu was compiled for: 900
/workspace/atlas-rental/src/atlas/kernels/hopper/qwen3.6-27b/nvfp4/q4k_vendor/quantize_impl.cuh:172: ERROR: CUDA kernel quantize_mmq_nvfp4_worker has no device code compatible with CUDA arch 900. ggml-cuda.cu was compiled for: 900
/workspace/atlas-rental/src/atlas/kernels/hopper/qwen3.6-27b/nvfp4/q4k_vendor/quantize_impl.cuh:172: ERROR: CUDA kernel quantize_mmq_nvfp4_worker has no device code compatible with CUDA arch 900. ggml-cuda.cu was compiled for: 900
/workspace/atlas-rental/src/atlas/kernels/hopper/qwen3.6-27b/nvfp4/q4k_vendor/quantize_impl.cuh:172: ERROR: CUDA kernel quantize_mmq_nvfp4_worker has no device code compatible with CUDA arch 900. ggml-cuda.cu was compiled for: 900
/workspace/atlas-rental/src/atlas/kernels/hopper/qwen3.6-27b/nvfp4/q4k_vendor/quantize_impl.cuh:172: ERROR: CUDA kernel quantize_mmq_nvfp4_worker has no device code compatible with CUDA arch 900. ggml-cuda.cu was compiled for: 900
/workspace/atlas-rental/src/atlas/kernels/hopper/qwen3.6-27b/nvfp4/q4k_vendor/quantize_impl.cuh:172: ERROR: CUDA kernel quantize_mmq_nvfp4_worker has no device code compatible with CUDA arch 900. ggml-cuda.cu was compiled for: 900
/workspace/atlas-rental/src/atlas/kernels/hopper/qwen3.6-27b/nvfp4/q4k_vendor/quantize_impl.cuh:172: ERROR: CUDA kernel quantize_mmq_nvfp4_worker has no device code compatible with CUDA arch 900. ggml-cuda.cu was compiled for: 900
/workspace/atlas-rental/src/atlas/kernels/hopper/qwen3.6-27b/nvfp4/q4k_vendor/quantize_impl.cuh:172: ERROR: CUDA kernel quantize_mmq_nvfp4_worker has no device code compatible with CUDA arch 900. ggml-cuda.cu was compiled for: 900
/workspace/atlas-rental/src/atlas/kernels/hopper/qwen3.6-27b/nvfp4/q4k_vendor/quantize_impl.cuh:172: ERROR: CUDA kernel quantize_mmq_nvfp4_worker has no device code compatible with CUDA arch 900. ggml-cuda.cu was compiled for: 900
/workspace/atlas-rental/src/atlas/kernels/hopper/qwen3.6-27b/nvfp4/q4k_vendor/quantize_impl.cuh:172: ERROR: CUDA kernel quantize_mmq_nvfp4_worker has no device code compatible with CUDA arch 900. ggml-cuda.cu was compiled for: 900
/workspace/atlas-rental/src/atlas/kernels/hopper/qwen3.6-27b/nvfp4/q4k_vendor/quantize_impl.cuh:172: ERROR: CUDA kernel quantize_mmq_nvfp4_worker has no device code compatible with CUDA arch 900. ggml-cuda.cu was compiled for: 900
/workspace/atlas-rental/src/atlas/kernels/hopper/qwen3.6-27b/nvfp4/q4k_vendor/quantize_impl.cuh:172: ERROR: CUDA kernel quantize_mmq_nvfp4_worker has no device code compatible with CUDA arch 900. ggml-cuda.cu was compiled for: 900
/workspace/atlas-rental/src/atlas/kernels/hopper/qwen3.6-27b/nvfp4/q4k_vendor/quantize_impl.cuh:172: ERROR: CUDA kernel quantize_mmq_nvfp4_worker has no device code compatible with CUDA arch 900. ggml-cuda.cu was compiled for: 900
/workspace/atlas-rental/src/atlas/kernels/hopper/qwen3.6-27b/nvfp4/q4k_vendor/quantize_impl.cuh:172: ERROR: CUDA kernel quantize_mmq_nvfp4_worker has no device code compatible with CUDA arch 900. ggml-cuda.cu was compiled for: 900
/workspace/atlas-rental/src/atlas/kernels/hopper/qwen3.6-27b/nvfp4/q4k_vendor/quantize_impl.cuh:172: ERROR: CUDA kernel quantize_mmq_nvfp4_worker has no device code compatible with CUDA arch 900. ggml-cuda.cu was compiled for: 900
/workspace/atlas-rental/src/atlas/kernels/hopper/qwen3.6-27b/nvfp4/q4k_vendor/quantize_impl.cuh:172: ERROR: CUDA kernel quantize_mmq_nvfp4_worker has no device code compatible with CUDA arch 900. ggml-cuda.cu was compiled for: 900
/workspace/atlas-rental/src/atlas/kernels/hopper/qwen3.6-27b/nvfp4/q4k_vendor/quantize_impl.cuh:172: ERROR: CUDA kernel quantize_mmq_nvfp4_worker has no device code compatible with CUDA arch 900. ggml-cuda.cu was compiled for: 900
/workspace/atlas-rental/src/atlas/kernels/hopper/qwen3.6-27b/nvfp4/q4k_vendor/quantize_impl.cuh:172: ERROR: CUDA kernel quantize_mmq_nvfp4_worker has no device code compatible with CUDA arch 900. ggml-cuda.cu was compiled for: 900
/workspace/atlas-rental/src/atlas/kernels/hopper/qwen3.6-27b/nvfp4/q4k_vendor/quantize_impl.cuh:172: ERROR: CUDA kernel quantize_mmq_nvfp4_worker has no device code compatible with CUDA arch 900. ggml-cuda.cu was compiled for: 900
/workspace/atlas-rental/src/atlas/kernels/hopper/qwen3.6-27b/nvfp4/q4k_vendor/quantize_impl.cuh:172: ERROR: CUDA kernel quantize_mmq_nvfp4_worker has no device code compatible with CUDA arch 900. ggml-cuda.cu was compiled for: 900
/workspace/atlas-rental/src/atlas/kernels/hopper/qwen3.6-27b/nvfp4/q4k_vendor/quantize_impl.cuh:172: ERROR: CUDA kernel quantize_mmq_nvfp4_worker has no device code compatible with CUDA arch 900. ggml-cuda.cu was compiled for: 900
/workspace/atlas-rental/src/atlas/kernels/hopper/qwen3.6-27b/nvfp4/q4k_vendor/quantize_impl.cuh:172: ERROR: CUDA kernel quantize_mmq_nvfp4_worker has no device code compatible with CUDA arch 900. ggml-cuda.cu was compiled for: 900
/workspace/atlas-rental/src/atlas/kernels/hopper/qwen3.6-27b/nvfp4/q4k_vendor/quantize_impl.cuh:172: ERROR: CUDA kernel quantize_mmq_nvfp4_worker has no device code compatible with CUDA arch 900. ggml-cuda.cu was compiled for: 900
/workspace/atlas-rental/src/atlas/kernels/hopper/qwen3.6-27b/nvfp4/q4k_vendor/quantize_impl.cuh:172: ERROR: CUDA kernel quantize_mmq_nvfp4_worker has no device code compatible with CUDA arch 900. ggml-cuda.cu was compiled for: 900
/workspace/atlas-rental/src/atlas/kernels/hopper/qwen3.6-27b/nvfp4/q4k_vendor/quantize_impl.cuh:172: ERROR: CUDA kernel quantize_mmq_nvfp4_worker has no device code compatible with CUDA arch 900. ggml-cuda.cu was compiled for: 900
/workspace/atlas-rental/src/atlas/kernels/hopper/qwen3.6-27b/nvfp4/q4k_vendor/quantize_impl.cuh:172: ERROR: CUDA kernel quantize_mmq_nvfp4_worker has no device code compatible with CUDA arch 900. ggml-cuda.cu was compiled for: 900
/workspace/atlas-rental/src/atlas/kernels/hopper/qwen3.6-27b/nvfp4/q4k_vendor/quantize_impl.cuh:172: ERROR: CUDA kernel quantize_mmq_nvfp4_worker has no device code compatible with CUDA arch 900. ggml-cuda.cu was compiled for: 900
/workspace/atlas-rental/src/atlas/kernels/hopper/qwen3.6-27b/nvfp4/q4k_vendor/quantize_impl.cuh:172: ERROR: CUDA kernel quantize_mmq_nvfp4_worker has no device code compatible with CUDA arch 900. ggml-cuda.cu was compiled for: 900
/workspace/atlas-rental/src/atlas/kernels/hopper/qwen3.6-27b/nvfp4/q4k_vendor/quantize_impl.cuh:172: ERROR: CUDA kernel quantize_mmq_nvfp4_worker has no device code compatible with CUDA arch 900. ggml-cuda.cu was compiled for: 900
/workspace/atlas-rental/src/atlas/kernels/hopper/qwen3.6-27b/nvfp4/q4k_vendor/quantize_impl.cuh:172: ERROR: CUDA kernel quantize_mmq_nvfp4_worker has no device code compatible with CUDA arch 900. ggml-cuda.cu was compiled for: 900
/workspace/atlas-rental/src/atlas/kernels/hopper/qwen3.6-27b/nvfp4/q4k_vendor/quantize_impl.cuh:172: ERROR: CUDA kernel quantize_mmq_nvfp4_worker has no device code compatible with CUDA arch 900. ggml-cuda.cu was compiled for: 900
/workspace/atlas-rental/src/atlas/kernels/hopper/qwen3.6-27b/nvfp4/q4k_vendor/quantize_impl.cuh:172: ERROR: CUDA kernel quantize_mmq_nvfp4_worker has no device code compatible with CUDA arch 900. ggml-cuda.cu was compiled for: 900
/workspace/atlas-rental/src/atlas/kernels/hopper/qwen3.6-27b/nvfp4/q4k_vendor/quantize_impl.cuh:172: ERROR: CUDA kernel quantize_mmq_nvfp4_worker has no device code compatible with CUDA arch 900. ggml-cuda.cu was compiled for: 900
/workspace/atlas-rental/src/atlas/kernels/hopper/qwen3.6-27b/nvfp4/q4k_vendor/quantize_impl.cuh:172: ERROR: CUDA kernel quantize_mmq_nvfp4_worker has no device code compatible with CUDA arch 900. ggml-cuda.cu was compiled for: 900
/workspace/atlas-rental/src/atlas/kernels/hopper/qwen3.6-27b/nvfp4/q4k_vendor/quantize_impl.cuh:172: ERROR: CUDA kernel quantize_mmq_nvfp4_worker has no device code compatible with CUDA arch 900. ggml-cuda.cu was compiled for: 900
/workspace/atlas-rental/src/atlas/kernels/hopper/qwen3.6-27b/nvfp4/q4k_vendor/quantize_impl.cuh:172: ERROR: CUDA kernel quantize_mmq_nvfp4_worker has no device code compatible with CUDA arch 900. ggml-cuda.cu was compiled for: 900
/workspace/atlas-rental/src/atlas/kernels/hopper/qwen3.6-27b/nvfp4/q4k_vendor/quantize_impl.cuh:172: ERROR: CUDA kernel quantize_mmq_nvfp4_worker has no device code compatible with CUDA arch 900. ggml-cuda.cu was compiled for: 900
/workspace/atlas-rental/src/atlas/kernels/hopper/qwen3.6-27b/nvfp4/q4k_vendor/quantize_impl.cuh:172: ERROR: CUDA kernel quantize_mmq_nvfp4_worker has no device code compatible with CUDA arch 900. ggml-cuda.cu was compiled for: 900
/workspace/atlas-rental/src/atlas/kernels/hopper/qwen3.6-27b/nvfp4/q4k_vendor/quantize_impl.cuh:172: ERROR: CUDA kernel quantize_mmq_nvfp4_worker has no device code compatible with CUDA arch 900. ggml-cuda.cu was compiled for: 900
/workspace/atlas-rental/src/atlas/kernels/hopper/qwen3.6-27b/nvfp4/q4k_vendor/quantize_impl.cuh:172: ERROR: CUDA kernel quantize_mmq_nvfp4_worker has no device code compatible with CUDA arch 900. ggml-cuda.cu was compiled for: 900
/workspace/atlas-rental/src/atlas/kernels/hopper/qwen3.6-27b/nvfp4/q4k_vendor/quantize_impl.cuh:172: ERROR: CUDA kernel quantize_mmq_nvfp4_worker has no device code compatible with CUDA arch 900. ggml-cuda.cu was compiled for: 900
/workspace/atlas-rental/src/atlas/kernels/hopper/qwen3.6-27b/nvfp4/q4k_vendor/quantize_impl.cuh:172: ERROR: CUDA kernel quantize_mmq_nvfp4_worker has no device code compatible with CUDA arch 900. ggml-cuda.cu was compiled for: 900
/workspace/atlas-rental/src/atlas/kernels/hopper/qwen3.6-27b/nvfp4/q4k_vendor/quantize_impl.cuh:172: ERROR: CUDA kernel quantize_mmq_nvfp4_worker has no device code compatible with CUDA arch 900. ggml-cuda.cu was compiled for: 900
/workspace/atlas-rental/src/atlas/kernels/hopper/qwen3.6-27b/nvfp4/q4k_vendor/quantize_impl.cuh:172: ERROR: CUDA kernel quantize_mmq_nvfp4_worker has no device code compatible with CUDA arch 900. ggml-cuda.cu was compiled for: 900
/workspace/atlas-rental/src/atlas/kernels/hopper/qwen3.6-27b/nvfp4/q4k_vendor/quantize_impl.cuh:172: ERROR: CUDA kernel quantize_mmq_nvfp4_worker has no device code compatible with CUDA arch 900. ggml-cuda.cu was compiled for: 900
/workspace/atlas-rental/src/atlas/kernels/hopper/qwen3.6-27b/nvfp4/q4k_vendor/quantize_impl.cuh:172: ERROR: CUDA kernel quantize_mmq_nvfp4_worker has no device code compatible with CUDA arch 900. ggml-cuda.cu was compiled for: 900
/workspace/atlas-rental/src/atlas/kernels/hopper/qwen3.6-27b/nvfp4/q4k_vendor/quantize_impl.cuh:172: ERROR: CUDA kernel quantize_mmq_nvfp4_worker has no device code compatible with CUDA arch 900. ggml-cuda.cu was compiled for: 900
/workspace/atlas-rental/src/atlas/kernels/hopper/qwen3.6-27b/nvfp4/q4k_vendor/quantize_impl.cuh:172: ERROR: CUDA kernel quantize_mmq_nvfp4_worker has no device code compatible with CUDA arch 900. ggml-cuda.cu was compiled for: 900
/workspace/atlas-rental/src/atlas/kernels/hopper/qwen3.6-27b/nvfp4/q4k_vendor/quantize_impl.cuh:172: ERROR: CUDA kernel quantize_mmq_nvfp4_worker has no device code compatible with CUDA arch 900. ggml-cuda.cu was compiled for: 900
/workspace/atlas-rental/src/atlas/kernels/hopper/qwen3.6-27b/nvfp4/q4k_vendor/quantize_impl.cuh:172: ERROR: CUDA kernel quantize_mmq_nvfp4_worker has no device code compatible with CUDA arch 900. ggml-cuda.cu was compiled for: 900
/workspace/atlas-rental/src/atlas/kernels/hopper/qwen3.6-27b/nvfp4/q4k_vendor/quantize_impl.cuh:172: ERROR: CUDA kernel quantize_mmq_nvfp4_worker has no device code compatible with CUDA arch 900. ggml-cuda.cu was compiled for: 900
/workspace/atlas-rental/src/atlas/kernels/hopper/qwen3.6-27b/nvfp4/q4k_vendor/quantize_impl.cuh:172: ERROR: CUDA kernel quantize_mmq_nvfp4_worker has no device code compatible with CUDA arch 900. ggml-cuda.cu was compiled for: 900
/workspace/atlas-rental/src/atlas/kernels/hopper/qwen3.6-27b/nvfp4/q4k_vendor/quantize_impl.cuh:172: ERROR: CUDA kernel quantize_mmq_nvfp4_worker has no device code compatible with CUDA arch 900. ggml-cuda.cu was compiled for: 900
/workspace/atlas-rental/src/atlas/kernels/hopper/qwen3.6-27b/nvfp4/q4k_vendor/quantize_impl.cuh:172: ERROR: CUDA kernel quantize_mmq_nvfp4_worker has no device code compatible with CUDA arch 900. ggml-cuda.cu was compiled for: 900
/workspace/atlas-rental/src/atlas/kernels/hopper/qwen3.6-27b/nvfp4/q4k_vendor/quantize_impl.cuh:172: ERROR: CUDA kernel quantize_mmq_nvfp4_worker has no device code compatible with CUDA arch 900. ggml-cuda.cu was compiled for: 900
/workspace/atlas-rental/src/atlas/kernels/hopper/qwen3.6-27b/nvfp4/q4k_vendor/quantize_impl.cuh:172: ERROR: CUDA kernel quantize_mmq_nvfp4_worker has no device code compatible with CUDA arch 900. ggml-cuda.cu was compiled for: 900
/workspace/atlas-rental/src/atlas/kernels/hopper/qwen3.6-27b/nvfp4/q4k_vendor/quantize_impl.cuh:172: ERROR: CUDA kernel quantize_mmq_nvfp4_worker has no device code compatible with CUDA arch 900. ggml-cuda.cu was compiled for: 900
/workspace/atlas-rental/src/atlas/kernels/hopper/qwen3.6-27b/nvfp4/q4k_vendor/quantize_impl.cuh:172: ERROR: CUDA kernel quantize_mmq_nvfp4_worker has no device code compatible with CUDA arch 900. ggml-cuda.cu was compiled for: 900
/workspace/atlas-rental/src/atlas/kernels/hopper/qwen3.6-27b/nvfp4/q4k_vendor/quantize_impl.cuh:172: ERROR: CUDA kernel quantize_mmq_nvfp4_worker has no device code compatible with CUDA arch 900. ggml-cuda.cu was compiled for: 900
/workspace/atlas-rental/src/atlas/kernels/hopper/qwen3.6-27b/nvfp4/q4k_vendor/quantize_impl.cuh:172: ERROR: CUDA kernel quantize_mmq_nvfp4_worker has no device code compatible with CUDA arch 900. ggml-cuda.cu was compiled for: 900
/workspace/atlas-rental/src/atlas/kernels/hopper/qwen3.6-27b/nvfp4/q4k_vendor/quantize_impl.cuh:172: ERROR: CUDA kernel quantize_mmq_nvfp4_worker has no device code compatible with CUDA arch 900. ggml-cuda.cu was compiled for: 900
/workspace/atlas-rental/src/atlas/kernels/hopper/qwen3.6-27b/nvfp4/q4k_vendor/quantize_impl.cuh:172: ERROR: CUDA kernel quantize_mmq_nvfp4_worker has no device code compatible with CUDA arch 900. ggml-cuda.cu was compiled for: 900
/workspace/atlas-rental/src/atlas/kernels/hopper/qwen3.6-27b/nvfp4/q4k_vendor/quantize_impl.cuh:172: ERROR: CUDA kernel quantize_mmq_nvfp4_worker has no device code compatible with CUDA arch 900. ggml-cuda.cu was compiled for: 900
/workspace/atlas-rental/src/atlas/kernels/hopper/qwen3.6-27b/nvfp4/q4k_vendor/quantize_impl.cuh:172: ERROR: CUDA kernel quantize_mmq_nvfp4_worker has no device code compatible with CUDA arch 900. ggml-cuda.cu was compiled for: 900
/workspace/atlas-rental/src/atlas/kernels/hopper/qwen3.6-27b/nvfp4/q4k_vendor/quantize_impl.cuh:172: ERROR: CUDA kernel quantize_mmq_nvfp4_worker has no device code compatible with CUDA arch 900. ggml-cuda.cu was compiled for: 900
/workspace/atlas-rental/src/atlas/kernels/hopper/qwen3.6-27b/nvfp4/q4k_vendor/quantize_impl.cuh:172: ERROR: CUDA kernel quantize_mmq_nvfp4_worker has no device code compatible with CUDA arch 900. ggml-cuda.cu was compiled for: 900
/workspace/atlas-rental/src/atlas/kernels/hopper/qwen3.6-27b/nvfp4/q4k_vendor/quantize_impl.cuh:172: ERROR: CUDA kernel quantize_mmq_nvfp4_worker has no device code compatible with CUDA arch 900. ggml-cuda.cu was compiled for: 900
/workspace/atlas-rental/src/atlas/kernels/hopper/qwen3.6-27b/nvfp4/q4k_vendor/quantize_impl.cuh:172: ERROR: CUDA kernel quantize_mmq_nvfp4_worker has no device code compatible with CUDA arch 900. ggml-cuda.cu was compiled for: 900
/workspace/atlas-rental/src/atlas/kernels/hopper/qwen3.6-27b/nvfp4/q4k_vendor/quantize_impl.cuh:172: ERROR: CUDA kernel quantize_mmq_nvfp4_worker has no device code compatible with CUDA arch 900. ggml-cuda.cu was compiled for: 900
/workspace/atlas-rental/src/atlas/kernels/hopper/qwen3.6-27b/nvfp4/q4k_vendor/quantize_impl.cuh:172: ERROR: CUDA kernel quantize_mmq_nvfp4_worker has no device code compatible with CUDA arch 900. ggml-cuda.cu was compiled for: 900
/workspace/atlas-rental/src/atlas/kernels/hopper/qwen3.6-27b/nvfp4/q4k_vendor/quantize_impl.cuh:172: ERROR: CUDA kernel quantize_mmq_nvfp4_worker has no device code compatible with CUDA arch 900. ggml-cuda.cu was compiled for: 900
/workspace/atlas-rental/src/atlas/kernels/hopper/qwen3.6-27b/nvfp4/q4k_vendor/quantize_impl.cuh:172: ERROR: CUDA kernel quantize_mmq_nvfp4_worker has no device code compatible with CUDA arch 900. ggml-cuda.cu was compiled for: 900
/workspace/atlas-rental/src/atlas/kernels/hopper/qwen3.6-27b/nvfp4/q4k_vendor/quantize_impl.cuh:172: ERROR: CUDA kernel quantize_mmq_nvfp4_worker has no device code compatible with CUDA arch 900. ggml-cuda.cu was compiled for: 900
/workspace/atlas-rental/src/atlas/kernels/hopper/qwen3.6-27b/nvfp4/q4k_vendor/quantize_impl.cuh:172: ERROR: CUDA kernel quantize_mmq_nvfp4_worker has no device code compatible with CUDA arch 900. ggml-cuda.cu was compiled for: 900
/workspace/atlas-rental/src/atlas/kernels/hopper/qwen3.6-27b/nvfp4/q4k_vendor/quantize_impl.cuh:172: ERROR: CUDA kernel quantize_mmq_nvfp4_worker has no device code compatible with CUDA arch 900. ggml-cuda.cu was compiled for: 900
/workspace/atlas-rental/src/atlas/kernels/hopper/qwen3.6-27b/nvfp4/q4k_vendor/quantize_impl.cuh:172: ERROR: CUDA kernel quantize_mmq_nvfp4_worker has no device code compatible with CUDA arch 900. ggml-cuda.cu was compiled for: 900
/workspace/atlas-rental/src/atlas/kernels/hopper/qwen3.6-27b/nvfp4/q4k_vendor/quantize_impl.cuh:172: ERROR: CUDA kernel quantize_mmq_nvfp4_worker has no device code compatible with CUDA arch 900. ggml-cuda.cu was compiled for: 900
/workspace/atlas-rental/src/atlas/kernels/hopper/qwen3.6-27b/nvfp4/q4k_vendor/quantize_impl.cuh:172: ERROR: CUDA kernel quantize_mmq_nvfp4_worker has no device code compatible with CUDA arch 900. ggml-cuda.cu was compiled for: 900
/workspace/atlas-rental/src/atlas/kernels/hopper/qwen3.6-27b/nvfp4/q4k_vendor/quantize_impl.cuh:172: ERROR: CUDA kernel quantize_mmq_nvfp4_worker has no device code compatible with CUDA arch 900. ggml-cuda.cu was compiled for: 900
/workspace/atlas-rental/src/atlas/kernels/hopper/qwen3.6-27b/nvfp4/q4k_vendor/quantize_impl.cuh:172: ERROR: CUDA kernel quantize_mmq_nvfp4_worker has no device code compatible with CUDA arch 900. ggml-cuda.cu was compiled for: 900
/workspace/atlas-rental/src/atlas/kernels/hopper/qwen3.6-27b/nvfp4/q4k_vendor/quantize_impl.cuh:172: ERROR: CUDA kernel quantize_mmq_nvfp4_worker has no device code compatible with CUDA arch 900. ggml-cuda.cu was compiled for: 900
/workspace/atlas-rental/src/atlas/kernels/hopper/qwen3.6-27b/nvfp4/q4k_vendor/quantize_impl.cuh:172: ERROR: CUDA kernel quantize_mmq_nvfp4_worker has no device code compatible with CUDA arch 900. ggml-cuda.cu was compiled for: 900
/workspace/atlas-rental/src/atlas/kernels/hopper/qwen3.6-27b/nvfp4/q4k_vendor/quantize_impl.cuh:172: ERROR: CUDA kernel quantize_mmq_nvfp4_worker has no device code compatible with CUDA arch 900. ggml-cuda.cu was compiled for: 900
/workspace/atlas-rental/src/atlas/kernels/hopper/qwen3.6-27b/nvfp4/q4k_vendor/quantize_impl.cuh:172: ERROR: CUDA kernel quantize_mmq_nvfp4_worker has no device code compatible with CUDA arch 900. ggml-cuda.cu was compiled for: 900
/workspace/atlas-rental/src/atlas/kernels/hopper/qwen3.6-27b/nvfp4/q4k_vendor/quantize_impl.cuh:172: ERROR: CUDA kernel quantize_mmq_nvfp4_worker has no device code compatible with CUDA arch 900. ggml-cuda.cu was compiled for: 900
/workspace/atlas-rental/src/atlas/kernels/hopper/qwen3.6-27b/nvfp4/q4k_vendor/quantize_impl.cuh:172: ERROR: CUDA kernel quantize_mmq_nvfp4_worker has no device code compatible with CUDA arch 900. ggml-cuda.cu was compiled for: 900
/workspace/atlas-rental/src/atlas/kernels/hopper/qwen3.6-27b/nvfp4/q4k_vendor/quantize_impl.cuh:172: ERROR: CUDA kernel quantize_mmq_nvfp4_worker has no device code compatible with CUDA arch 900. ggml-cuda.cu was compiled for: 900
/workspace/atlas-rental/src/atlas/kernels/hopper/qwen3.6-27b/nvfp4/q4k_vendor/quantize_impl.cuh:172: ERROR: CUDA kernel quantize_mmq_nvfp4_worker has no device code compatible with CUDA arch 900. ggml-cuda.cu was compiled for: 900
/workspace/atlas-rental/src/atlas/kernels/hopper/qwen3.6-27b/nvfp4/q4k_vendor/quantize_impl.cuh:172: ERROR: CUDA kernel quantize_mmq_nvfp4_worker has no device code compatible with CUDA arch 900. ggml-cuda.cu was compiled for: 900
/workspace/atlas-rental/src/atlas/kernels/hopper/qwen3.6-27b/nvfp4/q4k_vendor/quantize_impl.cuh:172: ERROR: CUDA kernel quantize_mmq_nvfp4_worker has no device code compatible with CUDA arch 900. ggml-cuda.cu was compiled for: 900
/workspace/atlas-rental/src/atlas/kernels/hopper/qwen3.6-27b/nvfp4/q4k_vendor/quantize_impl.cuh:172: ERROR: CUDA kernel quantize_mmq_nvfp4_worker has no device code compatible with CUDA arch 900. ggml-cuda.cu was compiled for: 900
/workspace/atlas-rental/src/atlas/kernels/hopper/qwen3.6-27b/nvfp4/q4k_vendor/quantize_impl.cuh:172: ERROR: CUDA kernel quantize_mmq_nvfp4_worker has no device code compatible with CUDA arch 900. ggml-cuda.cu was compiled for: 900
/workspace/atlas-rental/src/atlas/kernels/hopper/qwen3.6-27b/nvfp4/q4k_vendor/quantize_impl.cuh:172: ERROR: CUDA kernel quantize_mmq_nvfp4_worker has no device code compatible with CUDA arch 900. ggml-cuda.cu was compiled for: 900
/workspace/atlas-rental/src/atlas/kernels/hopper/qwen3.6-27b/nvfp4/q4k_vendor/quantize_impl.cuh:172: ERROR: CUDA kernel quantize_mmq_nvfp4_worker has no device code compatible with CUDA arch 900. ggml-cuda.cu was compiled for: 900
/workspace/atlas-rental/src/atlas/kernels/hopper/qwen3.6-27b/nvfp4/q4k_vendor/quantize_impl.cuh:172: ERROR: CUDA kernel quantize_mmq_nvfp4_worker has no device code compatible with CUDA arch 900. ggml-cuda.cu was compiled for: 900
/workspace/atlas-rental/src/atlas/kernels/hopper/qwen3.6-27b/nvfp4/q4k_vendor/quantize_impl.cuh:172: ERROR: CUDA kernel quantize_mmq_nvfp4_worker has no device code compatible with CUDA arch 900. ggml-cuda.cu was compiled for: 900
/workspace/atlas-rental/src/atlas/kernels/hopper/qwen3.6-27b/nvfp4/q4k_vendor/quantize_impl.cuh:172: ERROR: CUDA kernel quantize_mmq_nvfp4_worker has no device code compatible with CUDA arch 900. ggml-cuda.cu was compiled for: 900
/workspace/atlas-rental/src/atlas/kernels/hopper/qwen3.6-27b/nvfp4/q4k_vendor/quantize_impl.cuh:172: ERROR: CUDA kernel quantize_mmq_nvfp4_worker has no device code compatible with CUDA arch 900. ggml-cuda.cu was compiled for: 900
/workspace/atlas-rental/src/atlas/kernels/hopper/qwen3.6-27b/nvfp4/q4k_vendor/quantize_impl.cuh:172: ERROR: CUDA kernel quantize_mmq_nvfp4_worker has no device code compatible with CUDA arch 900. ggml-cuda.cu was compiled for: 900
/workspace/atlas-rental/src/atlas/kernels/hopper/qwen3.6-27b/nvfp4/q4k_vendor/quantize_impl.cuh:172: ERROR: CUDA kernel quantize_mmq_nvfp4_worker has no device code compatible with CUDA arch 900. ggml-cuda.cu was compiled for: 900
/workspace/atlas-rental/src/atlas/kernels/hopper/qwen3.6-27b/nvfp4/q4k_vendor/quantize_impl.cuh:172: ERROR: CUDA kernel quantize_mmq_nvfp4_worker has no device code compatible with CUDA arch 900. ggml-cuda.cu was compiled for: 900
/workspace/atlas-rental/src/atlas/kernels/hopper/qwen3.6-27b/nvfp4/q4k_vendor/quantize_impl.cuh:172: ERROR: CUDA kernel quantize_mmq_nvfp4_worker has no device code compatible with CUDA arch 900. ggml-cuda.cu was compiled for: 900
/workspace/atlas-rental/src/atlas/kernels/hopper/qwen3.6-27b/nvfp4/q4k_vendor/quantize_impl.cuh:172: ERROR: CUDA kernel quantize_mmq_nvfp4_worker has no device code compatible with CUDA arch 900. ggml-cuda.cu was compiled for: 900
/workspace/atlas-rental/src/atlas/kernels/hopper/qwen3.6-27b/nvfp4/q4k_vendor/quantize_impl.cuh:172: ERROR: CUDA kernel quantize_mmq_nvfp4_worker has no device code compatible with CUDA arch 900. ggml-cuda.cu was compiled for: 900
/workspace/atlas-rental/src/atlas/kernels/hopper/qwen3.6-27b/nvfp4/q4k_vendor/quantize_impl.cuh:172: ERROR: CUDA kernel quantize_mmq_nvfp4_worker has no device code compatible with CUDA arch 900. ggml-cuda.cu was compiled for: 900
/workspace/atlas-rental/src/atlas/kernels/hopper/qwen3.6-27b/nvfp4/q4k_vendor/quantize_impl.cuh:172: ERROR: CUDA kernel quantize_mmq_nvfp4_worker has no device code compatible with CUDA arch 900. ggml-cuda.cu was compiled for: 900
/workspace/atlas-rental/src/atlas/kernels/hopper/qwen3.6-27b/nvfp4/q4k_vendor/quantize_impl.cuh:172: ERROR: CUDA kernel quantize_mmq_nvfp4_worker has no device code compatible with CUDA arch 900. ggml-cuda.cu was compiled for: 900
/workspace/atlas-rental/src/atlas/kernels/hopper/qwen3.6-27b/nvfp4/q4k_vendor/quantize_impl.cuh:172: ERROR: CUDA kernel quantize_mmq_nvfp4_worker has no device code compatible with CUDA arch 900. ggml-cuda.cu was compiled for: 900
/workspace/atlas-rental/src/atlas/kernels/hopper/qwen3.6-27b/nvfp4/q4k_vendor/quantize_impl.cuh:172: ERROR: CUDA kernel quantize_mmq_nvfp4_worker has no device code compatible with CUDA arch 900. ggml-cuda.cu was compiled for: 900
/workspace/atlas-rental/src/atlas/kernels/hopper/qwen3.6-27b/nvfp4/q4k_vendor/quantize_impl.cuh:172: ERROR: CUDA kernel quantize_mmq_nvfp4_worker has no device code compatible with CUDA arch 900. ggml-cuda.cu was compiled for: 900
/workspace/atlas-rental/src/atlas/kernels/hopper/qwen3.6-27b/nvfp4/q4k_vendor/quantize_impl.cuh:172: ERROR: CUDA kernel quantize_mmq_nvfp4_worker has no device code compatible with CUDA arch 900. ggml-cuda.cu was compiled for: 900
/workspace/atlas-rental/src/atlas/kernels/hopper/qwen3.6-27b/nvfp4/q4k_vendor/quantize_impl.cuh:172: ERROR: CUDA kernel quantize_mmq_nvfp4_worker has no device code compatible with CUDA arch 900. ggml-cuda.cu was compiled for: 900
/workspace/atlas-rental/src/atlas/kernels/hopper/qwen3.6-27b/nvfp4/q4k_vendor/quantize_impl.cuh:172: ERROR: CUDA kernel quantize_mmq_nvfp4_worker has no device code compatible with CUDA arch 900. ggml-cuda.cu was compiled for: 900
/workspace/atlas-rental/src/atlas/kernels/hopper/qwen3.6-27b/nvfp4/q4k_vendor/quantize_impl.cuh:172: ERROR: CUDA kernel quantize_mmq_nvfp4_worker has no device code compatible with CUDA arch 900. ggml-cuda.cu was compiled for: 900
/workspace/atlas-rental/src/atlas/kernels/hopper/qwen3.6-27b/nvfp4/q4k_vendor/quantize_impl.cuh:172: ERROR: CUDA kernel quantize_mmq_nvfp4_worker has no device code compatible with CUDA arch 900. ggml-cuda.cu was compiled for: 900
/workspace/atlas-rental/src/atlas/kernels/hopper/qwen3.6-27b/nvfp4/q4k_vendor/quantize_impl.cuh:172: ERROR: CUDA kernel quantize_mmq_nvfp4_worker has no device code compatible with CUDA arch 900. ggml-cuda.cu was compiled for: 900
/workspace/atlas-rental/src/atlas/kernels/hopper/qwen3.6-27b/nvfp4/q4k_vendor/quantize_impl.cuh:172: ERROR: CUDA kernel quantize_mmq_nvfp4_worker has no device code compatible with CUDA arch 900. ggml-cuda.cu was compiled for: 900
/workspace/atlas-rental/src/atlas/kernels/hopper/qwen3.6-27b/nvfp4/q4k_vendor/quantize_impl.cuh:172: ERROR: CUDA kernel quantize_mmq_nvfp4_worker has no device code compatible with CUDA arch 900. ggml-cuda.cu was compiled for: 900
/workspace/atlas-rental/src/atlas/kernels/hopper/qwen3.6-27b/nvfp4/q4k_vendor/quantize_impl.cuh:172: ERROR: CUDA kernel quantize_mmq_nvfp4_worker has no device code compatible with CUDA arch 900. ggml-cuda.cu was compiled for: 900
/workspace/atlas-rental/src/atlas/kernels/hopper/qwen3.6-27b/nvfp4/q4k_vendor/quantize_impl.cuh:172: ERROR: CUDA kernel quantize_mmq_nvfp4_worker has no device code compatible with CUDA arch 900. ggml-cuda.cu was compiled for: 900
/workspace/atlas-rental/src/atlas/kernels/hopper/qwen3.6-27b/nvfp4/q4k_vendor/quantize_impl.cuh:172: ERROR: CUDA kernel quantize_mmq_nvfp4_worker has no device code compatible with CUDA arch 900. ggml-cuda.cu was compiled for: 900
/workspace/atlas-rental/src/atlas/kernels/hopper/qwen3.6-27b/nvfp4/q4k_vendor/quantize_impl.cuh:172: ERROR: CUDA kernel quantize_mmq_nvfp4_worker has no device code compatible with CUDA arch 900. ggml-cuda.cu was compiled for: 900
/workspace/atlas-rental/src/atlas/kernels/hopper/qwen3.6-27b/nvfp4/q4k_vendor/quantize_impl.cuh:172: ERROR: CUDA kernel quantize_mmq_nvfp4_worker has no device code compatible with CUDA arch 900. ggml-cuda.cu was compiled for: 900
/workspace/atlas-rental/src/atlas/kernels/hopper/qwen3.6-27b/nvfp4/q4k_vendor/quantize_impl.cuh:172: ERROR: CUDA kernel quantize_mmq_nvfp4_worker has no device code compatible with CUDA arch 900. ggml-cuda.cu was compiled for: 900
/workspace/atlas-rental/src/atlas/kernels/hopper/qwen3.6-27b/nvfp4/q4k_vendor/quantize_impl.cuh:172: ERROR: CUDA kernel quantize_mmq_nvfp4_worker has no device code compatible with CUDA arch 900. ggml-cuda.cu was compiled for: 900
/workspace/atlas-rental/src/atlas/kernels/hopper/qwen3.6-27b/nvfp4/q4k_vendor/quantize_impl.cuh:172: ERROR: CUDA kernel quantize_mmq_nvfp4_worker has no device code compatible with CUDA arch 900. ggml-cuda.cu was compiled for: 900
/workspace/atlas-rental/src/atlas/kernels/hopper/qwen3.6-27b/nvfp4/q4k_vendor/quantize_impl.cuh:172: ERROR: CUDA kernel quantize_mmq_nvfp4_worker has no device code compatible with CUDA arch 900. ggml-cuda.cu was compiled for: 900
/workspace/atlas-rental/src/atlas/kernels/hopper/qwen3.6-27b/nvfp4/q4k_vendor/quantize_impl.cuh:172: ERROR: CUDA kernel quantize_mmq_nvfp4_worker has no device code compatible with CUDA arch 900. ggml-cuda.cu was compiled for: 900
/workspace/atlas-rental/src/atlas/kernels/hopper/qwen3.6-27b/nvfp4/q4k_vendor/quantize_impl.cuh:172: ERROR: CUDA kernel quantize_mmq_nvfp4_worker has no device code compatible with CUDA arch 900. ggml-cuda.cu was compiled for: 900
/workspace/atlas-rental/src/atlas/kernels/hopper/qwen3.6-27b/nvfp4/q4k_vendor/quantize_impl.cuh:172: ERROR: CUDA kernel quantize_mmq_nvfp4_worker has no device code compatible with CUDA arch 900. ggml-cuda.cu was compiled for: 900
/workspace/atlas-rental/src/atlas/kernels/hopper/qwen3.6-27b/nvfp4/q4k_vendor/quantize_impl.cuh:172: ERROR: CUDA kernel quantize_mmq_nvfp4_worker has no device code compatible with CUDA arch 900. ggml-cuda.cu was compiled for: 900
/workspace/atlas-rental/src/atlas/kernels/hopper/qwen3.6-27b/nvfp4/q4k_vendor/quantize_impl.cuh:172: ERROR: CUDA kernel quantize_mmq_nvfp4_worker has no device code compatible with CUDA arch 900. ggml-cuda.cu was compiled for: 900
/workspace/atlas-rental/src/atlas/kernels/hopper/qwen3.6-27b/nvfp4/q4k_vendor/quantize_impl.cuh:172: ERROR: CUDA kernel quantize_mmq_nvfp4_worker has no device code compatible with CUDA arch 900. ggml-cuda.cu was compiled for: 900
/workspace/atlas-rental/src/atlas/kernels/hopper/qwen3.6-27b/nvfp4/q4k_vendor/quantize_impl.cuh:172: ERROR: CUDA kernel quantize_mmq_nvfp4_worker has no device code compatible with CUDA arch 900. ggml-cuda.cu was compiled for: 900
/workspace/atlas-rental/src/atlas/kernels/hopper/qwen3.6-27b/nvfp4/q4k_vendor/quantize_impl.cuh:172: ERROR: CUDA kernel quantize_mmq_nvfp4_worker has no device code compatible with CUDA arch 900. ggml-cuda.cu was compiled for: 900
/workspace/atlas-rental/src/atlas/kernels/hopper/qwen3.6-27b/nvfp4/q4k_vendor/quantize_impl.cuh:172: ERROR: CUDA kernel quantize_mmq_nvfp4_worker has no device code compatible with CUDA arch 900. ggml-cuda.cu was compiled for: 900
/workspace/atlas-rental/src/atlas/kernels/hopper/qwen3.6-27b/nvfp4/q4k_vendor/quantize_impl.cuh:172: ERROR: CUDA kernel quantize_mmq_nvfp4_worker has no device code compatible with CUDA arch 900. ggml-cuda.cu was compiled for: 900
/workspace/atlas-rental/src/atlas/kernels/hopper/qwen3.6-27b/nvfp4/q4k_vendor/quantize_impl.cuh:172: ERROR: CUDA kernel quantize_mmq_nvfp4_worker has no device code compatible with CUDA arch 900. ggml-cuda.cu was compiled for: 900
/workspace/atlas-rental/src/atlas/kernels/hopper/qwen3.6-27b/nvfp4/q4k_vendor/quantize_impl.cuh:172: ERROR: CUDA kernel quantize_mmq_nvfp4_worker has no device code compatible with CUDA arch 900. ggml-cuda.cu was compiled for: 900
/workspace/atlas-rental/src/atlas/kernels/hopper/qwen3.6-27b/nvfp4/q4k_vendor/quantize_impl.cuh:172: ERROR: CUDA kernel quantize_mmq_nvfp4_worker has no device code compatible with CUDA arch 900. ggml-cuda.cu was compiled for: 900
/workspace/atlas-rental/src/atlas/kernels/hopper/qwen3.6-27b/nvfp4/q4k_vendor/quantize_impl.cuh:172: ERROR: CUDA kernel quantize_mmq_nvfp4_worker has no device code compatible with CUDA arch 900. ggml-cuda.cu was compiled for: 900
/workspace/atlas-rental/src/atlas/kernels/hopper/qwen3.6-27b/nvfp4/q4k_vendor/quantize_impl.cuh:172: ERROR: CUDA kernel quantize_mmq_nvfp4_worker has no device code compatible with CUDA arch 900. ggml-cuda.cu was compiled for: 900
/workspace/atlas-rental/src/atlas/kernels/hopper/qwen3.6-27b/nvfp4/q4k_vendor/quantize_impl.cuh:172: ERROR: CUDA kernel quantize_mmq_nvfp4_worker has no device code compatible with CUDA arch 900. ggml-cuda.cu was compiled for: 900
/workspace/atlas-rental/src/atlas/kernels/hopper/qwen3.6-27b/nvfp4/q4k_vendor/quantize_impl.cuh:172: ERROR: CUDA kernel quantize_mmq_nvfp4_worker has no device code compatible with CUDA arch 900. ggml-cuda.cu was compiled for: 900
/workspace/atlas-rental/src/atlas/kernels/hopper/qwen3.6-27b/nvfp4/q4k_vendor/quantize_impl.cuh:172: ERROR: CUDA kernel quantize_mmq_nvfp4_worker has no device code compatible with CUDA arch 900. ggml-cuda.cu was compiled for: 900
/workspace/atlas-rental/src/atlas/kernels/hopper/qwen3.6-27b/nvfp4/q4k_vendor/quantize_impl.cuh:172: ERROR: CUDA kernel quantize_mmq_nvfp4_worker has no device code compatible with CUDA arch 900. ggml-cuda.cu was compiled for: 900
/workspace/atlas-rental/src/atlas/kernels/hopper/qwen3.6-27b/nvfp4/q4k_vendor/quantize_impl.cuh:172: ERROR: CUDA kernel quantize_mmq_nvfp4_worker has no device code compatible with CUDA arch 900. ggml-cuda.cu was compiled for: 900
/workspace/atlas-rental/src/atlas/kernels/hopper/qwen3.6-27b/nvfp4/q4k_vendor/quantize_impl.cuh:172: ERROR: CUDA kernel quantize_mmq_nvfp4_worker has no device code compatible with CUDA arch 900. ggml-cuda.cu was compiled for: 900
/workspace/atlas-rental/src/atlas/kernels/hopper/qwen3.6-27b/nvfp4/q4k_vendor/quantize_impl.cuh:172: ERROR: CUDA kernel quantize_mmq_nvfp4_worker has no device code compatible with CUDA arch 900. ggml-cuda.cu was compiled for: 900
/workspace/atlas-rental/src/atlas/kernels/hopper/qwen3.6-27b/nvfp4/q4k_vendor/quantize_impl.cuh:172: ERROR: CUDA kernel quantize_mmq_nvfp4_worker has no device code compatible with CUDA arch 900. ggml-cuda.cu was compiled for: 900
/workspace/atlas-rental/src/atlas/kernels/hopper/qwen3.6-27b/nvfp4/q4k_vendor/quantize_impl.cuh:172: ERROR: CUDA kernel quantize_mmq_nvfp4_worker has no device code compatible with CUDA arch 900. ggml-cuda.cu was compiled for: 900
/workspace/atlas-rental/src/atlas/kernels/hopper/qwen3.6-27b/nvfp4/q4k_vendor/quantize_impl.cuh:172: ERROR: CUDA kernel quantize_mmq_nvfp4_worker has no device code compatible with CUDA arch 900. ggml-cuda.cu was compiled for: 900
/workspace/atlas-rental/src/atlas/kernels/hopper/qwen3.6-27b/nvfp4/q4k_vendor/quantize_impl.cuh:172: ERROR: CUDA kernel quantize_mmq_nvfp4_worker has no device code compatible with CUDA arch 900. ggml-cuda.cu was compiled for: 900
/workspace/atlas-rental/src/atlas/kernels/hopper/qwen3.6-27b/nvfp4/q4k_vendor/quantize_impl.cuh:172: ERROR: CUDA kernel quantize_mmq_nvfp4_worker has no device code compatible with CUDA arch 900. ggml-cuda.cu was compiled for: 900
/workspace/atlas-rental/src/atlas/kernels/hopper/qwen3.6-27b/nvfp4/q4k_vendor/quantize_impl.cuh:172: ERROR: CUDA kernel quantize_mmq_nvfp4_worker has no device code compatible with CUDA arch 900. ggml-cuda.cu was compiled for: 900
/workspace/atlas-rental/src/atlas/kernels/hopper/qwen3.6-27b/nvfp4/q4k_vendor/quantize_impl.cuh:172: ERROR: CUDA kernel quantize_mmq_nvfp4_worker has no device code compatible with CUDA arch 900. ggml-cuda.cu was compiled for: 900
/workspace/atlas-rental/src/atlas/kernels/hopper/qwen3.6-27b/nvfp4/q4k_vendor/quantize_impl.cuh:172: ERROR: CUDA kernel quantize_mmq_nvfp4_worker has no device code compatible with CUDA arch 900. ggml-cuda.cu was compiled for: 900
/workspace/atlas-rental/src/atlas/kernels/hopper/qwen3.6-27b/nvfp4/q4k_vendor/quantize_impl.cuh:172: ERROR: CUDA kernel quantize_mmq_nvfp4_worker has no device code compatible with CUDA arch 900. ggml-cuda.cu was compiled for: 900
/workspace/atlas-rental/src/atlas/kernels/hopper/qwen3.6-27b/nvfp4/q4k_vendor/quantize_impl.cuh:172: ERROR: CUDA kernel quantize_mmq_nvfp4_worker has no device code compatible with CUDA arch 900. ggml-cuda.cu was compiled for: 900
/workspace/atlas-rental/src/atlas/kernels/hopper/qwen3.6-27b/nvfp4/q4k_vendor/quantize_impl.cuh:172: ERROR: CUDA kernel quantize_mmq_nvfp4_worker has no device code compatible with CUDA arch 900. ggml-cuda.cu was compiled for: 900
/workspace/atlas-rental/src/atlas/kernels/hopper/qwen3.6-27b/nvfp4/q4k_vendor/quantize_impl.cuh:172: ERROR: CUDA kernel quantize_mmq_nvfp4_worker has no device code compatible with CUDA arch 900. ggml-cuda.cu was compiled for: 900
/workspace/atlas-rental/src/atlas/kernels/hopper/qwen3.6-27b/nvfp4/q4k_vendor/quantize_impl.cuh:172: ERROR: CUDA kernel quantize_mmq_nvfp4_worker has no device code compatible with CUDA arch 900. ggml-cuda.cu was compiled for: 900
/workspace/atlas-rental/src/atlas/kernels/hopper/qwen3.6-27b/nvfp4/q4k_vendor/quantize_impl.cuh:172: ERROR: CUDA kernel quantize_mmq_nvfp4_worker has no device code compatible with CUDA arch 900. ggml-cuda.cu was compiled for: 900
/workspace/atlas-rental/src/atlas/kernels/hopper/qwen3.6-27b/nvfp4/q4k_vendor/quantize_impl.cuh:172: ERROR: CUDA kernel quantize_mmq_nvfp4_worker has no device code compatible with CUDA arch 900. ggml-cuda.cu was compiled for: 900
/workspace/atlas-rental/src/atlas/kernels/hopper/qwen3.6-27b/nvfp4/q4k_vendor/quantize_impl.cuh:172: ERROR: CUDA kernel quantize_mmq_nvfp4_worker has no device code compatible with CUDA arch 900. ggml-cuda.cu was compiled for: 900
/workspace/atlas-rental/src/atlas/kernels/hopper/qwen3.6-27b/nvfp4/q4k_vendor/quantize_impl.cuh:172: ERROR: CUDA kernel quantize_mmq_nvfp4_worker has no device code compatible with CUDA arch 900. ggml-cuda.cu was compiled for: 900
/workspace/atlas-rental/src/atlas/kernels/hopper/qwen3.6-27b/nvfp4/q4k_vendor/quantize_impl.cuh:172: ERROR: CUDA kernel quantize_mmq_nvfp4_worker has no device code compatible with CUDA arch 900. ggml-cuda.cu was compiled for: 900
/workspace/atlas-rental/src/atlas/kernels/hopper/qwen3.6-27b/nvfp4/q4k_vendor/quantize_impl.cuh:172: ERROR: CUDA kernel quantize_mmq_nvfp4_worker has no device code compatible with CUDA arch 900. ggml-cuda.cu was compiled for: 900
/workspace/atlas-rental/src/atlas/kernels/hopper/qwen3.6-27b/nvfp4/q4k_vendor/quantize_impl.cuh:172: ERROR: CUDA kernel quantize_mmq_nvfp4_worker has no device code compatible with CUDA arch 900. ggml-cuda.cu was compiled for: 900
/workspace/atlas-rental/src/atlas/kernels/hopper/qwen3.6-27b/nvfp4/q4k_vendor/quantize_impl.cuh:172: ERROR: CUDA kernel quantize_mmq_nvfp4_worker has no device code compatible with CUDA arch 900. ggml-cuda.cu was compiled for: 900
/workspace/atlas-rental/src/atlas/kernels/hopper/qwen3.6-27b/nvfp4/q4k_vendor/quantize_impl.cuh:172: ERROR: CUDA kernel quantize_mmq_nvfp4_worker has no device code compatible with CUDA arch 900. ggml-cuda.cu was compiled for: 900
/workspace/atlas-rental/src/atlas/kernels/hopper/qwen3.6-27b/nvfp4/q4k_vendor/quantize_impl.cuh:172: ERROR: CUDA kernel quantize_mmq_nvfp4_worker has no device code compatible with CUDA arch 900. ggml-cuda.cu was compiled for: 900
/workspace/atlas-rental/src/atlas/kernels/hopper/qwen3.6-27b/nvfp4/q4k_vendor/quantize_impl.cuh:172: ERROR: CUDA kernel quantize_mmq_nvfp4_worker has no device code compatible with CUDA arch 900. ggml-cuda.cu was compiled for: 900
/workspace/atlas-rental/src/atlas/kernels/hopper/qwen3.6-27b/nvfp4/q4k_vendor/quantize_impl.cuh:172: ERROR: CUDA kernel quantize_mmq_nvfp4_worker has no device code compatible with CUDA arch 900. ggml-cuda.cu was compiled for: 900
/workspace/atlas-rental/src/atlas/kernels/hopper/qwen3.6-27b/nvfp4/q4k_vendor/quantize_impl.cuh:172: ERROR: CUDA kernel quantize_mmq_nvfp4_worker has no device code compatible with CUDA arch 900. ggml-cuda.cu was compiled for: 900
/workspace/atlas-rental/src/atlas/kernels/hopper/qwen3.6-27b/nvfp4/q4k_vendor/quantize_impl.cuh:172: ERROR: CUDA kernel quantize_mmq_nvfp4_worker has no device code compatible with CUDA arch 900. ggml-cuda.cu was compiled for: 900
/workspace/atlas-rental/src/atlas/kernels/hopper/qwen3.6-27b/nvfp4/q4k_vendor/quantize_impl.cuh:172: ERROR: CUDA kernel quantize_mmq_nvfp4_worker has no device code compatible with CUDA arch 900. ggml-cuda.cu was compiled for: 900
/workspace/atlas-rental/src/atlas/kernels/hopper/qwen3.6-27b/nvfp4/q4k_vendor/quantize_impl.cuh:172: ERROR: CUDA kernel quantize_mmq_nvfp4_worker has no device code compatible with CUDA arch 900. ggml-cuda.cu was compiled for: 900
/workspace/atlas-rental/src/atlas/kernels/hopper/qwen3.6-27b/nvfp4/q4k_vendor/quantize_impl.cuh:172: ERROR: CUDA kernel quantize_mmq_nvfp4_worker has no device code compatible with CUDA arch 900. ggml-cuda.cu was compiled for: 900
/workspace/atlas-rental/src/atlas/kernels/hopper/qwen3.6-27b/nvfp4/q4k_vendor/quantize_impl.cuh:172: ERROR: CUDA kernel quantize_mmq_nvfp4_worker has no device code compatible with CUDA arch 900. ggml-cuda.cu was compiled for: 900
/workspace/atlas-rental/src/atlas/kernels/hopper/qwen3.6-27b/nvfp4/q4k_vendor/quantize_impl.cuh:172: ERROR: CUDA kernel quantize_mmq_nvfp4_worker has no device code compatible with CUDA arch 900. ggml-cuda.cu was compiled for: 900
/workspace/atlas-rental/src/atlas/kernels/hopper/qwen3.6-27b/nvfp4/q4k_vendor/quantize_impl.cuh:172: ERROR: CUDA kernel quantize_mmq_nvfp4_worker has no device code compatible with CUDA arch 900. ggml-cuda.cu was compiled for: 900
/workspace/atlas-rental/src/atlas/kernels/hopper/qwen3.6-27b/nvfp4/q4k_vendor/quantize_impl.cuh:172: ERROR: CUDA kernel quantize_mmq_nvfp4_worker has no device code compatible with CUDA arch 900. ggml-cuda.cu was compiled for: 900
/workspace/atlas-rental/src/atlas/kernels/hopper/qwen3.6-27b/nvfp4/q4k_vendor/quantize_impl.cuh:172: ERROR: CUDA kernel quantize_mmq_nvfp4_worker has no device code compatible with CUDA arch 900. ggml-cuda.cu was compiled for: 900
/workspace/atlas-rental/src/atlas/kernels/hopper/qwen3.6-27b/nvfp4/q4k_vendor/quantize_impl.cuh:172: ERROR: CUDA kernel quantize_mmq_nvfp4_worker has no device code compatible with CUDA arch 900. ggml-cuda.cu was compiled for: 900
/workspace/atlas-rental/src/atlas/kernels/hopper/qwen3.6-27b/nvfp4/q4k_vendor/quantize_impl.cuh:172: ERROR: CUDA kernel quantize_mmq_nvfp4_worker has no device code compatible with CUDA arch 900. ggml-cuda.cu was compiled for: 900
/workspace/atlas-rental/src/atlas/kernels/hopper/qwen3.6-27b/nvfp4/q4k_vendor/quantize_impl.cuh:172: ERROR: CUDA kernel quantize_mmq_nvfp4_worker has no device code compatible with CUDA arch 900. ggml-cuda.cu was compiled for: 900
/workspace/atlas-rental/src/atlas/kernels/hopper/qwen3.6-27b/nvfp4/q4k_vendor/quantize_impl.cuh:172: ERROR: CUDA kernel quantize_mmq_nvfp4_worker has no device code compatible with CUDA arch 900. ggml-cuda.cu was compiled for: 900
/workspace/atlas-rental/src/atlas/kernels/hopper/qwen3.6-27b/nvfp4/q4k_vendor/quantize_impl.cuh:172: ERROR: CUDA kernel quantize_mmq_nvfp4_worker has no device code compatible with CUDA arch 900. ggml-cuda.cu was compiled for: 900
/workspace/atlas-rental/src/atlas/kernels/hopper/qwen3.6-27b/nvfp4/q4k_vendor/quantize_impl.cuh:172: ERROR: CUDA kernel quantize_mmq_nvfp4_worker has no device code compatible with CUDA arch 900. ggml-cuda.cu was compiled for: 900
/workspace/atlas-rental/src/atlas/kernels/hopper/qwen3.6-27b/nvfp4/q4k_vendor/quantize_impl.cuh:172: ERROR: CUDA kernel quantize_mmq_nvfp4_worker has no device code compatible with CUDA arch 900. ggml-cuda.cu was compiled for: 900
/workspace/atlas-rental/src/atlas/kernels/hopper/qwen3.6-27b/nvfp4/q4k_vendor/quantize_impl.cuh:172: ERROR: CUDA kernel quantize_mmq_nvfp4_worker has no device code compatible with CUDA arch 900. ggml-cuda.cu was compiled for: 900
/workspace/atlas-rental/src/atlas/kernels/hopper/qwen3.6-27b/nvfp4/q4k_vendor/quantize_impl.cuh:172: ERROR: CUDA kernel quantize_mmq_nvfp4_worker has no device code compatible with CUDA arch 900. ggml-cuda.cu was compiled for: 900
/workspace/atlas-rental/src/atlas/kernels/hopper/qwen3.6-27b/nvfp4/q4k_vendor/quantize_impl.cuh:172: ERROR: CUDA kernel quantize_mmq_nvfp4_worker has no device code compatible with CUDA arch 900. ggml-cuda.cu was compiled for: 900
/workspace/atlas-rental/src/atlas/kernels/hopper/qwen3.6-27b/nvfp4/q4k_vendor/quantize_impl.cuh:172: ERROR: CUDA kernel quantize_mmq_nvfp4_worker has no device code compatible with CUDA arch 900. ggml-cuda.cu was compiled for: 900
/workspace/atlas-rental/src/atlas/kernels/hopper/qwen3.6-27b/nvfp4/q4k_vendor/quantize_impl.cuh:172: ERROR: CUDA kernel quantize_mmq_nvfp4_worker has no device code compatible with CUDA arch 900. ggml-cuda.cu was compiled for: 900
/workspace/atlas-rental/src/atlas/kernels/hopper/qwen3.6-27b/nvfp4/q4k_vendor/quantize_impl.cuh:172: ERROR: CUDA kernel quantize_mmq_nvfp4_worker has no device code compatible with CUDA arch 900. ggml-cuda.cu was compiled for: 900
/workspace/atlas-rental/src/atlas/kernels/hopper/qwen3.6-27b/nvfp4/q4k_vendor/quantize_impl.cuh:172: ERROR: CUDA kernel quantize_mmq_nvfp4_worker has no device code compatible with CUDA arch 900. ggml-cuda.cu was compiled for: 900
/workspace/atlas-rental/src/atlas/kernels/hopper/qwen3.6-27b/nvfp4/q4k_vendor/quantize_impl.cuh:172: ERROR: CUDA kernel quantize_mmq_nvfp4_worker has no device code compatible with CUDA arch 900. ggml-cuda.cu was compiled for: 900
/workspace/atlas-rental/src/atlas/kernels/hopper/qwen3.6-27b/nvfp4/q4k_vendor/quantize_impl.cuh:172: ERROR: CUDA kernel quantize_mmq_nvfp4_worker has no device code compatible with CUDA arch 900. ggml-cuda.cu was compiled for: 900
/workspace/atlas-rental/src/atlas/kernels/hopper/qwen3.6-27b/nvfp4/q4k_vendor/quantize_impl.cuh:172: ERROR: CUDA kernel quantize_mmq_nvfp4_worker has no device code compatible with CUDA arch 900. ggml-cuda.cu was compiled for: 900
/workspace/atlas-rental/src/atlas/kernels/hopper/qwen3.6-27b/nvfp4/q4k_vendor/quantize_impl.cuh:172: ERROR: CUDA kernel quantize_mmq_nvfp4_worker has no device code compatible with CUDA arch 900. ggml-cuda.cu was compiled for: 900
/workspace/atlas-rental/src/atlas/kernels/hopper/qwen3.6-27b/nvfp4/q4k_vendor/quantize_impl.cuh:172: ERROR: CUDA kernel quantize_mmq_nvfp4_worker has no device code compatible with CUDA arch 900. ggml-cuda.cu was compiled for: 900
/workspace/atlas-rental/src/atlas/kernels/hopper/qwen3.6-27b/nvfp4/q4k_vendor/quantize_impl.cuh:172: ERROR: CUDA kernel quantize_mmq_nvfp4_worker has no device code compatible with CUDA arch 900. ggml-cuda.cu was compiled for: 900
/workspace/atlas-rental/src/atlas/kernels/hopper/qwen3.6-27b/nvfp4/q4k_vendor/quantize_impl.cuh:172: ERROR: CUDA kernel quantize_mmq_nvfp4_worker has no device code compatible with CUDA arch 900. ggml-cuda.cu was compiled for: 900
/workspace/atlas-rental/src/atlas/kernels/hopper/qwen3.6-27b/nvfp4/q4k_vendor/quantize_impl.cuh:172: ERROR: CUDA kernel quantize_mmq_nvfp4_worker has no device code compatible with CUDA arch 900. ggml-cuda.cu was compiled for: 900
/workspace/atlas-rental/src/atlas/kernels/hopper/qwen3.6-27b/nvfp4/q4k_vendor/quantize_impl.cuh:172: ERROR: CUDA kernel quantize_mmq_nvfp4_worker has no device code compatible with CUDA arch 900. ggml-cuda.cu was compiled for: 900
/workspace/atlas-rental/src/atlas/kernels/hopper/qwen3.6-27b/nvfp4/q4k_vendor/quantize_impl.cuh:172: ERROR: CUDA kernel quantize_mmq_nvfp4_worker has no device code compatible with CUDA arch 900. ggml-cuda.cu was compiled for: 900
/workspace/atlas-rental/src/atlas/kernels/hopper/qwen3.6-27b/nvfp4/q4k_vendor/quantize_impl.cuh:172: ERROR: CUDA kernel quantize_mmq_nvfp4_worker has no device code compatible with CUDA arch 900. ggml-cuda.cu was compiled for: 900
/workspace/atlas-rental/src/atlas/kernels/hopper/qwen3.6-27b/nvfp4/q4k_vendor/quantize_impl.cuh:172: ERROR: CUDA kernel quantize_mmq_nvfp4_worker has no device code compatible with CUDA arch 900. ggml-cuda.cu was compiled for: 900
/workspace/atlas-rental/src/atlas/kernels/hopper/qwen3.6-27b/nvfp4/q4k_vendor/quantize_impl.cuh:172: ERROR: CUDA kernel quantize_mmq_nvfp4_worker has no device code compatible with CUDA arch 900. ggml-cuda.cu was compiled for: 900
/workspace/atlas-rental/src/atlas/kernels/hopper/qwen3.6-27b/nvfp4/q4k_vendor/quantize_impl.cuh:172: ERROR: CUDA kernel quantize_mmq_nvfp4_worker has no device code compatible with CUDA arch 900. ggml-cuda.cu was compiled for: 900
/workspace/atlas-rental/src/atlas/kernels/hopper/qwen3.6-27b/nvfp4/q4k_vendor/quantize_impl.cuh:172: ERROR: CUDA kernel quantize_mmq_nvfp4_worker has no device code compatible with CUDA arch 900. ggml-cuda.cu was compiled for: 900
/workspace/atlas-rental/src/atlas/kernels/hopper/qwen3.6-27b/nvfp4/q4k_vendor/quantize_impl.cuh:172: ERROR: CUDA kernel quantize_mmq_nvfp4_worker has no device code compatible with CUDA arch 900. ggml-cuda.cu was compiled for: 900
/workspace/atlas-rental/src/atlas/kernels/hopper/qwen3.6-27b/nvfp4/q4k_vendor/quantize_impl.cuh:172: ERROR: CUDA kernel quantize_mmq_nvfp4_worker has no device code compatible with CUDA arch 900. ggml-cuda.cu was compiled for: 900
/workspace/atlas-rental/src/atlas/kernels/hopper/qwen3.6-27b/nvfp4/q4k_vendor/quantize_impl.cuh:172: ERROR: CUDA kernel quantize_mmq_nvfp4_worker has no device code compatible with CUDA arch 900. ggml-cuda.cu was compiled for: 900
/workspace/atlas-rental/src/atlas/kernels/hopper/qwen3.6-27b/nvfp4/q4k_vendor/quantize_impl.cuh:172: ERROR: CUDA kernel quantize_mmq_nvfp4_worker has no device code compatible with CUDA arch 900. ggml-cuda.cu was compiled for: 900
/workspace/atlas-rental/src/atlas/kernels/hopper/qwen3.6-27b/nvfp4/q4k_vendor/quantize_impl.cuh:172: ERROR: CUDA kernel quantize_mmq_nvfp4_worker has no device code compatible with CUDA arch 900. ggml-cuda.cu was compiled for: 900
/workspace/atlas-rental/src/atlas/kernels/hopper/qwen3.6-27b/nvfp4/q4k_vendor/quantize_impl.cuh:172: ERROR: CUDA kernel quantize_mmq_nvfp4_worker has no device code compatible with CUDA arch 900. ggml-cuda.cu was compiled for: 900
/workspace/atlas-rental/src/atlas/kernels/hopper/qwen3.6-27b/nvfp4/q4k_vendor/quantize_impl.cuh:172: ERROR: CUDA kernel quantize_mmq_nvfp4_worker has no device code compatible with CUDA arch 900. ggml-cuda.cu was compiled for: 900
/workspace/atlas-rental/src/atlas/kernels/hopper/qwen3.6-27b/nvfp4/q4k_vendor/quantize_impl.cuh:172: ERROR: CUDA kernel quantize_mmq_nvfp4_worker has no device code compatible with CUDA arch 900. ggml-cuda.cu was compiled for: 900
/workspace/atlas-rental/src/atlas/kernels/hopper/qwen3.6-27b/nvfp4/q4k_vendor/quantize_impl.cuh:172: ERROR: CUDA kernel quantize_mmq_nvfp4_worker has no device code compatible with CUDA arch 900. ggml-cuda.cu was compiled for: 900
/workspace/atlas-rental/src/atlas/kernels/hopper/qwen3.6-27b/nvfp4/q4k_vendor/quantize_impl.cuh:172: ERROR: CUDA kernel quantize_mmq_nvfp4_worker has no device code compatible with CUDA arch 900. ggml-cuda.cu was compiled for: 900
/workspace/atlas-rental/src/atlas/kernels/hopper/qwen3.6-27b/nvfp4/q4k_vendor/quantize_impl.cuh:172: ERROR: CUDA kernel quantize_mmq_nvfp4_worker has no device code compatible with CUDA arch 900. ggml-cuda.cu was compiled for: 900
/workspace/atlas-rental/src/atlas/kernels/hopper/qwen3.6-27b/nvfp4/q4k_vendor/quantize_impl.cuh:172: ERROR: CUDA kernel quantize_mmq_nvfp4_worker has no device code compatible with CUDA arch 900. ggml-cuda.cu was compiled for: 900
/workspace/atlas-rental/src/atlas/kernels/hopper/qwen3.6-27b/nvfp4/q4k_vendor/quantize_impl.cuh:172: ERROR: CUDA kernel quantize_mmq_nvfp4_worker has no device code compatible with CUDA arch 900. ggml-cuda.cu was compiled for: 900
/workspace/atlas-rental/src/atlas/kernels/hopper/qwen3.6-27b/nvfp4/q4k_vendor/quantize_impl.cuh:172: ERROR: CUDA kernel quantize_mmq_nvfp4_worker has no device code compatible with CUDA arch 900. ggml-cuda.cu was compiled for: 900
/workspace/atlas-rental/src/atlas/kernels/hopper/qwen3.6-27b/nvfp4/q4k_vendor/quantize_impl.cuh:172: ERROR: CUDA kernel quantize_mmq_nvfp4_worker has no device code compatible with CUDA arch 900. ggml-cuda.cu was compiled for: 900
/workspace/atlas-rental/src/atlas/kernels/hopper/qwen3.6-27b/nvfp4/q4k_vendor/quantize_impl.cuh:172: ERROR: CUDA kernel quantize_mmq_nvfp4_worker has no device code compatible with CUDA arch 900. ggml-cuda.cu was compiled for: 900
/workspace/atlas-rental/src/atlas/kernels/hopper/qwen3.6-27b/nvfp4/q4k_vendor/quantize_impl.cuh:172: ERROR: CUDA kernel quantize_mmq_nvfp4_worker has no device code compatible with CUDA arch 900. ggml-cuda.cu was compiled for: 900
/workspace/atlas-rental/src/atlas/kernels/hopper/qwen3.6-27b/nvfp4/q4k_vendor/quantize_impl.cuh:172: ERROR: CUDA kernel quantize_mmq_nvfp4_worker has no device code compatible with CUDA arch 900. ggml-cuda.cu was compiled for: 900
/workspace/atlas-rental/src/atlas/kernels/hopper/qwen3.6-27b/nvfp4/q4k_vendor/quantize_impl.cuh:172: ERROR: CUDA kernel quantize_mmq_nvfp4_worker has no device code compatible with CUDA arch 900. ggml-cuda.cu was compiled for: 900
/workspace/atlas-rental/src/atlas/kernels/hopper/qwen3.6-27b/nvfp4/q4k_vendor/quantize_impl.cuh:172: ERROR: CUDA kernel quantize_mmq_nvfp4_worker has no device code compatible with CUDA arch 900. ggml-cuda.cu was compiled for: 900
/workspace/atlas-rental/src/atlas/kernels/hopper/qwen3.6-27b/nvfp4/q4k_vendor/quantize_impl.cuh:172: ERROR: CUDA kernel quantize_mmq_nvfp4_worker has no device code compatible with CUDA arch 900. ggml-cuda.cu was compiled for: 900
/workspace/atlas-rental/src/atlas/kernels/hopper/qwen3.6-27b/nvfp4/q4k_vendor/quantize_impl.cuh:172: ERROR: CUDA kernel quantize_mmq_nvfp4_worker has no device code compatible with CUDA arch 900. ggml-cuda.cu was compiled for: 900
/workspace/atlas-rental/src/atlas/kernels/hopper/qwen3.6-27b/nvfp4/q4k_vendor/quantize_impl.cuh:172: ERROR: CUDA kernel quantize_mmq_nvfp4_worker has no device code compatible with CUDA arch 900. ggml-cuda.cu was compiled for: 900
/workspace/atlas-rental/src/atlas/kernels/hopper/qwen3.6-27b/nvfp4/q4k_vendor/quantize_impl.cuh:172: ERROR: CUDA kernel quantize_mmq_nvfp4_worker has no device code compatible with CUDA arch 900. ggml-cuda.cu was compiled for: 900
/workspace/atlas-rental/src/atlas/kernels/hopper/qwen3.6-27b/nvfp4/q4k_vendor/quantize_impl.cuh:172: ERROR: CUDA kernel quantize_mmq_nvfp4_worker has no device code compatible with CUDA arch 900. ggml-cuda.cu was compiled for: 900
/workspace/atlas-rental/src/atlas/kernels/hopper/qwen3.6-27b/nvfp4/q4k_vendor/quantize_impl.cuh:172: ERROR: CUDA kernel quantize_mmq_nvfp4_worker has no device code compatible with CUDA arch 900. ggml-cuda.cu was compiled for: 900
/workspace/atlas-rental/src/atlas/kernels/hopper/qwen3.6-27b/nvfp4/q4k_vendor/quantize_impl.cuh:172: ERROR: CUDA kernel quantize_mmq_nvfp4_worker has no device code compatible with CUDA arch 900. ggml-cuda.cu was compiled for: 900
/workspace/atlas-rental/src/atlas/kernels/hopper/qwen3.6-27b/nvfp4/q4k_vendor/quantize_impl.cuh:172: ERROR: CUDA kernel quantize_mmq_nvfp4_worker has no device code compatible with CUDA arch 900. ggml-cuda.cu was compiled for: 900
/workspace/atlas-rental/src/atlas/kernels/hopper/qwen3.6-27b/nvfp4/q4k_vendor/quantize_impl.cuh:172: ERROR: CUDA kernel quantize_mmq_nvfp4_worker has no device code compatible with CUDA arch 900. ggml-cuda.cu was compiled for: 900
/workspace/atlas-rental/src/atlas/kernels/hopper/qwen3.6-27b/nvfp4/q4k_vendor/quantize_impl.cuh:172: ERROR: CUDA kernel quantize_mmq_nvfp4_worker has no device code compatible with CUDA arch 900. ggml-cuda.cu was compiled for: 900
/workspace/atlas-rental/src/atlas/kernels/hopper/qwen3.6-27b/nvfp4/q4k_vendor/quantize_impl.cuh:172: ERROR: CUDA kernel quantize_mmq_nvfp4_worker has no device code compatible with CUDA arch 900. ggml-cuda.cu was compiled for: 900
/workspace/atlas-rental/src/atlas/kernels/hopper/qwen3.6-27b/nvfp4/q4k_vendor/quantize_impl.cuh:172: ERROR: CUDA kernel quantize_mmq_nvfp4_worker has no device code compatible with CUDA arch 900. ggml-cuda.cu was compiled for: 900
/workspace/atlas-rental/src/atlas/kernels/hopper/qwen3.6-27b/nvfp4/q4k_vendor/quantize_impl.cuh:172: ERROR: CUDA kernel quantize_mmq_nvfp4_worker has no device code compatible with CUDA arch 900. ggml-cuda.cu was compiled for: 900
/workspace/atlas-rental/src/atlas/kernels/hopper/qwen3.6-27b/nvfp4/q4k_vendor/quantize_impl.cuh:172: ERROR: CUDA kernel quantize_mmq_nvfp4_worker has no device code compatible with CUDA arch 900. ggml-cuda.cu was compiled for: 900
/workspace/atlas-rental/src/atlas/kernels/hopper/qwen3.6-27b/nvfp4/q4k_vendor/quantize_impl.cuh:172: ERROR: CUDA kernel quantize_mmq_nvfp4_worker has no device code compatible with CUDA arch 900. ggml-cuda.cu was compiled for: 900
/workspace/atlas-rental/src/atlas/kernels/hopper/qwen3.6-27b/nvfp4/q4k_vendor/quantize_impl.cuh:172: ERROR: CUDA kernel quantize_mmq_nvfp4_worker has no device code compatible with CUDA arch 900. ggml-cuda.cu was compiled for: 900
/workspace/atlas-rental/src/atlas/kernels/hopper/qwen3.6-27b/nvfp4/q4k_vendor/quantize_impl.cuh:172: ERROR: CUDA kernel quantize_mmq_nvfp4_worker has no device code compatible with CUDA arch 900. ggml-cuda.cu was compiled for: 900
/workspace/atlas-rental/src/atlas/kernels/hopper/qwen3.6-27b/nvfp4/q4k_vendor/quantize_impl.cuh:172: ERROR: CUDA kernel quantize_mmq_nvfp4_worker has no device code compatible with CUDA arch 900. ggml-cuda.cu was compiled for: 900
/workspace/atlas-rental/src/atlas/kernels/hopper/qwen3.6-27b/nvfp4/q4k_vendor/quantize_impl.cuh:172: ERROR: CUDA kernel quantize_mmq_nvfp4_worker has no device code compatible with CUDA arch 900. ggml-cuda.cu was compiled for: 900
/workspace/atlas-rental/src/atlas/kernels/hopper/qwen3.6-27b/nvfp4/q4k_vendor/quantize_impl.cuh:172: ERROR: CUDA kernel quantize_mmq_nvfp4_worker has no device code compatible with CUDA arch 900. ggml-cuda.cu was compiled for: 900
/workspace/atlas-rental/src/atlas/kernels/hopper/qwen3.6-27b/nvfp4/q4k_vendor/quantize_impl.cuh:172: ERROR: CUDA kernel quantize_mmq_nvfp4_worker has no device code compatible with CUDA arch 900. ggml-cuda.cu was compiled for: 900
/workspace/atlas-rental/src/atlas/kernels/hopper/qwen3.6-27b/nvfp4/q4k_vendor/quantize_impl.cuh:172: ERROR: CUDA kernel quantize_mmq_nvfp4_worker has no device code compatible with CUDA arch 900. ggml-cuda.cu was compiled for: 900
/workspace/atlas-rental/src/atlas/kernels/hopper/qwen3.6-27b/nvfp4/q4k_vendor/quantize_impl.cuh:172: ERROR: CUDA kernel quantize_mmq_nvfp4_worker has no device code compatible with CUDA arch 900. ggml-cuda.cu was compiled for: 900
/workspace/atlas-rental/src/atlas/kernels/hopper/qwen3.6-27b/nvfp4/q4k_vendor/quantize_impl.cuh:172: ERROR: CUDA kernel quantize_mmq_nvfp4_worker has no device code compatible with CUDA arch 900. ggml-cuda.cu was compiled for: 900
/workspace/atlas-rental/src/atlas/kernels/hopper/qwen3.6-27b/nvfp4/q4k_vendor/quantize_impl.cuh:172: ERROR: CUDA kernel quantize_mmq_nvfp4_worker has no device code compatible with CUDA arch 900. ggml-cuda.cu was compiled for: 900
/workspace/atlas-rental/src/atlas/kernels/hopper/qwen3.6-27b/nvfp4/q4k_vendor/quantize_impl.cuh:172: ERROR: CUDA kernel quantize_mmq_nvfp4_worker has no device code compatible with CUDA arch 900. ggml-cuda.cu was compiled for: 900
/workspace/atlas-rental/src/atlas/kernels/hopper/qwen3.6-27b/nvfp4/q4k_vendor/quantize_impl.cuh:172: ERROR: CUDA kernel quantize_mmq_nvfp4_worker has no device code compatible with CUDA arch 900. ggml-cuda.cu was compiled for: 900
/workspace/atlas-rental/src/atlas/kernels/hopper/qwen3.6-27b/nvfp4/q4k_vendor/quantize_impl.cuh:172: ERROR: CUDA kernel quantize_mmq_nvfp4_worker has no device code compatible with CUDA arch 900. ggml-cuda.cu was compiled for: 900
/workspace/atlas-rental/src/atlas/kernels/hopper/qwen3.6-27b/nvfp4/q4k_vendor/quantize_impl.cuh:172: ERROR: CUDA kernel quantize_mmq_nvfp4_worker has no device code compatible with CUDA arch 900. ggml-cuda.cu was compiled for: 900
/workspace/atlas-rental/src/atlas/kernels/hopper/qwen3.6-27b/nvfp4/q4k_vendor/quantize_impl.cuh:172: ERROR: CUDA kernel quantize_mmq_nvfp4_worker has no device code compatible with CUDA arch 900. ggml-cuda.cu was compiled for: 900
/workspace/atlas-rental/src/atlas/kernels/hopper/qwen3.6-27b/nvfp4/q4k_vendor/quantize_impl.cuh:172: ERROR: CUDA kernel quantize_mmq_nvfp4_worker has no device code compatible with CUDA arch 900. ggml-cuda.cu was compiled for: 900
/workspace/atlas-rental/src/atlas/kernels/hopper/qwen3.6-27b/nvfp4/q4k_vendor/quantize_impl.cuh:172: ERROR: CUDA kernel quantize_mmq_nvfp4_worker has no device code compatible with CUDA arch 900. ggml-cuda.cu was compiled for: 900
/workspace/atlas-rental/src/atlas/kernels/hopper/qwen3.6-27b/nvfp4/q4k_vendor/quantize_impl.cuh:172: ERROR: CUDA kernel quantize_mmq_nvfp4_worker has no device code compatible with CUDA arch 900. ggml-cuda.cu was compiled for: 900
/workspace/atlas-rental/src/atlas/kernels/hopper/qwen3.6-27b/nvfp4/q4k_vendor/quantize_impl.cuh:172: ERROR: CUDA kernel quantize_mmq_nvfp4_worker has no device code compatible with CUDA arch 900. ggml-cuda.cu was compiled for: 900
/workspace/atlas-rental/src/atlas/kernels/hopper/qwen3.6-27b/nvfp4/q4k_vendor/quantize_impl.cuh:172: ERROR: CUDA kernel quantize_mmq_nvfp4_worker has no device code compatible with CUDA arch 900. ggml-cuda.cu was compiled for: 900
/workspace/atlas-rental/src/atlas/kernels/hopper/qwen3.6-27b/nvfp4/q4k_vendor/quantize_impl.cuh:172: ERROR: CUDA kernel quantize_mmq_nvfp4_worker has no device code compatible with CUDA arch 900. ggml-cuda.cu was compiled for: 900
/workspace/atlas-rental/src/atlas/kernels/hopper/qwen3.6-27b/nvfp4/q4k_vendor/quantize_impl.cuh:172: ERROR: CUDA kernel quantize_mmq_nvfp4_worker has no device code compatible with CUDA arch 900. ggml-cuda.cu was compiled for: 900
/workspace/atlas-rental/src/atlas/kernels/hopper/qwen3.6-27b/nvfp4/q4k_vendor/quantize_impl.cuh:172: ERROR: CUDA kernel quantize_mmq_nvfp4_worker has no device code compatible with CUDA arch 900. ggml-cuda.cu was compiled for: 900
/workspace/atlas-rental/src/atlas/kernels/hopper/qwen3.6-27b/nvfp4/q4k_vendor/quantize_impl.cuh:172: ERROR: CUDA kernel quantize_mmq_nvfp4_worker has no device code compatible with CUDA arch 900. ggml-cuda.cu was compiled for: 900
/workspace/atlas-rental/src/atlas/kernels/hopper/qwen3.6-27b/nvfp4/q4k_vendor/quantize_impl.cuh:172: ERROR: CUDA kernel quantize_mmq_nvfp4_worker has no device code compatible with CUDA arch 900. ggml-cuda.cu was compiled for: 900
/workspace/atlas-rental/src/atlas/kernels/hopper/qwen3.6-27b/nvfp4/q4k_vendor/quantize_impl.cuh:172: ERROR: CUDA kernel quantize_mmq_nvfp4_worker has no device code compatible with CUDA arch 900. ggml-cuda.cu was compiled for: 900
/workspace/atlas-rental/src/atlas/kernels/hopper/qwen3.6-27b/nvfp4/q4k_vendor/quantize_impl.cuh:172: ERROR: CUDA kernel quantize_mmq_nvfp4_worker has no device code compatible with CUDA arch 900. ggml-cuda.cu was compiled for: 900
/workspace/atlas-rental/src/atlas/kernels/hopper/qwen3.6-27b/nvfp4/q4k_vendor/quantize_impl.cuh:172: ERROR: CUDA kernel quantize_mmq_nvfp4_worker has no device code compatible with CUDA arch 900. ggml-cuda.cu was compiled for: 900
/workspace/atlas-rental/src/atlas/kernels/hopper/qwen3.6-27b/nvfp4/q4k_vendor/quantize_impl.cuh:172: ERROR: CUDA kernel quantize_mmq_nvfp4_worker has no device code compatible with CUDA arch 900. ggml-cuda.cu was compiled for: 900
/workspace/atlas-rental/src/atlas/kernels/hopper/qwen3.6-27b/nvfp4/q4k_vendor/quantize_impl.cuh:172: ERROR: CUDA kernel quantize_mmq_nvfp4_worker has no device code compatible with CUDA arch 900. ggml-cuda.cu was compiled for: 900
/workspace/atlas-rental/src/atlas/kernels/hopper/qwen3.6-27b/nvfp4/q4k_vendor/quantize_impl.cuh:172: ERROR: CUDA kernel quantize_mmq_nvfp4_worker has no device code compatible with CUDA arch 900. ggml-cuda.cu was compiled for: 900
/workspace/atlas-rental/src/atlas/kernels/hopper/qwen3.6-27b/nvfp4/q4k_vendor/quantize_impl.cuh:172: ERROR: CUDA kernel quantize_mmq_nvfp4_worker has no device code compatible with CUDA arch 900. ggml-cuda.cu was compiled for: 900
/workspace/atlas-rental/src/atlas/kernels/hopper/qwen3.6-27b/nvfp4/q4k_vendor/quantize_impl.cuh:172: ERROR: CUDA kernel quantize_mmq_nvfp4_worker has no device code compatible with CUDA arch 900. ggml-cuda.cu was compiled for: 900
/workspace/atlas-rental/src/atlas/kernels/hopper/qwen3.6-27b/nvfp4/q4k_vendor/quantize_impl.cuh:172: ERROR: CUDA kernel quantize_mmq_nvfp4_worker has no device code compatible with CUDA arch 900. ggml-cuda.cu was compiled for: 900
/workspace/atlas-rental/src/atlas/kernels/hopper/qwen3.6-27b/nvfp4/q4k_vendor/quantize_impl.cuh:172: ERROR: CUDA kernel quantize_mmq_nvfp4_worker has no device code compatible with CUDA arch 900. ggml-cuda.cu was compiled for: 900
/workspace/atlas-rental/src/atlas/kernels/hopper/qwen3.6-27b/nvfp4/q4k_vendor/quantize_impl.cuh:172: ERROR: CUDA kernel quantize_mmq_nvfp4_worker has no device code compatible with CUDA arch 900. ggml-cuda.cu was compiled for: 900
/workspace/atlas-rental/src/atlas/kernels/hopper/qwen3.6-27b/nvfp4/q4k_vendor/quantize_impl.cuh:172: ERROR: CUDA kernel quantize_mmq_nvfp4_worker has no device code compatible with CUDA arch 900. ggml-cuda.cu was compiled for: 900
/workspace/atlas-rental/src/atlas/kernels/hopper/qwen3.6-27b/nvfp4/q4k_vendor/quantize_impl.cuh:172: ERROR: CUDA kernel quantize_mmq_nvfp4_worker has no device code compatible with CUDA arch 900. ggml-cuda.cu was compiled for: 900
/workspace/atlas-rental/src/atlas/kernels/hopper/qwen3.6-27b/nvfp4/q4k_vendor/quantize_impl.cuh:172: ERROR: CUDA kernel quantize_mmq_nvfp4_worker has no device code compatible with CUDA arch 900. ggml-cuda.cu was compiled for: 900
/workspace/atlas-rental/src/atlas/kernels/hopper/qwen3.6-27b/nvfp4/q4k_vendor/quantize_impl.cuh:172: ERROR: CUDA kernel quantize_mmq_nvfp4_worker has no device code compatible with CUDA arch 900. ggml-cuda.cu was compiled for: 900
/workspace/atlas-rental/src/atlas/kernels/hopper/qwen3.6-27b/nvfp4/q4k_vendor/quantize_impl.cuh:172: ERROR: CUDA kernel quantize_mmq_nvfp4_worker has no device code compatible with CUDA arch 900. ggml-cuda.cu was compiled for: 900
/workspace/atlas-rental/src/atlas/kernels/hopper/qwen3.6-27b/nvfp4/q4k_vendor/quantize_impl.cuh:172: ERROR: CUDA kernel quantize_mmq_nvfp4_worker has no device code compatible with CUDA arch 900. ggml-cuda.cu was compiled for: 900
/workspace/atlas-rental/src/atlas/kernels/hopper/qwen3.6-27b/nvfp4/q4k_vendor/quantize_impl.cuh:172: ERROR: CUDA kernel quantize_mmq_nvfp4_worker has no device code compatible with CUDA arch 900. ggml-cuda.cu was compiled for: 900
/workspace/atlas-rental/src/atlas/kernels/hopper/qwen3.6-27b/nvfp4/q4k_vendor/quantize_impl.cuh:172: ERROR: CUDA kernel quantize_mmq_nvfp4_worker has no device code compatible with CUDA arch 900. ggml-cuda.cu was compiled for: 900
/workspace/atlas-rental/src/atlas/kernels/hopper/qwen3.6-27b/nvfp4/q4k_vendor/quantize_impl.cuh:172: ERROR: CUDA kernel quantize_mmq_nvfp4_worker has no device code compatible with CUDA arch 900. ggml-cuda.cu was compiled for: 900
/workspace/atlas-rental/src/atlas/kernels/hopper/qwen3.6-27b/nvfp4/q4k_vendor/quantize_impl.cuh:172: ERROR: CUDA kernel quantize_mmq_nvfp4_worker has no device code compatible with CUDA arch 900. ggml-cuda.cu was compiled for: 900
/workspace/atlas-rental/src/atlas/kernels/hopper/qwen3.6-27b/nvfp4/q4k_vendor/quantize_impl.cuh:172: ERROR: CUDA kernel quantize_mmq_nvfp4_worker has no device code compatible with CUDA arch 900. ggml-cuda.cu was compiled for: 900
/workspace/atlas-rental/src/atlas/kernels/hopper/qwen3.6-27b/nvfp4/q4k_vendor/quantize_impl.cuh:172: ERROR: CUDA kernel quantize_mmq_nvfp4_worker has no device code compatible with CUDA arch 900. ggml-cuda.cu was compiled for: 900
/workspace/atlas-rental/src/atlas/kernels/hopper/qwen3.6-27b/nvfp4/q4k_vendor/quantize_impl.cuh:172: ERROR: CUDA kernel quantize_mmq_nvfp4_worker has no device code compatible with CUDA arch 900. ggml-cuda.cu was compiled for: 900
/workspace/atlas-rental/src/atlas/kernels/hopper/qwen3.6-27b/nvfp4/q4k_vendor/quantize_impl.cuh:172: ERROR: CUDA kernel quantize_mmq_nvfp4_worker has no device code compatible with CUDA arch 900. ggml-cuda.cu was compiled for: 900
/workspace/atlas-rental/src/atlas/kernels/hopper/qwen3.6-27b/nvfp4/q4k_vendor/quantize_impl.cuh:172: ERROR: CUDA kernel quantize_mmq_nvfp4_worker has no device code compatible with CUDA arch 900. ggml-cuda.cu was compiled for: 900
/workspace/atlas-rental/src/atlas/kernels/hopper/qwen3.6-27b/nvfp4/q4k_vendor/quantize_impl.cuh:172: ERROR: CUDA kernel quantize_mmq_nvfp4_worker has no device code compatible with CUDA arch 900. ggml-cuda.cu was compiled for: 900
/workspace/atlas-rental/src/atlas/kernels/hopper/qwen3.6-27b/nvfp4/q4k_vendor/quantize_impl.cuh:172: ERROR: CUDA kernel quantize_mmq_nvfp4_worker has no device code compatible with CUDA arch 900. ggml-cuda.cu was compiled for: 900
/workspace/atlas-rental/src/atlas/kernels/hopper/qwen3.6-27b/nvfp4/q4k_vendor/quantize_impl.cuh:172: ERROR: CUDA kernel quantize_mmq_nvfp4_worker has no device code compatible with CUDA arch 900. ggml-cuda.cu was compiled for: 900
/workspace/atlas-rental/src/atlas/kernels/hopper/qwen3.6-27b/nvfp4/q4k_vendor/quantize_impl.cuh:172: ERROR: CUDA kernel quantize_mmq_nvfp4_worker has no device code compatible with CUDA arch 900. ggml-cuda.cu was compiled for: 900
/workspace/atlas-rental/src/atlas/kernels/hopper/qwen3.6-27b/nvfp4/q4k_vendor/quantize_impl.cuh:172: ERROR: CUDA kernel quantize_mmq_nvfp4_worker has no device code compatible with CUDA arch 900. ggml-cuda.cu was compiled for: 900
/workspace/atlas-rental/src/atlas/kernels/hopper/qwen3.6-27b/nvfp4/q4k_vendor/quantize_impl.cuh:172: ERROR: CUDA kernel quantize_mmq_nvfp4_worker has no device code compatible with CUDA arch 900. ggml-cuda.cu was compiled for: 900
/workspace/atlas-rental/src/atlas/kernels/hopper/qwen3.6-27b/nvfp4/q4k_vendor/quantize_impl.cuh:172: ERROR: CUDA kernel quantize_mmq_nvfp4_worker has no device code compatible with CUDA arch 900. ggml-cuda.cu was compiled for: 900
/workspace/atlas-rental/src/atlas/kernels/hopper/qwen3.6-27b/nvfp4/q4k_vendor/quantize_impl.cuh:172: ERROR: CUDA kernel quantize_mmq_nvfp4_worker has no device code compatible with CUDA arch 900. ggml-cuda.cu was compiled for: 900
/workspace/atlas-rental/src/atlas/kernels/hopper/qwen3.6-27b/nvfp4/q4k_vendor/quantize_impl.cuh:172: ERROR: CUDA kernel quantize_mmq_nvfp4_worker has no device code compatible with CUDA arch 900. ggml-cuda.cu was compiled for: 900
/workspace/atlas-rental/src/atlas/kernels/hopper/qwen3.6-27b/nvfp4/q4k_vendor/quantize_impl.cuh:172: ERROR: CUDA kernel quantize_mmq_nvfp4_worker has no device code compatible with CUDA arch 900. ggml-cuda.cu was compiled for: 900
/workspace/atlas-rental/src/atlas/kernels/hopper/qwen3.6-27b/nvfp4/q4k_vendor/quantize_impl.cuh:172: ERROR: CUDA kernel quantize_mmq_nvfp4_worker has no device code compatible with CUDA arch 900. ggml-cuda.cu was compiled for: 900
/workspace/atlas-rental/src/atlas/kernels/hopper/qwen3.6-27b/nvfp4/q4k_vendor/quantize_impl.cuh:172: ERROR: CUDA kernel quantize_mmq_nvfp4_worker has no device code compatible with CUDA arch 900. ggml-cuda.cu was compiled for: 900
/workspace/atlas-rental/src/atlas/kernels/hopper/qwen3.6-27b/nvfp4/q4k_vendor/quantize_impl.cuh:172: ERROR: CUDA kernel quantize_mmq_nvfp4_worker has no device code compatible with CUDA arch 900. ggml-cuda.cu was compiled for: 900
/workspace/atlas-rental/src/atlas/kernels/hopper/qwen3.6-27b/nvfp4/q4k_vendor/quantize_impl.cuh:172: ERROR: CUDA kernel quantize_mmq_nvfp4_worker has no device code compatible with CUDA arch 900. ggml-cuda.cu was compiled for: 900
/workspace/atlas-rental/src/atlas/kernels/hopper/qwen3.6-27b/nvfp4/q4k_vendor/quantize_impl.cuh:172: ERROR: CUDA kernel quantize_mmq_nvfp4_worker has no device code compatible with CUDA arch 900. ggml-cuda.cu was compiled for: 900
/workspace/atlas-rental/src/atlas/kernels/hopper/qwen3.6-27b/nvfp4/q4k_vendor/quantize_impl.cuh:172: ERROR: CUDA kernel quantize_mmq_nvfp4_worker has no device code compatible with CUDA arch 900. ggml-cuda.cu was compiled for: 900
/workspace/atlas-rental/src/atlas/kernels/hopper/qwen3.6-27b/nvfp4/q4k_vendor/quantize_impl.cuh:172: ERROR: CUDA kernel quantize_mmq_nvfp4_worker has no device code compatible with CUDA arch 900. ggml-cuda.cu was compiled for: 900
/workspace/atlas-rental/src/atlas/kernels/hopper/qwen3.6-27b/nvfp4/q4k_vendor/quantize_impl.cuh:172: ERROR: CUDA kernel quantize_mmq_nvfp4_worker has no device code compatible with CUDA arch 900. ggml-cuda.cu was compiled for: 900
/workspace/atlas-rental/src/atlas/kernels/hopper/qwen3.6-27b/nvfp4/q4k_vendor/quantize_impl.cuh:172: ERROR: CUDA kernel quantize_mmq_nvfp4_worker has no device code compatible with CUDA arch 900. ggml-cuda.cu was compiled for: 900
/workspace/atlas-rental/src/atlas/kernels/hopper/qwen3.6-27b/nvfp4/q4k_vendor/quantize_impl.cuh:172: ERROR: CUDA kernel quantize_mmq_nvfp4_worker has no device code compatible with CUDA arch 900. ggml-cuda.cu was compiled for: 900
/workspace/atlas-rental/src/atlas/kernels/hopper/qwen3.6-27b/nvfp4/q4k_vendor/quantize_impl.cuh:172: ERROR: CUDA kernel quantize_mmq_nvfp4_worker has no device code compatible with CUDA arch 900. ggml-cuda.cu was compiled for: 900
/workspace/atlas-rental/src/atlas/kernels/hopper/qwen3.6-27b/nvfp4/q4k_vendor/quantize_impl.cuh:172: ERROR: CUDA kernel quantize_mmq_nvfp4_worker has no device code compatible with CUDA arch 900. ggml-cuda.cu was compiled for: 900
/workspace/atlas-rental/src/atlas/kernels/hopper/qwen3.6-27b/nvfp4/q4k_vendor/quantize_impl.cuh:172: ERROR: CUDA kernel quantize_mmq_nvfp4_worker has no device code compatible with CUDA arch 900. ggml-cuda.cu was compiled for: 900
/workspace/atlas-rental/src/atlas/kernels/hopper/qwen3.6-27b/nvfp4/q4k_vendor/quantize_impl.cuh:172: ERROR: CUDA kernel quantize_mmq_nvfp4_worker has no device code compatible with CUDA arch 900. ggml-cuda.cu was compiled for: 900
/workspace/atlas-rental/src/atlas/kernels/hopper/qwen3.6-27b/nvfp4/q4k_vendor/quantize_impl.cuh:172: ERROR: CUDA kernel quantize_mmq_nvfp4_worker has no device code compatible with CUDA arch 900. ggml-cuda.cu was compiled for: 900
/workspace/atlas-rental/src/atlas/kernels/hopper/qwen3.6-27b/nvfp4/q4k_vendor/quantize_impl.cuh:172: ERROR: CUDA kernel quantize_mmq_nvfp4_worker has no device code compatible with CUDA arch 900. ggml-cuda.cu was compiled for: 900
/workspace/atlas-rental/src/atlas/kernels/hopper/qwen3.6-27b/nvfp4/q4k_vendor/quantize_impl.cuh:172: ERROR: CUDA kernel quantize_mmq_nvfp4_worker has no device code compatible with CUDA arch 900. ggml-cuda.cu was compiled for: 900
/workspace/atlas-rental/src/atlas/kernels/hopper/qwen3.6-27b/nvfp4/q4k_vendor/quantize_impl.cuh:172: ERROR: CUDA kernel quantize_mmq_nvfp4_worker has no device code compatible with CUDA arch 900. ggml-cuda.cu was compiled for: 900
/workspace/atlas-rental/src/atlas/kernels/hopper/qwen3.6-27b/nvfp4/q4k_vendor/quantize_impl.cuh:172: ERROR: CUDA kernel quantize_mmq_nvfp4_worker has no device code compatible with CUDA arch 900. ggml-cuda.cu was compiled for: 900
/workspace/atlas-rental/src/atlas/kernels/hopper/qwen3.6-27b/nvfp4/q4k_vendor/quantize_impl.cuh:172: ERROR: CUDA kernel quantize_mmq_nvfp4_worker has no device code compatible with CUDA arch 900. ggml-cuda.cu was compiled for: 900
/workspace/atlas-rental/src/atlas/kernels/hopper/qwen3.6-27b/nvfp4/q4k_vendor/quantize_impl.cuh:172: ERROR: CUDA kernel quantize_mmq_nvfp4_worker has no device code compatible with CUDA arch 900. ggml-cuda.cu was compiled for: 900
/workspace/atlas-rental/src/atlas/kernels/hopper/qwen3.6-27b/nvfp4/q4k_vendor/quantize_impl.cuh:172: ERROR: CUDA kernel quantize_mmq_nvfp4_worker has no device code compatible with CUDA arch 900. ggml-cuda.cu was compiled for: 900
/workspace/atlas-rental/src/atlas/kernels/hopper/qwen3.6-27b/nvfp4/q4k_vendor/quantize_impl.cuh:172: ERROR: CUDA kernel quantize_mmq_nvfp4_worker has no device code compatible with CUDA arch 900. ggml-cuda.cu was compiled for: 900
/workspace/atlas-rental/src/atlas/kernels/hopper/qwen3.6-27b/nvfp4/q4k_vendor/quantize_impl.cuh:172: ERROR: CUDA kernel quantize_mmq_nvfp4_worker has no device code compatible with CUDA arch 900. ggml-cuda.cu was compiled for: 900
/workspace/atlas-rental/src/atlas/kernels/hopper/qwen3.6-27b/nvfp4/q4k_vendor/quantize_impl.cuh:172: ERROR: CUDA kernel quantize_mmq_nvfp4_worker has no device code compatible with CUDA arch 900. ggml-cuda.cu was compiled for: 900
/workspace/atlas-rental/src/atlas/kernels/hopper/qwen3.6-27b/nvfp4/q4k_vendor/quantize_impl.cuh:172: ERROR: CUDA kernel quantize_mmq_nvfp4_worker has no device code compatible with CUDA arch 900. ggml-cuda.cu was compiled for: 900
/workspace/atlas-rental/src/atlas/kernels/hopper/qwen3.6-27b/nvfp4/q4k_vendor/quantize_impl.cuh:172: ERROR: CUDA kernel quantize_mmq_nvfp4_worker has no device code compatible with CUDA arch 900. ggml-cuda.cu was compiled for: 900
/workspace/atlas-rental/src/atlas/kernels/hopper/qwen3.6-27b/nvfp4/q4k_vendor/quantize_impl.cuh:172: ERROR: CUDA kernel quantize_mmq_nvfp4_worker has no device code compatible with CUDA arch 900. ggml-cuda.cu was compiled for: 900
/workspace/atlas-rental/src/atlas/kernels/hopper/qwen3.6-27b/nvfp4/q4k_vendor/quantize_impl.cuh:172: ERROR: CUDA kernel quantize_mmq_nvfp4_worker has no device code compatible with CUDA arch 900. ggml-cuda.cu was compiled for: 900
/workspace/atlas-rental/src/atlas/kernels/hopper/qwen3.6-27b/nvfp4/q4k_vendor/quantize_impl.cuh:172: ERROR: CUDA kernel quantize_mmq_nvfp4_worker has no device code compatible with CUDA arch 900. ggml-cuda.cu was compiled for: 900
/workspace/atlas-rental/src/atlas/kernels/hopper/qwen3.6-27b/nvfp4/q4k_vendor/quantize_impl.cuh:172: ERROR: CUDA kernel quantize_mmq_nvfp4_worker has no device code compatible with CUDA arch 900. ggml-cuda.cu was compiled for: 900
/workspace/atlas-rental/src/atlas/kernels/hopper/qwen3.6-27b/nvfp4/q4k_vendor/quantize_impl.cuh:172: ERROR: CUDA kernel quantize_mmq_nvfp4_worker has no device code compatible with CUDA arch 900. ggml-cuda.cu was compiled for: 900
/workspace/atlas-rental/src/atlas/kernels/hopper/qwen3.6-27b/nvfp4/q4k_vendor/quantize_impl.cuh:172: ERROR: CUDA kernel quantize_mmq_nvfp4_worker has no device code compatible with CUDA arch 900. ggml-cuda.cu was compiled for: 900
/workspace/atlas-rental/src/atlas/kernels/hopper/qwen3.6-27b/nvfp4/q4k_vendor/quantize_impl.cuh:172: ERROR: CUDA kernel quantize_mmq_nvfp4_worker has no device code compatible with CUDA arch 900. ggml-cuda.cu was compiled for: 900
/workspace/atlas-rental/src/atlas/kernels/hopper/qwen3.6-27b/nvfp4/q4k_vendor/quantize_impl.cuh:172: ERROR: CUDA kernel quantize_mmq_nvfp4_worker has no device code compatible with CUDA arch 900. ggml-cuda.cu was compiled for: 900
/workspace/atlas-rental/src/atlas/kernels/hopper/qwen3.6-27b/nvfp4/q4k_vendor/quantize_impl.cuh:172: ERROR: CUDA kernel quantize_mmq_nvfp4_worker has no device code compatible with CUDA arch 900. ggml-cuda.cu was compiled for: 900
/workspace/atlas-rental/src/atlas/kernels/hopper/qwen3.6-27b/nvfp4/q4k_vendor/quantize_impl.cuh:172: ERROR: CUDA kernel quantize_mmq_nvfp4_worker has no device code compatible with CUDA arch 900. ggml-cuda.cu was compiled for: 900
/workspace/atlas-rental/src/atlas/kernels/hopper/qwen3.6-27b/nvfp4/q4k_vendor/quantize_impl.cuh:172: ERROR: CUDA kernel quantize_mmq_nvfp4_worker has no device code compatible with CUDA arch 900. ggml-cuda.cu was compiled for: 900
/workspace/atlas-rental/src/atlas/kernels/hopper/qwen3.6-27b/nvfp4/q4k_vendor/quantize_impl.cuh:172: ERROR: CUDA kernel quantize_mmq_nvfp4_worker has no device code compatible with CUDA arch 900. ggml-cuda.cu was compiled for: 900
/workspace/atlas-rental/src/atlas/kernels/hopper/qwen3.6-27b/nvfp4/q4k_vendor/quantize_impl.cuh:172: ERROR: CUDA kernel quantize_mmq_nvfp4_worker has no device code compatible with CUDA arch 900. ggml-cuda.cu was compiled for: 900
/workspace/atlas-rental/src/atlas/kernels/hopper/qwen3.6-27b/nvfp4/q4k_vendor/quantize_impl.cuh:172: ERROR: CUDA kernel quantize_mmq_nvfp4_worker has no device code compatible with CUDA arch 900. ggml-cuda.cu was compiled for: 900
/workspace/atlas-rental/src/atlas/kernels/hopper/qwen3.6-27b/nvfp4/q4k_vendor/quantize_impl.cuh:172: ERROR: CUDA kernel quantize_mmq_nvfp4_worker has no device code compatible with CUDA arch 900. ggml-cuda.cu was compiled for: 900
/workspace/atlas-rental/src/atlas/kernels/hopper/qwen3.6-27b/nvfp4/q4k_vendor/quantize_impl.cuh:172: ERROR: CUDA kernel quantize_mmq_nvfp4_worker has no device code compatible with CUDA arch 900. ggml-cuda.cu was compiled for: 900
/workspace/atlas-rental/src/atlas/kernels/hopper/qwen3.6-27b/nvfp4/q4k_vendor/quantize_impl.cuh:172: ERROR: CUDA kernel quantize_mmq_nvfp4_worker has no device code compatible with CUDA arch 900. ggml-cuda.cu was compiled for: 900
/workspace/atlas-rental/src/atlas/kernels/hopper/qwen3.6-27b/nvfp4/q4k_vendor/quantize_impl.cuh:172: ERROR: CUDA kernel quantize_mmq_nvfp4_worker has no device code compatible with CUDA arch 900. ggml-cuda.cu was compiled for: 900
/workspace/atlas-rental/src/atlas/kernels/hopper/qwen3.6-27b/nvfp4/q4k_vendor/quantize_impl.cuh:172: ERROR: CUDA kernel quantize_mmq_nvfp4_worker has no device code compatible with CUDA arch 900. ggml-cuda.cu was compiled for: 900
/workspace/atlas-rental/src/atlas/kernels/hopper/qwen3.6-27b/nvfp4/q4k_vendor/quantize_impl.cuh:172: ERROR: CUDA kernel quantize_mmq_nvfp4_worker has no device code compatible with CUDA arch 900. ggml-cuda.cu was compiled for: 900
/workspace/atlas-rental/src/atlas/kernels/hopper/qwen3.6-27b/nvfp4/q4k_vendor/quantize_impl.cuh:172: ERROR: CUDA kernel quantize_mmq_nvfp4_worker has no device code compatible with CUDA arch 900. ggml-cuda.cu was compiled for: 900
/workspace/atlas-rental/src/atlas/kernels/hopper/qwen3.6-27b/nvfp4/q4k_vendor/quantize_impl.cuh:172: ERROR: CUDA kernel quantize_mmq_nvfp4_worker has no device code compatible with CUDA arch 900. ggml-cuda.cu was compiled for: 900
/workspace/atlas-rental/src/atlas/kernels/hopper/qwen3.6-27b/nvfp4/q4k_vendor/quantize_impl.cuh:172: ERROR: CUDA kernel quantize_mmq_nvfp4_worker has no device code compatible with CUDA arch 900. ggml-cuda.cu was compiled for: 900
/workspace/atlas-rental/src/atlas/kernels/hopper/qwen3.6-27b/nvfp4/q4k_vendor/quantize_impl.cuh:172: ERROR: CUDA kernel quantize_mmq_nvfp4_worker has no device code compatible with CUDA arch 900. ggml-cuda.cu was compiled for: 900
/workspace/atlas-rental/src/atlas/kernels/hopper/qwen3.6-27b/nvfp4/q4k_vendor/quantize_impl.cuh:172: ERROR: CUDA kernel quantize_mmq_nvfp4_worker has no device code compatible with CUDA arch 900. ggml-cuda.cu was compiled for: 900
/workspace/atlas-rental/src/atlas/kernels/hopper/qwen3.6-27b/nvfp4/q4k_vendor/quantize_impl.cuh:172: ERROR: CUDA kernel quantize_mmq_nvfp4_worker has no device code compatible with CUDA arch 900. ggml-cuda.cu was compiled for: 900
/workspace/atlas-rental/src/atlas/kernels/hopper/qwen3.6-27b/nvfp4/q4k_vendor/quantize_impl.cuh:172: ERROR: CUDA kernel quantize_mmq_nvfp4_worker has no device code compatible with CUDA arch 900. ggml-cuda.cu was compiled for: 900
/workspace/atlas-rental/src/atlas/kernels/hopper/qwen3.6-27b/nvfp4/q4k_vendor/quantize_impl.cuh:172: ERROR: CUDA kernel quantize_mmq_nvfp4_worker has no device code compatible with CUDA arch 900. ggml-cuda.cu was compiled for: 900
/workspace/atlas-rental/src/atlas/kernels/hopper/qwen3.6-27b/nvfp4/q4k_vendor/quantize_impl.cuh:172: ERROR: CUDA kernel quantize_mmq_nvfp4_worker has no device code compatible with CUDA arch 900. ggml-cuda.cu was compiled for: 900
/workspace/atlas-rental/src/atlas/kernels/hopper/qwen3.6-27b/nvfp4/q4k_vendor/quantize_impl.cuh:172: ERROR: CUDA kernel quantize_mmq_nvfp4_worker has no device code compatible with CUDA arch 900. ggml-cuda.cu was compiled for: 900
/workspace/atlas-rental/src/atlas/kernels/hopper/qwen3.6-27b/nvfp4/q4k_vendor/quantize_impl.cuh:172: ERROR: CUDA kernel quantize_mmq_nvfp4_worker has no device code compatible with CUDA arch 900. ggml-cuda.cu was compiled for: 900
/workspace/atlas-rental/src/atlas/kernels/hopper/qwen3.6-27b/nvfp4/q4k_vendor/quantize_impl.cuh:172: ERROR: CUDA kernel quantize_mmq_nvfp4_worker has no device code compatible with CUDA arch 900. ggml-cuda.cu was compiled for: 900
/workspace/atlas-rental/src/atlas/kernels/hopper/qwen3.6-27b/nvfp4/q4k_vendor/quantize_impl.cuh:172: ERROR: CUDA kernel quantize_mmq_nvfp4_worker has no device code compatible with CUDA arch 900. ggml-cuda.cu was compiled for: 900
/workspace/atlas-rental/src/atlas/kernels/hopper/qwen3.6-27b/nvfp4/q4k_vendor/quantize_impl.cuh:172: ERROR: CUDA kernel quantize_mmq_nvfp4_worker has no device code compatible with CUDA arch 900. ggml-cuda.cu was compiled for: 900
/workspace/atlas-rental/src/atlas/kernels/hopper/qwen3.6-27b/nvfp4/q4k_vendor/quantize_impl.cuh:172: ERROR: CUDA kernel quantize_mmq_nvfp4_worker has no device code compatible with CUDA arch 900. ggml-cuda.cu was compiled for: 900
/workspace/atlas-rental/src/atlas/kernels/hopper/qwen3.6-27b/nvfp4/q4k_vendor/quantize_impl.cuh:172: ERROR: CUDA kernel quantize_mmq_nvfp4_worker has no device code compatible with CUDA arch 900. ggml-cuda.cu was compiled for: 900
/workspace/atlas-rental/src/atlas/kernels/hopper/qwen3.6-27b/nvfp4/q4k_vendor/quantize_impl.cuh:172: ERROR: CUDA kernel quantize_mmq_nvfp4_worker has no device code compatible with CUDA arch 900. ggml-cuda.cu was compiled for: 900
/workspace/atlas-rental/src/atlas/kernels/hopper/qwen3.6-27b/nvfp4/q4k_vendor/quantize_impl.cuh:172: ERROR: CUDA kernel quantize_mmq_nvfp4_worker has no device code compatible with CUDA arch 900. ggml-cuda.cu was compiled for: 900
/workspace/atlas-rental/src/atlas/kernels/hopper/qwen3.6-27b/nvfp4/q4k_vendor/quantize_impl.cuh:172: ERROR: CUDA kernel quantize_mmq_nvfp4_worker has no device code compatible with CUDA arch 900. ggml-cuda.cu was compiled for: 900
/workspace/atlas-rental/src/atlas/kernels/hopper/qwen3.6-27b/nvfp4/q4k_vendor/quantize_impl.cuh:172: ERROR: CUDA kernel quantize_mmq_nvfp4_worker has no device code compatible with CUDA arch 900. ggml-cuda.cu was compiled for: 900
/workspace/atlas-rental/src/atlas/kernels/hopper/qwen3.6-27b/nvfp4/q4k_vendor/quantize_impl.cuh:172: ERROR: CUDA kernel quantize_mmq_nvfp4_worker has no device code compatible with CUDA arch 900. ggml-cuda.cu was compiled for: 900
/workspace/atlas-rental/src/atlas/kernels/hopper/qwen3.6-27b/nvfp4/q4k_vendor/quantize_impl.cuh:172: ERROR: CUDA kernel quantize_mmq_nvfp4_worker has no device code compatible with CUDA arch 900. ggml-cuda.cu was compiled for: 900
/workspace/atlas-rental/src/atlas/kernels/hopper/qwen3.6-27b/nvfp4/q4k_vendor/quantize_impl.cuh:172: ERROR: CUDA kernel quantize_mmq_nvfp4_worker has no device code compatible with CUDA arch 900. ggml-cuda.cu was compiled for: 900
/workspace/atlas-rental/src/atlas/kernels/hopper/qwen3.6-27b/nvfp4/q4k_vendor/quantize_impl.cuh:172: ERROR: CUDA kernel quantize_mmq_nvfp4_worker has no device code compatible with CUDA arch 900. ggml-cuda.cu was compiled for: 900
/workspace/atlas-rental/src/atlas/kernels/hopper/qwen3.6-27b/nvfp4/q4k_vendor/quantize_impl.cuh:172: ERROR: CUDA kernel quantize_mmq_nvfp4_worker has no device code compatible with CUDA arch 900. ggml-cuda.cu was compiled for: 900
/workspace/atlas-rental/src/atlas/kernels/hopper/qwen3.6-27b/nvfp4/q4k_vendor/quantize_impl.cuh:172: ERROR: CUDA kernel quantize_mmq_nvfp4_worker has no device code compatible with CUDA arch 900. ggml-cuda.cu was compiled for: 900
/workspace/atlas-rental/src/atlas/kernels/hopper/qwen3.6-27b/nvfp4/q4k_vendor/quantize_impl.cuh:172: ERROR: CUDA kernel quantize_mmq_nvfp4_worker has no device code compatible with CUDA arch 900. ggml-cuda.cu was compiled for: 900
/workspace/atlas-rental/src/atlas/kernels/hopper/qwen3.6-27b/nvfp4/q4k_vendor/quantize_impl.cuh:172: ERROR: CUDA kernel quantize_mmq_nvfp4_worker has no device code compatible with CUDA arch 900. ggml-cuda.cu was compiled for: 900
/workspace/atlas-rental/src/atlas/kernels/hopper/qwen3.6-27b/nvfp4/q4k_vendor/quantize_impl.cuh:172: ERROR: CUDA kernel quantize_mmq_nvfp4_worker has no device code compatible with CUDA arch 900. ggml-cuda.cu was compiled for: 900
/workspace/atlas-rental/src/atlas/kernels/hopper/qwen3.6-27b/nvfp4/q4k_vendor/quantize_impl.cuh:172: ERROR: CUDA kernel quantize_mmq_nvfp4_worker has no device code compatible with CUDA arch 900. ggml-cuda.cu was compiled for: 900
/workspace/atlas-rental/src/atlas/kernels/hopper/qwen3.6-27b/nvfp4/q4k_vendor/quantize_impl.cuh:172: ERROR: CUDA kernel quantize_mmq_nvfp4_worker has no device code compatible with CUDA arch 900. ggml-cuda.cu was compiled for: 900
/workspace/atlas-rental/src/atlas/kernels/hopper/qwen3.6-27b/nvfp4/q4k_vendor/quantize_impl.cuh:172: ERROR: CUDA kernel quantize_mmq_nvfp4_worker has no device code compatible with CUDA arch 900. ggml-cuda.cu was compiled for: 900
/workspace/atlas-rental/src/atlas/kernels/hopper/qwen3.6-27b/nvfp4/q4k_vendor/quantize_impl.cuh:172: ERROR: CUDA kernel quantize_mmq_nvfp4_worker has no device code compatible with CUDA arch 900. ggml-cuda.cu was compiled for: 900
/workspace/atlas-rental/src/atlas/kernels/hopper/qwen3.6-27b/nvfp4/q4k_vendor/quantize_impl.cuh:172: ERROR: CUDA kernel quantize_mmq_nvfp4_worker has no device code compatible with CUDA arch 900. ggml-cuda.cu was compiled for: 900
/workspace/atlas-rental/src/atlas/kernels/hopper/qwen3.6-27b/nvfp4/q4k_vendor/quantize_impl.cuh:172: ERROR: CUDA kernel quantize_mmq_nvfp4_worker has no device code compatible with CUDA arch 900. ggml-cuda.cu was compiled for: 900
/workspace/atlas-rental/src/atlas/kernels/hopper/qwen3.6-27b/nvfp4/q4k_vendor/quantize_impl.cuh:172: ERROR: CUDA kernel quantize_mmq_nvfp4_worker has no device code compatible with CUDA arch 900. ggml-cuda.cu was compiled for: 900
/workspace/atlas-rental/src/atlas/kernels/hopper/qwen3.6-27b/nvfp4/q4k_vendor/quantize_impl.cuh:172: ERROR: CUDA kernel quantize_mmq_nvfp4_worker has no device code compatible with CUDA arch 900. ggml-cuda.cu was compiled for: 900
/workspace/atlas-rental/src/atlas/kernels/hopper/qwen3.6-27b/nvfp4/q4k_vendor/quantize_impl.cuh:172: ERROR: CUDA kernel quantize_mmq_nvfp4_worker has no device code compatible with CUDA arch 900. ggml-cuda.cu was compiled for: 900
/workspace/atlas-rental/src/atlas/kernels/hopper/qwen3.6-27b/nvfp4/q4k_vendor/quantize_impl.cuh:172: ERROR: CUDA kernel quantize_mmq_nvfp4_worker has no device code compatible with CUDA arch 900. ggml-cuda.cu was compiled for: 900
/workspace/atlas-rental/src/atlas/kernels/hopper/qwen3.6-27b/nvfp4/q4k_vendor/quantize_impl.cuh:172: ERROR: CUDA kernel quantize_mmq_nvfp4_worker has no device code compatible with CUDA arch 900. ggml-cuda.cu was compiled for: 900
/workspace/atlas-rental/src/atlas/kernels/hopper/qwen3.6-27b/nvfp4/q4k_vendor/quantize_impl.cuh:172: ERROR: CUDA kernel quantize_mmq_nvfp4_worker has no device code compatible with CUDA arch 900. ggml-cuda.cu was compiled for: 900
/workspace/atlas-rental/src/atlas/kernels/hopper/qwen3.6-27b/nvfp4/q4k_vendor/quantize_impl.cuh:172: ERROR: CUDA kernel quantize_mmq_nvfp4_worker has no device code compatible with CUDA arch 900. ggml-cuda.cu was compiled for: 900
/workspace/atlas-rental/src/atlas/kernels/hopper/qwen3.6-27b/nvfp4/q4k_vendor/quantize_impl.cuh:172: ERROR: CUDA kernel quantize_mmq_nvfp4_worker has no device code compatible with CUDA arch 900. ggml-cuda.cu was compiled for: 900
/workspace/atlas-rental/src/atlas/kernels/hopper/qwen3.6-27b/nvfp4/q4k_vendor/quantize_impl.cuh:172: ERROR: CUDA kernel quantize_mmq_nvfp4_worker has no device code compatible with CUDA arch 900. ggml-cuda.cu was compiled for: 900
/workspace/atlas-rental/src/atlas/kernels/hopper/qwen3.6-27b/nvfp4/q4k_vendor/quantize_impl.cuh:172: ERROR: CUDA kernel quantize_mmq_nvfp4_worker has no device code compatible with CUDA arch 900. ggml-cuda.cu was compiled for: 900
/workspace/atlas-rental/src/atlas/kernels/hopper/qwen3.6-27b/nvfp4/q4k_vendor/quantize_impl.cuh:172: ERROR: CUDA kernel quantize_mmq_nvfp4_worker has no device code compatible with CUDA arch 900. ggml-cuda.cu was compiled for: 900
/workspace/atlas-rental/src/atlas/kernels/hopper/qwen3.6-27b/nvfp4/q4k_vendor/quantize_impl.cuh:172: ERROR: CUDA kernel quantize_mmq_nvfp4_worker has no device code compatible with CUDA arch 900. ggml-cuda.cu was compiled for: 900
/workspace/atlas-rental/src/atlas/kernels/hopper/qwen3.6-27b/nvfp4/q4k_vendor/quantize_impl.cuh:172: ERROR: CUDA kernel quantize_mmq_nvfp4_worker has no device code compatible with CUDA arch 900. ggml-cuda.cu was compiled for: 900
/workspace/atlas-rental/src/atlas/kernels/hopper/qwen3.6-27b/nvfp4/q4k_vendor/quantize_impl.cuh:172: ERROR: CUDA kernel quantize_mmq_nvfp4_worker has no device code compatible with CUDA arch 900. ggml-cuda.cu was compiled for: 900
/workspace/atlas-rental/src/atlas/kernels/hopper/qwen3.6-27b/nvfp4/q4k_vendor/quantize_impl.cuh:172: ERROR: CUDA kernel quantize_mmq_nvfp4_worker has no device code compatible with CUDA arch 900. ggml-cuda.cu was compiled for: 900
/workspace/atlas-rental/src/atlas/kernels/hopper/qwen3.6-27b/nvfp4/q4k_vendor/quantize_impl.cuh:172: ERROR: CUDA kernel quantize_mmq_nvfp4_worker has no device code compatible with CUDA arch 900. ggml-cuda.cu was compiled for: 900
/workspace/atlas-rental/src/atlas/kernels/hopper/qwen3.6-27b/nvfp4/q4k_vendor/quantize_impl.cuh:172: ERROR: CUDA kernel quantize_mmq_nvfp4_worker has no device code compatible with CUDA arch 900. ggml-cuda.cu was compiled for: 900
/workspace/atlas-rental/src/atlas/kernels/hopper/qwen3.6-27b/nvfp4/q4k_vendor/quantize_impl.cuh:172: ERROR: CUDA kernel quantize_mmq_nvfp4_worker has no device code compatible with CUDA arch 900. ggml-cuda.cu was compiled for: 900
/workspace/atlas-rental/src/atlas/kernels/hopper/qwen3.6-27b/nvfp4/q4k_vendor/quantize_impl.cuh:172: ERROR: CUDA kernel quantize_mmq_nvfp4_worker has no device code compatible with CUDA arch 900. ggml-cuda.cu was compiled for: 900
/workspace/atlas-rental/src/atlas/kernels/hopper/qwen3.6-27b/nvfp4/q4k_vendor/quantize_impl.cuh:172: ERROR: CUDA kernel quantize_mmq_nvfp4_worker has no device code compatible with CUDA arch 900. ggml-cuda.cu was compiled for: 900
/workspace/atlas-rental/src/atlas/kernels/hopper/qwen3.6-27b/nvfp4/q4k_vendor/quantize_impl.cuh:172: ERROR: CUDA kernel quantize_mmq_nvfp4_worker has no device code compatible with CUDA arch 900. ggml-cuda.cu was compiled for: 900
/workspace/atlas-rental/src/atlas/kernels/hopper/qwen3.6-27b/nvfp4/q4k_vendor/quantize_impl.cuh:172: ERROR: CUDA kernel quantize_mmq_nvfp4_worker has no device code compatible with CUDA arch 900. ggml-cuda.cu was compiled for: 900
/workspace/atlas-rental/src/atlas/kernels/hopper/qwen3.6-27b/nvfp4/q4k_vendor/quantize_impl.cuh:172: ERROR: CUDA kernel quantize_mmq_nvfp4_worker has no device code compatible with CUDA arch 900. ggml-cuda.cu was compiled for: 900
/workspace/atlas-rental/src/atlas/kernels/hopper/qwen3.6-27b/nvfp4/q4k_vendor/quantize_impl.cuh:172: ERROR: CUDA kernel quantize_mmq_nvfp4_worker has no device code compatible with CUDA arch 900. ggml-cuda.cu was compiled for: 900
/workspace/atlas-rental/src/atlas/kernels/hopper/qwen3.6-27b/nvfp4/q4k_vendor/quantize_impl.cuh:172: ERROR: CUDA kernel quantize_mmq_nvfp4_worker has no device code compatible with CUDA arch 900. ggml-cuda.cu was compiled for: 900
/workspace/atlas-rental/src/atlas/kernels/hopper/qwen3.6-27b/nvfp4/q4k_vendor/quantize_impl.cuh:172: ERROR: CUDA kernel quantize_mmq_nvfp4_worker has no device code compatible with CUDA arch 900. ggml-cuda.cu was compiled for: 900
/workspace/atlas-rental/src/atlas/kernels/hopper/qwen3.6-27b/nvfp4/q4k_vendor/quantize_impl.cuh:172: ERROR: CUDA kernel quantize_mmq_nvfp4_worker has no device code compatible with CUDA arch 900. ggml-cuda.cu was compiled for: 900
/workspace/atlas-rental/src/atlas/kernels/hopper/qwen3.6-27b/nvfp4/q4k_vendor/quantize_impl.cuh:172: ERROR: CUDA kernel quantize_mmq_nvfp4_worker has no device code compatible with CUDA arch 900. ggml-cuda.cu was compiled for: 900
/workspace/atlas-rental/src/atlas/kernels/hopper/qwen3.6-27b/nvfp4/q4k_vendor/quantize_impl.cuh:172: ERROR: CUDA kernel quantize_mmq_nvfp4_worker has no device code compatible with CUDA arch 900. ggml-cuda.cu was compiled for: 900
/workspace/atlas-rental/src/atlas/kernels/hopper/qwen3.6-27b/nvfp4/q4k_vendor/quantize_impl.cuh:172: ERROR: CUDA kernel quantize_mmq_nvfp4_worker has no device code compatible with CUDA arch 900. ggml-cuda.cu was compiled for: 900
/workspace/atlas-rental/src/atlas/kernels/hopper/qwen3.6-27b/nvfp4/q4k_vendor/quantize_impl.cuh:172: ERROR: CUDA kernel quantize_mmq_nvfp4_worker has no device code compatible with CUDA arch 900. ggml-cuda.cu was compiled for: 900
/workspace/atlas-rental/src/atlas/kernels/hopper/qwen3.6-27b/nvfp4/q4k_vendor/quantize_impl.cuh:172: ERROR: CUDA kernel quantize_mmq_nvfp4_worker has no device code compatible with CUDA arch 900. ggml-cuda.cu was compiled for: 900
/workspace/atlas-rental/src/atlas/kernels/hopper/qwen3.6-27b/nvfp4/q4k_vendor/quantize_impl.cuh:172: ERROR: CUDA kernel quantize_mmq_nvfp4_worker has no device code compatible with CUDA arch 900. ggml-cuda.cu was compiled for: 900
/workspace/atlas-rental/src/atlas/kernels/hopper/qwen3.6-27b/nvfp4/q4k_vendor/quantize_impl.cuh:172: ERROR: CUDA kernel quantize_mmq_nvfp4_worker has no device code compatible with CUDA arch 900. ggml-cuda.cu was compiled for: 900
/workspace/atlas-rental/src/atlas/kernels/hopper/qwen3.6-27b/nvfp4/q4k_vendor/quantize_impl.cuh:172: ERROR: CUDA kernel quantize_mmq_nvfp4_worker has no device code compatible with CUDA arch 900. ggml-cuda.cu was compiled for: 900
/workspace/atlas-rental/src/atlas/kernels/hopper/qwen3.6-27b/nvfp4/q4k_vendor/quantize_impl.cuh:172: ERROR: CUDA kernel quantize_mmq_nvfp4_worker has no device code compatible with CUDA arch 900. ggml-cuda.cu was compiled for: 900
/workspace/atlas-rental/src/atlas/kernels/hopper/qwen3.6-27b/nvfp4/q4k_vendor/quantize_impl.cuh:172: ERROR: CUDA kernel quantize_mmq_nvfp4_worker has no device code compatible with CUDA arch 900. ggml-cuda.cu was compiled for: 900
/workspace/atlas-rental/src/atlas/kernels/hopper/qwen3.6-27b/nvfp4/q4k_vendor/quantize_impl.cuh:172: ERROR: CUDA kernel quantize_mmq_nvfp4_worker has no device code compatible with CUDA arch 900. ggml-cuda.cu was compiled for: 900
/workspace/atlas-rental/src/atlas/kernels/hopper/qwen3.6-27b/nvfp4/q4k_vendor/quantize_impl.cuh:172: ERROR: CUDA kernel quantize_mmq_nvfp4_worker has no device code compatible with CUDA arch 900. ggml-cuda.cu was compiled for: 900
/workspace/atlas-rental/src/atlas/kernels/hopper/qwen3.6-27b/nvfp4/q4k_vendor/quantize_impl.cuh:172: ERROR: CUDA kernel quantize_mmq_nvfp4_worker has no device code compatible with CUDA arch 900. ggml-cuda.cu was compiled for: 900
/workspace/atlas-rental/src/atlas/kernels/hopper/qwen3.6-27b/nvfp4/q4k_vendor/quantize_impl.cuh:172: ERROR: CUDA kernel quantize_mmq_nvfp4_worker has no device code compatible with CUDA arch 900. ggml-cuda.cu was compiled for: 900
/workspace/atlas-rental/src/atlas/kernels/hopper/qwen3.6-27b/nvfp4/q4k_vendor/quantize_impl.cuh:172: ERROR: CUDA kernel quantize_mmq_nvfp4_worker has no device code compatible with CUDA arch 900. ggml-cuda.cu was compiled for: 900
/workspace/atlas-rental/src/atlas/kernels/hopper/qwen3.6-27b/nvfp4/q4k_vendor/quantize_impl.cuh:172: ERROR: CUDA kernel quantize_mmq_nvfp4_worker has no device code compatible with CUDA arch 900. ggml-cuda.cu was compiled for: 900
/workspace/atlas-rental/src/atlas/kernels/hopper/qwen3.6-27b/nvfp4/q4k_vendor/quantize_impl.cuh:172: ERROR: CUDA kernel quantize_mmq_nvfp4_worker has no device code compatible with CUDA arch 900. ggml-cuda.cu was compiled for: 900
/workspace/atlas-rental/src/atlas/kernels/hopper/qwen3.6-27b/nvfp4/q4k_vendor/quantize_impl.cuh:172: ERROR: CUDA kernel quantize_mmq_nvfp4_worker has no device code compatible with CUDA arch 900. ggml-cuda.cu was compiled for: 900
/workspace/atlas-rental/src/atlas/kernels/hopper/qwen3.6-27b/nvfp4/q4k_vendor/quantize_impl.cuh:172: ERROR: CUDA kernel quantize_mmq_nvfp4_worker has no device code compatible with CUDA arch 900. ggml-cuda.cu was compiled for: 900
/workspace/atlas-rental/src/atlas/kernels/hopper/qwen3.6-27b/nvfp4/q4k_vendor/quantize_impl.cuh:172: ERROR: CUDA kernel quantize_mmq_nvfp4_worker has no device code compatible with CUDA arch 900. ggml-cuda.cu was compiled for: 900
/workspace/atlas-rental/src/atlas/kernels/hopper/qwen3.6-27b/nvfp4/q4k_vendor/quantize_impl.cuh:172: ERROR: CUDA kernel quantize_mmq_nvfp4_worker has no device code compatible with CUDA arch 900. ggml-cuda.cu was compiled for: 900
/workspace/atlas-rental/src/atlas/kernels/hopper/qwen3.6-27b/nvfp4/q4k_vendor/quantize_impl.cuh:172: ERROR: CUDA kernel quantize_mmq_nvfp4_worker has no device code compatible with CUDA arch 900. ggml-cuda.cu was compiled for: 900
/workspace/atlas-rental/src/atlas/kernels/hopper/qwen3.6-27b/nvfp4/q4k_vendor/quantize_impl.cuh:172: ERROR: CUDA kernel quantize_mmq_nvfp4_worker has no device code compatible with CUDA arch 900. ggml-cuda.cu was compiled for: 900
/workspace/atlas-rental/src/atlas/kernels/hopper/qwen3.6-27b/nvfp4/q4k_vendor/quantize_impl.cuh:172: ERROR: CUDA kernel quantize_mmq_nvfp4_worker has no device code compatible with CUDA arch 900. ggml-cuda.cu was compiled for: 900
/workspace/atlas-rental/src/atlas/kernels/hopper/qwen3.6-27b/nvfp4/q4k_vendor/quantize_impl.cuh:172: ERROR: CUDA kernel quantize_mmq_nvfp4_worker has no device code compatible with CUDA arch 900. ggml-cuda.cu was compiled for: 900
/workspace/atlas-rental/src/atlas/kernels/hopper/qwen3.6-27b/nvfp4/q4k_vendor/quantize_impl.cuh:172: ERROR: CUDA kernel quantize_mmq_nvfp4_worker has no device code compatible with CUDA arch 900. ggml-cuda.cu was compiled for: 900
/workspace/atlas-rental/src/atlas/kernels/hopper/qwen3.6-27b/nvfp4/q4k_vendor/quantize_impl.cuh:172: ERROR: CUDA kernel quantize_mmq_nvfp4_worker has no device code compatible with CUDA arch 900. ggml-cuda.cu was compiled for: 900
/workspace/atlas-rental/src/atlas/kernels/hopper/qwen3.6-27b/nvfp4/q4k_vendor/quantize_impl.cuh:172: ERROR: CUDA kernel quantize_mmq_nvfp4_worker has no device code compatible with CUDA arch 900. ggml-cuda.cu was compiled for: 900
/workspace/atlas-rental/src/atlas/kernels/hopper/qwen3.6-27b/nvfp4/q4k_vendor/quantize_impl.cuh:172: ERROR: CUDA kernel quantize_mmq_nvfp4_worker has no device code compatible with CUDA arch 900. ggml-cuda.cu was compiled for: 900
/workspace/atlas-rental/src/atlas/kernels/hopper/qwen3.6-27b/nvfp4/q4k_vendor/quantize_impl.cuh:172: ERROR: CUDA kernel quantize_mmq_nvfp4_worker has no device code compatible with CUDA arch 900. ggml-cuda.cu was compiled for: 900
/workspace/atlas-rental/src/atlas/kernels/hopper/qwen3.6-27b/nvfp4/q4k_vendor/quantize_impl.cuh:172: ERROR: CUDA kernel quantize_mmq_nvfp4_worker has no device code compatible with CUDA arch 900. ggml-cuda.cu was compiled for: 900
/workspace/atlas-rental/src/atlas/kernels/hopper/qwen3.6-27b/nvfp4/q4k_vendor/quantize_impl.cuh:172: ERROR: CUDA kernel quantize_mmq_nvfp4_worker has no device code compatible with CUDA arch 900. ggml-cuda.cu was compiled for: 900
/workspace/atlas-rental/src/atlas/kernels/hopper/qwen3.6-27b/nvfp4/q4k_vendor/quantize_impl.cuh:172: ERROR: CUDA kernel quantize_mmq_nvfp4_worker has no device code compatible with CUDA arch 900. ggml-cuda.cu was compiled for: 900
/workspace/atlas-rental/src/atlas/kernels/hopper/qwen3.6-27b/nvfp4/q4k_vendor/quantize_impl.cuh:172: ERROR: CUDA kernel quantize_mmq_nvfp4_worker has no device code compatible with CUDA arch 900. ggml-cuda.cu was compiled for: 900
/workspace/atlas-rental/src/atlas/kernels/hopper/qwen3.6-27b/nvfp4/q4k_vendor/quantize_impl.cuh:172: ERROR: CUDA kernel quantize_mmq_nvfp4_worker has no device code compatible with CUDA arch 900. ggml-cuda.cu was compiled for: 900
/workspace/atlas-rental/src/atlas/kernels/hopper/qwen3.6-27b/nvfp4/q4k_vendor/quantize_impl.cuh:172: ERROR: CUDA kernel quantize_mmq_nvfp4_worker has no device code compatible with CUDA arch 900. ggml-cuda.cu was compiled for: 900
/workspace/atlas-rental/src/atlas/kernels/hopper/qwen3.6-27b/nvfp4/q4k_vendor/quantize_impl.cuh:172: ERROR: CUDA kernel quantize_mmq_nvfp4_worker has no device code compatible with CUDA arch 900. ggml-cuda.cu was compiled for: 900
/workspace/atlas-rental/src/atlas/kernels/hopper/qwen3.6-27b/nvfp4/q4k_vendor/quantize_impl.cuh:172: ERROR: CUDA kernel quantize_mmq_nvfp4_worker has no device code compatible with CUDA arch 900. ggml-cuda.cu was compiled for: 900
/workspace/atlas-rental/src/atlas/kernels/hopper/qwen3.6-27b/nvfp4/q4k_vendor/quantize_impl.cuh:172: ERROR: CUDA kernel quantize_mmq_nvfp4_worker has no device code compatible with CUDA arch 900. ggml-cuda.cu was compiled for: 900
/workspace/atlas-rental/src/atlas/kernels/hopper/qwen3.6-27b/nvfp4/q4k_vendor/quantize_impl.cuh:172: ERROR: CUDA kernel quantize_mmq_nvfp4_worker has no device code compatible with CUDA arch 900. ggml-cuda.cu was compiled for: 900
/workspace/atlas-rental/src/atlas/kernels/hopper/qwen3.6-27b/nvfp4/q4k_vendor/quantize_impl.cuh:172: ERROR: CUDA kernel quantize_mmq_nvfp4_worker has no device code compatible with CUDA arch 900. ggml-cuda.cu was compiled for: 900
/workspace/atlas-rental/src/atlas/kernels/hopper/qwen3.6-27b/nvfp4/q4k_vendor/quantize_impl.cuh:172: ERROR: CUDA kernel quantize_mmq_nvfp4_worker has no device code compatible with CUDA arch 900. ggml-cuda.cu was compiled for: 900
/workspace/atlas-rental/src/atlas/kernels/hopper/qwen3.6-27b/nvfp4/q4k_vendor/quantize_impl.cuh:172: ERROR: CUDA kernel quantize_mmq_nvfp4_worker has no device code compatible with CUDA arch 900. ggml-cuda.cu was compiled for: 900
/workspace/atlas-rental/src/atlas/kernels/hopper/qwen3.6-27b/nvfp4/q4k_vendor/quantize_impl.cuh:172: ERROR: CUDA kernel quantize_mmq_nvfp4_worker has no device code compatible with CUDA arch 900. ggml-cuda.cu was compiled for: 900
/workspace/atlas-rental/src/atlas/kernels/hopper/qwen3.6-27b/nvfp4/q4k_vendor/quantize_impl.cuh:172: ERROR: CUDA kernel quantize_mmq_nvfp4_worker has no device code compatible with CUDA arch 900. ggml-cuda.cu was compiled for: 900
/workspace/atlas-rental/src/atlas/kernels/hopper/qwen3.6-27b/nvfp4/q4k_vendor/quantize_impl.cuh:172: ERROR: CUDA kernel quantize_mmq_nvfp4_worker has no device code compatible with CUDA arch 900. ggml-cuda.cu was compiled for: 900
/workspace/atlas-rental/src/atlas/kernels/hopper/qwen3.6-27b/nvfp4/q4k_vendor/quantize_impl.cuh:172: ERROR: CUDA kernel quantize_mmq_nvfp4_worker has no device code compatible with CUDA arch 900. ggml-cuda.cu was compiled for: 900
/workspace/atlas-rental/src/atlas/kernels/hopper/qwen3.6-27b/nvfp4/q4k_vendor/quantize_impl.cuh:172: ERROR: CUDA kernel quantize_mmq_nvfp4_worker has no device code compatible with CUDA arch 900. ggml-cuda.cu was compiled for: 900
/workspace/atlas-rental/src/atlas/kernels/hopper/qwen3.6-27b/nvfp4/q4k_vendor/quantize_impl.cuh:172: ERROR: CUDA kernel quantize_mmq_nvfp4_worker has no device code compatible with CUDA arch 900. ggml-cuda.cu was compiled for: 900
/workspace/atlas-rental/src/atlas/kernels/hopper/qwen3.6-27b/nvfp4/q4k_vendor/quantize_impl.cuh:172: ERROR: CUDA kernel quantize_mmq_nvfp4_worker has no device code compatible with CUDA arch 900. ggml-cuda.cu was compiled for: 900
/workspace/atlas-rental/src/atlas/kernels/hopper/qwen3.6-27b/nvfp4/q4k_vendor/quantize_impl.cuh:172: ERROR: CUDA kernel quantize_mmq_nvfp4_worker has no device code compatible with CUDA arch 900. ggml-cuda.cu was compiled for: 900
/workspace/atlas-rental/src/atlas/kernels/hopper/qwen3.6-27b/nvfp4/q4k_vendor/quantize_impl.cuh:172: ERROR: CUDA kernel quantize_mmq_nvfp4_worker has no device code compatible with CUDA arch 900. ggml-cuda.cu was compiled for: 900
/workspace/atlas-rental/src/atlas/kernels/hopper/qwen3.6-27b/nvfp4/q4k_vendor/quantize_impl.cuh:172: ERROR: CUDA kernel quantize_mmq_nvfp4_worker has no device code compatible with CUDA arch 900. ggml-cuda.cu was compiled for: 900
/workspace/atlas-rental/src/atlas/kernels/hopper/qwen3.6-27b/nvfp4/q4k_vendor/quantize_impl.cuh:172: ERROR: CUDA kernel quantize_mmq_nvfp4_worker has no device code compatible with CUDA arch 900. ggml-cuda.cu was compiled for: 900
/workspace/atlas-rental/src/atlas/kernels/hopper/qwen3.6-27b/nvfp4/q4k_vendor/quantize_impl.cuh:172: ERROR: CUDA kernel quantize_mmq_nvfp4_worker has no device code compatible with CUDA arch 900. ggml-cuda.cu was compiled for: 900
/workspace/atlas-rental/src/atlas/kernels/hopper/qwen3.6-27b/nvfp4/q4k_vendor/quantize_impl.cuh:172: ERROR: CUDA kernel quantize_mmq_nvfp4_worker has no device code compatible with CUDA arch 900. ggml-cuda.cu was compiled for: 900
/workspace/atlas-rental/src/atlas/kernels/hopper/qwen3.6-27b/nvfp4/q4k_vendor/quantize_impl.cuh:172: ERROR: CUDA kernel quantize_mmq_nvfp4_worker has no device code compatible with CUDA arch 900. ggml-cuda.cu was compiled for: 900
/workspace/atlas-rental/src/atlas/kernels/hopper/qwen3.6-27b/nvfp4/q4k_vendor/quantize_impl.cuh:172: ERROR: CUDA kernel quantize_mmq_nvfp4_worker has no device code compatible with CUDA arch 900. ggml-cuda.cu was compiled for: 900
/workspace/atlas-rental/src/atlas/kernels/hopper/qwen3.6-27b/nvfp4/q4k_vendor/quantize_impl.cuh:172: ERROR: CUDA kernel quantize_mmq_nvfp4_worker has no device code compatible with CUDA arch 900. ggml-cuda.cu was compiled for: 900
/workspace/atlas-rental/src/atlas/kernels/hopper/qwen3.6-27b/nvfp4/q4k_vendor/quantize_impl.cuh:172: ERROR: CUDA kernel quantize_mmq_nvfp4_worker has no device code compatible with CUDA arch 900. ggml-cuda.cu was compiled for: 900
/workspace/atlas-rental/src/atlas/kernels/hopper/qwen3.6-27b/nvfp4/q4k_vendor/quantize_impl.cuh:172: ERROR: CUDA kernel quantize_mmq_nvfp4_worker has no device code compatible with CUDA arch 900. ggml-cuda.cu was compiled for: 900
/workspace/atlas-rental/src/atlas/kernels/hopper/qwen3.6-27b/nvfp4/q4k_vendor/quantize_impl.cuh:172: ERROR: CUDA kernel quantize_mmq_nvfp4_worker has no device code compatible with CUDA arch 900. ggml-cuda.cu was compiled for: 900
/workspace/atlas-rental/src/atlas/kernels/hopper/qwen3.6-27b/nvfp4/q4k_vendor/quantize_impl.cuh:172: ERROR: CUDA kernel quantize_mmq_nvfp4_worker has no device code compatible with CUDA arch 900. ggml-cuda.cu was compiled for: 900
/workspace/atlas-rental/src/atlas/kernels/hopper/qwen3.6-27b/nvfp4/q4k_vendor/quantize_impl.cuh:172: ERROR: CUDA kernel quantize_mmq_nvfp4_worker has no device code compatible with CUDA arch 900. ggml-cuda.cu was compiled for: 900
/workspace/atlas-rental/src/atlas/kernels/hopper/qwen3.6-27b/nvfp4/q4k_vendor/quantize_impl.cuh:172: ERROR: CUDA kernel quantize_mmq_nvfp4_worker has no device code compatible with CUDA arch 900. ggml-cuda.cu was compiled for: 900
/workspace/atlas-rental/src/atlas/kernels/hopper/qwen3.6-27b/nvfp4/q4k_vendor/quantize_impl.cuh:172: ERROR: CUDA kernel quantize_mmq_nvfp4_worker has no device code compatible with CUDA arch 900. ggml-cuda.cu was compiled for: 900
/workspace/atlas-rental/src/atlas/kernels/hopper/qwen3.6-27b/nvfp4/q4k_vendor/quantize_impl.cuh:172: ERROR: CUDA kernel quantize_mmq_nvfp4_worker has no device code compatible with CUDA arch 900. ggml-cuda.cu was compiled for: 900
/workspace/atlas-rental/src/atlas/kernels/hopper/qwen3.6-27b/nvfp4/q4k_vendor/quantize_impl.cuh:172: ERROR: CUDA kernel quantize_mmq_nvfp4_worker has no device code compatible with CUDA arch 900. ggml-cuda.cu was compiled for: 900
/workspace/atlas-rental/src/atlas/kernels/hopper/qwen3.6-27b/nvfp4/q4k_vendor/quantize_impl.cuh:172: ERROR: CUDA kernel quantize_mmq_nvfp4_worker has no device code compatible with CUDA arch 900. ggml-cuda.cu was compiled for: 900
/workspace/atlas-rental/src/atlas/kernels/hopper/qwen3.6-27b/nvfp4/q4k_vendor/quantize_impl.cuh:172: ERROR: CUDA kernel quantize_mmq_nvfp4_worker has no device code compatible with CUDA arch 900. ggml-cuda.cu was compiled for: 900
/workspace/atlas-rental/src/atlas/kernels/hopper/qwen3.6-27b/nvfp4/q4k_vendor/quantize_impl.cuh:172: ERROR: CUDA kernel quantize_mmq_nvfp4_worker has no device code compatible with CUDA arch 900. ggml-cuda.cu was compiled for: 900
/workspace/atlas-rental/src/atlas/kernels/hopper/qwen3.6-27b/nvfp4/q4k_vendor/quantize_impl.cuh:172: ERROR: CUDA kernel quantize_mmq_nvfp4_worker has no device code compatible with CUDA arch 900. ggml-cuda.cu was compiled for: 900
/workspace/atlas-rental/src/atlas/kernels/hopper/qwen3.6-27b/nvfp4/q4k_vendor/quantize_impl.cuh:172: ERROR: CUDA kernel quantize_mmq_nvfp4_worker has no device code compatible with CUDA arch 900. ggml-cuda.cu was compiled for: 900
/workspace/atlas-rental/src/atlas/kernels/hopper/qwen3.6-27b/nvfp4/q4k_vendor/quantize_impl.cuh:172: ERROR: CUDA kernel quantize_mmq_nvfp4_worker has no device code compatible with CUDA arch 900. ggml-cuda.cu was compiled for: 900
/workspace/atlas-rental/src/atlas/kernels/hopper/qwen3.6-27b/nvfp4/q4k_vendor/quantize_impl.cuh:172: ERROR: CUDA kernel quantize_mmq_nvfp4_worker has no device code compatible with CUDA arch 900. ggml-cuda.cu was compiled for: 900
/workspace/atlas-rental/src/atlas/kernels/hopper/qwen3.6-27b/nvfp4/q4k_vendor/quantize_impl.cuh:172: ERROR: CUDA kernel quantize_mmq_nvfp4_worker has no device code compatible with CUDA arch 900. ggml-cuda.cu was compiled for: 900
/workspace/atlas-rental/src/atlas/kernels/hopper/qwen3.6-27b/nvfp4/q4k_vendor/quantize_impl.cuh:172: ERROR: CUDA kernel quantize_mmq_nvfp4_worker has no device code compatible with CUDA arch 900. ggml-cuda.cu was compiled for: 900
/workspace/atlas-rental/src/atlas/kernels/hopper/qwen3.6-27b/nvfp4/q4k_vendor/quantize_impl.cuh:172: ERROR: CUDA kernel quantize_mmq_nvfp4_worker has no device code compatible with CUDA arch 900. ggml-cuda.cu was compiled for: 900
/workspace/atlas-rental/src/atlas/kernels/hopper/qwen3.6-27b/nvfp4/q4k_vendor/quantize_impl.cuh:172: ERROR: CUDA kernel quantize_mmq_nvfp4_worker has no device code compatible with CUDA arch 900. ggml-cuda.cu was compiled for: 900
/workspace/atlas-rental/src/atlas/kernels/hopper/qwen3.6-27b/nvfp4/q4k_vendor/quantize_impl.cuh:172: ERROR: CUDA kernel quantize_mmq_nvfp4_worker has no device code compatible with CUDA arch 900. ggml-cuda.cu was compiled for: 900
/workspace/atlas-rental/src/atlas/kernels/hopper/qwen3.6-27b/nvfp4/q4k_vendor/quantize_impl.cuh:172: ERROR: CUDA kernel quantize_mmq_nvfp4_worker has no device code compatible with CUDA arch 900. ggml-cuda.cu was compiled for: 900
/workspace/atlas-rental/src/atlas/kernels/hopper/qwen3.6-27b/nvfp4/q4k_vendor/quantize_impl.cuh:172: ERROR: CUDA kernel quantize_mmq_nvfp4_worker has no device code compatible with CUDA arch 900. ggml-cuda.cu was compiled for: 900
/workspace/atlas-rental/src/atlas/kernels/hopper/qwen3.6-27b/nvfp4/q4k_vendor/quantize_impl.cuh:172: ERROR: CUDA kernel quantize_mmq_nvfp4_worker has no device code compatible with CUDA arch 900. ggml-cuda.cu was compiled for: 900
/workspace/atlas-rental/src/atlas/kernels/hopper/qwen3.6-27b/nvfp4/q4k_vendor/quantize_impl.cuh:172: ERROR: CUDA kernel quantize_mmq_nvfp4_worker has no device code compatible with CUDA arch 900. ggml-cuda.cu was compiled for: 900
/workspace/atlas-rental/src/atlas/kernels/hopper/qwen3.6-27b/nvfp4/q4k_vendor/quantize_impl.cuh:172: ERROR: CUDA kernel quantize_mmq_nvfp4_worker has no device code compatible with CUDA arch 900. ggml-cuda.cu was compiled for: 900
/workspace/atlas-rental/src/atlas/kernels/hopper/qwen3.6-27b/nvfp4/q4k_vendor/quantize_impl.cuh:172: ERROR: CUDA kernel quantize_mmq_nvfp4_worker has no device code compatible with CUDA arch 900. ggml-cuda.cu was compiled for: 900
/workspace/atlas-rental/src/atlas/kernels/hopper/qwen3.6-27b/nvfp4/q4k_vendor/quantize_impl.cuh:172: ERROR: CUDA kernel quantize_mmq_nvfp4_worker has no device code compatible with CUDA arch 900. ggml-cuda.cu was compiled for: 900
/workspace/atlas-rental/src/atlas/kernels/hopper/qwen3.6-27b/nvfp4/q4k_vendor/quantize_impl.cuh:172: ERROR: CUDA kernel quantize_mmq_nvfp4_worker has no device code compatible with CUDA arch 900. ggml-cuda.cu was compiled for: 900
/workspace/atlas-rental/src/atlas/kernels/hopper/qwen3.6-27b/nvfp4/q4k_vendor/quantize_impl.cuh:172: ERROR: CUDA kernel quantize_mmq_nvfp4_worker has no device code compatible with CUDA arch 900. ggml-cuda.cu was compiled for: 900
/workspace/atlas-rental/src/atlas/kernels/hopper/qwen3.6-27b/nvfp4/q4k_vendor/quantize_impl.cuh:172: ERROR: CUDA kernel quantize_mmq_nvfp4_worker has no device code compatible with CUDA arch 900. ggml-cuda.cu was compiled for: 900
/workspace/atlas-rental/src/atlas/kernels/hopper/qwen3.6-27b/nvfp4/q4k_vendor/quantize_impl.cuh:172: ERROR: CUDA kernel quantize_mmq_nvfp4_worker has no device code compatible with CUDA arch 900. ggml-cuda.cu was compiled for: 900
/workspace/atlas-rental/src/atlas/kernels/hopper/qwen3.6-27b/nvfp4/q4k_vendor/quantize_impl.cuh:172: ERROR: CUDA kernel quantize_mmq_nvfp4_worker has no device code compatible with CUDA arch 900. ggml-cuda.cu was compiled for: 900
/workspace/atlas-rental/src/atlas/kernels/hopper/qwen3.6-27b/nvfp4/q4k_vendor/quantize_impl.cuh:172: ERROR: CUDA kernel quantize_mmq_nvfp4_worker has no device code compatible with CUDA arch 900. ggml-cuda.cu was compiled for: 900
/workspace/atlas-rental/src/atlas/kernels/hopper/qwen3.6-27b/nvfp4/q4k_vendor/quantize_impl.cuh:172: ERROR: CUDA kernel quantize_mmq_nvfp4_worker has no device code compatible with CUDA arch 900. ggml-cuda.cu was compiled for: 900
/workspace/atlas-rental/src/atlas/kernels/hopper/qwen3.6-27b/nvfp4/q4k_vendor/quantize_impl.cuh:172: ERROR: CUDA kernel quantize_mmq_nvfp4_worker has no device code compatible with CUDA arch 900. ggml-cuda.cu was compiled for: 900
/workspace/atlas-rental/src/atlas/kernels/hopper/qwen3.6-27b/nvfp4/q4k_vendor/quantize_impl.cuh:172: ERROR: CUDA kernel quantize_mmq_nvfp4_worker has no device code compatible with CUDA arch 900. ggml-cuda.cu was compiled for: 900
/workspace/atlas-rental/src/atlas/kernels/hopper/qwen3.6-27b/nvfp4/q4k_vendor/quantize_impl.cuh:172: ERROR: CUDA kernel quantize_mmq_nvfp4_worker has no device code compatible with CUDA arch 900. ggml-cuda.cu was compiled for: 900
/workspace/atlas-rental/src/atlas/kernels/hopper/qwen3.6-27b/nvfp4/q4k_vendor/quantize_impl.cuh:172: ERROR: CUDA kernel quantize_mmq_nvfp4_worker has no device code compatible with CUDA arch 900. ggml-cuda.cu was compiled for: 900
/workspace/atlas-rental/src/atlas/kernels/hopper/qwen3.6-27b/nvfp4/q4k_vendor/quantize_impl.cuh:172: ERROR: CUDA kernel quantize_mmq_nvfp4_worker has no device code compatible with CUDA arch 900. ggml-cuda.cu was compiled for: 900
/workspace/atlas-rental/src/atlas/kernels/hopper/qwen3.6-27b/nvfp4/q4k_vendor/quantize_impl.cuh:172: ERROR: CUDA kernel quantize_mmq_nvfp4_worker has no device code compatible with CUDA arch 900. ggml-cuda.cu was compiled for: 900
/workspace/atlas-rental/src/atlas/kernels/hopper/qwen3.6-27b/nvfp4/q4k_vendor/quantize_impl.cuh:172: ERROR: CUDA kernel quantize_mmq_nvfp4_worker has no device code compatible with CUDA arch 900. ggml-cuda.cu was compiled for: 900
/workspace/atlas-rental/src/atlas/kernels/hopper/qwen3.6-27b/nvfp4/q4k_vendor/quantize_impl.cuh:172: ERROR: CUDA kernel quantize_mmq_nvfp4_worker has no device code compatible with CUDA arch 900. ggml-cuda.cu was compiled for: 900
/workspace/atlas-rental/src/atlas/kernels/hopper/qwen3.6-27b/nvfp4/q4k_vendor/quantize_impl.cuh:172: ERROR: CUDA kernel quantize_mmq_nvfp4_worker has no device code compatible with CUDA arch 900. ggml-cuda.cu was compiled for: 900
/workspace/atlas-rental/src/atlas/kernels/hopper/qwen3.6-27b/nvfp4/q4k_vendor/quantize_impl.cuh:172: ERROR: CUDA kernel quantize_mmq_nvfp4_worker has no device code compatible with CUDA arch 900. ggml-cuda.cu was compiled for: 900
/workspace/atlas-rental/src/atlas/kernels/hopper/qwen3.6-27b/nvfp4/q4k_vendor/quantize_impl.cuh:172: ERROR: CUDA kernel quantize_mmq_nvfp4_worker has no device code compatible with CUDA arch 900. ggml-cuda.cu was compiled for: 900
/workspace/atlas-rental/src/atlas/kernels/hopper/qwen3.6-27b/nvfp4/q4k_vendor/quantize_impl.cuh:172: ERROR: CUDA kernel quantize_mmq_nvfp4_worker has no device code compatible with CUDA arch 900. ggml-cuda.cu was compiled for: 900
/workspace/atlas-rental/src/atlas/kernels/hopper/qwen3.6-27b/nvfp4/q4k_vendor/quantize_impl.cuh:172: ERROR: CUDA kernel quantize_mmq_nvfp4_worker has no device code compatible with CUDA arch 900. ggml-cuda.cu was compiled for: 900
/workspace/atlas-rental/src/atlas/kernels/hopper/qwen3.6-27b/nvfp4/q4k_vendor/quantize_impl.cuh:172: ERROR: CUDA kernel quantize_mmq_nvfp4_worker has no device code compatible with CUDA arch 900. ggml-cuda.cu was compiled for: 900
/workspace/atlas-rental/src/atlas/kernels/hopper/qwen3.6-27b/nvfp4/q4k_vendor/quantize_impl.cuh:172: ERROR: CUDA kernel quantize_mmq_nvfp4_worker has no device code compatible with CUDA arch 900. ggml-cuda.cu was compiled for: 900
/workspace/atlas-rental/src/atlas/kernels/hopper/qwen3.6-27b/nvfp4/q4k_vendor/quantize_impl.cuh:172: ERROR: CUDA kernel quantize_mmq_nvfp4_worker has no device code compatible with CUDA arch 900. ggml-cuda.cu was compiled for: 900
/workspace/atlas-rental/src/atlas/kernels/hopper/qwen3.6-27b/nvfp4/q4k_vendor/quantize_impl.cuh:172: ERROR: CUDA kernel quantize_mmq_nvfp4_worker has no device code compatible with CUDA arch 900. ggml-cuda.cu was compiled for: 900
/workspace/atlas-rental/src/atlas/kernels/hopper/qwen3.6-27b/nvfp4/q4k_vendor/quantize_impl.cuh:172: ERROR: CUDA kernel quantize_mmq_nvfp4_worker has no device code compatible with CUDA arch 900. ggml-cuda.cu was compiled for: 900
/workspace/atlas-rental/src/atlas/kernels/hopper/qwen3.6-27b/nvfp4/q4k_vendor/quantize_impl.cuh:172: ERROR: CUDA kernel quantize_mmq_nvfp4_worker has no device code compatible with CUDA arch 900. ggml-cuda.cu was compiled for: 900
/workspace/atlas-rental/src/atlas/kernels/hopper/qwen3.6-27b/nvfp4/q4k_vendor/quantize_impl.cuh:172: ERROR: CUDA kernel quantize_mmq_nvfp4_worker has no device code compatible with CUDA arch 900. ggml-cuda.cu was compiled for: 900
/workspace/atlas-rental/src/atlas/kernels/hopper/qwen3.6-27b/nvfp4/q4k_vendor/quantize_impl.cuh:172: ERROR: CUDA kernel quantize_mmq_nvfp4_worker has no device code compatible with CUDA arch 900. ggml-cuda.cu was compiled for: 900
/workspace/atlas-rental/src/atlas/kernels/hopper/qwen3.6-27b/nvfp4/q4k_vendor/quantize_impl.cuh:172: ERROR: CUDA kernel quantize_mmq_nvfp4_worker has no device code compatible with CUDA arch 900. ggml-cuda.cu was compiled for: 900
/workspace/atlas-rental/src/atlas/kernels/hopper/qwen3.6-27b/nvfp4/q4k_vendor/quantize_impl.cuh:172: ERROR: CUDA kernel quantize_mmq_nvfp4_worker has no device code compatible with CUDA arch 900. ggml-cuda.cu was compiled for: 900
/workspace/atlas-rental/src/atlas/kernels/hopper/qwen3.6-27b/nvfp4/q4k_vendor/quantize_impl.cuh:172: ERROR: CUDA kernel quantize_mmq_nvfp4_worker has no device code compatible with CUDA arch 900. ggml-cuda.cu was compiled for: 900
/workspace/atlas-rental/src/atlas/kernels/hopper/qwen3.6-27b/nvfp4/q4k_vendor/quantize_impl.cuh:172: ERROR: CUDA kernel quantize_mmq_nvfp4_worker has no device code compatible with CUDA arch 900. ggml-cuda.cu was compiled for: 900
/workspace/atlas-rental/src/atlas/kernels/hopper/qwen3.6-27b/nvfp4/q4k_vendor/quantize_impl.cuh:172: ERROR: CUDA kernel quantize_mmq_nvfp4_worker has no device code compatible with CUDA arch 900. ggml-cuda.cu was compiled for: 900
/workspace/atlas-rental/src/atlas/kernels/hopper/qwen3.6-27b/nvfp4/q4k_vendor/quantize_impl.cuh:172: ERROR: CUDA kernel quantize_mmq_nvfp4_worker has no device code compatible with CUDA arch 900. ggml-cuda.cu was compiled for: 900
/workspace/atlas-rental/src/atlas/kernels/hopper/qwen3.6-27b/nvfp4/q4k_vendor/quantize_impl.cuh:172: ERROR: CUDA kernel quantize_mmq_nvfp4_worker has no device code compatible with CUDA arch 900. ggml-cuda.cu was compiled for: 900
/workspace/atlas-rental/src/atlas/kernels/hopper/qwen3.6-27b/nvfp4/q4k_vendor/quantize_impl.cuh:172: ERROR: CUDA kernel quantize_mmq_nvfp4_worker has no device code compatible with CUDA arch 900. ggml-cuda.cu was compiled for: 900
/workspace/atlas-rental/src/atlas/kernels/hopper/qwen3.6-27b/nvfp4/q4k_vendor/quantize_impl.cuh:172: ERROR: CUDA kernel quantize_mmq_nvfp4_worker has no device code compatible with CUDA arch 900. ggml-cuda.cu was compiled for: 900
/workspace/atlas-rental/src/atlas/kernels/hopper/qwen3.6-27b/nvfp4/q4k_vendor/quantize_impl.cuh:172: ERROR: CUDA kernel quantize_mmq_nvfp4_worker has no device code compatible with CUDA arch 900. ggml-cuda.cu was compiled for: 900
/workspace/atlas-rental/src/atlas/kernels/hopper/qwen3.6-27b/nvfp4/q4k_vendor/quantize_impl.cuh:172: ERROR: CUDA kernel quantize_mmq_nvfp4_worker has no device code compatible with CUDA arch 900. ggml-cuda.cu was compiled for: 900
/workspace/atlas-rental/src/atlas/kernels/hopper/qwen3.6-27b/nvfp4/q4k_vendor/quantize_impl.cuh:172: ERROR: CUDA kernel quantize_mmq_nvfp4_worker has no device code compatible with CUDA arch 900. ggml-cuda.cu was compiled for: 900
/workspace/atlas-rental/src/atlas/kernels/hopper/qwen3.6-27b/nvfp4/q4k_vendor/quantize_impl.cuh:172: ERROR: CUDA kernel quantize_mmq_nvfp4_worker has no device code compatible with CUDA arch 900. ggml-cuda.cu was compiled for: 900
/workspace/atlas-rental/src/atlas/kernels/hopper/qwen3.6-27b/nvfp4/q4k_vendor/quantize_impl.cuh:172: ERROR: CUDA kernel quantize_mmq_nvfp4_worker has no device code compatible with CUDA arch 900. ggml-cuda.cu was compiled for: 900
/workspace/atlas-rental/src/atlas/kernels/hopper/qwen3.6-27b/nvfp4/q4k_vendor/quantize_impl.cuh:172: ERROR: CUDA kernel quantize_mmq_nvfp4_worker has no device code compatible with CUDA arch 900. ggml-cuda.cu was compiled for: 900
/workspace/atlas-rental/src/atlas/kernels/hopper/qwen3.6-27b/nvfp4/q4k_vendor/quantize_impl.cuh:172: ERROR: CUDA kernel quantize_mmq_nvfp4_worker has no device code compatible with CUDA arch 900. ggml-cuda.cu was compiled for: 900
/workspace/atlas-rental/src/atlas/kernels/hopper/qwen3.6-27b/nvfp4/q4k_vendor/quantize_impl.cuh:172: ERROR: CUDA kernel quantize_mmq_nvfp4_worker has no device code compatible with CUDA arch 900. ggml-cuda.cu was compiled for: 900
/workspace/atlas-rental/src/atlas/kernels/hopper/qwen3.6-27b/nvfp4/q4k_vendor/quantize_impl.cuh:172: ERROR: CUDA kernel quantize_mmq_nvfp4_worker has no device code compatible with CUDA arch 900. ggml-cuda.cu was compiled for: 900
/workspace/atlas-rental/src/atlas/kernels/hopper/qwen3.6-27b/nvfp4/q4k_vendor/quantize_impl.cuh:172: ERROR: CUDA kernel quantize_mmq_nvfp4_worker has no device code compatible with CUDA arch 900. ggml-cuda.cu was compiled for: 900
/workspace/atlas-rental/src/atlas/kernels/hopper/qwen3.6-27b/nvfp4/q4k_vendor/quantize_impl.cuh:172: ERROR: CUDA kernel quantize_mmq_nvfp4_worker has no device code compatible with CUDA arch 900. ggml-cuda.cu was compiled for: 900
/workspace/atlas-rental/src/atlas/kernels/hopper/qwen3.6-27b/nvfp4/q4k_vendor/quantize_impl.cuh:172: ERROR: CUDA kernel quantize_mmq_nvfp4_worker has no device code compatible with CUDA arch 900. ggml-cuda.cu was compiled for: 900
/workspace/atlas-rental/src/atlas/kernels/hopper/qwen3.6-27b/nvfp4/q4k_vendor/quantize_impl.cuh:172: ERROR: CUDA kernel quantize_mmq_nvfp4_worker has no device code compatible with CUDA arch 900. ggml-cuda.cu was compiled for: 900
/workspace/atlas-rental/src/atlas/kernels/hopper/qwen3.6-27b/nvfp4/q4k_vendor/quantize_impl.cuh:172: ERROR: CUDA kernel quantize_mmq_nvfp4_worker has no device code compatible with CUDA arch 900. ggml-cuda.cu was compiled for: 900
/workspace/atlas-rental/src/atlas/kernels/hopper/qwen3.6-27b/nvfp4/q4k_vendor/quantize_impl.cuh:172: ERROR: CUDA kernel quantize_mmq_nvfp4_worker has no device code compatible with CUDA arch 900. ggml-cuda.cu was compiled for: 900
/workspace/atlas-rental/src/atlas/kernels/hopper/qwen3.6-27b/nvfp4/q4k_vendor/quantize_impl.cuh:172: ERROR: CUDA kernel quantize_mmq_nvfp4_worker has no device code compatible with CUDA arch 900. ggml-cuda.cu was compiled for: 900
/workspace/atlas-rental/src/atlas/kernels/hopper/qwen3.6-27b/nvfp4/q4k_vendor/quantize_impl.cuh:172: ERROR: CUDA kernel quantize_mmq_nvfp4_worker has no device code compatible with CUDA arch 900. ggml-cuda.cu was compiled for: 900
/workspace/atlas-rental/src/atlas/kernels/hopper/qwen3.6-27b/nvfp4/q4k_vendor/quantize_impl.cuh:172: ERROR: CUDA kernel quantize_mmq_nvfp4_worker has no device code compatible with CUDA arch 900. ggml-cuda.cu was compiled for: 900
/workspace/atlas-rental/src/atlas/kernels/hopper/qwen3.6-27b/nvfp4/q4k_vendor/quantize_impl.cuh:172: ERROR: CUDA kernel quantize_mmq_nvfp4_worker has no device code compatible with CUDA arch 900. ggml-cuda.cu was compiled for: 900
/workspace/atlas-rental/src/atlas/kernels/hopper/qwen3.6-27b/nvfp4/q4k_vendor/quantize_impl.cuh:172: ERROR: CUDA kernel quantize_mmq_nvfp4_worker has no device code compatible with CUDA arch 900. ggml-cuda.cu was compiled for: 900
/workspace/atlas-rental/src/atlas/kernels/hopper/qwen3.6-27b/nvfp4/q4k_vendor/quantize_impl.cuh:172: ERROR: CUDA kernel quantize_mmq_nvfp4_worker has no device code compatible with CUDA arch 900. ggml-cuda.cu was compiled for: 900
/workspace/atlas-rental/src/atlas/kernels/hopper/qwen3.6-27b/nvfp4/q4k_vendor/quantize_impl.cuh:172: ERROR: CUDA kernel quantize_mmq_nvfp4_worker has no device code compatible with CUDA arch 900. ggml-cuda.cu was compiled for: 900
/workspace/atlas-rental/src/atlas/kernels/hopper/qwen3.6-27b/nvfp4/q4k_vendor/quantize_impl.cuh:172: ERROR: CUDA kernel quantize_mmq_nvfp4_worker has no device code compatible with CUDA arch 900. ggml-cuda.cu was compiled for: 900
/workspace/atlas-rental/src/atlas/kernels/hopper/qwen3.6-27b/nvfp4/q4k_vendor/quantize_impl.cuh:172: ERROR: CUDA kernel quantize_mmq_nvfp4_worker has no device code compatible with CUDA arch 900. ggml-cuda.cu was compiled for: 900
/workspace/atlas-rental/src/atlas/kernels/hopper/qwen3.6-27b/nvfp4/q4k_vendor/quantize_impl.cuh:172: ERROR: CUDA kernel quantize_mmq_nvfp4_worker has no device code compatible with CUDA arch 900. ggml-cuda.cu was compiled for: 900
/workspace/atlas-rental/src/atlas/kernels/hopper/qwen3.6-27b/nvfp4/q4k_vendor/quantize_impl.cuh:172: ERROR: CUDA kernel quantize_mmq_nvfp4_worker has no device code compatible with CUDA arch 900. ggml-cuda.cu was compiled for: 900
/workspace/atlas-rental/src/atlas/kernels/hopper/qwen3.6-27b/nvfp4/q4k_vendor/quantize_impl.cuh:172: ERROR: CUDA kernel quantize_mmq_nvfp4_worker has no device code compatible with CUDA arch 900. ggml-cuda.cu was compiled for: 900
/workspace/atlas-rental/src/atlas/kernels/hopper/qwen3.6-27b/nvfp4/q4k_vendor/quantize_impl.cuh:172: ERROR: CUDA kernel quantize_mmq_nvfp4_worker has no device code compatible with CUDA arch 900. ggml-cuda.cu was compiled for: 900
/workspace/atlas-rental/src/atlas/kernels/hopper/qwen3.6-27b/nvfp4/q4k_vendor/quantize_impl.cuh:172: ERROR: CUDA kernel quantize_mmq_nvfp4_worker has no device code compatible with CUDA arch 900. ggml-cuda.cu was compiled for: 900
/workspace/atlas-rental/src/atlas/kernels/hopper/qwen3.6-27b/nvfp4/q4k_vendor/quantize_impl.cuh:172: ERROR: CUDA kernel quantize_mmq_nvfp4_worker has no device code compatible with CUDA arch 900. ggml-cuda.cu was compiled for: 900
/workspace/atlas-rental/src/atlas/kernels/hopper/qwen3.6-27b/nvfp4/q4k_vendor/quantize_impl.cuh:172: ERROR: CUDA kernel quantize_mmq_nvfp4_worker has no device code compatible with CUDA arch 900. ggml-cuda.cu was compiled for: 900
/workspace/atlas-rental/src/atlas/kernels/hopper/qwen3.6-27b/nvfp4/q4k_vendor/quantize_impl.cuh:172: ERROR: CUDA kernel quantize_mmq_nvfp4_worker has no device code compatible with CUDA arch 900. ggml-cuda.cu was compiled for: 900
/workspace/atlas-rental/src/atlas/kernels/hopper/qwen3.6-27b/nvfp4/q4k_vendor/quantize_impl.cuh:172: ERROR: CUDA kernel quantize_mmq_nvfp4_worker has no device code compatible with CUDA arch 900. ggml-cuda.cu was compiled for: 900
/workspace/atlas-rental/src/atlas/kernels/hopper/qwen3.6-27b/nvfp4/q4k_vendor/quantize_impl.cuh:172: ERROR: CUDA kernel quantize_mmq_nvfp4_worker has no device code compatible with CUDA arch 900. ggml-cuda.cu was compiled for: 900
/workspace/atlas-rental/src/atlas/kernels/hopper/qwen3.6-27b/nvfp4/q4k_vendor/quantize_impl.cuh:172: ERROR: CUDA kernel quantize_mmq_nvfp4_worker has no device code compatible with CUDA arch 900. ggml-cuda.cu was compiled for: 900
/workspace/atlas-rental/src/atlas/kernels/hopper/qwen3.6-27b/nvfp4/q4k_vendor/quantize_impl.cuh:172: ERROR: CUDA kernel quantize_mmq_nvfp4_worker has no device code compatible with CUDA arch 900. ggml-cuda.cu was compiled for: 900
/workspace/atlas-rental/src/atlas/kernels/hopper/qwen3.6-27b/nvfp4/q4k_vendor/quantize_impl.cuh:172: ERROR: CUDA kernel quantize_mmq_nvfp4_worker has no device code compatible with CUDA arch 900. ggml-cuda.cu was compiled for: 900
/workspace/atlas-rental/src/atlas/kernels/hopper/qwen3.6-27b/nvfp4/q4k_vendor/quantize_impl.cuh:172: ERROR: CUDA kernel quantize_mmq_nvfp4_worker has no device code compatible with CUDA arch 900. ggml-cuda.cu was compiled for: 900
/workspace/atlas-rental/src/atlas/kernels/hopper/qwen3.6-27b/nvfp4/q4k_vendor/quantize_impl.cuh:172: ERROR: CUDA kernel quantize_mmq_nvfp4_worker has no device code compatible with CUDA arch 900. ggml-cuda.cu was compiled for: 900
/workspace/atlas-rental/src/atlas/kernels/hopper/qwen3.6-27b/nvfp4/q4k_vendor/quantize_impl.cuh:172: ERROR: CUDA kernel quantize_mmq_nvfp4_worker has no device code compatible with CUDA arch 900. ggml-cuda.cu was compiled for: 900
/workspace/atlas-rental/src/atlas/kernels/hopper/qwen3.6-27b/nvfp4/q4k_vendor/quantize_impl.cuh:172: ERROR: CUDA kernel quantize_mmq_nvfp4_worker has no device code compatible with CUDA arch 900. ggml-cuda.cu was compiled for: 900
/workspace/atlas-rental/src/atlas/kernels/hopper/qwen3.6-27b/nvfp4/q4k_vendor/quantize_impl.cuh:172: ERROR: CUDA kernel quantize_mmq_nvfp4_worker has no device code compatible with CUDA arch 900. ggml-cuda.cu was compiled for: 900
/workspace/atlas-rental/src/atlas/kernels/hopper/qwen3.6-27b/nvfp4/q4k_vendor/quantize_impl.cuh:172: ERROR: CUDA kernel quantize_mmq_nvfp4_worker has no device code compatible with CUDA arch 900. ggml-cuda.cu was compiled for: 900
/workspace/atlas-rental/src/atlas/kernels/hopper/qwen3.6-27b/nvfp4/q4k_vendor/quantize_impl.cuh:172: ERROR: CUDA kernel quantize_mmq_nvfp4_worker has no device code compatible with CUDA arch 900. ggml-cuda.cu was compiled for: 900
/workspace/atlas-rental/src/atlas/kernels/hopper/qwen3.6-27b/nvfp4/q4k_vendor/quantize_impl.cuh:172: ERROR: CUDA kernel quantize_mmq_nvfp4_worker has no device code compatible with CUDA arch 900. ggml-cuda.cu was compiled for: 900
/workspace/atlas-rental/src/atlas/kernels/hopper/qwen3.6-27b/nvfp4/q4k_vendor/quantize_impl.cuh:172: ERROR: CUDA kernel quantize_mmq_nvfp4_worker has no device code compatible with CUDA arch 900. ggml-cuda.cu was compiled for: 900
/workspace/atlas-rental/src/atlas/kernels/hopper/qwen3.6-27b/nvfp4/q4k_vendor/quantize_impl.cuh:172: ERROR: CUDA kernel quantize_mmq_nvfp4_worker has no device code compatible with CUDA arch 900. ggml-cuda.cu was compiled for: 900
/workspace/atlas-rental/src/atlas/kernels/hopper/qwen3.6-27b/nvfp4/q4k_vendor/quantize_impl.cuh:172: ERROR: CUDA kernel quantize_mmq_nvfp4_worker has no device code compatible with CUDA arch 900. ggml-cuda.cu was compiled for: 900
/workspace/atlas-rental/src/atlas/kernels/hopper/qwen3.6-27b/nvfp4/q4k_vendor/quantize_impl.cuh:172: ERROR: CUDA kernel quantize_mmq_nvfp4_worker has no device code compatible with CUDA arch 900. ggml-cuda.cu was compiled for: 900
/workspace/atlas-rental/src/atlas/kernels/hopper/qwen3.6-27b/nvfp4/q4k_vendor/quantize_impl.cuh:172: ERROR: CUDA kernel quantize_mmq_nvfp4_worker has no device code compatible with CUDA arch 900. ggml-cuda.cu was compiled for: 900
/workspace/atlas-rental/src/atlas/kernels/hopper/qwen3.6-27b/nvfp4/q4k_vendor/quantize_impl.cuh:172: ERROR: CUDA kernel quantize_mmq_nvfp4_worker has no device code compatible with CUDA arch 900. ggml-cuda.cu was compiled for: 900
/workspace/atlas-rental/src/atlas/kernels/hopper/qwen3.6-27b/nvfp4/q4k_vendor/quantize_impl.cuh:172: ERROR: CUDA kernel quantize_mmq_nvfp4_worker has no device code compatible with CUDA arch 900. ggml-cuda.cu was compiled for: 900
/workspace/atlas-rental/src/atlas/kernels/hopper/qwen3.6-27b/nvfp4/q4k_vendor/quantize_impl.cuh:172: ERROR: CUDA kernel quantize_mmq_nvfp4_worker has no device code compatible with CUDA arch 900. ggml-cuda.cu was compiled for: 900
/workspace/atlas-rental/src/atlas/kernels/hopper/qwen3.6-27b/nvfp4/q4k_vendor/quantize_impl.cuh:172: ERROR: CUDA kernel quantize_mmq_nvfp4_worker has no device code compatible with CUDA arch 900. ggml-cuda.cu was compiled for: 900
/workspace/atlas-rental/src/atlas/kernels/hopper/qwen3.6-27b/nvfp4/q4k_vendor/quantize_impl.cuh:172: ERROR: CUDA kernel quantize_mmq_nvfp4_worker has no device code compatible with CUDA arch 900. ggml-cuda.cu was compiled for: 900
/workspace/atlas-rental/src/atlas/kernels/hopper/qwen3.6-27b/nvfp4/q4k_vendor/quantize_impl.cuh:172: ERROR: CUDA kernel quantize_mmq_nvfp4_worker has no device code compatible with CUDA arch 900. ggml-cuda.cu was compiled for: 900
/workspace/atlas-rental/src/atlas/kernels/hopper/qwen3.6-27b/nvfp4/q4k_vendor/quantize_impl.cuh:172: ERROR: CUDA kernel quantize_mmq_nvfp4_worker has no device code compatible with CUDA arch 900. ggml-cuda.cu was compiled for: 900
/workspace/atlas-rental/src/atlas/kernels/hopper/qwen3.6-27b/nvfp4/q4k_vendor/quantize_impl.cuh:172: ERROR: CUDA kernel quantize_mmq_nvfp4_worker has no device code compatible with CUDA arch 900. ggml-cuda.cu was compiled for: 900
/workspace/atlas-rental/src/atlas/kernels/hopper/qwen3.6-27b/nvfp4/q4k_vendor/quantize_impl.cuh:172: ERROR: CUDA kernel quantize_mmq_nvfp4_worker has no device code compatible with CUDA arch 900. ggml-cuda.cu was compiled for: 900
/workspace/atlas-rental/src/atlas/kernels/hopper/qwen3.6-27b/nvfp4/q4k_vendor/quantize_impl.cuh:172: ERROR: CUDA kernel quantize_mmq_nvfp4_worker has no device code compatible with CUDA arch 900. ggml-cuda.cu was compiled for: 900
/workspace/atlas-rental/src/atlas/kernels/hopper/qwen3.6-27b/nvfp4/q4k_vendor/quantize_impl.cuh:172: ERROR: CUDA kernel quantize_mmq_nvfp4_worker has no device code compatible with CUDA arch 900. ggml-cuda.cu was compiled for: 900
/workspace/atlas-rental/src/atlas/kernels/hopper/qwen3.6-27b/nvfp4/q4k_vendor/quantize_impl.cuh:172: ERROR: CUDA kernel quantize_mmq_nvfp4_worker has no device code compatible with CUDA arch 900. ggml-cuda.cu was compiled for: 900
/workspace/atlas-rental/src/atlas/kernels/hopper/qwen3.6-27b/nvfp4/q4k_vendor/quantize_impl.cuh:172: ERROR: CUDA kernel quantize_mmq_nvfp4_worker has no device code compatible with CUDA arch 900. ggml-cuda.cu was compiled for: 900
/workspace/atlas-rental/src/atlas/kernels/hopper/qwen3.6-27b/nvfp4/q4k_vendor/quantize_impl.cuh:172: ERROR: CUDA kernel quantize_mmq_nvfp4_worker has no device code compatible with CUDA arch 900. ggml-cuda.cu was compiled for: 900
/workspace/atlas-rental/src/atlas/kernels/hopper/qwen3.6-27b/nvfp4/q4k_vendor/quantize_impl.cuh:172: ERROR: CUDA kernel quantize_mmq_nvfp4_worker has no device code compatible with CUDA arch 900. ggml-cuda.cu was compiled for: 900
/workspace/atlas-rental/src/atlas/kernels/hopper/qwen3.6-27b/nvfp4/q4k_vendor/quantize_impl.cuh:172: ERROR: CUDA kernel quantize_mmq_nvfp4_worker has no device code compatible with CUDA arch 900. ggml-cuda.cu was compiled for: 900
/workspace/atlas-rental/src/atlas/kernels/hopper/qwen3.6-27b/nvfp4/q4k_vendor/quantize_impl.cuh:172: ERROR: CUDA kernel quantize_mmq_nvfp4_worker has no device code compatible with CUDA arch 900. ggml-cuda.cu was compiled for: 900
/workspace/atlas-rental/src/atlas/kernels/hopper/qwen3.6-27b/nvfp4/q4k_vendor/quantize_impl.cuh:172: ERROR: CUDA kernel quantize_mmq_nvfp4_worker has no device code compatible with CUDA arch 900. ggml-cuda.cu was compiled for: 900
/workspace/atlas-rental/src/atlas/kernels/hopper/qwen3.6-27b/nvfp4/q4k_vendor/quantize_impl.cuh:172: ERROR: CUDA kernel quantize_mmq_nvfp4_worker has no device code compatible with CUDA arch 900. ggml-cuda.cu was compiled for: 900
/workspace/atlas-rental/src/atlas/kernels/hopper/qwen3.6-27b/nvfp4/q4k_vendor/quantize_impl.cuh:172: ERROR: CUDA kernel quantize_mmq_nvfp4_worker has no device code compatible with CUDA arch 900. ggml-cuda.cu was compiled for: 900
/workspace/atlas-rental/src/atlas/kernels/hopper/qwen3.6-27b/nvfp4/q4k_vendor/quantize_impl.cuh:172: ERROR: CUDA kernel quantize_mmq_nvfp4_worker has no device code compatible with CUDA arch 900. ggml-cuda.cu was compiled for: 900
/workspace/atlas-rental/src/atlas/kernels/hopper/qwen3.6-27b/nvfp4/q4k_vendor/quantize_impl.cuh:172: ERROR: CUDA kernel quantize_mmq_nvfp4_worker has no device code compatible with CUDA arch 900. ggml-cuda.cu was compiled for: 900
/workspace/atlas-rental/src/atlas/kernels/hopper/qwen3.6-27b/nvfp4/q4k_vendor/quantize_impl.cuh:172: ERROR: CUDA kernel quantize_mmq_nvfp4_worker has no device code compatible with CUDA arch 900. ggml-cuda.cu was compiled for: 900
/workspace/atlas-rental/src/atlas/kernels/hopper/qwen3.6-27b/nvfp4/q4k_vendor/quantize_impl.cuh:172: ERROR: CUDA kernel quantize_mmq_nvfp4_worker has no device code compatible with CUDA arch 900. ggml-cuda.cu was compiled for: 900
/workspace/atlas-rental/src/atlas/kernels/hopper/qwen3.6-27b/nvfp4/q4k_vendor/quantize_impl.cuh:172: ERROR: CUDA kernel quantize_mmq_nvfp4_worker has no device code compatible with CUDA arch 900. ggml-cuda.cu was compiled for: 900
/workspace/atlas-rental/src/atlas/kernels/hopper/qwen3.6-27b/nvfp4/q4k_vendor/quantize_impl.cuh:172: ERROR: CUDA kernel quantize_mmq_nvfp4_worker has no device code compatible with CUDA arch 900. ggml-cuda.cu was compiled for: 900
/workspace/atlas-rental/src/atlas/kernels/hopper/qwen3.6-27b/nvfp4/q4k_vendor/quantize_impl.cuh:172: ERROR: CUDA kernel quantize_mmq_nvfp4_worker has no device code compatible with CUDA arch 900. ggml-cuda.cu was compiled for: 900
/workspace/atlas-rental/src/atlas/kernels/hopper/qwen3.6-27b/nvfp4/q4k_vendor/quantize_impl.cuh:172: ERROR: CUDA kernel quantize_mmq_nvfp4_worker has no device code compatible with CUDA arch 900. ggml-cuda.cu was compiled for: 900
/workspace/atlas-rental/src/atlas/kernels/hopper/qwen3.6-27b/nvfp4/q4k_vendor/quantize_impl.cuh:172: ERROR: CUDA kernel quantize_mmq_nvfp4_worker has no device code compatible with CUDA arch 900. ggml-cuda.cu was compiled for: 900
/workspace/atlas-rental/src/atlas/kernels/hopper/qwen3.6-27b/nvfp4/q4k_vendor/quantize_impl.cuh:172: ERROR: CUDA kernel quantize_mmq_nvfp4_worker has no device code compatible with CUDA arch 900. ggml-cuda.cu was compiled for: 900
/workspace/atlas-rental/src/atlas/kernels/hopper/qwen3.6-27b/nvfp4/q4k_vendor/quantize_impl.cuh:172: ERROR: CUDA kernel quantize_mmq_nvfp4_worker has no device code compatible with CUDA arch 900. ggml-cuda.cu was compiled for: 900
/workspace/atlas-rental/src/atlas/kernels/hopper/qwen3.6-27b/nvfp4/q4k_vendor/quantize_impl.cuh:172: ERROR: CUDA kernel quantize_mmq_nvfp4_worker has no device code compatible with CUDA arch 900. ggml-cuda.cu was compiled for: 900
/workspace/atlas-rental/src/atlas/kernels/hopper/qwen3.6-27b/nvfp4/q4k_vendor/quantize_impl.cuh:172: ERROR: CUDA kernel quantize_mmq_nvfp4_worker has no device code compatible with CUDA arch 900. ggml-cuda.cu was compiled for: 900
/workspace/atlas-rental/src/atlas/kernels/hopper/qwen3.6-27b/nvfp4/q4k_vendor/quantize_impl.cuh:172: ERROR: CUDA kernel quantize_mmq_nvfp4_worker has no device code compatible with CUDA arch 900. ggml-cuda.cu was compiled for: 900
/workspace/atlas-rental/src/atlas/kernels/hopper/qwen3.6-27b/nvfp4/q4k_vendor/quantize_impl.cuh:172: ERROR: CUDA kernel quantize_mmq_nvfp4_worker has no device code compatible with CUDA arch 900. ggml-cuda.cu was compiled for: 900
/workspace/atlas-rental/src/atlas/kernels/hopper/qwen3.6-27b/nvfp4/q4k_vendor/quantize_impl.cuh:172: ERROR: CUDA kernel quantize_mmq_nvfp4_worker has no device code compatible with CUDA arch 900. ggml-cuda.cu was compiled for: 900
/workspace/atlas-rental/src/atlas/kernels/hopper/qwen3.6-27b/nvfp4/q4k_vendor/quantize_impl.cuh:172: ERROR: CUDA kernel quantize_mmq_nvfp4_worker has no device code compatible with CUDA arch 900. ggml-cuda.cu was compiled for: 900
/workspace/atlas-rental/src/atlas/kernels/hopper/qwen3.6-27b/nvfp4/q4k_vendor/quantize_impl.cuh:172: ERROR: CUDA kernel quantize_mmq_nvfp4_worker has no device code compatible with CUDA arch 900. ggml-cuda.cu was compiled for: 900
/workspace/atlas-rental/src/atlas/kernels/hopper/qwen3.6-27b/nvfp4/q4k_vendor/quantize_impl.cuh:172: ERROR: CUDA kernel quantize_mmq_nvfp4_worker has no device code compatible with CUDA arch 900. ggml-cuda.cu was compiled for: 900
/workspace/atlas-rental/src/atlas/kernels/hopper/qwen3.6-27b/nvfp4/q4k_vendor/quantize_impl.cuh:172: ERROR: CUDA kernel quantize_mmq_nvfp4_worker has no device code compatible with CUDA arch 900. ggml-cuda.cu was compiled for: 900
/workspace/atlas-rental/src/atlas/kernels/hopper/qwen3.6-27b/nvfp4/q4k_vendor/quantize_impl.cuh:172: ERROR: CUDA kernel quantize_mmq_nvfp4_worker has no device code compatible with CUDA arch 900. ggml-cuda.cu was compiled for: 900
/workspace/atlas-rental/src/atlas/kernels/hopper/qwen3.6-27b/nvfp4/q4k_vendor/quantize_impl.cuh:172: ERROR: CUDA kernel quantize_mmq_nvfp4_worker has no device code compatible with CUDA arch 900. ggml-cuda.cu was compiled for: 900
/workspace/atlas-rental/src/atlas/kernels/hopper/qwen3.6-27b/nvfp4/q4k_vendor/quantize_impl.cuh:172: ERROR: CUDA kernel quantize_mmq_nvfp4_worker has no device code compatible with CUDA arch 900. ggml-cuda.cu was compiled for: 900
/workspace/atlas-rental/src/atlas/kernels/hopper/qwen3.6-27b/nvfp4/q4k_vendor/quantize_impl.cuh:172: ERROR: CUDA kernel quantize_mmq_nvfp4_worker has no device code compatible with CUDA arch 900. ggml-cuda.cu was compiled for: 900
/workspace/atlas-rental/src/atlas/kernels/hopper/qwen3.6-27b/nvfp4/q4k_vendor/quantize_impl.cuh:172: ERROR: CUDA kernel quantize_mmq_nvfp4_worker has no device code compatible with CUDA arch 900. ggml-cuda.cu was compiled for: 900
/workspace/atlas-rental/src/atlas/kernels/hopper/qwen3.6-27b/nvfp4/q4k_vendor/quantize_impl.cuh:172: ERROR: CUDA kernel quantize_mmq_nvfp4_worker has no device code compatible with CUDA arch 900. ggml-cuda.cu was compiled for: 900
/workspace/atlas-rental/src/atlas/kernels/hopper/qwen3.6-27b/nvfp4/q4k_vendor/quantize_impl.cuh:172: ERROR: CUDA kernel quantize_mmq_nvfp4_worker has no device code compatible with CUDA arch 900. ggml-cuda.cu was compiled for: 900
/workspace/atlas-rental/src/atlas/kernels/hopper/qwen3.6-27b/nvfp4/q4k_vendor/quantize_impl.cuh:172: ERROR: CUDA kernel quantize_mmq_nvfp4_worker has no device code compatible with CUDA arch 900. ggml-cuda.cu was compiled for: 900
/workspace/atlas-rental/src/atlas/kernels/hopper/qwen3.6-27b/nvfp4/q4k_vendor/quantize_impl.cuh:172: ERROR: CUDA kernel quantize_mmq_nvfp4_worker has no device code compatible with CUDA arch 900. ggml-cuda.cu was compiled for: 900
/workspace/atlas-rental/src/atlas/kernels/hopper/qwen3.6-27b/nvfp4/q4k_vendor/quantize_impl.cuh:172: ERROR: CUDA kernel quantize_mmq_nvfp4_worker has no device code compatible with CUDA arch 900. ggml-cuda.cu was compiled for: 900
/workspace/atlas-rental/src/atlas/kernels/hopper/qwen3.6-27b/nvfp4/q4k_vendor/quantize_impl.cuh:172: ERROR: CUDA kernel quantize_mmq_nvfp4_worker has no device code compatible with CUDA arch 900. ggml-cuda.cu was compiled for: 900
/workspace/atlas-rental/src/atlas/kernels/hopper/qwen3.6-27b/nvfp4/q4k_vendor/quantize_impl.cuh:172: ERROR: CUDA kernel quantize_mmq_nvfp4_worker has no device code compatible with CUDA arch 900. ggml-cuda.cu was compiled for: 900
/workspace/atlas-rental/src/atlas/kernels/hopper/qwen3.6-27b/nvfp4/q4k_vendor/quantize_impl.cuh:172: ERROR: CUDA kernel quantize_mmq_nvfp4_worker has no device code compatible with CUDA arch 900. ggml-cuda.cu was compiled for: 900
/workspace/atlas-rental/src/atlas/kernels/hopper/qwen3.6-27b/nvfp4/q4k_vendor/quantize_impl.cuh:172: ERROR: CUDA kernel quantize_mmq_nvfp4_worker has no device code compatible with CUDA arch 900. ggml-cuda.cu was compiled for: 900
/workspace/atlas-rental/src/atlas/kernels/hopper/qwen3.6-27b/nvfp4/q4k_vendor/quantize_impl.cuh:172: ERROR: CUDA kernel quantize_mmq_nvfp4_worker has no device code compatible with CUDA arch 900. ggml-cuda.cu was compiled for: 900
/workspace/atlas-rental/src/atlas/kernels/hopper/qwen3.6-27b/nvfp4/q4k_vendor/quantize_impl.cuh:172: ERROR: CUDA kernel quantize_mmq_nvfp4_worker has no device code compatible with CUDA arch 900. ggml-cuda.cu was compiled for: 900
/workspace/atlas-rental/src/atlas/kernels/hopper/qwen3.6-27b/nvfp4/q4k_vendor/quantize_impl.cuh:172: ERROR: CUDA kernel quantize_mmq_nvfp4_worker has no device code compatible with CUDA arch 900. ggml-cuda.cu was compiled for: 900
/workspace/atlas-rental/src/atlas/kernels/hopper/qwen3.6-27b/nvfp4/q4k_vendor/quantize_impl.cuh:172: ERROR: CUDA kernel quantize_mmq_nvfp4_worker has no device code compatible with CUDA arch 900. ggml-cuda.cu was compiled for: 900
/workspace/atlas-rental/src/atlas/kernels/hopper/qwen3.6-27b/nvfp4/q4k_vendor/quantize_impl.cuh:172: ERROR: CUDA kernel quantize_mmq_nvfp4_worker has no device code compatible with CUDA arch 900. ggml-cuda.cu was compiled for: 900
/workspace/atlas-rental/src/atlas/kernels/hopper/qwen3.6-27b/nvfp4/q4k_vendor/quantize_impl.cuh:172: ERROR: CUDA kernel quantize_mmq_nvfp4_worker has no device code compatible with CUDA arch 900. ggml-cuda.cu was compiled for: 900
/workspace/atlas-rental/src/atlas/kernels/hopper/qwen3.6-27b/nvfp4/q4k_vendor/quantize_impl.cuh:172: ERROR: CUDA kernel quantize_mmq_nvfp4_worker has no device code compatible with CUDA arch 900. ggml-cuda.cu was compiled for: 900
/workspace/atlas-rental/src/atlas/kernels/hopper/qwen3.6-27b/nvfp4/q4k_vendor/quantize_impl.cuh:172: ERROR: CUDA kernel quantize_mmq_nvfp4_worker has no device code compatible with CUDA arch 900. ggml-cuda.cu was compiled for: 900
/workspace/atlas-rental/src/atlas/kernels/hopper/qwen3.6-27b/nvfp4/q4k_vendor/quantize_impl.cuh:172: ERROR: CUDA kernel quantize_mmq_nvfp4_worker has no device code compatible with CUDA arch 900. ggml-cuda.cu was compiled for: 900
/workspace/atlas-rental/src/atlas/kernels/hopper/qwen3.6-27b/nvfp4/q4k_vendor/quantize_impl.cuh:172: ERROR: CUDA kernel quantize_mmq_nvfp4_worker has no device code compatible with CUDA arch 900. ggml-cuda.cu was compiled for: 900
/workspace/atlas-rental/src/atlas/kernels/hopper/qwen3.6-27b/nvfp4/q4k_vendor/quantize_impl.cuh:172: ERROR: CUDA kernel quantize_mmq_nvfp4_worker has no device code compatible with CUDA arch 900. ggml-cuda.cu was compiled for: 900
/workspace/atlas-rental/src/atlas/kernels/hopper/qwen3.6-27b/nvfp4/q4k_vendor/quantize_impl.cuh:172: ERROR: CUDA kernel quantize_mmq_nvfp4_worker has no device code compatible with CUDA arch 900. ggml-cuda.cu was compiled for: 900
/workspace/atlas-rental/src/atlas/kernels/hopper/qwen3.6-27b/nvfp4/q4k_vendor/quantize_impl.cuh:172: ERROR: CUDA kernel quantize_mmq_nvfp4_worker has no device code compatible with CUDA arch 900. ggml-cuda.cu was compiled for: 900
/workspace/atlas-rental/src/atlas/kernels/hopper/qwen3.6-27b/nvfp4/q4k_vendor/quantize_impl.cuh:172: ERROR: CUDA kernel quantize_mmq_nvfp4_worker has no device code compatible with CUDA arch 900. ggml-cuda.cu was compiled for: 900
/workspace/atlas-rental/src/atlas/kernels/hopper/qwen3.6-27b/nvfp4/q4k_vendor/quantize_impl.cuh:172: ERROR: CUDA kernel quantize_mmq_nvfp4_worker has no device code compatible with CUDA arch 900. ggml-cuda.cu was compiled for: 900
/workspace/atlas-rental/src/atlas/kernels/hopper/qwen3.6-27b/nvfp4/q4k_vendor/quantize_impl.cuh:172: ERROR: CUDA kernel quantize_mmq_nvfp4_worker has no device code compatible with CUDA arch 900. ggml-cuda.cu was compiled for: 900
/workspace/atlas-rental/src/atlas/kernels/hopper/qwen3.6-27b/nvfp4/q4k_vendor/quantize_impl.cuh:172: ERROR: CUDA kernel quantize_mmq_nvfp4_worker has no device code compatible with CUDA arch 900. ggml-cuda.cu was compiled for: 900
/workspace/atlas-rental/src/atlas/kernels/hopper/qwen3.6-27b/nvfp4/q4k_vendor/quantize_impl.cuh:172: ERROR: CUDA kernel quantize_mmq_nvfp4_worker has no device code compatible with CUDA arch 900. ggml-cuda.cu was compiled for: 900
/workspace/atlas-rental/src/atlas/kernels/hopper/qwen3.6-27b/nvfp4/q4k_vendor/quantize_impl.cuh:172: ERROR: CUDA kernel quantize_mmq_nvfp4_worker has no device code compatible with CUDA arch 900. ggml-cuda.cu was compiled for: 900
/workspace/atlas-rental/src/atlas/kernels/hopper/qwen3.6-27b/nvfp4/q4k_vendor/quantize_impl.cuh:172: ERROR: CUDA kernel quantize_mmq_nvfp4_worker has no device code compatible with CUDA arch 900. ggml-cuda.cu was compiled for: 900
/workspace/atlas-rental/src/atlas/kernels/hopper/qwen3.6-27b/nvfp4/q4k_vendor/quantize_impl.cuh:172: ERROR: CUDA kernel quantize_mmq_nvfp4_worker has no device code compatible with CUDA arch 900. ggml-cuda.cu was compiled for: 900
/workspace/atlas-rental/src/atlas/kernels/hopper/qwen3.6-27b/nvfp4/q4k_vendor/quantize_impl.cuh:172: ERROR: CUDA kernel quantize_mmq_nvfp4_worker has no device code compatible with CUDA arch 900. ggml-cuda.cu was compiled for: 900
/workspace/atlas-rental/src/atlas/kernels/hopper/qwen3.6-27b/nvfp4/q4k_vendor/quantize_impl.cuh:172: ERROR: CUDA kernel quantize_mmq_nvfp4_worker has no device code compatible with CUDA arch 900. ggml-cuda.cu was compiled for: 900
/workspace/atlas-rental/src/atlas/kernels/hopper/qwen3.6-27b/nvfp4/q4k_vendor/quantize_impl.cuh:172: ERROR: CUDA kernel quantize_mmq_nvfp4_worker has no device code compatible with CUDA arch 900. ggml-cuda.cu was compiled for: 900
/workspace/atlas-rental/src/atlas/kernels/hopper/qwen3.6-27b/nvfp4/q4k_vendor/quantize_impl.cuh:172: ERROR: CUDA kernel quantize_mmq_nvfp4_worker has no device code compatible with CUDA arch 900. ggml-cuda.cu was compiled for: 900
/workspace/atlas-rental/src/atlas/kernels/hopper/qwen3.6-27b/nvfp4/q4k_vendor/quantize_impl.cuh:172: ERROR: CUDA kernel quantize_mmq_nvfp4_worker has no device code compatible with CUDA arch 900. ggml-cuda.cu was compiled for: 900
/workspace/atlas-rental/src/atlas/kernels/hopper/qwen3.6-27b/nvfp4/q4k_vendor/quantize_impl.cuh:172: ERROR: CUDA kernel quantize_mmq_nvfp4_worker has no device code compatible with CUDA arch 900. ggml-cuda.cu was compiled for: 900
/workspace/atlas-rental/src/atlas/kernels/hopper/qwen3.6-27b/nvfp4/q4k_vendor/quantize_impl.cuh:172: ERROR: CUDA kernel quantize_mmq_nvfp4_worker has no device code compatible with CUDA arch 900. ggml-cuda.cu was compiled for: 900
/workspace/atlas-rental/src/atlas/kernels/hopper/qwen3.6-27b/nvfp4/q4k_vendor/quantize_impl.cuh:172: ERROR: CUDA kernel quantize_mmq_nvfp4_worker has no device code compatible with CUDA arch 900. ggml-cuda.cu was compiled for: 900
/workspace/atlas-rental/src/atlas/kernels/hopper/qwen3.6-27b/nvfp4/q4k_vendor/quantize_impl.cuh:172: ERROR: CUDA kernel quantize_mmq_nvfp4_worker has no device code compatible with CUDA arch 900. ggml-cuda.cu was compiled for: 900
/workspace/atlas-rental/src/atlas/kernels/hopper/qwen3.6-27b/nvfp4/q4k_vendor/quantize_impl.cuh:172: ERROR: CUDA kernel quantize_mmq_nvfp4_worker has no device code compatible with CUDA arch 900. ggml-cuda.cu was compiled for: 900
/workspace/atlas-rental/src/atlas/kernels/hopper/qwen3.6-27b/nvfp4/q4k_vendor/quantize_impl.cuh:172: ERROR: CUDA kernel quantize_mmq_nvfp4_worker has no device code compatible with CUDA arch 900. ggml-cuda.cu was compiled for: 900
/workspace/atlas-rental/src/atlas/kernels/hopper/qwen3.6-27b/nvfp4/q4k_vendor/quantize_impl.cuh:172: ERROR: CUDA kernel quantize_mmq_nvfp4_worker has no device code compatible with CUDA arch 900. ggml-cuda.cu was compiled for: 900
/workspace/atlas-rental/src/atlas/kernels/hopper/qwen3.6-27b/nvfp4/q4k_vendor/quantize_impl.cuh:172: ERROR: CUDA kernel quantize_mmq_nvfp4_worker has no device code compatible with CUDA arch 900. ggml-cuda.cu was compiled for: 900
/workspace/atlas-rental/src/atlas/kernels/hopper/qwen3.6-27b/nvfp4/q4k_vendor/quantize_impl.cuh:172: ERROR: CUDA kernel quantize_mmq_nvfp4_worker has no device code compatible with CUDA arch 900. ggml-cuda.cu was compiled for: 900
/workspace/atlas-rental/src/atlas/kernels/hopper/qwen3.6-27b/nvfp4/q4k_vendor/quantize_impl.cuh:172: ERROR: CUDA kernel quantize_mmq_nvfp4_worker has no device code compatible with CUDA arch 900. ggml-cuda.cu was compiled for: 900
/workspace/atlas-rental/src/atlas/kernels/hopper/qwen3.6-27b/nvfp4/q4k_vendor/quantize_impl.cuh:172: ERROR: CUDA kernel quantize_mmq_nvfp4_worker has no device code compatible with CUDA arch 900. ggml-cuda.cu was compiled for: 900
/workspace/atlas-rental/src/atlas/kernels/hopper/qwen3.6-27b/nvfp4/q4k_vendor/quantize_impl.cuh:172: ERROR: CUDA kernel quantize_mmq_nvfp4_worker has no device code compatible with CUDA arch 900. ggml-cuda.cu was compiled for: 900
/workspace/atlas-rental/src/atlas/kernels/hopper/qwen3.6-27b/nvfp4/q4k_vendor/quantize_impl.cuh:172: ERROR: CUDA kernel quantize_mmq_nvfp4_worker has no device code compatible with CUDA arch 900. ggml-cuda.cu was compiled for: 900
/workspace/atlas-rental/src/atlas/kernels/hopper/qwen3.6-27b/nvfp4/q4k_vendor/quantize_impl.cuh:172: ERROR: CUDA kernel quantize_mmq_nvfp4_worker has no device code compatible with CUDA arch 900. ggml-cuda.cu was compiled for: 900
/workspace/atlas-rental/src/atlas/kernels/hopper/qwen3.6-27b/nvfp4/q4k_vendor/quantize_impl.cuh:172: ERROR: CUDA kernel quantize_mmq_nvfp4_worker has no device code compatible with CUDA arch 900. ggml-cuda.cu was compiled for: 900
/workspace/atlas-rental/src/atlas/kernels/hopper/qwen3.6-27b/nvfp4/q4k_vendor/quantize_impl.cuh:172: ERROR: CUDA kernel quantize_mmq_nvfp4_worker has no device code compatible with CUDA arch 900. ggml-cuda.cu was compiled for: 900
/workspace/atlas-rental/src/atlas/kernels/hopper/qwen3.6-27b/nvfp4/q4k_vendor/quantize_impl.cuh:172: ERROR: CUDA kernel quantize_mmq_nvfp4_worker has no device code compatible with CUDA arch 900. ggml-cuda.cu was compiled for: 900
/workspace/atlas-rental/src/atlas/kernels/hopper/qwen3.6-27b/nvfp4/q4k_vendor/quantize_impl.cuh:172: ERROR: CUDA kernel quantize_mmq_nvfp4_worker has no device code compatible with CUDA arch 900. ggml-cuda.cu was compiled for: 900
/workspace/atlas-rental/src/atlas/kernels/hopper/qwen3.6-27b/nvfp4/q4k_vendor/quantize_impl.cuh:172: ERROR: CUDA kernel quantize_mmq_nvfp4_worker has no device code compatible with CUDA arch 900. ggml-cuda.cu was compiled for: 900
/workspace/atlas-rental/src/atlas/kernels/hopper/qwen3.6-27b/nvfp4/q4k_vendor/quantize_impl.cuh:172: ERROR: CUDA kernel quantize_mmq_nvfp4_worker has no device code compatible with CUDA arch 900. ggml-cuda.cu was compiled for: 900
/workspace/atlas-rental/src/atlas/kernels/hopper/qwen3.6-27b/nvfp4/q4k_vendor/quantize_impl.cuh:172: ERROR: CUDA kernel quantize_mmq_nvfp4_worker has no device code compatible with CUDA arch 900. ggml-cuda.cu was compiled for: 900
/workspace/atlas-rental/src/atlas/kernels/hopper/qwen3.6-27b/nvfp4/q4k_vendor/quantize_impl.cuh:172: ERROR: CUDA kernel quantize_mmq_nvfp4_worker has no device code compatible with CUDA arch 900. ggml-cuda.cu was compiled for: 900
/workspace/atlas-rental/src/atlas/kernels/hopper/qwen3.6-27b/nvfp4/q4k_vendor/quantize_impl.cuh:172: ERROR: CUDA kernel quantize_mmq_nvfp4_worker has no device code compatible with CUDA arch 900. ggml-cuda.cu was compiled for: 900
/workspace/atlas-rental/src/atlas/kernels/hopper/qwen3.6-27b/nvfp4/q4k_vendor/quantize_impl.cuh:172: ERROR: CUDA kernel quantize_mmq_nvfp4_worker has no device code compatible with CUDA arch 900. ggml-cuda.cu was compiled for: 900
/workspace/atlas-rental/src/atlas/kernels/hopper/qwen3.6-27b/nvfp4/q4k_vendor/quantize_impl.cuh:172: ERROR: CUDA kernel quantize_mmq_nvfp4_worker has no device code compatible with CUDA arch 900. ggml-cuda.cu was compiled for: 900
/workspace/atlas-rental/src/atlas/kernels/hopper/qwen3.6-27b/nvfp4/q4k_vendor/quantize_impl.cuh:172: ERROR: CUDA kernel quantize_mmq_nvfp4_worker has no device code compatible with CUDA arch 900. ggml-cuda.cu was compiled for: 900
/workspace/atlas-rental/src/atlas/kernels/hopper/qwen3.6-27b/nvfp4/q4k_vendor/quantize_impl.cuh:172: ERROR: CUDA kernel quantize_mmq_nvfp4_worker has no device code compatible with CUDA arch 900. ggml-cuda.cu was compiled for: 900
/workspace/atlas-rental/src/atlas/kernels/hopper/qwen3.6-27b/nvfp4/q4k_vendor/quantize_impl.cuh:172: ERROR: CUDA kernel quantize_mmq_nvfp4_worker has no device code compatible with CUDA arch 900. ggml-cuda.cu was compiled for: 900
/workspace/atlas-rental/src/atlas/kernels/hopper/qwen3.6-27b/nvfp4/q4k_vendor/quantize_impl.cuh:172: ERROR: CUDA kernel quantize_mmq_nvfp4_worker has no device code compatible with CUDA arch 900. ggml-cuda.cu was compiled for: 900
/workspace/atlas-rental/src/atlas/kernels/hopper/qwen3.6-27b/nvfp4/q4k_vendor/quantize_impl.cuh:172: ERROR: CUDA kernel quantize_mmq_nvfp4_worker has no device code compatible with CUDA arch 900. ggml-cuda.cu was compiled for: 900
/workspace/atlas-rental/src/atlas/kernels/hopper/qwen3.6-27b/nvfp4/q4k_vendor/quantize_impl.cuh:172: ERROR: CUDA kernel quantize_mmq_nvfp4_worker has no device code compatible with CUDA arch 900. ggml-cuda.cu was compiled for: 900
/workspace/atlas-rental/src/atlas/kernels/hopper/qwen3.6-27b/nvfp4/q4k_vendor/quantize_impl.cuh:172: ERROR: CUDA kernel quantize_mmq_nvfp4_worker has no device code compatible with CUDA arch 900. ggml-cuda.cu was compiled for: 900
/workspace/atlas-rental/src/atlas/kernels/hopper/qwen3.6-27b/nvfp4/q4k_vendor/quantize_impl.cuh:172: ERROR: CUDA kernel quantize_mmq_nvfp4_worker has no device code compatible with CUDA arch 900. ggml-cuda.cu was compiled for: 900
/workspace/atlas-rental/src/atlas/kernels/hopper/qwen3.6-27b/nvfp4/q4k_vendor/quantize_impl.cuh:172: ERROR: CUDA kernel quantize_mmq_nvfp4_worker has no device code compatible with CUDA arch 900. ggml-cuda.cu was compiled for: 900
/workspace/atlas-rental/src/atlas/kernels/hopper/qwen3.6-27b/nvfp4/q4k_vendor/quantize_impl.cuh:172: ERROR: CUDA kernel quantize_mmq_nvfp4_worker has no device code compatible with CUDA arch 900. ggml-cuda.cu was compiled for: 900
/workspace/atlas-rental/src/atlas/kernels/hopper/qwen3.6-27b/nvfp4/q4k_vendor/quantize_impl.cuh:172: ERROR: CUDA kernel quantize_mmq_nvfp4_worker has no device code compatible with CUDA arch 900. ggml-cuda.cu was compiled for: 900
/workspace/atlas-rental/src/atlas/kernels/hopper/qwen3.6-27b/nvfp4/q4k_vendor/quantize_impl.cuh:172: ERROR: CUDA kernel quantize_mmq_nvfp4_worker has no device code compatible with CUDA arch 900. ggml-cuda.cu was compiled for: 900
/workspace/atlas-rental/src/atlas/kernels/hopper/qwen3.6-27b/nvfp4/q4k_vendor/quantize_impl.cuh:172: ERROR: CUDA kernel quantize_mmq_nvfp4_worker has no device code compatible with CUDA arch 900. ggml-cuda.cu was compiled for: 900
/workspace/atlas-rental/src/atlas/kernels/hopper/qwen3.6-27b/nvfp4/q4k_vendor/quantize_impl.cuh:172: ERROR: CUDA kernel quantize_mmq_nvfp4_worker has no device code compatible with CUDA arch 900. ggml-cuda.cu was compiled for: 900
/workspace/atlas-rental/src/atlas/kernels/hopper/qwen3.6-27b/nvfp4/q4k_vendor/quantize_impl.cuh:172: ERROR: CUDA kernel quantize_mmq_nvfp4_worker has no device code compatible with CUDA arch 900. ggml-cuda.cu was compiled for: 900
/workspace/atlas-rental/src/atlas/kernels/hopper/qwen3.6-27b/nvfp4/q4k_vendor/quantize_impl.cuh:172: ERROR: CUDA kernel quantize_mmq_nvfp4_worker has no device code compatible with CUDA arch 900. ggml-cuda.cu was compiled for: 900
/workspace/atlas-rental/src/atlas/kernels/hopper/qwen3.6-27b/nvfp4/q4k_vendor/quantize_impl.cuh:172: ERROR: CUDA kernel quantize_mmq_nvfp4_worker has no device code compatible with CUDA arch 900. ggml-cuda.cu was compiled for: 900
/workspace/atlas-rental/src/atlas/kernels/hopper/qwen3.6-27b/nvfp4/q4k_vendor/quantize_impl.cuh:172: ERROR: CUDA kernel quantize_mmq_nvfp4_worker has no device code compatible with CUDA arch 900. ggml-cuda.cu was compiled for: 900
/workspace/atlas-rental/src/atlas/kernels/hopper/qwen3.6-27b/nvfp4/q4k_vendor/quantize_impl.cuh:172: ERROR: CUDA kernel quantize_mmq_nvfp4_worker has no device code compatible with CUDA arch 900. ggml-cuda.cu was compiled for: 900
/workspace/atlas-rental/src/atlas/kernels/hopper/qwen3.6-27b/nvfp4/q4k_vendor/quantize_impl.cuh:172: ERROR: CUDA kernel quantize_mmq_nvfp4_worker has no device code compatible with CUDA arch 900. ggml-cuda.cu was compiled for: 900
/workspace/atlas-rental/src/atlas/kernels/hopper/qwen3.6-27b/nvfp4/q4k_vendor/quantize_impl.cuh:172: ERROR: CUDA kernel quantize_mmq_nvfp4_worker has no device code compatible with CUDA arch 900. ggml-cuda.cu was compiled for: 900
/workspace/atlas-rental/src/atlas/kernels/hopper/qwen3.6-27b/nvfp4/q4k_vendor/quantize_impl.cuh:172: ERROR: CUDA kernel quantize_mmq_nvfp4_worker has no device code compatible with CUDA arch 900. ggml-cuda.cu was compiled for: 900
/workspace/atlas-rental/src/atlas/kernels/hopper/qwen3.6-27b/nvfp4/q4k_vendor/quantize_impl.cuh:172: ERROR: CUDA kernel quantize_mmq_nvfp4_worker has no device code compatible with CUDA arch 900. ggml-cuda.cu was compiled for: 900
/workspace/atlas-rental/src/atlas/kernels/hopper/qwen3.6-27b/nvfp4/q4k_vendor/quantize_impl.cuh:172: ERROR: CUDA kernel quantize_mmq_nvfp4_worker has no device code compatible with CUDA arch 900. ggml-cuda.cu was compiled for: 900
/workspace/atlas-rental/src/atlas/kernels/hopper/qwen3.6-27b/nvfp4/q4k_vendor/quantize_impl.cuh:172: ERROR: CUDA kernel quantize_mmq_nvfp4_worker has no device code compatible with CUDA arch 900. ggml-cuda.cu was compiled for: 900
/workspace/atlas-rental/src/atlas/kernels/hopper/qwen3.6-27b/nvfp4/q4k_vendor/quantize_impl.cuh:172: ERROR: CUDA kernel quantize_mmq_nvfp4_worker has no device code compatible with CUDA arch 900. ggml-cuda.cu was compiled for: 900
/workspace/atlas-rental/src/atlas/kernels/hopper/qwen3.6-27b/nvfp4/q4k_vendor/quantize_impl.cuh:172: ERROR: CUDA kernel quantize_mmq_nvfp4_worker has no device code compatible with CUDA arch 900. ggml-cuda.cu was compiled for: 900
/workspace/atlas-rental/src/atlas/kernels/hopper/qwen3.6-27b/nvfp4/q4k_vendor/quantize_impl.cuh:172: ERROR: CUDA kernel quantize_mmq_nvfp4_worker has no device code compatible with CUDA arch 900. ggml-cuda.cu was compiled for: 900
/workspace/atlas-rental/src/atlas/kernels/hopper/qwen3.6-27b/nvfp4/q4k_vendor/quantize_impl.cuh:172: ERROR: CUDA kernel quantize_mmq_nvfp4_worker has no device code compatible with CUDA arch 900. ggml-cuda.cu was compiled for: 900
/workspace/atlas-rental/src/atlas/kernels/hopper/qwen3.6-27b/nvfp4/q4k_vendor/quantize_impl.cuh:172: ERROR: CUDA kernel quantize_mmq_nvfp4_worker has no device code compatible with CUDA arch 900. ggml-cuda.cu was compiled for: 900
/workspace/atlas-rental/src/atlas/kernels/hopper/qwen3.6-27b/nvfp4/q4k_vendor/quantize_impl.cuh:172: ERROR: CUDA kernel quantize_mmq_nvfp4_worker has no device code compatible with CUDA arch 900. ggml-cuda.cu was compiled for: 900
/workspace/atlas-rental/src/atlas/kernels/hopper/qwen3.6-27b/nvfp4/q4k_vendor/quantize_impl.cuh:172: ERROR: CUDA kernel quantize_mmq_nvfp4_worker has no device code compatible with CUDA arch 900. ggml-cuda.cu was compiled for: 900
/workspace/atlas-rental/src/atlas/kernels/hopper/qwen3.6-27b/nvfp4/q4k_vendor/quantize_impl.cuh:172: ERROR: CUDA kernel quantize_mmq_nvfp4_worker has no device code compatible with CUDA arch 900. ggml-cuda.cu was compiled for: 900
/workspace/atlas-rental/src/atlas/kernels/hopper/qwen3.6-27b/nvfp4/q4k_vendor/quantize_impl.cuh:172: ERROR: CUDA kernel quantize_mmq_nvfp4_worker has no device code compatible with CUDA arch 900. ggml-cuda.cu was compiled for: 900
/workspace/atlas-rental/src/atlas/kernels/hopper/qwen3.6-27b/nvfp4/q4k_vendor/quantize_impl.cuh:172: ERROR: CUDA kernel quantize_mmq_nvfp4_worker has no device code compatible with CUDA arch 900. ggml-cuda.cu was compiled for: 900
/workspace/atlas-rental/src/atlas/kernels/hopper/qwen3.6-27b/nvfp4/q4k_vendor/quantize_impl.cuh:172: ERROR: CUDA kernel quantize_mmq_nvfp4_worker has no device code compatible with CUDA arch 900. ggml-cuda.cu was compiled for: 900
/workspace/atlas-rental/src/atlas/kernels/hopper/qwen3.6-27b/nvfp4/q4k_vendor/quantize_impl.cuh:172: ERROR: CUDA kernel quantize_mmq_nvfp4_worker has no device code compatible with CUDA arch 900. ggml-cuda.cu was compiled for: 900
/workspace/atlas-rental/src/atlas/kernels/hopper/qwen3.6-27b/nvfp4/q4k_vendor/quantize_impl.cuh:172: ERROR: CUDA kernel quantize_mmq_nvfp4_worker has no device code compatible with CUDA arch 900. ggml-cuda.cu was compiled for: 900
/workspace/atlas-rental/src/atlas/kernels/hopper/qwen3.6-27b/nvfp4/q4k_vendor/quantize_impl.cuh:172: ERROR: CUDA kernel quantize_mmq_nvfp4_worker has no device code compatible with CUDA arch 900. ggml-cuda.cu was compiled for: 900
/workspace/atlas-rental/src/atlas/kernels/hopper/qwen3.6-27b/nvfp4/q4k_vendor/quantize_impl.cuh:172: ERROR: CUDA kernel quantize_mmq_nvfp4_worker has no device code compatible with CUDA arch 900. ggml-cuda.cu was compiled for: 900
/workspace/atlas-rental/src/atlas/kernels/hopper/qwen3.6-27b/nvfp4/q4k_vendor/quantize_impl.cuh:172: ERROR: CUDA kernel quantize_mmq_nvfp4_worker has no device code compatible with CUDA arch 900. ggml-cuda.cu was compiled for: 900
/workspace/atlas-rental/src/atlas/kernels/hopper/qwen3.6-27b/nvfp4/q4k_vendor/quantize_impl.cuh:172: ERROR: CUDA kernel quantize_mmq_nvfp4_worker has no device code compatible with CUDA arch 900. ggml-cuda.cu was compiled for: 900
/workspace/atlas-rental/src/atlas/kernels/hopper/qwen3.6-27b/nvfp4/q4k_vendor/quantize_impl.cuh:172: ERROR: CUDA kernel quantize_mmq_nvfp4_worker has no device code compatible with CUDA arch 900. ggml-cuda.cu was compiled for: 900
/workspace/atlas-rental/src/atlas/kernels/hopper/qwen3.6-27b/nvfp4/q4k_vendor/quantize_impl.cuh:172: ERROR: CUDA kernel quantize_mmq_nvfp4_worker has no device code compatible with CUDA arch 900. ggml-cuda.cu was compiled for: 900
/workspace/atlas-rental/src/atlas/kernels/hopper/qwen3.6-27b/nvfp4/q4k_vendor/quantize_impl.cuh:172: ERROR: CUDA kernel quantize_mmq_nvfp4_worker has no device code compatible with CUDA arch 900. ggml-cuda.cu was compiled for: 900
/workspace/atlas-rental/src/atlas/kernels/hopper/qwen3.6-27b/nvfp4/q4k_vendor/quantize_impl.cuh:172: ERROR: CUDA kernel quantize_mmq_nvfp4_worker has no device code compatible with CUDA arch 900. ggml-cuda.cu was compiled for: 900
/workspace/atlas-rental/src/atlas/kernels/hopper/qwen3.6-27b/nvfp4/q4k_vendor/quantize_impl.cuh:172: ERROR: CUDA kernel quantize_mmq_nvfp4_worker has no device code compatible with CUDA arch 900. ggml-cuda.cu was compiled for: 900
/workspace/atlas-rental/src/atlas/kernels/hopper/qwen3.6-27b/nvfp4/q4k_vendor/quantize_impl.cuh:172: ERROR: CUDA kernel quantize_mmq_nvfp4_worker has no device code compatible with CUDA arch 900. ggml-cuda.cu was compiled for: 900
/workspace/atlas-rental/src/atlas/kernels/hopper/qwen3.6-27b/nvfp4/q4k_vendor/quantize_impl.cuh:172: ERROR: CUDA kernel quantize_mmq_nvfp4_worker has no device code compatible with CUDA arch 900. ggml-cuda.cu was compiled for: 900
/workspace/atlas-rental/src/atlas/kernels/hopper/qwen3.6-27b/nvfp4/q4k_vendor/quantize_impl.cuh:172: ERROR: CUDA kernel quantize_mmq_nvfp4_worker has no device code compatible with CUDA arch 900. ggml-cuda.cu was compiled for: 900
/workspace/atlas-rental/src/atlas/kernels/hopper/qwen3.6-27b/nvfp4/q4k_vendor/quantize_impl.cuh:172: ERROR: CUDA kernel quantize_mmq_nvfp4_worker has no device code compatible with CUDA arch 900. ggml-cuda.cu was compiled for: 900
/workspace/atlas-rental/src/atlas/kernels/hopper/qwen3.6-27b/nvfp4/q4k_vendor/quantize_impl.cuh:172: ERROR: CUDA kernel quantize_mmq_nvfp4_worker has no device code compatible with CUDA arch 900. ggml-cuda.cu was compiled for: 900
/workspace/atlas-rental/src/atlas/kernels/hopper/qwen3.6-27b/nvfp4/q4k_vendor/quantize_impl.cuh:172: ERROR: CUDA kernel quantize_mmq_nvfp4_worker has no device code compatible with CUDA arch 900. ggml-cuda.cu was compiled for: 900
/workspace/atlas-rental/src/atlas/kernels/hopper/qwen3.6-27b/nvfp4/q4k_vendor/quantize_impl.cuh:172: ERROR: CUDA kernel quantize_mmq_nvfp4_worker has no device code compatible with CUDA arch 900. ggml-cuda.cu was compiled for: 900
/workspace/atlas-rental/src/atlas/kernels/hopper/qwen3.6-27b/nvfp4/q4k_vendor/quantize_impl.cuh:172: ERROR: CUDA kernel quantize_mmq_nvfp4_worker has no device code compatible with CUDA arch 900. ggml-cuda.cu was compiled for: 900
/workspace/atlas-rental/src/atlas/kernels/hopper/qwen3.6-27b/nvfp4/q4k_vendor/quantize_impl.cuh:172: ERROR: CUDA kernel quantize_mmq_nvfp4_worker has no device code compatible with CUDA arch 900. ggml-cuda.cu was compiled for: 900
/workspace/atlas-rental/src/atlas/kernels/hopper/qwen3.6-27b/nvfp4/q4k_vendor/quantize_impl.cuh:172: ERROR: CUDA kernel quantize_mmq_nvfp4_worker has no device code compatible with CUDA arch 900. ggml-cuda.cu was compiled for: 900
/workspace/atlas-rental/src/atlas/kernels/hopper/qwen3.6-27b/nvfp4/q4k_vendor/quantize_impl.cuh:172: ERROR: CUDA kernel quantize_mmq_nvfp4_worker has no device code compatible with CUDA arch 900. ggml-cuda.cu was compiled for: 900
/workspace/atlas-rental/src/atlas/kernels/hopper/qwen3.6-27b/nvfp4/q4k_vendor/quantize_impl.cuh:172: ERROR: CUDA kernel quantize_mmq_nvfp4_worker has no device code compatible with CUDA arch 900. ggml-cuda.cu was compiled for: 900
/workspace/atlas-rental/src/atlas/kernels/hopper/qwen3.6-27b/nvfp4/q4k_vendor/quantize_impl.cuh:172: ERROR: CUDA kernel quantize_mmq_nvfp4_worker has no device code compatible with CUDA arch 900. ggml-cuda.cu was compiled for: 900
/workspace/atlas-rental/src/atlas/kernels/hopper/qwen3.6-27b/nvfp4/q4k_vendor/quantize_impl.cuh:172: ERROR: CUDA kernel quantize_mmq_nvfp4_worker has no device code compatible with CUDA arch 900. ggml-cuda.cu was compiled for: 900
/workspace/atlas-rental/src/atlas/kernels/hopper/qwen3.6-27b/nvfp4/q4k_vendor/quantize_impl.cuh:172: ERROR: CUDA kernel quantize_mmq_nvfp4_worker has no device code compatible with CUDA arch 900. ggml-cuda.cu was compiled for: 900
/workspace/atlas-rental/src/atlas/kernels/hopper/qwen3.6-27b/nvfp4/q4k_vendor/quantize_impl.cuh:172: ERROR: CUDA kernel quantize_mmq_nvfp4_worker has no device code compatible with CUDA arch 900. ggml-cuda.cu was compiled for: 900
/workspace/atlas-rental/src/atlas/kernels/hopper/qwen3.6-27b/nvfp4/q4k_vendor/quantize_impl.cuh:172: ERROR: CUDA kernel quantize_mmq_nvfp4_worker has no device code compatible with CUDA arch 900. ggml-cuda.cu was compiled for: 900
/workspace/atlas-rental/src/atlas/kernels/hopper/qwen3.6-27b/nvfp4/q4k_vendor/quantize_impl.cuh:172: ERROR: CUDA kernel quantize_mmq_nvfp4_worker has no device code compatible with CUDA arch 900. ggml-cuda.cu was compiled for: 900
/workspace/atlas-rental/src/atlas/kernels/hopper/qwen3.6-27b/nvfp4/q4k_vendor/quantize_impl.cuh:172: ERROR: CUDA kernel quantize_mmq_nvfp4_worker has no device code compatible with CUDA arch 900. ggml-cuda.cu was compiled for: 900
/workspace/atlas-rental/src/atlas/kernels/hopper/qwen3.6-27b/nvfp4/q4k_vendor/quantize_impl.cuh:172: ERROR: CUDA kernel quantize_mmq_nvfp4_worker has no device code compatible with CUDA arch 900. ggml-cuda.cu was compiled for: 900
/workspace/atlas-rental/src/atlas/kernels/hopper/qwen3.6-27b/nvfp4/q4k_vendor/quantize_impl.cuh:172: ERROR: CUDA kernel quantize_mmq_nvfp4_worker has no device code compatible with CUDA arch 900. ggml-cuda.cu was compiled for: 900
/workspace/atlas-rental/src/atlas/kernels/hopper/qwen3.6-27b/nvfp4/q4k_vendor/quantize_impl.cuh:172: ERROR: CUDA kernel quantize_mmq_nvfp4_worker has no device code compatible with CUDA arch 900. ggml-cuda.cu was compiled for: 900
/workspace/atlas-rental/src/atlas/kernels/hopper/qwen3.6-27b/nvfp4/q4k_vendor/quantize_impl.cuh:172: ERROR: CUDA kernel quantize_mmq_nvfp4_worker has no device code compatible with CUDA arch 900. ggml-cuda.cu was compiled for: 900
/workspace/atlas-rental/src/atlas/kernels/hopper/qwen3.6-27b/nvfp4/q4k_vendor/quantize_impl.cuh:172: ERROR: CUDA kernel quantize_mmq_nvfp4_worker has no device code compatible with CUDA arch 900. ggml-cuda.cu was compiled for: 900
/workspace/atlas-rental/src/atlas/kernels/hopper/qwen3.6-27b/nvfp4/q4k_vendor/quantize_impl.cuh:172: ERROR: CUDA kernel quantize_mmq_nvfp4_worker has no device code compatible with CUDA arch 900. ggml-cuda.cu was compiled for: 900
/workspace/atlas-rental/src/atlas/kernels/hopper/qwen3.6-27b/nvfp4/q4k_vendor/quantize_impl.cuh:172: ERROR: CUDA kernel quantize_mmq_nvfp4_worker has no device code compatible with CUDA arch 900. ggml-cuda.cu was compiled for: 900
/workspace/atlas-rental/src/atlas/kernels/hopper/qwen3.6-27b/nvfp4/q4k_vendor/quantize_impl.cuh:172: ERROR: CUDA kernel quantize_mmq_nvfp4_worker has no device code compatible with CUDA arch 900. ggml-cuda.cu was compiled for: 900
/workspace/atlas-rental/src/atlas/kernels/hopper/qwen3.6-27b/nvfp4/q4k_vendor/quantize_impl.cuh:172: ERROR: CUDA kernel quantize_mmq_nvfp4_worker has no device code compatible with CUDA arch 900. ggml-cuda.cu was compiled for: 900
/workspace/atlas-rental/src/atlas/kernels/hopper/qwen3.6-27b/nvfp4/q4k_vendor/quantize_impl.cuh:172: ERROR: CUDA kernel quantize_mmq_nvfp4_worker has no device code compatible with CUDA arch 900. ggml-cuda.cu was compiled for: 900
/workspace/atlas-rental/src/atlas/kernels/hopper/qwen3.6-27b/nvfp4/q4k_vendor/quantize_impl.cuh:172: ERROR: CUDA kernel quantize_mmq_nvfp4_worker has no device code compatible with CUDA arch 900. ggml-cuda.cu was compiled for: 900
/workspace/atlas-rental/src/atlas/kernels/hopper/qwen3.6-27b/nvfp4/q4k_vendor/quantize_impl.cuh:172: ERROR: CUDA kernel quantize_mmq_nvfp4_worker has no device code compatible with CUDA arch 900. ggml-cuda.cu was compiled for: 900
/workspace/atlas-rental/src/atlas/kernels/hopper/qwen3.6-27b/nvfp4/q4k_vendor/quantize_impl.cuh:172: ERROR: CUDA kernel quantize_mmq_nvfp4_worker has no device code compatible with CUDA arch 900. ggml-cuda.cu was compiled for: 900
/workspace/atlas-rental/src/atlas/kernels/hopper/qwen3.6-27b/nvfp4/q4k_vendor/quantize_impl.cuh:172: ERROR: CUDA kernel quantize_mmq_nvfp4_worker has no device code compatible with CUDA arch 900. ggml-cuda.cu was compiled for: 900
/workspace/atlas-rental/src/atlas/kernels/hopper/qwen3.6-27b/nvfp4/q4k_vendor/quantize_impl.cuh:172: ERROR: CUDA kernel quantize_mmq_nvfp4_worker has no device code compatible with CUDA arch 900. ggml-cuda.cu was compiled for: 900
/workspace/atlas-rental/src/atlas/kernels/hopper/qwen3.6-27b/nvfp4/q4k_vendor/quantize_impl.cuh:172: ERROR: CUDA kernel quantize_mmq_nvfp4_worker has no device code compatible with CUDA arch 900. ggml-cuda.cu was compiled for: 900
/workspace/atlas-rental/src/atlas/kernels/hopper/qwen3.6-27b/nvfp4/q4k_vendor/quantize_impl.cuh:172: ERROR: CUDA kernel quantize_mmq_nvfp4_worker has no device code compatible with CUDA arch 900. ggml-cuda.cu was compiled for: 900
/workspace/atlas-rental/src/atlas/kernels/hopper/qwen3.6-27b/nvfp4/q4k_vendor/quantize_impl.cuh:172: ERROR: CUDA kernel quantize_mmq_nvfp4_worker has no device code compatible with CUDA arch 900. ggml-cuda.cu was compiled for: 900
/workspace/atlas-rental/src/atlas/kernels/hopper/qwen3.6-27b/nvfp4/q4k_vendor/quantize_impl.cuh:172: ERROR: CUDA kernel quantize_mmq_nvfp4_worker has no device code compatible with CUDA arch 900. ggml-cuda.cu was compiled for: 900
/workspace/atlas-rental/src/atlas/kernels/hopper/qwen3.6-27b/nvfp4/q4k_vendor/quantize_impl.cuh:172: ERROR: CUDA kernel quantize_mmq_nvfp4_worker has no device code compatible with CUDA arch 900. ggml-cuda.cu was compiled for: 900
/workspace/atlas-rental/src/atlas/kernels/hopper/qwen3.6-27b/nvfp4/q4k_vendor/quantize_impl.cuh:172: ERROR: CUDA kernel quantize_mmq_nvfp4_worker has no device code compatible with CUDA arch 900. ggml-cuda.cu was compiled for: 900
/workspace/atlas-rental/src/atlas/kernels/hopper/qwen3.6-27b/nvfp4/q4k_vendor/quantize_impl.cuh:172: ERROR: CUDA kernel quantize_mmq_nvfp4_worker has no device code compatible with CUDA arch 900. ggml-cuda.cu was compiled for: 900
/workspace/atlas-rental/src/atlas/kernels/hopper/qwen3.6-27b/nvfp4/q4k_vendor/quantize_impl.cuh:172: ERROR: CUDA kernel quantize_mmq_nvfp4_worker has no device code compatible with CUDA arch 900. ggml-cuda.cu was compiled for: 900
/workspace/atlas-rental/src/atlas/kernels/hopper/qwen3.6-27b/nvfp4/q4k_vendor/quantize_impl.cuh:172: ERROR: CUDA kernel quantize_mmq_nvfp4_worker has no device code compatible with CUDA arch 900. ggml-cuda.cu was compiled for: 900
/workspace/atlas-rental/src/atlas/kernels/hopper/qwen3.6-27b/nvfp4/q4k_vendor/quantize_impl.cuh:172: ERROR: CUDA kernel quantize_mmq_nvfp4_worker has no device code compatible with CUDA arch 900. ggml-cuda.cu was compiled for: 900
/workspace/atlas-rental/src/atlas/kernels/hopper/qwen3.6-27b/nvfp4/q4k_vendor/quantize_impl.cuh:172: ERROR: CUDA kernel quantize_mmq_nvfp4_worker has no device code compatible with CUDA arch 900. ggml-cuda.cu was compiled for: 900
/workspace/atlas-rental/src/atlas/kernels/hopper/qwen3.6-27b/nvfp4/q4k_vendor/quantize_impl.cuh:172: ERROR: CUDA kernel quantize_mmq_nvfp4_worker has no device code compatible with CUDA arch 900. ggml-cuda.cu was compiled for: 900
/workspace/atlas-rental/src/atlas/kernels/hopper/qwen3.6-27b/nvfp4/q4k_vendor/quantize_impl.cuh:172: ERROR: CUDA kernel quantize_mmq_nvfp4_worker has no device code compatible with CUDA arch 900. ggml-cuda.cu was compiled for: 900
/workspace/atlas-rental/src/atlas/kernels/hopper/qwen3.6-27b/nvfp4/q4k_vendor/quantize_impl.cuh:172: ERROR: CUDA kernel quantize_mmq_nvfp4_worker has no device code compatible with CUDA arch 900. ggml-cuda.cu was compiled for: 900
/workspace/atlas-rental/src/atlas/kernels/hopper/qwen3.6-27b/nvfp4/q4k_vendor/quantize_impl.cuh:172: ERROR: CUDA kernel quantize_mmq_nvfp4_worker has no device code compatible with CUDA arch 900. ggml-cuda.cu was compiled for: 900
/workspace/atlas-rental/src/atlas/kernels/hopper/qwen3.6-27b/nvfp4/q4k_vendor/quantize_impl.cuh:172: ERROR: CUDA kernel quantize_mmq_nvfp4_worker has no device code compatible with CUDA arch 900. ggml-cuda.cu was compiled for: 900
/workspace/atlas-rental/src/atlas/kernels/hopper/qwen3.6-27b/nvfp4/q4k_vendor/quantize_impl.cuh:172: ERROR: CUDA kernel quantize_mmq_nvfp4_worker has no device code compatible with CUDA arch 900. ggml-cuda.cu was compiled for: 900
/workspace/atlas-rental/src/atlas/kernels/hopper/qwen3.6-27b/nvfp4/q4k_vendor/quantize_impl.cuh:172: ERROR: CUDA kernel quantize_mmq_nvfp4_worker has no device code compatible with CUDA arch 900. ggml-cuda.cu was compiled for: 900
/workspace/atlas-rental/src/atlas/kernels/hopper/qwen3.6-27b/nvfp4/q4k_vendor/quantize_impl.cuh:172: ERROR: CUDA kernel quantize_mmq_nvfp4_worker has no device code compatible with CUDA arch 900. ggml-cuda.cu was compiled for: 900
/workspace/atlas-rental/src/atlas/kernels/hopper/qwen3.6-27b/nvfp4/q4k_vendor/quantize_impl.cuh:172: ERROR: CUDA kernel quantize_mmq_nvfp4_worker has no device code compatible with CUDA arch 900. ggml-cuda.cu was compiled for: 900
/workspace/atlas-rental/src/atlas/kernels/hopper/qwen3.6-27b/nvfp4/q4k_vendor/quantize_impl.cuh:172: ERROR: CUDA kernel quantize_mmq_nvfp4_worker has no device code compatible with CUDA arch 900. ggml-cuda.cu was compiled for: 900
/workspace/atlas-rental/src/atlas/kernels/hopper/qwen3.6-27b/nvfp4/q4k_vendor/quantize_impl.cuh:172: ERROR: CUDA kernel quantize_mmq_nvfp4_worker has no device code compatible with CUDA arch 900. ggml-cuda.cu was compiled for: 900
/workspace/atlas-rental/src/atlas/kernels/hopper/qwen3.6-27b/nvfp4/q4k_vendor/quantize_impl.cuh:172: ERROR: CUDA kernel quantize_mmq_nvfp4_worker has no device code compatible with CUDA arch 900. ggml-cuda.cu was compiled for: 900
/workspace/atlas-rental/src/atlas/kernels/hopper/qwen3.6-27b/nvfp4/q4k_vendor/quantize_impl.cuh:172: ERROR: CUDA kernel quantize_mmq_nvfp4_worker has no device code compatible with CUDA arch 900. ggml-cuda.cu was compiled for: 900
/workspace/atlas-rental/src/atlas/kernels/hopper/qwen3.6-27b/nvfp4/q4k_vendor/quantize_impl.cuh:172: ERROR: CUDA kernel quantize_mmq_nvfp4_worker has no device code compatible with CUDA arch 900. ggml-cuda.cu was compiled for: 900
/workspace/atlas-rental/src/atlas/kernels/hopper/qwen3.6-27b/nvfp4/q4k_vendor/quantize_impl.cuh:172: ERROR: CUDA kernel quantize_mmq_nvfp4_worker has no device code compatible with CUDA arch 900. ggml-cuda.cu was compiled for: 900
/workspace/atlas-rental/src/atlas/kernels/hopper/qwen3.6-27b/nvfp4/q4k_vendor/quantize_impl.cuh:172: ERROR: CUDA kernel quantize_mmq_nvfp4_worker has no device code compatible with CUDA arch 900. ggml-cuda.cu was compiled for: 900
/workspace/atlas-rental/src/atlas/kernels/hopper/qwen3.6-27b/nvfp4/q4k_vendor/quantize_impl.cuh:172: ERROR: CUDA kernel quantize_mmq_nvfp4_worker has no device code compatible with CUDA arch 900. ggml-cuda.cu was compiled for: 900
/workspace/atlas-rental/src/atlas/kernels/hopper/qwen3.6-27b/nvfp4/q4k_vendor/quantize_impl.cuh:172: ERROR: CUDA kernel quantize_mmq_nvfp4_worker has no device code compatible with CUDA arch 900. ggml-cuda.cu was compiled for: 900
/workspace/atlas-rental/src/atlas/kernels/hopper/qwen3.6-27b/nvfp4/q4k_vendor/quantize_impl.cuh:172: ERROR: CUDA kernel quantize_mmq_nvfp4_worker has no device code compatible with CUDA arch 900. ggml-cuda.cu was compiled for: 900
/workspace/atlas-rental/src/atlas/kernels/hopper/qwen3.6-27b/nvfp4/q4k_vendor/quantize_impl.cuh:172: ERROR: CUDA kernel quantize_mmq_nvfp4_worker has no device code compatible with CUDA arch 900. ggml-cuda.cu was compiled for: 900
/workspace/atlas-rental/src/atlas/kernels/hopper/qwen3.6-27b/nvfp4/q4k_vendor/quantize_impl.cuh:172: ERROR: CUDA kernel quantize_mmq_nvfp4_worker has no device code compatible with CUDA arch 900. ggml-cuda.cu was compiled for: 900
/workspace/atlas-rental/src/atlas/kernels/hopper/qwen3.6-27b/nvfp4/q4k_vendor/quantize_impl.cuh:172: ERROR: CUDA kernel quantize_mmq_nvfp4_worker has no device code compatible with CUDA arch 900. ggml-cuda.cu was compiled for: 900
/workspace/atlas-rental/src/atlas/kernels/hopper/qwen3.6-27b/nvfp4/q4k_vendor/quantize_impl.cuh:172: ERROR: CUDA kernel quantize_mmq_nvfp4_worker has no device code compatible with CUDA arch 900. ggml-cuda.cu was compiled for: 900
/workspace/atlas-rental/src/atlas/kernels/hopper/qwen3.6-27b/nvfp4/q4k_vendor/quantize_impl.cuh:172: ERROR: CUDA kernel quantize_mmq_nvfp4_worker has no device code compatible with CUDA arch 900. ggml-cuda.cu was compiled for: 900
/workspace/atlas-rental/src/atlas/kernels/hopper/qwen3.6-27b/nvfp4/q4k_vendor/quantize_impl.cuh:172: ERROR: CUDA kernel quantize_mmq_nvfp4_worker has no device code compatible with CUDA arch 900. ggml-cuda.cu was compiled for: 900
/workspace/atlas-rental/src/atlas/kernels/hopper/qwen3.6-27b/nvfp4/q4k_vendor/quantize_impl.cuh:172: ERROR: CUDA kernel quantize_mmq_nvfp4_worker has no device code compatible with CUDA arch 900. ggml-cuda.cu was compiled for: 900
/workspace/atlas-rental/src/atlas/kernels/hopper/qwen3.6-27b/nvfp4/q4k_vendor/quantize_impl.cuh:172: ERROR: CUDA kernel quantize_mmq_nvfp4_worker has no device code compatible with CUDA arch 900. ggml-cuda.cu was compiled for: 900
/workspace/atlas-rental/src/atlas/kernels/hopper/qwen3.6-27b/nvfp4/q4k_vendor/quantize_impl.cuh:172: ERROR: CUDA kernel quantize_mmq_nvfp4_worker has no device code compatible with CUDA arch 900. ggml-cuda.cu was compiled for: 900
/workspace/atlas-rental/src/atlas/kernels/hopper/qwen3.6-27b/nvfp4/q4k_vendor/quantize_impl.cuh:172: ERROR: CUDA kernel quantize_mmq_nvfp4_worker has no device code compatible with CUDA arch 900. ggml-cuda.cu was compiled for: 900
/workspace/atlas-rental/src/atlas/kernels/hopper/qwen3.6-27b/nvfp4/q4k_vendor/quantize_impl.cuh:172: ERROR: CUDA kernel quantize_mmq_nvfp4_worker has no device code compatible with CUDA arch 900. ggml-cuda.cu was compiled for: 900
/workspace/atlas-rental/src/atlas/kernels/hopper/qwen3.6-27b/nvfp4/q4k_vendor/quantize_impl.cuh:172: ERROR: CUDA kernel quantize_mmq_nvfp4_worker has no device code compatible with CUDA arch 900. ggml-cuda.cu was compiled for: 900
/workspace/atlas-rental/src/atlas/kernels/hopper/qwen3.6-27b/nvfp4/q4k_vendor/quantize_impl.cuh:172: ERROR: CUDA kernel quantize_mmq_nvfp4_worker has no device code compatible with CUDA arch 900. ggml-cuda.cu was compiled for: 900
/workspace/atlas-rental/src/atlas/kernels/hopper/qwen3.6-27b/nvfp4/q4k_vendor/quantize_impl.cuh:172: ERROR: CUDA kernel quantize_mmq_nvfp4_worker has no device code compatible with CUDA arch 900. ggml-cuda.cu was compiled for: 900
/workspace/atlas-rental/src/atlas/kernels/hopper/qwen3.6-27b/nvfp4/q4k_vendor/quantize_impl.cuh:172: ERROR: CUDA kernel quantize_mmq_nvfp4_worker has no device code compatible with CUDA arch 900. ggml-cuda.cu was compiled for: 900
/workspace/atlas-rental/src/atlas/kernels/hopper/qwen3.6-27b/nvfp4/q4k_vendor/quantize_impl.cuh:172: ERROR: CUDA kernel quantize_mmq_nvfp4_worker has no device code compatible with CUDA arch 900. ggml-cuda.cu was compiled for: 900
/workspace/atlas-rental/src/atlas/kernels/hopper/qwen3.6-27b/nvfp4/q4k_vendor/quantize_impl.cuh:172: ERROR: CUDA kernel quantize_mmq_nvfp4_worker has no device code compatible with CUDA arch 900. ggml-cuda.cu was compiled for: 900
/workspace/atlas-rental/src/atlas/kernels/hopper/qwen3.6-27b/nvfp4/q4k_vendor/quantize_impl.cuh:172: ERROR: CUDA kernel quantize_mmq_nvfp4_worker has no device code compatible with CUDA arch 900. ggml-cuda.cu was compiled for: 900
/workspace/atlas-rental/src/atlas/kernels/hopper/qwen3.6-27b/nvfp4/q4k_vendor/quantize_impl.cuh:172: ERROR: CUDA kernel quantize_mmq_nvfp4_worker has no device code compatible with CUDA arch 900. ggml-cuda.cu was compiled for: 900
/workspace/atlas-rental/src/atlas/kernels/hopper/qwen3.6-27b/nvfp4/q4k_vendor/quantize_impl.cuh:172: ERROR: CUDA kernel quantize_mmq_nvfp4_worker has no device code compatible with CUDA arch 900. ggml-cuda.cu was compiled for: 900
/workspace/atlas-rental/src/atlas/kernels/hopper/qwen3.6-27b/nvfp4/q4k_vendor/quantize_impl.cuh:172: ERROR: CUDA kernel quantize_mmq_nvfp4_worker has no device code compatible with CUDA arch 900. ggml-cuda.cu was compiled for: 900
/workspace/atlas-rental/src/atlas/kernels/hopper/qwen3.6-27b/nvfp4/q4k_vendor/quantize_impl.cuh:172: ERROR: CUDA kernel quantize_mmq_nvfp4_worker has no device code compatible with CUDA arch 900. ggml-cuda.cu was compiled for: 900
/workspace/atlas-rental/src/atlas/kernels/hopper/qwen3.6-27b/nvfp4/q4k_vendor/quantize_impl.cuh:172: ERROR: CUDA kernel quantize_mmq_nvfp4_worker has no device code compatible with CUDA arch 900. ggml-cuda.cu was compiled for: 900
/workspace/atlas-rental/src/atlas/kernels/hopper/qwen3.6-27b/nvfp4/q4k_vendor/quantize_impl.cuh:172: ERROR: CUDA kernel quantize_mmq_nvfp4_worker has no device code compatible with CUDA arch 900. ggml-cuda.cu was compiled for: 900
/workspace/atlas-rental/src/atlas/kernels/hopper/qwen3.6-27b/nvfp4/q4k_vendor/quantize_impl.cuh:172: ERROR: CUDA kernel quantize_mmq_nvfp4_worker has no device code compatible with CUDA arch 900. ggml-cuda.cu was compiled for: 900
/workspace/atlas-rental/src/atlas/kernels/hopper/qwen3.6-27b/nvfp4/q4k_vendor/quantize_impl.cuh:172: ERROR: CUDA kernel quantize_mmq_nvfp4_worker has no device code compatible with CUDA arch 900. ggml-cuda.cu was compiled for: 900
/workspace/atlas-rental/src/atlas/kernels/hopper/qwen3.6-27b/nvfp4/q4k_vendor/quantize_impl.cuh:172: ERROR: CUDA kernel quantize_mmq_nvfp4_worker has no device code compatible with CUDA arch 900. ggml-cuda.cu was compiled for: 900
/workspace/atlas-rental/src/atlas/kernels/hopper/qwen3.6-27b/nvfp4/q4k_vendor/quantize_impl.cuh:172: ERROR: CUDA kernel quantize_mmq_nvfp4_worker has no device code compatible with CUDA arch 900. ggml-cuda.cu was compiled for: 900
/workspace/atlas-rental/src/atlas/kernels/hopper/qwen3.6-27b/nvfp4/q4k_vendor/quantize_impl.cuh:172: ERROR: CUDA kernel quantize_mmq_nvfp4_worker has no device code compatible with CUDA arch 900. ggml-cuda.cu was compiled for: 900
/workspace/atlas-rental/src/atlas/kernels/hopper/qwen3.6-27b/nvfp4/q4k_vendor/quantize_impl.cuh:172: ERROR: CUDA kernel quantize_mmq_nvfp4_worker has no device code compatible with CUDA arch 900. ggml-cuda.cu was compiled for: 900
/workspace/atlas-rental/src/atlas/kernels/hopper/qwen3.6-27b/nvfp4/q4k_vendor/quantize_impl.cuh:172: ERROR: CUDA kernel quantize_mmq_nvfp4_worker has no device code compatible with CUDA arch 900. ggml-cuda.cu was compiled for: 900
/workspace/atlas-rental/src/atlas/kernels/hopper/qwen3.6-27b/nvfp4/q4k_vendor/quantize_impl.cuh:172: ERROR: CUDA kernel quantize_mmq_nvfp4_worker has no device code compatible with CUDA arch 900. ggml-cuda.cu was compiled for: 900
/workspace/atlas-rental/src/atlas/kernels/hopper/qwen3.6-27b/nvfp4/q4k_vendor/quantize_impl.cuh:172: ERROR: CUDA kernel quantize_mmq_nvfp4_worker has no device code compatible with CUDA arch 900. ggml-cuda.cu was compiled for: 900
/workspace/atlas-rental/src/atlas/kernels/hopper/qwen3.6-27b/nvfp4/q4k_vendor/quantize_impl.cuh:172: ERROR: CUDA kernel quantize_mmq_nvfp4_worker has no device code compatible with CUDA arch 900. ggml-cuda.cu was compiled for: 900
/workspace/atlas-rental/src/atlas/kernels/hopper/qwen3.6-27b/nvfp4/q4k_vendor/quantize_impl.cuh:172: ERROR: CUDA kernel quantize_mmq_nvfp4_worker has no device code compatible with CUDA arch 900. ggml-cuda.cu was compiled for: 900
/workspace/atlas-rental/src/atlas/kernels/hopper/qwen3.6-27b/nvfp4/q4k_vendor/quantize_impl.cuh:172: ERROR: CUDA kernel quantize_mmq_nvfp4_worker has no device code compatible with CUDA arch 900. ggml-cuda.cu was compiled for: 900
/workspace/atlas-rental/src/atlas/kernels/hopper/qwen3.6-27b/nvfp4/q4k_vendor/quantize_impl.cuh:172: ERROR: CUDA kernel quantize_mmq_nvfp4_worker has no device code compatible with CUDA arch 900. ggml-cuda.cu was compiled for: 900
/workspace/atlas-rental/src/atlas/kernels/hopper/qwen3.6-27b/nvfp4/q4k_vendor/quantize_impl.cuh:172: ERROR: CUDA kernel quantize_mmq_nvfp4_worker has no device code compatible with CUDA arch 900. ggml-cuda.cu was compiled for: 900
/workspace/atlas-rental/src/atlas/kernels/hopper/qwen3.6-27b/nvfp4/q4k_vendor/quantize_impl.cuh:172: ERROR: CUDA kernel quantize_mmq_nvfp4_worker has no device code compatible with CUDA arch 900. ggml-cuda.cu was compiled for: 900
/workspace/atlas-rental/src/atlas/kernels/hopper/qwen3.6-27b/nvfp4/q4k_vendor/quantize_impl.cuh:172: ERROR: CUDA kernel quantize_mmq_nvfp4_worker has no device code compatible with CUDA arch 900. ggml-cuda.cu was compiled for: 900
/workspace/atlas-rental/src/atlas/kernels/hopper/qwen3.6-27b/nvfp4/q4k_vendor/quantize_impl.cuh:172: ERROR: CUDA kernel quantize_mmq_nvfp4_worker has no device code compatible with CUDA arch 900. ggml-cuda.cu was compiled for: 900
/workspace/atlas-rental/src/atlas/kernels/hopper/qwen3.6-27b/nvfp4/q4k_vendor/quantize_impl.cuh:172: ERROR: CUDA kernel quantize_mmq_nvfp4_worker has no device code compatible with CUDA arch 900. ggml-cuda.cu was compiled for: 900
/workspace/atlas-rental/src/atlas/kernels/hopper/qwen3.6-27b/nvfp4/q4k_vendor/quantize_impl.cuh:172: ERROR: CUDA kernel quantize_mmq_nvfp4_worker has no device code compatible with CUDA arch 900. ggml-cuda.cu was compiled for: 900
/workspace/atlas-rental/src/atlas/kernels/hopper/qwen3.6-27b/nvfp4/q4k_vendor/quantize_impl.cuh:172: ERROR: CUDA kernel quantize_mmq_nvfp4_worker has no device code compatible with CUDA arch 900. ggml-cuda.cu was compiled for: 900
/workspace/atlas-rental/src/atlas/kernels/hopper/qwen3.6-27b/nvfp4/q4k_vendor/quantize_impl.cuh:172: ERROR: CUDA kernel quantize_mmq_nvfp4_worker has no device code compatible with CUDA arch 900. ggml-cuda.cu was compiled for: 900
/workspace/atlas-rental/src/atlas/kernels/hopper/qwen3.6-27b/nvfp4/q4k_vendor/quantize_impl.cuh:172: ERROR: CUDA kernel quantize_mmq_nvfp4_worker has no device code compatible with CUDA arch 900. ggml-cuda.cu was compiled for: 900
/workspace/atlas-rental/src/atlas/kernels/hopper/qwen3.6-27b/nvfp4/q4k_vendor/quantize_impl.cuh:172: ERROR: CUDA kernel quantize_mmq_nvfp4_worker has no device code compatible with CUDA arch 900. ggml-cuda.cu was compiled for: 900
/workspace/atlas-rental/src/atlas/kernels/hopper/qwen3.6-27b/nvfp4/q4k_vendor/quantize_impl.cuh:172: ERROR: CUDA kernel quantize_mmq_nvfp4_worker has no device code compatible with CUDA arch 900. ggml-cuda.cu was compiled for: 900
/workspace/atlas-rental/src/atlas/kernels/hopper/qwen3.6-27b/nvfp4/q4k_vendor/quantize_impl.cuh:172: ERROR: CUDA kernel quantize_mmq_nvfp4_worker has no device code compatible with CUDA arch 900. ggml-cuda.cu was compiled for: 900
/workspace/atlas-rental/src/atlas/kernels/hopper/qwen3.6-27b/nvfp4/q4k_vendor/quantize_impl.cuh:172: ERROR: CUDA kernel quantize_mmq_nvfp4_worker has no device code compatible with CUDA arch 900. ggml-cuda.cu was compiled for: 900
/workspace/atlas-rental/src/atlas/kernels/hopper/qwen3.6-27b/nvfp4/q4k_vendor/quantize_impl.cuh:172: ERROR: CUDA kernel quantize_mmq_nvfp4_worker has no device code compatible with CUDA arch 900. ggml-cuda.cu was compiled for: 900
/workspace/atlas-rental/src/atlas/kernels/hopper/qwen3.6-27b/nvfp4/q4k_vendor/quantize_impl.cuh:172: ERROR: CUDA kernel quantize_mmq_nvfp4_worker has no device code compatible with CUDA arch 900. ggml-cuda.cu was compiled for: 900
/workspace/atlas-rental/src/atlas/kernels/hopper/qwen3.6-27b/nvfp4/q4k_vendor/quantize_impl.cuh:172: ERROR: CUDA kernel quantize_mmq_nvfp4_worker has no device code compatible with CUDA arch 900. ggml-cuda.cu was compiled for: 900
/workspace/atlas-rental/src/atlas/kernels/hopper/qwen3.6-27b/nvfp4/q4k_vendor/quantize_impl.cuh:172: ERROR: CUDA kernel quantize_mmq_nvfp4_worker has no device code compatible with CUDA arch 900. ggml-cuda.cu was compiled for: 900
/workspace/atlas-rental/src/atlas/kernels/hopper/qwen3.6-27b/nvfp4/q4k_vendor/quantize_impl.cuh:172: ERROR: CUDA kernel quantize_mmq_nvfp4_worker has no device code compatible with CUDA arch 900. ggml-cuda.cu was compiled for: 900
/workspace/atlas-rental/src/atlas/kernels/hopper/qwen3.6-27b/nvfp4/q4k_vendor/quantize_impl.cuh:172: ERROR: CUDA kernel quantize_mmq_nvfp4_worker has no device code compatible with CUDA arch 900. ggml-cuda.cu was compiled for: 900
/workspace/atlas-rental/src/atlas/kernels/hopper/qwen3.6-27b/nvfp4/q4k_vendor/quantize_impl.cuh:172: ERROR: CUDA kernel quantize_mmq_nvfp4_worker has no device code compatible with CUDA arch 900. ggml-cuda.cu was compiled for: 900
/workspace/atlas-rental/src/atlas/kernels/hopper/qwen3.6-27b/nvfp4/q4k_vendor/quantize_impl.cuh:172: ERROR: CUDA kernel quantize_mmq_nvfp4_worker has no device code compatible with CUDA arch 900. ggml-cuda.cu was compiled for: 900
/workspace/atlas-rental/src/atlas/kernels/hopper/qwen3.6-27b/nvfp4/q4k_vendor/quantize_impl.cuh:172: ERROR: CUDA kernel quantize_mmq_nvfp4_worker has no device code compatible with CUDA arch 900. ggml-cuda.cu was compiled for: 900
/workspace/atlas-rental/src/atlas/kernels/hopper/qwen3.6-27b/nvfp4/q4k_vendor/quantize_impl.cuh:172: ERROR: CUDA kernel quantize_mmq_nvfp4_worker has no device code compatible with CUDA arch 900. ggml-cuda.cu was compiled for: 900
/workspace/atlas-rental/src/atlas/kernels/hopper/qwen3.6-27b/nvfp4/q4k_vendor/quantize_impl.cuh:172: ERROR: CUDA kernel quantize_mmq_nvfp4_worker has no device code compatible with CUDA arch 900. ggml-cuda.cu was compiled for: 900
/workspace/atlas-rental/src/atlas/kernels/hopper/qwen3.6-27b/nvfp4/q4k_vendor/quantize_impl.cuh:172: ERROR: CUDA kernel quantize_mmq_nvfp4_worker has no device code compatible with CUDA arch 900. ggml-cuda.cu was compiled for: 900
/workspace/atlas-rental/src/atlas/kernels/hopper/qwen3.6-27b/nvfp4/q4k_vendor/quantize_impl.cuh:172: ERROR: CUDA kernel quantize_mmq_nvfp4_worker has no device code compatible with CUDA arch 900. ggml-cuda.cu was compiled for: 900
/workspace/atlas-rental/src/atlas/kernels/hopper/qwen3.6-27b/nvfp4/q4k_vendor/quantize_impl.cuh:172: ERROR: CUDA kernel quantize_mmq_nvfp4_worker has no device code compatible with CUDA arch 900. ggml-cuda.cu was compiled for: 900
/workspace/atlas-rental/src/atlas/kernels/hopper/qwen3.6-27b/nvfp4/q4k_vendor/quantize_impl.cuh:172: ERROR: CUDA kernel quantize_mmq_nvfp4_worker has no device code compatible with CUDA arch 900. ggml-cuda.cu was compiled for: 900
/workspace/atlas-rental/src/atlas/kernels/hopper/qwen3.6-27b/nvfp4/q4k_vendor/quantize_impl.cuh:172: ERROR: CUDA kernel quantize_mmq_nvfp4_worker has no device code compatible with CUDA arch 900. ggml-cuda.cu was compiled for: 900
/workspace/atlas-rental/src/atlas/kernels/hopper/qwen3.6-27b/nvfp4/q4k_vendor/quantize_impl.cuh:172: ERROR: CUDA kernel quantize_mmq_nvfp4_worker has no device code compatible with CUDA arch 900. ggml-cuda.cu was compiled for: 900
/workspace/atlas-rental/src/atlas/kernels/hopper/qwen3.6-27b/nvfp4/q4k_vendor/quantize_impl.cuh:172: ERROR: CUDA kernel quantize_mmq_nvfp4_worker has no device code compatible with CUDA arch 900. ggml-cuda.cu was compiled for: 900
/workspace/atlas-rental/src/atlas/kernels/hopper/qwen3.6-27b/nvfp4/q4k_vendor/quantize_impl.cuh:172: ERROR: CUDA kernel quantize_mmq_nvfp4_worker has no device code compatible with CUDA arch 900. ggml-cuda.cu was compiled for: 900
/workspace/atlas-rental/src/atlas/kernels/hopper/qwen3.6-27b/nvfp4/q4k_vendor/quantize_impl.cuh:172: ERROR: CUDA kernel quantize_mmq_nvfp4_worker has no device code compatible with CUDA arch 900. ggml-cuda.cu was compiled for: 900
/workspace/atlas-rental/src/atlas/kernels/hopper/qwen3.6-27b/nvfp4/q4k_vendor/quantize_impl.cuh:172: ERROR: CUDA kernel quantize_mmq_nvfp4_worker has no device code compatible with CUDA arch 900. ggml-cuda.cu was compiled for: 900
/workspace/atlas-rental/src/atlas/kernels/hopper/qwen3.6-27b/nvfp4/q4k_vendor/quantize_impl.cuh:172: ERROR: CUDA kernel quantize_mmq_nvfp4_worker has no device code compatible with CUDA arch 900. ggml-cuda.cu was compiled for: 900
/workspace/atlas-rental/src/atlas/kernels/hopper/qwen3.6-27b/nvfp4/q4k_vendor/quantize_impl.cuh:172: ERROR: CUDA kernel quantize_mmq_nvfp4_worker has no device code compatible with CUDA arch 900. ggml-cuda.cu was compiled for: 900
/workspace/atlas-rental/src/atlas/kernels/hopper/qwen3.6-27b/nvfp4/q4k_vendor/quantize_impl.cuh:172: ERROR: CUDA kernel quantize_mmq_nvfp4_worker has no device code compatible with CUDA arch 900. ggml-cuda.cu was compiled for: 900
/workspace/atlas-rental/src/atlas/kernels/hopper/qwen3.6-27b/nvfp4/q4k_vendor/quantize_impl.cuh:172: ERROR: CUDA kernel quantize_mmq_nvfp4_worker has no device code compatible with CUDA arch 900. ggml-cuda.cu was compiled for: 900
/workspace/atlas-rental/src/atlas/kernels/hopper/qwen3.6-27b/nvfp4/q4k_vendor/quantize_impl.cuh:172: ERROR: CUDA kernel quantize_mmq_nvfp4_worker has no device code compatible with CUDA arch 900. ggml-cuda.cu was compiled for: 900
/workspace/atlas-rental/src/atlas/kernels/hopper/qwen3.6-27b/nvfp4/q4k_vendor/quantize_impl.cuh:172: ERROR: CUDA kernel quantize_mmq_nvfp4_worker has no device code compatible with CUDA arch 900. ggml-cuda.cu was compiled for: 900
/workspace/atlas-rental/src/atlas/kernels/hopper/qwen3.6-27b/nvfp4/q4k_vendor/quantize_impl.cuh:172: ERROR: CUDA kernel quantize_mmq_nvfp4_worker has no device code compatible with CUDA arch 900. ggml-cuda.cu was compiled for: 900
/workspace/atlas-rental/src/atlas/kernels/hopper/qwen3.6-27b/nvfp4/q4k_vendor/quantize_impl.cuh:172: ERROR: CUDA kernel quantize_mmq_nvfp4_worker has no device code compatible with CUDA arch 900. ggml-cuda.cu was compiled for: 900
/workspace/atlas-rental/src/atlas/kernels/hopper/qwen3.6-27b/nvfp4/q4k_vendor/quantize_impl.cuh:172: ERROR: CUDA kernel quantize_mmq_nvfp4_worker has no device code compatible with CUDA arch 900. ggml-cuda.cu was compiled for: 900
/workspace/atlas-rental/src/atlas/kernels/hopper/qwen3.6-27b/nvfp4/q4k_vendor/quantize_impl.cuh:172: ERROR: CUDA kernel quantize_mmq_nvfp4_worker has no device code compatible with CUDA arch 900. ggml-cuda.cu was compiled for: 900
/workspace/atlas-rental/src/atlas/kernels/hopper/qwen3.6-27b/nvfp4/q4k_vendor/quantize_impl.cuh:172: ERROR: CUDA kernel quantize_mmq_nvfp4_worker has no device code compatible with CUDA arch 900. ggml-cuda.cu was compiled for: 900
/workspace/atlas-rental/src/atlas/kernels/hopper/qwen3.6-27b/nvfp4/q4k_vendor/quantize_impl.cuh:172: ERROR: CUDA kernel quantize_mmq_nvfp4_worker has no device code compatible with CUDA arch 900. ggml-cuda.cu was compiled for: 900
/workspace/atlas-rental/src/atlas/kernels/hopper/qwen3.6-27b/nvfp4/q4k_vendor/quantize_impl.cuh:172: ERROR: CUDA kernel quantize_mmq_nvfp4_worker has no device code compatible with CUDA arch 900. ggml-cuda.cu was compiled for: 900
/workspace/atlas-rental/src/atlas/kernels/hopper/qwen3.6-27b/nvfp4/q4k_vendor/quantize_impl.cuh:172: ERROR: CUDA kernel quantize_mmq_nvfp4_worker has no device code compatible with CUDA arch 900. ggml-cuda.cu was compiled for: 900
/workspace/atlas-rental/src/atlas/kernels/hopper/qwen3.6-27b/nvfp4/q4k_vendor/quantize_impl.cuh:172: ERROR: CUDA kernel quantize_mmq_nvfp4_worker has no device code compatible with CUDA arch 900. ggml-cuda.cu was compiled for: 900
/workspace/atlas-rental/src/atlas/kernels/hopper/qwen3.6-27b/nvfp4/q4k_vendor/quantize_impl.cuh:172: ERROR: CUDA kernel quantize_mmq_nvfp4_worker has no device code compatible with CUDA arch 900. ggml-cuda.cu was compiled for: 900
/workspace/atlas-rental/src/atlas/kernels/hopper/qwen3.6-27b/nvfp4/q4k_vendor/quantize_impl.cuh:172: ERROR: CUDA kernel quantize_mmq_nvfp4_worker has no device code compatible with CUDA arch 900. ggml-cuda.cu was compiled for: 900
/workspace/atlas-rental/src/atlas/kernels/hopper/qwen3.6-27b/nvfp4/q4k_vendor/quantize_impl.cuh:172: ERROR: CUDA kernel quantize_mmq_nvfp4_worker has no device code compatible with CUDA arch 900. ggml-cuda.cu was compiled for: 900
/workspace/atlas-rental/src/atlas/kernels/hopper/qwen3.6-27b/nvfp4/q4k_vendor/quantize_impl.cuh:172: ERROR: CUDA kernel quantize_mmq_nvfp4_worker has no device code compatible with CUDA arch 900. ggml-cuda.cu was compiled for: 900
/workspace/atlas-rental/src/atlas/kernels/hopper/qwen3.6-27b/nvfp4/q4k_vendor/quantize_impl.cuh:172: ERROR: CUDA kernel quantize_mmq_nvfp4_worker has no device code compatible with CUDA arch 900. ggml-cuda.cu was compiled for: 900
/workspace/atlas-rental/src/atlas/kernels/hopper/qwen3.6-27b/nvfp4/q4k_vendor/quantize_impl.cuh:172: ERROR: CUDA kernel quantize_mmq_nvfp4_worker has no device code compatible with CUDA arch 900. ggml-cuda.cu was compiled for: 900
/workspace/atlas-rental/src/atlas/kernels/hopper/qwen3.6-27b/nvfp4/q4k_vendor/quantize_impl.cuh:172: ERROR: CUDA kernel quantize_mmq_nvfp4_worker has no device code compatible with CUDA arch 900. ggml-cuda.cu was compiled for: 900
/workspace/atlas-rental/src/atlas/kernels/hopper/qwen3.6-27b/nvfp4/q4k_vendor/quantize_impl.cuh:172: ERROR: CUDA kernel quantize_mmq_nvfp4_worker has no device code compatible with CUDA arch 900. ggml-cuda.cu was compiled for: 900
/workspace/atlas-rental/src/atlas/kernels/hopper/qwen3.6-27b/nvfp4/q4k_vendor/quantize_impl.cuh:172: ERROR: CUDA kernel quantize_mmq_nvfp4_worker has no device code compatible with CUDA arch 900. ggml-cuda.cu was compiled for: 900
/workspace/atlas-rental/src/atlas/kernels/hopper/qwen3.6-27b/nvfp4/q4k_vendor/quantize_impl.cuh:172: ERROR: CUDA kernel quantize_mmq_nvfp4_worker has no device code compatible with CUDA arch 900. ggml-cuda.cu was compiled for: 900
/workspace/atlas-rental/src/atlas/kernels/hopper/qwen3.6-27b/nvfp4/q4k_vendor/quantize_impl.cuh:172: ERROR: CUDA kernel quantize_mmq_nvfp4_worker has no device code compatible with CUDA arch 900. ggml-cuda.cu was compiled for: 900
/workspace/atlas-rental/src/atlas/kernels/hopper/qwen3.6-27b/nvfp4/q4k_vendor/quantize_impl.cuh:172: ERROR: CUDA kernel quantize_mmq_nvfp4_worker has no device code compatible with CUDA arch 900. ggml-cuda.cu was compiled for: 900
/workspace/atlas-rental/src/atlas/kernels/hopper/qwen3.6-27b/nvfp4/q4k_vendor/quantize_impl.cuh:172: ERROR: CUDA kernel quantize_mmq_nvfp4_worker has no device code compatible with CUDA arch 900. ggml-cuda.cu was compiled for: 900
/workspace/atlas-rental/src/atlas/kernels/hopper/qwen3.6-27b/nvfp4/q4k_vendor/quantize_impl.cuh:172: ERROR: CUDA kernel quantize_mmq_nvfp4_worker has no device code compatible with CUDA arch 900. ggml-cuda.cu was compiled for: 900
/workspace/atlas-rental/src/atlas/kernels/hopper/qwen3.6-27b/nvfp4/q4k_vendor/quantize_impl.cuh:172: ERROR: CUDA kernel quantize_mmq_nvfp4_worker has no device code compatible with CUDA arch 900. ggml-cuda.cu was compiled for: 900
/workspace/atlas-rental/src/atlas/kernels/hopper/qwen3.6-27b/nvfp4/q4k_vendor/quantize_impl.cuh:172: ERROR: CUDA kernel quantize_mmq_nvfp4_worker has no device code compatible with CUDA arch 900. ggml-cuda.cu was compiled for: 900
/workspace/atlas-rental/src/atlas/kernels/hopper/qwen3.6-27b/nvfp4/q4k_vendor/quantize_impl.cuh:172: ERROR: CUDA kernel quantize_mmq_nvfp4_worker has no device code compatible with CUDA arch 900. ggml-cuda.cu was compiled for: 900
/workspace/atlas-rental/src/atlas/kernels/hopper/qwen3.6-27b/nvfp4/q4k_vendor/quantize_impl.cuh:172: ERROR: CUDA kernel quantize_mmq_nvfp4_worker has no device code compatible with CUDA arch 900. ggml-cuda.cu was compiled for: 900
/workspace/atlas-rental/src/atlas/kernels/hopper/qwen3.6-27b/nvfp4/q4k_vendor/quantize_impl.cuh:172: ERROR: CUDA kernel quantize_mmq_nvfp4_worker has no device code compatible with CUDA arch 900. ggml-cuda.cu was compiled for: 900
/workspace/atlas-rental/src/atlas/kernels/hopper/qwen3.6-27b/nvfp4/q4k_vendor/quantize_impl.cuh:172: ERROR: CUDA kernel quantize_mmq_nvfp4_worker has no device code compatible with CUDA arch 900. ggml-cuda.cu was compiled for: 900
/workspace/atlas-rental/src/atlas/kernels/hopper/qwen3.6-27b/nvfp4/q4k_vendor/quantize_impl.cuh:172: ERROR: CUDA kernel quantize_mmq_nvfp4_worker has no device code compatible with CUDA arch 900. ggml-cuda.cu was compiled for: 900
/workspace/atlas-rental/src/atlas/kernels/hopper/qwen3.6-27b/nvfp4/q4k_vendor/quantize_impl.cuh:172: ERROR: CUDA kernel quantize_mmq_nvfp4_worker has no device code compatible with CUDA arch 900. ggml-cuda.cu was compiled for: 900
/workspace/atlas-rental/src/atlas/kernels/hopper/qwen3.6-27b/nvfp4/q4k_vendor/quantize_impl.cuh:172: ERROR: CUDA kernel quantize_mmq_nvfp4_worker has no device code compatible with CUDA arch 900. ggml-cuda.cu was compiled for: 900
/workspace/atlas-rental/src/atlas/kernels/hopper/qwen3.6-27b/nvfp4/q4k_vendor/quantize_impl.cuh:172: ERROR: CUDA kernel quantize_mmq_nvfp4_worker has no device code compatible with CUDA arch 900. ggml-cuda.cu was compiled for: 900
/workspace/atlas-rental/src/atlas/kernels/hopper/qwen3.6-27b/nvfp4/q4k_vendor/quantize_impl.cuh:172: ERROR: CUDA kernel quantize_mmq_nvfp4_worker has no device code compatible with CUDA arch 900. ggml-cuda.cu was compiled for: 900
/workspace/atlas-rental/src/atlas/kernels/hopper/qwen3.6-27b/nvfp4/q4k_vendor/quantize_impl.cuh:172: ERROR: CUDA kernel quantize_mmq_nvfp4_worker has no device code compatible with CUDA arch 900. ggml-cuda.cu was compiled for: 900
/workspace/atlas-rental/src/atlas/kernels/hopper/qwen3.6-27b/nvfp4/q4k_vendor/quantize_impl.cuh:172: ERROR: CUDA kernel quantize_mmq_nvfp4_worker has no device code compatible with CUDA arch 900. ggml-cuda.cu was compiled for: 900
/workspace/atlas-rental/src/atlas/kernels/hopper/qwen3.6-27b/nvfp4/q4k_vendor/quantize_impl.cuh:172: ERROR: CUDA kernel quantize_mmq_nvfp4_worker has no device code compatible with CUDA arch 900. ggml-cuda.cu was compiled for: 900
/workspace/atlas-rental/src/atlas/kernels/hopper/qwen3.6-27b/nvfp4/q4k_vendor/quantize_impl.cuh:172: ERROR: CUDA kernel quantize_mmq_nvfp4_worker has no device code compatible with CUDA arch 900. ggml-cuda.cu was compiled for: 900
/workspace/atlas-rental/src/atlas/kernels/hopper/qwen3.6-27b/nvfp4/q4k_vendor/quantize_impl.cuh:172: ERROR: CUDA kernel quantize_mmq_nvfp4_worker has no device code compatible with CUDA arch 900. ggml-cuda.cu was compiled for: 900
/workspace/atlas-rental/src/atlas/kernels/hopper/qwen3.6-27b/nvfp4/q4k_vendor/quantize_impl.cuh:172: ERROR: CUDA kernel quantize_mmq_nvfp4_worker has no device code compatible with CUDA arch 900. ggml-cuda.cu was compiled for: 900
/workspace/atlas-rental/src/atlas/kernels/hopper/qwen3.6-27b/nvfp4/q4k_vendor/quantize_impl.cuh:172: ERROR: CUDA kernel quantize_mmq_nvfp4_worker has no device code compatible with CUDA arch 900. ggml-cuda.cu was compiled for: 900
/workspace/atlas-rental/src/atlas/kernels/hopper/qwen3.6-27b/nvfp4/q4k_vendor/quantize_impl.cuh:172: ERROR: CUDA kernel quantize_mmq_nvfp4_worker has no device code compatible with CUDA arch 900. ggml-cuda.cu was compiled for: 900
/workspace/atlas-rental/src/atlas/kernels/hopper/qwen3.6-27b/nvfp4/q4k_vendor/quantize_impl.cuh:172: ERROR: CUDA kernel quantize_mmq_nvfp4_worker has no device code compatible with CUDA arch 900. ggml-cuda.cu was compiled for: 900
/workspace/atlas-rental/src/atlas/kernels/hopper/qwen3.6-27b/nvfp4/q4k_vendor/quantize_impl.cuh:172: ERROR: CUDA kernel quantize_mmq_nvfp4_worker has no device code compatible with CUDA arch 900. ggml-cuda.cu was compiled for: 900
/workspace/atlas-rental/src/atlas/kernels/hopper/qwen3.6-27b/nvfp4/q4k_vendor/quantize_impl.cuh:172: ERROR: CUDA kernel quantize_mmq_nvfp4_worker has no device code compatible with CUDA arch 900. ggml-cuda.cu was compiled for: 900
/workspace/atlas-rental/src/atlas/kernels/hopper/qwen3.6-27b/nvfp4/q4k_vendor/quantize_impl.cuh:172: ERROR: CUDA kernel quantize_mmq_nvfp4_worker has no device code compatible with CUDA arch 900. ggml-cuda.cu was compiled for: 900
/workspace/atlas-rental/src/atlas/kernels/hopper/qwen3.6-27b/nvfp4/q4k_vendor/quantize_impl.cuh:172: ERROR: CUDA kernel quantize_mmq_nvfp4_worker has no device code compatible with CUDA arch 900. ggml-cuda.cu was compiled for: 900
/workspace/atlas-rental/src/atlas/kernels/hopper/qwen3.6-27b/nvfp4/q4k_vendor/quantize_impl.cuh:172: ERROR: CUDA kernel quantize_mmq_nvfp4_worker has no device code compatible with CUDA arch 900. ggml-cuda.cu was compiled for: 900
/workspace/atlas-rental/src/atlas/kernels/hopper/qwen3.6-27b/nvfp4/q4k_vendor/quantize_impl.cuh:172: ERROR: CUDA kernel quantize_mmq_nvfp4_worker has no device code compatible with CUDA arch 900. ggml-cuda.cu was compiled for: 900
/workspace/atlas-rental/src/atlas/kernels/hopper/qwen3.6-27b/nvfp4/q4k_vendor/quantize_impl.cuh:172: ERROR: CUDA kernel quantize_mmq_nvfp4_worker has no device code compatible with CUDA arch 900. ggml-cuda.cu was compiled for: 900
/workspace/atlas-rental/src/atlas/kernels/hopper/qwen3.6-27b/nvfp4/q4k_vendor/quantize_impl.cuh:172: ERROR: CUDA kernel quantize_mmq_nvfp4_worker has no device code compatible with CUDA arch 900. ggml-cuda.cu was compiled for: 900
/workspace/atlas-rental/src/atlas/kernels/hopper/qwen3.6-27b/nvfp4/q4k_vendor/quantize_impl.cuh:172: ERROR: CUDA kernel quantize_mmq_nvfp4_worker has no device code compatible with CUDA arch 900. ggml-cuda.cu was compiled for: 900
/workspace/atlas-rental/src/atlas/kernels/hopper/qwen3.6-27b/nvfp4/q4k_vendor/quantize_impl.cuh:172: ERROR: CUDA kernel quantize_mmq_nvfp4_worker has no device code compatible with CUDA arch 900. ggml-cuda.cu was compiled for: 900
/workspace/atlas-rental/src/atlas/kernels/hopper/qwen3.6-27b/nvfp4/q4k_vendor/quantize_impl.cuh:172: ERROR: CUDA kernel quantize_mmq_nvfp4_worker has no device code compatible with CUDA arch 900. ggml-cuda.cu was compiled for: 900
/workspace/atlas-rental/src/atlas/kernels/hopper/qwen3.6-27b/nvfp4/q4k_vendor/quantize_impl.cuh:172: ERROR: CUDA kernel quantize_mmq_nvfp4_worker has no device code compatible with CUDA arch 900. ggml-cuda.cu was compiled for: 900
/workspace/atlas-rental/src/atlas/kernels/hopper/qwen3.6-27b/nvfp4/q4k_vendor/quantize_impl.cuh:172: ERROR: CUDA kernel quantize_mmq_nvfp4_worker has no device code compatible with CUDA arch 900. ggml-cuda.cu was compiled for: 900
/workspace/atlas-rental/src/atlas/kernels/hopper/qwen3.6-27b/nvfp4/q4k_vendor/quantize_impl.cuh:172: ERROR: CUDA kernel quantize_mmq_nvfp4_worker has no device code compatible with CUDA arch 900. ggml-cuda.cu was compiled for: 900
/workspace/atlas-rental/src/atlas/kernels/hopper/qwen3.6-27b/nvfp4/q4k_vendor/quantize_impl.cuh:172: ERROR: CUDA kernel quantize_mmq_nvfp4_worker has no device code compatible with CUDA arch 900. ggml-cuda.cu was compiled for: 900
/workspace/atlas-rental/src/atlas/kernels/hopper/qwen3.6-27b/nvfp4/q4k_vendor/quantize_impl.cuh:172: ERROR: CUDA kernel quantize_mmq_nvfp4_worker has no device code compatible with CUDA arch 900. ggml-cuda.cu was compiled for: 900
/workspace/atlas-rental/src/atlas/kernels/hopper/qwen3.6-27b/nvfp4/q4k_vendor/quantize_impl.cuh:172: ERROR: CUDA kernel quantize_mmq_nvfp4_worker has no device code compatible with CUDA arch 900. ggml-cuda.cu was compiled for: 900
/workspace/atlas-rental/src/atlas/kernels/hopper/qwen3.6-27b/nvfp4/q4k_vendor/quantize_impl.cuh:172: ERROR: CUDA kernel quantize_mmq_nvfp4_worker has no device code compatible with CUDA arch 900. ggml-cuda.cu was compiled for: 900
/workspace/atlas-rental/src/atlas/kernels/hopper/qwen3.6-27b/nvfp4/q4k_vendor/quantize_impl.cuh:172: ERROR: CUDA kernel quantize_mmq_nvfp4_worker has no device code compatible with CUDA arch 900. ggml-cuda.cu was compiled for: 900
/workspace/atlas-rental/src/atlas/kernels/hopper/qwen3.6-27b/nvfp4/q4k_vendor/quantize_impl.cuh:172: ERROR: CUDA kernel quantize_mmq_nvfp4_worker has no device code compatible with CUDA arch 900. ggml-cuda.cu was compiled for: 900
/workspace/atlas-rental/src/atlas/kernels/hopper/qwen3.6-27b/nvfp4/q4k_vendor/quantize_impl.cuh:172: ERROR: CUDA kernel quantize_mmq_nvfp4_worker has no device code compatible with CUDA arch 900. ggml-cuda.cu was compiled for: 900
/workspace/atlas-rental/src/atlas/kernels/hopper/qwen3.6-27b/nvfp4/q4k_vendor/quantize_impl.cuh:172: ERROR: CUDA kernel quantize_mmq_nvfp4_worker has no device code compatible with CUDA arch 900. ggml-cuda.cu was compiled for: 900
/workspace/atlas-rental/src/atlas/kernels/hopper/qwen3.6-27b/nvfp4/q4k_vendor/quantize_impl.cuh:172: ERROR: CUDA kernel quantize_mmq_nvfp4_worker has no device code compatible with CUDA arch 900. ggml-cuda.cu was compiled for: 900
/workspace/atlas-rental/src/atlas/kernels/hopper/qwen3.6-27b/nvfp4/q4k_vendor/quantize_impl.cuh:172: ERROR: CUDA kernel quantize_mmq_nvfp4_worker has no device code compatible with CUDA arch 900. ggml-cuda.cu was compiled for: 900
/workspace/atlas-rental/src/atlas/kernels/hopper/qwen3.6-27b/nvfp4/q4k_vendor/quantize_impl.cuh:172: ERROR: CUDA kernel quantize_mmq_nvfp4_worker has no device code compatible with CUDA arch 900. ggml-cuda.cu was compiled for: 900
/workspace/atlas-rental/src/atlas/kernels/hopper/qwen3.6-27b/nvfp4/q4k_vendor/quantize_impl.cuh:172: ERROR: CUDA kernel quantize_mmq_nvfp4_worker has no device code compatible with CUDA arch 900. ggml-cuda.cu was compiled for: 900
/workspace/atlas-rental/src/atlas/kernels/hopper/qwen3.6-27b/nvfp4/q4k_vendor/quantize_impl.cuh:172: ERROR: CUDA kernel quantize_mmq_nvfp4_worker has no device code compatible with CUDA arch 900. ggml-cuda.cu was compiled for: 900
/workspace/atlas-rental/src/atlas/kernels/hopper/qwen3.6-27b/nvfp4/q4k_vendor/quantize_impl.cuh:172: ERROR: CUDA kernel quantize_mmq_nvfp4_worker has no device code compatible with CUDA arch 900. ggml-cuda.cu was compiled for: 900
/workspace/atlas-rental/src/atlas/kernels/hopper/qwen3.6-27b/nvfp4/q4k_vendor/quantize_impl.cuh:172: ERROR: CUDA kernel quantize_mmq_nvfp4_worker has no device code compatible with CUDA arch 900. ggml-cuda.cu was compiled for: 900
/workspace/atlas-rental/src/atlas/kernels/hopper/qwen3.6-27b/nvfp4/q4k_vendor/quantize_impl.cuh:172: ERROR: CUDA kernel quantize_mmq_nvfp4_worker has no device code compatible with CUDA arch 900. ggml-cuda.cu was compiled for: 900
/workspace/atlas-rental/src/atlas/kernels/hopper/qwen3.6-27b/nvfp4/q4k_vendor/quantize_impl.cuh:172: ERROR: CUDA kernel quantize_mmq_nvfp4_worker has no device code compatible with CUDA arch 900. ggml-cuda.cu was compiled for: 900
/workspace/atlas-rental/src/atlas/kernels/hopper/qwen3.6-27b/nvfp4/q4k_vendor/quantize_impl.cuh:172: ERROR: CUDA kernel quantize_mmq_nvfp4_worker has no device code compatible with CUDA arch 900. ggml-cuda.cu was compiled for: 900
/workspace/atlas-rental/src/atlas/kernels/hopper/qwen3.6-27b/nvfp4/q4k_vendor/quantize_impl.cuh:172: ERROR: CUDA kernel quantize_mmq_nvfp4_worker has no device code compatible with CUDA arch 900. ggml-cuda.cu was compiled for: 900
/workspace/atlas-rental/src/atlas/kernels/hopper/qwen3.6-27b/nvfp4/q4k_vendor/quantize_impl.cuh:172: ERROR: CUDA kernel quantize_mmq_nvfp4_worker has no device code compatible with CUDA arch 900. ggml-cuda.cu was compiled for: 900
/workspace/atlas-rental/src/atlas/kernels/hopper/qwen3.6-27b/nvfp4/q4k_vendor/quantize_impl.cuh:172: ERROR: CUDA kernel quantize_mmq_nvfp4_worker has no device code compatible with CUDA arch 900. ggml-cuda.cu was compiled for: 900
/workspace/atlas-rental/src/atlas/kernels/hopper/qwen3.6-27b/nvfp4/q4k_vendor/quantize_impl.cuh:172: ERROR: CUDA kernel quantize_mmq_nvfp4_worker has no device code compatible with CUDA arch 900. ggml-cuda.cu was compiled for: 900
/workspace/atlas-rental/src/atlas/kernels/hopper/qwen3.6-27b/nvfp4/q4k_vendor/quantize_impl.cuh:172: ERROR: CUDA kernel quantize_mmq_nvfp4_worker has no device code compatible with CUDA arch 900. ggml-cuda.cu was compiled for: 900
/workspace/atlas-rental/src/atlas/kernels/hopper/qwen3.6-27b/nvfp4/q4k_vendor/quantize_impl.cuh:172: ERROR: CUDA kernel quantize_mmq_nvfp4_worker has no device code compatible with CUDA arch 900. ggml-cuda.cu was compiled for: 900
/workspace/atlas-rental/src/atlas/kernels/hopper/qwen3.6-27b/nvfp4/q4k_vendor/quantize_impl.cuh:172: ERROR: CUDA kernel quantize_mmq_nvfp4_worker has no device code compatible with CUDA arch 900. ggml-cuda.cu was compiled for: 900
/workspace/atlas-rental/src/atlas/kernels/hopper/qwen3.6-27b/nvfp4/q4k_vendor/quantize_impl.cuh:172: ERROR: CUDA kernel quantize_mmq_nvfp4_worker has no device code compatible with CUDA arch 900. ggml-cuda.cu was compiled for: 900
/workspace/atlas-rental/src/atlas/kernels/hopper/qwen3.6-27b/nvfp4/q4k_vendor/quantize_impl.cuh:172: ERROR: CUDA kernel quantize_mmq_nvfp4_worker has no device code compatible with CUDA arch 900. ggml-cuda.cu was compiled for: 900
/workspace/atlas-rental/src/atlas/kernels/hopper/qwen3.6-27b/nvfp4/q4k_vendor/quantize_impl.cuh:172: ERROR: CUDA kernel quantize_mmq_nvfp4_worker has no device code compatible with CUDA arch 900. ggml-cuda.cu was compiled for: 900
/workspace/atlas-rental/src/atlas/kernels/hopper/qwen3.6-27b/nvfp4/q4k_vendor/quantize_impl.cuh:172: ERROR: CUDA kernel quantize_mmq_nvfp4_worker has no device code compatible with CUDA arch 900. ggml-cuda.cu was compiled for: 900
/workspace/atlas-rental/src/atlas/kernels/hopper/qwen3.6-27b/nvfp4/q4k_vendor/quantize_impl.cuh:172: ERROR: CUDA kernel quantize_mmq_nvfp4_worker has no device code compatible with CUDA arch 900. ggml-cuda.cu was compiled for: 900
/workspace/atlas-rental/src/atlas/kernels/hopper/qwen3.6-27b/nvfp4/q4k_vendor/quantize_impl.cuh:172: ERROR: CUDA kernel quantize_mmq_nvfp4_worker has no device code compatible with CUDA arch 900. ggml-cuda.cu was compiled for: 900
/workspace/atlas-rental/src/atlas/kernels/hopper/qwen3.6-27b/nvfp4/q4k_vendor/quantize_impl.cuh:172: ERROR: CUDA kernel quantize_mmq_nvfp4_worker has no device code compatible with CUDA arch 900. ggml-cuda.cu was compiled for: 900
/workspace/atlas-rental/src/atlas/kernels/hopper/qwen3.6-27b/nvfp4/q4k_vendor/quantize_impl.cuh:172: ERROR: CUDA kernel quantize_mmq_nvfp4_worker has no device code compatible with CUDA arch 900. ggml-cuda.cu was compiled for: 900
/workspace/atlas-rental/src/atlas/kernels/hopper/qwen3.6-27b/nvfp4/q4k_vendor/quantize_impl.cuh:172: ERROR: CUDA kernel quantize_mmq_nvfp4_worker has no device code compatible with CUDA arch 900. ggml-cuda.cu was compiled for: 900
/workspace/atlas-rental/src/atlas/kernels/hopper/qwen3.6-27b/nvfp4/q4k_vendor/quantize_impl.cuh:172: ERROR: CUDA kernel quantize_mmq_nvfp4_worker has no device code compatible with CUDA arch 900. ggml-cuda.cu was compiled for: 900
/workspace/atlas-rental/src/atlas/kernels/hopper/qwen3.6-27b/nvfp4/q4k_vendor/quantize_impl.cuh:172: ERROR: CUDA kernel quantize_mmq_nvfp4_worker has no device code compatible with CUDA arch 900. ggml-cuda.cu was compiled for: 900
/workspace/atlas-rental/src/atlas/kernels/hopper/qwen3.6-27b/nvfp4/q4k_vendor/quantize_impl.cuh:172: ERROR: CUDA kernel quantize_mmq_nvfp4_worker has no device code compatible with CUDA arch 900. ggml-cuda.cu was compiled for: 900
/workspace/atlas-rental/src/atlas/kernels/hopper/qwen3.6-27b/nvfp4/q4k_vendor/quantize_impl.cuh:172: ERROR: CUDA kernel quantize_mmq_nvfp4_worker has no device code compatible with CUDA arch 900. ggml-cuda.cu was compiled for: 900
/workspace/atlas-rental/src/atlas/kernels/hopper/qwen3.6-27b/nvfp4/q4k_vendor/quantize_impl.cuh:172: ERROR: CUDA kernel quantize_mmq_nvfp4_worker has no device code compatible with CUDA arch 900. ggml-cuda.cu was compiled for: 900
/workspace/atlas-rental/src/atlas/kernels/hopper/qwen3.6-27b/nvfp4/q4k_vendor/quantize_impl.cuh:172: ERROR: CUDA kernel quantize_mmq_nvfp4_worker has no device code compatible with CUDA arch 900. ggml-cuda.cu was compiled for: 900
/workspace/atlas-rental/src/atlas/kernels/hopper/qwen3.6-27b/nvfp4/q4k_vendor/quantize_impl.cuh:172: ERROR: CUDA kernel quantize_mmq_nvfp4_worker has no device code compatible with CUDA arch 900. ggml-cuda.cu was compiled for: 900
/workspace/atlas-rental/src/atlas/kernels/hopper/qwen3.6-27b/nvfp4/q4k_vendor/quantize_impl.cuh:172: ERROR: CUDA kernel quantize_mmq_nvfp4_worker has no device code compatible with CUDA arch 900. ggml-cuda.cu was compiled for: 900
/workspace/atlas-rental/src/atlas/kernels/hopper/qwen3.6-27b/nvfp4/q4k_vendor/quantize_impl.cuh:172: ERROR: CUDA kernel quantize_mmq_nvfp4_worker has no device code compatible with CUDA arch 900. ggml-cuda.cu was compiled for: 900
/workspace/atlas-rental/src/atlas/kernels/hopper/qwen3.6-27b/nvfp4/q4k_vendor/quantize_impl.cuh:172: ERROR: CUDA kernel quantize_mmq_nvfp4_worker has no device code compatible with CUDA arch 900. ggml-cuda.cu was compiled for: 900
/workspace/atlas-rental/src/atlas/kernels/hopper/qwen3.6-27b/nvfp4/q4k_vendor/quantize_impl.cuh:172: ERROR: CUDA kernel quantize_mmq_nvfp4_worker has no device code compatible with CUDA arch 900. ggml-cuda.cu was compiled for: 900
/workspace/atlas-rental/src/atlas/kernels/hopper/qwen3.6-27b/nvfp4/q4k_vendor/quantize_impl.cuh:172: ERROR: CUDA kernel quantize_mmq_nvfp4_worker has no device code compatible with CUDA arch 900. ggml-cuda.cu was compiled for: 900
/workspace/atlas-rental/src/atlas/kernels/hopper/qwen3.6-27b/nvfp4/q4k_vendor/quantize_impl.cuh:172: ERROR: CUDA kernel quantize_mmq_nvfp4_worker has no device code compatible with CUDA arch 900. ggml-cuda.cu was compiled for: 900
/workspace/atlas-rental/src/atlas/kernels/hopper/qwen3.6-27b/nvfp4/q4k_vendor/quantize_impl.cuh:172: ERROR: CUDA kernel quantize_mmq_nvfp4_worker has no device code compatible with CUDA arch 900. ggml-cuda.cu was compiled for: 900
/workspace/atlas-rental/src/atlas/kernels/hopper/qwen3.6-27b/nvfp4/q4k_vendor/quantize_impl.cuh:172: ERROR: CUDA kernel quantize_mmq_nvfp4_worker has no device code compatible with CUDA arch 900. ggml-cuda.cu was compiled for: 900
/workspace/atlas-rental/src/atlas/kernels/hopper/qwen3.6-27b/nvfp4/q4k_vendor/quantize_impl.cuh:172: ERROR: CUDA kernel quantize_mmq_nvfp4_worker has no device code compatible with CUDA arch 900. ggml-cuda.cu was compiled for: 900
/workspace/atlas-rental/src/atlas/kernels/hopper/qwen3.6-27b/nvfp4/q4k_vendor/quantize_impl.cuh:172: ERROR: CUDA kernel quantize_mmq_nvfp4_worker has no device code compatible with CUDA arch 900. ggml-cuda.cu was compiled for: 900
/workspace/atlas-rental/src/atlas/kernels/hopper/qwen3.6-27b/nvfp4/q4k_vendor/quantize_impl.cuh:172: ERROR: CUDA kernel quantize_mmq_nvfp4_worker has no device code compatible with CUDA arch 900. ggml-cuda.cu was compiled for: 900
/workspace/atlas-rental/src/atlas/kernels/hopper/qwen3.6-27b/nvfp4/q4k_vendor/quantize_impl.cuh:172: ERROR: CUDA kernel quantize_mmq_nvfp4_worker has no device code compatible with CUDA arch 900. ggml-cuda.cu was compiled for: 900
/workspace/atlas-rental/src/atlas/kernels/hopper/qwen3.6-27b/nvfp4/q4k_vendor/quantize_impl.cuh:172: ERROR: CUDA kernel quantize_mmq_nvfp4_worker has no device code compatible with CUDA arch 900. ggml-cuda.cu was compiled for: 900
/workspace/atlas-rental/src/atlas/kernels/hopper/qwen3.6-27b/nvfp4/q4k_vendor/quantize_impl.cuh:172: ERROR: CUDA kernel quantize_mmq_nvfp4_worker has no device code compatible with CUDA arch 900. ggml-cuda.cu was compiled for: 900
/workspace/atlas-rental/src/atlas/kernels/hopper/qwen3.6-27b/nvfp4/q4k_vendor/quantize_impl.cuh:172: ERROR: CUDA kernel quantize_mmq_nvfp4_worker has no device code compatible with CUDA arch 900. ggml-cuda.cu was compiled for: 900
/workspace/atlas-rental/src/atlas/kernels/hopper/qwen3.6-27b/nvfp4/q4k_vendor/quantize_impl.cuh:172: ERROR: CUDA kernel quantize_mmq_nvfp4_worker has no device code compatible with CUDA arch 900. ggml-cuda.cu was compiled for: 900
/workspace/atlas-rental/src/atlas/kernels/hopper/qwen3.6-27b/nvfp4/q4k_vendor/quantize_impl.cuh:172: ERROR: CUDA kernel quantize_mmq_nvfp4_worker has no device code compatible with CUDA arch 900. ggml-cuda.cu was compiled for: 900
/workspace/atlas-rental/src/atlas/kernels/hopper/qwen3.6-27b/nvfp4/q4k_vendor/quantize_impl.cuh:172: ERROR: CUDA kernel quantize_mmq_nvfp4_worker has no device code compatible with CUDA arch 900. ggml-cuda.cu was compiled for: 900
/workspace/atlas-rental/src/atlas/kernels/hopper/qwen3.6-27b/nvfp4/q4k_vendor/quantize_impl.cuh:172: ERROR: CUDA kernel quantize_mmq_nvfp4_worker has no device code compatible with CUDA arch 900. ggml-cuda.cu was compiled for: 900
/workspace/atlas-rental/src/atlas/kernels/hopper/qwen3.6-27b/nvfp4/q4k_vendor/quantize_impl.cuh:172: ERROR: CUDA kernel quantize_mmq_nvfp4_worker has no device code compatible with CUDA arch 900. ggml-cuda.cu was compiled for: 900
/workspace/atlas-rental/src/atlas/kernels/hopper/qwen3.6-27b/nvfp4/q4k_vendor/quantize_impl.cuh:172: ERROR: CUDA kernel quantize_mmq_nvfp4_worker has no device code compatible with CUDA arch 900. ggml-cuda.cu was compiled for: 900
/workspace/atlas-rental/src/atlas/kernels/hopper/qwen3.6-27b/nvfp4/q4k_vendor/quantize_impl.cuh:172: ERROR: CUDA kernel quantize_mmq_nvfp4_worker has no device code compatible with CUDA arch 900. ggml-cuda.cu was compiled for: 900
/workspace/atlas-rental/src/atlas/kernels/hopper/qwen3.6-27b/nvfp4/q4k_vendor/quantize_impl.cuh:172: ERROR: CUDA kernel quantize_mmq_nvfp4_worker has no device code compatible with CUDA arch 900. ggml-cuda.cu was compiled for: 900
/workspace/atlas-rental/src/atlas/kernels/hopper/qwen3.6-27b/nvfp4/q4k_vendor/quantize_impl.cuh:172: ERROR: CUDA kernel quantize_mmq_nvfp4_worker has no device code compatible with CUDA arch 900. ggml-cuda.cu was compiled for: 900
/workspace/atlas-rental/src/atlas/kernels/hopper/qwen3.6-27b/nvfp4/q4k_vendor/quantize_impl.cuh:172: ERROR: CUDA kernel quantize_mmq_nvfp4_worker has no device code compatible with CUDA arch 900. ggml-cuda.cu was compiled for: 900
/workspace/atlas-rental/src/atlas/kernels/hopper/qwen3.6-27b/nvfp4/q4k_vendor/quantize_impl.cuh:172: ERROR: CUDA kernel quantize_mmq_nvfp4_worker has no device code compatible with CUDA arch 900. ggml-cuda.cu was compiled for: 900
/workspace/atlas-rental/src/atlas/kernels/hopper/qwen3.6-27b/nvfp4/q4k_vendor/quantize_impl.cuh:172: ERROR: CUDA kernel quantize_mmq_nvfp4_worker has no device code compatible with CUDA arch 900. ggml-cuda.cu was compiled for: 900
/workspace/atlas-rental/src/atlas/kernels/hopper/qwen3.6-27b/nvfp4/q4k_vendor/quantize_impl.cuh:172: ERROR: CUDA kernel quantize_mmq_nvfp4_worker has no device code compatible with CUDA arch 900. ggml-cuda.cu was compiled for: 900
/workspace/atlas-rental/src/atlas/kernels/hopper/qwen3.6-27b/nvfp4/q4k_vendor/quantize_impl.cuh:172: ERROR: CUDA kernel quantize_mmq_nvfp4_worker has no device code compatible with CUDA arch 900. ggml-cuda.cu was compiled for: 900
/workspace/atlas-rental/src/atlas/kernels/hopper/qwen3.6-27b/nvfp4/q4k_vendor/quantize_impl.cuh:172: ERROR: CUDA kernel quantize_mmq_nvfp4_worker has no device code compatible with CUDA arch 900. ggml-cuda.cu was compiled for: 900
/workspace/atlas-rental/src/atlas/kernels/hopper/qwen3.6-27b/nvfp4/q4k_vendor/quantize_impl.cuh:172: ERROR: CUDA kernel quantize_mmq_nvfp4_worker has no device code compatible with CUDA arch 900. ggml-cuda.cu was compiled for: 900
/workspace/atlas-rental/src/atlas/kernels/hopper/qwen3.6-27b/nvfp4/q4k_vendor/quantize_impl.cuh:172: ERROR: CUDA kernel quantize_mmq_nvfp4_worker has no device code compatible with CUDA arch 900. ggml-cuda.cu was compiled for: 900
/workspace/atlas-rental/src/atlas/kernels/hopper/qwen3.6-27b/nvfp4/q4k_vendor/quantize_impl.cuh:172: ERROR: CUDA kernel quantize_mmq_nvfp4_worker has no device code compatible with CUDA arch 900. ggml-cuda.cu was compiled for: 900
/workspace/atlas-rental/src/atlas/kernels/hopper/qwen3.6-27b/nvfp4/q4k_vendor/quantize_impl.cuh:172: ERROR: CUDA kernel quantize_mmq_nvfp4_worker has no device code compatible with CUDA arch 900. ggml-cuda.cu was compiled for: 900
/workspace/atlas-rental/src/atlas/kernels/hopper/qwen3.6-27b/nvfp4/q4k_vendor/quantize_impl.cuh:172: ERROR: CUDA kernel quantize_mmq_nvfp4_worker has no device code compatible with CUDA arch 900. ggml-cuda.cu was compiled for: 900
/workspace/atlas-rental/src/atlas/kernels/hopper/qwen3.6-27b/nvfp4/q4k_vendor/quantize_impl.cuh:172: ERROR: CUDA kernel quantize_mmq_nvfp4_worker has no device code compatible with CUDA arch 900. ggml-cuda.cu was compiled for: 900
/workspace/atlas-rental/src/atlas/kernels/hopper/qwen3.6-27b/nvfp4/q4k_vendor/quantize_impl.cuh:172: ERROR: CUDA kernel quantize_mmq_nvfp4_worker has no device code compatible with CUDA arch 900. ggml-cuda.cu was compiled for: 900
/workspace/atlas-rental/src/atlas/kernels/hopper/qwen3.6-27b/nvfp4/q4k_vendor/quantize_impl.cuh:172: ERROR: CUDA kernel quantize_mmq_nvfp4_worker has no device code compatible with CUDA arch 900. ggml-cuda.cu was compiled for: 900
/workspace/atlas-rental/src/atlas/kernels/hopper/qwen3.6-27b/nvfp4/q4k_vendor/quantize_impl.cuh:172: ERROR: CUDA kernel quantize_mmq_nvfp4_worker has no device code compatible with CUDA arch 900. ggml-cuda.cu was compiled for: 900
/workspace/atlas-rental/src/atlas/kernels/hopper/qwen3.6-27b/nvfp4/q4k_vendor/quantize_impl.cuh:172: ERROR: CUDA kernel quantize_mmq_nvfp4_worker has no device code compatible with CUDA arch 900. ggml-cuda.cu was compiled for: 900
/workspace/atlas-rental/src/atlas/kernels/hopper/qwen3.6-27b/nvfp4/q4k_vendor/quantize_impl.cuh:172: ERROR: CUDA kernel quantize_mmq_nvfp4_worker has no device code compatible with CUDA arch 900. ggml-cuda.cu was compiled for: 900
/workspace/atlas-rental/src/atlas/kernels/hopper/qwen3.6-27b/nvfp4/q4k_vendor/quantize_impl.cuh:172: ERROR: CUDA kernel quantize_mmq_nvfp4_worker has no device code compatible with CUDA arch 900. ggml-cuda.cu was compiled for: 900
/workspace/atlas-rental/src/atlas/kernels/hopper/qwen3.6-27b/nvfp4/q4k_vendor/quantize_impl.cuh:172: ERROR: CUDA kernel quantize_mmq_nvfp4_worker has no device code compatible with CUDA arch 900. ggml-cuda.cu was compiled for: 900
/workspace/atlas-rental/src/atlas/kernels/hopper/qwen3.6-27b/nvfp4/q4k_vendor/quantize_impl.cuh:172: ERROR: CUDA kernel quantize_mmq_nvfp4_worker has no device code compatible with CUDA arch 900. ggml-cuda.cu was compiled for: 900
/workspace/atlas-rental/src/atlas/kernels/hopper/qwen3.6-27b/nvfp4/q4k_vendor/quantize_impl.cuh:172: ERROR: CUDA kernel quantize_mmq_nvfp4_worker has no device code compatible with CUDA arch 900. ggml-cuda.cu was compiled for: 900
/workspace/atlas-rental/src/atlas/kernels/hopper/qwen3.6-27b/nvfp4/q4k_vendor/quantize_impl.cuh:172: ERROR: CUDA kernel quantize_mmq_nvfp4_worker has no device code compatible with CUDA arch 900. ggml-cuda.cu was compiled for: 900
/workspace/atlas-rental/src/atlas/kernels/hopper/qwen3.6-27b/nvfp4/q4k_vendor/quantize_impl.cuh:172: ERROR: CUDA kernel quantize_mmq_nvfp4_worker has no device code compatible with CUDA arch 900. ggml-cuda.cu was compiled for: 900
/workspace/atlas-rental/src/atlas/kernels/hopper/qwen3.6-27b/nvfp4/q4k_vendor/quantize_impl.cuh:172: ERROR: CUDA kernel quantize_mmq_nvfp4_worker has no device code compatible with CUDA arch 900. ggml-cuda.cu was compiled for: 900
/workspace/atlas-rental/src/atlas/kernels/hopper/qwen3.6-27b/nvfp4/q4k_vendor/quantize_impl.cuh:172: ERROR: CUDA kernel quantize_mmq_nvfp4_worker has no device code compatible with CUDA arch 900. ggml-cuda.cu was compiled for: 900
/workspace/atlas-rental/src/atlas/kernels/hopper/qwen3.6-27b/nvfp4/q4k_vendor/quantize_impl.cuh:172: ERROR: CUDA kernel quantize_mmq_nvfp4_worker has no device code compatible with CUDA arch 900. ggml-cuda.cu was compiled for: 900
/workspace/atlas-rental/src/atlas/kernels/hopper/qwen3.6-27b/nvfp4/q4k_vendor/quantize_impl.cuh:172: ERROR: CUDA kernel quantize_mmq_nvfp4_worker has no device code compatible with CUDA arch 900. ggml-cuda.cu was compiled for: 900
/workspace/atlas-rental/src/atlas/kernels/hopper/qwen3.6-27b/nvfp4/q4k_vendor/quantize_impl.cuh:172: ERROR: CUDA kernel quantize_mmq_nvfp4_worker has no device code compatible with CUDA arch 900. ggml-cuda.cu was compiled for: 900
/workspace/atlas-rental/src/atlas/kernels/hopper/qwen3.6-27b/nvfp4/q4k_vendor/quantize_impl.cuh:172: ERROR: CUDA kernel quantize_mmq_nvfp4_worker has no device code compatible with CUDA arch 900. ggml-cuda.cu was compiled for: 900
/workspace/atlas-rental/src/atlas/kernels/hopper/qwen3.6-27b/nvfp4/q4k_vendor/quantize_impl.cuh:172: ERROR: CUDA kernel quantize_mmq_nvfp4_worker has no device code compatible with CUDA arch 900. ggml-cuda.cu was compiled for: 900
/workspace/atlas-rental/src/atlas/kernels/hopper/qwen3.6-27b/nvfp4/q4k_vendor/quantize_impl.cuh:172: ERROR: CUDA kernel quantize_mmq_nvfp4_worker has no device code compatible with CUDA arch 900. ggml-cuda.cu was compiled for: 900
/workspace/atlas-rental/src/atlas/kernels/hopper/qwen3.6-27b/nvfp4/q4k_vendor/quantize_impl.cuh:172: ERROR: CUDA kernel quantize_mmq_nvfp4_worker has no device code compatible with CUDA arch 900. ggml-cuda.cu was compiled for: 900
/workspace/atlas-rental/src/atlas/kernels/hopper/qwen3.6-27b/nvfp4/q4k_vendor/quantize_impl.cuh:172: ERROR: CUDA kernel quantize_mmq_nvfp4_worker has no device code compatible with CUDA arch 900. ggml-cuda.cu was compiled for: 900
/workspace/atlas-rental/src/atlas/kernels/hopper/qwen3.6-27b/nvfp4/q4k_vendor/quantize_impl.cuh:172: ERROR: CUDA kernel quantize_mmq_nvfp4_worker has no device code compatible with CUDA arch 900. ggml-cuda.cu was compiled for: 900
/workspace/atlas-rental/src/atlas/kernels/hopper/qwen3.6-27b/nvfp4/q4k_vendor/quantize_impl.cuh:172: ERROR: CUDA kernel quantize_mmq_nvfp4_worker has no device code compatible with CUDA arch 900. ggml-cuda.cu was compiled for: 900
/workspace/atlas-rental/src/atlas/kernels/hopper/qwen3.6-27b/nvfp4/q4k_vendor/quantize_impl.cuh:172: ERROR: CUDA kernel quantize_mmq_nvfp4_worker has no device code compatible with CUDA arch 900. ggml-cuda.cu was compiled for: 900
/workspace/atlas-rental/src/atlas/kernels/hopper/qwen3.6-27b/nvfp4/q4k_vendor/quantize_impl.cuh:172: ERROR: CUDA kernel quantize_mmq_nvfp4_worker has no device code compatible with CUDA arch 900. ggml-cuda.cu was compiled for: 900
/workspace/atlas-rental/src/atlas/kernels/hopper/qwen3.6-27b/nvfp4/q4k_vendor/quantize_impl.cuh:172: ERROR: CUDA kernel quantize_mmq_nvfp4_worker has no device code compatible with CUDA arch 900. ggml-cuda.cu was compiled for: 900
/workspace/atlas-rental/src/atlas/kernels/hopper/qwen3.6-27b/nvfp4/q4k_vendor/quantize_impl.cuh:172: ERROR: CUDA kernel quantize_mmq_nvfp4_worker has no device code compatible with CUDA arch 900. ggml-cuda.cu was compiled for: 900
/workspace/atlas-rental/src/atlas/kernels/hopper/qwen3.6-27b/nvfp4/q4k_vendor/quantize_impl.cuh:172: ERROR: CUDA kernel quantize_mmq_nvfp4_worker has no device code compatible with CUDA arch 900. ggml-cuda.cu was compiled for: 900
/workspace/atlas-rental/src/atlas/kernels/hopper/qwen3.6-27b/nvfp4/q4k_vendor/quantize_impl.cuh:172: ERROR: CUDA kernel quantize_mmq_nvfp4_worker has no device code compatible with CUDA arch 900. ggml-cuda.cu was compiled for: 900
/workspace/atlas-rental/src/atlas/kernels/hopper/qwen3.6-27b/nvfp4/q4k_vendor/quantize_impl.cuh:172: ERROR: CUDA kernel quantize_mmq_nvfp4_worker has no device code compatible with CUDA arch 900. ggml-cuda.cu was compiled for: 900
/workspace/atlas-rental/src/atlas/kernels/hopper/qwen3.6-27b/nvfp4/q4k_vendor/quantize_impl.cuh:172: ERROR: CUDA kernel quantize_mmq_nvfp4_worker has no device code compatible with CUDA arch 900. ggml-cuda.cu was compiled for: 900
/workspace/atlas-rental/src/atlas/kernels/hopper/qwen3.6-27b/nvfp4/q4k_vendor/quantize_impl.cuh:172: ERROR: CUDA kernel quantize_mmq_nvfp4_worker has no device code compatible with CUDA arch 900. ggml-cuda.cu was compiled for: 900
/workspace/atlas-rental/src/atlas/kernels/hopper/qwen3.6-27b/nvfp4/q4k_vendor/quantize_impl.cuh:172: ERROR: CUDA kernel quantize_mmq_nvfp4_worker has no device code compatible with CUDA arch 900. ggml-cuda.cu was compiled for: 900
/workspace/atlas-rental/src/atlas/kernels/hopper/qwen3.6-27b/nvfp4/q4k_vendor/quantize_impl.cuh:172: ERROR: CUDA kernel quantize_mmq_nvfp4_worker has no device code compatible with CUDA arch 900. ggml-cuda.cu was compiled for: 900
/workspace/atlas-rental/src/atlas/kernels/hopper/qwen3.6-27b/nvfp4/q4k_vendor/quantize_impl.cuh:172: ERROR: CUDA kernel quantize_mmq_nvfp4_worker has no device code compatible with CUDA arch 900. ggml-cuda.cu was compiled for: 900
/workspace/atlas-rental/src/atlas/kernels/hopper/qwen3.6-27b/nvfp4/q4k_vendor/quantize_impl.cuh:172: ERROR: CUDA kernel quantize_mmq_nvfp4_worker has no device code compatible with CUDA arch 900. ggml-cuda.cu was compiled for: 900
/workspace/atlas-rental/src/atlas/kernels/hopper/qwen3.6-27b/nvfp4/q4k_vendor/quantize_impl.cuh:172: ERROR: CUDA kernel quantize_mmq_nvfp4_worker has no device code compatible with CUDA arch 900. ggml-cuda.cu was compiled for: 900
/workspace/atlas-rental/src/atlas/kernels/hopper/qwen3.6-27b/nvfp4/q4k_vendor/quantize_impl.cuh:172: ERROR: CUDA kernel quantize_mmq_nvfp4_worker has no device code compatible with CUDA arch 900. ggml-cuda.cu was compiled for: 900
/workspace/atlas-rental/src/atlas/kernels/hopper/qwen3.6-27b/nvfp4/q4k_vendor/quantize_impl.cuh:172: ERROR: CUDA kernel quantize_mmq_nvfp4_worker has no device code compatible with CUDA arch 900. ggml-cuda.cu was compiled for: 900
/workspace/atlas-rental/src/atlas/kernels/hopper/qwen3.6-27b/nvfp4/q4k_vendor/quantize_impl.cuh:172: ERROR: CUDA kernel quantize_mmq_nvfp4_worker has no device code compatible with CUDA arch 900. ggml-cuda.cu was compiled for: 900
/workspace/atlas-rental/src/atlas/kernels/hopper/qwen3.6-27b/nvfp4/q4k_vendor/quantize_impl.cuh:172: ERROR: CUDA kernel quantize_mmq_nvfp4_worker has no device code compatible with CUDA arch 900. ggml-cuda.cu was compiled for: 900
/workspace/atlas-rental/src/atlas/kernels/hopper/qwen3.6-27b/nvfp4/q4k_vendor/quantize_impl.cuh:172: ERROR: CUDA kernel quantize_mmq_nvfp4_worker has no device code compatible with CUDA arch 900. ggml-cuda.cu was compiled for: 900
/workspace/atlas-rental/src/atlas/kernels/hopper/qwen3.6-27b/nvfp4/q4k_vendor/quantize_impl.cuh:172: ERROR: CUDA kernel quantize_mmq_nvfp4_worker has no device code compatible with CUDA arch 900. ggml-cuda.cu was compiled for: 900
/workspace/atlas-rental/src/atlas/kernels/hopper/qwen3.6-27b/nvfp4/q4k_vendor/quantize_impl.cuh:172: ERROR: CUDA kernel quantize_mmq_nvfp4_worker has no device code compatible with CUDA arch 900. ggml-cuda.cu was compiled for: 900
/workspace/atlas-rental/src/atlas/kernels/hopper/qwen3.6-27b/nvfp4/q4k_vendor/quantize_impl.cuh:172: ERROR: CUDA kernel quantize_mmq_nvfp4_worker has no device code compatible with CUDA arch 900. ggml-cuda.cu was compiled for: 900
/workspace/atlas-rental/src/atlas/kernels/hopper/qwen3.6-27b/nvfp4/q4k_vendor/quantize_impl.cuh:172: ERROR: CUDA kernel quantize_mmq_nvfp4_worker has no device code compatible with CUDA arch 900. ggml-cuda.cu was compiled for: 900
/workspace/atlas-rental/src/atlas/kernels/hopper/qwen3.6-27b/nvfp4/q4k_vendor/quantize_impl.cuh:172: ERROR: CUDA kernel quantize_mmq_nvfp4_worker has no device code compatible with CUDA arch 900. ggml-cuda.cu was compiled for: 900
/workspace/atlas-rental/src/atlas/kernels/hopper/qwen3.6-27b/nvfp4/q4k_vendor/quantize_impl.cuh:172: ERROR: CUDA kernel quantize_mmq_nvfp4_worker has no device code compatible with CUDA arch 900. ggml-cuda.cu was compiled for: 900
/workspace/atlas-rental/src/atlas/kernels/hopper/qwen3.6-27b/nvfp4/q4k_vendor/quantize_impl.cuh:172: ERROR: CUDA kernel quantize_mmq_nvfp4_worker has no device code compatible with CUDA arch 900. ggml-cuda.cu was compiled for: 900
/workspace/atlas-rental/src/atlas/kernels/hopper/qwen3.6-27b/nvfp4/q4k_vendor/quantize_impl.cuh:172: ERROR: CUDA kernel quantize_mmq_nvfp4_worker has no device code compatible with CUDA arch 900. ggml-cuda.cu was compiled for: 900
/workspace/atlas-rental/src/atlas/kernels/hopper/qwen3.6-27b/nvfp4/q4k_vendor/quantize_impl.cuh:172: ERROR: CUDA kernel quantize_mmq_nvfp4_worker has no device code compatible with CUDA arch 900. ggml-cuda.cu was compiled for: 900
/workspace/atlas-rental/src/atlas/kernels/hopper/qwen3.6-27b/nvfp4/q4k_vendor/quantize_impl.cuh:172: ERROR: CUDA kernel quantize_mmq_nvfp4_worker has no device code compatible with CUDA arch 900. ggml-cuda.cu was compiled for: 900
/workspace/atlas-rental/src/atlas/kernels/hopper/qwen3.6-27b/nvfp4/q4k_vendor/quantize_impl.cuh:172: ERROR: CUDA kernel quantize_mmq_nvfp4_worker has no device code compatible with CUDA arch 900. ggml-cuda.cu was compiled for: 900
/workspace/atlas-rental/src/atlas/kernels/hopper/qwen3.6-27b/nvfp4/q4k_vendor/quantize_impl.cuh:172: ERROR: CUDA kernel quantize_mmq_nvfp4_worker has no device code compatible with CUDA arch 900. ggml-cuda.cu was compiled for: 900
/workspace/atlas-rental/src/atlas/kernels/hopper/qwen3.6-27b/nvfp4/q4k_vendor/quantize_impl.cuh:172: ERROR: CUDA kernel quantize_mmq_nvfp4_worker has no device code compatible with CUDA arch 900. ggml-cuda.cu was compiled for: 900
/workspace/atlas-rental/src/atlas/kernels/hopper/qwen3.6-27b/nvfp4/q4k_vendor/quantize_impl.cuh:172: ERROR: CUDA kernel quantize_mmq_nvfp4_worker has no device code compatible with CUDA arch 900. ggml-cuda.cu was compiled for: 900
/workspace/atlas-rental/src/atlas/kernels/hopper/qwen3.6-27b/nvfp4/q4k_vendor/quantize_impl.cuh:172: ERROR: CUDA kernel quantize_mmq_nvfp4_worker has no device code compatible with CUDA arch 900. ggml-cuda.cu was compiled for: 900
/workspace/atlas-rental/src/atlas/kernels/hopper/qwen3.6-27b/nvfp4/q4k_vendor/quantize_impl.cuh:172: ERROR: CUDA kernel quantize_mmq_nvfp4_worker has no device code compatible with CUDA arch 900. ggml-cuda.cu was compiled for: 900
/workspace/atlas-rental/src/atlas/kernels/hopper/qwen3.6-27b/nvfp4/q4k_vendor/quantize_impl.cuh:172: ERROR: CUDA kernel quantize_mmq_nvfp4_worker has no device code compatible with CUDA arch 900. ggml-cuda.cu was compiled for: 900
/workspace/atlas-rental/src/atlas/kernels/hopper/qwen3.6-27b/nvfp4/q4k_vendor/quantize_impl.cuh:172: ERROR: CUDA kernel quantize_mmq_nvfp4_worker has no device code compatible with CUDA arch 900. ggml-cuda.cu was compiled for: 900
/workspace/atlas-rental/src/atlas/kernels/hopper/qwen3.6-27b/nvfp4/q4k_vendor/quantize_impl.cuh:172: ERROR: CUDA kernel quantize_mmq_nvfp4_worker has no device code compatible with CUDA arch 900. ggml-cuda.cu was compiled for: 900
/workspace/atlas-rental/src/atlas/kernels/hopper/qwen3.6-27b/nvfp4/q4k_vendor/quantize_impl.cuh:172: ERROR: CUDA kernel quantize_mmq_nvfp4_worker has no device code compatible with CUDA arch 900. ggml-cuda.cu was compiled for: 900
/workspace/atlas-rental/src/atlas/kernels/hopper/qwen3.6-27b/nvfp4/q4k_vendor/quantize_impl.cuh:172: ERROR: CUDA kernel quantize_mmq_nvfp4_worker has no device code compatible with CUDA arch 900. ggml-cuda.cu was compiled for: 900
/workspace/atlas-rental/src/atlas/kernels/hopper/qwen3.6-27b/nvfp4/q4k_vendor/quantize_impl.cuh:172: ERROR: CUDA kernel quantize_mmq_nvfp4_worker has no device code compatible with CUDA arch 900. ggml-cuda.cu was compiled for: 900
/workspace/atlas-rental/src/atlas/kernels/hopper/qwen3.6-27b/nvfp4/q4k_vendor/quantize_impl.cuh:172: ERROR: CUDA kernel quantize_mmq_nvfp4_worker has no device code compatible with CUDA arch 900. ggml-cuda.cu was compiled for: 900
/workspace/atlas-rental/src/atlas/kernels/hopper/qwen3.6-27b/nvfp4/q4k_vendor/quantize_impl.cuh:172: ERROR: CUDA kernel quantize_mmq_nvfp4_worker has no device code compatible with CUDA arch 900. ggml-cuda.cu was compiled for: 900
/workspace/atlas-rental/src/atlas/kernels/hopper/qwen3.6-27b/nvfp4/q4k_vendor/quantize_impl.cuh:172: ERROR: CUDA kernel quantize_mmq_nvfp4_worker has no device code compatible with CUDA arch 900. ggml-cuda.cu was compiled for: 900
/workspace/atlas-rental/src/atlas/kernels/hopper/qwen3.6-27b/nvfp4/q4k_vendor/quantize_impl.cuh:172: ERROR: CUDA kernel quantize_mmq_nvfp4_worker has no device code compatible with CUDA arch 900. ggml-cuda.cu was compiled for: 900
/workspace/atlas-rental/src/atlas/kernels/hopper/qwen3.6-27b/nvfp4/q4k_vendor/quantize_impl.cuh:172: ERROR: CUDA kernel quantize_mmq_nvfp4_worker has no device code compatible with CUDA arch 900. ggml-cuda.cu was compiled for: 900
/workspace/atlas-rental/src/atlas/kernels/hopper/qwen3.6-27b/nvfp4/q4k_vendor/quantize_impl.cuh:172: ERROR: CUDA kernel quantize_mmq_nvfp4_worker has no device code compatible with CUDA arch 900. ggml-cuda.cu was compiled for: 900
/workspace/atlas-rental/src/atlas/kernels/hopper/qwen3.6-27b/nvfp4/q4k_vendor/quantize_impl.cuh:172: ERROR: CUDA kernel quantize_mmq_nvfp4_worker has no device code compatible with CUDA arch 900. ggml-cuda.cu was compiled for: 900
/workspace/atlas-rental/src/atlas/kernels/hopper/qwen3.6-27b/nvfp4/q4k_vendor/quantize_impl.cuh:172: ERROR: CUDA kernel quantize_mmq_nvfp4_worker has no device code compatible with CUDA arch 900. ggml-cuda.cu was compiled for: 900
/workspace/atlas-rental/src/atlas/kernels/hopper/qwen3.6-27b/nvfp4/q4k_vendor/quantize_impl.cuh:172: ERROR: CUDA kernel quantize_mmq_nvfp4_worker has no device code compatible with CUDA arch 900. ggml-cuda.cu was compiled for: 900
/workspace/atlas-rental/src/atlas/kernels/hopper/qwen3.6-27b/nvfp4/q4k_vendor/quantize_impl.cuh:172: ERROR: CUDA kernel quantize_mmq_nvfp4_worker has no device code compatible with CUDA arch 900. ggml-cuda.cu was compiled for: 900
/workspace/atlas-rental/src/atlas/kernels/hopper/qwen3.6-27b/nvfp4/q4k_vendor/quantize_impl.cuh:172: ERROR: CUDA kernel quantize_mmq_nvfp4_worker has no device code compatible with CUDA arch 900. ggml-cuda.cu was compiled for: 900
/workspace/atlas-rental/src/atlas/kernels/hopper/qwen3.6-27b/nvfp4/q4k_vendor/quantize_impl.cuh:172: ERROR: CUDA kernel quantize_mmq_nvfp4_worker has no device code compatible with CUDA arch 900. ggml-cuda.cu was compiled for: 900
/workspace/atlas-rental/src/atlas/kernels/hopper/qwen3.6-27b/nvfp4/q4k_vendor/quantize_impl.cuh:172: ERROR: CUDA kernel quantize_mmq_nvfp4_worker has no device code compatible with CUDA arch 900. ggml-cuda.cu was compiled for: 900
/workspace/atlas-rental/src/atlas/kernels/hopper/qwen3.6-27b/nvfp4/q4k_vendor/quantize_impl.cuh:172: ERROR: CUDA kernel quantize_mmq_nvfp4_worker has no device code compatible with CUDA arch 900. ggml-cuda.cu was compiled for: 900
/workspace/atlas-rental/src/atlas/kernels/hopper/qwen3.6-27b/nvfp4/q4k_vendor/quantize_impl.cuh:172: ERROR: CUDA kernel quantize_mmq_nvfp4_worker has no device code compatible with CUDA arch 900. ggml-cuda.cu was compiled for: 900
/workspace/atlas-rental/src/atlas/kernels/hopper/qwen3.6-27b/nvfp4/q4k_vendor/quantize_impl.cuh:172: ERROR: CUDA kernel quantize_mmq_nvfp4_worker has no device code compatible with CUDA arch 900. ggml-cuda.cu was compiled for: 900
/workspace/atlas-rental/src/atlas/kernels/hopper/qwen3.6-27b/nvfp4/q4k_vendor/quantize_impl.cuh:172: ERROR: CUDA kernel quantize_mmq_nvfp4_worker has no device code compatible with CUDA arch 900. ggml-cuda.cu was compiled for: 900
/workspace/atlas-rental/src/atlas/kernels/hopper/qwen3.6-27b/nvfp4/q4k_vendor/quantize_impl.cuh:172: ERROR: CUDA kernel quantize_mmq_nvfp4_worker has no device code compatible with CUDA arch 900. ggml-cuda.cu was compiled for: 900
/workspace/atlas-rental/src/atlas/kernels/hopper/qwen3.6-27b/nvfp4/q4k_vendor/quantize_impl.cuh:172: ERROR: CUDA kernel quantize_mmq_nvfp4_worker has no device code compatible with CUDA arch 900. ggml-cuda.cu was compiled for: 900
/workspace/atlas-rental/src/atlas/kernels/hopper/qwen3.6-27b/nvfp4/q4k_vendor/quantize_impl.cuh:172: ERROR: CUDA kernel quantize_mmq_nvfp4_worker has no device code compatible with CUDA arch 900. ggml-cuda.cu was compiled for: 900
/workspace/atlas-rental/src/atlas/kernels/hopper/qwen3.6-27b/nvfp4/q4k_vendor/quantize_impl.cuh:172: ERROR: CUDA kernel quantize_mmq_nvfp4_worker has no device code compatible with CUDA arch 900. ggml-cuda.cu was compiled for: 900
/workspace/atlas-rental/src/atlas/kernels/hopper/qwen3.6-27b/nvfp4/q4k_vendor/quantize_impl.cuh:172: ERROR: CUDA kernel quantize_mmq_nvfp4_worker has no device code compatible with CUDA arch 900. ggml-cuda.cu was compiled for: 900
/workspace/atlas-rental/src/atlas/kernels/hopper/qwen3.6-27b/nvfp4/q4k_vendor/quantize_impl.cuh:172: ERROR: CUDA kernel quantize_mmq_nvfp4_worker has no device code compatible with CUDA arch 900. ggml-cuda.cu was compiled for: 900
/workspace/atlas-rental/src/atlas/kernels/hopper/qwen3.6-27b/nvfp4/q4k_vendor/quantize_impl.cuh:172: ERROR: CUDA kernel quantize_mmq_nvfp4_worker has no device code compatible with CUDA arch 900. ggml-cuda.cu was compiled for: 900
/workspace/atlas-rental/src/atlas/kernels/hopper/qwen3.6-27b/nvfp4/q4k_vendor/quantize_impl.cuh:172: ERROR: CUDA kernel quantize_mmq_nvfp4_worker has no device code compatible with CUDA arch 900. ggml-cuda.cu was compiled for: 900
/workspace/atlas-rental/src/atlas/kernels/hopper/qwen3.6-27b/nvfp4/q4k_vendor/quantize_impl.cuh:172: ERROR: CUDA kernel quantize_mmq_nvfp4_worker has no device code compatible with CUDA arch 900. ggml-cuda.cu was compiled for: 900
/workspace/atlas-rental/src/atlas/kernels/hopper/qwen3.6-27b/nvfp4/q4k_vendor/quantize_impl.cuh:172: ERROR: CUDA kernel quantize_mmq_nvfp4_worker has no device code compatible with CUDA arch 900. ggml-cuda.cu was compiled for: 900
/workspace/atlas-rental/src/atlas/kernels/hopper/qwen3.6-27b/nvfp4/q4k_vendor/quantize_impl.cuh:172: ERROR: CUDA kernel quantize_mmq_nvfp4_worker has no device code compatible with CUDA arch 900. ggml-cuda.cu was compiled for: 900
/workspace/atlas-rental/src/atlas/kernels/hopper/qwen3.6-27b/nvfp4/q4k_vendor/quantize_impl.cuh:172: ERROR: CUDA kernel quantize_mmq_nvfp4_worker has no device code compatible with CUDA arch 900. ggml-cuda.cu was compiled for: 900
/workspace/atlas-rental/src/atlas/kernels/hopper/qwen3.6-27b/nvfp4/q4k_vendor/quantize_impl.cuh:172: ERROR: CUDA kernel quantize_mmq_nvfp4_worker has no device code compatible with CUDA arch 900. ggml-cuda.cu was compiled for: 900
/workspace/atlas-rental/src/atlas/kernels/hopper/qwen3.6-27b/nvfp4/q4k_vendor/quantize_impl.cuh:172: ERROR: CUDA kernel quantize_mmq_nvfp4_worker has no device code compatible with CUDA arch 900. ggml-cuda.cu was compiled for: 900
/workspace/atlas-rental/src/atlas/kernels/hopper/qwen3.6-27b/nvfp4/q4k_vendor/quantize_impl.cuh:172: ERROR: CUDA kernel quantize_mmq_nvfp4_worker has no device code compatible with CUDA arch 900. ggml-cuda.cu was compiled for: 900
/workspace/atlas-rental/src/atlas/kernels/hopper/qwen3.6-27b/nvfp4/q4k_vendor/quantize_impl.cuh:172: ERROR: CUDA kernel quantize_mmq_nvfp4_worker has no device code compatible with CUDA arch 900. ggml-cuda.cu was compiled for: 900
/workspace/atlas-rental/src/atlas/kernels/hopper/qwen3.6-27b/nvfp4/q4k_vendor/quantize_impl.cuh:172: ERROR: CUDA kernel quantize_mmq_nvfp4_worker has no device code compatible with CUDA arch 900. ggml-cuda.cu was compiled for: 900
/workspace/atlas-rental/src/atlas/kernels/hopper/qwen3.6-27b/nvfp4/q4k_vendor/quantize_impl.cuh:172: ERROR: CUDA kernel quantize_mmq_nvfp4_worker has no device code compatible with CUDA arch 900. ggml-cuda.cu was compiled for: 900
/workspace/atlas-rental/src/atlas/kernels/hopper/qwen3.6-27b/nvfp4/q4k_vendor/quantize_impl.cuh:172: ERROR: CUDA kernel quantize_mmq_nvfp4_worker has no device code compatible with CUDA arch 900. ggml-cuda.cu was compiled for: 900
/workspace/atlas-rental/src/atlas/kernels/hopper/qwen3.6-27b/nvfp4/q4k_vendor/quantize_impl.cuh:172: ERROR: CUDA kernel quantize_mmq_nvfp4_worker has no device code compatible with CUDA arch 900. ggml-cuda.cu was compiled for: 900
/workspace/atlas-rental/src/atlas/kernels/hopper/qwen3.6-27b/nvfp4/q4k_vendor/quantize_impl.cuh:172: ERROR: CUDA kernel quantize_mmq_nvfp4_worker has no device code compatible with CUDA arch 900. ggml-cuda.cu was compiled for: 900
/workspace/atlas-rental/src/atlas/kernels/hopper/qwen3.6-27b/nvfp4/q4k_vendor/quantize_impl.cuh:172: ERROR: CUDA kernel quantize_mmq_nvfp4_worker has no device code compatible with CUDA arch 900. ggml-cuda.cu was compiled for: 900
/workspace/atlas-rental/src/atlas/kernels/hopper/qwen3.6-27b/nvfp4/q4k_vendor/quantize_impl.cuh:172: ERROR: CUDA kernel quantize_mmq_nvfp4_worker has no device code compatible with CUDA arch 900. ggml-cuda.cu was compiled for: 900
/workspace/atlas-rental/src/atlas/kernels/hopper/qwen3.6-27b/nvfp4/q4k_vendor/quantize_impl.cuh:172: ERROR: CUDA kernel quantize_mmq_nvfp4_worker has no device code compatible with CUDA arch 900. ggml-cuda.cu was compiled for: 900
/workspace/atlas-rental/src/atlas/kernels/hopper/qwen3.6-27b/nvfp4/q4k_vendor/quantize_impl.cuh:172: ERROR: CUDA kernel quantize_mmq_nvfp4_worker has no device code compatible with CUDA arch 900. ggml-cuda.cu was compiled for: 900
/workspace/atlas-rental/src/atlas/kernels/hopper/qwen3.6-27b/nvfp4/q4k_vendor/quantize_impl.cuh:172: ERROR: CUDA kernel quantize_mmq_nvfp4_worker has no device code compatible with CUDA arch 900. ggml-cuda.cu was compiled for: 900
/workspace/atlas-rental/src/atlas/kernels/hopper/qwen3.6-27b/nvfp4/q4k_vendor/quantize_impl.cuh:172: ERROR: CUDA kernel quantize_mmq_nvfp4_worker has no device code compatible with CUDA arch 900. ggml-cuda.cu was compiled for: 900
/workspace/atlas-rental/src/atlas/kernels/hopper/qwen3.6-27b/nvfp4/q4k_vendor/quantize_impl.cuh:172: ERROR: CUDA kernel quantize_mmq_nvfp4_worker has no device code compatible with CUDA arch 900. ggml-cuda.cu was compiled for: 900
/workspace/atlas-rental/src/atlas/kernels/hopper/qwen3.6-27b/nvfp4/q4k_vendor/quantize_impl.cuh:172: ERROR: CUDA kernel quantize_mmq_nvfp4_worker has no device code compatible with CUDA arch 900. ggml-cuda.cu was compiled for: 900
/workspace/atlas-rental/src/atlas/kernels/hopper/qwen3.6-27b/nvfp4/q4k_vendor/quantize_impl.cuh:172: ERROR: CUDA kernel quantize_mmq_nvfp4_worker has no device code compatible with CUDA arch 900. ggml-cuda.cu was compiled for: 900
/workspace/atlas-rental/src/atlas/kernels/hopper/qwen3.6-27b/nvfp4/q4k_vendor/quantize_impl.cuh:172: ERROR: CUDA kernel quantize_mmq_nvfp4_worker has no device code compatible with CUDA arch 900. ggml-cuda.cu was compiled for: 900
/workspace/atlas-rental/src/atlas/kernels/hopper/qwen3.6-27b/nvfp4/q4k_vendor/quantize_impl.cuh:172: ERROR: CUDA kernel quantize_mmq_nvfp4_worker has no device code compatible with CUDA arch 900. ggml-cuda.cu was compiled for: 900
/workspace/atlas-rental/src/atlas/kernels/hopper/qwen3.6-27b/nvfp4/q4k_vendor/quantize_impl.cuh:172: ERROR: CUDA kernel quantize_mmq_nvfp4_worker has no device code compatible with CUDA arch 900. ggml-cuda.cu was compiled for: 900
/workspace/atlas-rental/src/atlas/kernels/hopper/qwen3.6-27b/nvfp4/q4k_vendor/quantize_impl.cuh:172: ERROR: CUDA kernel quantize_mmq_nvfp4_worker has no device code compatible with CUDA arch 900. ggml-cuda.cu was compiled for: 900
/workspace/atlas-rental/src/atlas/kernels/hopper/qwen3.6-27b/nvfp4/q4k_vendor/quantize_impl.cuh:172: ERROR: CUDA kernel quantize_mmq_nvfp4_worker has no device code compatible with CUDA arch 900. ggml-cuda.cu was compiled for: 900
/workspace/atlas-rental/src/atlas/kernels/hopper/qwen3.6-27b/nvfp4/q4k_vendor/quantize_impl.cuh:172: ERROR: CUDA kernel quantize_mmq_nvfp4_worker has no device code compatible with CUDA arch 900. ggml-cuda.cu was compiled for: 900
/workspace/atlas-rental/src/atlas/kernels/hopper/qwen3.6-27b/nvfp4/q4k_vendor/quantize_impl.cuh:172: ERROR: CUDA kernel quantize_mmq_nvfp4_worker has no device code compatible with CUDA arch 900. ggml-cuda.cu was compiled for: 900
/workspace/atlas-rental/src/atlas/kernels/hopper/qwen3.6-27b/nvfp4/q4k_vendor/quantize_impl.cuh:172: ERROR: CUDA kernel quantize_mmq_nvfp4_worker has no device code compatible with CUDA arch 900. ggml-cuda.cu was compiled for: 900
/workspace/atlas-rental/src/atlas/kernels/hopper/qwen3.6-27b/nvfp4/q4k_vendor/quantize_impl.cuh:172: ERROR: CUDA kernel quantize_mmq_nvfp4_worker has no device code compatible with CUDA arch 900. ggml-cuda.cu was compiled for: 900
/workspace/atlas-rental/src/atlas/kernels/hopper/qwen3.6-27b/nvfp4/q4k_vendor/quantize_impl.cuh:172: ERROR: CUDA kernel quantize_mmq_nvfp4_worker has no device code compatible with CUDA arch 900. ggml-cuda.cu was compiled for: 900
/workspace/atlas-rental/src/atlas/kernels/hopper/qwen3.6-27b/nvfp4/q4k_vendor/quantize_impl.cuh:172: ERROR: CUDA kernel quantize_mmq_nvfp4_worker has no device code compatible with CUDA arch 900. ggml-cuda.cu was compiled for: 900
/workspace/atlas-rental/src/atlas/kernels/hopper/qwen3.6-27b/nvfp4/q4k_vendor/quantize_impl.cuh:172: ERROR: CUDA kernel quantize_mmq_nvfp4_worker has no device code compatible with CUDA arch 900. ggml-cuda.cu was compiled for: 900
/workspace/atlas-rental/src/atlas/kernels/hopper/qwen3.6-27b/nvfp4/q4k_vendor/quantize_impl.cuh:172: ERROR: CUDA kernel quantize_mmq_nvfp4_worker has no device code compatible with CUDA arch 900. ggml-cuda.cu was compiled for: 900
/workspace/atlas-rental/src/atlas/kernels/hopper/qwen3.6-27b/nvfp4/q4k_vendor/quantize_impl.cuh:172: ERROR: CUDA kernel quantize_mmq_nvfp4_worker has no device code compatible with CUDA arch 900. ggml-cuda.cu was compiled for: 900
/workspace/atlas-rental/src/atlas/kernels/hopper/qwen3.6-27b/nvfp4/q4k_vendor/quantize_impl.cuh:172: ERROR: CUDA kernel quantize_mmq_nvfp4_worker has no device code compatible with CUDA arch 900. ggml-cuda.cu was compiled for: 900
/workspace/atlas-rental/src/atlas/kernels/hopper/qwen3.6-27b/nvfp4/q4k_vendor/quantize_impl.cuh:172: ERROR: CUDA kernel quantize_mmq_nvfp4_worker has no device code compatible with CUDA arch 900. ggml-cuda.cu was compiled for: 900
/workspace/atlas-rental/src/atlas/kernels/hopper/qwen3.6-27b/nvfp4/q4k_vendor/quantize_impl.cuh:172: ERROR: CUDA kernel quantize_mmq_nvfp4_worker has no device code compatible with CUDA arch 900. ggml-cuda.cu was compiled for: 900
/workspace/atlas-rental/src/atlas/kernels/hopper/qwen3.6-27b/nvfp4/q4k_vendor/quantize_impl.cuh:172: ERROR: CUDA kernel quantize_mmq_nvfp4_worker has no device code compatible with CUDA arch 900. ggml-cuda.cu was compiled for: 900
/workspace/atlas-rental/src/atlas/kernels/hopper/qwen3.6-27b/nvfp4/q4k_vendor/quantize_impl.cuh:172: ERROR: CUDA kernel quantize_mmq_nvfp4_worker has no device code compatible with CUDA arch 900. ggml-cuda.cu was compiled for: 900
/workspace/atlas-rental/src/atlas/kernels/hopper/qwen3.6-27b/nvfp4/q4k_vendor/quantize_impl.cuh:172: ERROR: CUDA kernel quantize_mmq_nvfp4_worker has no device code compatible with CUDA arch 900. ggml-cuda.cu was compiled for: 900
/workspace/atlas-rental/src/atlas/kernels/hopper/qwen3.6-27b/nvfp4/q4k_vendor/quantize_impl.cuh:172: ERROR: CUDA kernel quantize_mmq_nvfp4_worker has no device code compatible with CUDA arch 900. ggml-cuda.cu was compiled for: 900
/workspace/atlas-rental/src/atlas/kernels/hopper/qwen3.6-27b/nvfp4/q4k_vendor/quantize_impl.cuh:172: ERROR: CUDA kernel quantize_mmq_nvfp4_worker has no device code compatible with CUDA arch 900. ggml-cuda.cu was compiled for: 900
/workspace/atlas-rental/src/atlas/kernels/hopper/qwen3.6-27b/nvfp4/q4k_vendor/quantize_impl.cuh:172: ERROR: CUDA kernel quantize_mmq_nvfp4_worker has no device code compatible with CUDA arch 900. ggml-cuda.cu was compiled for: 900
/workspace/atlas-rental/src/atlas/kernels/hopper/qwen3.6-27b/nvfp4/q4k_vendor/quantize_impl.cuh:172: ERROR: CUDA kernel quantize_mmq_nvfp4_worker has no device code compatible with CUDA arch 900. ggml-cuda.cu was compiled for: 900
/workspace/atlas-rental/src/atlas/kernels/hopper/qwen3.6-27b/nvfp4/q4k_vendor/quantize_impl.cuh:172: ERROR: CUDA kernel quantize_mmq_nvfp4_worker has no device code compatible with CUDA arch 900. ggml-cuda.cu was compiled for: 900
/workspace/atlas-rental/src/atlas/kernels/hopper/qwen3.6-27b/nvfp4/q4k_vendor/quantize_impl.cuh:172: ERROR: CUDA kernel quantize_mmq_nvfp4_worker has no device code compatible with CUDA arch 900. ggml-cuda.cu was compiled for: 900
/workspace/atlas-rental/src/atlas/kernels/hopper/qwen3.6-27b/nvfp4/q4k_vendor/quantize_impl.cuh:172: ERROR: CUDA kernel quantize_mmq_nvfp4_worker has no device code compatible with CUDA arch 900. ggml-cuda.cu was compiled for: 900
/workspace/atlas-rental/src/atlas/kernels/hopper/qwen3.6-27b/nvfp4/q4k_vendor/quantize_impl.cuh:172: ERROR: CUDA kernel quantize_mmq_nvfp4_worker has no device code compatible with CUDA arch 900. ggml-cuda.cu was compiled for: 900
/workspace/atlas-rental/src/atlas/kernels/hopper/qwen3.6-27b/nvfp4/q4k_vendor/quantize_impl.cuh:172: ERROR: CUDA kernel quantize_mmq_nvfp4_worker has no device code compatible with CUDA arch 900. ggml-cuda.cu was compiled for: 900
/workspace/atlas-rental/src/atlas/kernels/hopper/qwen3.6-27b/nvfp4/q4k_vendor/quantize_impl.cuh:172: ERROR: CUDA kernel quantize_mmq_nvfp4_worker has no device code compatible with CUDA arch 900. ggml-cuda.cu was compiled for: 900
/workspace/atlas-rental/src/atlas/kernels/hopper/qwen3.6-27b/nvfp4/q4k_vendor/quantize_impl.cuh:172: ERROR: CUDA kernel quantize_mmq_nvfp4_worker has no device code compatible with CUDA arch 900. ggml-cuda.cu was compiled for: 900
/workspace/atlas-rental/src/atlas/kernels/hopper/qwen3.6-27b/nvfp4/q4k_vendor/quantize_impl.cuh:172: ERROR: CUDA kernel quantize_mmq_nvfp4_worker has no device code compatible with CUDA arch 900. ggml-cuda.cu was compiled for: 900
/workspace/atlas-rental/src/atlas/kernels/hopper/qwen3.6-27b/nvfp4/q4k_vendor/quantize_impl.cuh:172: ERROR: CUDA kernel quantize_mmq_nvfp4_worker has no device code compatible with CUDA arch 900. ggml-cuda.cu was compiled for: 900
/workspace/atlas-rental/src/atlas/kernels/hopper/qwen3.6-27b/nvfp4/q4k_vendor/quantize_impl.cuh:172: ERROR: CUDA kernel quantize_mmq_nvfp4_worker has no device code compatible with CUDA arch 900. ggml-cuda.cu was compiled for: 900
/workspace/atlas-rental/src/atlas/kernels/hopper/qwen3.6-27b/nvfp4/q4k_vendor/quantize_impl.cuh:172: ERROR: CUDA kernel quantize_mmq_nvfp4_worker has no device code compatible with CUDA arch 900. ggml-cuda.cu was compiled for: 900
/workspace/atlas-rental/src/atlas/kernels/hopper/qwen3.6-27b/nvfp4/q4k_vendor/quantize_impl.cuh:172: ERROR: CUDA kernel quantize_mmq_nvfp4_worker has no device code compatible with CUDA arch 900. ggml-cuda.cu was compiled for: 900
/workspace/atlas-rental/src/atlas/kernels/hopper/qwen3.6-27b/nvfp4/q4k_vendor/quantize_impl.cuh:172: ERROR: CUDA kernel quantize_mmq_nvfp4_worker has no device code compatible with CUDA arch 900. ggml-cuda.cu was compiled for: 900
/workspace/atlas-rental/src/atlas/kernels/hopper/qwen3.6-27b/nvfp4/q4k_vendor/quantize_impl.cuh:172: ERROR: CUDA kernel quantize_mmq_nvfp4_worker has no device code compatible with CUDA arch 900. ggml-cuda.cu was compiled for: 900
/workspace/atlas-rental/src/atlas/kernels/hopper/qwen3.6-27b/nvfp4/q4k_vendor/quantize_impl.cuh:172: ERROR: CUDA kernel quantize_mmq_nvfp4_worker has no device code compatible with CUDA arch 900. ggml-cuda.cu was compiled for: 900
/workspace/atlas-rental/src/atlas/kernels/hopper/qwen3.6-27b/nvfp4/q4k_vendor/quantize_impl.cuh:172: ERROR: CUDA kernel quantize_mmq_nvfp4_worker has no device code compatible with CUDA arch 900. ggml-cuda.cu was compiled for: 900
/workspace/atlas-rental/src/atlas/kernels/hopper/qwen3.6-27b/nvfp4/q4k_vendor/quantize_impl.cuh:172: ERROR: CUDA kernel quantize_mmq_nvfp4_worker has no device code compatible with CUDA arch 900. ggml-cuda.cu was compiled for: 900
/workspace/atlas-rental/src/atlas/kernels/hopper/qwen3.6-27b/nvfp4/q4k_vendor/quantize_impl.cuh:172: ERROR: CUDA kernel quantize_mmq_nvfp4_worker has no device code compatible with CUDA arch 900. ggml-cuda.cu was compiled for: 900
/workspace/atlas-rental/src/atlas/kernels/hopper/qwen3.6-27b/nvfp4/q4k_vendor/quantize_impl.cuh:172: ERROR: CUDA kernel quantize_mmq_nvfp4_worker has no device code compatible with CUDA arch 900. ggml-cuda.cu was compiled for: 900
/workspace/atlas-rental/src/atlas/kernels/hopper/qwen3.6-27b/nvfp4/q4k_vendor/quantize_impl.cuh:172: ERROR: CUDA kernel quantize_mmq_nvfp4_worker has no device code compatible with CUDA arch 900. ggml-cuda.cu was compiled for: 900
/workspace/atlas-rental/src/atlas/kernels/hopper/qwen3.6-27b/nvfp4/q4k_vendor/quantize_impl.cuh:172: ERROR: CUDA kernel quantize_mmq_nvfp4_worker has no device code compatible with CUDA arch 900. ggml-cuda.cu was compiled for: 900
/workspace/atlas-rental/src/atlas/kernels/hopper/qwen3.6-27b/nvfp4/q4k_vendor/quantize_impl.cuh:172: ERROR: CUDA kernel quantize_mmq_nvfp4_worker has no device code compatible with CUDA arch 900. ggml-cuda.cu was compiled for: 900
/workspace/atlas-rental/src/atlas/kernels/hopper/qwen3.6-27b/nvfp4/q4k_vendor/quantize_impl.cuh:172: ERROR: CUDA kernel quantize_mmq_nvfp4_worker has no device code compatible with CUDA arch 900. ggml-cuda.cu was compiled for: 900
/workspace/atlas-rental/src/atlas/kernels/hopper/qwen3.6-27b/nvfp4/q4k_vendor/quantize_impl.cuh:172: ERROR: CUDA kernel quantize_mmq_nvfp4_worker has no device code compatible with CUDA arch 900. ggml-cuda.cu was compiled for: 900
/workspace/atlas-rental/src/atlas/kernels/hopper/qwen3.6-27b/nvfp4/q4k_vendor/quantize_impl.cuh:172: ERROR: CUDA kernel quantize_mmq_nvfp4_worker has no device code compatible with CUDA arch 900. ggml-cuda.cu was compiled for: 900
/workspace/atlas-rental/src/atlas/kernels/hopper/qwen3.6-27b/nvfp4/q4k_vendor/quantize_impl.cuh:172: ERROR: CUDA kernel quantize_mmq_nvfp4_worker has no device code compatible with CUDA arch 900. ggml-cuda.cu was compiled for: 900
/workspace/atlas-rental/src/atlas/kernels/hopper/qwen3.6-27b/nvfp4/q4k_vendor/quantize_impl.cuh:172: ERROR: CUDA kernel quantize_mmq_nvfp4_worker has no device code compatible with CUDA arch 900. ggml-cuda.cu was compiled for: 900
/workspace/atlas-rental/src/atlas/kernels/hopper/qwen3.6-27b/nvfp4/q4k_vendor/quantize_impl.cuh:172: ERROR: CUDA kernel quantize_mmq_nvfp4_worker has no device code compatible with CUDA arch 900. ggml-cuda.cu was compiled for: 900
/workspace/atlas-rental/src/atlas/kernels/hopper/qwen3.6-27b/nvfp4/q4k_vendor/quantize_impl.cuh:172: ERROR: CUDA kernel quantize_mmq_nvfp4_worker has no device code compatible with CUDA arch 900. ggml-cuda.cu was compiled for: 900
/workspace/atlas-rental/src/atlas/kernels/hopper/qwen3.6-27b/nvfp4/q4k_vendor/quantize_impl.cuh:172: ERROR: CUDA kernel quantize_mmq_nvfp4_worker has no device code compatible with CUDA arch 900. ggml-cuda.cu was compiled for: 900
/workspace/atlas-rental/src/atlas/kernels/hopper/qwen3.6-27b/nvfp4/q4k_vendor/quantize_impl.cuh:172: ERROR: CUDA kernel quantize_mmq_nvfp4_worker has no device code compatible with CUDA arch 900. ggml-cuda.cu was compiled for: 900
/workspace/atlas-rental/src/atlas/kernels/hopper/qwen3.6-27b/nvfp4/q4k_vendor/quantize_impl.cuh:172: ERROR: CUDA kernel quantize_mmq_nvfp4_worker has no device code compatible with CUDA arch 900. ggml-cuda.cu was compiled for: 900
/workspace/atlas-rental/src/atlas/kernels/hopper/qwen3.6-27b/nvfp4/q4k_vendor/quantize_impl.cuh:172: ERROR: CUDA kernel quantize_mmq_nvfp4_worker has no device code compatible with CUDA arch 900. ggml-cuda.cu was compiled for: 900
/workspace/atlas-rental/src/atlas/kernels/hopper/qwen3.6-27b/nvfp4/q4k_vendor/quantize_impl.cuh:172: ERROR: CUDA kernel quantize_mmq_nvfp4_worker has no device code compatible with CUDA arch 900. ggml-cuda.cu was compiled for: 900
/workspace/atlas-rental/src/atlas/kernels/hopper/qwen3.6-27b/nvfp4/q4k_vendor/quantize_impl.cuh:172: ERROR: CUDA kernel quantize_mmq_nvfp4_worker has no device code compatible with CUDA arch 900. ggml-cuda.cu was compiled for: 900
/workspace/atlas-rental/src/atlas/kernels/hopper/qwen3.6-27b/nvfp4/q4k_vendor/quantize_impl.cuh:172: ERROR: CUDA kernel quantize_mmq_nvfp4_worker has no device code compatible with CUDA arch 900. ggml-cuda.cu was compiled for: 900
/workspace/atlas-rental/src/atlas/kernels/hopper/qwen3.6-27b/nvfp4/q4k_vendor/quantize_impl.cuh:172: ERROR: CUDA kernel quantize_mmq_nvfp4_worker has no device code compatible with CUDA arch 900. ggml-cuda.cu was compiled for: 900
/workspace/atlas-rental/src/atlas/kernels/hopper/qwen3.6-27b/nvfp4/q4k_vendor/quantize_impl.cuh:172: ERROR: CUDA kernel quantize_mmq_nvfp4_worker has no device code compatible with CUDA arch 900. ggml-cuda.cu was compiled for: 900
/workspace/atlas-rental/src/atlas/kernels/hopper/qwen3.6-27b/nvfp4/q4k_vendor/quantize_impl.cuh:172: ERROR: CUDA kernel quantize_mmq_nvfp4_worker has no device code compatible with CUDA arch 900. ggml-cuda.cu was compiled for: 900
/workspace/atlas-rental/src/atlas/kernels/hopper/qwen3.6-27b/nvfp4/q4k_vendor/quantize_impl.cuh:172: ERROR: CUDA kernel quantize_mmq_nvfp4_worker has no device code compatible with CUDA arch 900. ggml-cuda.cu was compiled for: 900
/workspace/atlas-rental/src/atlas/kernels/hopper/qwen3.6-27b/nvfp4/q4k_vendor/quantize_impl.cuh:172: ERROR: CUDA kernel quantize_mmq_nvfp4_worker has no device code compatible with CUDA arch 900. ggml-cuda.cu was compiled for: 900
/workspace/atlas-rental/src/atlas/kernels/hopper/qwen3.6-27b/nvfp4/q4k_vendor/quantize_impl.cuh:172: ERROR: CUDA kernel quantize_mmq_nvfp4_worker has no device code compatible with CUDA arch 900. ggml-cuda.cu was compiled for: 900
/workspace/atlas-rental/src/atlas/kernels/hopper/qwen3.6-27b/nvfp4/q4k_vendor/quantize_impl.cuh:172: ERROR: CUDA kernel quantize_mmq_nvfp4_worker has no device code compatible with CUDA arch 900. ggml-cuda.cu was compiled for: 900
/workspace/atlas-rental/src/atlas/kernels/hopper/qwen3.6-27b/nvfp4/q4k_vendor/quantize_impl.cuh:172: ERROR: CUDA kernel quantize_mmq_nvfp4_worker has no device code compatible with CUDA arch 900. ggml-cuda.cu was compiled for: 900
/workspace/atlas-rental/src/atlas/kernels/hopper/qwen3.6-27b/nvfp4/q4k_vendor/quantize_impl.cuh:172: ERROR: CUDA kernel quantize_mmq_nvfp4_worker has no device code compatible with CUDA arch 900. ggml-cuda.cu was compiled for: 900
/workspace/atlas-rental/src/atlas/kernels/hopper/qwen3.6-27b/nvfp4/q4k_vendor/quantize_impl.cuh:172: ERROR: CUDA kernel quantize_mmq_nvfp4_worker has no device code compatible with CUDA arch 900. ggml-cuda.cu was compiled for: 900
/workspace/atlas-rental/src/atlas/kernels/hopper/qwen3.6-27b/nvfp4/q4k_vendor/quantize_impl.cuh:172: ERROR: CUDA kernel quantize_mmq_nvfp4_worker has no device code compatible with CUDA arch 900. ggml-cuda.cu was compiled for: 900
/workspace/atlas-rental/src/atlas/kernels/hopper/qwen3.6-27b/nvfp4/q4k_vendor/quantize_impl.cuh:172: ERROR: CUDA kernel quantize_mmq_nvfp4_worker has no device code compatible with CUDA arch 900. ggml-cuda.cu was compiled for: 900
/workspace/atlas-rental/src/atlas/kernels/hopper/qwen3.6-27b/nvfp4/q4k_vendor/quantize_impl.cuh:172: ERROR: CUDA kernel quantize_mmq_nvfp4_worker has no device code compatible with CUDA arch 900. ggml-cuda.cu was compiled for: 900
/workspace/atlas-rental/src/atlas/kernels/hopper/qwen3.6-27b/nvfp4/q4k_vendor/quantize_impl.cuh:172: ERROR: CUDA kernel quantize_mmq_nvfp4_worker has no device code compatible with CUDA arch 900. ggml-cuda.cu was compiled for: 900
/workspace/atlas-rental/src/atlas/kernels/hopper/qwen3.6-27b/nvfp4/q4k_vendor/quantize_impl.cuh:172: ERROR: CUDA kernel quantize_mmq_nvfp4_worker has no device code compatible with CUDA arch 900. ggml-cuda.cu was compiled for: 900
/workspace/atlas-rental/src/atlas/kernels/hopper/qwen3.6-27b/nvfp4/q4k_vendor/quantize_impl.cuh:172: ERROR: CUDA kernel quantize_mmq_nvfp4_worker has no device code compatible with CUDA arch 900. ggml-cuda.cu was compiled for: 900
/workspace/atlas-rental/src/atlas/kernels/hopper/qwen3.6-27b/nvfp4/q4k_vendor/quantize_impl.cuh:172: ERROR: CUDA kernel quantize_mmq_nvfp4_worker has no device code compatible with CUDA arch 900. ggml-cuda.cu was compiled for: 900
/workspace/atlas-rental/src/atlas/kernels/hopper/qwen3.6-27b/nvfp4/q4k_vendor/quantize_impl.cuh:172: ERROR: CUDA kernel quantize_mmq_nvfp4_worker has no device code compatible with CUDA arch 900. ggml-cuda.cu was compiled for: 900
/workspace/atlas-rental/src/atlas/kernels/hopper/qwen3.6-27b/nvfp4/q4k_vendor/quantize_impl.cuh:172: ERROR: CUDA kernel quantize_mmq_nvfp4_worker has no device code compatible with CUDA arch 900. ggml-cuda.cu was compiled for: 900
/workspace/atlas-rental/src/atlas/kernels/hopper/qwen3.6-27b/nvfp4/q4k_vendor/quantize_impl.cuh:172: ERROR: CUDA kernel quantize_mmq_nvfp4_worker has no device code compatible with CUDA arch 900. ggml-cuda.cu was compiled for: 900
/workspace/atlas-rental/src/atlas/kernels/hopper/qwen3.6-27b/nvfp4/q4k_vendor/quantize_impl.cuh:172: ERROR: CUDA kernel quantize_mmq_nvfp4_worker has no device code compatible with CUDA arch 900. ggml-cuda.cu was compiled for: 900
/workspace/atlas-rental/src/atlas/kernels/hopper/qwen3.6-27b/nvfp4/q4k_vendor/quantize_impl.cuh:172: ERROR: CUDA kernel quantize_mmq_nvfp4_worker has no device code compatible with CUDA arch 900. ggml-cuda.cu was compiled for: 900
/workspace/atlas-rental/src/atlas/kernels/hopper/qwen3.6-27b/nvfp4/q4k_vendor/quantize_impl.cuh:172: ERROR: CUDA kernel quantize_mmq_nvfp4_worker has no device code compatible with CUDA arch 900. ggml-cuda.cu was compiled for: 900
/workspace/atlas-rental/src/atlas/kernels/hopper/qwen3.6-27b/nvfp4/q4k_vendor/quantize_impl.cuh:172: ERROR: CUDA kernel quantize_mmq_nvfp4_worker has no device code compatible with CUDA arch 900. ggml-cuda.cu was compiled for: 900
/workspace/atlas-rental/src/atlas/kernels/hopper/qwen3.6-27b/nvfp4/q4k_vendor/quantize_impl.cuh:172: ERROR: CUDA kernel quantize_mmq_nvfp4_worker has no device code compatible with CUDA arch 900. ggml-cuda.cu was compiled for: 900
/workspace/atlas-rental/src/atlas/kernels/hopper/qwen3.6-27b/nvfp4/q4k_vendor/quantize_impl.cuh:172: ERROR: CUDA kernel quantize_mmq_nvfp4_worker has no device code compatible with CUDA arch 900. ggml-cuda.cu was compiled for: 900
/workspace/atlas-rental/src/atlas/kernels/hopper/qwen3.6-27b/nvfp4/q4k_vendor/quantize_impl.cuh:172: ERROR: CUDA kernel quantize_mmq_nvfp4_worker has no device code compatible with CUDA arch 900. ggml-cuda.cu was compiled for: 900
/workspace/atlas-rental/src/atlas/kernels/hopper/qwen3.6-27b/nvfp4/q4k_vendor/quantize_impl.cuh:172: ERROR: CUDA kernel quantize_mmq_nvfp4_worker has no device code compatible with CUDA arch 900. ggml-cuda.cu was compiled for: 900
/workspace/atlas-rental/src/atlas/kernels/hopper/qwen3.6-27b/nvfp4/q4k_vendor/quantize_impl.cuh:172: ERROR: CUDA kernel quantize_mmq_nvfp4_worker has no device code compatible with CUDA arch 900. ggml-cuda.cu was compiled for: 900
/workspace/atlas-rental/src/atlas/kernels/hopper/qwen3.6-27b/nvfp4/q4k_vendor/quantize_impl.cuh:172: ERROR: CUDA kernel quantize_mmq_nvfp4_worker has no device code compatible with CUDA arch 900. ggml-cuda.cu was compiled for: 900
/workspace/atlas-rental/src/atlas/kernels/hopper/qwen3.6-27b/nvfp4/q4k_vendor/quantize_impl.cuh:172: ERROR: CUDA kernel quantize_mmq_nvfp4_worker has no device code compatible with CUDA arch 900. ggml-cuda.cu was compiled for: 900
/workspace/atlas-rental/src/atlas/kernels/hopper/qwen3.6-27b/nvfp4/q4k_vendor/quantize_impl.cuh:172: ERROR: CUDA kernel quantize_mmq_nvfp4_worker has no device code compatible with CUDA arch 900. ggml-cuda.cu was compiled for: 900
/workspace/atlas-rental/src/atlas/kernels/hopper/qwen3.6-27b/nvfp4/q4k_vendor/quantize_impl.cuh:172: ERROR: CUDA kernel quantize_mmq_nvfp4_worker has no device code compatible with CUDA arch 900. ggml-cuda.cu was compiled for: 900
/workspace/atlas-rental/src/atlas/kernels/hopper/qwen3.6-27b/nvfp4/q4k_vendor/quantize_impl.cuh:172: ERROR: CUDA kernel quantize_mmq_nvfp4_worker has no device code compatible with CUDA arch 900. ggml-cuda.cu was compiled for: 900
/workspace/atlas-rental/src/atlas/kernels/hopper/qwen3.6-27b/nvfp4/q4k_vendor/quantize_impl.cuh:172: ERROR: CUDA kernel quantize_mmq_nvfp4_worker has no device code compatible with CUDA arch 900. ggml-cuda.cu was compiled for: 900
/workspace/atlas-rental/src/atlas/kernels/hopper/qwen3.6-27b/nvfp4/q4k_vendor/quantize_impl.cuh:172: ERROR: CUDA kernel quantize_mmq_nvfp4_worker has no device code compatible with CUDA arch 900. ggml-cuda.cu was compiled for: 900
/workspace/atlas-rental/src/atlas/kernels/hopper/qwen3.6-27b/nvfp4/q4k_vendor/quantize_impl.cuh:172: ERROR: CUDA kernel quantize_mmq_nvfp4_worker has no device code compatible with CUDA arch 900. ggml-cuda.cu was compiled for: 900
/workspace/atlas-rental/src/atlas/kernels/hopper/qwen3.6-27b/nvfp4/q4k_vendor/quantize_impl.cuh:172: ERROR: CUDA kernel quantize_mmq_nvfp4_worker has no device code compatible with CUDA arch 900. ggml-cuda.cu was compiled for: 900
/workspace/atlas-rental/src/atlas/kernels/hopper/qwen3.6-27b/nvfp4/q4k_vendor/quantize_impl.cuh:172: ERROR: CUDA kernel quantize_mmq_nvfp4_worker has no device code compatible with CUDA arch 900. ggml-cuda.cu was compiled for: 900
/workspace/atlas-rental/src/atlas/kernels/hopper/qwen3.6-27b/nvfp4/q4k_vendor/quantize_impl.cuh:172: ERROR: CUDA kernel quantize_mmq_nvfp4_worker has no device code compatible with CUDA arch 900. ggml-cuda.cu was compiled for: 900
/workspace/atlas-rental/src/atlas/kernels/hopper/qwen3.6-27b/nvfp4/q4k_vendor/quantize_impl.cuh:172: ERROR: CUDA kernel quantize_mmq_nvfp4_worker has no device code compatible with CUDA arch 900. ggml-cuda.cu was compiled for: 900
/workspace/atlas-rental/src/atlas/kernels/hopper/qwen3.6-27b/nvfp4/q4k_vendor/quantize_impl.cuh:172: ERROR: CUDA kernel quantize_mmq_nvfp4_worker has no device code compatible with CUDA arch 900. ggml-cuda.cu was compiled for: 900
/workspace/atlas-rental/src/atlas/kernels/hopper/qwen3.6-27b/nvfp4/q4k_vendor/quantize_impl.cuh:172: ERROR: CUDA kernel quantize_mmq_nvfp4_worker has no device code compatible with CUDA arch 900. ggml-cuda.cu was compiled for: 900
/workspace/atlas-rental/src/atlas/kernels/hopper/qwen3.6-27b/nvfp4/q4k_vendor/quantize_impl.cuh:172: ERROR: CUDA kernel quantize_mmq_nvfp4_worker has no device code compatible with CUDA arch 900. ggml-cuda.cu was compiled for: 900
/workspace/atlas-rental/src/atlas/kernels/hopper/qwen3.6-27b/nvfp4/q4k_vendor/quantize_impl.cuh:172: ERROR: CUDA kernel quantize_mmq_nvfp4_worker has no device code compatible with CUDA arch 900. ggml-cuda.cu was compiled for: 900
/workspace/atlas-rental/src/atlas/kernels/hopper/qwen3.6-27b/nvfp4/q4k_vendor/quantize_impl.cuh:172: ERROR: CUDA kernel quantize_mmq_nvfp4_worker has no device code compatible with CUDA arch 900. ggml-cuda.cu was compiled for: 900
/workspace/atlas-rental/src/atlas/kernels/hopper/qwen3.6-27b/nvfp4/q4k_vendor/quantize_impl.cuh:172: ERROR: CUDA kernel quantize_mmq_nvfp4_worker has no device code compatible with CUDA arch 900. ggml-cuda.cu was compiled for: 900
/workspace/atlas-rental/src/atlas/kernels/hopper/qwen3.6-27b/nvfp4/q4k_vendor/quantize_impl.cuh:172: ERROR: CUDA kernel quantize_mmq_nvfp4_worker has no device code compatible with CUDA arch 900. ggml-cuda.cu was compiled for: 900
/workspace/atlas-rental/src/atlas/kernels/hopper/qwen3.6-27b/nvfp4/q4k_vendor/quantize_impl.cuh:172: ERROR: CUDA kernel quantize_mmq_nvfp4_worker has no device code compatible with CUDA arch 900. ggml-cuda.cu was compiled for: 900
/workspace/atlas-rental/src/atlas/kernels/hopper/qwen3.6-27b/nvfp4/q4k_vendor/quantize_impl.cuh:172: ERROR: CUDA kernel quantize_mmq_nvfp4_worker has no device code compatible with CUDA arch 900. ggml-cuda.cu was compiled for: 900
/workspace/atlas-rental/src/atlas/kernels/hopper/qwen3.6-27b/nvfp4/q4k_vendor/quantize_impl.cuh:172: ERROR: CUDA kernel quantize_mmq_nvfp4_worker has no device code compatible with CUDA arch 900. ggml-cuda.cu was compiled for: 900
/workspace/atlas-rental/src/atlas/kernels/hopper/qwen3.6-27b/nvfp4/q4k_vendor/quantize_impl.cuh:172: ERROR: CUDA kernel quantize_mmq_nvfp4_worker has no device code compatible with CUDA arch 900. ggml-cuda.cu was compiled for: 900
/workspace/atlas-rental/src/atlas/kernels/hopper/qwen3.6-27b/nvfp4/q4k_vendor/quantize_impl.cuh:172: ERROR: CUDA kernel quantize_mmq_nvfp4_worker has no device code compatible with CUDA arch 900. ggml-cuda.cu was compiled for: 900
/workspace/atlas-rental/src/atlas/kernels/hopper/qwen3.6-27b/nvfp4/q4k_vendor/quantize_impl.cuh:172: ERROR: CUDA kernel quantize_mmq_nvfp4_worker has no device code compatible with CUDA arch 900. ggml-cuda.cu was compiled for: 900
/workspace/atlas-rental/src/atlas/kernels/hopper/qwen3.6-27b/nvfp4/q4k_vendor/quantize_impl.cuh:172: ERROR: CUDA kernel quantize_mmq_nvfp4_worker has no device code compatible with CUDA arch 900. ggml-cuda.cu was compiled for: 900
/workspace/atlas-rental/src/atlas/kernels/hopper/qwen3.6-27b/nvfp4/q4k_vendor/quantize_impl.cuh:172: ERROR: CUDA kernel quantize_mmq_nvfp4_worker has no device code compatible with CUDA arch 900. ggml-cuda.cu was compiled for: 900
/workspace/atlas-rental/src/atlas/kernels/hopper/qwen3.6-27b/nvfp4/q4k_vendor/quantize_impl.cuh:172: ERROR: CUDA kernel quantize_mmq_nvfp4_worker has no device code compatible with CUDA arch 900. ggml-cuda.cu was compiled for: 900
/workspace/atlas-rental/src/atlas/kernels/hopper/qwen3.6-27b/nvfp4/q4k_vendor/quantize_impl.cuh:172: ERROR: CUDA kernel quantize_mmq_nvfp4_worker has no device code compatible with CUDA arch 900. ggml-cuda.cu was compiled for: 900
/workspace/atlas-rental/src/atlas/kernels/hopper/qwen3.6-27b/nvfp4/q4k_vendor/quantize_impl.cuh:172: ERROR: CUDA kernel quantize_mmq_nvfp4_worker has no device code compatible with CUDA arch 900. ggml-cuda.cu was compiled for: 900
/workspace/atlas-rental/src/atlas/kernels/hopper/qwen3.6-27b/nvfp4/q4k_vendor/quantize_impl.cuh:172: ERROR: CUDA kernel quantize_mmq_nvfp4_worker has no device code compatible with CUDA arch 900. ggml-cuda.cu was compiled for: 900
/workspace/atlas-rental/src/atlas/kernels/hopper/qwen3.6-27b/nvfp4/q4k_vendor/quantize_impl.cuh:172: ERROR: CUDA kernel quantize_mmq_nvfp4_worker has no device code compatible with CUDA arch 900. ggml-cuda.cu was compiled for: 900
/workspace/atlas-rental/src/atlas/kernels/hopper/qwen3.6-27b/nvfp4/q4k_vendor/quantize_impl.cuh:172: ERROR: CUDA kernel quantize_mmq_nvfp4_worker has no device code compatible with CUDA arch 900. ggml-cuda.cu was compiled for: 900
/workspace/atlas-rental/src/atlas/kernels/hopper/qwen3.6-27b/nvfp4/q4k_vendor/quantize_impl.cuh:172: ERROR: CUDA kernel quantize_mmq_nvfp4_worker has no device code compatible with CUDA arch 900. ggml-cuda.cu was compiled for: 900
/workspace/atlas-rental/src/atlas/kernels/hopper/qwen3.6-27b/nvfp4/q4k_vendor/quantize_impl.cuh:172: ERROR: CUDA kernel quantize_mmq_nvfp4_worker has no device code compatible with CUDA arch 900. ggml-cuda.cu was compiled for: 900
/workspace/atlas-rental/src/atlas/kernels/hopper/qwen3.6-27b/nvfp4/q4k_vendor/quantize_impl.cuh:172: ERROR: CUDA kernel quantize_mmq_nvfp4_worker has no device code compatible with CUDA arch 900. ggml-cuda.cu was compiled for: 900
/workspace/atlas-rental/src/atlas/kernels/hopper/qwen3.6-27b/nvfp4/q4k_vendor/quantize_impl.cuh:172: ERROR: CUDA kernel quantize_mmq_nvfp4_worker has no device code compatible with CUDA arch 900. ggml-cuda.cu was compiled for: 900
/workspace/atlas-rental/src/atlas/kernels/hopper/qwen3.6-27b/nvfp4/q4k_vendor/quantize_impl.cuh:172: ERROR: CUDA kernel quantize_mmq_nvfp4_worker has no device code compatible with CUDA arch 900. ggml-cuda.cu was compiled for: 900
/workspace/atlas-rental/src/atlas/kernels/hopper/qwen3.6-27b/nvfp4/q4k_vendor/quantize_impl.cuh:172: ERROR: CUDA kernel quantize_mmq_nvfp4_worker has no device code compatible with CUDA arch 900. ggml-cuda.cu was compiled for: 900
/workspace/atlas-rental/src/atlas/kernels/hopper/qwen3.6-27b/nvfp4/q4k_vendor/quantize_impl.cuh:172: ERROR: CUDA kernel quantize_mmq_nvfp4_worker has no device code compatible with CUDA arch 900. ggml-cuda.cu was compiled for: 900
/workspace/atlas-rental/src/atlas/kernels/hopper/qwen3.6-27b/nvfp4/q4k_vendor/quantize_impl.cuh:172: ERROR: CUDA kernel quantize_mmq_nvfp4_worker has no device code compatible with CUDA arch 900. ggml-cuda.cu was compiled for: 900
/workspace/atlas-rental/src/atlas/kernels/hopper/qwen3.6-27b/nvfp4/q4k_vendor/quantize_impl.cuh:172: ERROR: CUDA kernel quantize_mmq_nvfp4_worker has no device code compatible with CUDA arch 900. ggml-cuda.cu was compiled for: 900
/workspace/atlas-rental/src/atlas/kernels/hopper/qwen3.6-27b/nvfp4/q4k_vendor/quantize_impl.cuh:172: ERROR: CUDA kernel quantize_mmq_nvfp4_worker has no device code compatible with CUDA arch 900. ggml-cuda.cu was compiled for: 900
/workspace/atlas-rental/src/atlas/kernels/hopper/qwen3.6-27b/nvfp4/q4k_vendor/quantize_impl.cuh:172: ERROR: CUDA kernel quantize_mmq_nvfp4_worker has no device code compatible with CUDA arch 900. ggml-cuda.cu was compiled for: 900
/workspace/atlas-rental/src/atlas/kernels/hopper/qwen3.6-27b/nvfp4/q4k_vendor/quantize_impl.cuh:172: ERROR: CUDA kernel quantize_mmq_nvfp4_worker has no device code compatible with CUDA arch 900. ggml-cuda.cu was compiled for: 900
/workspace/atlas-rental/src/atlas/kernels/hopper/qwen3.6-27b/nvfp4/q4k_vendor/quantize_impl.cuh:172: ERROR: CUDA kernel quantize_mmq_nvfp4_worker has no device code compatible with CUDA arch 900. ggml-cuda.cu was compiled for: 900
/workspace/atlas-rental/src/atlas/kernels/hopper/qwen3.6-27b/nvfp4/q4k_vendor/quantize_impl.cuh:172: ERROR: CUDA kernel quantize_mmq_nvfp4_worker has no device code compatible with CUDA arch 900. ggml-cuda.cu was compiled for: 900
/workspace/atlas-rental/src/atlas/kernels/hopper/qwen3.6-27b/nvfp4/q4k_vendor/quantize_impl.cuh:172: ERROR: CUDA kernel quantize_mmq_nvfp4_worker has no device code compatible with CUDA arch 900. ggml-cuda.cu was compiled for: 900
/workspace/atlas-rental/src/atlas/kernels/hopper/qwen3.6-27b/nvfp4/q4k_vendor/quantize_impl.cuh:172: ERROR: CUDA kernel quantize_mmq_nvfp4_worker has no device code compatible with CUDA arch 900. ggml-cuda.cu was compiled for: 900
/workspace/atlas-rental/src/atlas/kernels/hopper/qwen3.6-27b/nvfp4/q4k_vendor/quantize_impl.cuh:172: ERROR: CUDA kernel quantize_mmq_nvfp4_worker has no device code compatible with CUDA arch 900. ggml-cuda.cu was compiled for: 900
/workspace/atlas-rental/src/atlas/kernels/hopper/qwen3.6-27b/nvfp4/q4k_vendor/quantize_impl.cuh:172: ERROR: CUDA kernel quantize_mmq_nvfp4_worker has no device code compatible with CUDA arch 900. ggml-cuda.cu was compiled for: 900
/workspace/atlas-rental/src/atlas/kernels/hopper/qwen3.6-27b/nvfp4/q4k_vendor/quantize_impl.cuh:172: ERROR: CUDA kernel quantize_mmq_nvfp4_worker has no device code compatible with CUDA arch 900. ggml-cuda.cu was compiled for: 900
/workspace/atlas-rental/src/atlas/kernels/hopper/qwen3.6-27b/nvfp4/q4k_vendor/quantize_impl.cuh:172: ERROR: CUDA kernel quantize_mmq_nvfp4_worker has no device code compatible with CUDA arch 900. ggml-cuda.cu was compiled for: 900
/workspace/atlas-rental/src/atlas/kernels/hopper/qwen3.6-27b/nvfp4/q4k_vendor/quantize_impl.cuh:172: ERROR: CUDA kernel quantize_mmq_nvfp4_worker has no device code compatible with CUDA arch 900. ggml-cuda.cu was compiled for: 900
/workspace/atlas-rental/src/atlas/kernels/hopper/qwen3.6-27b/nvfp4/q4k_vendor/quantize_impl.cuh:172: ERROR: CUDA kernel quantize_mmq_nvfp4_worker has no device code compatible with CUDA arch 900. ggml-cuda.cu was compiled for: 900
/workspace/atlas-rental/src/atlas/kernels/hopper/qwen3.6-27b/nvfp4/q4k_vendor/quantize_impl.cuh:172: ERROR: CUDA kernel quantize_mmq_nvfp4_worker has no device code compatible with CUDA arch 900. ggml-cuda.cu was compiled for: 900
/workspace/atlas-rental/src/atlas/kernels/hopper/qwen3.6-27b/nvfp4/q4k_vendor/quantize_impl.cuh:172: ERROR: CUDA kernel quantize_mmq_nvfp4_worker has no device code compatible with CUDA arch 900. ggml-cuda.cu was compiled for: 900
/workspace/atlas-rental/src/atlas/kernels/hopper/qwen3.6-27b/nvfp4/q4k_vendor/quantize_impl.cuh:172: ERROR: CUDA kernel quantize_mmq_nvfp4_worker has no device code compatible with CUDA arch 900. ggml-cuda.cu was compiled for: 900
/workspace/atlas-rental/src/atlas/kernels/hopper/qwen3.6-27b/nvfp4/q4k_vendor/quantize_impl.cuh:172: ERROR: CUDA kernel quantize_mmq_nvfp4_worker has no device code compatible with CUDA arch 900. ggml-cuda.cu was compiled for: 900
/workspace/atlas-rental/src/atlas/kernels/hopper/qwen3.6-27b/nvfp4/q4k_vendor/quantize_impl.cuh:172: ERROR: CUDA kernel quantize_mmq_nvfp4_worker has no device code compatible with CUDA arch 900. ggml-cuda.cu was compiled for: 900
/workspace/atlas-rental/src/atlas/kernels/hopper/qwen3.6-27b/nvfp4/q4k_vendor/quantize_impl.cuh:172: ERROR: CUDA kernel quantize_mmq_nvfp4_worker has no device code compatible with CUDA arch 900. ggml-cuda.cu was compiled for: 900
/workspace/atlas-rental/src/atlas/kernels/hopper/qwen3.6-27b/nvfp4/q4k_vendor/quantize_impl.cuh:172: ERROR: CUDA kernel quantize_mmq_nvfp4_worker has no device code compatible with CUDA arch 900. ggml-cuda.cu was compiled for: 900
/workspace/atlas-rental/src/atlas/kernels/hopper/qwen3.6-27b/nvfp4/q4k_vendor/quantize_impl.cuh:172: ERROR: CUDA kernel quantize_mmq_nvfp4_worker has no device code compatible with CUDA arch 900. ggml-cuda.cu was compiled for: 900
/workspace/atlas-rental/src/atlas/kernels/hopper/qwen3.6-27b/nvfp4/q4k_vendor/quantize_impl.cuh:172: ERROR: CUDA kernel quantize_mmq_nvfp4_worker has no device code compatible with CUDA arch 900. ggml-cuda.cu was compiled for: 900
/workspace/atlas-rental/src/atlas/kernels/hopper/qwen3.6-27b/nvfp4/q4k_vendor/quantize_impl.cuh:172: ERROR: CUDA kernel quantize_mmq_nvfp4_worker has no device code compatible with CUDA arch 900. ggml-cuda.cu was compiled for: 900
/workspace/atlas-rental/src/atlas/kernels/hopper/qwen3.6-27b/nvfp4/q4k_vendor/quantize_impl.cuh:172: ERROR: CUDA kernel quantize_mmq_nvfp4_worker has no device code compatible with CUDA arch 900. ggml-cuda.cu was compiled for: 900
/workspace/atlas-rental/src/atlas/kernels/hopper/qwen3.6-27b/nvfp4/q4k_vendor/quantize_impl.cuh:172: ERROR: CUDA kernel quantize_mmq_nvfp4_worker has no device code compatible with CUDA arch 900. ggml-cuda.cu was compiled for: 900
/workspace/atlas-rental/src/atlas/kernels/hopper/qwen3.6-27b/nvfp4/q4k_vendor/quantize_impl.cuh:172: ERROR: CUDA kernel quantize_mmq_nvfp4_worker has no device code compatible with CUDA arch 900. ggml-cuda.cu was compiled for: 900
/workspace/atlas-rental/src/atlas/kernels/hopper/qwen3.6-27b/nvfp4/q4k_vendor/quantize_impl.cuh:172: ERROR: CUDA kernel quantize_mmq_nvfp4_worker has no device code compatible with CUDA arch 900. ggml-cuda.cu was compiled for: 900
/workspace/atlas-rental/src/atlas/kernels/hopper/qwen3.6-27b/nvfp4/q4k_vendor/quantize_impl.cuh:172: ERROR: CUDA kernel quantize_mmq_nvfp4_worker has no device code compatible with CUDA arch 900. ggml-cuda.cu was compiled for: 900
/workspace/atlas-rental/src/atlas/kernels/hopper/qwen3.6-27b/nvfp4/q4k_vendor/quantize_impl.cuh:172: ERROR: CUDA kernel quantize_mmq_nvfp4_worker has no device code compatible with CUDA arch 900. ggml-cuda.cu was compiled for: 900
/workspace/atlas-rental/src/atlas/kernels/hopper/qwen3.6-27b/nvfp4/q4k_vendor/quantize_impl.cuh:172: ERROR: CUDA kernel quantize_mmq_nvfp4_worker has no device code compatible with CUDA arch 900. ggml-cuda.cu was compiled for: 900
/workspace/atlas-rental/src/atlas/kernels/hopper/qwen3.6-27b/nvfp4/q4k_vendor/quantize_impl.cuh:172: ERROR: CUDA kernel quantize_mmq_nvfp4_worker has no device code compatible with CUDA arch 900. ggml-cuda.cu was compiled for: 900
/workspace/atlas-rental/src/atlas/kernels/hopper/qwen3.6-27b/nvfp4/q4k_vendor/quantize_impl.cuh:172: ERROR: CUDA kernel quantize_mmq_nvfp4_worker has no device code compatible with CUDA arch 900. ggml-cuda.cu was compiled for: 900
/workspace/atlas-rental/src/atlas/kernels/hopper/qwen3.6-27b/nvfp4/q4k_vendor/quantize_impl.cuh:172: ERROR: CUDA kernel quantize_mmq_nvfp4_worker has no device code compatible with CUDA arch 900. ggml-cuda.cu was compiled for: 900
/workspace/atlas-rental/src/atlas/kernels/hopper/qwen3.6-27b/nvfp4/q4k_vendor/quantize_impl.cuh:172: ERROR: CUDA kernel quantize_mmq_nvfp4_worker has no device code compatible with CUDA arch 900. ggml-cuda.cu was compiled for: 900
/workspace/atlas-rental/src/atlas/kernels/hopper/qwen3.6-27b/nvfp4/q4k_vendor/quantize_impl.cuh:172: ERROR: CUDA kernel quantize_mmq_nvfp4_worker has no device code compatible with CUDA arch 900. ggml-cuda.cu was compiled for: 900
/workspace/atlas-rental/src/atlas/kernels/hopper/qwen3.6-27b/nvfp4/q4k_vendor/quantize_impl.cuh:172: ERROR: CUDA kernel quantize_mmq_nvfp4_worker has no device code compatible with CUDA arch 900. ggml-cuda.cu was compiled for: 900
/workspace/atlas-rental/src/atlas/kernels/hopper/qwen3.6-27b/nvfp4/q4k_vendor/quantize_impl.cuh:172: ERROR: CUDA kernel quantize_mmq_nvfp4_worker has no device code compatible with CUDA arch 900. ggml-cuda.cu was compiled for: 900
/workspace/atlas-rental/src/atlas/kernels/hopper/qwen3.6-27b/nvfp4/q4k_vendor/quantize_impl.cuh:172: ERROR: CUDA kernel quantize_mmq_nvfp4_worker has no device code compatible with CUDA arch 900. ggml-cuda.cu was compiled for: 900
/workspace/atlas-rental/src/atlas/kernels/hopper/qwen3.6-27b/nvfp4/q4k_vendor/quantize_impl.cuh:172: ERROR: CUDA kernel quantize_mmq_nvfp4_worker has no device code compatible with CUDA arch 900. ggml-cuda.cu was compiled for: 900
/workspace/atlas-rental/src/atlas/kernels/hopper/qwen3.6-27b/nvfp4/q4k_vendor/quantize_impl.cuh:172: ERROR: CUDA kernel quantize_mmq_nvfp4_worker has no device code compatible with CUDA arch 900. ggml-cuda.cu was compiled for: 900
/workspace/atlas-rental/src/atlas/kernels/hopper/qwen3.6-27b/nvfp4/q4k_vendor/quantize_impl.cuh:172: ERROR: CUDA kernel quantize_mmq_nvfp4_worker has no device code compatible with CUDA arch 900. ggml-cuda.cu was compiled for: 900
/workspace/atlas-rental/src/atlas/kernels/hopper/qwen3.6-27b/nvfp4/q4k_vendor/quantize_impl.cuh:172: ERROR: CUDA kernel quantize_mmq_nvfp4_worker has no device code compatible with CUDA arch 900. ggml-cuda.cu was compiled for: 900
/workspace/atlas-rental/src/atlas/kernels/hopper/qwen3.6-27b/nvfp4/q4k_vendor/quantize_impl.cuh:172: ERROR: CUDA kernel quantize_mmq_nvfp4_worker has no device code compatible with CUDA arch 900. ggml-cuda.cu was compiled for: 900
/workspace/atlas-rental/src/atlas/kernels/hopper/qwen3.6-27b/nvfp4/q4k_vendor/quantize_impl.cuh:172: ERROR: CUDA kernel quantize_mmq_nvfp4_worker has no device code compatible with CUDA arch 900. ggml-cuda.cu was compiled for: 900
/workspace/atlas-rental/src/atlas/kernels/hopper/qwen3.6-27b/nvfp4/q4k_vendor/quantize_impl.cuh:172: ERROR: CUDA kernel quantize_mmq_nvfp4_worker has no device code compatible with CUDA arch 900. ggml-cuda.cu was compiled for: 900
/workspace/atlas-rental/src/atlas/kernels/hopper/qwen3.6-27b/nvfp4/q4k_vendor/quantize_impl.cuh:172: ERROR: CUDA kernel quantize_mmq_nvfp4_worker has no device code compatible with CUDA arch 900. ggml-cuda.cu was compiled for: 900
/workspace/atlas-rental/src/atlas/kernels/hopper/qwen3.6-27b/nvfp4/q4k_vendor/quantize_impl.cuh:172: ERROR: CUDA kernel quantize_mmq_nvfp4_worker has no device code compatible with CUDA arch 900. ggml-cuda.cu was compiled for: 900
/workspace/atlas-rental/src/atlas/kernels/hopper/qwen3.6-27b/nvfp4/q4k_vendor/quantize_impl.cuh:172: ERROR: CUDA kernel quantize_mmq_nvfp4_worker has no device code compatible with CUDA arch 900. ggml-cuda.cu was compiled for: 900
/workspace/atlas-rental/src/atlas/kernels/hopper/qwen3.6-27b/nvfp4/q4k_vendor/quantize_impl.cuh:172: ERROR: CUDA kernel quantize_mmq_nvfp4_worker has no device code compatible with CUDA arch 900. ggml-cuda.cu was compiled for: 900
/workspace/atlas-rental/src/atlas/kernels/hopper/qwen3.6-27b/nvfp4/q4k_vendor/quantize_impl.cuh:172: ERROR: CUDA kernel quantize_mmq_nvfp4_worker has no device code compatible with CUDA arch 900. ggml-cuda.cu was compiled for: 900
/workspace/atlas-rental/src/atlas/kernels/hopper/qwen3.6-27b/nvfp4/q4k_vendor/quantize_impl.cuh:172: ERROR: CUDA kernel quantize_mmq_nvfp4_worker has no device code compatible with CUDA arch 900. ggml-cuda.cu was compiled for: 900
/workspace/atlas-rental/src/atlas/kernels/hopper/qwen3.6-27b/nvfp4/q4k_vendor/quantize_impl.cuh:172: ERROR: CUDA kernel quantize_mmq_nvfp4_worker has no device code compatible with CUDA arch 900. ggml-cuda.cu was compiled for: 900
/workspace/atlas-rental/src/atlas/kernels/hopper/qwen3.6-27b/nvfp4/q4k_vendor/quantize_impl.cuh:172: ERROR: CUDA kernel quantize_mmq_nvfp4_worker has no device code compatible with CUDA arch 900. ggml-cuda.cu was compiled for: 900
/workspace/atlas-rental/src/atlas/kernels/hopper/qwen3.6-27b/nvfp4/q4k_vendor/quantize_impl.cuh:172: ERROR: CUDA kernel quantize_mmq_nvfp4_worker has no device code compatible with CUDA arch 900. ggml-cuda.cu was compiled for: 900
/workspace/atlas-rental/src/atlas/kernels/hopper/qwen3.6-27b/nvfp4/q4k_vendor/quantize_impl.cuh:172: ERROR: CUDA kernel quantize_mmq_nvfp4_worker has no device code compatible with CUDA arch 900. ggml-cuda.cu was compiled for: 900
/workspace/atlas-rental/src/atlas/kernels/hopper/qwen3.6-27b/nvfp4/q4k_vendor/quantize_impl.cuh:172: ERROR: CUDA kernel quantize_mmq_nvfp4_worker has no device code compatible with CUDA arch 900. ggml-cuda.cu was compiled for: 900
/workspace/atlas-rental/src/atlas/kernels/hopper/qwen3.6-27b/nvfp4/q4k_vendor/quantize_impl.cuh:172: ERROR: CUDA kernel quantize_mmq_nvfp4_worker has no device code compatible with CUDA arch 900. ggml-cuda.cu was compiled for: 900
/workspace/atlas-rental/src/atlas/kernels/hopper/qwen3.6-27b/nvfp4/q4k_vendor/quantize_impl.cuh:172: ERROR: CUDA kernel quantize_mmq_nvfp4_worker has no device code compatible with CUDA arch 900. ggml-cuda.cu was compiled for: 900
/workspace/atlas-rental/src/atlas/kernels/hopper/qwen3.6-27b/nvfp4/q4k_vendor/quantize_impl.cuh:172: ERROR: CUDA kernel quantize_mmq_nvfp4_worker has no device code compatible with CUDA arch 900. ggml-cuda.cu was compiled for: 900
/workspace/atlas-rental/src/atlas/kernels/hopper/qwen3.6-27b/nvfp4/q4k_vendor/quantize_impl.cuh:172: ERROR: CUDA kernel quantize_mmq_nvfp4_worker has no device code compatible with CUDA arch 900. ggml-cuda.cu was compiled for: 900
/workspace/atlas-rental/src/atlas/kernels/hopper/qwen3.6-27b/nvfp4/q4k_vendor/quantize_impl.cuh:172: ERROR: CUDA kernel quantize_mmq_nvfp4_worker has no device code compatible with CUDA arch 900. ggml-cuda.cu was compiled for: 900
/workspace/atlas-rental/src/atlas/kernels/hopper/qwen3.6-27b/nvfp4/q4k_vendor/quantize_impl.cuh:172: ERROR: CUDA kernel quantize_mmq_nvfp4_worker has no device code compatible with CUDA arch 900. ggml-cuda.cu was compiled for: 900
/workspace/atlas-rental/src/atlas/kernels/hopper/qwen3.6-27b/nvfp4/q4k_vendor/quantize_impl.cuh:172: ERROR: CUDA kernel quantize_mmq_nvfp4_worker has no device code compatible with CUDA arch 900. ggml-cuda.cu was compiled for: 900
/workspace/atlas-rental/src/atlas/kernels/hopper/qwen3.6-27b/nvfp4/q4k_vendor/quantize_impl.cuh:172: ERROR: CUDA kernel quantize_mmq_nvfp4_worker has no device code compatible with CUDA arch 900. ggml-cuda.cu was compiled for: 900
/workspace/atlas-rental/src/atlas/kernels/hopper/qwen3.6-27b/nvfp4/q4k_vendor/quantize_impl.cuh:172: ERROR: CUDA kernel quantize_mmq_nvfp4_worker has no device code compatible with CUDA arch 900. ggml-cuda.cu was compiled for: 900
/workspace/atlas-rental/src/atlas/kernels/hopper/qwen3.6-27b/nvfp4/q4k_vendor/quantize_impl.cuh:172: ERROR: CUDA kernel quantize_mmq_nvfp4_worker has no device code compatible with CUDA arch 900. ggml-cuda.cu was compiled for: 900
/workspace/atlas-rental/src/atlas/kernels/hopper/qwen3.6-27b/nvfp4/q4k_vendor/quantize_impl.cuh:172: ERROR: CUDA kernel quantize_mmq_nvfp4_worker has no device code compatible with CUDA arch 900. ggml-cuda.cu was compiled for: 900
/workspace/atlas-rental/src/atlas/kernels/hopper/qwen3.6-27b/nvfp4/q4k_vendor/quantize_impl.cuh:172: ERROR: CUDA kernel quantize_mmq_nvfp4_worker has no device code compatible with CUDA arch 900. ggml-cuda.cu was compiled for: 900
/workspace/atlas-rental/src/atlas/kernels/hopper/qwen3.6-27b/nvfp4/q4k_vendor/quantize_impl.cuh:172: ERROR: CUDA kernel quantize_mmq_nvfp4_worker has no device code compatible with CUDA arch 900. ggml-cuda.cu was compiled for: 900
/workspace/atlas-rental/src/atlas/kernels/hopper/qwen3.6-27b/nvfp4/q4k_vendor/quantize_impl.cuh:172: ERROR: CUDA kernel quantize_mmq_nvfp4_worker has no device code compatible with CUDA arch 900. ggml-cuda.cu was compiled for: 900
/workspace/atlas-rental/src/atlas/kernels/hopper/qwen3.6-27b/nvfp4/q4k_vendor/quantize_impl.cuh:172: ERROR: CUDA kernel quantize_mmq_nvfp4_worker has no device code compatible with CUDA arch 900. ggml-cuda.cu was compiled for: 900
/workspace/atlas-rental/src/atlas/kernels/hopper/qwen3.6-27b/nvfp4/q4k_vendor/quantize_impl.cuh:172: ERROR: CUDA kernel quantize_mmq_nvfp4_worker has no device code compatible with CUDA arch 900. ggml-cuda.cu was compiled for: 900
/workspace/atlas-rental/src/atlas/kernels/hopper/qwen3.6-27b/nvfp4/q4k_vendor/quantize_impl.cuh:172: ERROR: CUDA kernel quantize_mmq_nvfp4_worker has no device code compatible with CUDA arch 900. ggml-cuda.cu was compiled for: 900
/workspace/atlas-rental/src/atlas/kernels/hopper/qwen3.6-27b/nvfp4/q4k_vendor/quantize_impl.cuh:172: ERROR: CUDA kernel quantize_mmq_nvfp4_worker has no device code compatible with CUDA arch 900. ggml-cuda.cu was compiled for: 900
/workspace/atlas-rental/src/atlas/kernels/hopper/qwen3.6-27b/nvfp4/q4k_vendor/quantize_impl.cuh:172: ERROR: CUDA kernel quantize_mmq_nvfp4_worker has no device code compatible with CUDA arch 900. ggml-cuda.cu was compiled for: 900
/workspace/atlas-rental/src/atlas/kernels/hopper/qwen3.6-27b/nvfp4/q4k_vendor/quantize_impl.cuh:172: ERROR: CUDA kernel quantize_mmq_nvfp4_worker has no device code compatible with CUDA arch 900. ggml-cuda.cu was compiled for: 900
/workspace/atlas-rental/src/atlas/kernels/hopper/qwen3.6-27b/nvfp4/q4k_vendor/quantize_impl.cuh:172: ERROR: CUDA kernel quantize_mmq_nvfp4_worker has no device code compatible with CUDA arch 900. ggml-cuda.cu was compiled for: 900
/workspace/atlas-rental/src/atlas/kernels/hopper/qwen3.6-27b/nvfp4/q4k_vendor/quantize_impl.cuh:172: ERROR: CUDA kernel quantize_mmq_nvfp4_worker has no device code compatible with CUDA arch 900. ggml-cuda.cu was compiled for: 900
/workspace/atlas-rental/src/atlas/kernels/hopper/qwen3.6-27b/nvfp4/q4k_vendor/quantize_impl.cuh:172: ERROR: CUDA kernel quantize_mmq_nvfp4_worker has no device code compatible with CUDA arch 900. ggml-cuda.cu was compiled for: 900
/workspace/atlas-rental/src/atlas/kernels/hopper/qwen3.6-27b/nvfp4/q4k_vendor/quantize_impl.cuh:172: ERROR: CUDA kernel quantize_mmq_nvfp4_worker has no device code compatible with CUDA arch 900. ggml-cuda.cu was compiled for: 900
/workspace/atlas-rental/src/atlas/kernels/hopper/qwen3.6-27b/nvfp4/q4k_vendor/quantize_impl.cuh:172: ERROR: CUDA kernel quantize_mmq_nvfp4_worker has no device code compatible with CUDA arch 900. ggml-cuda.cu was compiled for: 900
/workspace/atlas-rental/src/atlas/kernels/hopper/qwen3.6-27b/nvfp4/q4k_vendor/quantize_impl.cuh:172: ERROR: CUDA kernel quantize_mmq_nvfp4_worker has no device code compatible with CUDA arch 900. ggml-cuda.cu was compiled for: 900
/workspace/atlas-rental/src/atlas/kernels/hopper/qwen3.6-27b/nvfp4/q4k_vendor/quantize_impl.cuh:172: ERROR: CUDA kernel quantize_mmq_nvfp4_worker has no device code compatible with CUDA arch 900. ggml-cuda.cu was compiled for: 900
/workspace/atlas-rental/src/atlas/kernels/hopper/qwen3.6-27b/nvfp4/q4k_vendor/quantize_impl.cuh:172: ERROR: CUDA kernel quantize_mmq_nvfp4_worker has no device code compatible with CUDA arch 900. ggml-cuda.cu was compiled for: 900
/workspace/atlas-rental/src/atlas/kernels/hopper/qwen3.6-27b/nvfp4/q4k_vendor/quantize_impl.cuh:172: ERROR: CUDA kernel quantize_mmq_nvfp4_worker has no device code compatible with CUDA arch 900. ggml-cuda.cu was compiled for: 900
/workspace/atlas-rental/src/atlas/kernels/hopper/qwen3.6-27b/nvfp4/q4k_vendor/quantize_impl.cuh:172: ERROR: CUDA kernel quantize_mmq_nvfp4_worker has no device code compatible with CUDA arch 900. ggml-cuda.cu was compiled for: 900
/workspace/atlas-rental/src/atlas/kernels/hopper/qwen3.6-27b/nvfp4/q4k_vendor/quantize_impl.cuh:172: ERROR: CUDA kernel quantize_mmq_nvfp4_worker has no device code compatible with CUDA arch 900. ggml-cuda.cu was compiled for: 900
/workspace/atlas-rental/src/atlas/kernels/hopper/qwen3.6-27b/nvfp4/q4k_vendor/quantize_impl.cuh:172: ERROR: CUDA kernel quantize_mmq_nvfp4_worker has no device code compatible with CUDA arch 900. ggml-cuda.cu was compiled for: 900
/workspace/atlas-rental/src/atlas/kernels/hopper/qwen3.6-27b/nvfp4/q4k_vendor/quantize_impl.cuh:172: ERROR: CUDA kernel quantize_mmq_nvfp4_worker has no device code compatible with CUDA arch 900. ggml-cuda.cu was compiled for: 900
/workspace/atlas-rental/src/atlas/kernels/hopper/qwen3.6-27b/nvfp4/q4k_vendor/quantize_impl.cuh:172: ERROR: CUDA kernel quantize_mmq_nvfp4_worker has no device code compatible with CUDA arch 900. ggml-cuda.cu was compiled for: 900
/workspace/atlas-rental/src/atlas/kernels/hopper/qwen3.6-27b/nvfp4/q4k_vendor/quantize_impl.cuh:172: ERROR: CUDA kernel quantize_mmq_nvfp4_worker has no device code compatible with CUDA arch 900. ggml-cuda.cu was compiled for: 900
/workspace/atlas-rental/src/atlas/kernels/hopper/qwen3.6-27b/nvfp4/q4k_vendor/quantize_impl.cuh:172: ERROR: CUDA kernel quantize_mmq_nvfp4_worker has no device code compatible with CUDA arch 900. ggml-cuda.cu was compiled for: 900
/workspace/atlas-rental/src/atlas/kernels/hopper/qwen3.6-27b/nvfp4/q4k_vendor/quantize_impl.cuh:172: ERROR: CUDA kernel quantize_mmq_nvfp4_worker has no device code compatible with CUDA arch 900. ggml-cuda.cu was compiled for: 900
/workspace/atlas-rental/src/atlas/kernels/hopper/qwen3.6-27b/nvfp4/q4k_vendor/quantize_impl.cuh:172: ERROR: CUDA kernel quantize_mmq_nvfp4_worker has no device code compatible with CUDA arch 900. ggml-cuda.cu was compiled for: 900
/workspace/atlas-rental/src/atlas/kernels/hopper/qwen3.6-27b/nvfp4/q4k_vendor/quantize_impl.cuh:172: ERROR: CUDA kernel quantize_mmq_nvfp4_worker has no device code compatible with CUDA arch 900. ggml-cuda.cu was compiled for: 900
/workspace/atlas-rental/src/atlas/kernels/hopper/qwen3.6-27b/nvfp4/q4k_vendor/quantize_impl.cuh:172: ERROR: CUDA kernel quantize_mmq_nvfp4_worker has no device code compatible with CUDA arch 900. ggml-cuda.cu was compiled for: 900
/workspace/atlas-rental/src/atlas/kernels/hopper/qwen3.6-27b/nvfp4/q4k_vendor/quantize_impl.cuh:172: ERROR: CUDA kernel quantize_mmq_nvfp4_worker has no device code compatible with CUDA arch 900. ggml-cuda.cu was compiled for: 900
/workspace/atlas-rental/src/atlas/kernels/hopper/qwen3.6-27b/nvfp4/q4k_vendor/quantize_impl.cuh:172: ERROR: CUDA kernel quantize_mmq_nvfp4_worker has no device code compatible with CUDA arch 900. ggml-cuda.cu was compiled for: 900
/workspace/atlas-rental/src/atlas/kernels/hopper/qwen3.6-27b/nvfp4/q4k_vendor/quantize_impl.cuh:172: ERROR: CUDA kernel quantize_mmq_nvfp4_worker has no device code compatible with CUDA arch 900. ggml-cuda.cu was compiled for: 900
/workspace/atlas-rental/src/atlas/kernels/hopper/qwen3.6-27b/nvfp4/q4k_vendor/quantize_impl.cuh:172: ERROR: CUDA kernel quantize_mmq_nvfp4_worker has no device code compatible with CUDA arch 900. ggml-cuda.cu was compiled for: 900
/workspace/atlas-rental/src/atlas/kernels/hopper/qwen3.6-27b/nvfp4/q4k_vendor/quantize_impl.cuh:172: ERROR: CUDA kernel quantize_mmq_nvfp4_worker has no device code compatible with CUDA arch 900. ggml-cuda.cu was compiled for: 900
/workspace/atlas-rental/src/atlas/kernels/hopper/qwen3.6-27b/nvfp4/q4k_vendor/quantize_impl.cuh:172: ERROR: CUDA kernel quantize_mmq_nvfp4_worker has no device code compatible with CUDA arch 900. ggml-cuda.cu was compiled for: 900
/workspace/atlas-rental/src/atlas/kernels/hopper/qwen3.6-27b/nvfp4/q4k_vendor/quantize_impl.cuh:172: ERROR: CUDA kernel quantize_mmq_nvfp4_worker has no device code compatible with CUDA arch 900. ggml-cuda.cu was compiled for: 900
/workspace/atlas-rental/src/atlas/kernels/hopper/qwen3.6-27b/nvfp4/q4k_vendor/quantize_impl.cuh:172: ERROR: CUDA kernel quantize_mmq_nvfp4_worker has no device code compatible with CUDA arch 900. ggml-cuda.cu was compiled for: 900
/workspace/atlas-rental/src/atlas/kernels/hopper/qwen3.6-27b/nvfp4/q4k_vendor/quantize_impl.cuh:172: ERROR: CUDA kernel quantize_mmq_nvfp4_worker has no device code compatible with CUDA arch 900. ggml-cuda.cu was compiled for: 900
/workspace/atlas-rental/src/atlas/kernels/hopper/qwen3.6-27b/nvfp4/q4k_vendor/quantize_impl.cuh:172: ERROR: CUDA kernel quantize_mmq_nvfp4_worker has no device code compatible with CUDA arch 900. ggml-cuda.cu was compiled for: 900
/workspace/atlas-rental/src/atlas/kernels/hopper/qwen3.6-27b/nvfp4/q4k_vendor/quantize_impl.cuh:172: ERROR: CUDA kernel quantize_mmq_nvfp4_worker has no device code compatible with CUDA arch 900. ggml-cuda.cu was compiled for: 900
/workspace/atlas-rental/src/atlas/kernels/hopper/qwen3.6-27b/nvfp4/q4k_vendor/quantize_impl.cuh:172: ERROR: CUDA kernel quantize_mmq_nvfp4_worker has no device code compatible with CUDA arch 900. ggml-cuda.cu was compiled for: 900
/workspace/atlas-rental/src/atlas/kernels/hopper/qwen3.6-27b/nvfp4/q4k_vendor/quantize_impl.cuh:172: ERROR: CUDA kernel quantize_mmq_nvfp4_worker has no device code compatible with CUDA arch 900. ggml-cuda.cu was compiled for: 900
/workspace/atlas-rental/src/atlas/kernels/hopper/qwen3.6-27b/nvfp4/q4k_vendor/quantize_impl.cuh:172: ERROR: CUDA kernel quantize_mmq_nvfp4_worker has no device code compatible with CUDA arch 900. ggml-cuda.cu was compiled for: 900
/workspace/atlas-rental/src/atlas/kernels/hopper/qwen3.6-27b/nvfp4/q4k_vendor/quantize_impl.cuh:172: ERROR: CUDA kernel quantize_mmq_nvfp4_worker has no device code compatible with CUDA arch 900. ggml-cuda.cu was compiled for: 900
/workspace/atlas-rental/src/atlas/kernels/hopper/qwen3.6-27b/nvfp4/q4k_vendor/quantize_impl.cuh:172: ERROR: CUDA kernel quantize_mmq_nvfp4_worker has no device code compatible with CUDA arch 900. ggml-cuda.cu was compiled for: 900
/workspace/atlas-rental/src/atlas/kernels/hopper/qwen3.6-27b/nvfp4/q4k_vendor/quantize_impl.cuh:172: ERROR: CUDA kernel quantize_mmq_nvfp4_worker has no device code compatible with CUDA arch 900. ggml-cuda.cu was compiled for: 900
/workspace/atlas-rental/src/atlas/kernels/hopper/qwen3.6-27b/nvfp4/q4k_vendor/quantize_impl.cuh:172: ERROR: CUDA kernel quantize_mmq_nvfp4_worker has no device code compatible with CUDA arch 900. ggml-cuda.cu was compiled for: 900
/workspace/atlas-rental/src/atlas/kernels/hopper/qwen3.6-27b/nvfp4/q4k_vendor/quantize_impl.cuh:172: ERROR: CUDA kernel quantize_mmq_nvfp4_worker has no device code compatible with CUDA arch 900. ggml-cuda.cu was compiled for: 900
/workspace/atlas-rental/src/atlas/kernels/hopper/qwen3.6-27b/nvfp4/q4k_vendor/quantize_impl.cuh:172: ERROR: CUDA kernel quantize_mmq_nvfp4_worker has no device code compatible with CUDA arch 900. ggml-cuda.cu was compiled for: 900
/workspace/atlas-rental/src/atlas/kernels/hopper/qwen3.6-27b/nvfp4/q4k_vendor/quantize_impl.cuh:172: ERROR: CUDA kernel quantize_mmq_nvfp4_worker has no device code compatible with CUDA arch 900. ggml-cuda.cu was compiled for: 900
/workspace/atlas-rental/src/atlas/kernels/hopper/qwen3.6-27b/nvfp4/q4k_vendor/quantize_impl.cuh:172: ERROR: CUDA kernel quantize_mmq_nvfp4_worker has no device code compatible with CUDA arch 900. ggml-cuda.cu was compiled for: 900
/workspace/atlas-rental/src/atlas/kernels/hopper/qwen3.6-27b/nvfp4/q4k_vendor/quantize_impl.cuh:172: ERROR: CUDA kernel quantize_mmq_nvfp4_worker has no device code compatible with CUDA arch 900. ggml-cuda.cu was compiled for: 900
/workspace/atlas-rental/src/atlas/kernels/hopper/qwen3.6-27b/nvfp4/q4k_vendor/quantize_impl.cuh:172: ERROR: CUDA kernel quantize_mmq_nvfp4_worker has no device code compatible with CUDA arch 900. ggml-cuda.cu was compiled for: 900
/workspace/atlas-rental/src/atlas/kernels/hopper/qwen3.6-27b/nvfp4/q4k_vendor/quantize_impl.cuh:172: ERROR: CUDA kernel quantize_mmq_nvfp4_worker has no device code compatible with CUDA arch 900. ggml-cuda.cu was compiled for: 900
/workspace/atlas-rental/src/atlas/kernels/hopper/qwen3.6-27b/nvfp4/q4k_vendor/quantize_impl.cuh:172: ERROR: CUDA kernel quantize_mmq_nvfp4_worker has no device code compatible with CUDA arch 900. ggml-cuda.cu was compiled for: 900
/workspace/atlas-rental/src/atlas/kernels/hopper/qwen3.6-27b/nvfp4/q4k_vendor/quantize_impl.cuh:172: ERROR: CUDA kernel quantize_mmq_nvfp4_worker has no device code compatible with CUDA arch 900. ggml-cuda.cu was compiled for: 900
/workspace/atlas-rental/src/atlas/kernels/hopper/qwen3.6-27b/nvfp4/q4k_vendor/quantize_impl.cuh:172: ERROR: CUDA kernel quantize_mmq_nvfp4_worker has no device code compatible with CUDA arch 900. ggml-cuda.cu was compiled for: 900
/workspace/atlas-rental/src/atlas/kernels/hopper/qwen3.6-27b/nvfp4/q4k_vendor/quantize_impl.cuh:172: ERROR: CUDA kernel quantize_mmq_nvfp4_worker has no device code compatible with CUDA arch 900. ggml-cuda.cu was compiled for: 900
/workspace/atlas-rental/src/atlas/kernels/hopper/qwen3.6-27b/nvfp4/q4k_vendor/quantize_impl.cuh:172: ERROR: CUDA kernel quantize_mmq_nvfp4_worker has no device code compatible with CUDA arch 900. ggml-cuda.cu was compiled for: 900
/workspace/atlas-rental/src/atlas/kernels/hopper/qwen3.6-27b/nvfp4/q4k_vendor/quantize_impl.cuh:172: ERROR: CUDA kernel quantize_mmq_nvfp4_worker has no device code compatible with CUDA arch 900. ggml-cuda.cu was compiled for: 900
/workspace/atlas-rental/src/atlas/kernels/hopper/qwen3.6-27b/nvfp4/q4k_vendor/quantize_impl.cuh:172: ERROR: CUDA kernel quantize_mmq_nvfp4_worker has no device code compatible with CUDA arch 900. ggml-cuda.cu was compiled for: 900
/workspace/atlas-rental/src/atlas/kernels/hopper/qwen3.6-27b/nvfp4/q4k_vendor/quantize_impl.cuh:172: ERROR: CUDA kernel quantize_mmq_nvfp4_worker has no device code compatible with CUDA arch 900. ggml-cuda.cu was compiled for: 900
/workspace/atlas-rental/src/atlas/kernels/hopper/qwen3.6-27b/nvfp4/q4k_vendor/quantize_impl.cuh:172: ERROR: CUDA kernel quantize_mmq_nvfp4_worker has no device code compatible with CUDA arch 900. ggml-cuda.cu was compiled for: 900
/workspace/atlas-rental/src/atlas/kernels/hopper/qwen3.6-27b/nvfp4/q4k_vendor/quantize_impl.cuh:172: ERROR: CUDA kernel quantize_mmq_nvfp4_worker has no device code compatible with CUDA arch 900. ggml-cuda.cu was compiled for: 900
/workspace/atlas-rental/src/atlas/kernels/hopper/qwen3.6-27b/nvfp4/q4k_vendor/quantize_impl.cuh:172: ERROR: CUDA kernel quantize_mmq_nvfp4_worker has no device code compatible with CUDA arch 900. ggml-cuda.cu was compiled for: 900
/workspace/atlas-rental/src/atlas/kernels/hopper/qwen3.6-27b/nvfp4/q4k_vendor/quantize_impl.cuh:172: ERROR: CUDA kernel quantize_mmq_nvfp4_worker has no device code compatible with CUDA arch 900. ggml-cuda.cu was compiled for: 900
/workspace/atlas-rental/src/atlas/kernels/hopper/qwen3.6-27b/nvfp4/q4k_vendor/quantize_impl.cuh:172: ERROR: CUDA kernel quantize_mmq_nvfp4_worker has no device code compatible with CUDA arch 900. ggml-cuda.cu was compiled for: 900
/workspace/atlas-rental/src/atlas/kernels/hopper/qwen3.6-27b/nvfp4/q4k_vendor/quantize_impl.cuh:172: ERROR: CUDA kernel quantize_mmq_nvfp4_worker has no device code compatible with CUDA arch 900. ggml-cuda.cu was compiled for: 900
/workspace/atlas-rental/src/atlas/kernels/hopper/qwen3.6-27b/nvfp4/q4k_vendor/quantize_impl.cuh:172: ERROR: CUDA kernel quantize_mmq_nvfp4_worker has no device code compatible with CUDA arch 900. ggml-cuda.cu was compiled for: 900
/workspace/atlas-rental/src/atlas/kernels/hopper/qwen3.6-27b/nvfp4/q4k_vendor/quantize_impl.cuh:172: ERROR: CUDA kernel quantize_mmq_nvfp4_worker has no device code compatible with CUDA arch 900. ggml-cuda.cu was compiled for: 900
/workspace/atlas-rental/src/atlas/kernels/hopper/qwen3.6-27b/nvfp4/q4k_vendor/quantize_impl.cuh:172: ERROR: CUDA kernel quantize_mmq_nvfp4_worker has no device code compatible with CUDA arch 900. ggml-cuda.cu was compiled for: 900
/workspace/atlas-rental/src/atlas/kernels/hopper/qwen3.6-27b/nvfp4/q4k_vendor/quantize_impl.cuh:172: ERROR: CUDA kernel quantize_mmq_nvfp4_worker has no device code compatible with CUDA arch 900. ggml-cuda.cu was compiled for: 900
/workspace/atlas-rental/src/atlas/kernels/hopper/qwen3.6-27b/nvfp4/q4k_vendor/quantize_impl.cuh:172: ERROR: CUDA kernel quantize_mmq_nvfp4_worker has no device code compatible with CUDA arch 900. ggml-cuda.cu was compiled for: 900
/workspace/atlas-rental/src/atlas/kernels/hopper/qwen3.6-27b/nvfp4/q4k_vendor/quantize_impl.cuh:172: ERROR: CUDA kernel quantize_mmq_nvfp4_worker has no device code compatible with CUDA arch 900. ggml-cuda.cu was compiled for: 900
/workspace/atlas-rental/src/atlas/kernels/hopper/qwen3.6-27b/nvfp4/q4k_vendor/quantize_impl.cuh:172: ERROR: CUDA kernel quantize_mmq_nvfp4_worker has no device code compatible with CUDA arch 900. ggml-cuda.cu was compiled for: 900
/workspace/atlas-rental/src/atlas/kernels/hopper/qwen3.6-27b/nvfp4/q4k_vendor/quantize_impl.cuh:172: ERROR: CUDA kernel quantize_mmq_nvfp4_worker has no device code compatible with CUDA arch 900. ggml-cuda.cu was compiled for: 900
/workspace/atlas-rental/src/atlas/kernels/hopper/qwen3.6-27b/nvfp4/q4k_vendor/quantize_impl.cuh:172: ERROR: CUDA kernel quantize_mmq_nvfp4_worker has no device code compatible with CUDA arch 900. ggml-cuda.cu was compiled for: 900
/workspace/atlas-rental/src/atlas/kernels/hopper/qwen3.6-27b/nvfp4/q4k_vendor/quantize_impl.cuh:172: ERROR: CUDA kernel quantize_mmq_nvfp4_worker has no device code compatible with CUDA arch 900. ggml-cuda.cu was compiled for: 900
/workspace/atlas-rental/src/atlas/kernels/hopper/qwen3.6-27b/nvfp4/q4k_vendor/quantize_impl.cuh:172: ERROR: CUDA kernel quantize_mmq_nvfp4_worker has no device code compatible with CUDA arch 900. ggml-cuda.cu was compiled for: 900
/workspace/atlas-rental/src/atlas/kernels/hopper/qwen3.6-27b/nvfp4/q4k_vendor/quantize_impl.cuh:172: ERROR: CUDA kernel quantize_mmq_nvfp4_worker has no device code compatible with CUDA arch 900. ggml-cuda.cu was compiled for: 900
/workspace/atlas-rental/src/atlas/kernels/hopper/qwen3.6-27b/nvfp4/q4k_vendor/quantize_impl.cuh:172: ERROR: CUDA kernel quantize_mmq_nvfp4_worker has no device code compatible with CUDA arch 900. ggml-cuda.cu was compiled for: 900
/workspace/atlas-rental/src/atlas/kernels/hopper/qwen3.6-27b/nvfp4/q4k_vendor/quantize_impl.cuh:172: ERROR: CUDA kernel quantize_mmq_nvfp4_worker has no device code compatible with CUDA arch 900. ggml-cuda.cu was compiled for: 900
/workspace/atlas-rental/src/atlas/kernels/hopper/qwen3.6-27b/nvfp4/q4k_vendor/quantize_impl.cuh:172: ERROR: CUDA kernel quantize_mmq_nvfp4_worker has no device code compatible with CUDA arch 900. ggml-cuda.cu was compiled for: 900
/workspace/atlas-rental/src/atlas/kernels/hopper/qwen3.6-27b/nvfp4/q4k_vendor/quantize_impl.cuh:172: ERROR: CUDA kernel quantize_mmq_nvfp4_worker has no device code compatible with CUDA arch 900. ggml-cuda.cu was compiled for: 900
/workspace/atlas-rental/src/atlas/kernels/hopper/qwen3.6-27b/nvfp4/q4k_vendor/quantize_impl.cuh:172: ERROR: CUDA kernel quantize_mmq_nvfp4_worker has no device code compatible with CUDA arch 900. ggml-cuda.cu was compiled for: 900
/workspace/atlas-rental/src/atlas/kernels/hopper/qwen3.6-27b/nvfp4/q4k_vendor/quantize_impl.cuh:172: ERROR: CUDA kernel quantize_mmq_nvfp4_worker has no device code compatible with CUDA arch 900. ggml-cuda.cu was compiled for: 900
/workspace/atlas-rental/src/atlas/kernels/hopper/qwen3.6-27b/nvfp4/q4k_vendor/quantize_impl.cuh:172: ERROR: CUDA kernel quantize_mmq_nvfp4_worker has no device code compatible with CUDA arch 900. ggml-cuda.cu was compiled for: 900
/workspace/atlas-rental/src/atlas/kernels/hopper/qwen3.6-27b/nvfp4/q4k_vendor/quantize_impl.cuh:172: ERROR: CUDA kernel quantize_mmq_nvfp4_worker has no device code compatible with CUDA arch 900. ggml-cuda.cu was compiled for: 900
/workspace/atlas-rental/src/atlas/kernels/hopper/qwen3.6-27b/nvfp4/q4k_vendor/quantize_impl.cuh:172: ERROR: CUDA kernel quantize_mmq_nvfp4_worker has no device code compatible with CUDA arch 900. ggml-cuda.cu was compiled for: 900
/workspace/atlas-rental/src/atlas/kernels/hopper/qwen3.6-27b/nvfp4/q4k_vendor/quantize_impl.cuh:172: ERROR: CUDA kernel quantize_mmq_nvfp4_worker has no device code compatible with CUDA arch 900. ggml-cuda.cu was compiled for: 900
/workspace/atlas-rental/src/atlas/kernels/hopper/qwen3.6-27b/nvfp4/q4k_vendor/quantize_impl.cuh:172: ERROR: CUDA kernel quantize_mmq_nvfp4_worker has no device code compatible with CUDA arch 900. ggml-cuda.cu was compiled for: 900
/workspace/atlas-rental/src/atlas/kernels/hopper/qwen3.6-27b/nvfp4/q4k_vendor/quantize_impl.cuh:172: ERROR: CUDA kernel quantize_mmq_nvfp4_worker has no device code compatible with CUDA arch 900. ggml-cuda.cu was compiled for: 900
/workspace/atlas-rental/src/atlas/kernels/hopper/qwen3.6-27b/nvfp4/q4k_vendor/quantize_impl.cuh:172: ERROR: CUDA kernel quantize_mmq_nvfp4_worker has no device code compatible with CUDA arch 900. ggml-cuda.cu was compiled for: 900
/workspace/atlas-rental/src/atlas/kernels/hopper/qwen3.6-27b/nvfp4/q4k_vendor/quantize_impl.cuh:172: ERROR: CUDA kernel quantize_mmq_nvfp4_worker has no device code compatible with CUDA arch 900. ggml-cuda.cu was compiled for: 900
/workspace/atlas-rental/src/atlas/kernels/hopper/qwen3.6-27b/nvfp4/q4k_vendor/quantize_impl.cuh:172: ERROR: CUDA kernel quantize_mmq_nvfp4_worker has no device code compatible with CUDA arch 900. ggml-cuda.cu was compiled for: 900
/workspace/atlas-rental/src/atlas/kernels/hopper/qwen3.6-27b/nvfp4/q4k_vendor/quantize_impl.cuh:172: ERROR: CUDA kernel quantize_mmq_nvfp4_worker has no device code compatible with CUDA arch 900. ggml-cuda.cu was compiled for: 900
/workspace/atlas-rental/src/atlas/kernels/hopper/qwen3.6-27b/nvfp4/q4k_vendor/quantize_impl.cuh:172: ERROR: CUDA kernel quantize_mmq_nvfp4_worker has no device code compatible with CUDA arch 900. ggml-cuda.cu was compiled for: 900
/workspace/atlas-rental/src/atlas/kernels/hopper/qwen3.6-27b/nvfp4/q4k_vendor/quantize_impl.cuh:172: ERROR: CUDA kernel quantize_mmq_nvfp4_worker has no device code compatible with CUDA arch 900. ggml-cuda.cu was compiled for: 900
/workspace/atlas-rental/src/atlas/kernels/hopper/qwen3.6-27b/nvfp4/q4k_vendor/quantize_impl.cuh:172: ERROR: CUDA kernel quantize_mmq_nvfp4_worker has no device code compatible with CUDA arch 900. ggml-cuda.cu was compiled for: 900
/workspace/atlas-rental/src/atlas/kernels/hopper/qwen3.6-27b/nvfp4/q4k_vendor/quantize_impl.cuh:172: ERROR: CUDA kernel quantize_mmq_nvfp4_worker has no device code compatible with CUDA arch 900. ggml-cuda.cu was compiled for: 900
/workspace/atlas-rental/src/atlas/kernels/hopper/qwen3.6-27b/nvfp4/q4k_vendor/quantize_impl.cuh:172: ERROR: CUDA kernel quantize_mmq_nvfp4_worker has no device code compatible with CUDA arch 900. ggml-cuda.cu was compiled for: 900
/workspace/atlas-rental/src/atlas/kernels/hopper/qwen3.6-27b/nvfp4/q4k_vendor/quantize_impl.cuh:172: ERROR: CUDA kernel quantize_mmq_nvfp4_worker has no device code compatible with CUDA arch 900. ggml-cuda.cu was compiled for: 900
/workspace/atlas-rental/src/atlas/kernels/hopper/qwen3.6-27b/nvfp4/q4k_vendor/quantize_impl.cuh:172: ERROR: CUDA kernel quantize_mmq_nvfp4_worker has no device code compatible with CUDA arch 900. ggml-cuda.cu was compiled for: 900
/workspace/atlas-rental/src/atlas/kernels/hopper/qwen3.6-27b/nvfp4/q4k_vendor/quantize_impl.cuh:172: ERROR: CUDA kernel quantize_mmq_nvfp4_worker has no device code compatible with CUDA arch 900. ggml-cuda.cu was compiled for: 900
/workspace/atlas-rental/src/atlas/kernels/hopper/qwen3.6-27b/nvfp4/q4k_vendor/quantize_impl.cuh:172: ERROR: CUDA kernel quantize_mmq_nvfp4_worker has no device code compatible with CUDA arch 900. ggml-cuda.cu was compiled for: 900
/workspace/atlas-rental/src/atlas/kernels/hopper/qwen3.6-27b/nvfp4/q4k_vendor/quantize_impl.cuh:172: ERROR: CUDA kernel quantize_mmq_nvfp4_worker has no device code compatible with CUDA arch 900. ggml-cuda.cu was compiled for: 900
/workspace/atlas-rental/src/atlas/kernels/hopper/qwen3.6-27b/nvfp4/q4k_vendor/quantize_impl.cuh:172: ERROR: CUDA kernel quantize_mmq_nvfp4_worker has no device code compatible with CUDA arch 900. ggml-cuda.cu was compiled for: 900
/workspace/atlas-rental/src/atlas/kernels/hopper/qwen3.6-27b/nvfp4/q4k_vendor/quantize_impl.cuh:172: ERROR: CUDA kernel quantize_mmq_nvfp4_worker has no device code compatible with CUDA arch 900. ggml-cuda.cu was compiled for: 900
/workspace/atlas-rental/src/atlas/kernels/hopper/qwen3.6-27b/nvfp4/q4k_vendor/quantize_impl.cuh:172: ERROR: CUDA kernel quantize_mmq_nvfp4_worker has no device code compatible with CUDA arch 900. ggml-cuda.cu was compiled for: 900
/workspace/atlas-rental/src/atlas/kernels/hopper/qwen3.6-27b/nvfp4/q4k_vendor/quantize_impl.cuh:172: ERROR: CUDA kernel quantize_mmq_nvfp4_worker has no device code compatible with CUDA arch 900. ggml-cuda.cu was compiled for: 900
/workspace/atlas-rental/src/atlas/kernels/hopper/qwen3.6-27b/nvfp4/q4k_vendor/quantize_impl.cuh:172: ERROR: CUDA kernel quantize_mmq_nvfp4_worker has no device code compatible with CUDA arch 900. ggml-cuda.cu was compiled for: 900
/workspace/atlas-rental/src/atlas/kernels/hopper/qwen3.6-27b/nvfp4/q4k_vendor/quantize_impl.cuh:172: ERROR: CUDA kernel quantize_mmq_nvfp4_worker has no device code compatible with CUDA arch 900. ggml-cuda.cu was compiled for: 900
/workspace/atlas-rental/src/atlas/kernels/hopper/qwen3.6-27b/nvfp4/q4k_vendor/quantize_impl.cuh:172: ERROR: CUDA kernel quantize_mmq_nvfp4_worker has no device code compatible with CUDA arch 900. ggml-cuda.cu was compiled for: 900
/workspace/atlas-rental/src/atlas/kernels/hopper/qwen3.6-27b/nvfp4/q4k_vendor/quantize_impl.cuh:172: ERROR: CUDA kernel quantize_mmq_nvfp4_worker has no device code compatible with CUDA arch 900. ggml-cuda.cu was compiled for: 900
/workspace/atlas-rental/src/atlas/kernels/hopper/qwen3.6-27b/nvfp4/q4k_vendor/quantize_impl.cuh:172: ERROR: CUDA kernel quantize_mmq_nvfp4_worker has no device code compatible with CUDA arch 900. ggml-cuda.cu was compiled for: 900
/workspace/atlas-rental/src/atlas/kernels/hopper/qwen3.6-27b/nvfp4/q4k_vendor/quantize_impl.cuh:172: ERROR: CUDA kernel quantize_mmq_nvfp4_worker has no device code compatible with CUDA arch 900. ggml-cuda.cu was compiled for: 900
/workspace/atlas-rental/src/atlas/kernels/hopper/qwen3.6-27b/nvfp4/q4k_vendor/quantize_impl.cuh:172: ERROR: CUDA kernel quantize_mmq_nvfp4_worker has no device code compatible with CUDA arch 900. ggml-cuda.cu was compiled for: 900
/workspace/atlas-rental/src/atlas/kernels/hopper/qwen3.6-27b/nvfp4/q4k_vendor/quantize_impl.cuh:172: ERROR: CUDA kernel quantize_mmq_nvfp4_worker has no device code compatible with CUDA arch 900. ggml-cuda.cu was compiled for: 900
/workspace/atlas-rental/src/atlas/kernels/hopper/qwen3.6-27b/nvfp4/q4k_vendor/quantize_impl.cuh:172: ERROR: CUDA kernel quantize_mmq_nvfp4_worker has no device code compatible with CUDA arch 900. ggml-cuda.cu was compiled for: 900
/workspace/atlas-rental/src/atlas/kernels/hopper/qwen3.6-27b/nvfp4/q4k_vendor/quantize_impl.cuh:172: ERROR: CUDA kernel quantize_mmq_nvfp4_worker has no device code compatible with CUDA arch 900. ggml-cuda.cu was compiled for: 900
/workspace/atlas-rental/src/atlas/kernels/hopper/qwen3.6-27b/nvfp4/q4k_vendor/quantize_impl.cuh:172: ERROR: CUDA kernel quantize_mmq_nvfp4_worker has no device code compatible with CUDA arch 900. ggml-cuda.cu was compiled for: 900
/workspace/atlas-rental/src/atlas/kernels/hopper/qwen3.6-27b/nvfp4/q4k_vendor/quantize_impl.cuh:172: ERROR: CUDA kernel quantize_mmq_nvfp4_worker has no device code compatible with CUDA arch 900. ggml-cuda.cu was compiled for: 900
/workspace/atlas-rental/src/atlas/kernels/hopper/qwen3.6-27b/nvfp4/q4k_vendor/quantize_impl.cuh:172: ERROR: CUDA kernel quantize_mmq_nvfp4_worker has no device code compatible with CUDA arch 900. ggml-cuda.cu was compiled for: 900
/workspace/atlas-rental/src/atlas/kernels/hopper/qwen3.6-27b/nvfp4/q4k_vendor/quantize_impl.cuh:172: ERROR: CUDA kernel quantize_mmq_nvfp4_worker has no device code compatible with CUDA arch 900. ggml-cuda.cu was compiled for: 900
/workspace/atlas-rental/src/atlas/kernels/hopper/qwen3.6-27b/nvfp4/q4k_vendor/quantize_impl.cuh:172: ERROR: CUDA kernel quantize_mmq_nvfp4_worker has no device code compatible with CUDA arch 900. ggml-cuda.cu was compiled for: 900
/workspace/atlas-rental/src/atlas/kernels/hopper/qwen3.6-27b/nvfp4/q4k_vendor/quantize_impl.cuh:172: ERROR: CUDA kernel quantize_mmq_nvfp4_worker has no device code compatible with CUDA arch 900. ggml-cuda.cu was compiled for: 900
/workspace/atlas-rental/src/atlas/kernels/hopper/qwen3.6-27b/nvfp4/q4k_vendor/quantize_impl.cuh:172: ERROR: CUDA kernel quantize_mmq_nvfp4_worker has no device code compatible with CUDA arch 900. ggml-cuda.cu was compiled for: 900
/workspace/atlas-rental/src/atlas/kernels/hopper/qwen3.6-27b/nvfp4/q4k_vendor/quantize_impl.cuh:172: ERROR: CUDA kernel quantize_mmq_nvfp4_worker has no device code compatible with CUDA arch 900. ggml-cuda.cu was compiled for: 900
/workspace/atlas-rental/src/atlas/kernels/hopper/qwen3.6-27b/nvfp4/q4k_vendor/quantize_impl.cuh:172: ERROR: CUDA kernel quantize_mmq_nvfp4_worker has no device code compatible with CUDA arch 900. ggml-cuda.cu was compiled for: 900
/workspace/atlas-rental/src/atlas/kernels/hopper/qwen3.6-27b/nvfp4/q4k_vendor/quantize_impl.cuh:172: ERROR: CUDA kernel quantize_mmq_nvfp4_worker has no device code compatible with CUDA arch 900. ggml-cuda.cu was compiled for: 900
/workspace/atlas-rental/src/atlas/kernels/hopper/qwen3.6-27b/nvfp4/q4k_vendor/quantize_impl.cuh:172: ERROR: CUDA kernel quantize_mmq_nvfp4_worker has no device code compatible with CUDA arch 900. ggml-cuda.cu was compiled for: 900
/workspace/atlas-rental/src/atlas/kernels/hopper/qwen3.6-27b/nvfp4/q4k_vendor/quantize_impl.cuh:172: ERROR: CUDA kernel quantize_mmq_nvfp4_worker has no device code compatible with CUDA arch 900. ggml-cuda.cu was compiled for: 900
/workspace/atlas-rental/src/atlas/kernels/hopper/qwen3.6-27b/nvfp4/q4k_vendor/quantize_impl.cuh:172: ERROR: CUDA kernel quantize_mmq_nvfp4_worker has no device code compatible with CUDA arch 900. ggml-cuda.cu was compiled for: 900
/workspace/atlas-rental/src/atlas/kernels/hopper/qwen3.6-27b/nvfp4/q4k_vendor/quantize_impl.cuh:172: ERROR: CUDA kernel quantize_mmq_nvfp4_worker has no device code compatible with CUDA arch 900. ggml-cuda.cu was compiled for: 900
/workspace/atlas-rental/src/atlas/kernels/hopper/qwen3.6-27b/nvfp4/q4k_vendor/quantize_impl.cuh:172: ERROR: CUDA kernel quantize_mmq_nvfp4_worker has no device code compatible with CUDA arch 900. ggml-cuda.cu was compiled for: 900
/workspace/atlas-rental/src/atlas/kernels/hopper/qwen3.6-27b/nvfp4/q4k_vendor/quantize_impl.cuh:172: ERROR: CUDA kernel quantize_mmq_nvfp4_worker has no device code compatible with CUDA arch 900. ggml-cuda.cu was compiled for: 900
/workspace/atlas-rental/src/atlas/kernels/hopper/qwen3.6-27b/nvfp4/q4k_vendor/quantize_impl.cuh:172: ERROR: CUDA kernel quantize_mmq_nvfp4_worker has no device code compatible with CUDA arch 900. ggml-cuda.cu was compiled for: 900
/workspace/atlas-rental/src/atlas/kernels/hopper/qwen3.6-27b/nvfp4/q4k_vendor/quantize_impl.cuh:172: ERROR: CUDA kernel quantize_mmq_nvfp4_worker has no device code compatible with CUDA arch 900. ggml-cuda.cu was compiled for: 900
/workspace/atlas-rental/src/atlas/kernels/hopper/qwen3.6-27b/nvfp4/q4k_vendor/quantize_impl.cuh:172: ERROR: CUDA kernel quantize_mmq_nvfp4_worker has no device code compatible with CUDA arch 900. ggml-cuda.cu was compiled for: 900
/workspace/atlas-rental/src/atlas/kernels/hopper/qwen3.6-27b/nvfp4/q4k_vendor/quantize_impl.cuh:172: ERROR: CUDA kernel quantize_mmq_nvfp4_worker has no device code compatible with CUDA arch 900. ggml-cuda.cu was compiled for: 900
/workspace/atlas-rental/src/atlas/kernels/hopper/qwen3.6-27b/nvfp4/q4k_vendor/quantize_impl.cuh:172: ERROR: CUDA kernel quantize_mmq_nvfp4_worker has no device code compatible with CUDA arch 900. ggml-cuda.cu was compiled for: 900
/workspace/atlas-rental/src/atlas/kernels/hopper/qwen3.6-27b/nvfp4/q4k_vendor/quantize_impl.cuh:172: ERROR: CUDA kernel quantize_mmq_nvfp4_worker has no device code compatible with CUDA arch 900. ggml-cuda.cu was compiled for: 900
/workspace/atlas-rental/src/atlas/kernels/hopper/qwen3.6-27b/nvfp4/q4k_vendor/quantize_impl.cuh:172: ERROR: CUDA kernel quantize_mmq_nvfp4_worker has no device code compatible with CUDA arch 900. ggml-cuda.cu was compiled for: 900
/workspace/atlas-rental/src/atlas/kernels/hopper/qwen3.6-27b/nvfp4/q4k_vendor/quantize_impl.cuh:172: ERROR: CUDA kernel quantize_mmq_nvfp4_worker has no device code compatible with CUDA arch 900. ggml-cuda.cu was compiled for: 900
/workspace/atlas-rental/src/atlas/kernels/hopper/qwen3.6-27b/nvfp4/q4k_vendor/quantize_impl.cuh:172: ERROR: CUDA kernel quantize_mmq_nvfp4_worker has no device code compatible with CUDA arch 900. ggml-cuda.cu was compiled for: 900
/workspace/atlas-rental/src/atlas/kernels/hopper/qwen3.6-27b/nvfp4/q4k_vendor/quantize_impl.cuh:172: ERROR: CUDA kernel quantize_mmq_nvfp4_worker has no device code compatible with CUDA arch 900. ggml-cuda.cu was compiled for: 900
/workspace/atlas-rental/src/atlas/kernels/hopper/qwen3.6-27b/nvfp4/q4k_vendor/quantize_impl.cuh:172: ERROR: CUDA kernel quantize_mmq_nvfp4_worker has no device code compatible with CUDA arch 900. ggml-cuda.cu was compiled for: 900
/workspace/atlas-rental/src/atlas/kernels/hopper/qwen3.6-27b/nvfp4/q4k_vendor/quantize_impl.cuh:172: ERROR: CUDA kernel quantize_mmq_nvfp4_worker has no device code compatible with CUDA arch 900. ggml-cuda.cu was compiled for: 900
/workspace/atlas-rental/src/atlas/kernels/hopper/qwen3.6-27b/nvfp4/q4k_vendor/quantize_impl.cuh:172: ERROR: CUDA kernel quantize_mmq_nvfp4_worker has no device code compatible with CUDA arch 900. ggml-cuda.cu was compiled for: 900
/workspace/atlas-rental/src/atlas/kernels/hopper/qwen3.6-27b/nvfp4/q4k_vendor/quantize_impl.cuh:172: ERROR: CUDA kernel quantize_mmq_nvfp4_worker has no device code compatible with CUDA arch 900. ggml-cuda.cu was compiled for: 900
/workspace/atlas-rental/src/atlas/kernels/hopper/qwen3.6-27b/nvfp4/q4k_vendor/quantize_impl.cuh:172: ERROR: CUDA kernel quantize_mmq_nvfp4_worker has no device code compatible with CUDA arch 900. ggml-cuda.cu was compiled for: 900
/workspace/atlas-rental/src/atlas/kernels/hopper/qwen3.6-27b/nvfp4/q4k_vendor/quantize_impl.cuh:172: ERROR: CUDA kernel quantize_mmq_nvfp4_worker has no device code compatible with CUDA arch 900. ggml-cuda.cu was compiled for: 900
/workspace/atlas-rental/src/atlas/kernels/hopper/qwen3.6-27b/nvfp4/q4k_vendor/quantize_impl.cuh:172: ERROR: CUDA kernel quantize_mmq_nvfp4_worker has no device code compatible with CUDA arch 900. ggml-cuda.cu was compiled for: 900
/workspace/atlas-rental/src/atlas/kernels/hopper/qwen3.6-27b/nvfp4/q4k_vendor/quantize_impl.cuh:172: ERROR: CUDA kernel quantize_mmq_nvfp4_worker has no device code compatible with CUDA arch 900. ggml-cuda.cu was compiled for: 900
/workspace/atlas-rental/src/atlas/kernels/hopper/qwen3.6-27b/nvfp4/q4k_vendor/quantize_impl.cuh:172: ERROR: CUDA kernel quantize_mmq_nvfp4_worker has no device code compatible with CUDA arch 900. ggml-cuda.cu was compiled for: 900
/workspace/atlas-rental/src/atlas/kernels/hopper/qwen3.6-27b/nvfp4/q4k_vendor/quantize_impl.cuh:172: ERROR: CUDA kernel quantize_mmq_nvfp4_worker has no device code compatible with CUDA arch 900. ggml-cuda.cu was compiled for: 900
/workspace/atlas-rental/src/atlas/kernels/hopper/qwen3.6-27b/nvfp4/q4k_vendor/quantize_impl.cuh:172: ERROR: CUDA kernel quantize_mmq_nvfp4_worker has no device code compatible with CUDA arch 900. ggml-cuda.cu was compiled for: 900
/workspace/atlas-rental/src/atlas/kernels/hopper/qwen3.6-27b/nvfp4/q4k_vendor/quantize_impl.cuh:172: ERROR: CUDA kernel quantize_mmq_nvfp4_worker has no device code compatible with CUDA arch 900. ggml-cuda.cu was compiled for: 900
/workspace/atlas-rental/src/atlas/kernels/hopper/qwen3.6-27b/nvfp4/q4k_vendor/quantize_impl.cuh:172: ERROR: CUDA kernel quantize_mmq_nvfp4_worker has no device code compatible with CUDA arch 900. ggml-cuda.cu was compiled for: 900
/workspace/atlas-rental/src/atlas/kernels/hopper/qwen3.6-27b/nvfp4/q4k_vendor/quantize_impl.cuh:172: ERROR: CUDA kernel quantize_mmq_nvfp4_worker has no device code compatible with CUDA arch 900. ggml-cuda.cu was compiled for: 900
/workspace/atlas-rental/src/atlas/kernels/hopper/qwen3.6-27b/nvfp4/q4k_vendor/quantize_impl.cuh:172: ERROR: CUDA kernel quantize_mmq_nvfp4_worker has no device code compatible with CUDA arch 900. ggml-cuda.cu was compiled for: 900
/workspace/atlas-rental/src/atlas/kernels/hopper/qwen3.6-27b/nvfp4/q4k_vendor/quantize_impl.cuh:172: ERROR: CUDA kernel quantize_mmq_nvfp4_worker has no device code compatible with CUDA arch 900. ggml-cuda.cu was compiled for: 900
/workspace/atlas-rental/src/atlas/kernels/hopper/qwen3.6-27b/nvfp4/q4k_vendor/quantize_impl.cuh:172: ERROR: CUDA kernel quantize_mmq_nvfp4_worker has no device code compatible with CUDA arch 900. ggml-cuda.cu was compiled for: 900
/workspace/atlas-rental/src/atlas/kernels/hopper/qwen3.6-27b/nvfp4/q4k_vendor/quantize_impl.cuh:172: ERROR: CUDA kernel quantize_mmq_nvfp4_worker has no device code compatible with CUDA arch 900. ggml-cuda.cu was compiled for: 900
/workspace/atlas-rental/src/atlas/kernels/hopper/qwen3.6-27b/nvfp4/q4k_vendor/quantize_impl.cuh:172: ERROR: CUDA kernel quantize_mmq_nvfp4_worker has no device code compatible with CUDA arch 900. ggml-cuda.cu was compiled for: 900
/workspace/atlas-rental/src/atlas/kernels/hopper/qwen3.6-27b/nvfp4/q4k_vendor/quantize_impl.cuh:172: ERROR: CUDA kernel quantize_mmq_nvfp4_worker has no device code compatible with CUDA arch 900. ggml-cuda.cu was compiled for: 900
/workspace/atlas-rental/src/atlas/kernels/hopper/qwen3.6-27b/nvfp4/q4k_vendor/quantize_impl.cuh:172: ERROR: CUDA kernel quantize_mmq_nvfp4_worker has no device code compatible with CUDA arch 900. ggml-cuda.cu was compiled for: 900
/workspace/atlas-rental/src/atlas/kernels/hopper/qwen3.6-27b/nvfp4/q4k_vendor/quantize_impl.cuh:172: ERROR: CUDA kernel quantize_mmq_nvfp4_worker has no device code compatible with CUDA arch 900. ggml-cuda.cu was compiled for: 900
/workspace/atlas-rental/src/atlas/kernels/hopper/qwen3.6-27b/nvfp4/q4k_vendor/quantize_impl.cuh:172: ERROR: CUDA kernel quantize_mmq_nvfp4_worker has no device code compatible with CUDA arch 900. ggml-cuda.cu was compiled for: 900
[2m2026-09-05T22:48:26.831075Z[0m [31mERROR[0m [2matlas::fault[0m[2m:[0m cuMemsetD8Async failed (status 719), and a no-op synchronize issued afterwards also failed (CUDA_ERROR_LAUNCH_FAILED (719): unspecified launch failure) — the CUDA context is destroyed. Errors of this class are sticky: every later driver call in this process returns the same status, so no request can be served.
[2m2026-09-05T22:48:26.831089Z[0m [31mERROR[0m [2mspark_model::model::trait_impl::sequence[0m[2m:[0m free_sequence: ssm_pool.zero_slot(0): cuMemsetD8Async failed: status 719
[2m2026-09-05T22:48:26.831096Z[0m [31mERROR[0m [2mspark_model::model::trait_impl::sequence[0m[2m:[0m free_sequence: gpu.synchronize after zero_slot(0): cuStreamSynchronize failed: CUDA_ERROR_LAUNCH_FAILED (719): unspecified launch failure
[2m2026-09-05T22:48:26.831111Z[0m [31mERROR[0m [2mspark::scheduler::phase_start_prefills[0m[2m:[0m Prefill start error: Prefill chunk layer 11 failed: cuStreamSynchronize failed: CUDA_ERROR_LAUNCH_FAILED (719): unspecified launch failure
[2m2026-09-05T22:48:27.098438Z[0m [32m INFO[0m [2mspark::tui::shutdown[0m[2m:[0m Shutdown requested (SIGTERM) — draining in-flight requests
[2m2026-09-05T22:48:27.098650Z[0m [32m INFO[0m [2mspark::tui::shutdown[0m[2m:[0m Drain complete — no active requests
[2m2026-09-05T22:48:27.098692Z[0m [32m INFO[0m [2mspark::main_modules::serve_router[0m[2m:[0m Shutdown complete
[2m2026-09-05T22:48:27.170087Z[0m [31mERROR[0m [2mspark[0m[2m:[0m Exiting after a fatal GPU fault (cuMemsetD8Async failed (status 719), and a no-op synchronize issued afterwards also failed (CUDA_ERROR_LAUNCH_FAILED (719): unspecified launch failure) — the CUDA context is destroyed. Errors of this class are sticky: every later driver call in this process returns the same status, so no request can be served.). The CUDA context is destroyed and cannot be recovered in-process; restart the server.
[2m2026-09-05T22:48:27.170434Z[0m [31mERROR[0m [2mspark::scheduler[0m[2m:[0m could not synchronise the default stream before teardown — freeing anyway, but device memory may still be in use
[2m2026-09-05T22:48:27.170489Z[0m [31mERROR[0m [2mspark::scheduler[0m[2m:[0m could not synchronise the prefill stream before teardown — freeing anyway, but device memory may still be in use
[2m2026-09-05T22:48:27.172521Z[0m [33m WARN[0m [2mspark_runtime::cuda_backend[0m[2m:[0m sweep: 1409 allocation(s) totalling 27.76 GB had no owner; largest sites: crates/spark-model/src/weight_map/loaders_fp8.rs:229 (9565.7 MB x257), crates/spark-model/src/layers/dense_ffn.rs:653 (9180.0 MB x192), crates/spark-model/src/weight_loader/qwen35_dense.rs:135 (3840.0 MB x48), crates/spark-model/src/weight_map/loaders_fp8.rs:230 (1195.7 MB x257), crates/spark-model/src/weight_map/quantized.rs:261 (800.0 MB x64)
[2m2026-09-05T22:48:27.172567Z[0m [33m WARN[0m [2mspark_model::model::types[0m[2m:[0m teardown swept 1409 allocation(s) that no ModelResource released — they are reclaimed, but each one is memory whose owner is unaccounted for
[2m2026-09-05T22:48:27.172578Z[0m [32m INFO[0m [2mspark::scheduler[0m[2m:[0m Scheduler stopped
