2026-09-06T04:51:37.5618920Z Current runner version: '2.337.0'
2026-09-06T04:51:37.5621330Z Runner name: 'apple-48gb-metal'
2026-09-06T04:51:37.5621630Z Runner group name: 'Default'
2026-09-06T04:51:37.5622040Z Machine name: 'apple-48gb-metal'
2026-09-06T04:51:37.5623180Z ##[group]GITHUB_TOKEN Permissions
2026-09-06T04:51:37.5623870Z Contents: read
2026-09-06T04:51:37.5624100Z Metadata: read
2026-09-06T04:51:37.5624350Z ##[endgroup]
2026-09-06T04:51:37.5625070Z Secret source: None
2026-09-06T04:51:37.5625480Z Prepare workflow directory
2026-09-06T04:51:37.5878360Z Prepare all required actions
2026-09-06T04:51:37.5900800Z Getting action download info
2026-09-06T04:51:37.8092660Z Download action repository 'actions/checkout@3d3c42e5aac5ba805825da76410c181273ba90b1' (SHA:3d3c42e5aac5ba805825da76410c181273ba90b1)
2026-09-06T04:51:38.3192180Z Download action repository 'dtolnay/rust-toolchain@4360b52568e2003a75bf9bc1d59f33a8e3fc893c' (SHA:4360b52568e2003a75bf9bc1d59f33a8e3fc893c)
2026-09-06T04:51:38.5589940Z Download action repository 'Swatinem/rust-cache@6323deb102c322ba6fcbdcafc7e3dddab59af2b6' (SHA:6323deb102c322ba6fcbdcafc7e3dddab59af2b6)
2026-09-06T04:51:39.0766250Z Complete job name: cargo test --features metal (macOS aarch64)
2026-09-06T04:51:39.0966250Z A job started hook has been configured by the self-hosted runner administrator
2026-09-06T04:51:39.1047100Z ##[group]Run '/usr/local/lib/macciburst/pre-job-disk-guard.sh'
2026-09-06T04:51:39.1055500Z shell: /bin/bash --noprofile --norc -e -o pipefail {0}
2026-09-06T04:51:39.1056060Z ##[endgroup]
2026-09-06T04:51:39.1339600Z CI disk admission passed: 819 GiB free
2026-09-06T04:51:39.1495520Z ##[group]Run actions/checkout@3d3c42e5aac5ba805825da76410c181273ba90b1
2026-09-06T04:51:39.1496140Z with:
2026-09-06T04:51:39.1496550Z   repository: Avarok-Cybersecurity/atlas
2026-09-06T04:51:39.1500390Z   token: ***
2026-09-06T04:51:39.1500780Z   ssh-strict: true
2026-09-06T04:51:39.1501120Z   ssh-user: git
2026-09-06T04:51:39.1501470Z   persist-credentials: true
2026-09-06T04:51:39.1501860Z   clean: true
2026-09-06T04:51:39.1502300Z   sparse-checkout-cone-mode: true
2026-09-06T04:51:39.1502750Z   fetch-depth: 1
2026-09-06T04:51:39.1503170Z   fetch-tags: false
2026-09-06T04:51:39.1503560Z   show-progress: true
2026-09-06T04:51:39.1503950Z   lfs: false
2026-09-06T04:51:39.1504350Z   submodules: false
2026-09-06T04:51:39.1504740Z   set-safe-directory: true
2026-09-06T04:51:39.1505180Z   allow-unsafe-pr-checkout: false
2026-09-06T04:51:39.1505590Z env:
2026-09-06T04:51:39.1505900Z   CARGO_TERM_COLOR: always
2026-09-06T04:51:39.1506310Z   RUST_BACKTRACE: 1
2026-09-06T04:51:39.1506740Z   ATLAS_SKIP_BUILD: 1
2026-09-06T04:51:39.1507150Z   CUDARC_CUDA_VERSION: 13000
2026-09-06T04:51:39.1507570Z ##[endgroup]
2026-09-06T04:51:39.2186950Z Syncing repository: Avarok-Cybersecurity/atlas
2026-09-06T04:51:39.2188290Z ##[group]Getting Git version info
2026-09-06T04:51:39.2188950Z Working directory is '/Users/nologik/actions-runner-atlas/_work/atlas/atlas'
2026-09-06T04:51:39.2189950Z [command]/usr/bin/git version
2026-09-06T04:51:39.2260190Z git version 2.54.0 (Apple Git-157)
2026-09-06T04:51:39.2266980Z ##[endgroup]
2026-09-06T04:51:39.2271800Z Temporarily overriding HOME='/Users/nologik/actions-runner-atlas/_work/_temp/77f313e5-18e9-4e4e-92f6-d6af1aa27ac4' before making global git config changes
2026-09-06T04:51:39.2273410Z Adding repository directory to the temporary git global config as a safe directory
2026-09-06T04:51:39.2274560Z [command]/usr/bin/git config --global --add safe.directory /Users/nologik/actions-runner-atlas/_work/atlas/atlas
2026-09-06T04:51:39.2364660Z [command]/usr/bin/git config --local --get remote.origin.url
2026-09-06T04:51:39.2441650Z https://github.com/Avarok-Cybersecurity/atlas
2026-09-06T04:51:39.2448020Z ##[group]Removing previously created refs, to avoid conflicts
2026-09-06T04:51:39.2449350Z [command]/usr/bin/git rev-parse --symbolic-full-name --verify --quiet HEAD
2026-09-06T04:51:39.2526180Z HEAD
2026-09-06T04:51:39.2613260Z ##[endgroup]
2026-09-06T04:51:39.2613750Z [command]/usr/bin/git submodule status
2026-09-06T04:51:39.3275690Z ##[group]Cleaning the repository
2026-09-06T04:51:39.3277020Z [command]/usr/bin/git clean -ffdx
2026-09-06T04:51:39.5233100Z Removing target/
2026-09-06T04:51:39.5238110Z [command]/usr/bin/git reset --hard HEAD
2026-09-06T04:51:39.5424540Z HEAD is now at 8849e67 Merge 25214fcc3a604b0334888664bee281c5440c2250 into 8682329cce0dd8bec1d3775704e978533b00bf7a
2026-09-06T04:51:39.5428060Z ##[endgroup]
2026-09-06T04:51:39.5428910Z ##[group]Disabling automatic garbage collection
2026-09-06T04:51:39.5430520Z [command]/usr/bin/git config --local gc.auto 0
2026-09-06T04:51:39.5519220Z ##[endgroup]
2026-09-06T04:51:39.5519920Z ##[group]Setting up auth
2026-09-06T04:51:39.5520420Z Removing SSH command configuration
2026-09-06T04:51:39.5521580Z [command]/usr/bin/git config --local --name-only --get-regexp core\.sshCommand
2026-09-06T04:51:39.5600190Z [command]/usr/bin/git submodule foreach --recursive sh -c "git config --local --name-only --get-regexp 'core\.sshCommand' && git config --local --unset-all 'core.sshCommand' || :"
2026-09-06T04:51:39.6306320Z Removing HTTP extra header
2026-09-06T04:51:39.6308590Z [command]/usr/bin/git config --local --name-only --get-regexp http\.https\:\/\/github\.com\/\.extraheader
2026-09-06T04:51:39.6392840Z [command]/usr/bin/git submodule foreach --recursive sh -c "git config --local --name-only --get-regexp 'http\.https\:\/\/github\.com\/\.extraheader' && git config --local --unset-all 'http.https://github.com/.extraheader' || :"
2026-09-06T04:51:39.7062080Z Removing includeIf entries pointing to credentials config files
2026-09-06T04:51:39.7063470Z [command]/usr/bin/git config --local --name-only --get-regexp ^includeIf\.gitdir:
2026-09-06T04:51:39.7148930Z [command]/usr/bin/git submodule foreach --recursive git config --local --show-origin --name-only --get-regexp remote.origin.url
2026-09-06T04:51:39.7847740Z [command]/usr/bin/git config --file /Users/nologik/actions-runner-atlas/_work/_temp/git-credentials-19cdd275-ed90-4e85-88b9-a4d98b6c3203.config http.https://github.com/.extraheader AUTHORIZATION: basic ***
2026-09-06T04:51:39.7939150Z [command]/usr/bin/git config --local includeIf.gitdir:/Users/nologik/actions-runner-atlas/_work/atlas/atlas/.git.path /Users/nologik/actions-runner-atlas/_work/_temp/git-credentials-19cdd275-ed90-4e85-88b9-a4d98b6c3203.config
2026-09-06T04:51:39.8016900Z [command]/usr/bin/git config --local includeIf.gitdir:/Users/nologik/actions-runner-atlas/_work/atlas/atlas/.git/worktrees/*.path /Users/nologik/actions-runner-atlas/_work/_temp/git-credentials-19cdd275-ed90-4e85-88b9-a4d98b6c3203.config
2026-09-06T04:51:39.8093420Z [command]/usr/bin/git config --local includeIf.gitdir:/github/workspace/.git.path /github/runner_temp/git-credentials-19cdd275-ed90-4e85-88b9-a4d98b6c3203.config
2026-09-06T04:51:39.8172710Z [command]/usr/bin/git config --local includeIf.gitdir:/github/workspace/.git/worktrees/*.path /github/runner_temp/git-credentials-19cdd275-ed90-4e85-88b9-a4d98b6c3203.config
2026-09-06T04:51:39.8250030Z ##[endgroup]
2026-09-06T04:51:39.8250340Z ##[group]Fetching the repository
2026-09-06T04:51:39.8252690Z [command]/usr/bin/git -c protocol.version=2 fetch --no-tags --prune --no-recurse-submodules --depth=1 origin +1b311f1489291383ec9dded32d4f85a07450a3b0:refs/remotes/pull/895/merge
2026-09-06T04:51:40.4464870Z From https://github.com/Avarok-Cybersecurity/atlas
2026-09-06T04:51:40.4465270Z  * [new ref]         1b311f1489291383ec9dded32d4f85a07450a3b0 -> pull/895/merge
2026-09-06T04:51:40.4534610Z ##[endgroup]
2026-09-06T04:51:40.4534860Z ##[group]Determining the checkout info
2026-09-06T04:51:40.4535140Z ##[endgroup]
2026-09-06T04:51:40.4536060Z [command]/usr/bin/git sparse-checkout disable
2026-09-06T04:51:40.4650160Z [command]/usr/bin/git config --local --unset-all extensions.worktreeConfig
2026-09-06T04:51:40.4733280Z ##[group]Checking out the ref
2026-09-06T04:51:40.4734070Z [command]/usr/bin/git checkout --progress --force refs/remotes/pull/895/merge
2026-09-06T04:51:40.5269720Z Previous HEAD position was 8849e67 Merge 25214fcc3a604b0334888664bee281c5440c2250 into 8682329cce0dd8bec1d3775704e978533b00bf7a
2026-09-06T04:51:40.5306530Z HEAD is now at 1b311f1 Merge 8882f088b3e1382456c72a7288c267b8dc6985de into 8682329cce0dd8bec1d3775704e978533b00bf7a
2026-09-06T04:51:40.5314130Z ##[endgroup]
2026-09-06T04:51:40.5410030Z [command]/usr/bin/git log -1 --format=%H
2026-09-06T04:51:40.5495840Z 1b311f1489291383ec9dded32d4f85a07450a3b0
2026-09-06T04:51:40.5616600Z ##[group]Run dtolnay/rust-toolchain@4360b52568e2003a75bf9bc1d59f33a8e3fc893c
2026-09-06T04:51:40.5616840Z with:
2026-09-06T04:51:40.5616940Z   toolchain: stable
2026-09-06T04:51:40.5617050Z env:
2026-09-06T04:51:40.5617150Z   CARGO_TERM_COLOR: always
2026-09-06T04:51:40.5617270Z   RUST_BACKTRACE: 1
2026-09-06T04:51:40.5617380Z   ATLAS_SKIP_BUILD: 1
2026-09-06T04:51:40.5617490Z   CUDARC_CUDA_VERSION: 13000
2026-09-06T04:51:40.5617610Z ##[endgroup]
2026-09-06T04:51:40.5649770Z ##[start-action display=Parse toolchain version;id=__dtolnay_rust-toolchain.parse]
2026-09-06T04:51:40.5694840Z ##[group]Run if [[ -z $toolchain ]]; then
2026-09-06T04:51:40.5695070Z [36;1mif [[ -z $toolchain ]]; then[0m
2026-09-06T04:51:40.5695330Z [36;1m  # GitHub does not enforce `required: true` inputs itself. https://github.com/actions/runner/issues/1070[0m
2026-09-06T04:51:40.5695630Z [36;1m  echo "'toolchain' is a required input" >&2[0m
2026-09-06T04:51:40.5695800Z [36;1m  exit 1[0m
2026-09-06T04:51:40.5696040Z [36;1melif [[ $toolchain =~ ^stable' '[0-9]+' '(year|month|week|day)s?' 'ago$ ]]; then[0m
2026-09-06T04:51:40.5696260Z [36;1m  if [[ macOS == macOS ]]; then[0m
2026-09-06T04:51:40.5696530Z [36;1m    echo "toolchain=1.$((($(date -v-$(sed 's/stable \([0-9]*\) \(.\).*/\1\2/' <<< $toolchain) +%s)/60/60/24-16569)/7/6))" >> $GITHUB_OUTPUT[0m
2026-09-06T04:51:40.5696790Z [36;1m  else[0m
2026-09-06T04:51:40.5697000Z [36;1m    echo "toolchain=1.$((($(date --date "${toolchain#stable }" +%s)/60/60/24-16569)/7/6))" >> $GITHUB_OUTPUT[0m
2026-09-06T04:51:40.5697230Z [36;1m  fi[0m
2026-09-06T04:51:40.5697430Z [36;1melif [[ $toolchain =~ ^stable' 'minus' '[0-9]+' 'releases?$ ]]; then[0m
2026-09-06T04:51:40.5697700Z [36;1m  echo "toolchain=1.$((($(date +%s)/60/60/24-16569)/7/6-${toolchain//[^0-9]/}))" >> $GITHUB_OUTPUT[0m
2026-09-06T04:51:40.5697980Z [36;1melif [[ $toolchain =~ ^1\.[0-9]+$ ]]; then[0m
2026-09-06T04:51:40.5698250Z [36;1m  echo "toolchain=1.$((i=${toolchain#1.}, c=($(date +%s)/60/60/24-16569)/7/6, i+9*i*(10*i<=c)+90*i*(100*i<=c)))" >> $GITHUB_OUTPUT[0m
2026-09-06T04:51:40.5698500Z [36;1melse[0m
2026-09-06T04:51:40.5698640Z [36;1m  echo "toolchain=$toolchain" >> $GITHUB_OUTPUT[0m
2026-09-06T04:51:40.5698800Z [36;1mfi[0m
2026-09-06T04:51:40.5706750Z shell: /bin/bash --noprofile --norc -e -o pipefail {0}
2026-09-06T04:51:40.5706930Z env:
2026-09-06T04:51:40.5717910Z   CARGO_TERM_COLOR: always
2026-09-06T04:51:40.5718070Z   RUST_BACKTRACE: 1
2026-09-06T04:51:40.5718190Z   ATLAS_SKIP_BUILD: 1
2026-09-06T04:51:40.5718310Z   CUDARC_CUDA_VERSION: 13000
2026-09-06T04:51:40.5718430Z   toolchain: stable
2026-09-06T04:51:40.5718540Z ##[endgroup]
2026-09-06T04:51:40.5870660Z ##[end-action id=__dtolnay_rust-toolchain.parse;outcome=success;conclusion=success;duration_ms=22]
2026-09-06T04:51:40.5875930Z ##[start-action display=Construct rustup command line;id=__dtolnay_rust-toolchain.flags]
2026-09-06T04:51:40.5894700Z ##[group]Run echo "targets=$(for t in ${targets//,/ }; do echo -n ' --target' $t; done)" >> $GITHUB_OUTPUT
2026-09-06T04:51:40.5895070Z [36;1mecho "targets=$(for t in ${targets//,/ }; do echo -n ' --target' $t; done)" >> $GITHUB_OUTPUT[0m
2026-09-06T04:51:40.5895420Z [36;1mecho "components=$(for c in ${components//,/ }; do echo -n ' --component' $c; done)" >> $GITHUB_OUTPUT[0m
2026-09-06T04:51:40.5895660Z [36;1mecho "downgrade=" >> $GITHUB_OUTPUT[0m
2026-09-06T04:51:40.5902630Z shell: /bin/bash --noprofile --norc -e -o pipefail {0}
2026-09-06T04:51:40.5902820Z env:
2026-09-06T04:51:40.5902930Z   CARGO_TERM_COLOR: always
2026-09-06T04:51:40.5903070Z   RUST_BACKTRACE: 1
2026-09-06T04:51:40.5903370Z   ATLAS_SKIP_BUILD: 1
2026-09-06T04:51:40.5903490Z   CUDARC_CUDA_VERSION: 13000
2026-09-06T04:51:40.5903630Z   targets: 
2026-09-06T04:51:40.5903730Z   components: 
2026-09-06T04:51:40.5903850Z ##[endgroup]
2026-09-06T04:51:40.6046970Z ##[end-action id=__dtolnay_rust-toolchain.flags;outcome=success;conclusion=success;duration_ms=17]
2026-09-06T04:51:40.6048500Z ##[start-action display=Set $CARGO_HOME;id=__dtolnay_rust-toolchain.__run]
2026-09-06T04:51:40.6062610Z ##[group]Run echo CARGO_HOME=${CARGO_HOME:-"$HOME/.cargo"} >> $GITHUB_ENV
2026-09-06T04:51:40.6062850Z [36;1mecho CARGO_HOME=${CARGO_HOME:-"$HOME/.cargo"} >> $GITHUB_ENV[0m
2026-09-06T04:51:40.6070020Z shell: /bin/bash --noprofile --norc -e -o pipefail {0}
2026-09-06T04:51:40.6070200Z env:
2026-09-06T04:51:40.6070310Z   CARGO_TERM_COLOR: always
2026-09-06T04:51:40.6070440Z   RUST_BACKTRACE: 1
2026-09-06T04:51:40.6070550Z   ATLAS_SKIP_BUILD: 1
2026-09-06T04:51:40.6070680Z   CUDARC_CUDA_VERSION: 13000
2026-09-06T04:51:40.6070840Z ##[endgroup]
2026-09-06T04:51:40.6200950Z ##[end-action id=__dtolnay_rust-toolchain.__run;outcome=success;conclusion=success;duration_ms=15]
2026-09-06T04:51:40.6202240Z ##[start-action display=Install rustup if needed;id=__dtolnay_rust-toolchain.__run_2]
2026-09-06T04:51:40.6219490Z ##[group]Run if ! command -v rustup &>/dev/null; then
2026-09-06T04:51:40.6219730Z [36;1mif ! command -v rustup &>/dev/null; then[0m
2026-09-06T04:51:40.6220160Z [36;1m  curl --proto '=https' --tlsv1.2 --retry 10 --retry-connrefused --location --silent --show-error --fail https://sh.rustup.rs | sh -s -- --default-toolchain none -y[0m
2026-09-06T04:51:40.6220520Z [36;1m  echo "$CARGO_HOME/bin" >> $GITHUB_PATH[0m
2026-09-06T04:51:40.6220680Z [36;1mfi[0m
2026-09-06T04:51:40.6227130Z shell: /bin/bash --noprofile --norc -e -o pipefail {0}
2026-09-06T04:51:40.6227300Z env:
2026-09-06T04:51:40.6227420Z   CARGO_TERM_COLOR: always
2026-09-06T04:51:40.6227540Z   RUST_BACKTRACE: 1
2026-09-06T04:51:40.6227660Z   ATLAS_SKIP_BUILD: 1
2026-09-06T04:51:40.6227790Z   CUDARC_CUDA_VERSION: 13000
2026-09-06T04:51:40.6227940Z   CARGO_HOME: /Users/nologik/.cargo
2026-09-06T04:51:40.6228070Z ##[endgroup]
2026-09-06T04:51:40.8288840Z info: downloading installer
2026-09-06T04:51:41.8934330Z warn: it looks like you have an existing rustup settings file at:
2026-09-06T04:51:41.8934650Z warn: /Users/nologik/.rustup/settings.toml
2026-09-06T04:51:41.9289250Z info: profile set to default
2026-09-06T04:51:41.9289810Z info: default host tuple is aarch64-apple-darwin
2026-09-06T04:51:41.9290170Z info: skipping toolchain installation
2026-09-06T04:51:41.9290370Z 
2026-09-06T04:51:41.9292340Z 
2026-09-06T04:51:41.9292720Z Rust is installed now. Great!
2026-09-06T04:51:41.9293000Z 
2026-09-06T04:51:41.9293160Z To get started you may need to restart your current shell.
2026-09-06T04:51:41.9293650Z This would reload your PATH environment variable to include
2026-09-06T04:51:41.9294070Z Cargo's bin directory ($HOME/.cargo/bin).
2026-09-06T04:51:41.9294360Z 
2026-09-06T04:51:41.9294530Z To configure your current shell, you need to source the
2026-09-06T04:51:41.9294900Z corresponding env file under $HOME/.cargo.
2026-09-06T04:51:41.9295120Z 
2026-09-06T04:51:41.9295320Z Consider running the right command for your shell (note the leading DOT):
2026-09-06T04:51:41.9295760Z . "$HOME/.cargo/env"           # For sh/ash/dash/pdksh/zsh
2026-09-06T04:51:41.9296130Z source "$HOME/.cargo/env.tcsh" # For tcsh
2026-09-06T04:51:41.9381980Z ##[end-action id=__dtolnay_rust-toolchain.__run_2;outcome=success;conclusion=success;duration_ms=1317]
2026-09-06T04:51:41.9384460Z ##[start-action display=Install rustup if needed on windows;id=__dtolnay_rust-toolchain.__run_3]
2026-09-06T04:51:41.9390620Z ##[end-action id=__dtolnay_rust-toolchain.__run_3;outcome=skipped;conclusion=skipped;duration_ms=0]
2026-09-06T04:51:41.9398120Z ##[start-action display=rustup toolchain install stable;id=__dtolnay_rust-toolchain.__run_4]
2026-09-06T04:51:41.9444030Z ##[group]Run rustup toolchain install stable --profile minimal --no-self-update
2026-09-06T04:51:41.9444840Z [36;1mrustup toolchain install stable --profile minimal --no-self-update[0m
2026-09-06T04:51:41.9459850Z shell: /bin/bash --noprofile --norc -e -o pipefail {0}
2026-09-06T04:51:41.9460180Z env:
2026-09-06T04:51:41.9460420Z   CARGO_TERM_COLOR: always
2026-09-06T04:51:41.9460680Z   RUST_BACKTRACE: 1
2026-09-06T04:51:41.9461100Z   ATLAS_SKIP_BUILD: 1
2026-09-06T04:51:41.9461310Z   CUDARC_CUDA_VERSION: 13000
2026-09-06T04:51:41.9461550Z   CARGO_HOME: /Users/nologik/.cargo
2026-09-06T04:51:41.9461780Z   RUSTUP_PERMIT_COPY_RENAME: 1
2026-09-06T04:51:41.9462020Z ##[endgroup]
2026-09-06T04:51:42.2365120Z info: syncing channel updates for stable-aarch64-apple-darwin
2026-09-06T04:51:42.3694450Z 
2026-09-06T04:51:42.4030820Z   stable-aarch64-apple-darwin unchanged - rustc 1.98.1 (48a229cea 2026-09-01)
2026-09-06T04:51:42.4042690Z 
2026-09-06T04:51:42.4046390Z ##[end-action id=__dtolnay_rust-toolchain.__run_4;outcome=success;conclusion=success;duration_ms=463]
2026-09-06T04:51:42.4048850Z ##[start-action display=rustup default stable;id=__dtolnay_rust-toolchain.__run_5]
2026-09-06T04:51:42.4061210Z ##[group]Run rustup default stable
2026-09-06T04:51:42.4061370Z [36;1mrustup default stable[0m
2026-09-06T04:51:42.4069540Z shell: /bin/bash --noprofile --norc -e -o pipefail {0}
2026-09-06T04:51:42.4069750Z env:
2026-09-06T04:51:42.4069900Z   CARGO_TERM_COLOR: always
2026-09-06T04:51:42.4070030Z   RUST_BACKTRACE: 1
2026-09-06T04:51:42.4070150Z   ATLAS_SKIP_BUILD: 1
2026-09-06T04:51:42.4070310Z   CUDARC_CUDA_VERSION: 13000
2026-09-06T04:51:42.4070440Z   CARGO_HOME: /Users/nologik/.cargo
2026-09-06T04:51:42.4070590Z ##[endgroup]
2026-09-06T04:51:42.4280880Z info: using existing install for stable-aarch64-apple-darwin
2026-09-06T04:51:42.4333500Z info: default toolchain set to stable-aarch64-apple-darwin
2026-09-06T04:51:42.4333710Z 
2026-09-06T04:51:42.4570610Z   stable-aarch64-apple-darwin unchanged - rustc 1.98.1 (48a229cea 2026-09-01)
2026-09-06T04:51:42.4570860Z 
2026-09-06T04:51:42.4572050Z info: note that the toolchain '1.93.1-aarch64-apple-darwin' is currently in use (overridden by '/Users/nologik/actions-runner-atlas/_work/atlas/atlas/rust-toolchain.toml')
2026-09-06T04:51:42.4583220Z ##[end-action id=__dtolnay_rust-toolchain.__run_5;outcome=success;conclusion=success;duration_ms=53]
2026-09-06T04:51:42.4584670Z ##[start-action display=Create cachekey;id=__dtolnay_rust-toolchain.rustc-version]
2026-09-06T04:51:42.4596410Z ##[group]Run DATE=$(rustc +stable --version --verbose | sed -ne 's/^commit-date: \(20[0-9][0-9]\)-\([01][0-9]\)-\([0-3][0-9]\)$/\1\2\3/p')
2026-09-06T04:51:42.4596840Z [36;1mDATE=$(rustc +stable --version --verbose | sed -ne 's/^commit-date: \(20[0-9][0-9]\)-\([01][0-9]\)-\([0-3][0-9]\)$/\1\2\3/p')[0m
2026-09-06T04:51:42.4597180Z [36;1mHASH=$(rustc +stable --version --verbose | sed -ne 's/^commit-hash: //p')[0m
2026-09-06T04:51:42.4597410Z [36;1mecho "cachekey=$(echo $DATE$HASH | head -c12)" >> $GITHUB_OUTPUT[0m
2026-09-06T04:51:42.4604650Z shell: /bin/bash --noprofile --norc -e -o pipefail {0}
2026-09-06T04:51:42.4604810Z env:
2026-09-06T04:51:42.4604910Z   CARGO_TERM_COLOR: always
2026-09-06T04:51:42.4605030Z   RUST_BACKTRACE: 1
2026-09-06T04:51:42.4605130Z   ATLAS_SKIP_BUILD: 1
2026-09-06T04:51:42.4605270Z   CUDARC_CUDA_VERSION: 13000
2026-09-06T04:51:42.4605410Z   CARGO_HOME: /Users/nologik/.cargo
2026-09-06T04:51:42.4605540Z ##[endgroup]
2026-09-06T04:51:42.5396560Z ##[end-action id=__dtolnay_rust-toolchain.rustc-version;outcome=success;conclusion=success;duration_ms=81]
2026-09-06T04:51:42.5398030Z ##[start-action display=Disable incremental compilation;id=__dtolnay_rust-toolchain.__run_6]
2026-09-06T04:51:42.5409000Z ##[group]Run if [ -z "${CARGO_INCREMENTAL+set}" ]; then
2026-09-06T04:51:42.5409200Z [36;1mif [ -z "${CARGO_INCREMENTAL+set}" ]; then[0m
2026-09-06T04:51:42.5409360Z [36;1m  echo CARGO_INCREMENTAL=0 >> $GITHUB_ENV[0m
2026-09-06T04:51:42.5409500Z [36;1mfi[0m
2026-09-06T04:51:42.5416610Z shell: /bin/bash --noprofile --norc -e -o pipefail {0}
2026-09-06T04:51:42.5417040Z env:
2026-09-06T04:51:42.5417140Z   CARGO_TERM_COLOR: always
2026-09-06T04:51:42.5417250Z   RUST_BACKTRACE: 1
2026-09-06T04:51:42.5417360Z   ATLAS_SKIP_BUILD: 1
2026-09-06T04:51:42.5417460Z   CUDARC_CUDA_VERSION: 13000
2026-09-06T04:51:42.5417580Z   CARGO_HOME: /Users/nologik/.cargo
2026-09-06T04:51:42.5417700Z ##[endgroup]
2026-09-06T04:51:42.5549700Z ##[end-action id=__dtolnay_rust-toolchain.__run_6;outcome=success;conclusion=success;duration_ms=15]
2026-09-06T04:51:42.5551150Z ##[start-action display=Enable colors in Cargo output;id=__dtolnay_rust-toolchain.__run_7]
2026-09-06T04:51:42.5584920Z ##[group]Run if [ -z "${CARGO_TERM_COLOR+set}" ]; then
2026-09-06T04:51:42.5585080Z [36;1mif [ -z "${CARGO_TERM_COLOR+set}" ]; then[0m
2026-09-06T04:51:42.5585230Z [36;1m  echo CARGO_TERM_COLOR=always >> $GITHUB_ENV[0m
2026-09-06T04:51:42.5585400Z [36;1mfi[0m
2026-09-06T04:51:42.5592190Z shell: /bin/bash --noprofile --norc -e -o pipefail {0}
2026-09-06T04:51:42.5592350Z env:
2026-09-06T04:51:42.5592470Z   CARGO_TERM_COLOR: always
2026-09-06T04:51:42.5592590Z   RUST_BACKTRACE: 1
2026-09-06T04:51:42.5592720Z   ATLAS_SKIP_BUILD: 1
2026-09-06T04:51:42.5592840Z   CUDARC_CUDA_VERSION: 13000
2026-09-06T04:51:42.5592960Z   CARGO_HOME: /Users/nologik/.cargo
2026-09-06T04:51:42.5593090Z   CARGO_INCREMENTAL: 0
2026-09-06T04:51:42.5593190Z ##[endgroup]
2026-09-06T04:51:42.5728210Z ##[end-action id=__dtolnay_rust-toolchain.__run_7;outcome=success;conclusion=success;duration_ms=17]
2026-09-06T04:51:42.5729510Z ##[start-action display=Enable Cargo sparse registry;id=__dtolnay_rust-toolchain.__run_8]
2026-09-06T04:51:42.5740990Z ##[group]Run # implemented in 1.66, stabilized in 1.68, made default in 1.70
2026-09-06T04:51:42.5741250Z [36;1m# implemented in 1.66, stabilized in 1.68, made default in 1.70[0m
2026-09-06T04:51:42.5741640Z [36;1mif [ -z "${CARGO_REGISTRIES_CRATES_IO_PROTOCOL+set}" -o -f "/Users/nologik/actions-runner-atlas/_work/_temp"/.implicit_cargo_registries_crates_io_protocol ]; then[0m
2026-09-06T04:51:42.5742100Z [36;1m  if rustc +stable --version --verbose | grep -q '^release: 1\.6[89]\.'; then[0m
2026-09-06T04:51:42.5742430Z [36;1m    touch "/Users/nologik/actions-runner-atlas/_work/_temp"/.implicit_cargo_registries_crates_io_protocol || true[0m
2026-09-06T04:51:42.5742740Z [36;1m    echo CARGO_REGISTRIES_CRATES_IO_PROTOCOL=sparse >> $GITHUB_ENV[0m
2026-09-06T04:51:42.5742990Z [36;1m  elif rustc +stable --version --verbose | grep -q '^release: 1\.6[67]\.'; then[0m
2026-09-06T04:51:42.5743300Z [36;1m    touch "/Users/nologik/actions-runner-atlas/_work/_temp"/.implicit_cargo_registries_crates_io_protocol || true[0m
2026-09-06T04:51:42.5743600Z [36;1m    echo CARGO_REGISTRIES_CRATES_IO_PROTOCOL=git >> $GITHUB_ENV[0m
2026-09-06T04:51:42.5743770Z [36;1m  fi[0m
2026-09-06T04:51:42.5743880Z [36;1mfi[0m
2026-09-06T04:51:42.5750630Z shell: /bin/bash --noprofile --norc -e -o pipefail {0}
2026-09-06T04:51:42.5750790Z env:
2026-09-06T04:51:42.5750900Z   CARGO_TERM_COLOR: always
2026-09-06T04:51:42.5751010Z   RUST_BACKTRACE: 1
2026-09-06T04:51:42.5751110Z   ATLAS_SKIP_BUILD: 1
2026-09-06T04:51:42.5751250Z   CUDARC_CUDA_VERSION: 13000
2026-09-06T04:51:42.5751380Z   CARGO_HOME: /Users/nologik/.cargo
2026-09-06T04:51:42.5751510Z   CARGO_INCREMENTAL: 0
2026-09-06T04:51:42.5751630Z ##[endgroup]
2026-09-06T04:51:42.6522900Z ##[end-action id=__dtolnay_rust-toolchain.__run_8;outcome=success;conclusion=success;duration_ms=79]
2026-09-06T04:51:42.6524350Z ##[start-action display=Work around spurious network errors in curl 8.0;id=__dtolnay_rust-toolchain.__run_9]
2026-09-06T04:51:42.6536050Z ##[group]Run # https://rust-lang.zulipchat.com/#narrow/stream/246057-t-cargo/topic/timeout.20investigation
2026-09-06T04:51:42.6536400Z [36;1m# https://rust-lang.zulipchat.com/#narrow/stream/246057-t-cargo/topic/timeout.20investigation[0m
2026-09-06T04:51:42.6536710Z [36;1mif rustc +stable --version --verbose | grep -q '^release: 1\.7[01]\.'; then[0m
2026-09-06T04:51:42.6537130Z [36;1m  echo CARGO_HTTP_MULTIPLEXING=false >> $GITHUB_ENV[0m
2026-09-06T04:51:42.6537290Z [36;1mfi[0m
2026-09-06T04:51:42.6544480Z shell: /bin/bash --noprofile --norc -e -o pipefail {0}
2026-09-06T04:51:42.6544640Z env:
2026-09-06T04:51:42.6544740Z   CARGO_TERM_COLOR: always
2026-09-06T04:51:42.6544850Z   RUST_BACKTRACE: 1
2026-09-06T04:51:42.6545000Z   ATLAS_SKIP_BUILD: 1
2026-09-06T04:51:42.6545220Z   CUDARC_CUDA_VERSION: 13000
2026-09-06T04:51:42.6545360Z   CARGO_HOME: /Users/nologik/.cargo
2026-09-06T04:51:42.6545490Z   CARGO_INCREMENTAL: 0
2026-09-06T04:51:42.6545590Z ##[endgroup]
2026-09-06T04:51:42.7003890Z ##[end-action id=__dtolnay_rust-toolchain.__run_9;outcome=success;conclusion=success;duration_ms=47]
2026-09-06T04:51:42.7005850Z ##[start-action display=rustc +stable --version --verbose;id=__dtolnay_rust-toolchain.__run_10]
2026-09-06T04:51:42.7016690Z ##[group]Run rustc +stable --version --verbose
2026-09-06T04:51:42.7016870Z [36;1mrustc +stable --version --verbose[0m
2026-09-06T04:51:42.7024090Z shell: /bin/bash --noprofile --norc -e -o pipefail {0}
2026-09-06T04:51:42.7024250Z env:
2026-09-06T04:51:42.7024370Z   CARGO_TERM_COLOR: always
2026-09-06T04:51:42.7024490Z   RUST_BACKTRACE: 1
2026-09-06T04:51:42.7024590Z   ATLAS_SKIP_BUILD: 1
2026-09-06T04:51:42.7024710Z   CUDARC_CUDA_VERSION: 13000
2026-09-06T04:51:42.7024830Z   CARGO_HOME: /Users/nologik/.cargo
2026-09-06T04:51:42.7024970Z   CARGO_INCREMENTAL: 0
2026-09-06T04:51:42.7025090Z ##[endgroup]
2026-09-06T04:51:42.7466030Z rustc 1.98.1 (48a229cea 2026-09-01)
2026-09-06T04:51:42.7466270Z binary: rustc
2026-09-06T04:51:42.7466450Z commit-hash: 48a229ceaefd4985c50990b14116b6d856af0985
2026-09-06T04:51:42.7466630Z commit-date: 2026-09-01
2026-09-06T04:51:42.7466780Z host: aarch64-apple-darwin
2026-09-06T04:51:42.7466900Z release: 1.98.1
2026-09-06T04:51:42.7467600Z LLVM version: 22.1.8
2026-09-06T04:51:42.7487740Z ##[end-action id=__dtolnay_rust-toolchain.__run_10;outcome=success;conclusion=success;duration_ms=47]
2026-09-06T04:51:42.7541110Z ##[group]Run Swatinem/rust-cache@6323deb102c322ba6fcbdcafc7e3dddab59af2b6
2026-09-06T04:51:42.7541310Z with:
2026-09-06T04:51:42.7541410Z   prefix-key: v0-rust
2026-09-06T04:51:42.7541520Z   add-job-id-key: true
2026-09-06T04:51:42.7541640Z   add-rust-environment-hash-key: true
2026-09-06T04:51:42.7541770Z   cache-targets: true
2026-09-06T04:51:42.7541860Z   cache-all-crates: false
2026-09-06T04:51:42.7541980Z   cache-workspace-crates: false
2026-09-06T04:51:42.7542090Z   save-if: true
2026-09-06T04:51:42.7542190Z   cache-provider: github
2026-09-06T04:51:42.7542300Z   cache-bin: true
2026-09-06T04:51:42.7542380Z   lookup-only: false
2026-09-06T04:51:42.7542490Z   cmd-format: {0}
2026-09-06T04:51:42.7542580Z env:
2026-09-06T04:51:42.7542670Z   CARGO_TERM_COLOR: always
2026-09-06T04:51:42.7542780Z   RUST_BACKTRACE: 1
2026-09-06T04:51:42.7542870Z   ATLAS_SKIP_BUILD: 1
2026-09-06T04:51:42.7542970Z   CUDARC_CUDA_VERSION: 13000
2026-09-06T04:51:42.7543110Z   CARGO_HOME: /Users/nologik/.cargo
2026-09-06T04:51:42.7543250Z   CARGO_INCREMENTAL: 0
2026-09-06T04:51:42.7543360Z ##[endgroup]
2026-09-06T04:51:43.0811820Z ##[group]Cache Configuration
2026-09-06T04:51:43.0812080Z Cache Provider:
2026-09-06T04:51:43.0812220Z     github
2026-09-06T04:51:43.0812340Z Workspaces:
2026-09-06T04:51:43.0812490Z     /Users/nologik/actions-runner-atlas/_work/atlas/atlas
2026-09-06T04:51:43.0812690Z Cache Paths:
2026-09-06T04:51:43.0812800Z     /Users/nologik/.cargo/bin
2026-09-06T04:51:43.0812960Z     /Users/nologik/.cargo/.crates.toml
2026-09-06T04:51:43.0813120Z     /Users/nologik/.cargo/.crates2.json
2026-09-06T04:51:43.0813310Z     /Users/nologik/.cargo/registry
2026-09-06T04:51:43.0813440Z     /Users/nologik/.cargo/git
2026-09-06T04:51:43.0813620Z     /Users/nologik/actions-runner-atlas/_work/atlas/atlas/target
2026-09-06T04:51:43.0813810Z Restore Key:
2026-09-06T04:51:43.0813950Z     v0-rust-test-macos-metal-Darwin-arm64-1c5398c0
2026-09-06T04:51:43.0814120Z Cache Key:
2026-09-06T04:51:43.0814300Z     v0-rust-test-macos-metal-Darwin-arm64-1c5398c0-0fe7a537
2026-09-06T04:51:43.0814940Z .. Prefix:
2026-09-06T04:51:43.0815070Z   - v0-rust-test-macos-metal-Darwin-arm64
2026-09-06T04:51:43.0815230Z .. Environment considered:
2026-09-06T04:51:43.0815360Z   - Rust Versions:
2026-09-06T04:51:43.0815550Z     - 1.93.1 aarch64-apple-darwin 01f6ddf7588f42ae2d7eb0a2f21d44e8e96674cf
2026-09-06T04:51:43.0815810Z     - 1.98.1 aarch64-apple-darwin 48a229ceaefd4985c50990b14116b6d856af0985
2026-09-06T04:51:43.0816000Z   - CARGO_HOME
2026-09-06T04:51:43.0816120Z   - CARGO_INCREMENTAL
2026-09-06T04:51:43.0816230Z   - CARGO_TERM_COLOR
2026-09-06T04:51:43.0816350Z   - RUST_BACKTRACE
2026-09-06T04:51:43.0816470Z .. Lockfiles considered:
2026-09-06T04:51:43.0816640Z   - /Users/nologik/actions-runner-atlas/_work/atlas/atlas/Cargo.lock
2026-09-06T04:51:43.0816920Z   - /Users/nologik/actions-runner-atlas/_work/atlas/atlas/crates/atlas-closure/Cargo.toml
2026-09-06T04:51:43.0817240Z   - /Users/nologik/actions-runner-atlas/_work/atlas/atlas/crates/atlas-core/Cargo.toml
2026-09-06T04:51:43.0817560Z   - /Users/nologik/actions-runner-atlas/_work/atlas/atlas/crates/atlas-governance/Cargo.toml
2026-09-06T04:51:43.0817890Z   - /Users/nologik/actions-runner-atlas/_work/atlas/atlas/crates/atlas-kernels/Cargo.toml
2026-09-06T04:51:43.0818200Z   - /Users/nologik/actions-runner-atlas/_work/atlas/atlas/crates/atlas-plugin/Cargo.toml
2026-09-06T04:51:43.0818500Z   - /Users/nologik/actions-runner-atlas/_work/atlas/atlas/crates/atlas-rdma/Cargo.toml
2026-09-06T04:51:43.0818810Z   - /Users/nologik/actions-runner-atlas/_work/atlas/atlas/crates/atlas-spark-bench/Cargo.toml
2026-09-06T04:51:43.0819120Z   - /Users/nologik/actions-runner-atlas/_work/atlas/atlas/crates/atlas-tier/Cargo.toml
2026-09-06T04:51:43.0819420Z   - /Users/nologik/actions-runner-atlas/_work/atlas/atlas/crates/cufile-sys/Cargo.toml
2026-09-06T04:51:43.0819720Z   - /Users/nologik/actions-runner-atlas/_work/atlas/atlas/crates/spark-comm/Cargo.toml
2026-09-06T04:51:43.0820270Z   - /Users/nologik/actions-runner-atlas/_work/atlas/atlas/crates/spark-model/Cargo.toml
2026-09-06T04:51:43.0820600Z   - /Users/nologik/actions-runner-atlas/_work/atlas/atlas/crates/spark-nllb/Cargo.toml
2026-09-06T04:51:43.0820910Z   - /Users/nologik/actions-runner-atlas/_work/atlas/atlas/crates/spark-runtime/Cargo.toml
2026-09-06T04:51:43.0821220Z   - /Users/nologik/actions-runner-atlas/_work/atlas/atlas/crates/spark-server/Cargo.toml
2026-09-06T04:51:43.0821540Z   - /Users/nologik/actions-runner-atlas/_work/atlas/atlas/crates/spark-storage/Cargo.toml
2026-09-06T04:51:43.0821840Z   - /Users/nologik/actions-runner-atlas/_work/atlas/atlas/crates/xgrammar/Cargo.toml
2026-09-06T04:51:43.0822130Z   - /Users/nologik/actions-runner-atlas/_work/atlas/atlas/rust-toolchain.toml
2026-09-06T04:51:43.0822440Z ##[endgroup]
2026-09-06T04:51:43.0822500Z 
2026-09-06T04:51:43.0822550Z ... Restoring cache ...
2026-09-06T04:51:43.2118130Z No cache found.
2026-09-06T04:51:43.2172820Z ##[group]Run cargo check -p spark-server --no-default-features --features metal
2026-09-06T04:51:43.2173230Z [36;1mcargo check -p spark-server --no-default-features --features metal[0m
2026-09-06T04:51:43.2183880Z shell: /bin/bash -e {0}
2026-09-06T04:51:43.2184040Z env:
2026-09-06T04:51:43.2184180Z   CARGO_TERM_COLOR: always
2026-09-06T04:51:43.2184360Z   RUST_BACKTRACE: 1
2026-09-06T04:51:43.2184520Z   ATLAS_SKIP_BUILD: 1
2026-09-06T04:51:43.2184670Z   CUDARC_CUDA_VERSION: 13000
2026-09-06T04:51:43.2184840Z   CARGO_HOME: /Users/nologik/.cargo
2026-09-06T04:51:43.2185020Z   CARGO_INCREMENTAL: 0
2026-09-06T04:51:43.2185170Z   CACHE_ON_FAILURE: false
2026-09-06T04:51:43.2185330Z ##[endgroup]
2026-09-06T04:51:43.4492900Z [1m[92m   Compiling[0m proc-macro2 v1.0.106
2026-09-06T04:51:43.4493370Z [1m[92m   Compiling[0m quote v1.0.45
2026-09-06T04:51:43.4498460Z [1m[92m   Compiling[0m unicode-ident v1.0.24
2026-09-06T04:51:43.4500680Z [1m[92m   Compiling[0m libc v0.2.189
2026-09-06T04:51:43.4500950Z [1m[92m    Checking[0m cfg-if v1.0.4
2026-09-06T04:51:43.4501550Z [1m[92m   Compiling[0m serde_core v1.0.229
2026-09-06T04:51:43.4501940Z [1m[92m   Compiling[0m serde v1.0.229
2026-09-06T04:51:43.4502090Z [1m[92m    Checking[0m itoa v1.0.17
2026-09-06T04:51:43.4502250Z [1m[92m    Checking[0m memchr v2.8.0
2026-09-06T04:51:43.4502410Z [1m[92m    Checking[0m log v0.4.29
2026-09-06T04:51:43.4502570Z [1m[92m    Checking[0m once_cell v1.21.4
2026-09-06T04:51:43.4502720Z [1m[92m    Checking[0m equivalent v1.0.2
2026-09-06T04:51:43.4796980Z [1m[92m    Checking[0m allocator-api2 v0.2.21
2026-09-06T04:51:43.4938510Z [1m[92m   Compiling[0m version_check v0.9.5
2026-09-06T04:51:43.4993570Z [1m[92m   Compiling[0m parking_lot_core v0.9.12
2026-09-06T04:51:43.5042770Z [1m[92m    Checking[0m pin-project-lite v0.2.16
2026-09-06T04:51:43.5198860Z [1m[92m    Checking[0m scopeguard v1.2.0
2026-09-06T04:51:43.5315460Z [1m[92m    Checking[0m foldhash v0.2.0
2026-09-06T04:51:43.5370270Z [1m[92m   Compiling[0m zmij v1.0.21
2026-09-06T04:51:43.5502130Z [1m[92m    Checking[0m lock_api v0.4.14
2026-09-06T04:51:43.5774140Z [1m[92m   Compiling[0m shlex v1.3.0
2026-09-06T04:51:43.5980610Z [1m[92m   Compiling[0m find-msvc-tools v0.1.9
2026-09-06T04:51:43.6100780Z [1m[92m    Checking[0m bytes v1.11.1
2026-09-06T04:51:43.6226480Z [1m[92m   Compiling[0m generic-array v0.14.7
2026-09-06T04:51:43.6287970Z [1m[92m    Checking[0m bitflags v2.11.0
2026-09-06T04:51:43.6778060Z [1m[92m   Compiling[0m cc v1.2.56
2026-09-06T04:51:43.6828460Z [1m[92m    Checking[0m tracing-core v0.1.36
2026-09-06T04:51:43.6930820Z [1m[92m   Compiling[0m anyhow v1.0.104
2026-09-06T04:51:43.7489140Z [1m[92m   Compiling[0m serde_json v1.0.151
2026-09-06T04:51:43.7888690Z [1m[92m    Checking[0m futures-core v0.3.33
2026-09-06T04:51:43.8229900Z [1m[92m   Compiling[0m zerocopy v0.8.39
2026-09-06T04:51:43.8250490Z [1m[92m   Compiling[0m hashbrown v0.16.1
2026-09-06T04:51:44.0409480Z [1m[92m   Compiling[0m indexmap v2.13.0
2026-09-06T04:51:44.1690030Z [1m[92m   Compiling[0m thiserror v2.0.19
2026-09-06T04:51:44.1827740Z [1m[92m   Compiling[0m crossbeam-utils v0.8.21
2026-09-06T04:51:44.2312840Z [1m[92m   Compiling[0m syn v2.0.117
2026-09-06T04:51:44.2377360Z [1m[92m   Compiling[0m syn v3.0.3
2026-09-06T04:51:44.2773850Z [1m[92m   Compiling[0m strsim v0.11.1
2026-09-06T04:51:44.2980080Z [1m[92m   Compiling[0m ident_case v1.0.1
2026-09-06T04:51:44.3018780Z [1m[92m    Checking[0m errno v0.3.14
2026-09-06T04:51:44.3219690Z [1m[92m    Checking[0m mio v1.2.1
2026-09-06T04:51:44.3322580Z [1m[92m    Checking[0m socket2 v0.6.4
2026-09-06T04:51:44.3358930Z [1m[92m    Checking[0m getrandom v0.2.17
2026-09-06T04:51:44.3403700Z [1m[92m    Checking[0m signal-hook-registry v1.4.8
2026-09-06T04:51:44.4137040Z [1m[92m    Checking[0m futures-sink v0.3.33
2026-09-06T04:51:44.4223720Z [1m[92m    Checking[0m either v1.15.0
2026-09-06T04:51:44.4310290Z [1m[92m   Compiling[0m toml_write v0.1.2
2026-09-06T04:51:44.4429230Z [1m[92m   Compiling[0m winnow v0.7.14
2026-09-06T04:51:44.4621750Z [1m[92m   Compiling[0m getrandom v0.3.4
2026-09-06T04:51:44.4873310Z [1m[92m   Compiling[0m typenum v1.20.1
2026-09-06T04:51:44.4905340Z [1m[92m   Compiling[0m crossbeam-epoch v0.9.20
2026-09-06T04:51:44.4931430Z [1m[92m    Checking[0m http v1.4.0
2026-09-06T04:51:44.5495690Z [1m[92m   Compiling[0m rustversion v1.0.22
2026-09-06T04:51:44.6812960Z [1m[92m    Checking[0m slab v0.4.12
2026-09-06T04:51:44.7332690Z [1m[92m    Checking[0m futures-channel v0.3.33
2026-09-06T04:51:44.7392910Z [1m[92m   Compiling[0m rayon-core v1.13.0
2026-09-06T04:51:44.7496250Z [1m[92m   Compiling[0m objc2 v0.6.4
2026-09-06T04:51:44.8105860Z [1m[92m    Checking[0m objc2-encode v4.1.0
2026-09-06T04:51:44.8286760Z [1m[92m    Checking[0m crossbeam-deque v0.8.6
2026-09-06T04:51:44.8778080Z [1m[92m    Checking[0m futures-task v0.3.33
2026-09-06T04:51:44.9146240Z [1m[92m   Compiling[0m libm v0.2.16
2026-09-06T04:51:44.9246500Z [1m[92m   Compiling[0m autocfg v1.5.0
2026-09-06T04:51:44.9348490Z [1m[92m    Checking[0m futures-io v0.3.33
2026-09-06T04:51:45.0431300Z [1m[92m   Compiling[0m block-buffer v0.10.4
2026-09-06T04:51:45.0942400Z [1m[92m   Compiling[0m crypto-common v0.1.7
2026-09-06T04:51:45.1143290Z [1m[92m   Compiling[0m ring v0.17.14
2026-09-06T04:51:45.1244820Z [1m[92m   Compiling[0m num-traits v0.2.19
2026-09-06T04:51:45.1345080Z [1m[92m   Compiling[0m ucd-trie v0.1.7
2026-09-06T04:51:45.1548560Z [1m[92m   Compiling[0m cpufeatures v0.2.17
2026-09-06T04:51:45.1769680Z [1m[92m   Compiling[0m digest v0.10.7
2026-09-06T04:51:45.1803750Z [1m[92m   Compiling[0m crc32fast v1.5.0
2026-09-06T04:51:45.2174930Z [1m[92m    Checking[0m simd-adler32 v0.3.8
2026-09-06T04:51:45.2247470Z [1m[92m   Compiling[0m httparse v1.10.1
2026-09-06T04:51:45.2498260Z [1m[92m   Compiling[0m fnv v1.0.7
2026-09-06T04:51:45.2529950Z [1m[92m    Checking[0m ryu v1.0.23
2026-09-06T04:51:45.2776520Z [1m[92m   Compiling[0m sha2 v0.10.9
2026-09-06T04:51:45.3087220Z [1m[92m   Compiling[0m serde_spanned v0.6.9
2026-09-06T04:51:45.3213610Z [1m[92m   Compiling[0m toml_datetime v0.6.11
2026-09-06T04:51:45.3577070Z [1m[92m   Compiling[0m pest v2.8.8
2026-09-06T04:51:45.3865990Z [1m[92m    Checking[0m rayon v1.12.0
2026-09-06T04:51:45.4141020Z [1m[92m   Compiling[0m toml_edit v0.22.27
2026-09-06T04:51:45.4155570Z [1m[92m    Checking[0m http-body v1.0.1
2026-09-06T04:51:45.4341160Z [1m[92m   Compiling[0m darling_core v0.20.11
2026-09-06T04:51:45.4543540Z [1m[92m    Checking[0m rand_core v0.6.4
2026-09-06T04:51:45.6266320Z [1m[92m   Compiling[0m atlas-core v1.0.0-beta-preview (/Users/nologik/actions-runner-atlas/_work/atlas/atlas/crates/atlas-core)
2026-09-06T04:51:45.6302670Z [1m[92m    Checking[0m simdutf8 v0.1.5
2026-09-06T04:51:45.6409910Z [1m[92m   Compiling[0m rustix v1.1.4
2026-09-06T04:51:45.6656270Z [1m[92m   Compiling[0m signal-hook v0.3.18
2026-09-06T04:51:45.6993610Z [1m[92m    Checking[0m adler2 v2.0.1
2026-09-06T04:51:45.7367520Z [1m[92m   Compiling[0m paste v1.0.15
2026-09-06T04:51:45.7368580Z [1m[92m   Compiling[0m heck v0.5.0
2026-09-06T04:51:45.8520390Z [1m[92m    Checking[0m miniz_oxide v0.8.9
2026-09-06T04:51:45.9167570Z [1m[92m   Compiling[0m serde_derive v1.0.229
2026-09-06T04:51:45.9520900Z [1m[92m   Compiling[0m thiserror-impl v2.0.19
2026-09-06T04:51:45.9665080Z [1m[92m   Compiling[0m ptr_meta_derive v0.3.2
2026-09-06T04:51:45.9826840Z [1m[92m   Compiling[0m bytecheck_derive v0.8.3
2026-09-06T04:51:46.0040370Z [1m[92m   Compiling[0m pest_meta v2.8.8
2026-09-06T04:51:46.1412030Z [1m[92m   Compiling[0m atlas-closure v1.0.0-beta-preview (/Users/nologik/actions-runner-atlas/_work/atlas/atlas/crates/atlas-closure)
2026-09-06T04:51:46.1730660Z [1m[92m   Compiling[0m toml v0.8.23
2026-09-06T04:51:46.2207950Z [1m[92m   Compiling[0m tracing-attributes v0.1.31
2026-09-06T04:51:46.2798930Z [1m[92m   Compiling[0m zerocopy-derive v0.8.39
2026-09-06T04:51:46.2962880Z [1m[92m   Compiling[0m tokio-macros v2.7.0
2026-09-06T04:51:46.3040800Z [1m[92m   Compiling[0m futures-macro v0.3.33
2026-09-06T04:51:46.3271430Z [1m[92m    Checking[0m ptr_meta v0.3.2
2026-09-06T04:51:46.4501560Z [1m[92m   Compiling[0m munge_macro v0.4.7
2026-09-06T04:51:46.4603700Z [1m[92m    Checking[0m rancor v0.1.3
2026-09-06T04:51:46.5095340Z [1m[92m    Checking[0m bytecheck v0.8.3
2026-09-06T04:51:46.5202940Z [1m[92m   Compiling[0m darling_macro v0.20.11
2026-09-06T04:51:46.6247780Z [1m[92m    Checking[0m futures-util v0.3.33
2026-09-06T04:51:46.6431350Z [1m[92m   Compiling[0m darling_core v0.23.0
2026-09-06T04:51:46.6653400Z [1m[92m    Checking[0m block2 v0.6.2
2026-09-06T04:51:46.6914970Z [1m[92m    Checking[0m castaway v0.2.4
2026-09-06T04:51:46.7069100Z [1m[92m   Compiling[0m atlas-rdma v1.0.0-beta-preview (/Users/nologik/actions-runner-atlas/_work/atlas/atlas/crates/atlas-rdma)
2026-09-06T04:51:46.7271130Z [1m[92m    Checking[0m aho-corasick v1.1.4
2026-09-06T04:51:46.7445510Z [1m[92m    Checking[0m untrusted v0.9.0
2026-09-06T04:51:46.7732010Z [1m[92m    Checking[0m tower-service v0.3.3
2026-09-06T04:51:46.7892170Z [1m[92m    Checking[0m percent-encoding v2.3.2
2026-09-06T04:51:46.7934750Z [1m[92m   Compiling[0m pkg-config v0.3.32
2026-09-06T04:51:46.8041610Z [1m[92m    Checking[0m static_assertions v1.1.0
2026-09-06T04:51:46.8319870Z [1m[92m    Checking[0m zeroize v1.8.2
2026-09-06T04:51:46.8352470Z [1m[92m    Checking[0m regex-syntax v0.8.10
2026-09-06T04:51:46.8398060Z [1m[92m    Checking[0m unicode-segmentation v1.12.0
2026-09-06T04:51:46.8515570Z [1m[92m   Compiling[0m rustix v0.38.44
2026-09-06T04:51:46.8516390Z [1m[92m    Checking[0m tracing v0.1.44
2026-09-06T04:51:46.8794770Z [1m[92m    Checking[0m rustls-pki-types v1.14.0
2026-09-06T04:51:46.9887150Z [1m[92m   Compiling[0m atlas-kernels v1.0.0-beta-preview (/Users/nologik/actions-runner-atlas/_work/atlas/atlas/crates/atlas-kernels)
2026-09-06T04:51:47.0055080Z [1m[92m    Checking[0m munge v0.4.7
2026-09-06T04:51:47.0170520Z [1m[92m   Compiling[0m darling v0.20.11
2026-09-06T04:51:47.0336940Z [1m[92m   Compiling[0m onig_sys v69.9.1
2026-09-06T04:51:47.0633530Z [1m[92m    Checking[0m rend v0.5.4
2026-09-06T04:51:47.1485030Z [1m[92m    Checking[0m flate2 v1.1.9
2026-09-06T04:51:47.2254760Z [1m[92m   Compiling[0m pest_generator v2.8.8
2026-09-06T04:51:47.3547400Z [1m[92m   Compiling[0m rkyv_derive v0.8.18
2026-09-06T04:51:47.4200110Z [1m[92m    Checking[0m regex-automata v0.4.14
2026-09-06T04:51:47.5715450Z [1m[92m    Checking[0m smallvec v1.15.1
2026-09-06T04:51:47.6290630Z [1m[92m    Checking[0m objc2-core-foundation v0.3.2
2026-09-06T04:51:47.6498020Z [1m[92m   Compiling[0m ahash v0.8.12
2026-09-06T04:51:47.6602540Z [1m[92m    Checking[0m try-lock v0.2.5
2026-09-06T04:51:47.6802800Z [1m[92m    Checking[0m utf8parse v0.2.2
2026-09-06T04:51:47.6919020Z [1m[92m   Compiling[0m instability v0.3.12
2026-09-06T04:51:47.7172400Z [1m[92m    Checking[0m foldhash v0.1.5
2026-09-06T04:51:47.7315110Z [1m[92m    Checking[0m parking_lot v0.12.5
2026-09-06T04:51:47.7630090Z [1m[92m    Checking[0m hashbrown v0.17.1
2026-09-06T04:51:47.7928120Z [1m[92m    Checking[0m atomic-waker v1.1.2
2026-09-06T04:51:47.7984240Z [1m[92m    Checking[0m tokio v1.52.3
2026-09-06T04:51:47.8039220Z [1m[92m    Checking[0m fastrand v2.3.0
2026-09-06T04:51:47.8484180Z [1m[92m   Compiling[0m radium v0.7.0
2026-09-06T04:51:47.8773150Z [1m[92m    Checking[0m base64 v0.22.1
2026-09-06T04:51:47.8865600Z [1m[92m   Compiling[0m darling_macro v0.23.0
2026-09-06T04:51:47.8983580Z [1m[92m    Checking[0m tower-layer v0.3.3
2026-09-06T04:51:47.9640030Z [1m[92m    Checking[0m tempfile v3.27.0
2026-09-06T04:51:47.9736750Z [1m[92m    Checking[0m objc2-foundation v0.3.2
2026-09-06T04:51:48.0451330Z [1m[92m   Compiling[0m darling v0.23.0
2026-09-06T04:51:48.0674720Z [1m[92m    Checking[0m hashbrown v0.15.5
2026-09-06T04:51:48.0961310Z [1m[92m    Checking[0m anstyle-parse v1.0.0
2026-09-06T04:51:48.1438290Z [1m[92m    Checking[0m want v0.3.1
2026-09-06T04:51:48.1801900Z [1m[92m    Checking[0m signal-hook-mio v0.2.5
2026-09-06T04:51:48.1914580Z [1m[92m   Compiling[0m pest_derive v2.8.8
2026-09-06T04:51:48.2461990Z [1m[92m   Compiling[0m derive_builder_core v0.20.2
2026-09-06T04:51:48.2675100Z [1m[92m    Checking[0m rkyv v0.8.18
2026-09-06T04:51:48.2968850Z [1m[92m   Compiling[0m spark-runtime v1.0.0-beta-preview (/Users/nologik/actions-runner-atlas/_work/atlas/atlas/crates/spark-runtime)
2026-09-06T04:51:48.3123790Z [1m[92m   Compiling[0m spark-storage v1.0.0-beta-preview (/Users/nologik/actions-runner-atlas/_work/atlas/atlas/crates/spark-storage)
2026-09-06T04:51:48.3390360Z [1m[92m    Checking[0m dispatch2 v0.3.1
2026-09-06T04:51:48.3771150Z [1m[92m   Compiling[0m strum_macros v0.26.4
2026-09-06T04:51:48.3872360Z [1m[92m   Compiling[0m async-trait v0.1.92
2026-09-06T04:51:48.4443520Z [1m[92m    Checking[0m http-body-util v0.1.3
2026-09-06T04:51:48.4736210Z [1m[92m    Checking[0m fdeflate v0.3.7
2026-09-06T04:51:48.4818200Z [1m[92m    Checking[0m rand_core v0.9.5
2026-09-06T04:51:48.5060830Z [1m[92m    Checking[0m itertools v0.13.0
2026-09-06T04:51:48.5161160Z [1m[92m    Checking[0m ppv-lite86 v0.2.21
2026-09-06T04:51:48.5414410Z [1m[92m    Checking[0m half v2.7.1
2026-09-06T04:51:48.5726400Z [1m[92m    Checking[0m libloading v0.8.9
2026-09-06T04:51:48.5885360Z [1m[92m    Checking[0m rand_chacha v0.3.1
2026-09-06T04:51:48.6411440Z [1m[92m    Checking[0m lazy_static v1.5.0
2026-09-06T04:51:48.6693240Z [1m[92m    Checking[0m pin-utils v0.1.0
2026-09-06T04:51:48.6760680Z [1m[92m    Checking[0m rand v0.8.6
2026-09-06T04:51:48.6816280Z [1m[92m    Checking[0m unicode-width v0.1.14
2026-09-06T04:51:48.6998810Z [1m[92m   Compiling[0m rustls v0.23.37
2026-09-06T04:51:48.7003610Z [1m[92m    Checking[0m sync_wrapper v1.0.2
2026-09-06T04:51:48.7446500Z [1m[92m    Checking[0m color_quant v1.1.0
2026-09-06T04:51:48.7851680Z [1m[92m    Checking[0m rustc-hash v2.1.3
2026-09-06T04:51:48.7881500Z [1m[92m   Compiling[0m esaxx-rs v0.1.10
2026-09-06T04:51:48.8239080Z [1m[92m    Checking[0m minimal-lexical v0.2.1
2026-09-06T04:51:48.8302320Z [1m[92m    Checking[0m twox-hash v2.1.3
2026-09-06T04:51:48.8762650Z [1m[92m    Checking[0m httpdate v1.0.3
2026-09-06T04:51:48.8883620Z [1m[92m    Checking[0m zune-core v0.5.1
2026-09-06T04:51:48.8931310Z [1m[92m    Checking[0m tap v1.0.1
2026-09-06T04:51:48.9114200Z [1m[92m    Checking[0m pxfm v0.1.28
2026-09-06T04:51:48.9318150Z [1m[92m    Checking[0m colorchoice v1.0.4
2026-09-06T04:51:48.9339660Z [1m[92m    Checking[0m weezl v0.1.12
2026-09-06T04:51:48.9420430Z [1m[92m    Checking[0m anstyle v1.0.14
2026-09-06T04:51:48.9620380Z [1m[92m    Checking[0m anstyle-query v1.1.5
2026-09-06T04:51:48.9706010Z [1m[92m    Checking[0m is_terminal_polyfill v1.70.2
2026-09-06T04:51:48.9925280Z [1m[92m   Compiling[0m indoc v2.0.7
2026-09-06T04:51:49.0162750Z [1m[92m    Checking[0m bumpalo v3.20.2
2026-09-06T04:51:49.0298030Z [1m[92m    Checking[0m gif v0.14.2
2026-09-06T04:51:49.0463920Z [1m[92m    Checking[0m unicode-truncate v1.1.0
2026-09-06T04:51:49.0847430Z [1m[92m    Checking[0m anstream v1.0.0
2026-09-06T04:51:49.1000240Z [1m[92m    Checking[0m zune-jpeg v0.5.12
2026-09-06T04:51:49.1628120Z [1m[92m    Checking[0m wyz v0.5.1
2026-09-06T04:51:49.1640140Z [1m[92m    Checking[0m nom v7.1.3
2026-09-06T04:51:49.1797950Z [1m[92m    Checking[0m rand_distr v0.4.3
2026-09-06T04:51:49.2244060Z [1m[92m    Checking[0m strum v0.26.3
2026-09-06T04:51:49.3041060Z [1m[92m   Compiling[0m derive_builder_macro v0.20.2
2026-09-06T04:51:49.3072060Z [1m[92m    Checking[0m cufile-sys v1.0.0-beta-preview (/Users/nologik/actions-runner-atlas/_work/atlas/atlas/crates/cufile-sys)
2026-09-06T04:51:49.3399110Z [1m[92m    Checking[0m rand_chacha v0.9.0
2026-09-06T04:51:49.3402680Z [1m[92m    Checking[0m tokio-util v0.7.18
2026-09-06T04:51:49.3514210Z [1m[92m    Checking[0m latticedb-core v0.3.3 (https://github.com/Avarok-Cybersecurity/lattice-db?rev=e722d71#e722d71b)
2026-09-06T04:51:49.3866620Z [1m[92m    Checking[0m png v0.18.1
2026-09-06T04:51:49.4685900Z [1m[92m    Checking[0m crossterm v0.28.1
2026-09-06T04:51:49.5288170Z [1m[92m    Checking[0m h2 v0.4.16
2026-09-06T04:51:49.6463050Z [1m[92m    Checking[0m lru v0.12.5
2026-09-06T04:51:49.6677940Z [1m[92m    Checking[0m safetensors v0.8.0
2026-09-06T04:51:49.6771840Z [1m[92m    Checking[0m futures-executor v0.3.33
2026-09-06T04:51:49.6817670Z [1m[92m    Checking[0m rustls-webpki v0.103.13
2026-09-06T04:51:49.6864010Z [1m[92m    Checking[0m compact_str v0.8.2
2026-09-06T04:51:49.6981750Z [1m[92m    Checking[0m form_urlencoded v1.2.2
2026-09-06T04:51:49.7174250Z [1m[92m    Checking[0m moxcms v0.8.1
2026-09-06T04:51:49.7342650Z [1m[92m   Compiling[0m monostate-impl v0.1.18
2026-09-06T04:51:49.7368990Z [1m[92m    Checking[0m atlas-tier v1.0.0-beta-preview (/Users/nologik/actions-runner-atlas/_work/atlas/atlas/crates/atlas-tier)
2026-09-06T04:51:49.7506710Z [1m[92m    Checking[0m itertools v0.14.0
2026-09-06T04:51:49.7550330Z [1m[92m    Checking[0m memmap2 v0.9.11
2026-09-06T04:51:49.7886690Z [1m[92m    Checking[0m funty v2.0.0
2026-09-06T04:51:49.7984140Z [1m[92m    Checking[0m hashbrown v0.14.5
2026-09-06T04:51:49.8074060Z [1m[92m    Checking[0m subtle v2.6.1
2026-09-06T04:51:49.8366530Z [1m[92m   Compiling[0m macro_rules_attribute-proc_macro v0.2.2
2026-09-06T04:51:49.8602210Z [1m[92m    Checking[0m base64 v0.13.1
2026-09-06T04:51:49.9360950Z [1m[92m    Checking[0m unicode-width v0.2.0
2026-09-06T04:51:49.9495280Z [1m[92m    Checking[0m clap_lex v1.0.0
2026-09-06T04:51:49.9620750Z [1m[92m    Checking[0m mime v0.3.17
2026-09-06T04:51:49.9802590Z [1m[92m    Checking[0m byteorder-lite v0.1.0
2026-09-06T04:51:50.0017410Z [1m[92m    Checking[0m cassowary v0.3.0
2026-09-06T04:51:50.0117830Z [1m[92m   Compiling[0m spark-model v1.0.0-beta-preview (/Users/nologik/actions-runner-atlas/_work/atlas/atlas/crates/spark-model)
2026-09-06T04:51:50.0219730Z [1m[92m   Compiling[0m prometheus v0.14.0
2026-09-06T04:51:50.0424320Z [1m[92m    Checking[0m bytemuck v1.25.0
2026-09-06T04:51:50.0596960Z [1m[92m    Checking[0m axum-core v0.5.6
2026-09-06T04:51:50.0853700Z [1m[92m    Checking[0m ratatui v0.29.0
2026-09-06T04:51:50.1007850Z [1m[92m    Checking[0m macro_rules_attribute v0.2.2
2026-09-06T04:51:50.1251590Z [1m[92m    Checking[0m dashmap v6.2.1
2026-09-06T04:51:50.2037470Z [1m[92m    Checking[0m rayon-cond v0.4.0
2026-09-06T04:51:50.2315370Z [1m[92m    Checking[0m clap_builder v4.6.6
2026-09-06T04:51:50.2516290Z [1m[92m    Checking[0m bitvec v1.1.1
2026-09-06T04:51:50.2646890Z [1m[92m    Checking[0m spm_precompiled v0.1.4
2026-09-06T04:51:50.3165290Z [1m[92m    Checking[0m monostate v0.1.18
2026-09-06T04:51:50.5515650Z [1m[92m    Checking[0m serde_urlencoded v0.7.1
2026-09-06T04:51:50.5718140Z [1m[92m    Checking[0m futures v0.3.33
2026-09-06T04:51:50.6385550Z [1m[92m    Checking[0m derive_builder v0.20.2
2026-09-06T04:51:50.7231450Z [1m[92m    Checking[0m rand v0.9.3
2026-09-06T04:51:50.7659810Z [1m[92m    Checking[0m tower v0.5.3
2026-09-06T04:51:50.7858440Z [1m[92m    Checking[0m sharded-slab v0.1.7
2026-09-06T04:51:50.8274950Z [1m[92m    Checking[0m hyper v1.8.1
2026-09-06T04:51:50.8588490Z [1m[92m    Checking[0m regex v1.12.3
2026-09-06T04:51:50.9237900Z [1m[92m    Checking[0m matchers v0.2.0
2026-09-06T04:51:50.9320760Z [1m[92m    Checking[0m ureq-proto v0.6.0
2026-09-06T04:51:50.9453680Z [1m[92m    Checking[0m spark-comm v1.0.0-beta-preview (/Users/nologik/actions-runner-atlas/_work/atlas/atlas/crates/spark-comm)
2026-09-06T04:51:50.9622290Z [1m[92m    Checking[0m unicode-normalization-alignments v0.1.12
2026-09-06T04:51:50.9649220Z [1m[92m    Checking[0m compact_str v0.9.0
2026-09-06T04:51:50.9805830Z [1m[92m    Checking[0m dary_heap v0.3.8
2026-09-06T04:51:51.0265960Z [1m[92m    Checking[0m onig v6.5.1
2026-09-06T04:51:51.0476970Z [1m[92m    Checking[0m image v0.25.10
2026-09-06T04:51:51.0580630Z [1m[92m    Checking[0m webpki-roots v1.0.6
2026-09-06T04:51:51.0609690Z [1m[92m   Compiling[0m clap_derive v4.6.4
2026-09-06T04:51:51.0674280Z [1m[92m    Checking[0m serde_path_to_error v0.1.20
2026-09-06T04:51:51.0873110Z [1m[92m    Checking[0m atlas-governance v1.0.0-beta-preview (/Users/nologik/actions-runner-atlas/_work/atlas/atlas/crates/atlas-governance)
2026-09-06T04:51:51.0949330Z [1m[92m    Checking[0m tracing-log v0.2.0
2026-09-06T04:51:51.1364400Z [1m[92m    Checking[0m thread_local v1.1.9
2026-09-06T04:51:51.1575400Z [1m[92m    Checking[0m daachorse v1.0.1
2026-09-06T04:51:51.1614940Z [1m[92m    Checking[0m unicode_categories v0.1.1
2026-09-06T04:51:51.2050290Z [1m[92m    Checking[0m utf8-zero v0.8.1
2026-09-06T04:51:51.2053840Z [1m[92m    Checking[0m nu-ansi-term v0.50.3
2026-09-06T04:51:51.2168970Z [1m[92m    Checking[0m matchit v0.8.4
2026-09-06T04:51:51.2271360Z [1m[92m    Checking[0m memo-map v0.3.3
2026-09-06T04:51:51.2387620Z [1m[92m    Checking[0m atlas-plugin v1.0.0-beta-preview (/Users/nologik/actions-runner-atlas/_work/atlas/atlas/crates/atlas-plugin)
2026-09-06T04:51:51.2388570Z [1m[92m    Checking[0m tui-textarea v0.7.0
2026-09-06T04:51:51.2586800Z [1m[92m    Checking[0m xgrammar v1.0.0-beta-preview (/Users/nologik/actions-runner-atlas/_work/atlas/atlas/crates/xgrammar)
2026-09-06T04:51:51.2706020Z [1m[92m    Checking[0m minijinja v2.21.0
2026-09-06T04:51:51.2726770Z [1m[92m    Checking[0m hyper-util v0.1.20
2026-09-06T04:51:51.2834540Z [1m[92m    Checking[0m tokenizers v0.23.1
2026-09-06T04:51:51.2964180Z [1m[92m    Checking[0m tracing-subscriber v0.3.23
2026-09-06T04:51:51.3492180Z [1m[92m    Checking[0m tokio-stream v0.1.19
2026-09-06T04:51:51.4508730Z [1m[92m    Checking[0m ureq v3.3.0
2026-09-06T04:51:51.5013030Z [1m[92m    Checking[0m tower-http v0.7.0
2026-09-06T04:51:51.7696090Z [1m[92m    Checking[0m clap v4.6.6
2026-09-06T04:51:51.8220220Z [1m[92m    Checking[0m axum v0.8.9
2026-09-06T04:51:52.5772150Z [1m[92m    Checking[0m objc2-metal v0.3.2
2026-09-06T04:51:58.6964440Z [1m[92m    Checking[0m spark-server v1.0.0-beta-preview (/Users/nologik/actions-runner-atlas/_work/atlas/atlas/crates/spark-server)
2026-09-06T04:52:02.4828420Z [1m[92m    Finished[0m `dev` profile [unoptimized + debuginfo] target(s) in 19.22s
2026-09-06T04:52:02.4950400Z ##[group]Run cargo check -p spark-runtime --no-default-features --features metal
2026-09-06T04:52:02.4950710Z [36;1mcargo check -p spark-runtime --no-default-features --features metal[0m
2026-09-06T04:52:02.4958960Z shell: /bin/bash -e {0}
2026-09-06T04:52:02.4959070Z env:
2026-09-06T04:52:02.4959160Z   CARGO_TERM_COLOR: always
2026-09-06T04:52:02.4959270Z   RUST_BACKTRACE: 1
2026-09-06T04:52:02.4959360Z   ATLAS_SKIP_BUILD: 1
2026-09-06T04:52:02.4959470Z   CUDARC_CUDA_VERSION: 13000
2026-09-06T04:52:02.4959580Z   CARGO_HOME: /Users/nologik/.cargo
2026-09-06T04:52:02.4959710Z   CARGO_INCREMENTAL: 0
2026-09-06T04:52:02.4959810Z   CACHE_ON_FAILURE: false
2026-09-06T04:52:02.4959910Z ##[endgroup]
2026-09-06T04:52:02.5955040Z [1m[92m   Compiling[0m libc v0.2.189
2026-09-06T04:52:02.5981600Z [1m[92m   Compiling[0m serde_core v1.0.229
2026-09-06T04:52:02.5996390Z [1m[92m   Compiling[0m generic-array v0.14.7
2026-09-06T04:52:02.6009820Z [1m[92m   Compiling[0m syn v3.0.3
2026-09-06T04:52:02.6025070Z [1m[92m   Compiling[0m serde_json v1.0.151
2026-09-06T04:52:02.6038720Z [1m[92m   Compiling[0m memchr v2.8.0
2026-09-06T04:52:02.6038930Z [1m[92m   Compiling[0m getrandom v0.3.4
2026-09-06T04:52:02.6068650Z [1m[92m    Checking[0m smallvec v1.15.1
2026-09-06T04:52:02.6071780Z [1m[92m    Checking[0m tracing-core v0.1.36
2026-09-06T04:52:02.7204030Z [1m[92m    Checking[0m tracing v0.1.44
2026-09-06T04:52:02.8701540Z [1m[92m   Compiling[0m crypto-common v0.1.7
2026-09-06T04:52:02.8702180Z [1m[92m   Compiling[0m block-buffer v0.10.4
2026-09-06T04:52:02.9031780Z [1m[92m   Compiling[0m digest v0.10.7
2026-09-06T04:52:02.9576800Z [1m[92m   Compiling[0m sha2 v0.10.9
2026-09-06T04:52:03.0177070Z [1m[92m   Compiling[0m atlas-closure v1.0.0-beta-preview (/Users/nologik/actions-runner-atlas/_work/atlas/atlas/crates/atlas-closure)
2026-09-06T04:52:03.1053130Z [1m[92m   Compiling[0m atlas-kernels v1.0.0-beta-preview (/Users/nologik/actions-runner-atlas/_work/atlas/atlas/crates/atlas-kernels)
2026-09-06T04:52:03.1591940Z [1m[92m    Checking[0m getrandom v0.2.17
2026-09-06T04:52:03.1592180Z [1m[92m    Checking[0m errno v0.3.14
2026-09-06T04:52:03.1592390Z [1m[92m    Checking[0m parking_lot_core v0.9.12
2026-09-06T04:52:03.1592580Z [1m[92m    Checking[0m dispatch2 v0.3.1
2026-09-06T04:52:03.1592780Z [1m[92m    Checking[0m objc2-foundation v0.3.2
2026-09-06T04:52:03.1592960Z [1m[92m    Checking[0m memmap2 v0.9.11
2026-09-06T04:52:03.1714160Z [1m[92m   Compiling[0m serde_derive v1.0.229
2026-09-06T04:52:03.1715390Z [1m[92m   Compiling[0m thiserror-impl v2.0.19
2026-09-06T04:52:03.2014400Z [1m[92m    Checking[0m rand_core v0.6.4
2026-09-06T04:52:03.2035030Z [1m[92m    Checking[0m rustix v1.1.4
2026-09-06T04:52:03.2327280Z [1m[92m    Checking[0m parking_lot v0.12.5
2026-09-06T04:52:03.2561330Z [1m[92m    Checking[0m rand_chacha v0.3.1
2026-09-06T04:52:03.2993040Z [1m[92m    Checking[0m tokio v1.52.3
2026-09-06T04:52:03.3155200Z [1m[92m    Checking[0m rand v0.8.6
2026-09-06T04:52:03.5178360Z [1m[92m    Checking[0m tempfile v3.27.0
2026-09-06T04:52:03.5639930Z [1m[92m    Checking[0m thiserror v2.0.19
2026-09-06T04:52:03.5793970Z [1m[92m    Checking[0m hashbrown v0.16.1
2026-09-06T04:52:03.7618740Z [1m[92m    Checking[0m indexmap v2.13.0
2026-09-06T04:52:03.9439830Z [1m[92m    Checking[0m serde v1.0.229
2026-09-06T04:52:04.1938180Z [1m[92m    Checking[0m atlas-core v1.0.0-beta-preview (/Users/nologik/actions-runner-atlas/_work/atlas/atlas/crates/atlas-core)
2026-09-06T04:52:04.1938630Z [1m[92m    Checking[0m safetensors v0.8.0
2026-09-06T04:52:06.5381270Z [1m[92m    Checking[0m objc2-metal v0.3.2
2026-09-06T04:52:08.1692250Z [1m[92m    Checking[0m spark-runtime v1.0.0-beta-preview (/Users/nologik/actions-runner-atlas/_work/atlas/atlas/crates/spark-runtime)
2026-09-06T04:52:08.5501060Z [1m[92m    Finished[0m `dev` profile [unoptimized + debuginfo] target(s) in 6.01s
2026-09-06T04:52:08.5554570Z ##[group]Run cargo test -p spark-runtime --no-default-features \
2026-09-06T04:52:08.5554810Z [36;1mcargo test -p spark-runtime --no-default-features \[0m
2026-09-06T04:52:08.5555010Z [36;1m  --features metal --locked metal_backend[0m
2026-09-06T04:52:08.5562460Z shell: /bin/bash -e {0}
2026-09-06T04:52:08.5562580Z env:
2026-09-06T04:52:08.5562670Z   CARGO_TERM_COLOR: always
2026-09-06T04:52:08.5562790Z   RUST_BACKTRACE: 1
2026-09-06T04:52:08.5562890Z   ATLAS_SKIP_BUILD: 1
2026-09-06T04:52:08.5563000Z   CUDARC_CUDA_VERSION: 13000
2026-09-06T04:52:08.5563120Z   CARGO_HOME: /Users/nologik/.cargo
2026-09-06T04:52:08.5563250Z   CARGO_INCREMENTAL: 0
2026-09-06T04:52:08.5563360Z   CACHE_ON_FAILURE: false
2026-09-06T04:52:08.5563470Z   ATLAS_TARGET_HW: metal
2026-09-06T04:52:08.5563590Z   ATLAS_TARGET_MODEL: qwen3-5-4b-vlm-mlx-int8
2026-09-06T04:52:08.5563720Z   ATLAS_TARGET_QUANT: mlx_int8
2026-09-06T04:52:08.5563850Z ##[endgroup]
2026-09-06T04:52:08.6594020Z [1m[92m   Compiling[0m cfg-if v1.0.4
2026-09-06T04:52:08.6594280Z [1m[92m   Compiling[0m equivalent v1.0.2
2026-09-06T04:52:08.6630920Z [1m[92m   Compiling[0m libc v0.2.189
2026-09-06T04:52:08.6631600Z [1m[92m   Compiling[0m serde_core v1.0.229
2026-09-06T04:52:08.6644640Z [1m[92m   Compiling[0m bitflags v2.11.0
2026-09-06T04:52:08.6645560Z [1m[92m   Compiling[0m itoa v1.0.17
2026-09-06T04:52:08.6670420Z [1m[92m   Compiling[0m zmij v1.0.21
2026-09-06T04:52:08.6696640Z [1m[92m   Compiling[0m memchr v2.8.0
2026-09-06T04:52:08.6712500Z [1m[92m   Compiling[0m objc2-encode v4.1.0
2026-09-06T04:52:08.6720960Z [1m[92m   Compiling[0m allocator-api2 v0.2.21
2026-09-06T04:52:08.6731020Z [1m[92m   Compiling[0m foldhash v0.2.0
2026-09-06T04:52:08.6760300Z [1m[92m   Compiling[0m anyhow v1.0.104
2026-09-06T04:52:08.6873240Z [1m[92m   Compiling[0m indexmap v2.13.0
2026-09-06T04:52:08.6974760Z [1m[92m   Compiling[0m zerocopy v0.8.39
2026-09-06T04:52:08.7500960Z [1m[92m   Compiling[0m sha2 v0.10.9
2026-09-06T04:52:08.7601600Z [1m[92m   Compiling[0m once_cell v1.21.4
2026-09-06T04:52:08.7805590Z [1m[92m   Compiling[0m objc2 v0.6.4
2026-09-06T04:52:08.8112490Z [1m[92m   Compiling[0m scopeguard v1.2.0
2026-09-06T04:52:08.8323620Z [1m[92m   Compiling[0m atlas-closure v1.0.0-beta-preview (/Users/nologik/actions-runner-atlas/_work/atlas/atlas/crates/atlas-closure)
2026-09-06T04:52:08.8418290Z [1m[92m   Compiling[0m smallvec v1.15.1
2026-09-06T04:52:08.8557340Z [1m[92m   Compiling[0m lock_api v0.4.14
2026-09-06T04:52:08.8602560Z [1m[92m   Compiling[0m thiserror v2.0.19
2026-09-06T04:52:08.8640660Z [1m[92m   Compiling[0m pin-project-lite v0.2.16
2026-09-06T04:52:08.9041860Z [1m[92m   Compiling[0m fastrand v2.3.0
2026-09-06T04:52:08.9089230Z [1m[92m   Compiling[0m errno v0.3.14
2026-09-06T04:52:08.9133310Z [1m[92m   Compiling[0m getrandom v0.2.17
2026-09-06T04:52:08.9175400Z [1m[92m   Compiling[0m getrandom v0.3.4
2026-09-06T04:52:08.9226040Z [1m[92m   Compiling[0m tracing-core v0.1.36
2026-09-06T04:52:08.9415020Z [1m[92m   Compiling[0m parking_lot_core v0.9.12
2026-09-06T04:52:08.9694440Z [1m[92m   Compiling[0m rustix v1.1.4
2026-09-06T04:52:08.9754030Z [1m[92m   Compiling[0m rand_core v0.6.4
2026-09-06T04:52:08.9852130Z [1m[92m   Compiling[0m toml_edit v0.22.27
2026-09-06T04:52:08.9907570Z [1m[92m   Compiling[0m serde_json v1.0.151
2026-09-06T04:52:08.9959060Z [1m[92m   Compiling[0m memmap2 v0.9.11
2026-09-06T04:52:09.0179000Z [1m[92m   Compiling[0m parking_lot v0.12.5
2026-09-06T04:52:09.0767940Z [1m[92m   Compiling[0m tracing v0.1.44
2026-09-06T04:52:09.1097020Z [1m[92m   Compiling[0m tokio v1.52.3
2026-09-06T04:52:09.2308360Z [1m[92m   Compiling[0m block2 v0.6.2
2026-09-06T04:52:09.2309200Z [1m[92m   Compiling[0m objc2-core-foundation v0.3.2
2026-09-06T04:52:09.3181170Z [1m[92m   Compiling[0m dispatch2 v0.3.1
2026-09-06T04:52:09.3473170Z [1m[92m   Compiling[0m tempfile v3.27.0
2026-09-06T04:52:09.5368140Z [1m[92m   Compiling[0m hashbrown v0.16.1
2026-09-06T04:52:09.5368420Z [1m[92m   Compiling[0m serde v1.0.229
2026-09-06T04:52:09.5644800Z [1m[92m   Compiling[0m objc2-foundation v0.3.2
2026-09-06T04:52:09.6757220Z [1m[92m   Compiling[0m toml v0.8.23
2026-09-06T04:52:09.8674040Z [1m[92m   Compiling[0m atlas-kernels v1.0.0-beta-preview (/Users/nologik/actions-runner-atlas/_work/atlas/atlas/crates/atlas-kernels)
2026-09-06T04:52:09.8674830Z [1m[92m   Compiling[0m spark-runtime v1.0.0-beta-preview (/Users/nologik/actions-runner-atlas/_work/atlas/atlas/crates/spark-runtime)
2026-09-06T04:52:10.0113170Z [1m[92m   Compiling[0m ppv-lite86 v0.2.21
2026-09-06T04:52:10.0113440Z [1m[92m   Compiling[0m half v2.7.1
2026-09-06T04:52:10.0874630Z [1m[92m   Compiling[0m rand_chacha v0.3.1
2026-09-06T04:52:10.1473120Z [1m[92m   Compiling[0m rand v0.8.6
2026-09-06T04:52:10.2659410Z [1m[92m   Compiling[0m atlas-core v1.0.0-beta-preview (/Users/nologik/actions-runner-atlas/_work/atlas/atlas/crates/atlas-core)
2026-09-06T04:52:10.2659820Z [1m[92m   Compiling[0m safetensors v0.8.0
2026-09-06T04:52:13.3557680Z [1m[92m   Compiling[0m objc2-metal v0.3.2
2026-09-06T04:52:17.0501010Z [1m[92m    Finished[0m `test` profile [unoptimized + debuginfo] target(s) in 8.46s
2026-09-06T04:52:17.0520620Z [1m[92m     Running[0m unittests src/lib.rs (target/debug/deps/spark_runtime-3340c6a49ace3245)
2026-09-06T04:52:17.1975790Z 
2026-09-06T04:52:17.1976360Z running 40 tests
2026-09-06T04:52:17.2409220Z test metal_backend::tests::parity_basic::metal_alloc_copy_launch_roundtrip ... FAILED
2026-09-06T04:52:17.2416180Z test metal_backend::tests::parity_attention::metal_attention_prefill_matches_reference ... FAILED
2026-09-06T04:52:17.2417160Z test metal_backend::tests::parity_asym::metal_attention_decode_bf16k_turbo4v_matches_reference ... FAILED
2026-09-06T04:52:17.2417640Z test metal_backend::tests::parity_gdn::metal_causal_conv1d_decode_matches_reference ... FAILED
2026-09-06T04:52:17.2418070Z test metal_backend::tests::parity_attention_full::metal_attention_full_matches_reference ... FAILED
2026-09-06T04:52:17.2427130Z test metal_backend::tests::parity_attention::metal_kv_cache_append_matches_reference ... FAILED
2026-09-06T04:52:17.2427540Z test metal_backend::tests::parity_asym::metal_kv_cache_append_bf16k_turbov_matches_reference ... FAILED
2026-09-06T04:52:17.2429290Z test metal_backend::tests::parity_gdn::metal_gated_delta_rule_decode_matches_reference ... FAILED
2026-09-06T04:52:17.2430960Z test metal_backend::tests::parity_norms::metal_argmax_bf16_matches_reference ... FAILED
2026-09-06T04:52:17.2432550Z test metal_backend::tests::parity_attention::metal_softmax_topp_dominant_logit ... FAILED
2026-09-06T04:52:17.2438190Z test metal_backend::tests::parity_norms::metal_embed_lookup_matches_reference ... FAILED
2026-09-06T04:52:17.2439470Z test metal_backend::tests::parity_basic::metal_bf16_add_matches_reference ... FAILED
2026-09-06T04:52:17.2440760Z test metal_backend::tests::parity_basic::metal_sigmoid_gate_matches_reference ... FAILED
2026-09-06T04:52:17.2441500Z test metal_backend::tests::parity_gdn::metal_selective_scan_decode_matches_reference ... FAILED
2026-09-06T04:52:17.2443490Z test metal_backend::tests::parity_norms::metal_rope_apply_matches_reference ... FAILED
2026-09-06T04:52:17.2443840Z test metal_backend::tests::parity_norms::metal_rms_norm_matches_reference ... FAILED
2026-09-06T04:52:17.2445460Z test metal_backend::tests::parity_attention::metal_attention_decode_matches_reference ... FAILED
2026-09-06T04:52:17.2445870Z test metal_backend::tests::parity_norms::metal_silu_gate_matches_reference ... FAILED
2026-09-06T04:52:17.2447510Z test metal_backend::tests::parity_quant::metal_mlx_int8_dequant_matches_reference ... FAILED
2026-09-06T04:52:17.2451710Z test metal_backend::tests::parity_turbo23::metal_kv_cache_append_turbo3_matches_reference ... FAILED
2026-09-06T04:52:17.2453110Z test metal_backend::tests::parity_turbo4::metal_kv_cache_append_turbo4_matches_reference ... FAILED
2026-09-06T04:52:17.2454150Z test metal_backend::tests::parity_quant::metal_mlx_int8_gemv_matches_reference ... FAILED
2026-09-06T04:52:17.2454530Z test metal_backend::tests::parity_turbo::metal_attention_decode_turbo8_matches_reference ... FAILED
2026-09-06T04:52:17.2455500Z test metal_backend::tests::parity_turbo23::metal_kv_cache_append_turbo2_matches_reference ... FAILED
2026-09-06T04:52:17.2456030Z test metal_backend::tests::real_model_attention::metal_real_model_full_attention_block_layer3 ... ignored, requires local copy of mlx-community/Qwen3.5-4B-MLX-8bit
2026-09-06T04:52:17.2456620Z test metal_backend::tests::real_model_gemv::metal_mlx_int8_gemv_real_model_q_proj ... ignored, requires local copy of mlx-community/Qwen3.5-4B-MLX-8bit
2026-09-06T04:52:17.2457160Z test metal_backend::tests::real_model_misc::metal_mlx_int8_dequant_real_model ... ignored, requires local copy of mlx-community/Qwen3.5-4B-MLX-8bit
2026-09-06T04:52:17.2457880Z test metal_backend::tests::real_model_misc::metal_real_model_chain_norm_then_qproj ... ignored, requires local copy of mlx-community/Qwen3.5-4B-MLX-8bit
2026-09-06T04:52:17.2458460Z test metal_backend::tests::real_model_vision::metal_real_model_vision_block_forward ... ignored, requires local copy of mlx-community/Qwen3.5-4B-MLX-8bit
2026-09-06T04:52:17.2458950Z test metal_backend::tests::parity_turbo::metal_kv_cache_append_turbo8_matches_reference ... FAILED
2026-09-06T04:52:17.2459310Z test metal_backend::tests::parity_quant::metal_mlx_int8_gemm_matches_reference ... FAILED
2026-09-06T04:52:17.2459670Z test metal_backend::tests::parity_turbo4::metal_attention_decode_turbo4_matches_reference ... FAILED
2026-09-06T04:52:17.2460060Z test metal_backend::tests::parity_turbo::metal_wht_bf16_inverse_roundtrip ... FAILED
2026-09-06T04:52:17.2460400Z test metal_backend::tests::parity_turbo23::metal_attention_decode_turbo23_matches_reference ... FAILED
2026-09-06T04:52:17.2460750Z test metal_backend::tests::parity_turbo::metal_wht_bf16_matches_reference ... FAILED
2026-09-06T04:52:17.2463150Z test metal_backend::tests::parity_vision::metal_gelu_matches_reference ... FAILED
2026-09-06T04:52:17.2464150Z test metal_backend::tests::parity_vision::metal_conv3d_patch_embed_matches_reference ... FAILED
2026-09-06T04:52:17.2464990Z test metal_backend::tests::parity_vision::metal_layer_norm_matches_reference ... FAILED
2026-09-06T04:52:17.2466200Z test metal_backend::tests::parity_vision::metal_dense_gemv_bf16_matches_reference ... FAILED
2026-09-06T04:52:17.2466600Z test metal_backend::tests::parity_vision::metal_dense_gemm_bf16_matches_reference ... FAILED
2026-09-06T04:52:17.2466790Z 
2026-09-06T04:52:17.2466880Z failures:
2026-09-06T04:52:17.2467480Z 
2026-09-06T04:52:17.2467640Z ---- metal_backend::tests::parity_basic::metal_alloc_copy_launch_roundtrip stdout ----
2026-09-06T04:52:17.2467830Z 
2026-09-06T04:52:17.2468130Z thread 'metal_backend::tests::parity_basic::metal_alloc_copy_launch_roundtrip' (906618) panicked at crates/spark-runtime/src/metal_backend/tests/parity_basic.rs:37:10:
2026-09-06T04:52:17.2468600Z kernel lookup: Metal: unknown module 'noop_smoke'
2026-09-06T04:52:17.2468740Z 
2026-09-06T04:52:17.2468800Z Stack backtrace:
2026-09-06T04:52:17.2468960Z    0: std::backtrace_rs::backtrace::libunwind::trace
2026-09-06T04:52:17.2469310Z              at /rustc/01f6ddf7588f42ae2d7eb0a2f21d44e8e96674cf/library/std/src/../../backtrace/src/backtrace/libunwind.rs:117:9
2026-09-06T04:52:17.2469710Z    1: std::backtrace_rs::backtrace::trace_unsynchronized
2026-09-06T04:52:17.2470050Z              at /rustc/01f6ddf7588f42ae2d7eb0a2f21d44e8e96674cf/library/std/src/../../backtrace/src/backtrace/mod.rs:66:14
2026-09-06T04:52:17.2470400Z    2: std::backtrace::Backtrace::create
2026-09-06T04:52:17.2470820Z              at /rustc/01f6ddf7588f42ae2d7eb0a2f21d44e8e96674cf/library/std/src/backtrace.rs:331:13
2026-09-06T04:52:17.2471110Z    3: anyhow::error::<impl anyhow::Error>::msg
2026-09-06T04:52:17.2471410Z              at /Users/nologik/.cargo/registry/src/index.crates.io-1949cf8c6b5b557f/anyhow-1.0.104/src/backtrace.rs:10:14
2026-09-06T04:52:17.2471850Z    4: anyhow::__private::format_err
2026-09-06T04:52:17.2472150Z              at /Users/nologik/.cargo/registry/src/index.crates.io-1949cf8c6b5b557f/anyhow-1.0.104/src/lib.rs:690:13
2026-09-06T04:52:17.2472550Z    5: <spark_runtime::metal_backend::MetalGpuBackend as spark_runtime::gpu::GpuBackend>::kernel::{{closure}}
2026-09-06T04:52:17.2472880Z              at ./src/metal_backend.rs:515:28
2026-09-06T04:52:17.2473090Z    6: core::option::Option<T>::ok_or_else
2026-09-06T04:52:17.2473390Z              at /rustc/01f6ddf7588f42ae2d7eb0a2f21d44e8e96674cf/library/core/src/option.rs:1369:25
2026-09-06T04:52:17.2473740Z    7: <spark_runtime::metal_backend::MetalGpuBackend as spark_runtime::gpu::GpuBackend>::kernel
2026-09-06T04:52:17.2474000Z              at ./src/metal_backend.rs:515:14
2026-09-06T04:52:17.2474290Z    8: spark_runtime::metal_backend::tests::parity_basic::metal_alloc_copy_launch_roundtrip
2026-09-06T04:52:17.2474610Z              at ./src/metal_backend/tests/parity_basic.rs:36:10
2026-09-06T04:52:17.2474900Z    9: spark_runtime::metal_backend::tests::parity_basic::metal_alloc_copy_launch_roundtrip::{{closure}}
2026-09-06T04:52:17.2475190Z              at ./src/metal_backend/tests/parity_basic.rs:17:39
2026-09-06T04:52:17.2475380Z   10: core::ops::function::FnOnce::call_once
2026-09-06T04:52:17.2475650Z              at /rustc/01f6ddf7588f42ae2d7eb0a2f21d44e8e96674cf/library/core/src/ops/function.rs:250:5
2026-09-06T04:52:17.2475920Z   11: core::ops::function::FnOnce::call_once
2026-09-06T04:52:17.2476180Z              at /rustc/01f6ddf7588f42ae2d7eb0a2f21d44e8e96674cf/library/core/src/ops/function.rs:250:5
2026-09-06T04:52:17.2476450Z   12: test::__rust_begin_short_backtrace
2026-09-06T04:52:17.2476670Z              at /rustc/01f6ddf7588f42ae2d7eb0a2f21d44e8e96674cf/library/test/src/lib.rs:663:18
2026-09-06T04:52:17.2476920Z   13: test::run_test_in_process::{{closure}}
2026-09-06T04:52:17.2477160Z              at /rustc/01f6ddf7588f42ae2d7eb0a2f21d44e8e96674cf/library/test/src/lib.rs:686:74
2026-09-06T04:52:17.2477490Z   14: <core::panic::unwind_safe::AssertUnwindSafe<F> as core::ops::function::FnOnce<()>>::call_once
2026-09-06T04:52:17.2477850Z              at /rustc/01f6ddf7588f42ae2d7eb0a2f21d44e8e96674cf/library/core/src/panic/unwind_safe.rs:274:9
2026-09-06T04:52:17.2478140Z   15: std::panicking::catch_unwind::do_call
2026-09-06T04:52:17.2478390Z              at /rustc/01f6ddf7588f42ae2d7eb0a2f21d44e8e96674cf/library/std/src/panicking.rs:581:40
2026-09-06T04:52:17.2478650Z   16: std::panicking::catch_unwind
2026-09-06T04:52:17.2478920Z              at /rustc/01f6ddf7588f42ae2d7eb0a2f21d44e8e96674cf/library/std/src/panicking.rs:544:19
2026-09-06T04:52:17.2479250Z   17: std::panic::catch_unwind
2026-09-06T04:52:17.2479490Z              at /rustc/01f6ddf7588f42ae2d7eb0a2f21d44e8e96674cf/library/std/src/panic.rs:359:14
2026-09-06T04:52:17.2479720Z   18: test::run_test_in_process
2026-09-06T04:52:17.2479950Z              at /rustc/01f6ddf7588f42ae2d7eb0a2f21d44e8e96674cf/library/test/src/lib.rs:686:27
2026-09-06T04:52:17.2480190Z   19: test::run_test::{{closure}}
2026-09-06T04:52:17.2480430Z              at /rustc/01f6ddf7588f42ae2d7eb0a2f21d44e8e96674cf/library/test/src/lib.rs:607:43
2026-09-06T04:52:17.2480680Z   20: test::run_test::{{closure}}
2026-09-06T04:52:17.2480880Z              at /rustc/01f6ddf7588f42ae2d7eb0a2f21d44e8e96674cf/library/test/src/lib.rs:637:41
2026-09-06T04:52:17.2481150Z   21: std::sys::backtrace::__rust_begin_short_backtrace
2026-09-06T04:52:17.2481420Z              at /rustc/01f6ddf7588f42ae2d7eb0a2f21d44e8e96674cf/library/std/src/sys/backtrace.rs:160:18
2026-09-06T04:52:17.2481860Z   22: std::thread::lifecycle::spawn_unchecked::{{closure}}::{{closure}}
2026-09-06T04:52:17.2482160Z              at /rustc/01f6ddf7588f42ae2d7eb0a2f21d44e8e96674cf/library/std/src/thread/lifecycle.rs:92:13
2026-09-06T04:52:17.2482510Z   23: <core::panic::unwind_safe::AssertUnwindSafe<F> as core::ops::function::FnOnce<()>>::call_once
2026-09-06T04:52:17.2482950Z              at /rustc/01f6ddf7588f42ae2d7eb0a2f21d44e8e96674cf/library/core/src/panic/unwind_safe.rs:274:9
2026-09-06T04:52:17.2483230Z   24: std::panicking::catch_unwind::do_call
2026-09-06T04:52:17.2483480Z              at /rustc/01f6ddf7588f42ae2d7eb0a2f21d44e8e96674cf/library/std/src/panicking.rs:581:40
2026-09-06T04:52:17.2483730Z   25: std::panicking::catch_unwind
2026-09-06T04:52:17.2483960Z              at /rustc/01f6ddf7588f42ae2d7eb0a2f21d44e8e96674cf/library/std/src/panicking.rs:544:19
2026-09-06T04:52:17.2484220Z   26: std::panic::catch_unwind
2026-09-06T04:52:17.2484440Z              at /rustc/01f6ddf7588f42ae2d7eb0a2f21d44e8e96674cf/library/std/src/panic.rs:359:14
2026-09-06T04:52:17.2484700Z   27: std::thread::lifecycle::spawn_unchecked::{{closure}}
2026-09-06T04:52:17.2484990Z              at /rustc/01f6ddf7588f42ae2d7eb0a2f21d44e8e96674cf/library/std/src/thread/lifecycle.rs:90:26
2026-09-06T04:52:17.2485270Z   28: core::ops::function::FnOnce::call_once{{vtable.shim}}
2026-09-06T04:52:17.2485550Z              at /rustc/01f6ddf7588f42ae2d7eb0a2f21d44e8e96674cf/library/core/src/ops/function.rs:250:5
2026-09-06T04:52:17.2486040Z   29: <alloc::boxed::Box<F,A> as core::ops::function::FnOnce<Args>>::call_once
2026-09-06T04:52:17.2486400Z              at /rustc/01f6ddf7588f42ae2d7eb0a2f21d44e8e96674cf/library/alloc/src/boxed.rs:2206:9
2026-09-06T04:52:17.2486660Z   30: std::sys::thread::unix::Thread::new::thread_start
2026-09-06T04:52:17.2486950Z              at /rustc/01f6ddf7588f42ae2d7eb0a2f21d44e8e96674cf/library/std/src/sys/thread/unix.rs:118:17
2026-09-06T04:52:17.2487190Z   31: __pthread_exit
2026-09-06T04:52:17.2487330Z stack backtrace:
2026-09-06T04:52:17.2487480Z    0: __rustc::rust_begin_unwind
2026-09-06T04:52:17.2487710Z              at /rustc/01f6ddf7588f42ae2d7eb0a2f21d44e8e96674cf/library/std/src/panicking.rs:689:5
2026-09-06T04:52:17.2487940Z    1: core::panicking::panic_fmt
2026-09-06T04:52:17.2488180Z              at /rustc/01f6ddf7588f42ae2d7eb0a2f21d44e8e96674cf/library/core/src/panicking.rs:80:14
2026-09-06T04:52:17.2488430Z    2: core::result::unwrap_failed
2026-09-06T04:52:17.2488710Z              at /rustc/01f6ddf7588f42ae2d7eb0a2f21d44e8e96674cf/library/core/src/result.rs:1867:5
2026-09-06T04:52:17.2488950Z    3: core::result::Result<T,E>::expect
2026-09-06T04:52:17.2489180Z              at /rustc/01f6ddf7588f42ae2d7eb0a2f21d44e8e96674cf/library/core/src/result.rs:1185:23
2026-09-06T04:52:17.2489490Z    4: spark_runtime::metal_backend::tests::parity_basic::metal_alloc_copy_launch_roundtrip
2026-09-06T04:52:17.2489750Z              at ./src/metal_backend/tests/parity_basic.rs:37:10
2026-09-06T04:52:17.2490240Z    5: spark_runtime::metal_backend::tests::parity_basic::metal_alloc_copy_launch_roundtrip::{{closure}}
2026-09-06T04:52:17.2490560Z              at ./src/metal_backend/tests/parity_basic.rs:17:39
2026-09-06T04:52:17.2490760Z    6: core::ops::function::FnOnce::call_once
2026-09-06T04:52:17.2491000Z              at /rustc/01f6ddf7588f42ae2d7eb0a2f21d44e8e96674cf/library/core/src/ops/function.rs:250:5
2026-09-06T04:52:17.2491270Z    7: core::ops::function::FnOnce::call_once
2026-09-06T04:52:17.2491510Z              at /rustc/01f6ddf7588f42ae2d7eb0a2f21d44e8e96674cf/library/core/src/ops/function.rs:250:5
2026-09-06T04:52:17.2491830Z note: Some details are omitted, run with `RUST_BACKTRACE=full` for a verbose backtrace.
2026-09-06T04:52:17.2492000Z 
2026-09-06T04:52:17.2492190Z ---- metal_backend::tests::parity_attention::metal_attention_prefill_matches_reference stdout ----
2026-09-06T04:52:17.2492380Z 
2026-09-06T04:52:17.2492690Z thread 'metal_backend::tests::parity_attention::metal_attention_prefill_matches_reference' (906614) panicked at crates/spark-runtime/src/metal_backend/tests/parity_attention.rs:95:10:
2026-09-06T04:52:17.2493200Z called `Result::unwrap()` on an `Err` value: Metal: unknown module 'attention_prefill'
2026-09-06T04:52:17.2493370Z 
2026-09-06T04:52:17.2493440Z Stack backtrace:
2026-09-06T04:52:17.2493580Z    0: std::backtrace_rs::backtrace::libunwind::trace
2026-09-06T04:52:17.2494130Z              at /rustc/01f6ddf7588f42ae2d7eb0a2f21d44e8e96674cf/library/std/src/../../backtrace/src/backtrace/libunwind.rs:117:9
2026-09-06T04:52:17.2494470Z    1: std::backtrace_rs::backtrace::trace_unsynchronized
2026-09-06T04:52:17.2494760Z              at /rustc/01f6ddf7588f42ae2d7eb0a2f21d44e8e96674cf/library/std/src/../../backtrace/src/backtrace/mod.rs:66:14
2026-09-06T04:52:17.2495040Z    2: std::backtrace::Backtrace::create
2026-09-06T04:52:17.2495270Z              at /rustc/01f6ddf7588f42ae2d7eb0a2f21d44e8e96674cf/library/std/src/backtrace.rs:331:13
2026-09-06T04:52:17.2495530Z    3: anyhow::error::<impl anyhow::Error>::msg
2026-09-06T04:52:17.2495830Z              at /Users/nologik/.cargo/registry/src/index.crates.io-1949cf8c6b5b557f/anyhow-1.0.104/src/backtrace.rs:10:14
2026-09-06T04:52:17.2496160Z    4: anyhow::__private::format_err
2026-09-06T04:52:17.2496440Z              at /Users/nologik/.cargo/registry/src/index.crates.io-1949cf8c6b5b557f/anyhow-1.0.104/src/lib.rs:690:13
2026-09-06T04:52:17.2496830Z    5: <spark_runtime::metal_backend::MetalGpuBackend as spark_runtime::gpu::GpuBackend>::kernel::{{closure}}
2026-09-06T04:52:17.2497090Z              at ./src/metal_backend.rs:515:28
2026-09-06T04:52:17.2497240Z    6: core::option::Option<T>::ok_or_else
2026-09-06T04:52:17.2497490Z              at /rustc/01f6ddf7588f42ae2d7eb0a2f21d44e8e96674cf/library/core/src/option.rs:1369:25
2026-09-06T04:52:17.2497830Z    7: <spark_runtime::metal_backend::MetalGpuBackend as spark_runtime::gpu::GpuBackend>::kernel
2026-09-06T04:52:17.2498060Z              at ./src/metal_backend.rs:515:14
2026-09-06T04:52:17.2498300Z    8: spark_runtime::metal_backend::tests::parity_attention::metal_attention_prefill_matches_reference
2026-09-06T04:52:17.2498580Z              at ./src/metal_backend/tests/parity_attention.rs:94:10
2026-09-06T04:52:17.2498870Z    9: spark_runtime::metal_backend::tests::parity_attention::metal_attention_prefill_matches_reference::{{closure}}
2026-09-06T04:52:17.2499160Z              at ./src/metal_backend/tests/parity_attention.rs:17:47
2026-09-06T04:52:17.2499370Z   10: core::ops::function::FnOnce::call_once
2026-09-06T04:52:17.2499680Z              at /rustc/01f6ddf7588f42ae2d7eb0a2f21d44e8e96674cf/library/core/src/ops/function.rs:250:5
2026-09-06T04:52:17.2499930Z   11: core::ops::function::FnOnce::call_once
2026-09-06T04:52:17.2500170Z              at /rustc/01f6ddf7588f42ae2d7eb0a2f21d44e8e96674cf/library/core/src/ops/function.rs:250:5
2026-09-06T04:52:17.2500410Z   12: test::__rust_begin_short_backtrace
2026-09-06T04:52:17.2500650Z              at /rustc/01f6ddf7588f42ae2d7eb0a2f21d44e8e96674cf/library/test/src/lib.rs:663:18
2026-09-06T04:52:17.2501010Z   13: test::run_test_in_process::{{closure}}
2026-09-06T04:52:17.2501270Z              at /rustc/01f6ddf7588f42ae2d7eb0a2f21d44e8e96674cf/library/test/src/lib.rs:686:74
2026-09-06T04:52:17.2501620Z   14: <core::panic::unwind_safe::AssertUnwindSafe<F> as core::ops::function::FnOnce<()>>::call_once
2026-09-06T04:52:17.2501980Z              at /rustc/01f6ddf7588f42ae2d7eb0a2f21d44e8e96674cf/library/core/src/panic/unwind_safe.rs:274:9
2026-09-06T04:52:17.2502260Z   15: std::panicking::catch_unwind::do_call
2026-09-06T04:52:17.2502510Z              at /rustc/01f6ddf7588f42ae2d7eb0a2f21d44e8e96674cf/library/std/src/panicking.rs:581:40
2026-09-06T04:52:17.2502760Z   16: std::panicking::catch_unwind
2026-09-06T04:52:17.2502980Z              at /rustc/01f6ddf7588f42ae2d7eb0a2f21d44e8e96674cf/library/std/src/panicking.rs:544:19
2026-09-06T04:52:17.2503220Z   17: std::panic::catch_unwind
2026-09-06T04:52:17.2503450Z              at /rustc/01f6ddf7588f42ae2d7eb0a2f21d44e8e96674cf/library/std/src/panic.rs:359:14
2026-09-06T04:52:17.2503700Z   18: test::run_test_in_process
2026-09-06T04:52:17.2503910Z              at /rustc/01f6ddf7588f42ae2d7eb0a2f21d44e8e96674cf/library/test/src/lib.rs:686:27
2026-09-06T04:52:17.2504160Z   19: test::run_test::{{closure}}
2026-09-06T04:52:17.2504500Z              at /rustc/01f6ddf7588f42ae2d7eb0a2f21d44e8e96674cf/library/test/src/lib.rs:607:43
2026-09-06T04:52:17.2504730Z   20: test::run_test::{{closure}}
2026-09-06T04:52:17.2504950Z              at /rustc/01f6ddf7588f42ae2d7eb0a2f21d44e8e96674cf/library/test/src/lib.rs:637:41
2026-09-06T04:52:17.2505200Z   21: std::sys::backtrace::__rust_begin_short_backtrace
2026-09-06T04:52:17.2505460Z              at /rustc/01f6ddf7588f42ae2d7eb0a2f21d44e8e96674cf/library/std/src/sys/backtrace.rs:160:18
2026-09-06T04:52:17.2505750Z   22: std::thread::lifecycle::spawn_unchecked::{{closure}}::{{closure}}
2026-09-06T04:52:17.2506070Z              at /rustc/01f6ddf7588f42ae2d7eb0a2f21d44e8e96674cf/library/std/src/thread/lifecycle.rs:92:13
2026-09-06T04:52:17.2506410Z   23: <core::panic::unwind_safe::AssertUnwindSafe<F> as core::ops::function::FnOnce<()>>::call_once
2026-09-06T04:52:17.2506740Z              at /rustc/01f6ddf7588f42ae2d7eb0a2f21d44e8e96674cf/library/core/src/panic/unwind_safe.rs:274:9
2026-09-06T04:52:17.2507010Z   24: std::panicking::catch_unwind::do_call
2026-09-06T04:52:17.2507240Z              at /rustc/01f6ddf7588f42ae2d7eb0a2f21d44e8e96674cf/library/std/src/panicking.rs:581:40
2026-09-06T04:52:17.2507480Z   25: std::panicking::catch_unwind
2026-09-06T04:52:17.2507690Z              at /rustc/01f6ddf7588f42ae2d7eb0a2f21d44e8e96674cf/library/std/src/panicking.rs:544:19
2026-09-06T04:52:17.2507930Z   26: std::panic::catch_unwind
2026-09-06T04:52:17.2508140Z              at /rustc/01f6ddf7588f42ae2d7eb0a2f21d44e8e96674cf/library/std/src/panic.rs:359:14
2026-09-06T04:52:17.2508410Z   27: std::thread::lifecycle::spawn_unchecked::{{closure}}
2026-09-06T04:52:17.2508710Z              at /rustc/01f6ddf7588f42ae2d7eb0a2f21d44e8e96674cf/library/std/src/thread/lifecycle.rs:90:26
2026-09-06T04:52:17.2508990Z   28: core::ops::function::FnOnce::call_once{{vtable.shim}}
2026-09-06T04:52:17.2509250Z              at /rustc/01f6ddf7588f42ae2d7eb0a2f21d44e8e96674cf/library/core/src/ops/function.rs:250:5
2026-09-06T04:52:17.2509540Z   29: <alloc::boxed::Box<F,A> as core::ops::function::FnOnce<Args>>::call_once
2026-09-06T04:52:17.2509820Z              at /rustc/01f6ddf7588f42ae2d7eb0a2f21d44e8e96674cf/library/alloc/src/boxed.rs:2206:9
2026-09-06T04:52:17.2510060Z   30: std::sys::thread::unix::Thread::new::thread_start
2026-09-06T04:52:17.2510310Z              at /rustc/01f6ddf7588f42ae2d7eb0a2f21d44e8e96674cf/library/std/src/sys/thread/unix.rs:118:17
2026-09-06T04:52:17.2510540Z   31: __pthread_exit
2026-09-06T04:52:17.2510650Z stack backtrace:
2026-09-06T04:52:17.2510760Z    0: __rustc::rust_begin_unwind
2026-09-06T04:52:17.2510970Z              at /rustc/01f6ddf7588f42ae2d7eb0a2f21d44e8e96674cf/library/std/src/panicking.rs:689:5
2026-09-06T04:52:17.2511300Z    1: core::panicking::panic_fmt
2026-09-06T04:52:17.2511520Z              at /rustc/01f6ddf7588f42ae2d7eb0a2f21d44e8e96674cf/library/core/src/panicking.rs:80:14
2026-09-06T04:52:17.2511740Z    2: core::result::unwrap_failed
2026-09-06T04:52:17.2511950Z              at /rustc/01f6ddf7588f42ae2d7eb0a2f21d44e8e96674cf/library/core/src/result.rs:1867:5
2026-09-06T04:52:17.2512180Z    3: core::result::Result<T,E>::unwrap
2026-09-06T04:52:17.2512400Z              at /rustc/01f6ddf7588f42ae2d7eb0a2f21d44e8e96674cf/library/core/src/result.rs:1233:23
2026-09-06T04:52:17.2512720Z    4: spark_runtime::metal_backend::tests::parity_attention::metal_attention_prefill_matches_reference
2026-09-06T04:52:17.2512980Z              at ./src/metal_backend/tests/parity_attention.rs:95:10
2026-09-06T04:52:17.2513260Z    5: spark_runtime::metal_backend::tests::parity_attention::metal_attention_prefill_matches_reference::{{closure}}
2026-09-06T04:52:17.2513550Z              at ./src/metal_backend/tests/parity_attention.rs:17:47
2026-09-06T04:52:17.2513730Z    6: core::ops::function::FnOnce::call_once
2026-09-06T04:52:17.2513950Z              at /rustc/01f6ddf7588f42ae2d7eb0a2f21d44e8e96674cf/library/core/src/ops/function.rs:250:5
2026-09-06T04:52:17.2514190Z    7: core::ops::function::FnOnce::call_once
2026-09-06T04:52:17.2514510Z              at /rustc/01f6ddf7588f42ae2d7eb0a2f21d44e8e96674cf/library/core/src/ops/function.rs:250:5
2026-09-06T04:52:17.2514820Z note: Some details are omitted, run with `RUST_BACKTRACE=full` for a verbose backtrace.
2026-09-06T04:52:17.2514990Z 
2026-09-06T04:52:17.2515150Z ---- metal_backend::tests::parity_asym::metal_attention_decode_bf16k_turbo4v_matches_reference stdout ----
2026-09-06T04:52:17.2515350Z 
2026-09-06T04:52:17.2515650Z thread 'metal_backend::tests::parity_asym::metal_attention_decode_bf16k_turbo4v_matches_reference' (906611) panicked at crates/spark-runtime/src/metal_backend/tests/parity_asym.rs:216:10:
2026-09-06T04:52:17.2516070Z append: Metal: unknown module 'kv_cache_append_bf16k_turbov'
2026-09-06T04:52:17.2516200Z 
2026-09-06T04:52:17.2516240Z Stack backtrace:
2026-09-06T04:52:17.2516380Z    0: std::backtrace_rs::backtrace::libunwind::trace
2026-09-06T04:52:17.2516670Z              at /rustc/01f6ddf7588f42ae2d7eb0a2f21d44e8e96674cf/library/std/src/../../backtrace/src/backtrace/libunwind.rs:117:9
2026-09-06T04:52:17.2517040Z    1: std::backtrace_rs::backtrace::trace_unsynchronized
2026-09-06T04:52:17.2517320Z              at /rustc/01f6ddf7588f42ae2d7eb0a2f21d44e8e96674cf/library/std/src/../../backtrace/src/backtrace/mod.rs:66:14
2026-09-06T04:52:17.2517590Z    2: std::backtrace::Backtrace::create
2026-09-06T04:52:17.2517810Z              at /rustc/01f6ddf7588f42ae2d7eb0a2f21d44e8e96674cf/library/std/src/backtrace.rs:331:13
2026-09-06T04:52:17.2518050Z    3: anyhow::error::<impl anyhow::Error>::msg
2026-09-06T04:52:17.2518320Z              at /Users/nologik/.cargo/registry/src/index.crates.io-1949cf8c6b5b557f/anyhow-1.0.104/src/backtrace.rs:10:14
2026-09-06T04:52:17.2518580Z    4: anyhow::__private::format_err
2026-09-06T04:52:17.2518830Z              at /Users/nologik/.cargo/registry/src/index.crates.io-1949cf8c6b5b557f/anyhow-1.0.104/src/lib.rs:690:13
2026-09-06T04:52:17.2519190Z    5: <spark_runtime::metal_backend::MetalGpuBackend as spark_runtime::gpu::GpuBackend>::kernel::{{closure}}
2026-09-06T04:52:17.2519440Z              at ./src/metal_backend.rs:515:28
2026-09-06T04:52:17.2519580Z    6: core::option::Option<T>::ok_or_else
2026-09-06T04:52:17.2519790Z              at /rustc/01f6ddf7588f42ae2d7eb0a2f21d44e8e96674cf/library/core/src/option.rs:1369:25
2026-09-06T04:52:17.2520090Z    7: <spark_runtime::metal_backend::MetalGpuBackend as spark_runtime::gpu::GpuBackend>::kernel
2026-09-06T04:52:17.2520310Z              at ./src/metal_backend.rs:515:14
2026-09-06T04:52:17.2520570Z    8: spark_runtime::metal_backend::tests::parity_asym::metal_attention_decode_bf16k_turbo4v_matches_reference
2026-09-06T04:52:17.2520830Z              at ./src/metal_backend/tests/parity_asym.rs:212:10
2026-09-06T04:52:17.2521190Z    9: spark_runtime::metal_backend::tests::parity_asym::metal_attention_decode_bf16k_turbo4v_matches_reference::{{closure}}
2026-09-06T04:52:17.2521500Z              at ./src/metal_backend/tests/parity_asym.rs:207:60
2026-09-06T04:52:17.2521670Z   10: core::ops::function::FnOnce::call_once
2026-09-06T04:52:17.2521890Z              at /rustc/01f6ddf7588f42ae2d7eb0a2f21d44e8e96674cf/library/core/src/ops/function.rs:250:5
2026-09-06T04:52:17.2522120Z   11: core::ops::function::FnOnce::call_once
2026-09-06T04:52:17.2522350Z              at /rustc/01f6ddf7588f42ae2d7eb0a2f21d44e8e96674cf/library/core/src/ops/function.rs:250:5
2026-09-06T04:52:17.2522570Z   12: test::__rust_begin_short_backtrace
2026-09-06T04:52:17.2522770Z              at /rustc/01f6ddf7588f42ae2d7eb0a2f21d44e8e96674cf/library/test/src/lib.rs:663:18
2026-09-06T04:52:17.2522990Z   13: test::run_test_in_process::{{closure}}
2026-09-06T04:52:17.2523190Z              at /rustc/01f6ddf7588f42ae2d7eb0a2f21d44e8e96674cf/library/test/src/lib.rs:686:74
2026-09-06T04:52:17.2523480Z   14: <core::panic::unwind_safe::AssertUnwindSafe<F> as core::ops::function::FnOnce<()>>::call_once
2026-09-06T04:52:17.2523800Z              at /rustc/01f6ddf7588f42ae2d7eb0a2f21d44e8e96674cf/library/core/src/panic/unwind_safe.rs:274:9
2026-09-06T04:52:17.2524040Z   15: std::panicking::catch_unwind::do_call
2026-09-06T04:52:17.2524320Z              at /rustc/01f6ddf7588f42ae2d7eb0a2f21d44e8e96674cf/library/std/src/panicking.rs:581:40
2026-09-06T04:52:17.2524550Z   16: std::panicking::catch_unwind
2026-09-06T04:52:17.2524750Z              at /rustc/01f6ddf7588f42ae2d7eb0a2f21d44e8e96674cf/library/std/src/panicking.rs:544:19
2026-09-06T04:52:17.2524970Z   17: std::panic::catch_unwind
2026-09-06T04:52:17.2525160Z              at /rustc/01f6ddf7588f42ae2d7eb0a2f21d44e8e96674cf/library/std/src/panic.rs:359:14
2026-09-06T04:52:17.2525370Z   18: test::run_test_in_process
2026-09-06T04:52:17.2525560Z              at /rustc/01f6ddf7588f42ae2d7eb0a2f21d44e8e96674cf/library/test/src/lib.rs:686:27
2026-09-06T04:52:17.2525760Z   19: test::run_test::{{closure}}
2026-09-06T04:52:17.2525950Z              at /rustc/01f6ddf7588f42ae2d7eb0a2f21d44e8e96674cf/library/test/src/lib.rs:607:43
2026-09-06T04:52:17.2526160Z   20: test::run_test::{{closure}}
2026-09-06T04:52:17.2526350Z              at /rustc/01f6ddf7588f42ae2d7eb0a2f21d44e8e96674cf/library/test/src/lib.rs:637:41
2026-09-06T04:52:17.2526570Z   21: std::sys::backtrace::__rust_begin_short_backtrace
2026-09-06T04:52:17.2526810Z              at /rustc/01f6ddf7588f42ae2d7eb0a2f21d44e8e96674cf/library/std/src/sys/backtrace.rs:160:18
2026-09-06T04:52:17.2527080Z   22: std::thread::lifecycle::spawn_unchecked::{{closure}}::{{closure}}
2026-09-06T04:52:17.2527340Z              at /rustc/01f6ddf7588f42ae2d7eb0a2f21d44e8e96674cf/library/std/src/thread/lifecycle.rs:92:13
2026-09-06T04:52:17.2527660Z   23: <core::panic::unwind_safe::AssertUnwindSafe<F> as core::ops::function::FnOnce<()>>::call_once
2026-09-06T04:52:17.2527970Z              at /rustc/01f6ddf7588f42ae2d7eb0a2f21d44e8e96674cf/library/core/src/panic/unwind_safe.rs:274:9
2026-09-06T04:52:17.2528210Z   24: std::panicking::catch_unwind::do_call
2026-09-06T04:52:17.2528430Z              at /rustc/01f6ddf7588f42ae2d7eb0a2f21d44e8e96674cf/library/std/src/panicking.rs:581:40
2026-09-06T04:52:17.2528640Z   25: std::panicking::catch_unwind
2026-09-06T04:52:17.2528850Z              at /rustc/01f6ddf7588f42ae2d7eb0a2f21d44e8e96674cf/library/std/src/panicking.rs:544:19
2026-09-06T04:52:17.2529060Z   26: std::panic::catch_unwind
2026-09-06T04:52:17.2529250Z              at /rustc/01f6ddf7588f42ae2d7eb0a2f21d44e8e96674cf/library/std/src/panic.rs:359:14
2026-09-06T04:52:17.2529480Z   27: std::thread::lifecycle::spawn_unchecked::{{closure}}
2026-09-06T04:52:17.2529730Z              at /rustc/01f6ddf7588f42ae2d7eb0a2f21d44e8e96674cf/library/std/src/thread/lifecycle.rs:90:26
2026-09-06T04:52:17.2529980Z   28: core::ops::function::FnOnce::call_once{{vtable.shim}}
2026-09-06T04:52:17.2530270Z              at /rustc/01f6ddf7588f42ae2d7eb0a2f21d44e8e96674cf/library/core/src/ops/function.rs:250:5
2026-09-06T04:52:17.2530540Z   29: <alloc::boxed::Box<F,A> as core::ops::function::FnOnce<Args>>::call_once
2026-09-06T04:52:17.2530790Z              at /rustc/01f6ddf7588f42ae2d7eb0a2f21d44e8e96674cf/library/alloc/src/boxed.rs:2206:9
2026-09-06T04:52:17.2531030Z   30: std::sys::thread::unix::Thread::new::thread_start
2026-09-06T04:52:17.2531270Z              at /rustc/01f6ddf7588f42ae2d7eb0a2f21d44e8e96674cf/library/std/src/sys/thread/unix.rs:118:17
2026-09-06T04:52:17.2531490Z   31: __pthread_exit
2026-09-06T04:52:17.2531610Z stack backtrace:
2026-09-06T04:52:17.2531710Z    0: __rustc::rust_begin_unwind
2026-09-06T04:52:17.2531930Z              at /rustc/01f6ddf7588f42ae2d7eb0a2f21d44e8e96674cf/library/std/src/panicking.rs:689:5
2026-09-06T04:52:17.2532150Z    1: core::panicking::panic_fmt
2026-09-06T04:52:17.2532360Z              at /rustc/01f6ddf7588f42ae2d7eb0a2f21d44e8e96674cf/library/core/src/panicking.rs:80:14
2026-09-06T04:52:17.2532590Z    2: core::result::unwrap_failed
2026-09-06T04:52:17.2532800Z              at /rustc/01f6ddf7588f42ae2d7eb0a2f21d44e8e96674cf/library/core/src/result.rs:1867:5
2026-09-06T04:52:17.2539430Z    3: core::result::Result<T,E>::expect
2026-09-06T04:52:17.2539820Z              at /rustc/01f6ddf7588f42ae2d7eb0a2f21d44e8e96674cf/library/core/src/result.rs:1185:23
2026-09-06T04:52:17.2540180Z    4: spark_runtime::metal_backend::tests::parity_asym::metal_attention_decode_bf16k_turbo4v_matches_reference
2026-09-06T04:52:17.2540480Z              at ./src/metal_backend/tests/parity_asym.rs:216:10
2026-09-06T04:52:17.2540760Z    5: spark_runtime::metal_backend::tests::parity_asym::metal_attention_decode_bf16k_turbo4v_matches_reference::{{closure}}
2026-09-06T04:52:17.2541070Z              at ./src/metal_backend/tests/parity_asym.rs:207:60
2026-09-06T04:52:17.2541240Z    6: core::ops::function::FnOnce::call_once
2026-09-06T04:52:17.2541460Z              at /rustc/01f6ddf7588f42ae2d7eb0a2f21d44e8e96674cf/library/core/src/ops/function.rs:250:5
2026-09-06T04:52:17.2541700Z    7: core::ops::function::FnOnce::call_once
2026-09-06T04:52:17.2541960Z              at /rustc/01f6ddf7588f42ae2d7eb0a2f21d44e8e96674cf/library/core/src/ops/function.rs:250:5
2026-09-06T04:52:17.2542280Z note: Some details are omitted, run with `RUST_BACKTRACE=full` for a verbose backtrace.
2026-09-06T04:52:17.2542450Z 
2026-09-06T04:52:17.2542580Z ---- metal_backend::tests::parity_gdn::metal_causal_conv1d_decode_matches_reference stdout ----
2026-09-06T04:52:17.2542790Z 
2026-09-06T04:52:17.2543080Z thread 'metal_backend::tests::parity_gdn::metal_causal_conv1d_decode_matches_reference' (906621) panicked at crates/spark-runtime/src/metal_backend/tests/parity_gdn.rs:386:10:
2026-09-06T04:52:17.2543520Z called `Result::unwrap()` on an `Err` value: Metal: unknown module 'causal_conv1d_decode'
2026-09-06T04:52:17.2543680Z 
2026-09-06T04:52:17.2543750Z Stack backtrace:
2026-09-06T04:52:17.2543880Z    0: std::backtrace_rs::backtrace::libunwind::trace
2026-09-06T04:52:17.2544160Z              at /rustc/01f6ddf7588f42ae2d7eb0a2f21d44e8e96674cf/library/std/src/../../backtrace/src/backtrace/libunwind.rs:117:9
2026-09-06T04:52:17.2544470Z    1: std::backtrace_rs::backtrace::trace_unsynchronized
2026-09-06T04:52:17.2544740Z              at /rustc/01f6ddf7588f42ae2d7eb0a2f21d44e8e96674cf/library/std/src/../../backtrace/src/backtrace/mod.rs:66:14
2026-09-06T04:52:17.2545030Z    2: std::backtrace::Backtrace::create
2026-09-06T04:52:17.2545270Z              at /rustc/01f6ddf7588f42ae2d7eb0a2f21d44e8e96674cf/library/std/src/backtrace.rs:331:13
2026-09-06T04:52:17.2545520Z    3: anyhow::error::<impl anyhow::Error>::msg
2026-09-06T04:52:17.2545800Z              at /Users/nologik/.cargo/registry/src/index.crates.io-1949cf8c6b5b557f/anyhow-1.0.104/src/backtrace.rs:10:14
2026-09-06T04:52:17.2546060Z    4: anyhow::__private::format_err
2026-09-06T04:52:17.2546290Z              at /Users/nologik/.cargo/registry/src/index.crates.io-1949cf8c6b5b557f/anyhow-1.0.104/src/lib.rs:690:13
2026-09-06T04:52:17.2546720Z    5: <spark_runtime::metal_backend::MetalGpuBackend as spark_runtime::gpu::GpuBackend>::kernel::{{closure}}
2026-09-06T04:52:17.2546990Z              at ./src/metal_backend.rs:515:28
2026-09-06T04:52:17.2547120Z    6: core::option::Option<T>::ok_or_else
2026-09-06T04:52:17.2547330Z              at /rustc/01f6ddf7588f42ae2d7eb0a2f21d44e8e96674cf/library/core/src/option.rs:1369:25
2026-09-06T04:52:17.2547630Z    7: <spark_runtime::metal_backend::MetalGpuBackend as spark_runtime::gpu::GpuBackend>::kernel
2026-09-06T04:52:17.2547850Z              at ./src/metal_backend.rs:515:14
2026-09-06T04:52:17.2548070Z    8: spark_runtime::metal_backend::tests::parity_gdn::metal_causal_conv1d_decode_matches_reference
2026-09-06T04:52:17.2548310Z              at ./src/metal_backend/tests/parity_gdn.rs:385:10
2026-09-06T04:52:17.2548560Z    9: spark_runtime::metal_backend::tests::parity_gdn::metal_causal_conv1d_decode_matches_reference::{{closure}}
2026-09-06T04:52:17.2548830Z              at ./src/metal_backend/tests/parity_gdn.rs:350:50
2026-09-06T04:52:17.2548980Z   10: core::ops::function::FnOnce::call_once
2026-09-06T04:52:17.2549200Z              at /rustc/01f6ddf7588f42ae2d7eb0a2f21d44e8e96674cf/library/core/src/ops/function.rs:250:5
2026-09-06T04:52:17.2549430Z   11: core::ops::function::FnOnce::call_once
2026-09-06T04:52:17.2549730Z              at /rustc/01f6ddf7588f42ae2d7eb0a2f21d44e8e96674cf/library/core/src/ops/function.rs:250:5
2026-09-06T04:52:17.2549960Z   12: test::__rust_begin_short_backtrace
2026-09-06T04:52:17.2550160Z              at /rustc/01f6ddf7588f42ae2d7eb0a2f21d44e8e96674cf/library/test/src/lib.rs:663:18
2026-09-06T04:52:17.2550370Z   13: test::run_test_in_process::{{closure}}
2026-09-06T04:52:17.2550570Z              at /rustc/01f6ddf7588f42ae2d7eb0a2f21d44e8e96674cf/library/test/src/lib.rs:686:74
2026-09-06T04:52:17.2550890Z   14: <core::panic::unwind_safe::AssertUnwindSafe<F> as core::ops::function::FnOnce<()>>::call_once
2026-09-06T04:52:17.2551240Z              at /rustc/01f6ddf7588f42ae2d7eb0a2f21d44e8e96674cf/library/core/src/panic/unwind_safe.rs:274:9
2026-09-06T04:52:17.2551470Z   15: std::panicking::catch_unwind::do_call
2026-09-06T04:52:17.2551690Z              at /rustc/01f6ddf7588f42ae2d7eb0a2f21d44e8e96674cf/library/std/src/panicking.rs:581:40
2026-09-06T04:52:17.2551940Z   16: std::panicking::catch_unwind
2026-09-06T04:52:17.2552150Z              at /rustc/01f6ddf7588f42ae2d7eb0a2f21d44e8e96674cf/library/std/src/panicking.rs:544:19
2026-09-06T04:52:17.2552370Z   17: std::panic::catch_unwind
2026-09-06T04:52:17.2552590Z              at /rustc/01f6ddf7588f42ae2d7eb0a2f21d44e8e96674cf/library/std/src/panic.rs:359:14
2026-09-06T04:52:17.2552790Z   18: test::run_test_in_process
2026-09-06T04:52:17.2553000Z              at /rustc/01f6ddf7588f42ae2d7eb0a2f21d44e8e96674cf/library/test/src/lib.rs:686:27
2026-09-06T04:52:17.2553230Z   19: test::run_test::{{closure}}
2026-09-06T04:52:17.2553420Z              at /rustc/01f6ddf7588f42ae2d7eb0a2f21d44e8e96674cf/library/test/src/lib.rs:607:43
2026-09-06T04:52:17.2553620Z   20: test::run_test::{{closure}}
2026-09-06T04:52:17.2553810Z              at /rustc/01f6ddf7588f42ae2d7eb0a2f21d44e8e96674cf/library/test/src/lib.rs:637:41
2026-09-06T04:52:17.2554030Z   21: std::sys::backtrace::__rust_begin_short_backtrace
2026-09-06T04:52:17.2554270Z              at /rustc/01f6ddf7588f42ae2d7eb0a2f21d44e8e96674cf/library/std/src/sys/backtrace.rs:160:18
2026-09-06T04:52:17.2554530Z   22: std::thread::lifecycle::spawn_unchecked::{{closure}}::{{closure}}
2026-09-06T04:52:17.2554800Z              at /rustc/01f6ddf7588f42ae2d7eb0a2f21d44e8e96674cf/library/std/src/thread/lifecycle.rs:92:13
2026-09-06T04:52:17.2555110Z   23: <core::panic::unwind_safe::AssertUnwindSafe<F> as core::ops::function::FnOnce<()>>::call_once
2026-09-06T04:52:17.2555420Z              at /rustc/01f6ddf7588f42ae2d7eb0a2f21d44e8e96674cf/library/core/src/panic/unwind_safe.rs:274:9
2026-09-06T04:52:17.2555710Z   24: std::panicking::catch_unwind::do_call
2026-09-06T04:52:17.2555960Z              at /rustc/01f6ddf7588f42ae2d7eb0a2f21d44e8e96674cf/library/std/src/panicking.rs:581:40
2026-09-06T04:52:17.2556210Z   25: std::panicking::catch_unwind
2026-09-06T04:52:17.2556410Z              at /rustc/01f6ddf7588f42ae2d7eb0a2f21d44e8e96674cf/library/std/src/panicking.rs:544:19
2026-09-06T04:52:17.2556650Z   26: std::panic::catch_unwind
2026-09-06T04:52:17.2556840Z              at /rustc/01f6ddf7588f42ae2d7eb0a2f21d44e8e96674cf/library/std/src/panic.rs:359:14
2026-09-06T04:52:17.2557070Z   27: std::thread::lifecycle::spawn_unchecked::{{closure}}
2026-09-06T04:52:17.2557310Z              at /rustc/01f6ddf7588f42ae2d7eb0a2f21d44e8e96674cf/library/std/src/thread/lifecycle.rs:90:26
2026-09-06T04:52:17.2557560Z   28: core::ops::function::FnOnce::call_once{{vtable.shim}}
2026-09-06T04:52:17.2557800Z              at /rustc/01f6ddf7588f42ae2d7eb0a2f21d44e8e96674cf/library/core/src/ops/function.rs:250:5
2026-09-06T04:52:17.2558070Z   29: <alloc::boxed::Box<F,A> as core::ops::function::FnOnce<Args>>::call_once
2026-09-06T04:52:17.2558320Z              at /rustc/01f6ddf7588f42ae2d7eb0a2f21d44e8e96674cf/library/alloc/src/boxed.rs:2206:9
2026-09-06T04:52:17.2558550Z   30: std::sys::thread::unix::Thread::new::thread_start
2026-09-06T04:52:17.2558860Z              at /rustc/01f6ddf7588f42ae2d7eb0a2f21d44e8e96674cf/library/std/src/sys/thread/unix.rs:118:17
2026-09-06T04:52:17.2559120Z   31: __pthread_exit
2026-09-06T04:52:17.2559220Z stack backtrace:
2026-09-06T04:52:17.2559320Z    0: __rustc::rust_begin_unwind
2026-09-06T04:52:17.2559530Z              at /rustc/01f6ddf7588f42ae2d7eb0a2f21d44e8e96674cf/library/std/src/panicking.rs:689:5
2026-09-06T04:52:17.2559770Z    1: core::panicking::panic_fmt
2026-09-06T04:52:17.2560010Z              at /rustc/01f6ddf7588f42ae2d7eb0a2f21d44e8e96674cf/library/core/src/panicking.rs:80:14
2026-09-06T04:52:17.2560220Z    2: core::result::unwrap_failed
2026-09-06T04:52:17.2560410Z              at /rustc/01f6ddf7588f42ae2d7eb0a2f21d44e8e96674cf/library/core/src/result.rs:1867:5
2026-09-06T04:52:17.2560640Z    3: core::result::Result<T,E>::unwrap
2026-09-06T04:52:17.2560840Z              at /rustc/01f6ddf7588f42ae2d7eb0a2f21d44e8e96674cf/library/core/src/result.rs:1233:23
2026-09-06T04:52:17.2561210Z    4: spark_runtime::metal_backend::tests::parity_gdn::metal_causal_conv1d_decode_matches_reference
2026-09-06T04:52:17.2561450Z              at ./src/metal_backend/tests/parity_gdn.rs:386:10
2026-09-06T04:52:17.2561740Z    5: spark_runtime::metal_backend::tests::parity_gdn::metal_causal_conv1d_decode_matches_reference::{{closure}}
2026-09-06T04:52:17.2562010Z              at ./src/metal_backend/tests/parity_gdn.rs:350:50
2026-09-06T04:52:17.2562170Z    6: core::ops::function::FnOnce::call_once
2026-09-06T04:52:17.2562390Z              at /rustc/01f6ddf7588f42ae2d7eb0a2f21d44e8e96674cf/library/core/src/ops/function.rs:250:5
2026-09-06T04:52:17.2562610Z    7: core::ops::function::FnOnce::call_once
2026-09-06T04:52:17.2562830Z              at /rustc/01f6ddf7588f42ae2d7eb0a2f21d44e8e96674cf/library/core/src/ops/function.rs:250:5
2026-09-06T04:52:17.2563120Z note: Some details are omitted, run with `RUST_BACKTRACE=full` for a verbose backtrace.
2026-09-06T04:52:17.2563270Z 
2026-09-06T04:52:17.2563420Z ---- metal_backend::tests::parity_attention_full::metal_attention_full_matches_reference stdout ----
2026-09-06T04:52:17.2563600Z 
2026-09-06T04:52:17.2563900Z thread 'metal_backend::tests::parity_attention_full::metal_attention_full_matches_reference' (906617) panicked at crates/spark-runtime/src/metal_backend/tests/parity_attention_full.rs:82:69:
2026-09-06T04:52:17.2564330Z called `Result::unwrap()` on an `Err` value: Metal: unknown module 'attention_full'
2026-09-06T04:52:17.2564490Z 
2026-09-06T04:52:17.2564520Z Stack backtrace:
2026-09-06T04:52:17.2564640Z    0: std::backtrace_rs::backtrace::libunwind::trace
2026-09-06T04:52:17.2564950Z              at /rustc/01f6ddf7588f42ae2d7eb0a2f21d44e8e96674cf/library/std/src/../../backtrace/src/backtrace/libunwind.rs:117:9
2026-09-06T04:52:17.2565310Z    1: std::backtrace_rs::backtrace::trace_unsynchronized
2026-09-06T04:52:17.2565590Z              at /rustc/01f6ddf7588f42ae2d7eb0a2f21d44e8e96674cf/library/std/src/../../backtrace/src/backtrace/mod.rs:66:14
2026-09-06T04:52:17.2565830Z    2: std::backtrace::Backtrace::create
2026-09-06T04:52:17.2566020Z              at /rustc/01f6ddf7588f42ae2d7eb0a2f21d44e8e96674cf/library/std/src/backtrace.rs:331:13
2026-09-06T04:52:17.2566260Z    3: anyhow::error::<impl anyhow::Error>::msg
2026-09-06T04:52:17.2566500Z              at /Users/nologik/.cargo/registry/src/index.crates.io-1949cf8c6b5b557f/anyhow-1.0.104/src/backtrace.rs:10:14
2026-09-06T04:52:17.2566730Z    4: anyhow::__private::format_err
2026-09-06T04:52:17.2566980Z              at /Users/nologik/.cargo/registry/src/index.crates.io-1949cf8c6b5b557f/anyhow-1.0.104/src/lib.rs:690:13
2026-09-06T04:52:17.2567330Z    5: <spark_runtime::metal_backend::MetalGpuBackend as spark_runtime::gpu::GpuBackend>::kernel::{{closure}}
2026-09-06T04:52:17.2567550Z              at ./src/metal_backend.rs:515:28
2026-09-06T04:52:17.2567680Z    6: core::option::Option<T>::ok_or_else
2026-09-06T04:52:17.2567870Z              at /rustc/01f6ddf7588f42ae2d7eb0a2f21d44e8e96674cf/library/core/src/option.rs:1369:25
2026-09-06T04:52:17.2568200Z    7: <spark_runtime::metal_backend::MetalGpuBackend as spark_runtime::gpu::GpuBackend>::kernel
2026-09-06T04:52:17.2568410Z              at ./src/metal_backend.rs:515:14
2026-09-06T04:52:17.2568620Z    8: spark_runtime::metal_backend::tests::parity_attention_full::metal_attention_full_matches_reference
2026-09-06T04:52:17.2568870Z              at ./src/metal_backend/tests/parity_attention_full.rs:82:26
2026-09-06T04:52:17.2569130Z    9: spark_runtime::metal_backend::tests::parity_attention_full::metal_attention_full_matches_reference::{{closure}}
2026-09-06T04:52:17.2569380Z              at ./src/metal_backend/tests/parity_attention_full.rs:13:44
2026-09-06T04:52:17.2569550Z   10: core::ops::function::FnOnce::call_once
2026-09-06T04:52:17.2569750Z              at /rustc/01f6ddf7588f42ae2d7eb0a2f21d44e8e96674cf/library/core/src/ops/function.rs:250:5
2026-09-06T04:52:17.2569960Z   11: core::ops::function::FnOnce::call_once
2026-09-06T04:52:17.2570160Z              at /rustc/01f6ddf7588f42ae2d7eb0a2f21d44e8e96674cf/library/core/src/ops/function.rs:250:5
2026-09-06T04:52:17.2570370Z   12: test::__rust_begin_short_backtrace
2026-09-06T04:52:17.2570550Z              at /rustc/01f6ddf7588f42ae2d7eb0a2f21d44e8e96674cf/library/test/src/lib.rs:663:18
2026-09-06T04:52:17.2570740Z   13: test::run_test_in_process::{{closure}}
2026-09-06T04:52:17.2570930Z              at /rustc/01f6ddf7588f42ae2d7eb0a2f21d44e8e96674cf/library/test/src/lib.rs:686:74
2026-09-06T04:52:17.2571200Z   14: <core::panic::unwind_safe::AssertUnwindSafe<F> as core::ops::function::FnOnce<()>>::call_once
2026-09-06T04:52:17.2571490Z              at /rustc/01f6ddf7588f42ae2d7eb0a2f21d44e8e96674cf/library/core/src/panic/unwind_safe.rs:274:9
2026-09-06T04:52:17.2571710Z   15: std::panicking::catch_unwind::do_call
2026-09-06T04:52:17.2571910Z              at /rustc/01f6ddf7588f42ae2d7eb0a2f21d44e8e96674cf/library/std/src/panicking.rs:581:40
2026-09-06T04:52:17.2572110Z   16: std::panicking::catch_unwind
2026-09-06T04:52:17.2572300Z              at /rustc/01f6ddf7588f42ae2d7eb0a2f21d44e8e96674cf/library/std/src/panicking.rs:544:19
2026-09-06T04:52:17.2572490Z   17: std::panic::catch_unwind
2026-09-06T04:52:17.2572670Z              at /rustc/01f6ddf7588f42ae2d7eb0a2f21d44e8e96674cf/library/std/src/panic.rs:359:14
2026-09-06T04:52:17.2572860Z   18: test::run_test_in_process
2026-09-06T04:52:17.2573030Z              at /rustc/01f6ddf7588f42ae2d7eb0a2f21d44e8e96674cf/library/test/src/lib.rs:686:27
2026-09-06T04:52:17.2573220Z   19: test::run_test::{{closure}}
2026-09-06T04:52:17.2573390Z              at /rustc/01f6ddf7588f42ae2d7eb0a2f21d44e8e96674cf/library/test/src/lib.rs:607:43
2026-09-06T04:52:17.2573580Z   20: test::run_test::{{closure}}
2026-09-06T04:52:17.2573800Z              at /rustc/01f6ddf7588f42ae2d7eb0a2f21d44e8e96674cf/library/test/src/lib.rs:637:41
2026-09-06T04:52:17.2574000Z   21: std::sys::backtrace::__rust_begin_short_backtrace
2026-09-06T04:52:17.2574220Z              at /rustc/01f6ddf7588f42ae2d7eb0a2f21d44e8e96674cf/library/std/src/sys/backtrace.rs:160:18
2026-09-06T04:52:17.2574470Z   22: std::thread::lifecycle::spawn_unchecked::{{closure}}::{{closure}}
2026-09-06T04:52:17.2574710Z              at /rustc/01f6ddf7588f42ae2d7eb0a2f21d44e8e96674cf/library/std/src/thread/lifecycle.rs:92:13
2026-09-06T04:52:17.2575000Z   23: <core::panic::unwind_safe::AssertUnwindSafe<F> as core::ops::function::FnOnce<()>>::call_once
2026-09-06T04:52:17.2575290Z              at /rustc/01f6ddf7588f42ae2d7eb0a2f21d44e8e96674cf/library/core/src/panic/unwind_safe.rs:274:9
2026-09-06T04:52:17.2575510Z   24: std::panicking::catch_unwind::do_call
2026-09-06T04:52:17.2575710Z              at /rustc/01f6ddf7588f42ae2d7eb0a2f21d44e8e96674cf/library/std/src/panicking.rs:581:40
2026-09-06T04:52:17.2575910Z   25: std::panicking::catch_unwind
2026-09-06T04:52:17.2576090Z              at /rustc/01f6ddf7588f42ae2d7eb0a2f21d44e8e96674cf/library/std/src/panicking.rs:544:19
2026-09-06T04:52:17.2576290Z   26: std::panic::catch_unwind
2026-09-06T04:52:17.2576460Z              at /rustc/01f6ddf7588f42ae2d7eb0a2f21d44e8e96674cf/library/std/src/panic.rs:359:14
2026-09-06T04:52:17.2576770Z   27: std::thread::lifecycle::spawn_unchecked::{{closure}}
2026-09-06T04:52:17.2577000Z              at /rustc/01f6ddf7588f42ae2d7eb0a2f21d44e8e96674cf/library/std/src/thread/lifecycle.rs:90:26
2026-09-06T04:52:17.2577240Z   28: core::ops::function::FnOnce::call_once{{vtable.shim}}
2026-09-06T04:52:17.2577460Z              at /rustc/01f6ddf7588f42ae2d7eb0a2f21d44e8e96674cf/library/core/src/ops/function.rs:250:5
2026-09-06T04:52:17.2577710Z   29: <alloc::boxed::Box<F,A> as core::ops::function::FnOnce<Args>>::call_once
2026-09-06T04:52:17.2577940Z              at /rustc/01f6ddf7588f42ae2d7eb0a2f21d44e8e96674cf/library/alloc/src/boxed.rs:2206:9
2026-09-06T04:52:17.2578160Z   30: std::sys::thread::unix::Thread::new::thread_start
2026-09-06T04:52:17.2578380Z              at /rustc/01f6ddf7588f42ae2d7eb0a2f21d44e8e96674cf/library/std/src/sys/thread/unix.rs:118:17
2026-09-06T04:52:17.2578600Z   31: __pthread_exit
2026-09-06T04:52:17.2578690Z stack backtrace:
2026-09-06T04:52:17.2578790Z    0: __rustc::rust_begin_unwind
2026-09-06T04:52:17.2578970Z              at /rustc/01f6ddf7588f42ae2d7eb0a2f21d44e8e96674cf/library/std/src/panicking.rs:689:5
2026-09-06T04:52:17.2579170Z    1: core::panicking::panic_fmt
2026-09-06T04:52:17.2579360Z              at /rustc/01f6ddf7588f42ae2d7eb0a2f21d44e8e96674cf/library/core/src/panicking.rs:80:14
2026-09-06T04:52:17.2579560Z    2: core::result::unwrap_failed
2026-09-06T04:52:17.2579740Z              at /rustc/01f6ddf7588f42ae2d7eb0a2f21d44e8e96674cf/library/core/src/result.rs:1867:5
2026-09-06T04:52:17.2579930Z    3: core::result::Result<T,E>::unwrap
2026-09-06T04:52:17.2580130Z              at /rustc/01f6ddf7588f42ae2d7eb0a2f21d44e8e96674cf/library/core/src/result.rs:1233:23
2026-09-06T04:52:17.2580410Z    4: spark_runtime::metal_backend::tests::parity_attention_full::metal_attention_full_matches_reference
2026-09-06T04:52:17.2580650Z              at ./src/metal_backend/tests/parity_attention_full.rs:82:69
2026-09-06T04:52:17.2580910Z    5: spark_runtime::metal_backend::tests::parity_attention_full::metal_attention_full_matches_reference::{{closure}}
2026-09-06T04:52:17.2581170Z              at ./src/metal_backend/tests/parity_attention_full.rs:13:44
2026-09-06T04:52:17.2581320Z    6: core::ops::function::FnOnce::call_once
2026-09-06T04:52:17.2581530Z              at /rustc/01f6ddf7588f42ae2d7eb0a2f21d44e8e96674cf/library/core/src/ops/function.rs:250:5
2026-09-06T04:52:17.2581740Z    7: core::ops::function::FnOnce::call_once
2026-09-06T04:52:17.2581940Z              at /rustc/01f6ddf7588f42ae2d7eb0a2f21d44e8e96674cf/library/core/src/ops/function.rs:250:5
2026-09-06T04:52:17.2582240Z note: Some details are omitted, run with `RUST_BACKTRACE=full` for a verbose backtrace.
2026-09-06T04:52:17.2582390Z 
2026-09-06T04:52:17.2582510Z ---- metal_backend::tests::parity_attention::metal_kv_cache_append_matches_reference stdout ----
2026-09-06T04:52:17.2582670Z 
2026-09-06T04:52:17.2582930Z thread 'metal_backend::tests::parity_attention::metal_kv_cache_append_matches_reference' (906615) panicked at crates/spark-runtime/src/metal_backend/tests/parity_attention.rs:246:10:
2026-09-06T04:52:17.2583320Z called `Result::unwrap()` on an `Err` value: Metal: unknown module 'kv_cache_append'
2026-09-06T04:52:17.2583460Z 
2026-09-06T04:52:17.2583490Z Stack backtrace:
2026-09-06T04:52:17.2583600Z    0: std::backtrace_rs::backtrace::libunwind::trace
2026-09-06T04:52:17.2583860Z              at /rustc/01f6ddf7588f42ae2d7eb0a2f21d44e8e96674cf/library/std/src/../../backtrace/src/backtrace/libunwind.rs:117:9
2026-09-06T04:52:17.2584120Z    1: std::backtrace_rs::backtrace::trace_unsynchronized
2026-09-06T04:52:17.2584370Z              at /rustc/01f6ddf7588f42ae2d7eb0a2f21d44e8e96674cf/library/std/src/../../backtrace/src/backtrace/mod.rs:66:14
2026-09-06T04:52:17.2584600Z    2: std::backtrace::Backtrace::create
2026-09-06T04:52:17.2584800Z              at /rustc/01f6ddf7588f42ae2d7eb0a2f21d44e8e96674cf/library/std/src/backtrace.rs:331:13
2026-09-06T04:52:17.2585070Z    3: anyhow::error::<impl anyhow::Error>::msg
2026-09-06T04:52:17.2585310Z              at /Users/nologik/.cargo/registry/src/index.crates.io-1949cf8c6b5b557f/anyhow-1.0.104/src/backtrace.rs:10:14
2026-09-06T04:52:17.2585550Z    4: anyhow::__private::format_err
2026-09-06T04:52:17.2585760Z              at /Users/nologik/.cargo/registry/src/index.crates.io-1949cf8c6b5b557f/anyhow-1.0.104/src/lib.rs:690:13
2026-09-06T04:52:17.2586180Z    5: <spark_runtime::metal_backend::MetalGpuBackend as spark_runtime::gpu::GpuBackend>::kernel::{{closure}}
2026-09-06T04:52:17.2586400Z              at ./src/metal_backend.rs:515:28
2026-09-06T04:52:17.2586540Z    6: core::option::Option<T>::ok_or_else
2026-09-06T04:52:17.2586730Z              at /rustc/01f6ddf7588f42ae2d7eb0a2f21d44e8e96674cf/library/core/src/option.rs:1369:25
2026-09-06T04:52:17.2587000Z    7: <spark_runtime::metal_backend::MetalGpuBackend as spark_runtime::gpu::GpuBackend>::kernel
2026-09-06T04:52:17.2587200Z              at ./src/metal_backend.rs:515:14
2026-09-06T04:52:17.2587410Z    8: spark_runtime::metal_backend::tests::parity_attention::metal_kv_cache_append_matches_reference
2026-09-06T04:52:17.2587640Z              at ./src/metal_backend/tests/parity_attention.rs:245:10
2026-09-06T04:52:17.2587890Z    9: spark_runtime::metal_backend::tests::parity_attention::metal_kv_cache_append_matches_reference::{{closure}}
2026-09-06T04:52:17.2588130Z              at ./src/metal_backend/tests/parity_attention.rs:210:45
2026-09-06T04:52:17.2588290Z   10: core::ops::function::FnOnce::call_once
2026-09-06T04:52:17.2588490Z              at /rustc/01f6ddf7588f42ae2d7eb0a2f21d44e8e96674cf/library/core/src/ops/function.rs:250:5
2026-09-06T04:52:17.2588700Z   11: core::ops::function::FnOnce::call_once
2026-09-06T04:52:17.2588900Z              at /rustc/01f6ddf7588f42ae2d7eb0a2f21d44e8e96674cf/library/core/src/ops/function.rs:250:5
2026-09-06T04:52:17.2589110Z   12: test::__rust_begin_short_backtrace
2026-09-06T04:52:17.2589290Z              at /rustc/01f6ddf7588f42ae2d7eb0a2f21d44e8e96674cf/library/test/src/lib.rs:663:18
2026-09-06T04:52:17.2589480Z   13: test::run_test_in_process::{{closure}}
2026-09-06T04:52:17.2589670Z              at /rustc/01f6ddf7588f42ae2d7eb0a2f21d44e8e96674cf/library/test/src/lib.rs:686:74
2026-09-06T04:52:17.2589940Z   14: <core::panic::unwind_safe::AssertUnwindSafe<F> as core::ops::function::FnOnce<()>>::call_once
2026-09-06T04:52:17.2590230Z              at /rustc/01f6ddf7588f42ae2d7eb0a2f21d44e8e96674cf/library/core/src/panic/unwind_safe.rs:274:9
2026-09-06T04:52:17.2590440Z   15: std::panicking::catch_unwind::do_call
2026-09-06T04:52:17.2590640Z              at /rustc/01f6ddf7588f42ae2d7eb0a2f21d44e8e96674cf/library/std/src/panicking.rs:581:40
2026-09-06T04:52:17.2590900Z   16: std::panicking::catch_unwind
2026-09-06T04:52:17.2591090Z              at /rustc/01f6ddf7588f42ae2d7eb0a2f21d44e8e96674cf/library/std/src/panicking.rs:544:19
2026-09-06T04:52:17.2591280Z   17: std::panic::catch_unwind
2026-09-06T04:52:17.2591460Z              at /rustc/01f6ddf7588f42ae2d7eb0a2f21d44e8e96674cf/library/std/src/panic.rs:359:14
2026-09-06T04:52:17.2591650Z   18: test::run_test_in_process
2026-09-06T04:52:17.2591830Z              at /rustc/01f6ddf7588f42ae2d7eb0a2f21d44e8e96674cf/library/test/src/lib.rs:686:27
2026-09-06T04:52:17.2592010Z   19: test::run_test::{{closure}}
2026-09-06T04:52:17.2592190Z              at /rustc/01f6ddf7588f42ae2d7eb0a2f21d44e8e96674cf/library/test/src/lib.rs:607:43
2026-09-06T04:52:17.2592370Z   20: test::run_test::{{closure}}
2026-09-06T04:52:17.2592550Z              at /rustc/01f6ddf7588f42ae2d7eb0a2f21d44e8e96674cf/library/test/src/lib.rs:637:41
2026-09-06T04:52:17.2592750Z   21: std::sys::backtrace::__rust_begin_short_backtrace
2026-09-06T04:52:17.2592970Z              at /rustc/01f6ddf7588f42ae2d7eb0a2f21d44e8e96674cf/library/std/src/sys/backtrace.rs:160:18
2026-09-06T04:52:17.2593220Z   22: std::thread::lifecycle::spawn_unchecked::{{closure}}::{{closure}}
2026-09-06T04:52:17.2593530Z              at /rustc/01f6ddf7588f42ae2d7eb0a2f21d44e8e96674cf/library/std/src/thread/lifecycle.rs:92:13
2026-09-06T04:52:17.2593830Z   23: <core::panic::unwind_safe::AssertUnwindSafe<F> as core::ops::function::FnOnce<()>>::call_once
2026-09-06T04:52:17.2594110Z              at /rustc/01f6ddf7588f42ae2d7eb0a2f21d44e8e96674cf/library/core/src/panic/unwind_safe.rs:274:9
2026-09-06T04:52:17.2594330Z   24: std::panicking::catch_unwind::do_call
2026-09-06T04:52:17.2594530Z              at /rustc/01f6ddf7588f42ae2d7eb0a2f21d44e8e96674cf/library/std/src/panicking.rs:581:40
2026-09-06T04:52:17.2594730Z   25: std::panicking::catch_unwind
2026-09-06T04:52:17.2594920Z              at /rustc/01f6ddf7588f42ae2d7eb0a2f21d44e8e96674cf/library/std/src/panicking.rs:544:19
2026-09-06T04:52:17.2595120Z   26: std::panic::catch_unwind
2026-09-06T04:52:17.2595300Z              at /rustc/01f6ddf7588f42ae2d7eb0a2f21d44e8e96674cf/library/std/src/panic.rs:359:14
2026-09-06T04:52:17.2595530Z   27: std::thread::lifecycle::spawn_unchecked::{{closure}}
2026-09-06T04:52:17.2595780Z              at /rustc/01f6ddf7588f42ae2d7eb0a2f21d44e8e96674cf/library/std/src/thread/lifecycle.rs:90:26
2026-09-06T04:52:17.2596040Z   28: core::ops::function::FnOnce::call_once{{vtable.shim}}
2026-09-06T04:52:17.2596280Z              at /rustc/01f6ddf7588f42ae2d7eb0a2f21d44e8e96674cf/library/core/src/ops/function.rs:250:5
2026-09-06T04:52:17.2596550Z   29: <alloc::boxed::Box<F,A> as core::ops::function::FnOnce<Args>>::call_once
2026-09-06T04:52:17.2596810Z              at /rustc/01f6ddf7588f42ae2d7eb0a2f21d44e8e96674cf/library/alloc/src/boxed.rs:2206:9
2026-09-06T04:52:17.2597030Z   30: std::sys::thread::unix::Thread::new::thread_start
2026-09-06T04:52:17.2597250Z              at /rustc/01f6ddf7588f42ae2d7eb0a2f21d44e8e96674cf/library/std/src/sys/thread/unix.rs:118:17
2026-09-06T04:52:17.2597450Z   31: __pthread_exit
2026-09-06T04:52:17.2597540Z stack backtrace:
2026-09-06T04:52:17.2597640Z    0: __rustc::rust_begin_unwind
2026-09-06T04:52:17.2597820Z              at /rustc/01f6ddf7588f42ae2d7eb0a2f21d44e8e96674cf/library/std/src/panicking.rs:689:5
2026-09-06T04:52:17.2598020Z    1: core::panicking::panic_fmt
2026-09-06T04:52:17.2598200Z              at /rustc/01f6ddf7588f42ae2d7eb0a2f21d44e8e96674cf/library/core/src/panicking.rs:80:14
2026-09-06T04:52:17.2598410Z    2: core::result::unwrap_failed
2026-09-06T04:52:17.2598590Z              at /rustc/01f6ddf7588f42ae2d7eb0a2f21d44e8e96674cf/library/core/src/result.rs:1867:5
2026-09-06T04:52:17.2598780Z    3: core::result::Result<T,E>::unwrap
2026-09-06T04:52:17.2598970Z              at /rustc/01f6ddf7588f42ae2d7eb0a2f21d44e8e96674cf/library/core/src/result.rs:1233:23
2026-09-06T04:52:17.2599290Z    4: spark_runtime::metal_backend::tests::parity_attention::metal_kv_cache_append_matches_reference
2026-09-06T04:52:17.2599520Z              at ./src/metal_backend/tests/parity_attention.rs:246:10
2026-09-06T04:52:17.2599770Z    5: spark_runtime::metal_backend::tests::parity_attention::metal_kv_cache_append_matches_reference::{{closure}}
2026-09-06T04:52:17.2600020Z              at ./src/metal_backend/tests/parity_attention.rs:210:45
2026-09-06T04:52:17.2600180Z    6: core::ops::function::FnOnce::call_once
2026-09-06T04:52:17.2600380Z              at /rustc/01f6ddf7588f42ae2d7eb0a2f21d44e8e96674cf/library/core/src/ops/function.rs:250:5
2026-09-06T04:52:17.2600590Z    7: core::ops::function::FnOnce::call_once
2026-09-06T04:52:17.2600790Z              at /rustc/01f6ddf7588f42ae2d7eb0a2f21d44e8e96674cf/library/core/src/ops/function.rs:250:5
2026-09-06T04:52:17.2601050Z note: Some details are omitted, run with `RUST_BACKTRACE=full` for a verbose backtrace.
2026-09-06T04:52:17.2601200Z 
2026-09-06T04:52:17.2601330Z ---- metal_backend::tests::parity_asym::metal_kv_cache_append_bf16k_turbov_matches_reference stdout ----
2026-09-06T04:52:17.2601510Z 
2026-09-06T04:52:17.2601760Z thread 'metal_backend::tests::parity_asym::metal_kv_cache_append_bf16k_turbov_matches_reference' (906612) panicked at crates/spark-runtime/src/metal_backend/tests/parity_asym.rs:74:10:
2026-09-06T04:52:17.2602220Z kernel lookup: Metal: unknown module 'kv_cache_append_bf16k_turbov'
2026-09-06T04:52:17.2602350Z 
2026-09-06T04:52:17.2602380Z Stack backtrace:
2026-09-06T04:52:17.2602490Z    0: std::backtrace_rs::backtrace::libunwind::trace
2026-09-06T04:52:17.2602750Z              at /rustc/01f6ddf7588f42ae2d7eb0a2f21d44e8e96674cf/library/std/src/../../backtrace/src/backtrace/libunwind.rs:117:9
2026-09-06T04:52:17.2603010Z    1: std::backtrace_rs::backtrace::trace_unsynchronized
2026-09-06T04:52:17.2603260Z              at /rustc/01f6ddf7588f42ae2d7eb0a2f21d44e8e96674cf/library/std/src/../../backtrace/src/backtrace/mod.rs:66:14
2026-09-06T04:52:17.2603490Z    2: std::backtrace::Backtrace::create
2026-09-06T04:52:17.2603690Z              at /rustc/01f6ddf7588f42ae2d7eb0a2f21d44e8e96674cf/library/std/src/backtrace.rs:331:13
2026-09-06T04:52:17.2603890Z    3: anyhow::error::<impl anyhow::Error>::msg
2026-09-06T04:52:17.2604150Z              at /Users/nologik/.cargo/registry/src/index.crates.io-1949cf8c6b5b557f/anyhow-1.0.104/src/backtrace.rs:10:14
2026-09-06T04:52:17.2604400Z    4: anyhow::__private::format_err
2026-09-06T04:52:17.2604630Z              at /Users/nologik/.cargo/registry/src/index.crates.io-1949cf8c6b5b557f/anyhow-1.0.104/src/lib.rs:690:13
2026-09-06T04:52:17.2604980Z    5: <spark_runtime::metal_backend::MetalGpuBackend as spark_runtime::gpu::GpuBackend>::kernel::{{closure}}
2026-09-06T04:52:17.2605220Z              at ./src/metal_backend.rs:515:28
2026-09-06T04:52:17.2605360Z    6: core::option::Option<T>::ok_or_else
2026-09-06T04:52:17.2605570Z              at /rustc/01f6ddf7588f42ae2d7eb0a2f21d44e8e96674cf/library/core/src/option.rs:1369:25
2026-09-06T04:52:17.2605870Z    7: <spark_runtime::metal_backend::MetalGpuBackend as spark_runtime::gpu::GpuBackend>::kernel
2026-09-06T04:52:17.2606090Z              at ./src/metal_backend.rs:515:14
2026-09-06T04:52:17.2606270Z    8: spark_runtime::metal_backend::tests::parity_asym::run_asym_append
2026-09-06T04:52:17.2606460Z              at ./src/metal_backend/tests/parity_asym.rs:73:10
2026-09-06T04:52:17.2606820Z    9: spark_runtime::metal_backend::tests::parity_asym::metal_kv_cache_append_bf16k_turbov_matches_reference
2026-09-06T04:52:17.2607060Z              at ./src/metal_backend/tests/parity_asym.rs:161:38
2026-09-06T04:52:17.2607320Z   10: spark_runtime::metal_backend::tests::parity_asym::metal_kv_cache_append_bf16k_turbov_matches_reference::{{closure}}
2026-09-06T04:52:17.2607570Z              at ./src/metal_backend/tests/parity_asym.rs:123:58
2026-09-06T04:52:17.2607720Z   11: core::ops::function::FnOnce::call_once
2026-09-06T04:52:17.2607940Z              at /rustc/01f6ddf7588f42ae2d7eb0a2f21d44e8e96674cf/library/core/src/ops/function.rs:250:5
2026-09-06T04:52:17.2608200Z   12: core::ops::function::FnOnce::call_once
2026-09-06T04:52:17.2608400Z              at /rustc/01f6ddf7588f42ae2d7eb0a2f21d44e8e96674cf/library/core/src/ops/function.rs:250:5
2026-09-06T04:52:17.2608610Z   13: test::__rust_begin_short_backtrace
2026-09-06T04:52:17.2608790Z              at /rustc/01f6ddf7588f42ae2d7eb0a2f21d44e8e96674cf/library/test/src/lib.rs:663:18
2026-09-06T04:52:17.2609010Z   14: test::run_test_in_process::{{closure}}
2026-09-06T04:52:17.2609240Z              at /rustc/01f6ddf7588f42ae2d7eb0a2f21d44e8e96674cf/library/test/src/lib.rs:686:74
2026-09-06T04:52:17.2609590Z   15: <core::panic::unwind_safe::AssertUnwindSafe<F> as core::ops::function::FnOnce<()>>::call_once
2026-09-06T04:52:17.2609930Z              at /rustc/01f6ddf7588f42ae2d7eb0a2f21d44e8e96674cf/library/core/src/panic/unwind_safe.rs:274:9
2026-09-06T04:52:17.2610170Z   16: std::panicking::catch_unwind::do_call
2026-09-06T04:52:17.2610380Z              at /rustc/01f6ddf7588f42ae2d7eb0a2f21d44e8e96674cf/library/std/src/panicking.rs:581:40
2026-09-06T04:52:17.2610600Z   17: std::panicking::catch_unwind
2026-09-06T04:52:17.2610810Z              at /rustc/01f6ddf7588f42ae2d7eb0a2f21d44e8e96674cf/library/std/src/panicking.rs:544:19
2026-09-06T04:52:17.2611020Z   18: std::panic::catch_unwind
2026-09-06T04:52:17.2611330Z              at /rustc/01f6ddf7588f42ae2d7eb0a2f21d44e8e96674cf/library/std/src/panic.rs:359:14
2026-09-06T04:52:17.2611540Z   19: test::run_test_in_process
2026-09-06T04:52:17.2611730Z              at /rustc/01f6ddf7588f42ae2d7eb0a2f21d44e8e96674cf/library/test/src/lib.rs:686:27
2026-09-06T04:52:17.2611980Z   20: test::run_test::{{closure}}
2026-09-06T04:52:17.2612230Z              at /rustc/01f6ddf7588f42ae2d7eb0a2f21d44e8e96674cf/library/test/src/lib.rs:607:43
2026-09-06T04:52:17.2612430Z   21: test::run_test::{{closure}}
2026-09-06T04:52:17.2612610Z              at /rustc/01f6ddf7588f42ae2d7eb0a2f21d44e8e96674cf/library/test/src/lib.rs:637:41
2026-09-06T04:52:17.2612840Z   22: std::sys::backtrace::__rust_begin_short_backtrace
2026-09-06T04:52:17.2613060Z              at /rustc/01f6ddf7588f42ae2d7eb0a2f21d44e8e96674cf/library/std/src/sys/backtrace.rs:160:18
2026-09-06T04:52:17.2613320Z   23: std::thread::lifecycle::spawn_unchecked::{{closure}}::{{closure}}
2026-09-06T04:52:17.2613560Z              at /rustc/01f6ddf7588f42ae2d7eb0a2f21d44e8e96674cf/library/std/src/thread/lifecycle.rs:92:13
2026-09-06T04:52:17.2613860Z   24: <core::panic::unwind_safe::AssertUnwindSafe<F> as core::ops::function::FnOnce<()>>::call_once
2026-09-06T04:52:17.2614190Z              at /rustc/01f6ddf7588f42ae2d7eb0a2f21d44e8e96674cf/library/core/src/panic/unwind_safe.rs:274:9
2026-09-06T04:52:17.2614460Z   25: std::panicking::catch_unwind::do_call
2026-09-06T04:52:17.2614670Z              at /rustc/01f6ddf7588f42ae2d7eb0a2f21d44e8e96674cf/library/std/src/panicking.rs:581:40
2026-09-06T04:52:17.2614940Z   26: std::panicking::catch_unwind
2026-09-06T04:52:17.2615130Z              at /rustc/01f6ddf7588f42ae2d7eb0a2f21d44e8e96674cf/library/std/src/panicking.rs:544:19
2026-09-06T04:52:17.2615340Z   27: std::panic::catch_unwind
2026-09-06T04:52:17.2618420Z              at /rustc/01f6ddf7588f42ae2d7eb0a2f21d44e8e96674cf/library/std/src/panic.rs:359:14
2026-09-06T04:52:17.2618640Z   28: std::thread::lifecycle::spawn_unchecked::{{closure}}
2026-09-06T04:52:17.2618860Z              at /rustc/01f6ddf7588f42ae2d7eb0a2f21d44e8e96674cf/library/std/src/thread/lifecycle.rs:90:26
2026-09-06T04:52:17.2619100Z   29: core::ops::function::FnOnce::call_once{{vtable.shim}}
2026-09-06T04:52:17.2619320Z              at /rustc/01f6ddf7588f42ae2d7eb0a2f21d44e8e96674cf/library/core/src/ops/function.rs:250:5
2026-09-06T04:52:17.2619570Z   30: <alloc::boxed::Box<F,A> as core::ops::function::FnOnce<Args>>::call_once
2026-09-06T04:52:17.2619800Z              at /rustc/01f6ddf7588f42ae2d7eb0a2f21d44e8e96674cf/library/alloc/src/boxed.rs:2206:9
2026-09-06T04:52:17.2620020Z   31: std::sys::thread::unix::Thread::new::thread_start
2026-09-06T04:52:17.2620330Z              at /rustc/01f6ddf7588f42ae2d7eb0a2f21d44e8e96674cf/library/std/src/sys/thread/unix.rs:118:17
2026-09-06T04:52:17.2620550Z   32: __pthread_exit
2026-09-06T04:52:17.2620650Z stack backtrace:
2026-09-06T04:52:17.2620760Z    0: __rustc::rust_begin_unwind
2026-09-06T04:52:17.2620960Z              at /rustc/01f6ddf7588f42ae2d7eb0a2f21d44e8e96674cf/library/std/src/panicking.rs:689:5
2026-09-06T04:52:17.2621180Z    1: core::panicking::panic_fmt
2026-09-06T04:52:17.2621390Z              at /rustc/01f6ddf7588f42ae2d7eb0a2f21d44e8e96674cf/library/core/src/panicking.rs:80:14
2026-09-06T04:52:17.2621600Z    2: core::result::unwrap_failed
2026-09-06T04:52:17.2621800Z              at /rustc/01f6ddf7588f42ae2d7eb0a2f21d44e8e96674cf/library/core/src/result.rs:1867:5
2026-09-06T04:52:17.2622010Z    3: core::result::Result<T,E>::expect
2026-09-06T04:52:17.2622200Z              at /rustc/01f6ddf7588f42ae2d7eb0a2f21d44e8e96674cf/library/core/src/result.rs:1185:23
2026-09-06T04:52:17.2622430Z    4: spark_runtime::metal_backend::tests::parity_asym::run_asym_append
2026-09-06T04:52:17.2622610Z              at ./src/metal_backend/tests/parity_asym.rs:74:10
2026-09-06T04:52:17.2622840Z    5: spark_runtime::metal_backend::tests::parity_asym::metal_kv_cache_append_bf16k_turbov_matches_reference
2026-09-06T04:52:17.2623110Z              at ./src/metal_backend/tests/parity_asym.rs:161:38
2026-09-06T04:52:17.2623370Z    6: spark_runtime::metal_backend::tests::parity_asym::metal_kv_cache_append_bf16k_turbov_matches_reference::{{closure}}
2026-09-06T04:52:17.2623620Z              at ./src/metal_backend/tests/parity_asym.rs:123:58
2026-09-06T04:52:17.2623760Z    7: core::ops::function::FnOnce::call_once
2026-09-06T04:52:17.2623960Z              at /rustc/01f6ddf7588f42ae2d7eb0a2f21d44e8e96674cf/library/core/src/ops/function.rs:250:5
2026-09-06T04:52:17.2624170Z    8: core::ops::function::FnOnce::call_once
2026-09-06T04:52:17.2624370Z              at /rustc/01f6ddf7588f42ae2d7eb0a2f21d44e8e96674cf/library/core/src/ops/function.rs:250:5
2026-09-06T04:52:17.2624670Z note: Some details are omitted, run with `RUST_BACKTRACE=full` for a verbose backtrace.
2026-09-06T04:52:17.2624830Z 
2026-09-06T04:52:17.2624960Z ---- metal_backend::tests::parity_gdn::metal_gated_delta_rule_decode_matches_reference stdout ----
2026-09-06T04:52:17.2625140Z 
2026-09-06T04:52:17.2625410Z thread 'metal_backend::tests::parity_gdn::metal_gated_delta_rule_decode_matches_reference' (906622) panicked at crates/spark-runtime/src/metal_backend/tests/parity_gdn.rs:126:10:
2026-09-06T04:52:17.2625840Z called `Result::unwrap()` on an `Err` value: Metal: unknown module 'gated_delta_rule_decode'
2026-09-06T04:52:17.2626010Z 
2026-09-06T04:52:17.2626040Z Stack backtrace:
2026-09-06T04:52:17.2626160Z    0: std::backtrace_rs::backtrace::libunwind::trace
2026-09-06T04:52:17.2626440Z              at /rustc/01f6ddf7588f42ae2d7eb0a2f21d44e8e96674cf/library/std/src/../../backtrace/src/backtrace/libunwind.rs:117:9
2026-09-06T04:52:17.2626740Z    1: std::backtrace_rs::backtrace::trace_unsynchronized
2026-09-06T04:52:17.2627000Z              at /rustc/01f6ddf7588f42ae2d7eb0a2f21d44e8e96674cf/library/std/src/../../backtrace/src/backtrace/mod.rs:66:14
2026-09-06T04:52:17.2627230Z    2: std::backtrace::Backtrace::create
2026-09-06T04:52:17.2627420Z              at /rustc/01f6ddf7588f42ae2d7eb0a2f21d44e8e96674cf/library/std/src/backtrace.rs:331:13
2026-09-06T04:52:17.2627620Z    3: anyhow::error::<impl anyhow::Error>::msg
2026-09-06T04:52:17.2627850Z              at /Users/nologik/.cargo/registry/src/index.crates.io-1949cf8c6b5b557f/anyhow-1.0.104/src/backtrace.rs:10:14
2026-09-06T04:52:17.2628080Z    4: anyhow::__private::format_err
2026-09-06T04:52:17.2628290Z              at /Users/nologik/.cargo/registry/src/index.crates.io-1949cf8c6b5b557f/anyhow-1.0.104/src/lib.rs:690:13
2026-09-06T04:52:17.2628600Z    5: <spark_runtime::metal_backend::MetalGpuBackend as spark_runtime::gpu::GpuBackend>::kernel::{{closure}}
2026-09-06T04:52:17.2628990Z              at ./src/metal_backend.rs:515:28
2026-09-06T04:52:17.2629110Z    6: core::option::Option<T>::ok_or_else
2026-09-06T04:52:17.2629300Z              at /rustc/01f6ddf7588f42ae2d7eb0a2f21d44e8e96674cf/library/core/src/option.rs:1369:25
2026-09-06T04:52:17.2629570Z    7: <spark_runtime::metal_backend::MetalGpuBackend as spark_runtime::gpu::GpuBackend>::kernel
2026-09-06T04:52:17.2629780Z              at ./src/metal_backend.rs:515:14
2026-09-06T04:52:17.2630000Z    8: spark_runtime::metal_backend::tests::parity_gdn::metal_gated_delta_rule_decode_matches_reference
2026-09-06T04:52:17.2630250Z              at ./src/metal_backend/tests/parity_gdn.rs:125:10
2026-09-06T04:52:17.2630520Z    9: spark_runtime::metal_backend::tests::parity_gdn::metal_gated_delta_rule_decode_matches_reference::{{closure}}
2026-09-06T04:52:17.2630780Z              at ./src/metal_backend/tests/parity_gdn.rs:22:53
2026-09-06T04:52:17.2630950Z   10: core::ops::function::FnOnce::call_once
2026-09-06T04:52:17.2631170Z              at /rustc/01f6ddf7588f42ae2d7eb0a2f21d44e8e96674cf/library/core/src/ops/function.rs:250:5
2026-09-06T04:52:17.2631400Z   11: core::ops::function::FnOnce::call_once
2026-09-06T04:52:17.2631620Z              at /rustc/01f6ddf7588f42ae2d7eb0a2f21d44e8e96674cf/library/core/src/ops/function.rs:250:5
2026-09-06T04:52:17.2631840Z   12: test::__rust_begin_short_backtrace
2026-09-06T04:52:17.2632070Z              at /rustc/01f6ddf7588f42ae2d7eb0a2f21d44e8e96674cf/library/test/src/lib.rs:663:18
2026-09-06T04:52:17.2632270Z   13: test::run_test_in_process::{{closure}}
2026-09-06T04:52:17.2632450Z              at /rustc/01f6ddf7588f42ae2d7eb0a2f21d44e8e96674cf/library/test/src/lib.rs:686:74
2026-09-06T04:52:17.2632710Z   14: <core::panic::unwind_safe::AssertUnwindSafe<F> as core::ops::function::FnOnce<()>>::call_once
2026-09-06T04:52:17.2633000Z              at /rustc/01f6ddf7588f42ae2d7eb0a2f21d44e8e96674cf/library/core/src/panic/unwind_safe.rs:274:9
2026-09-06T04:52:17.2633210Z   15: std::panicking::catch_unwind::do_call
2026-09-06T04:52:17.2633410Z              at /rustc/01f6ddf7588f42ae2d7eb0a2f21d44e8e96674cf/library/std/src/panicking.rs:581:40
2026-09-06T04:52:17.2633620Z   16: std::panicking::catch_unwind
2026-09-06T04:52:17.2633830Z              at /rustc/01f6ddf7588f42ae2d7eb0a2f21d44e8e96674cf/library/std/src/panicking.rs:544:19
2026-09-06T04:52:17.2634040Z   17: std::panic::catch_unwind
2026-09-06T04:52:17.2634230Z              at /rustc/01f6ddf7588f42ae2d7eb0a2f21d44e8e96674cf/library/std/src/panic.rs:359:14
2026-09-06T04:52:17.2634480Z   18: test::run_test_in_process
2026-09-06T04:52:17.2634670Z              at /rustc/01f6ddf7588f42ae2d7eb0a2f21d44e8e96674cf/library/test/src/lib.rs:686:27
2026-09-06T04:52:17.2634870Z   19: test::run_test::{{closure}}
2026-09-06T04:52:17.2635060Z              at /rustc/01f6ddf7588f42ae2d7eb0a2f21d44e8e96674cf/library/test/src/lib.rs:607:43
2026-09-06T04:52:17.2635270Z   20: test::run_test::{{closure}}
2026-09-06T04:52:17.2635460Z              at /rustc/01f6ddf7588f42ae2d7eb0a2f21d44e8e96674cf/library/test/src/lib.rs:637:41
2026-09-06T04:52:17.2635690Z   21: std::sys::backtrace::__rust_begin_short_backtrace
2026-09-06T04:52:17.2635930Z              at /rustc/01f6ddf7588f42ae2d7eb0a2f21d44e8e96674cf/library/std/src/sys/backtrace.rs:160:18
2026-09-06T04:52:17.2636190Z   22: std::thread::lifecycle::spawn_unchecked::{{closure}}::{{closure}}
2026-09-06T04:52:17.2636460Z              at /rustc/01f6ddf7588f42ae2d7eb0a2f21d44e8e96674cf/library/std/src/thread/lifecycle.rs:92:13
2026-09-06T04:52:17.2636770Z   23: <core::panic::unwind_safe::AssertUnwindSafe<F> as core::ops::function::FnOnce<()>>::call_once
2026-09-06T04:52:17.2637070Z              at /rustc/01f6ddf7588f42ae2d7eb0a2f21d44e8e96674cf/library/core/src/panic/unwind_safe.rs:274:9
2026-09-06T04:52:17.2637290Z   24: std::panicking::catch_unwind::do_call
2026-09-06T04:52:17.2637480Z              at /rustc/01f6ddf7588f42ae2d7eb0a2f21d44e8e96674cf/library/std/src/panicking.rs:581:40
2026-09-06T04:52:17.2637680Z   25: std::panicking::catch_unwind
2026-09-06T04:52:17.2637900Z              at /rustc/01f6ddf7588f42ae2d7eb0a2f21d44e8e96674cf/library/std/src/panicking.rs:544:19
2026-09-06T04:52:17.2638090Z   26: std::panic::catch_unwind
2026-09-06T04:52:17.2638260Z              at /rustc/01f6ddf7588f42ae2d7eb0a2f21d44e8e96674cf/library/std/src/panic.rs:359:14
2026-09-06T04:52:17.2638470Z   27: std::thread::lifecycle::spawn_unchecked::{{closure}}
2026-09-06T04:52:17.2638700Z              at /rustc/01f6ddf7588f42ae2d7eb0a2f21d44e8e96674cf/library/std/src/thread/lifecycle.rs:90:26
2026-09-06T04:52:17.2638920Z   28: core::ops::function::FnOnce::call_once{{vtable.shim}}
2026-09-06T04:52:17.2639140Z              at /rustc/01f6ddf7588f42ae2d7eb0a2f21d44e8e96674cf/library/core/src/ops/function.rs:250:5
2026-09-06T04:52:17.2639390Z   29: <alloc::boxed::Box<F,A> as core::ops::function::FnOnce<Args>>::call_once
2026-09-06T04:52:17.2639650Z              at /rustc/01f6ddf7588f42ae2d7eb0a2f21d44e8e96674cf/library/alloc/src/boxed.rs:2206:9
2026-09-06T04:52:17.2639880Z   30: std::sys::thread::unix::Thread::new::thread_start
2026-09-06T04:52:17.2640120Z              at /rustc/01f6ddf7588f42ae2d7eb0a2f21d44e8e96674cf/library/std/src/sys/thread/unix.rs:118:17
2026-09-06T04:52:17.2640350Z   31: __pthread_exit
2026-09-06T04:52:17.2640450Z stack backtrace:
2026-09-06T04:52:17.2640550Z    0: __rustc::rust_begin_unwind
2026-09-06T04:52:17.2640780Z              at /rustc/01f6ddf7588f42ae2d7eb0a2f21d44e8e96674cf/library/std/src/panicking.rs:689:5
2026-09-06T04:52:17.2641000Z    1: core::panicking::panic_fmt
2026-09-06T04:52:17.2641210Z              at /rustc/01f6ddf7588f42ae2d7eb0a2f21d44e8e96674cf/library/core/src/panicking.rs:80:14
2026-09-06T04:52:17.2641420Z    2: core::result::unwrap_failed
2026-09-06T04:52:17.2641620Z              at /rustc/01f6ddf7588f42ae2d7eb0a2f21d44e8e96674cf/library/core/src/result.rs:1867:5
2026-09-06T04:52:17.2641830Z    3: core::result::Result<T,E>::unwrap
2026-09-06T04:52:17.2642030Z              at /rustc/01f6ddf7588f42ae2d7eb0a2f21d44e8e96674cf/library/core/src/result.rs:1233:23
2026-09-06T04:52:17.2642310Z    4: spark_runtime::metal_backend::tests::parity_gdn::metal_gated_delta_rule_decode_matches_reference
2026-09-06T04:52:17.2642530Z              at ./src/metal_backend/tests/parity_gdn.rs:126:10
2026-09-06T04:52:17.2642770Z    5: spark_runtime::metal_backend::tests::parity_gdn::metal_gated_delta_rule_decode_matches_reference::{{closure}}
2026-09-06T04:52:17.2643010Z              at ./src/metal_backend/tests/parity_gdn.rs:22:53
2026-09-06T04:52:17.2643150Z    6: core::ops::function::FnOnce::call_once
2026-09-06T04:52:17.2643350Z              at /rustc/01f6ddf7588f42ae2d7eb0a2f21d44e8e96674cf/library/core/src/ops/function.rs:250:5
2026-09-06T04:52:17.2643560Z    7: core::ops::function::FnOnce::call_once
2026-09-06T04:52:17.2643750Z              at /rustc/01f6ddf7588f42ae2d7eb0a2f21d44e8e96674cf/library/core/src/ops/function.rs:250:5
2026-09-06T04:52:17.2644010Z note: Some details are omitted, run with `RUST_BACKTRACE=full` for a verbose backtrace.
2026-09-06T04:52:17.2644150Z 
2026-09-06T04:52:17.2644260Z ---- metal_backend::tests::parity_norms::metal_argmax_bf16_matches_reference stdout ----
2026-09-06T04:52:17.2644420Z 
2026-09-06T04:52:17.2644670Z thread 'metal_backend::tests::parity_norms::metal_argmax_bf16_matches_reference' (906632) panicked at crates/spark-runtime/src/metal_backend/tests/parity_norms.rs:394:63:
2026-09-06T04:52:17.2645080Z called `Result::unwrap()` on an `Err` value: Metal: unknown module 'argmax_bf16'
2026-09-06T04:52:17.2645220Z 
2026-09-06T04:52:17.2645260Z Stack backtrace:
2026-09-06T04:52:17.2645380Z    0: std::backtrace_rs::backtrace::libunwind::trace
2026-09-06T04:52:17.2645660Z              at /rustc/01f6ddf7588f42ae2d7eb0a2f21d44e8e96674cf/library/std/src/../../backtrace/src/backtrace/libunwind.rs:117:9
2026-09-06T04:52:17.2645940Z    1: std::backtrace_rs::backtrace::trace_unsynchronized
2026-09-06T04:52:17.2646220Z              at /rustc/01f6ddf7588f42ae2d7eb0a2f21d44e8e96674cf/library/std/src/../../backtrace/src/backtrace/mod.rs:66:14
2026-09-06T04:52:17.2646530Z    2: std::backtrace::Backtrace::create
2026-09-06T04:52:17.2646750Z              at /rustc/01f6ddf7588f42ae2d7eb0a2f21d44e8e96674cf/library/std/src/backtrace.rs:331:13
2026-09-06T04:52:17.2646970Z    3: anyhow::error::<impl anyhow::Error>::msg
2026-09-06T04:52:17.2647200Z              at /Users/nologik/.cargo/registry/src/index.crates.io-1949cf8c6b5b557f/anyhow-1.0.104/src/backtrace.rs:10:14
2026-09-06T04:52:17.2647430Z    4: anyhow::__private::format_err
2026-09-06T04:52:17.2647640Z              at /Users/nologik/.cargo/registry/src/index.crates.io-1949cf8c6b5b557f/anyhow-1.0.104/src/lib.rs:690:13
2026-09-06T04:52:17.2647950Z    5: <spark_runtime::metal_backend::MetalGpuBackend as spark_runtime::gpu::GpuBackend>::kernel::{{closure}}
2026-09-06T04:52:17.2648170Z              at ./src/metal_backend.rs:515:28
2026-09-06T04:52:17.2648290Z    6: core::option::Option<T>::ok_or_else
2026-09-06T04:52:17.2648480Z              at /rustc/01f6ddf7588f42ae2d7eb0a2f21d44e8e96674cf/library/core/src/option.rs:1369:25
2026-09-06T04:52:17.2648780Z    7: <spark_runtime::metal_backend::MetalGpuBackend as spark_runtime::gpu::GpuBackend>::kernel
2026-09-06T04:52:17.2649000Z              at ./src/metal_backend.rs:515:14
2026-09-06T04:52:17.2649210Z    8: spark_runtime::metal_backend::tests::parity_norms::metal_argmax_bf16_matches_reference
2026-09-06T04:52:17.2649520Z              at ./src/metal_backend/tests/parity_norms.rs:394:26
2026-09-06T04:52:17.2649770Z    9: spark_runtime::metal_backend::tests::parity_norms::metal_argmax_bf16_matches_reference::{{closure}}
2026-09-06T04:52:17.2650030Z              at ./src/metal_backend/tests/parity_norms.rs:376:41
2026-09-06T04:52:17.2650190Z   10: core::ops::function::FnOnce::call_once
2026-09-06T04:52:17.2650410Z              at /rustc/01f6ddf7588f42ae2d7eb0a2f21d44e8e96674cf/library/core/src/ops/function.rs:250:5
2026-09-06T04:52:17.2650640Z   11: core::ops::function::FnOnce::call_once
2026-09-06T04:52:17.2650860Z              at /rustc/01f6ddf7588f42ae2d7eb0a2f21d44e8e96674cf/library/core/src/ops/function.rs:250:5
2026-09-06T04:52:17.2651080Z   12: test::__rust_begin_short_backtrace
2026-09-06T04:52:17.2651290Z              at /rustc/01f6ddf7588f42ae2d7eb0a2f21d44e8e96674cf/library/test/src/lib.rs:663:18
2026-09-06T04:52:17.2651500Z   13: test::run_test_in_process::{{closure}}
2026-09-06T04:52:17.2651710Z              at /rustc/01f6ddf7588f42ae2d7eb0a2f21d44e8e96674cf/library/test/src/lib.rs:686:74
2026-09-06T04:52:17.2652010Z   14: <core::panic::unwind_safe::AssertUnwindSafe<F> as core::ops::function::FnOnce<()>>::call_once
2026-09-06T04:52:17.2652290Z              at /rustc/01f6ddf7588f42ae2d7eb0a2f21d44e8e96674cf/library/core/src/panic/unwind_safe.rs:274:9
2026-09-06T04:52:17.2652510Z   15: std::panicking::catch_unwind::do_call
2026-09-06T04:52:17.2652700Z              at /rustc/01f6ddf7588f42ae2d7eb0a2f21d44e8e96674cf/library/std/src/panicking.rs:581:40
2026-09-06T04:52:17.2652900Z   16: std::panicking::catch_unwind
2026-09-06T04:52:17.2653090Z              at /rustc/01f6ddf7588f42ae2d7eb0a2f21d44e8e96674cf/library/std/src/panicking.rs:544:19
2026-09-06T04:52:17.2653280Z   17: std::panic::catch_unwind
2026-09-06T04:52:17.2653460Z              at /rustc/01f6ddf7588f42ae2d7eb0a2f21d44e8e96674cf/library/std/src/panic.rs:359:14
2026-09-06T04:52:17.2653650Z   18: test::run_test_in_process
2026-09-06T04:52:17.2653820Z              at /rustc/01f6ddf7588f42ae2d7eb0a2f21d44e8e96674cf/library/test/src/lib.rs:686:27
2026-09-06T04:52:17.2654000Z   19: test::run_test::{{closure}}
2026-09-06T04:52:17.2654180Z              at /rustc/01f6ddf7588f42ae2d7eb0a2f21d44e8e96674cf/library/test/src/lib.rs:607:43
2026-09-06T04:52:17.2654370Z   20: test::run_test::{{closure}}
2026-09-06T04:52:17.2654560Z              at /rustc/01f6ddf7588f42ae2d7eb0a2f21d44e8e96674cf/library/test/src/lib.rs:637:41
2026-09-06T04:52:17.2654780Z   21: std::sys::backtrace::__rust_begin_short_backtrace
2026-09-06T04:52:17.2655020Z              at /rustc/01f6ddf7588f42ae2d7eb0a2f21d44e8e96674cf/library/std/src/sys/backtrace.rs:160:18
2026-09-06T04:52:17.2655330Z   22: std::thread::lifecycle::spawn_unchecked::{{closure}}::{{closure}}
2026-09-06T04:52:17.2655600Z              at /rustc/01f6ddf7588f42ae2d7eb0a2f21d44e8e96674cf/library/std/src/thread/lifecycle.rs:92:13
2026-09-06T04:52:17.2655910Z   23: <core::panic::unwind_safe::AssertUnwindSafe<F> as core::ops::function::FnOnce<()>>::call_once
2026-09-06T04:52:17.2656230Z              at /rustc/01f6ddf7588f42ae2d7eb0a2f21d44e8e96674cf/library/core/src/panic/unwind_safe.rs:274:9
2026-09-06T04:52:17.2656470Z   24: std::panicking::catch_unwind::do_call
2026-09-06T04:52:17.2656690Z              at /rustc/01f6ddf7588f42ae2d7eb0a2f21d44e8e96674cf/library/std/src/panicking.rs:581:40
2026-09-06T04:52:17.2656900Z   25: std::panicking::catch_unwind
2026-09-06T04:52:17.2657090Z              at /rustc/01f6ddf7588f42ae2d7eb0a2f21d44e8e96674cf/library/std/src/panicking.rs:544:19
2026-09-06T04:52:17.2657290Z   26: std::panic::catch_unwind
2026-09-06T04:52:17.2657460Z              at /rustc/01f6ddf7588f42ae2d7eb0a2f21d44e8e96674cf/library/std/src/panic.rs:359:14
2026-09-06T04:52:17.2657670Z   27: std::thread::lifecycle::spawn_unchecked::{{closure}}
2026-09-06T04:52:17.2657890Z              at /rustc/01f6ddf7588f42ae2d7eb0a2f21d44e8e96674cf/library/std/src/thread/lifecycle.rs:90:26
2026-09-06T04:52:17.2658120Z   28: core::ops::function::FnOnce::call_once{{vtable.shim}}
2026-09-06T04:52:17.2658370Z              at /rustc/01f6ddf7588f42ae2d7eb0a2f21d44e8e96674cf/library/core/src/ops/function.rs:250:5
2026-09-06T04:52:17.2658630Z   29: <alloc::boxed::Box<F,A> as core::ops::function::FnOnce<Args>>::call_once
2026-09-06T04:52:17.2658890Z              at /rustc/01f6ddf7588f42ae2d7eb0a2f21d44e8e96674cf/library/alloc/src/boxed.rs:2206:9
2026-09-06T04:52:17.2659130Z   30: std::sys::thread::unix::Thread::new::thread_start
2026-09-06T04:52:17.2659370Z              at /rustc/01f6ddf7588f42ae2d7eb0a2f21d44e8e96674cf/library/std/src/sys/thread/unix.rs:118:17
2026-09-06T04:52:17.2659590Z   31: __pthread_exit
2026-09-06T04:52:17.2659690Z stack backtrace:
2026-09-06T04:52:17.2659800Z    0: __rustc::rust_begin_unwind
2026-09-06T04:52:17.2659990Z              at /rustc/01f6ddf7588f42ae2d7eb0a2f21d44e8e96674cf/library/std/src/panicking.rs:689:5
2026-09-06T04:52:17.2660210Z    1: core::panicking::panic_fmt
2026-09-06T04:52:17.2660410Z              at /rustc/01f6ddf7588f42ae2d7eb0a2f21d44e8e96674cf/library/core/src/panicking.rs:80:14
2026-09-06T04:52:17.2660630Z    2: core::result::unwrap_failed
2026-09-06T04:52:17.2660830Z              at /rustc/01f6ddf7588f42ae2d7eb0a2f21d44e8e96674cf/library/core/src/result.rs:1867:5
2026-09-06T04:52:17.2661040Z    3: core::result::Result<T,E>::unwrap
2026-09-06T04:52:17.2661250Z              at /rustc/01f6ddf7588f42ae2d7eb0a2f21d44e8e96674cf/library/core/src/result.rs:1233:23
2026-09-06T04:52:17.2661540Z    4: spark_runtime::metal_backend::tests::parity_norms::metal_argmax_bf16_matches_reference
2026-09-06T04:52:17.2661770Z              at ./src/metal_backend/tests/parity_norms.rs:394:63
2026-09-06T04:52:17.2662020Z    5: spark_runtime::metal_backend::tests::parity_norms::metal_argmax_bf16_matches_reference::{{closure}}
2026-09-06T04:52:17.2662240Z              at ./src/metal_backend/tests/parity_norms.rs:376:41
2026-09-06T04:52:17.2662390Z    6: core::ops::function::FnOnce::call_once
2026-09-06T04:52:17.2662580Z              at /rustc/01f6ddf7588f42ae2d7eb0a2f21d44e8e96674cf/library/core/src/ops/function.rs:250:5
2026-09-06T04:52:17.2662790Z    7: core::ops::function::FnOnce::call_once
2026-09-06T04:52:17.2662990Z              at /rustc/01f6ddf7588f42ae2d7eb0a2f21d44e8e96674cf/library/core/src/ops/function.rs:250:5
2026-09-06T04:52:17.2663250Z note: Some details are omitted, run with `RUST_BACKTRACE=full` for a verbose backtrace.
2026-09-06T04:52:17.2663390Z 
2026-09-06T04:52:17.2663500Z ---- metal_backend::tests::parity_attention::metal_softmax_topp_dominant_logit stdout ----
2026-09-06T04:52:17.2663650Z 
2026-09-06T04:52:17.2663890Z thread 'metal_backend::tests::parity_attention::metal_softmax_topp_dominant_logit' (906616) panicked at crates/spark-runtime/src/metal_backend/tests/parity_attention.rs:169:65:
2026-09-06T04:52:17.2664340Z called `Result::unwrap()` on an `Err` value: Metal: unknown module 'softmax_topp'
2026-09-06T04:52:17.2664470Z 
2026-09-06T04:52:17.2664510Z Stack backtrace:
2026-09-06T04:52:17.2664630Z    0: std::backtrace_rs::backtrace::libunwind::trace
2026-09-06T04:52:17.2664900Z              at /rustc/01f6ddf7588f42ae2d7eb0a2f21d44e8e96674cf/library/std/src/../../backtrace/src/backtrace/libunwind.rs:117:9
2026-09-06T04:52:17.2665190Z    1: std::backtrace_rs::backtrace::trace_unsynchronized
2026-09-06T04:52:17.2665460Z              at /rustc/01f6ddf7588f42ae2d7eb0a2f21d44e8e96674cf/library/std/src/../../backtrace/src/backtrace/mod.rs:66:14
2026-09-06T04:52:17.2665710Z    2: std::backtrace::Backtrace::create
2026-09-06T04:52:17.2665930Z              at /rustc/01f6ddf7588f42ae2d7eb0a2f21d44e8e96674cf/library/std/src/backtrace.rs:331:13
2026-09-06T04:52:17.2666150Z    3: anyhow::error::<impl anyhow::Error>::msg
2026-09-06T04:52:17.2666410Z              at /Users/nologik/.cargo/registry/src/index.crates.io-1949cf8c6b5b557f/anyhow-1.0.104/src/backtrace.rs:10:14
2026-09-06T04:52:17.2666660Z    4: anyhow::__private::format_err
2026-09-06T04:52:17.2666940Z              at /Users/nologik/.cargo/registry/src/index.crates.io-1949cf8c6b5b557f/anyhow-1.0.104/src/lib.rs:690:13
2026-09-06T04:52:17.2667250Z    5: <spark_runtime::metal_backend::MetalGpuBackend as spark_runtime::gpu::GpuBackend>::kernel::{{closure}}
2026-09-06T04:52:17.2667470Z              at ./src/metal_backend.rs:515:28
2026-09-06T04:52:17.2667590Z    6: core::option::Option<T>::ok_or_else
2026-09-06T04:52:17.2667780Z              at /rustc/01f6ddf7588f42ae2d7eb0a2f21d44e8e96674cf/library/core/src/option.rs:1369:25
2026-09-06T04:52:17.2668050Z    7: <spark_runtime::metal_backend::MetalGpuBackend as spark_runtime::gpu::GpuBackend>::kernel
2026-09-06T04:52:17.2668250Z              at ./src/metal_backend.rs:515:14
2026-09-06T04:52:17.2668440Z    8: spark_runtime::metal_backend::tests::parity_attention::metal_softmax_topp_dominant_logit
2026-09-06T04:52:17.2668670Z              at ./src/metal_backend/tests/parity_attention.rs:169:26
2026-09-06T04:52:17.2668930Z    9: spark_runtime::metal_backend::tests::parity_attention::metal_softmax_topp_dominant_logit::{{closure}}
2026-09-06T04:52:17.2669200Z              at ./src/metal_backend/tests/parity_attention.rs:151:39
2026-09-06T04:52:17.2669370Z   10: core::ops::function::FnOnce::call_once
2026-09-06T04:52:17.2669590Z              at /rustc/01f6ddf7588f42ae2d7eb0a2f21d44e8e96674cf/library/core/src/ops/function.rs:250:5
2026-09-06T04:52:17.2669820Z   11: core::ops::function::FnOnce::call_once
2026-09-06T04:52:17.2670040Z              at /rustc/01f6ddf7588f42ae2d7eb0a2f21d44e8e96674cf/library/core/src/ops/function.rs:250:5
2026-09-06T04:52:17.2670260Z   12: test::__rust_begin_short_backtrace
2026-09-06T04:52:17.2670470Z              at /rustc/01f6ddf7588f42ae2d7eb0a2f21d44e8e96674cf/library/test/src/lib.rs:663:18
2026-09-06T04:52:17.2670680Z   13: test::run_test_in_process::{{closure}}
2026-09-06T04:52:17.2670890Z              at /rustc/01f6ddf7588f42ae2d7eb0a2f21d44e8e96674cf/library/test/src/lib.rs:686:74
2026-09-06T04:52:17.2671180Z   14: <core::panic::unwind_safe::AssertUnwindSafe<F> as core::ops::function::FnOnce<()>>::call_once
2026-09-06T04:52:17.2671500Z              at /rustc/01f6ddf7588f42ae2d7eb0a2f21d44e8e96674cf/library/core/src/panic/unwind_safe.rs:274:9
2026-09-06T04:52:17.2671740Z   15: std::panicking::catch_unwind::do_call
2026-09-06T04:52:17.2671950Z              at /rustc/01f6ddf7588f42ae2d7eb0a2f21d44e8e96674cf/library/std/src/panicking.rs:581:40
2026-09-06T04:52:17.2672150Z   16: std::panicking::catch_unwind
2026-09-06T04:52:17.2672330Z              at /rustc/01f6ddf7588f42ae2d7eb0a2f21d44e8e96674cf/library/std/src/panicking.rs:544:19
2026-09-06T04:52:17.2672520Z   17: std::panic::catch_unwind
2026-09-06T04:52:17.2672690Z              at /rustc/01f6ddf7588f42ae2d7eb0a2f21d44e8e96674cf/library/std/src/panic.rs:359:14
2026-09-06T04:52:17.2672920Z   18: test::run_test_in_process
2026-09-06T04:52:17.2673090Z              at /rustc/01f6ddf7588f42ae2d7eb0a2f21d44e8e96674cf/library/test/src/lib.rs:686:27
2026-09-06T04:52:17.2673270Z   19: test::run_test::{{closure}}
2026-09-06T04:52:17.2673440Z              at /rustc/01f6ddf7588f42ae2d7eb0a2f21d44e8e96674cf/library/test/src/lib.rs:607:43
2026-09-06T04:52:17.2673640Z   20: test::run_test::{{closure}}
2026-09-06T04:52:17.2673830Z              at /rustc/01f6ddf7588f42ae2d7eb0a2f21d44e8e96674cf/library/test/src/lib.rs:637:41
2026-09-06T04:52:17.2674050Z   21: std::sys::backtrace::__rust_begin_short_backtrace
2026-09-06T04:52:17.2674290Z              at /rustc/01f6ddf7588f42ae2d7eb0a2f21d44e8e96674cf/library/std/src/sys/backtrace.rs:160:18
2026-09-06T04:52:17.2674560Z   22: std::thread::lifecycle::spawn_unchecked::{{closure}}::{{closure}}
2026-09-06T04:52:17.2674820Z              at /rustc/01f6ddf7588f42ae2d7eb0a2f21d44e8e96674cf/library/std/src/thread/lifecycle.rs:92:13
2026-09-06T04:52:17.2675130Z   23: <core::panic::unwind_safe::AssertUnwindSafe<F> as core::ops::function::FnOnce<()>>::call_once
2026-09-06T04:52:17.2675450Z              at /rustc/01f6ddf7588f42ae2d7eb0a2f21d44e8e96674cf/library/core/src/panic/unwind_safe.rs:274:9
2026-09-06T04:52:17.2675690Z   24: std::panicking::catch_unwind::do_call
2026-09-06T04:52:17.2675930Z              at /rustc/01f6ddf7588f42ae2d7eb0a2f21d44e8e96674cf/library/std/src/panicking.rs:581:40
2026-09-06T04:52:17.2676150Z   25: std::panicking::catch_unwind
2026-09-06T04:52:17.2676360Z              at /rustc/01f6ddf7588f42ae2d7eb0a2f21d44e8e96674cf/library/std/src/panicking.rs:544:19
2026-09-06T04:52:17.2676640Z   26: std::panic::catch_unwind
2026-09-06T04:52:17.2676830Z              at /rustc/01f6ddf7588f42ae2d7eb0a2f21d44e8e96674cf/library/std/src/panic.rs:359:14
2026-09-06T04:52:17.2677050Z   27: std::thread::lifecycle::spawn_unchecked::{{closure}}
2026-09-06T04:52:17.2677280Z              at /rustc/01f6ddf7588f42ae2d7eb0a2f21d44e8e96674cf/library/std/src/thread/lifecycle.rs:90:26
2026-09-06T04:52:17.2677500Z   28: core::ops::function::FnOnce::call_once{{vtable.shim}}
2026-09-06T04:52:17.2677720Z              at /rustc/01f6ddf7588f42ae2d7eb0a2f21d44e8e96674cf/library/core/src/ops/function.rs:250:5
2026-09-06T04:52:17.2677960Z   29: <alloc::boxed::Box<F,A> as core::ops::function::FnOnce<Args>>::call_once
2026-09-06T04:52:17.2678200Z              at /rustc/01f6ddf7588f42ae2d7eb0a2f21d44e8e96674cf/library/alloc/src/boxed.rs:2206:9
2026-09-06T04:52:17.2678460Z   30: std::sys::thread::unix::Thread::new::thread_start
2026-09-06T04:52:17.2678770Z              at /rustc/01f6ddf7588f42ae2d7eb0a2f21d44e8e96674cf/library/std/src/sys/thread/unix.rs:118:17
2026-09-06T04:52:17.2679000Z   31: __pthread_exit
2026-09-06T04:52:17.2679090Z stack backtrace:
2026-09-06T04:52:17.2679180Z    0: __rustc::rust_begin_unwind
2026-09-06T04:52:17.2679360Z              at /rustc/01f6ddf7588f42ae2d7eb0a2f21d44e8e96674cf/library/std/src/panicking.rs:689:5
2026-09-06T04:52:17.2679560Z    1: core::panicking::panic_fmt
2026-09-06T04:52:17.2679750Z              at /rustc/01f6ddf7588f42ae2d7eb0a2f21d44e8e96674cf/library/core/src/panicking.rs:80:14
2026-09-06T04:52:17.2680020Z    2: core::result::unwrap_failed
2026-09-06T04:52:17.2680230Z              at /rustc/01f6ddf7588f42ae2d7eb0a2f21d44e8e96674cf/library/core/src/result.rs:1867:5
2026-09-06T04:52:17.2680450Z    3: core::result::Result<T,E>::unwrap
2026-09-06T04:52:17.2680650Z              at /rustc/01f6ddf7588f42ae2d7eb0a2f21d44e8e96674cf/library/core/src/result.rs:1233:23
2026-09-06T04:52:17.2680920Z    4: spark_runtime::metal_backend::tests::parity_attention::metal_softmax_topp_dominant_logit
2026-09-06T04:52:17.2681140Z              at ./src/metal_backend/tests/parity_attention.rs:169:65
2026-09-06T04:52:17.2681380Z    5: spark_runtime::metal_backend::tests::parity_attention::metal_softmax_topp_dominant_logit::{{closure}}
2026-09-06T04:52:17.2681620Z              at ./src/metal_backend/tests/parity_attention.rs:151:39
2026-09-06T04:52:17.2681880Z    6: core::ops::function::FnOnce::call_once
2026-09-06T04:52:17.2682120Z              at /rustc/01f6ddf7588f42ae2d7eb0a2f21d44e8e96674cf/library/core/src/ops/function.rs:250:5
2026-09-06T04:52:17.2682350Z    7: core::ops::function::FnOnce::call_once
2026-09-06T04:52:17.2682560Z              at /rustc/01f6ddf7588f42ae2d7eb0a2f21d44e8e96674cf/library/core/src/ops/function.rs:250:5
2026-09-06T04:52:17.2682820Z note: Some details are omitted, run with `RUST_BACKTRACE=full` for a verbose backtrace.
2026-09-06T04:52:17.2682970Z 
2026-09-06T04:52:17.2683080Z ---- metal_backend::tests::parity_norms::metal_embed_lookup_matches_reference stdout ----
2026-09-06T04:52:17.2683240Z 
2026-09-06T04:52:17.2683550Z thread 'metal_backend::tests::parity_norms::metal_embed_lookup_matches_reference' (906634) panicked at crates/spark-runtime/src/metal_backend/tests/parity_norms.rs:334:65:
2026-09-06T04:52:17.2684000Z called `Result::unwrap()` on an `Err` value: Metal: unknown module 'embed_lookup'
2026-09-06T04:52:17.2684190Z 
2026-09-06T04:52:17.2684240Z Stack backtrace:
2026-09-06T04:52:17.2684390Z    0: std::backtrace_rs::backtrace::libunwind::trace
2026-09-06T04:52:17.2684740Z              at /rustc/01f6ddf7588f42ae2d7eb0a2f21d44e8e96674cf/library/std/src/../../backtrace/src/backtrace/libunwind.rs:117:9
2026-09-06T04:52:17.2685080Z    1: std::backtrace_rs::backtrace::trace_unsynchronized
2026-09-06T04:52:17.2685370Z              at /rustc/01f6ddf7588f42ae2d7eb0a2f21d44e8e96674cf/library/std/src/../../backtrace/src/backtrace/mod.rs:66:14
2026-09-06T04:52:17.2685660Z    2: std::backtrace::Backtrace::create
2026-09-06T04:52:17.2685880Z              at /rustc/01f6ddf7588f42ae2d7eb0a2f21d44e8e96674cf/library/std/src/backtrace.rs:331:13
2026-09-06T04:52:17.2686140Z    3: anyhow::error::<impl anyhow::Error>::msg
2026-09-06T04:52:17.2686400Z              at /Users/nologik/.cargo/registry/src/index.crates.io-1949cf8c6b5b557f/anyhow-1.0.104/src/backtrace.rs:10:14
2026-09-06T04:52:17.2686670Z    4: anyhow::__private::format_err
2026-09-06T04:52:17.2686900Z              at /Users/nologik/.cargo/registry/src/index.crates.io-1949cf8c6b5b557f/anyhow-1.0.104/src/lib.rs:690:13
2026-09-06T04:52:17.2687220Z    5: <spark_runtime::metal_backend::MetalGpuBackend as spark_runtime::gpu::GpuBackend>::kernel::{{closure}}
2026-09-06T04:52:17.2687450Z              at ./src/metal_backend.rs:515:28
2026-09-06T04:52:17.2687580Z    6: core::option::Option<T>::ok_or_else
2026-09-06T04:52:17.2687810Z              at /rustc/01f6ddf7588f42ae2d7eb0a2f21d44e8e96674cf/library/core/src/option.rs:1369:25
2026-09-06T04:52:17.2688180Z    7: <spark_runtime::metal_backend::MetalGpuBackend as spark_runtime::gpu::GpuBackend>::kernel
2026-09-06T04:52:17.2688380Z              at ./src/metal_backend.rs:515:14
2026-09-06T04:52:17.2688580Z    8: spark_runtime::metal_backend::tests::parity_norms::metal_embed_lookup_matches_reference
2026-09-06T04:52:17.2688790Z              at ./src/metal_backend/tests/parity_norms.rs:334:26
2026-09-06T04:52:17.2689020Z    9: spark_runtime::metal_backend::tests::parity_norms::metal_embed_lookup_matches_reference::{{closure}}
2026-09-06T04:52:17.2689340Z              at ./src/metal_backend/tests/parity_norms.rs:295:42
2026-09-06T04:52:17.2689500Z   10: core::ops::function::FnOnce::call_once
2026-09-06T04:52:17.2689730Z              at /rustc/01f6ddf7588f42ae2d7eb0a2f21d44e8e96674cf/library/core/src/ops/function.rs:250:5
2026-09-06T04:52:17.2689950Z   11: core::ops::function::FnOnce::call_once
2026-09-06T04:52:17.2690150Z              at /rustc/01f6ddf7588f42ae2d7eb0a2f21d44e8e96674cf/library/core/src/ops/function.rs:250:5
2026-09-06T04:52:17.2690360Z   12: test::__rust_begin_short_backtrace
2026-09-06T04:52:17.2690540Z              at /rustc/01f6ddf7588f42ae2d7eb0a2f21d44e8e96674cf/library/test/src/lib.rs:663:18
2026-09-06T04:52:17.2690730Z   13: test::run_test_in_process::{{closure}}
2026-09-06T04:52:17.2690940Z              at /rustc/01f6ddf7588f42ae2d7eb0a2f21d44e8e96674cf/library/test/src/lib.rs:686:74
2026-09-06T04:52:17.2691320Z   14: <core::panic::unwind_safe::AssertUnwindSafe<F> as core::ops::function::FnOnce<()>>::call_once
2026-09-06T04:52:17.2691650Z              at /rustc/01f6ddf7588f42ae2d7eb0a2f21d44e8e96674cf/library/core/src/panic/unwind_safe.rs:274:9
2026-09-06T04:52:17.2691870Z   15: std::panicking::catch_unwind::do_call
2026-09-06T04:52:17.2692070Z              at /rustc/01f6ddf7588f42ae2d7eb0a2f21d44e8e96674cf/library/std/src/panicking.rs:581:40
2026-09-06T04:52:17.2692270Z   16: std::panicking::catch_unwind
2026-09-06T04:52:17.2692460Z              at /rustc/01f6ddf7588f42ae2d7eb0a2f21d44e8e96674cf/library/std/src/panicking.rs:544:19
2026-09-06T04:52:17.2692650Z   17: std::panic::catch_unwind
2026-09-06T04:52:17.2692900Z              at /rustc/01f6ddf7588f42ae2d7eb0a2f21d44e8e96674cf/library/std/src/panic.rs:359:14
2026-09-06T04:52:17.2720290Z   18: test::run_test_in_process
2026-09-06T04:52:17.2720490Z              at /rustc/01f6ddf7588f42ae2d7eb0a2f21d44e8e96674cf/library/test/src/lib.rs:686:27
2026-09-06T04:52:17.2720750Z   19: test::run_test::{{closure}}
2026-09-06T04:52:17.2720940Z              at /rustc/01f6ddf7588f42ae2d7eb0a2f21d44e8e96674cf/library/test/src/lib.rs:607:43
2026-09-06T04:52:17.2721140Z   20: test::run_test::{{closure}}
2026-09-06T04:52:17.2721440Z              at /rustc/01f6ddf7588f42ae2d7eb0a2f21d44e8e96674cf/library/test/src/lib.rs:637:41
2026-09-06T04:52:17.2721660Z   21: std::sys::backtrace::__rust_begin_short_backtrace
2026-09-06T04:52:17.2721890Z              at /rustc/01f6ddf7588f42ae2d7eb0a2f21d44e8e96674cf/library/std/src/sys/backtrace.rs:160:18
2026-09-06T04:52:17.2722140Z   22: std::thread::lifecycle::spawn_unchecked::{{closure}}::{{closure}}
2026-09-06T04:52:17.2722390Z              at /rustc/01f6ddf7588f42ae2d7eb0a2f21d44e8e96674cf/library/std/src/thread/lifecycle.rs:92:13
2026-09-06T04:52:17.2722680Z   23: <core::panic::unwind_safe::AssertUnwindSafe<F> as core::ops::function::FnOnce<()>>::call_once
2026-09-06T04:52:17.2722980Z              at /rustc/01f6ddf7588f42ae2d7eb0a2f21d44e8e96674cf/library/core/src/panic/unwind_safe.rs:274:9
2026-09-06T04:52:17.2723200Z   24: std::panicking::catch_unwind::do_call
2026-09-06T04:52:17.2723410Z              at /rustc/01f6ddf7588f42ae2d7eb0a2f21d44e8e96674cf/library/std/src/panicking.rs:581:40
2026-09-06T04:52:17.2723610Z   25: std::panicking::catch_unwind
2026-09-06T04:52:17.2723800Z              at /rustc/01f6ddf7588f42ae2d7eb0a2f21d44e8e96674cf/library/std/src/panicking.rs:544:19
2026-09-06T04:52:17.2724000Z   26: std::panic::catch_unwind
2026-09-06T04:52:17.2724180Z              at /rustc/01f6ddf7588f42ae2d7eb0a2f21d44e8e96674cf/library/std/src/panic.rs:359:14
2026-09-06T04:52:17.2724400Z   27: std::thread::lifecycle::spawn_unchecked::{{closure}}
2026-09-06T04:52:17.2724630Z              at /rustc/01f6ddf7588f42ae2d7eb0a2f21d44e8e96674cf/library/std/src/thread/lifecycle.rs:90:26
2026-09-06T04:52:17.2724870Z   28: core::ops::function::FnOnce::call_once{{vtable.shim}}
2026-09-06T04:52:17.2725100Z              at /rustc/01f6ddf7588f42ae2d7eb0a2f21d44e8e96674cf/library/core/src/ops/function.rs:250:5
2026-09-06T04:52:17.2725360Z   29: <alloc::boxed::Box<F,A> as core::ops::function::FnOnce<Args>>::call_once
2026-09-06T04:52:17.2725600Z              at /rustc/01f6ddf7588f42ae2d7eb0a2f21d44e8e96674cf/library/alloc/src/boxed.rs:2206:9
2026-09-06T04:52:17.2725820Z   30: std::sys::thread::unix::Thread::new::thread_start
2026-09-06T04:52:17.2726040Z              at /rustc/01f6ddf7588f42ae2d7eb0a2f21d44e8e96674cf/library/std/src/sys/thread/unix.rs:118:17
2026-09-06T04:52:17.2726250Z   31: __pthread_exit
2026-09-06T04:52:17.2726340Z stack backtrace:
2026-09-06T04:52:17.2726440Z    0: __rustc::rust_begin_unwind
2026-09-06T04:52:17.2726630Z              at /rustc/01f6ddf7588f42ae2d7eb0a2f21d44e8e96674cf/library/std/src/panicking.rs:689:5
2026-09-06T04:52:17.2726830Z    1: core::panicking::panic_fmt
2026-09-06T04:52:17.2727030Z              at /rustc/01f6ddf7588f42ae2d7eb0a2f21d44e8e96674cf/library/core/src/panicking.rs:80:14
2026-09-06T04:52:17.2727350Z    2: core::result::unwrap_failed
2026-09-06T04:52:17.2727540Z              at /rustc/01f6ddf7588f42ae2d7eb0a2f21d44e8e96674cf/library/core/src/result.rs:1867:5
2026-09-06T04:52:17.2727740Z    3: core::result::Result<T,E>::unwrap
2026-09-06T04:52:17.2727940Z              at /rustc/01f6ddf7588f42ae2d7eb0a2f21d44e8e96674cf/library/core/src/result.rs:1233:23
2026-09-06T04:52:17.2728210Z    4: spark_runtime::metal_backend::tests::parity_norms::metal_embed_lookup_matches_reference
2026-09-06T04:52:17.2728450Z              at ./src/metal_backend/tests/parity_norms.rs:334:65
2026-09-06T04:52:17.2728720Z    5: spark_runtime::metal_backend::tests::parity_norms::metal_embed_lookup_matches_reference::{{closure}}
2026-09-06T04:52:17.2728980Z              at ./src/metal_backend/tests/parity_norms.rs:295:42
2026-09-06T04:52:17.2729160Z    6: core::ops::function::FnOnce::call_once
2026-09-06T04:52:17.2729390Z              at /rustc/01f6ddf7588f42ae2d7eb0a2f21d44e8e96674cf/library/core/src/ops/function.rs:250:5
2026-09-06T04:52:17.2729630Z    7: core::ops::function::FnOnce::call_once
2026-09-06T04:52:17.2729860Z              at /rustc/01f6ddf7588f42ae2d7eb0a2f21d44e8e96674cf/library/core/src/ops/function.rs:250:5
2026-09-06T04:52:17.2730160Z note: Some details are omitted, run with `RUST_BACKTRACE=full` for a verbose backtrace.
2026-09-06T04:52:17.2730330Z 
2026-09-06T04:52:17.2730490Z ---- metal_backend::tests::parity_basic::metal_bf16_add_matches_reference stdout ----
2026-09-06T04:52:17.2730660Z 
2026-09-06T04:52:17.2730920Z thread 'metal_backend::tests::parity_basic::metal_bf16_add_matches_reference' (906619) panicked at crates/spark-runtime/src/metal_backend/tests/parity_basic.rs:99:57:
2026-09-06T04:52:17.2731320Z called `Result::unwrap()` on an `Err` value: Metal: unknown module 'bf16_add'
2026-09-06T04:52:17.2731470Z 
2026-09-06T04:52:17.2731510Z Stack backtrace:
2026-09-06T04:52:17.2731650Z    0: std::backtrace_rs::backtrace::libunwind::trace
2026-09-06T04:52:17.2731950Z              at /rustc/01f6ddf7588f42ae2d7eb0a2f21d44e8e96674cf/library/std/src/../../backtrace/src/backtrace/libunwind.rs:117:9
2026-09-06T04:52:17.2732210Z    1: std::backtrace_rs::backtrace::trace_unsynchronized
2026-09-06T04:52:17.2732470Z              at /rustc/01f6ddf7588f42ae2d7eb0a2f21d44e8e96674cf/library/std/src/../../backtrace/src/backtrace/mod.rs:66:14
2026-09-06T04:52:17.2732710Z    2: std::backtrace::Backtrace::create
2026-09-06T04:52:17.2732910Z              at /rustc/01f6ddf7588f42ae2d7eb0a2f21d44e8e96674cf/library/std/src/backtrace.rs:331:13
2026-09-06T04:52:17.2733120Z    3: anyhow::error::<impl anyhow::Error>::msg
2026-09-06T04:52:17.2733360Z              at /Users/nologik/.cargo/registry/src/index.crates.io-1949cf8c6b5b557f/anyhow-1.0.104/src/backtrace.rs:10:14
2026-09-06T04:52:17.2733600Z    4: anyhow::__private::format_err
2026-09-06T04:52:17.2733820Z              at /Users/nologik/.cargo/registry/src/index.crates.io-1949cf8c6b5b557f/anyhow-1.0.104/src/lib.rs:690:13
2026-09-06T04:52:17.2734140Z    5: <spark_runtime::metal_backend::MetalGpuBackend as spark_runtime::gpu::GpuBackend>::kernel::{{closure}}
2026-09-06T04:52:17.2734370Z              at ./src/metal_backend.rs:515:28
2026-09-06T04:52:17.2734550Z    6: core::option::Option<T>::ok_or_else
2026-09-06T04:52:17.2734750Z              at /rustc/01f6ddf7588f42ae2d7eb0a2f21d44e8e96674cf/library/core/src/option.rs:1369:25
2026-09-06T04:52:17.2735110Z    7: <spark_runtime::metal_backend::MetalGpuBackend as spark_runtime::gpu::GpuBackend>::kernel
2026-09-06T04:52:17.2735320Z              at ./src/metal_backend.rs:515:14
2026-09-06T04:52:17.2735510Z    8: spark_runtime::metal_backend::tests::parity_basic::metal_bf16_add_matches_reference
2026-09-06T04:52:17.2735730Z              at ./src/metal_backend/tests/parity_basic.rs:99:26
2026-09-06T04:52:17.2735960Z    9: spark_runtime::metal_backend::tests::parity_basic::metal_bf16_add_matches_reference::{{closure}}
2026-09-06T04:52:17.2736180Z              at ./src/metal_backend/tests/parity_basic.rs:73:38
2026-09-06T04:52:17.2736410Z   10: core::ops::function::FnOnce::call_once
2026-09-06T04:52:17.2736620Z              at /rustc/01f6ddf7588f42ae2d7eb0a2f21d44e8e96674cf/library/core/src/ops/function.rs:250:5
2026-09-06T04:52:17.2736830Z   11: core::ops::function::FnOnce::call_once
2026-09-06T04:52:17.2737040Z              at /rustc/01f6ddf7588f42ae2d7eb0a2f21d44e8e96674cf/library/core/src/ops/function.rs:250:5
2026-09-06T04:52:17.2737250Z   12: test::__rust_begin_short_backtrace
2026-09-06T04:52:17.2737440Z              at /rustc/01f6ddf7588f42ae2d7eb0a2f21d44e8e96674cf/library/test/src/lib.rs:663:18
2026-09-06T04:52:17.2737640Z   13: test::run_test_in_process::{{closure}}
2026-09-06T04:52:17.2737830Z              at /rustc/01f6ddf7588f42ae2d7eb0a2f21d44e8e96674cf/library/test/src/lib.rs:686:74
2026-09-06T04:52:17.2738100Z   14: <core::panic::unwind_safe::AssertUnwindSafe<F> as core::ops::function::FnOnce<()>>::call_once
2026-09-06T04:52:17.2738430Z              at /rustc/01f6ddf7588f42ae2d7eb0a2f21d44e8e96674cf/library/core/src/panic/unwind_safe.rs:274:9
2026-09-06T04:52:17.2738680Z   15: std::panicking::catch_unwind::do_call
2026-09-06T04:52:17.2738900Z              at /rustc/01f6ddf7588f42ae2d7eb0a2f21d44e8e96674cf/library/std/src/panicking.rs:581:40
2026-09-06T04:52:17.2739130Z   16: std::panicking::catch_unwind
2026-09-06T04:52:17.2739380Z              at /rustc/01f6ddf7588f42ae2d7eb0a2f21d44e8e96674cf/library/std/src/panicking.rs:544:19
2026-09-06T04:52:17.2739600Z   17: std::panic::catch_unwind
2026-09-06T04:52:17.2739810Z              at /rustc/01f6ddf7588f42ae2d7eb0a2f21d44e8e96674cf/library/std/src/panic.rs:359:14
2026-09-06T04:52:17.2740020Z   18: test::run_test_in_process
2026-09-06T04:52:17.2740220Z              at /rustc/01f6ddf7588f42ae2d7eb0a2f21d44e8e96674cf/library/test/src/lib.rs:686:27
2026-09-06T04:52:17.2740430Z   19: test::run_test::{{closure}}
2026-09-06T04:52:17.2740630Z              at /rustc/01f6ddf7588f42ae2d7eb0a2f21d44e8e96674cf/library/test/src/lib.rs:607:43
2026-09-06T04:52:17.2740680Z   20: test::run_test::{{closure}}
2026-09-06T04:52:17.2740800Z              at /rustc/01f6ddf7588f42ae2d7eb0a2f21d44e8e96674cf/library/test/src/lib.rs:637:41
2026-09-06T04:52:17.2740870Z   21: std::sys::backtrace::__rust_begin_short_backtrace
2026-09-06T04:52:17.2741000Z              at /rustc/01f6ddf7588f42ae2d7eb0a2f21d44e8e96674cf/library/std/src/sys/backtrace.rs:160:18
2026-09-06T04:52:17.2741100Z   22: std::thread::lifecycle::spawn_unchecked::{{closure}}::{{closure}}
2026-09-06T04:52:17.2741240Z              at /rustc/01f6ddf7588f42ae2d7eb0a2f21d44e8e96674cf/library/std/src/thread/lifecycle.rs:92:13
2026-09-06T04:52:17.2741370Z   23: <core::panic::unwind_safe::AssertUnwindSafe<F> as core::ops::function::FnOnce<()>>::call_once
2026-09-06T04:52:17.2741510Z              at /rustc/01f6ddf7588f42ae2d7eb0a2f21d44e8e96674cf/library/core/src/panic/unwind_safe.rs:274:9
2026-09-06T04:52:17.2741570Z   24: std::panicking::catch_unwind::do_call
2026-09-06T04:52:17.2741700Z              at /rustc/01f6ddf7588f42ae2d7eb0a2f21d44e8e96674cf/library/std/src/panicking.rs:581:40
2026-09-06T04:52:17.2741750Z   25: std::panicking::catch_unwind
2026-09-06T04:52:17.2741870Z              at /rustc/01f6ddf7588f42ae2d7eb0a2f21d44e8e96674cf/library/std/src/panicking.rs:544:19
2026-09-06T04:52:17.2741920Z   26: std::panic::catch_unwind
2026-09-06T04:52:17.2742030Z              at /rustc/01f6ddf7588f42ae2d7eb0a2f21d44e8e96674cf/library/std/src/panic.rs:359:14
2026-09-06T04:52:17.2742100Z   27: std::thread::lifecycle::spawn_unchecked::{{closure}}
2026-09-06T04:52:17.2742220Z              at /rustc/01f6ddf7588f42ae2d7eb0a2f21d44e8e96674cf/library/std/src/thread/lifecycle.rs:90:26
2026-09-06T04:52:17.2742290Z   28: core::ops::function::FnOnce::call_once{{vtable.shim}}
2026-09-06T04:52:17.2742410Z              at /rustc/01f6ddf7588f42ae2d7eb0a2f21d44e8e96674cf/library/core/src/ops/function.rs:250:5
2026-09-06T04:52:17.2742500Z   29: <alloc::boxed::Box<F,A> as core::ops::function::FnOnce<Args>>::call_once
2026-09-06T04:52:17.2742650Z              at /rustc/01f6ddf7588f42ae2d7eb0a2f21d44e8e96674cf/library/alloc/src/boxed.rs:2206:9
2026-09-06T04:52:17.2742710Z   30: std::sys::thread::unix::Thread::new::thread_start
2026-09-06T04:52:17.2742830Z              at /rustc/01f6ddf7588f42ae2d7eb0a2f21d44e8e96674cf/library/std/src/sys/thread/unix.rs:118:17
2026-09-06T04:52:17.2742870Z   31: __pthread_exit
2026-09-06T04:52:17.2742910Z stack backtrace:
2026-09-06T04:52:17.2742960Z    0: __rustc::rust_begin_unwind
2026-09-06T04:52:17.2743070Z              at /rustc/01f6ddf7588f42ae2d7eb0a2f21d44e8e96674cf/library/std/src/panicking.rs:689:5
2026-09-06T04:52:17.2743110Z    1: core::panicking::panic_fmt
2026-09-06T04:52:17.2743220Z              at /rustc/01f6ddf7588f42ae2d7eb0a2f21d44e8e96674cf/library/core/src/panicking.rs:80:14
2026-09-06T04:52:17.2743270Z    2: core::result::unwrap_failed
2026-09-06T04:52:17.2743380Z              at /rustc/01f6ddf7588f42ae2d7eb0a2f21d44e8e96674cf/library/core/src/result.rs:1867:5
2026-09-06T04:52:17.2743420Z    3: core::result::Result<T,E>::unwrap
2026-09-06T04:52:17.2743540Z              at /rustc/01f6ddf7588f42ae2d7eb0a2f21d44e8e96674cf/library/core/src/result.rs:1233:23
2026-09-06T04:52:17.2743640Z    4: spark_runtime::metal_backend::tests::parity_basic::metal_bf16_add_matches_reference
2026-09-06T04:52:17.2743710Z              at ./src/metal_backend/tests/parity_basic.rs:99:57
2026-09-06T04:52:17.2743910Z    5: spark_runtime::metal_backend::tests::parity_basic::metal_bf16_add_matches_reference::{{closure}}
2026-09-06T04:52:17.2743970Z              at ./src/metal_backend/tests/parity_basic.rs:73:38
2026-09-06T04:52:17.2744020Z    6: core::ops::function::FnOnce::call_once
2026-09-06T04:52:17.2744140Z              at /rustc/01f6ddf7588f42ae2d7eb0a2f21d44e8e96674cf/library/core/src/ops/function.rs:250:5
2026-09-06T04:52:17.2744190Z    7: core::ops::function::FnOnce::call_once
2026-09-06T04:52:17.2744310Z              at /rustc/01f6ddf7588f42ae2d7eb0a2f21d44e8e96674cf/library/core/src/ops/function.rs:250:5
2026-09-06T04:52:17.2744410Z note: Some details are omitted, run with `RUST_BACKTRACE=full` for a verbose backtrace.
2026-09-06T04:52:17.2744420Z 
2026-09-06T04:52:17.2744520Z ---- metal_backend::tests::parity_basic::metal_sigmoid_gate_matches_reference stdout ----
2026-09-06T04:52:17.2744520Z 
2026-09-06T04:52:17.2744770Z thread 'metal_backend::tests::parity_basic::metal_sigmoid_gate_matches_reference' (906620) panicked at crates/spark-runtime/src/metal_backend/tests/parity_basic.rs:167:65:
2026-09-06T04:52:17.2744880Z called `Result::unwrap()` on an `Err` value: Metal: unknown module 'sigmoid_gate'
2026-09-06T04:52:17.2744880Z 
2026-09-06T04:52:17.2744920Z Stack backtrace:
2026-09-06T04:52:17.2744980Z    0: std::backtrace_rs::backtrace::libunwind::trace
2026-09-06T04:52:17.2745170Z              at /rustc/01f6ddf7588f42ae2d7eb0a2f21d44e8e96674cf/library/std/src/../../backtrace/src/backtrace/libunwind.rs:117:9
2026-09-06T04:52:17.2745230Z    1: std::backtrace_rs::backtrace::trace_unsynchronized
2026-09-06T04:52:17.2745410Z              at /rustc/01f6ddf7588f42ae2d7eb0a2f21d44e8e96674cf/library/std/src/../../backtrace/src/backtrace/mod.rs:66:14
2026-09-06T04:52:17.2745460Z    2: std::backtrace::Backtrace::create
2026-09-06T04:52:17.2745590Z              at /rustc/01f6ddf7588f42ae2d7eb0a2f21d44e8e96674cf/library/std/src/backtrace.rs:331:13
2026-09-06T04:52:17.2745640Z    3: anyhow::error::<impl anyhow::Error>::msg
2026-09-06T04:52:17.2745810Z              at /Users/nologik/.cargo/registry/src/index.crates.io-1949cf8c6b5b557f/anyhow-1.0.104/src/backtrace.rs:10:14
2026-09-06T04:52:17.2745860Z    4: anyhow::__private::format_err
2026-09-06T04:52:17.2746020Z              at /Users/nologik/.cargo/registry/src/index.crates.io-1949cf8c6b5b557f/anyhow-1.0.104/src/lib.rs:690:13
2026-09-06T04:52:17.2746170Z    5: <spark_runtime::metal_backend::MetalGpuBackend as spark_runtime::gpu::GpuBackend>::kernel::{{closure}}
2026-09-06T04:52:17.2746220Z              at ./src/metal_backend.rs:515:28
2026-09-06T04:52:17.2746270Z    6: core::option::Option<T>::ok_or_else
2026-09-06T04:52:17.2746440Z              at /rustc/01f6ddf7588f42ae2d7eb0a2f21d44e8e96674cf/library/core/src/option.rs:1369:25
2026-09-06T04:52:17.2746570Z    7: <spark_runtime::metal_backend::MetalGpuBackend as spark_runtime::gpu::GpuBackend>::kernel
2026-09-06T04:52:17.2746620Z              at ./src/metal_backend.rs:515:14
2026-09-06T04:52:17.2746750Z    8: spark_runtime::metal_backend::tests::parity_basic::metal_sigmoid_gate_matches_reference
2026-09-06T04:52:17.2746820Z              at ./src/metal_backend/tests/parity_basic.rs:167:26
2026-09-06T04:52:17.2746960Z    9: spark_runtime::metal_backend::tests::parity_basic::metal_sigmoid_gate_matches_reference::{{closure}}
2026-09-06T04:52:17.2747020Z              at ./src/metal_backend/tests/parity_basic.rs:138:42
2026-09-06T04:52:17.2747070Z   10: core::ops::function::FnOnce::call_once
2026-09-06T04:52:17.2747190Z              at /rustc/01f6ddf7588f42ae2d7eb0a2f21d44e8e96674cf/library/core/src/ops/function.rs:250:5
2026-09-06T04:52:17.2747240Z   11: core::ops::function::FnOnce::call_once
2026-09-06T04:52:17.2747360Z              at /rustc/01f6ddf7588f42ae2d7eb0a2f21d44e8e96674cf/library/core/src/ops/function.rs:250:5
2026-09-06T04:52:17.2747400Z   12: test::__rust_begin_short_backtrace
2026-09-06T04:52:17.2747500Z              at /rustc/01f6ddf7588f42ae2d7eb0a2f21d44e8e96674cf/library/test/src/lib.rs:663:18
2026-09-06T04:52:17.2747590Z   13: test::run_test_in_process::{{closure}}
2026-09-06T04:52:17.2747690Z              at /rustc/01f6ddf7588f42ae2d7eb0a2f21d44e8e96674cf/library/test/src/lib.rs:686:74
2026-09-06T04:52:17.2747810Z   14: <core::panic::unwind_safe::AssertUnwindSafe<F> as core::ops::function::FnOnce<()>>::call_once
2026-09-06T04:52:17.2747940Z              at /rustc/01f6ddf7588f42ae2d7eb0a2f21d44e8e96674cf/library/core/src/panic/unwind_safe.rs:274:9
2026-09-06T04:52:17.2747990Z   15: std::panicking::catch_unwind::do_call
2026-09-06T04:52:17.2748100Z              at /rustc/01f6ddf7588f42ae2d7eb0a2f21d44e8e96674cf/library/std/src/panicking.rs:581:40
2026-09-06T04:52:17.2748150Z   16: std::panicking::catch_unwind
2026-09-06T04:52:17.2748270Z              at /rustc/01f6ddf7588f42ae2d7eb0a2f21d44e8e96674cf/library/std/src/panicking.rs:544:19
2026-09-06T04:52:17.2748310Z   17: std::panic::catch_unwind
2026-09-06T04:52:17.2748420Z              at /rustc/01f6ddf7588f42ae2d7eb0a2f21d44e8e96674cf/library/std/src/panic.rs:359:14
2026-09-06T04:52:17.2748460Z   18: test::run_test_in_process
2026-09-06T04:52:17.2748560Z              at /rustc/01f6ddf7588f42ae2d7eb0a2f21d44e8e96674cf/library/test/src/lib.rs:686:27
2026-09-06T04:52:17.2748610Z   19: test::run_test::{{closure}}
2026-09-06T04:52:17.2748710Z              at /rustc/01f6ddf7588f42ae2d7eb0a2f21d44e8e96674cf/library/test/src/lib.rs:607:43
2026-09-06T04:52:17.2748760Z   20: test::run_test::{{closure}}
2026-09-06T04:52:17.2748870Z              at /rustc/01f6ddf7588f42ae2d7eb0a2f21d44e8e96674cf/library/test/src/lib.rs:637:41
2026-09-06T04:52:17.2748940Z   21: std::sys::backtrace::__rust_begin_short_backtrace
2026-09-06T04:52:17.2749080Z              at /rustc/01f6ddf7588f42ae2d7eb0a2f21d44e8e96674cf/library/std/src/sys/backtrace.rs:160:18
2026-09-06T04:52:17.2749160Z   22: std::thread::lifecycle::spawn_unchecked::{{closure}}::{{closure}}
2026-09-06T04:52:17.2749300Z              at /rustc/01f6ddf7588f42ae2d7eb0a2f21d44e8e96674cf/library/std/src/thread/lifecycle.rs:92:13
2026-09-06T04:52:17.2749440Z   23: <core::panic::unwind_safe::AssertUnwindSafe<F> as core::ops::function::FnOnce<()>>::call_once
2026-09-06T04:52:17.2749580Z              at /rustc/01f6ddf7588f42ae2d7eb0a2f21d44e8e96674cf/library/core/src/panic/unwind_safe.rs:274:9
2026-09-06T04:52:17.2749630Z   24: std::panicking::catch_unwind::do_call
2026-09-06T04:52:17.2749760Z              at /rustc/01f6ddf7588f42ae2d7eb0a2f21d44e8e96674cf/library/std/src/panicking.rs:581:40
2026-09-06T04:52:17.2749810Z   25: std::panicking::catch_unwind
2026-09-06T04:52:17.2749930Z              at /rustc/01f6ddf7588f42ae2d7eb0a2f21d44e8e96674cf/library/std/src/panicking.rs:544:19
2026-09-06T04:52:17.2750030Z   26: std::panic::catch_unwind
2026-09-06T04:52:17.2750150Z              at /rustc/01f6ddf7588f42ae2d7eb0a2f21d44e8e96674cf/library/std/src/panic.rs:359:14
2026-09-06T04:52:17.2750220Z   27: std::thread::lifecycle::spawn_unchecked::{{closure}}
2026-09-06T04:52:17.2750360Z              at /rustc/01f6ddf7588f42ae2d7eb0a2f21d44e8e96674cf/library/std/src/thread/lifecycle.rs:90:26
2026-09-06T04:52:17.2750430Z   28: core::ops::function::FnOnce::call_once{{vtable.shim}}
2026-09-06T04:52:17.2750570Z              at /rustc/01f6ddf7588f42ae2d7eb0a2f21d44e8e96674cf/library/core/src/ops/function.rs:250:5
2026-09-06T04:52:17.2750660Z   29: <alloc::boxed::Box<F,A> as core::ops::function::FnOnce<Args>>::call_once
2026-09-06T04:52:17.2750790Z              at /rustc/01f6ddf7588f42ae2d7eb0a2f21d44e8e96674cf/library/alloc/src/boxed.rs:2206:9
2026-09-06T04:52:17.2750850Z   30: std::sys::thread::unix::Thread::new::thread_start
2026-09-06T04:52:17.2750990Z              at /rustc/01f6ddf7588f42ae2d7eb0a2f21d44e8e96674cf/library/std/src/sys/thread/unix.rs:118:17
2026-09-06T04:52:17.2751030Z   31: __pthread_exit
2026-09-06T04:52:17.2751070Z stack backtrace:
2026-09-06T04:52:17.2751120Z    0: __rustc::rust_begin_unwind
2026-09-06T04:52:17.2751240Z              at /rustc/01f6ddf7588f42ae2d7eb0a2f21d44e8e96674cf/library/std/src/panicking.rs:689:5
2026-09-06T04:52:17.2751330Z    1: core::panicking::panic_fmt
2026-09-06T04:52:17.2751460Z              at /rustc/01f6ddf7588f42ae2d7eb0a2f21d44e8e96674cf/library/core/src/panicking.rs:80:14
2026-09-06T04:52:17.2751510Z    2: core::result::unwrap_failed
2026-09-06T04:52:17.2751630Z              at /rustc/01f6ddf7588f42ae2d7eb0a2f21d44e8e96674cf/library/core/src/result.rs:1867:5
2026-09-06T04:52:17.2751680Z    3: core::result::Result<T,E>::unwrap
2026-09-06T04:52:17.2751810Z              at /rustc/01f6ddf7588f42ae2d7eb0a2f21d44e8e96674cf/library/core/src/result.rs:1233:23
2026-09-06T04:52:17.2751930Z    4: spark_runtime::metal_backend::tests::parity_basic::metal_sigmoid_gate_matches_reference
2026-09-06T04:52:17.2751990Z              at ./src/metal_backend/tests/parity_basic.rs:167:65
2026-09-06T04:52:17.2752120Z    5: spark_runtime::metal_backend::tests::parity_basic::metal_sigmoid_gate_matches_reference::{{closure}}
2026-09-06T04:52:17.2752180Z              at ./src/metal_backend/tests/parity_basic.rs:138:42
2026-09-06T04:52:17.2752230Z    6: core::ops::function::FnOnce::call_once
2026-09-06T04:52:17.2752350Z              at /rustc/01f6ddf7588f42ae2d7eb0a2f21d44e8e96674cf/library/core/src/ops/function.rs:250:5
2026-09-06T04:52:17.2752400Z    7: core::ops::function::FnOnce::call_once
2026-09-06T04:52:17.2752520Z              at /rustc/01f6ddf7588f42ae2d7eb0a2f21d44e8e96674cf/library/core/src/ops/function.rs:250:5
2026-09-06T04:52:17.2752620Z note: Some details are omitted, run with `RUST_BACKTRACE=full` for a verbose backtrace.
2026-09-06T04:52:17.2752620Z 
2026-09-06T04:52:17.2752740Z ---- metal_backend::tests::parity_gdn::metal_selective_scan_decode_matches_reference stdout ----
2026-09-06T04:52:17.2752740Z 
2026-09-06T04:52:17.2752990Z thread 'metal_backend::tests::parity_gdn::metal_selective_scan_decode_matches_reference' (906631) panicked at crates/spark-runtime/src/metal_backend/tests/parity_gdn.rs:246:10:
2026-09-06T04:52:17.2753090Z called `Result::unwrap()` on an `Err` value: Metal: unknown module 'selective_scan_decode'
2026-09-06T04:52:17.2753090Z 
2026-09-06T04:52:17.2753130Z Stack backtrace:
2026-09-06T04:52:17.2753180Z    0: std::backtrace_rs::backtrace::libunwind::trace
2026-09-06T04:52:17.2753350Z              at /rustc/01f6ddf7588f42ae2d7eb0a2f21d44e8e96674cf/library/std/src/../../backtrace/src/backtrace/libunwind.rs:117:9
2026-09-06T04:52:17.2753410Z    1: std::backtrace_rs::backtrace::trace_unsynchronized
2026-09-06T04:52:17.2753550Z              at /rustc/01f6ddf7588f42ae2d7eb0a2f21d44e8e96674cf/library/std/src/../../backtrace/src/backtrace/mod.rs:66:14
2026-09-06T04:52:17.2753600Z    2: std::backtrace::Backtrace::create
2026-09-06T04:52:17.2753780Z              at /rustc/01f6ddf7588f42ae2d7eb0a2f21d44e8e96674cf/library/std/src/backtrace.rs:331:13
2026-09-06T04:52:17.2753830Z    3: anyhow::error::<impl anyhow::Error>::msg
2026-09-06T04:52:17.2753980Z              at /Users/nologik/.cargo/registry/src/index.crates.io-1949cf8c6b5b557f/anyhow-1.0.104/src/backtrace.rs:10:14
2026-09-06T04:52:17.2754020Z    4: anyhow::__private::format_err
2026-09-06T04:52:17.2754160Z              at /Users/nologik/.cargo/registry/src/index.crates.io-1949cf8c6b5b557f/anyhow-1.0.104/src/lib.rs:690:13
2026-09-06T04:52:17.2754300Z    5: <spark_runtime::metal_backend::MetalGpuBackend as spark_runtime::gpu::GpuBackend>::kernel::{{closure}}
2026-09-06T04:52:17.2754340Z              at ./src/metal_backend.rs:515:28
2026-09-06T04:52:17.2754390Z    6: core::option::Option<T>::ok_or_else
2026-09-06T04:52:17.2754500Z              at /rustc/01f6ddf7588f42ae2d7eb0a2f21d44e8e96674cf/library/core/src/option.rs:1369:25
2026-09-06T04:52:17.2754630Z    7: <spark_runtime::metal_backend::MetalGpuBackend as spark_runtime::gpu::GpuBackend>::kernel
2026-09-06T04:52:17.2754680Z              at ./src/metal_backend.rs:515:14
2026-09-06T04:52:17.2754810Z    8: spark_runtime::metal_backend::tests::parity_gdn::metal_selective_scan_decode_matches_reference
2026-09-06T04:52:17.2754880Z              at ./src/metal_backend/tests/parity_gdn.rs:245:10
2026-09-06T04:52:17.2755070Z    9: spark_runtime::metal_backend::tests::parity_gdn::metal_selective_scan_decode_matches_reference::{{closure}}
2026-09-06T04:52:17.2755140Z              at ./src/metal_backend/tests/parity_gdn.rs:207:51
2026-09-06T04:52:17.2755200Z   10: core::ops::function::FnOnce::call_once
2026-09-06T04:52:17.2755330Z              at /rustc/01f6ddf7588f42ae2d7eb0a2f21d44e8e96674cf/library/core/src/ops/function.rs:250:5
2026-09-06T04:52:17.2755380Z   11: core::ops::function::FnOnce::call_once
2026-09-06T04:52:17.2755510Z              at /rustc/01f6ddf7588f42ae2d7eb0a2f21d44e8e96674cf/library/core/src/ops/function.rs:250:5
2026-09-06T04:52:17.2755560Z   12: test::__rust_begin_short_backtrace
2026-09-06T04:52:17.2755680Z              at /rustc/01f6ddf7588f42ae2d7eb0a2f21d44e8e96674cf/library/test/src/lib.rs:663:18
2026-09-06T04:52:17.2755730Z   13: test::run_test_in_process::{{closure}}
2026-09-06T04:52:17.2755850Z              at /rustc/01f6ddf7588f42ae2d7eb0a2f21d44e8e96674cf/library/test/src/lib.rs:686:74
2026-09-06T04:52:17.2755980Z   14: <core::panic::unwind_safe::AssertUnwindSafe<F> as core::ops::function::FnOnce<()>>::call_once
2026-09-06T04:52:17.2756130Z              at /rustc/01f6ddf7588f42ae2d7eb0a2f21d44e8e96674cf/library/core/src/panic/unwind_safe.rs:274:9
2026-09-06T04:52:17.2756180Z   15: std::panicking::catch_unwind::do_call
2026-09-06T04:52:17.2756310Z              at /rustc/01f6ddf7588f42ae2d7eb0a2f21d44e8e96674cf/library/std/src/panicking.rs:581:40
2026-09-06T04:52:17.2756360Z   16: std::panicking::catch_unwind
2026-09-06T04:52:17.2756480Z              at /rustc/01f6ddf7588f42ae2d7eb0a2f21d44e8e96674cf/library/std/src/panicking.rs:544:19
2026-09-06T04:52:17.2756530Z   17: std::panic::catch_unwind
2026-09-06T04:52:17.2756650Z              at /rustc/01f6ddf7588f42ae2d7eb0a2f21d44e8e96674cf/library/std/src/panic.rs:359:14
2026-09-06T04:52:17.2756700Z   18: test::run_test_in_process
2026-09-06T04:52:17.2756810Z              at /rustc/01f6ddf7588f42ae2d7eb0a2f21d44e8e96674cf/library/test/src/lib.rs:686:27
2026-09-06T04:52:17.2756860Z   19: test::run_test::{{closure}}
2026-09-06T04:52:17.2756970Z              at /rustc/01f6ddf7588f42ae2d7eb0a2f21d44e8e96674cf/library/test/src/lib.rs:607:43
2026-09-06T04:52:17.2757010Z   20: test::run_test::{{closure}}
2026-09-06T04:52:17.2757120Z              at /rustc/01f6ddf7588f42ae2d7eb0a2f21d44e8e96674cf/library/test/src/lib.rs:637:41
2026-09-06T04:52:17.2757170Z   21: std::sys::backtrace::__rust_begin_short_backtrace
2026-09-06T04:52:17.2757300Z              at /rustc/01f6ddf7588f42ae2d7eb0a2f21d44e8e96674cf/library/std/src/sys/backtrace.rs:160:18
2026-09-06T04:52:17.2757380Z   22: std::thread::lifecycle::spawn_unchecked::{{closure}}::{{closure}}
2026-09-06T04:52:17.2757540Z              at /rustc/01f6ddf7588f42ae2d7eb0a2f21d44e8e96674cf/library/std/src/thread/lifecycle.rs:92:13
2026-09-06T04:52:17.2757650Z   23: <core::panic::unwind_safe::AssertUnwindSafe<F> as core::ops::function::FnOnce<()>>::call_once
2026-09-06T04:52:17.2757780Z              at /rustc/01f6ddf7588f42ae2d7eb0a2f21d44e8e96674cf/library/core/src/panic/unwind_safe.rs:274:9
2026-09-06T04:52:17.2757830Z   24: std::panicking::catch_unwind::do_call
2026-09-06T04:52:17.2757940Z              at /rustc/01f6ddf7588f42ae2d7eb0a2f21d44e8e96674cf/library/std/src/panicking.rs:581:40
2026-09-06T04:52:17.2757990Z   25: std::panicking::catch_unwind
2026-09-06T04:52:17.2758100Z              at /rustc/01f6ddf7588f42ae2d7eb0a2f21d44e8e96674cf/library/std/src/panicking.rs:544:19
2026-09-06T04:52:17.2758140Z   26: std::panic::catch_unwind
2026-09-06T04:52:17.2758250Z              at /rustc/01f6ddf7588f42ae2d7eb0a2f21d44e8e96674cf/library/std/src/panic.rs:359:14
2026-09-06T04:52:17.2758310Z   27: std::thread::lifecycle::spawn_unchecked::{{closure}}
2026-09-06T04:52:17.2758440Z              at /rustc/01f6ddf7588f42ae2d7eb0a2f21d44e8e96674cf/library/std/src/thread/lifecycle.rs:90:26
2026-09-06T04:52:17.2758500Z   28: core::ops::function::FnOnce::call_once{{vtable.shim}}
2026-09-06T04:52:17.2758760Z              at /rustc/01f6ddf7588f42ae2d7eb0a2f21d44e8e96674cf/library/core/src/ops/function.rs:250:5
2026-09-06T04:52:17.2758870Z   29: <alloc::boxed::Box<F,A> as core::ops::function::FnOnce<Args>>::call_once
2026-09-06T04:52:17.2758990Z              at /rustc/01f6ddf7588f42ae2d7eb0a2f21d44e8e96674cf/library/alloc/src/boxed.rs:2206:9
2026-09-06T04:52:17.2759060Z   30: std::sys::thread::unix::Thread::new::thread_start
2026-09-06T04:52:17.2759190Z              at /rustc/01f6ddf7588f42ae2d7eb0a2f21d44e8e96674cf/library/std/src/sys/thread/unix.rs:118:17
2026-09-06T04:52:17.2759230Z   31: __pthread_exit
2026-09-06T04:52:17.2759270Z stack backtrace:
2026-09-06T04:52:17.2759320Z    0: __rustc::rust_begin_unwind
2026-09-06T04:52:17.2759450Z              at /rustc/01f6ddf7588f42ae2d7eb0a2f21d44e8e96674cf/library/std/src/panicking.rs:689:5
2026-09-06T04:52:17.2759490Z    1: core::panicking::panic_fmt
2026-09-06T04:52:17.2759620Z              at /rustc/01f6ddf7588f42ae2d7eb0a2f21d44e8e96674cf/library/core/src/panicking.rs:80:14
2026-09-06T04:52:17.2759670Z    2: core::result::unwrap_failed
2026-09-06T04:52:17.2759790Z              at /rustc/01f6ddf7588f42ae2d7eb0a2f21d44e8e96674cf/library/core/src/result.rs:1867:5
2026-09-06T04:52:17.2759840Z    3: core::result::Result<T,E>::unwrap
2026-09-06T04:52:17.2759970Z              at /rustc/01f6ddf7588f42ae2d7eb0a2f21d44e8e96674cf/library/core/src/result.rs:1233:23
2026-09-06T04:52:17.2760110Z    4: spark_runtime::metal_backend::tests::parity_gdn::metal_selective_scan_decode_matches_reference
2026-09-06T04:52:17.2760170Z              at ./src/metal_backend/tests/parity_gdn.rs:246:10
2026-09-06T04:52:17.2760330Z    5: spark_runtime::metal_backend::tests::parity_gdn::metal_selective_scan_decode_matches_reference::{{closure}}
2026-09-06T04:52:17.2760400Z              at ./src/metal_backend/tests/parity_gdn.rs:207:51
2026-09-06T04:52:17.2760450Z    6: core::ops::function::FnOnce::call_once
2026-09-06T04:52:17.2760580Z              at /rustc/01f6ddf7588f42ae2d7eb0a2f21d44e8e96674cf/library/core/src/ops/function.rs:250:5
2026-09-06T04:52:17.2760640Z    7: core::ops::function::FnOnce::call_once
2026-09-06T04:52:17.2760770Z              at /rustc/01f6ddf7588f42ae2d7eb0a2f21d44e8e96674cf/library/core/src/ops/function.rs:250:5
2026-09-06T04:52:17.2760880Z note: Some details are omitted, run with `RUST_BACKTRACE=full` for a verbose backtrace.
2026-09-06T04:52:17.2760890Z 
2026-09-06T04:52:17.2761000Z ---- metal_backend::tests::parity_norms::metal_rope_apply_matches_reference stdout ----
2026-09-06T04:52:17.2761000Z 
2026-09-06T04:52:17.2761260Z thread 'metal_backend::tests::parity_norms::metal_rope_apply_matches_reference' (906637) panicked at crates/spark-runtime/src/metal_backend/tests/parity_norms.rs:68:61:
2026-09-06T04:52:17.2761400Z called `Result::unwrap()` on an `Err` value: Metal: unknown module 'rope_apply'
2026-09-06T04:52:17.2761400Z 
2026-09-06T04:52:17.2761450Z Stack backtrace:
2026-09-06T04:52:17.2761510Z    0: std::backtrace_rs::backtrace::libunwind::trace
2026-09-06T04:52:17.2761690Z              at /rustc/01f6ddf7588f42ae2d7eb0a2f21d44e8e96674cf/library/std/src/../../backtrace/src/backtrace/libunwind.rs:117:9
2026-09-06T04:52:17.2761760Z    1: std::backtrace_rs::backtrace::trace_unsynchronized
2026-09-06T04:52:17.2761930Z              at /rustc/01f6ddf7588f42ae2d7eb0a2f21d44e8e96674cf/library/std/src/../../backtrace/src/backtrace/mod.rs:66:14
2026-09-06T04:52:17.2761980Z    2: std::backtrace::Backtrace::create
2026-09-06T04:52:17.2762090Z              at /rustc/01f6ddf7588f42ae2d7eb0a2f21d44e8e96674cf/library/std/src/backtrace.rs:331:13
2026-09-06T04:52:17.2762140Z    3: anyhow::error::<impl anyhow::Error>::msg
2026-09-06T04:52:17.2762290Z              at /Users/nologik/.cargo/registry/src/index.crates.io-1949cf8c6b5b557f/anyhow-1.0.104/src/backtrace.rs:10:14
2026-09-06T04:52:17.2762330Z    4: anyhow::__private::format_err
2026-09-06T04:52:17.2762470Z              at /Users/nologik/.cargo/registry/src/index.crates.io-1949cf8c6b5b557f/anyhow-1.0.104/src/lib.rs:690:13
2026-09-06T04:52:17.2762640Z    5: <spark_runtime::metal_backend::MetalGpuBackend as spark_runtime::gpu::GpuBackend>::kernel::{{closure}}
2026-09-06T04:52:17.2762690Z              at ./src/metal_backend.rs:515:28
2026-09-06T04:52:17.2762740Z    6: core::option::Option<T>::ok_or_else
2026-09-06T04:52:17.2762850Z              at /rustc/01f6ddf7588f42ae2d7eb0a2f21d44e8e96674cf/library/core/src/option.rs:1369:25
2026-09-06T04:52:17.2762960Z    7: <spark_runtime::metal_backend::MetalGpuBackend as spark_runtime::gpu::GpuBackend>::kernel
2026-09-06T04:52:17.2763010Z              at ./src/metal_backend.rs:515:14
2026-09-06T04:52:17.2763120Z    8: spark_runtime::metal_backend::tests::parity_norms::metal_rope_apply_matches_reference
2026-09-06T04:52:17.2763180Z              at ./src/metal_backend/tests/parity_norms.rs:68:26
2026-09-06T04:52:17.2763310Z    9: spark_runtime::metal_backend::tests::parity_norms::metal_rope_apply_matches_reference::{{closure}}
2026-09-06T04:52:17.2763370Z              at ./src/metal_backend/tests/parity_norms.rs:15:40
2026-09-06T04:52:17.2763420Z   10: core::ops::function::FnOnce::call_once
2026-09-06T04:52:17.2763540Z              at /rustc/01f6ddf7588f42ae2d7eb0a2f21d44e8e96674cf/library/core/src/ops/function.rs:250:5
2026-09-06T04:52:17.2763580Z   11: core::ops::function::FnOnce::call_once
2026-09-06T04:52:17.2763700Z              at /rustc/01f6ddf7588f42ae2d7eb0a2f21d44e8e96674cf/library/core/src/ops/function.rs:250:5
2026-09-06T04:52:17.2763750Z   12: test::__rust_begin_short_backtrace
2026-09-06T04:52:17.2763870Z              at /rustc/01f6ddf7588f42ae2d7eb0a2f21d44e8e96674cf/library/test/src/lib.rs:663:18
2026-09-06T04:52:17.2763920Z   13: test::run_test_in_process::{{closure}}
2026-09-06T04:52:17.2764040Z              at /rustc/01f6ddf7588f42ae2d7eb0a2f21d44e8e96674cf/library/test/src/lib.rs:686:74
2026-09-06T04:52:17.2764170Z   14: <core::panic::unwind_safe::AssertUnwindSafe<F> as core::ops::function::FnOnce<()>>::call_once
2026-09-06T04:52:17.2764310Z              at /rustc/01f6ddf7588f42ae2d7eb0a2f21d44e8e96674cf/library/core/src/panic/unwind_safe.rs:274:9
2026-09-06T04:52:17.2764370Z   15: std::panicking::catch_unwind::do_call
2026-09-06T04:52:17.2764490Z              at /rustc/01f6ddf7588f42ae2d7eb0a2f21d44e8e96674cf/library/std/src/panicking.rs:581:40
2026-09-06T04:52:17.2764540Z   16: std::panicking::catch_unwind
2026-09-06T04:52:17.2764670Z              at /rustc/01f6ddf7588f42ae2d7eb0a2f21d44e8e96674cf/library/std/src/panicking.rs:544:19
2026-09-06T04:52:17.2764710Z   17: std::panic::catch_unwind
2026-09-06T04:52:17.2764830Z              at /rustc/01f6ddf7588f42ae2d7eb0a2f21d44e8e96674cf/library/std/src/panic.rs:359:14
2026-09-06T04:52:17.2764880Z   18: test::run_test_in_process
2026-09-06T04:52:17.2765090Z              at /rustc/01f6ddf7588f42ae2d7eb0a2f21d44e8e96674cf/library/test/src/lib.rs:686:27
2026-09-06T04:52:17.2765140Z   19: test::run_test::{{closure}}
2026-09-06T04:52:17.2765260Z              at /rustc/01f6ddf7588f42ae2d7eb0a2f21d44e8e96674cf/library/test/src/lib.rs:607:43
2026-09-06T04:52:17.2765300Z   20: test::run_test::{{closure}}
2026-09-06T04:52:17.2765420Z              at /rustc/01f6ddf7588f42ae2d7eb0a2f21d44e8e96674cf/library/test/src/lib.rs:637:41
2026-09-06T04:52:17.2765490Z   21: std::sys::backtrace::__rust_begin_short_backtrace
2026-09-06T04:52:17.2765620Z              at /rustc/01f6ddf7588f42ae2d7eb0a2f21d44e8e96674cf/library/std/src/sys/backtrace.rs:160:18
2026-09-06T04:52:17.2765710Z   22: std::thread::lifecycle::spawn_unchecked::{{closure}}::{{closure}}
2026-09-06T04:52:17.2765850Z              at /rustc/01f6ddf7588f42ae2d7eb0a2f21d44e8e96674cf/library/std/src/thread/lifecycle.rs:92:13
2026-09-06T04:52:17.2765980Z   23: <core::panic::unwind_safe::AssertUnwindSafe<F> as core::ops::function::FnOnce<()>>::call_once
2026-09-06T04:52:17.2766120Z              at /rustc/01f6ddf7588f42ae2d7eb0a2f21d44e8e96674cf/library/core/src/panic/unwind_safe.rs:274:9
2026-09-06T04:52:17.2766180Z   24: std::panicking::catch_unwind::do_call
2026-09-06T04:52:17.2766340Z              at /rustc/01f6ddf7588f42ae2d7eb0a2f21d44e8e96674cf/library/std/src/panicking.rs:581:40
2026-09-06T04:52:17.2766400Z   25: std::panicking::catch_unwind
2026-09-06T04:52:17.2766520Z              at /rustc/01f6ddf7588f42ae2d7eb0a2f21d44e8e96674cf/library/std/src/panicking.rs:544:19
2026-09-06T04:52:17.2766570Z   26: std::panic::catch_unwind
2026-09-06T04:52:17.2766690Z              at /rustc/01f6ddf7588f42ae2d7eb0a2f21d44e8e96674cf/library/std/src/panic.rs:359:14
2026-09-06T04:52:17.2766760Z   27: std::thread::lifecycle::spawn_unchecked::{{closure}}
2026-09-06T04:52:17.2766900Z              at /rustc/01f6ddf7588f42ae2d7eb0a2f21d44e8e96674cf/library/std/src/thread/lifecycle.rs:90:26
2026-09-06T04:52:17.2766970Z   28: core::ops::function::FnOnce::call_once{{vtable.shim}}
2026-09-06T04:52:17.2767090Z              at /rustc/01f6ddf7588f42ae2d7eb0a2f21d44e8e96674cf/library/core/src/ops/function.rs:250:5
2026-09-06T04:52:17.2767180Z   29: <alloc::boxed::Box<F,A> as core::ops::function::FnOnce<Args>>::call_once
2026-09-06T04:52:17.2767290Z              at /rustc/01f6ddf7588f42ae2d7eb0a2f21d44e8e96674cf/library/alloc/src/boxed.rs:2206:9
2026-09-06T04:52:17.2767340Z   30: std::sys::thread::unix::Thread::new::thread_start
2026-09-06T04:52:17.2767470Z              at /rustc/01f6ddf7588f42ae2d7eb0a2f21d44e8e96674cf/library/std/src/sys/thread/unix.rs:118:17
2026-09-06T04:52:17.2767510Z   31: __pthread_exit
2026-09-06T04:52:17.2767540Z stack backtrace:
2026-09-06T04:52:17.2767580Z    0: __rustc::rust_begin_unwind
2026-09-06T04:52:17.2767700Z              at /rustc/01f6ddf7588f42ae2d7eb0a2f21d44e8e96674cf/library/std/src/panicking.rs:689:5
2026-09-06T04:52:17.2767740Z    1: core::panicking::panic_fmt
2026-09-06T04:52:17.2767850Z              at /rustc/01f6ddf7588f42ae2d7eb0a2f21d44e8e96674cf/library/core/src/panicking.rs:80:14
2026-09-06T04:52:17.2767900Z    2: core::result::unwrap_failed
2026-09-06T04:52:17.2768010Z              at /rustc/01f6ddf7588f42ae2d7eb0a2f21d44e8e96674cf/library/core/src/result.rs:1867:5
2026-09-06T04:52:17.2768050Z    3: core::result::Result<T,E>::unwrap
2026-09-06T04:52:17.2768160Z              at /rustc/01f6ddf7588f42ae2d7eb0a2f21d44e8e96674cf/library/core/src/result.rs:1233:23
2026-09-06T04:52:17.2768270Z    4: spark_runtime::metal_backend::tests::parity_norms::metal_rope_apply_matches_reference
2026-09-06T04:52:17.2768330Z              at ./src/metal_backend/tests/parity_norms.rs:68:61
2026-09-06T04:52:17.2768460Z    5: spark_runtime::metal_backend::tests::parity_norms::metal_rope_apply_matches_reference::{{closure}}
2026-09-06T04:52:17.2768520Z              at ./src/metal_backend/tests/parity_norms.rs:15:40
2026-09-06T04:52:17.2768570Z    6: core::ops::function::FnOnce::call_once
2026-09-06T04:52:17.2768720Z              at /rustc/01f6ddf7588f42ae2d7eb0a2f21d44e8e96674cf/library/core/src/ops/function.rs:250:5
2026-09-06T04:52:17.2768770Z    7: core::ops::function::FnOnce::call_once
2026-09-06T04:52:17.2768890Z              at /rustc/01f6ddf7588f42ae2d7eb0a2f21d44e8e96674cf/library/core/src/ops/function.rs:250:5
2026-09-06T04:52:17.2769000Z note: Some details are omitted, run with `RUST_BACKTRACE=full` for a verbose backtrace.
2026-09-06T04:52:17.2769000Z 
2026-09-06T04:52:17.2769100Z ---- metal_backend::tests::parity_norms::metal_rms_norm_matches_reference stdout ----
2026-09-06T04:52:17.2769100Z 
2026-09-06T04:52:17.2769330Z thread 'metal_backend::tests::parity_norms::metal_rms_norm_matches_reference' (906636) panicked at crates/spark-runtime/src/metal_backend/tests/parity_norms.rs:248:57:
2026-09-06T04:52:17.2769420Z called `Result::unwrap()` on an `Err` value: Metal: unknown module 'rms_norm'
2026-09-06T04:52:17.2769430Z 
2026-09-06T04:52:17.2769460Z Stack backtrace:
2026-09-06T04:52:17.2769520Z    0: std::backtrace_rs::backtrace::libunwind::trace
2026-09-06T04:52:17.2769700Z              at /rustc/01f6ddf7588f42ae2d7eb0a2f21d44e8e96674cf/library/std/src/../../backtrace/src/backtrace/libunwind.rs:117:9
2026-09-06T04:52:17.2769770Z    1: std::backtrace_rs::backtrace::trace_unsynchronized
2026-09-06T04:52:17.2769970Z              at /rustc/01f6ddf7588f42ae2d7eb0a2f21d44e8e96674cf/library/std/src/../../backtrace/src/backtrace/mod.rs:66:14
2026-09-06T04:52:17.2770020Z    2: std::backtrace::Backtrace::create
2026-09-06T04:52:17.2770150Z              at /rustc/01f6ddf7588f42ae2d7eb0a2f21d44e8e96674cf/library/std/src/backtrace.rs:331:13
2026-09-06T04:52:17.2770210Z    3: anyhow::error::<impl anyhow::Error>::msg
2026-09-06T04:52:17.2770370Z              at /Users/nologik/.cargo/registry/src/index.crates.io-1949cf8c6b5b557f/anyhow-1.0.104/src/backtrace.rs:10:14
2026-09-06T04:52:17.2770420Z    4: anyhow::__private::format_err
2026-09-06T04:52:17.2770570Z              at /Users/nologik/.cargo/registry/src/index.crates.io-1949cf8c6b5b557f/anyhow-1.0.104/src/lib.rs:690:13
2026-09-06T04:52:17.2770720Z    5: <spark_runtime::metal_backend::MetalGpuBackend as spark_runtime::gpu::GpuBackend>::kernel::{{closure}}
2026-09-06T04:52:17.2770770Z              at ./src/metal_backend.rs:515:28
2026-09-06T04:52:17.2770830Z    6: core::option::Option<T>::ok_or_else
2026-09-06T04:52:17.2770960Z              at /rustc/01f6ddf7588f42ae2d7eb0a2f21d44e8e96674cf/library/core/src/option.rs:1369:25
2026-09-06T04:52:17.2771090Z    7: <spark_runtime::metal_backend::MetalGpuBackend as spark_runtime::gpu::GpuBackend>::kernel
2026-09-06T04:52:17.2771140Z              at ./src/metal_backend.rs:515:14
2026-09-06T04:52:17.2771250Z    8: spark_runtime::metal_backend::tests::parity_norms::metal_rms_norm_matches_reference
2026-09-06T04:52:17.2771320Z              at ./src/metal_backend/tests/parity_norms.rs:248:26
2026-09-06T04:52:17.2771460Z    9: spark_runtime::metal_backend::tests::parity_norms::metal_rms_norm_matches_reference::{{closure}}
2026-09-06T04:52:17.2771530Z              at ./src/metal_backend/tests/parity_norms.rs:205:38
2026-09-06T04:52:17.2771580Z   10: core::ops::function::FnOnce::call_once
2026-09-06T04:52:17.2771710Z              at /rustc/01f6ddf7588f42ae2d7eb0a2f21d44e8e96674cf/library/core/src/ops/function.rs:250:5
2026-09-06T04:52:17.2771770Z   11: core::ops::function::FnOnce::call_once
2026-09-06T04:52:17.2771900Z              at /rustc/01f6ddf7588f42ae2d7eb0a2f21d44e8e96674cf/library/core/src/ops/function.rs:250:5
2026-09-06T04:52:17.2771950Z   12: test::__rust_begin_short_backtrace
2026-09-06T04:52:17.2772050Z              at /rustc/01f6ddf7588f42ae2d7eb0a2f21d44e8e96674cf/library/test/src/lib.rs:663:18
2026-09-06T04:52:17.2772100Z   13: test::run_test_in_process::{{closure}}
2026-09-06T04:52:17.2772200Z              at /rustc/01f6ddf7588f42ae2d7eb0a2f21d44e8e96674cf/library/test/src/lib.rs:686:74
2026-09-06T04:52:17.2772320Z   14: <core::panic::unwind_safe::AssertUnwindSafe<F> as core::ops::function::FnOnce<()>>::call_once
2026-09-06T04:52:17.2772490Z              at /rustc/01f6ddf7588f42ae2d7eb0a2f21d44e8e96674cf/library/core/src/panic/unwind_safe.rs:274:9
2026-09-06T04:52:17.2772530Z   15: std::panicking::catch_unwind::do_call
2026-09-06T04:52:17.2772650Z              at /rustc/01f6ddf7588f42ae2d7eb0a2f21d44e8e96674cf/library/std/src/panicking.rs:581:40
2026-09-06T04:52:17.2772690Z   16: std::panicking::catch_unwind
2026-09-06T04:52:17.2772810Z              at /rustc/01f6ddf7588f42ae2d7eb0a2f21d44e8e96674cf/library/std/src/panicking.rs:544:19
2026-09-06T04:52:17.2772850Z   17: std::panic::catch_unwind
2026-09-06T04:52:17.2772960Z              at /rustc/01f6ddf7588f42ae2d7eb0a2f21d44e8e96674cf/library/std/src/panic.rs:359:14
2026-09-06T04:52:17.2773000Z   18: test::run_test_in_process
2026-09-06T04:52:17.2773100Z              at /rustc/01f6ddf7588f42ae2d7eb0a2f21d44e8e96674cf/library/test/src/lib.rs:686:27
2026-09-06T04:52:17.2773140Z   19: test::run_test::{{closure}}
2026-09-06T04:52:17.2773250Z              at /rustc/01f6ddf7588f42ae2d7eb0a2f21d44e8e96674cf/library/test/src/lib.rs:607:43
2026-09-06T04:52:17.2773290Z   20: test::run_test::{{closure}}
2026-09-06T04:52:17.2773400Z              at /rustc/01f6ddf7588f42ae2d7eb0a2f21d44e8e96674cf/library/test/src/lib.rs:637:41
2026-09-06T04:52:17.2773460Z   21: std::sys::backtrace::__rust_begin_short_backtrace
2026-09-06T04:52:17.2773620Z              at /rustc/01f6ddf7588f42ae2d7eb0a2f21d44e8e96674cf/library/std/src/sys/backtrace.rs:160:18
2026-09-06T04:52:17.2773710Z   22: std::thread::lifecycle::spawn_unchecked::{{closure}}::{{closure}}
2026-09-06T04:52:17.2773840Z              at /rustc/01f6ddf7588f42ae2d7eb0a2f21d44e8e96674cf/library/std/src/thread/lifecycle.rs:92:13
2026-09-06T04:52:17.2773970Z   23: <core::panic::unwind_safe::AssertUnwindSafe<F> as core::ops::function::FnOnce<()>>::call_once
2026-09-06T04:52:17.2774120Z              at /rustc/01f6ddf7588f42ae2d7eb0a2f21d44e8e96674cf/library/core/src/panic/unwind_safe.rs:274:9
2026-09-06T04:52:17.2774170Z   24: std::panicking::catch_unwind::do_call
2026-09-06T04:52:17.2774300Z              at /rustc/01f6ddf7588f42ae2d7eb0a2f21d44e8e96674cf/library/std/src/panicking.rs:581:40
2026-09-06T04:52:17.2774350Z   25: std::panicking::catch_unwind
2026-09-06T04:52:17.2774470Z              at /rustc/01f6ddf7588f42ae2d7eb0a2f21d44e8e96674cf/library/std/src/panicking.rs:544:19
2026-09-06T04:52:17.2774520Z   26: std::panic::catch_unwind
2026-09-06T04:52:17.2774640Z              at /rustc/01f6ddf7588f42ae2d7eb0a2f21d44e8e96674cf/library/std/src/panic.rs:359:14
2026-09-06T04:52:17.2774710Z   27: std::thread::lifecycle::spawn_unchecked::{{closure}}
2026-09-06T04:52:17.2774850Z              at /rustc/01f6ddf7588f42ae2d7eb0a2f21d44e8e96674cf/library/std/src/thread/lifecycle.rs:90:26
2026-09-06T04:52:17.2774920Z   28: core::ops::function::FnOnce::call_once{{vtable.shim}}
2026-09-06T04:52:17.2775050Z              at /rustc/01f6ddf7588f42ae2d7eb0a2f21d44e8e96674cf/library/core/src/ops/function.rs:250:5
2026-09-06T04:52:17.2775150Z   29: <alloc::boxed::Box<F,A> as core::ops::function::FnOnce<Args>>::call_once
2026-09-06T04:52:17.2775270Z              at /rustc/01f6ddf7588f42ae2d7eb0a2f21d44e8e96674cf/library/alloc/src/boxed.rs:2206:9
2026-09-06T04:52:17.2775340Z   30: std::sys::thread::unix::Thread::new::thread_start
2026-09-06T04:52:17.2775470Z              at /rustc/01f6ddf7588f42ae2d7eb0a2f21d44e8e96674cf/library/std/src/sys/thread/unix.rs:118:17
2026-09-06T04:52:17.2775510Z   31: __pthread_exit
2026-09-06T04:52:17.2775560Z stack backtrace:
2026-09-06T04:52:17.2775600Z    0: __rustc::rust_begin_unwind
2026-09-06T04:52:17.2775730Z              at /rustc/01f6ddf7588f42ae2d7eb0a2f21d44e8e96674cf/library/std/src/panicking.rs:689:5
2026-09-06T04:52:17.2775780Z    1: core::panicking::panic_fmt
2026-09-06T04:52:17.2775900Z              at /rustc/01f6ddf7588f42ae2d7eb0a2f21d44e8e96674cf/library/core/src/panicking.rs:80:14
2026-09-06T04:52:17.2775950Z    2: core::result::unwrap_failed
2026-09-06T04:52:17.2776070Z              at /rustc/01f6ddf7588f42ae2d7eb0a2f21d44e8e96674cf/library/core/src/result.rs:1867:5
2026-09-06T04:52:17.2776160Z    3: core::result::Result<T,E>::unwrap
2026-09-06T04:52:17.2776290Z              at /rustc/01f6ddf7588f42ae2d7eb0a2f21d44e8e96674cf/library/core/src/result.rs:1233:23
2026-09-06T04:52:17.2776400Z    4: spark_runtime::metal_backend::tests::parity_norms::metal_rms_norm_matches_reference
2026-09-06T04:52:17.2776480Z              at ./src/metal_backend/tests/parity_norms.rs:248:57
2026-09-06T04:52:17.2776610Z    5: spark_runtime::metal_backend::tests::parity_norms::metal_rms_norm_matches_reference::{{closure}}
2026-09-06T04:52:17.2776680Z              at ./src/metal_backend/tests/parity_norms.rs:205:38
2026-09-06T04:52:17.2776730Z    6: core::ops::function::FnOnce::call_once
2026-09-06T04:52:17.2776860Z              at /rustc/01f6ddf7588f42ae2d7eb0a2f21d44e8e96674cf/library/core/src/ops/function.rs:250:5
2026-09-06T04:52:17.2776920Z    7: core::ops::function::FnOnce::call_once
2026-09-06T04:52:17.2777040Z              at /rustc/01f6ddf7588f42ae2d7eb0a2f21d44e8e96674cf/library/core/src/ops/function.rs:250:5
2026-09-06T04:52:17.2777140Z note: Some details are omitted, run with `RUST_BACKTRACE=full` for a verbose backtrace.
2026-09-06T04:52:17.2777150Z 
2026-09-06T04:52:17.2777260Z ---- metal_backend::tests::parity_attention::metal_attention_decode_matches_reference stdout ----
2026-09-06T04:52:17.2777270Z 
2026-09-06T04:52:17.2777560Z thread 'metal_backend::tests::parity_attention::metal_attention_decode_matches_reference' (906613) panicked at crates/spark-runtime/src/metal_backend/tests/parity_attention.rs:383:10:
2026-09-06T04:52:17.2777660Z called `Result::unwrap()` on an `Err` value: Metal: unknown module 'attention_decode'
2026-09-06T04:52:17.2777660Z 
2026-09-06T04:52:17.2777690Z Stack backtrace:
2026-09-06T04:52:17.2777750Z    0: std::backtrace_rs::backtrace::libunwind::trace
2026-09-06T04:52:17.2777910Z              at /rustc/01f6ddf7588f42ae2d7eb0a2f21d44e8e96674cf/library/std/src/../../backtrace/src/backtrace/libunwind.rs:117:9
2026-09-06T04:52:17.2777970Z    1: std::backtrace_rs::backtrace::trace_unsynchronized
2026-09-06T04:52:17.2778120Z              at /rustc/01f6ddf7588f42ae2d7eb0a2f21d44e8e96674cf/library/std/src/../../backtrace/src/backtrace/mod.rs:66:14
2026-09-06T04:52:17.2778160Z    2: std::backtrace::Backtrace::create
2026-09-06T04:52:17.2778280Z              at /rustc/01f6ddf7588f42ae2d7eb0a2f21d44e8e96674cf/library/std/src/backtrace.rs:331:13
2026-09-06T04:52:17.2778320Z    3: anyhow::error::<impl anyhow::Error>::msg
2026-09-06T04:52:17.2778470Z              at /Users/nologik/.cargo/registry/src/index.crates.io-1949cf8c6b5b557f/anyhow-1.0.104/src/backtrace.rs:10:14
2026-09-06T04:52:17.2778510Z    4: anyhow::__private::format_err
2026-09-06T04:52:17.2778650Z              at /Users/nologik/.cargo/registry/src/index.crates.io-1949cf8c6b5b557f/anyhow-1.0.104/src/lib.rs:690:13
2026-09-06T04:52:17.2778790Z    5: <spark_runtime::metal_backend::MetalGpuBackend as spark_runtime::gpu::GpuBackend>::kernel::{{closure}}
2026-09-06T04:52:17.2778840Z              at ./src/metal_backend.rs:515:28
2026-09-06T04:52:17.2778890Z    6: core::option::Option<T>::ok_or_else
2026-09-06T04:52:17.2779020Z              at /rustc/01f6ddf7588f42ae2d7eb0a2f21d44e8e96674cf/library/core/src/option.rs:1369:25
2026-09-06T04:52:17.2779140Z    7: <spark_runtime::metal_backend::MetalGpuBackend as spark_runtime::gpu::GpuBackend>::kernel
2026-09-06T04:52:17.2779190Z              at ./src/metal_backend.rs:515:14
2026-09-06T04:52:17.2779330Z    8: spark_runtime::metal_backend::tests::parity_attention::metal_attention_decode_matches_reference
2026-09-06T04:52:17.2779400Z              at ./src/metal_backend/tests/parity_attention.rs:382:10
2026-09-06T04:52:17.2779560Z    9: spark_runtime::metal_backend::tests::parity_attention::metal_attention_decode_matches_reference::{{closure}}
2026-09-06T04:52:17.2779630Z              at ./src/metal_backend/tests/parity_attention.rs:311:46
2026-09-06T04:52:17.2779680Z   10: core::ops::function::FnOnce::call_once
2026-09-06T04:52:17.2779870Z              at /rustc/01f6ddf7588f42ae2d7eb0a2f21d44e8e96674cf/library/core/src/ops/function.rs:250:5
2026-09-06T04:52:17.2779920Z   11: core::ops::function::FnOnce::call_once
2026-09-06T04:52:17.2780050Z              at /rustc/01f6ddf7588f42ae2d7eb0a2f21d44e8e96674cf/library/core/src/ops/function.rs:250:5
2026-09-06T04:52:17.2780100Z   12: test::__rust_begin_short_backtrace
2026-09-06T04:52:17.2780220Z              at /rustc/01f6ddf7588f42ae2d7eb0a2f21d44e8e96674cf/library/test/src/lib.rs:663:18
2026-09-06T04:52:17.2780270Z   13: test::run_test_in_process::{{closure}}
2026-09-06T04:52:17.2780380Z              at /rustc/01f6ddf7588f42ae2d7eb0a2f21d44e8e96674cf/library/test/src/lib.rs:686:74
2026-09-06T04:52:17.2780510Z   14: <core::panic::unwind_safe::AssertUnwindSafe<F> as core::ops::function::FnOnce<()>>::call_once
2026-09-06T04:52:17.2780650Z              at /rustc/01f6ddf7588f42ae2d7eb0a2f21d44e8e96674cf/library/core/src/panic/unwind_safe.rs:274:9
2026-09-06T04:52:17.2780710Z   15: std::panicking::catch_unwind::do_call
2026-09-06T04:52:17.2780830Z              at /rustc/01f6ddf7588f42ae2d7eb0a2f21d44e8e96674cf/library/std/src/panicking.rs:581:40
2026-09-06T04:52:17.2780880Z   16: std::panicking::catch_unwind
2026-09-06T04:52:17.2781000Z              at /rustc/01f6ddf7588f42ae2d7eb0a2f21d44e8e96674cf/library/std/src/panicking.rs:544:19
2026-09-06T04:52:17.2781080Z   17: std::panic::catch_unwind
2026-09-06T04:52:17.2781210Z              at /rustc/01f6ddf7588f42ae2d7eb0a2f21d44e8e96674cf/library/std/src/panic.rs:359:14
2026-09-06T04:52:17.2781250Z   18: test::run_test_in_process
2026-09-06T04:52:17.2781360Z              at /rustc/01f6ddf7588f42ae2d7eb0a2f21d44e8e96674cf/library/test/src/lib.rs:686:27
2026-09-06T04:52:17.2781410Z   19: test::run_test::{{closure}}
2026-09-06T04:52:17.2781520Z              at /rustc/01f6ddf7588f42ae2d7eb0a2f21d44e8e96674cf/library/test/src/lib.rs:607:43
2026-09-06T04:52:17.2781560Z   20: test::run_test::{{closure}}
2026-09-06T04:52:17.2781680Z              at /rustc/01f6ddf7588f42ae2d7eb0a2f21d44e8e96674cf/library/test/src/lib.rs:637:41
2026-09-06T04:52:17.2781750Z   21: std::sys::backtrace::__rust_begin_short_backtrace
2026-09-06T04:52:17.2781880Z              at /rustc/01f6ddf7588f42ae2d7eb0a2f21d44e8e96674cf/library/std/src/sys/backtrace.rs:160:18
2026-09-06T04:52:17.2781960Z   22: std::thread::lifecycle::spawn_unchecked::{{closure}}::{{closure}}
2026-09-06T04:52:17.2782090Z              at /rustc/01f6ddf7588f42ae2d7eb0a2f21d44e8e96674cf/library/std/src/thread/lifecycle.rs:92:13
2026-09-06T04:52:17.2782200Z   23: <core::panic::unwind_safe::AssertUnwindSafe<F> as core::ops::function::FnOnce<()>>::call_once
2026-09-06T04:52:17.2782330Z              at /rustc/01f6ddf7588f42ae2d7eb0a2f21d44e8e96674cf/library/core/src/panic/unwind_safe.rs:274:9
2026-09-06T04:52:17.2782370Z   24: std::panicking::catch_unwind::do_call
2026-09-06T04:52:17.2782490Z              at /rustc/01f6ddf7588f42ae2d7eb0a2f21d44e8e96674cf/library/std/src/panicking.rs:581:40
2026-09-06T04:52:17.2782530Z   25: std::panicking::catch_unwind
2026-09-06T04:52:17.2782640Z              at /rustc/01f6ddf7588f42ae2d7eb0a2f21d44e8e96674cf/library/std/src/panicking.rs:544:19
2026-09-06T04:52:17.2782680Z   26: std::panic::catch_unwind
2026-09-06T04:52:17.2782790Z              at /rustc/01f6ddf7588f42ae2d7eb0a2f21d44e8e96674cf/library/std/src/panic.rs:359:14
2026-09-06T04:52:17.2782850Z   27: std::thread::lifecycle::spawn_unchecked::{{closure}}
2026-09-06T04:52:17.2782970Z              at /rustc/01f6ddf7588f42ae2d7eb0a2f21d44e8e96674cf/library/std/src/thread/lifecycle.rs:90:26
2026-09-06T04:52:17.2783030Z   28: core::ops::function::FnOnce::call_once{{vtable.shim}}
2026-09-06T04:52:17.2783150Z              at /rustc/01f6ddf7588f42ae2d7eb0a2f21d44e8e96674cf/library/core/src/ops/function.rs:250:5
2026-09-06T04:52:17.2783230Z   29: <alloc::boxed::Box<F,A> as core::ops::function::FnOnce<Args>>::call_once
2026-09-06T04:52:17.2783340Z              at /rustc/01f6ddf7588f42ae2d7eb0a2f21d44e8e96674cf/library/alloc/src/boxed.rs:2206:9
2026-09-06T04:52:17.2783440Z   30: std::sys::thread::unix::Thread::new::thread_start
2026-09-06T04:52:17.2783560Z              at /rustc/01f6ddf7588f42ae2d7eb0a2f21d44e8e96674cf/library/std/src/sys/thread/unix.rs:118:17
2026-09-06T04:52:17.2783600Z   31: __pthread_exit
2026-09-06T04:52:17.2783630Z stack backtrace:
2026-09-06T04:52:17.2783670Z    0: __rustc::rust_begin_unwind
2026-09-06T04:52:17.2783790Z              at /rustc/01f6ddf7588f42ae2d7eb0a2f21d44e8e96674cf/library/std/src/panicking.rs:689:5
2026-09-06T04:52:17.2783840Z    1: core::panicking::panic_fmt
2026-09-06T04:52:17.2783960Z              at /rustc/01f6ddf7588f42ae2d7eb0a2f21d44e8e96674cf/library/core/src/panicking.rs:80:14
2026-09-06T04:52:17.2784010Z    2: core::result::unwrap_failed
2026-09-06T04:52:17.2784130Z              at /rustc/01f6ddf7588f42ae2d7eb0a2f21d44e8e96674cf/library/core/src/result.rs:1867:5
2026-09-06T04:52:17.2784180Z    3: core::result::Result<T,E>::unwrap
2026-09-06T04:52:17.2784300Z              at /rustc/01f6ddf7588f42ae2d7eb0a2f21d44e8e96674cf/library/core/src/result.rs:1233:23
2026-09-06T04:52:17.2784440Z    4: spark_runtime::metal_backend::tests::parity_attention::metal_attention_decode_matches_reference
2026-09-06T04:52:17.2784510Z              at ./src/metal_backend/tests/parity_attention.rs:383:10
2026-09-06T04:52:17.2784700Z    5: spark_runtime::metal_backend::tests::parity_attention::metal_attention_decode_matches_reference::{{closure}}
2026-09-06T04:52:17.2784780Z              at ./src/metal_backend/tests/parity_attention.rs:311:46
2026-09-06T04:52:17.2784830Z    6: core::ops::function::FnOnce::call_once
2026-09-06T04:52:17.2784960Z              at /rustc/01f6ddf7588f42ae2d7eb0a2f21d44e8e96674cf/library/core/src/ops/function.rs:250:5
2026-09-06T04:52:17.2785020Z    7: core::ops::function::FnOnce::call_once
2026-09-06T04:52:17.2785140Z              at /rustc/01f6ddf7588f42ae2d7eb0a2f21d44e8e96674cf/library/core/src/ops/function.rs:250:5
2026-09-06T04:52:17.2788060Z note: Some details are omitted, run with `RUST_BACKTRACE=full` for a verbose backtrace.
2026-09-06T04:52:17.2788070Z 
2026-09-06T04:52:17.2788210Z ---- metal_backend::tests::parity_norms::metal_silu_gate_matches_reference stdout ----
2026-09-06T04:52:17.2788210Z 
2026-09-06T04:52:17.2788440Z thread 'metal_backend::tests::parity_norms::metal_silu_gate_matches_reference' (906638) panicked at crates/spark-runtime/src/metal_backend/tests/parity_norms.rs:157:59:
2026-09-06T04:52:17.2788530Z called `Result::unwrap()` on an `Err` value: Metal: unknown module 'silu_gate'
2026-09-06T04:52:17.2788530Z 
2026-09-06T04:52:17.2788570Z Stack backtrace:
2026-09-06T04:52:17.2788630Z    0: std::backtrace_rs::backtrace::libunwind::trace
2026-09-06T04:52:17.2788790Z              at /rustc/01f6ddf7588f42ae2d7eb0a2f21d44e8e96674cf/library/std/src/../../backtrace/src/backtrace/libunwind.rs:117:9
2026-09-06T04:52:17.2788850Z    1: std::backtrace_rs::backtrace::trace_unsynchronized
2026-09-06T04:52:17.2788990Z              at /rustc/01f6ddf7588f42ae2d7eb0a2f21d44e8e96674cf/library/std/src/../../backtrace/src/backtrace/mod.rs:66:14
2026-09-06T04:52:17.2789040Z    2: std::backtrace::Backtrace::create
2026-09-06T04:52:17.2789150Z              at /rustc/01f6ddf7588f42ae2d7eb0a2f21d44e8e96674cf/library/std/src/backtrace.rs:331:13
2026-09-06T04:52:17.2789200Z    3: anyhow::error::<impl anyhow::Error>::msg
2026-09-06T04:52:17.2789350Z              at /Users/nologik/.cargo/registry/src/index.crates.io-1949cf8c6b5b557f/anyhow-1.0.104/src/backtrace.rs:10:14
2026-09-06T04:52:17.2789390Z    4: anyhow::__private::format_err
2026-09-06T04:52:17.2789520Z              at /Users/nologik/.cargo/registry/src/index.crates.io-1949cf8c6b5b557f/anyhow-1.0.104/src/lib.rs:690:13
2026-09-06T04:52:17.2789660Z    5: <spark_runtime::metal_backend::MetalGpuBackend as spark_runtime::gpu::GpuBackend>::kernel::{{closure}}
2026-09-06T04:52:17.2789700Z              at ./src/metal_backend.rs:515:28
2026-09-06T04:52:17.2789750Z    6: core::option::Option<T>::ok_or_else
2026-09-06T04:52:17.2789860Z              at /rustc/01f6ddf7588f42ae2d7eb0a2f21d44e8e96674cf/library/core/src/option.rs:1369:25
2026-09-06T04:52:17.2790040Z    7: <spark_runtime::metal_backend::MetalGpuBackend as spark_runtime::gpu::GpuBackend>::kernel
2026-09-06T04:52:17.2790080Z              at ./src/metal_backend.rs:515:14
2026-09-06T04:52:17.2790190Z    8: spark_runtime::metal_backend::tests::parity_norms::metal_silu_gate_matches_reference
2026-09-06T04:52:17.2790260Z              at ./src/metal_backend/tests/parity_norms.rs:157:26
2026-09-06T04:52:17.2790400Z    9: spark_runtime::metal_backend::tests::parity_norms::metal_silu_gate_matches_reference::{{closure}}
2026-09-06T04:52:17.2790460Z              at ./src/metal_backend/tests/parity_norms.rs:125:39
2026-09-06T04:52:17.2790520Z   10: core::ops::function::FnOnce::call_once
2026-09-06T04:52:17.2790650Z              at /rustc/01f6ddf7588f42ae2d7eb0a2f21d44e8e96674cf/library/core/src/ops/function.rs:250:5
2026-09-06T04:52:17.2790700Z   11: core::ops::function::FnOnce::call_once
2026-09-06T04:52:17.2790830Z              at /rustc/01f6ddf7588f42ae2d7eb0a2f21d44e8e96674cf/library/core/src/ops/function.rs:250:5
2026-09-06T04:52:17.2790880Z   12: test::__rust_begin_short_backtrace
2026-09-06T04:52:17.2790990Z              at /rustc/01f6ddf7588f42ae2d7eb0a2f21d44e8e96674cf/library/test/src/lib.rs:663:18
2026-09-06T04:52:17.2791040Z   13: test::run_test_in_process::{{closure}}
2026-09-06T04:52:17.2791230Z              at /rustc/01f6ddf7588f42ae2d7eb0a2f21d44e8e96674cf/library/test/src/lib.rs:686:74
2026-09-06T04:52:17.2791360Z   14: <core::panic::unwind_safe::AssertUnwindSafe<F> as core::ops::function::FnOnce<()>>::call_once
2026-09-06T04:52:17.2791510Z              at /rustc/01f6ddf7588f42ae2d7eb0a2f21d44e8e96674cf/library/core/src/panic/unwind_safe.rs:274:9
2026-09-06T04:52:17.2791560Z   15: std::panicking::catch_unwind::do_call
2026-09-06T04:52:17.2791680Z              at /rustc/01f6ddf7588f42ae2d7eb0a2f21d44e8e96674cf/library/std/src/panicking.rs:581:40
2026-09-06T04:52:17.2791730Z   16: std::panicking::catch_unwind
2026-09-06T04:52:17.2791850Z              at /rustc/01f6ddf7588f42ae2d7eb0a2f21d44e8e96674cf/library/std/src/panicking.rs:544:19
2026-09-06T04:52:17.2791900Z   17: std::panic::catch_unwind
2026-09-06T04:52:17.2792010Z              at /rustc/01f6ddf7588f42ae2d7eb0a2f21d44e8e96674cf/library/std/src/panic.rs:359:14
2026-09-06T04:52:17.2792050Z   18: test::run_test_in_process
2026-09-06T04:52:17.2792150Z              at /rustc/01f6ddf7588f42ae2d7eb0a2f21d44e8e96674cf/library/test/src/lib.rs:686:27
2026-09-06T04:52:17.2792190Z   19: test::run_test::{{closure}}
2026-09-06T04:52:17.2792290Z              at /rustc/01f6ddf7588f42ae2d7eb0a2f21d44e8e96674cf/library/test/src/lib.rs:607:43
2026-09-06T04:52:17.2792330Z   20: test::run_test::{{closure}}
2026-09-06T04:52:17.2792430Z              at /rustc/01f6ddf7588f42ae2d7eb0a2f21d44e8e96674cf/library/test/src/lib.rs:637:41
2026-09-06T04:52:17.2792490Z   21: std::sys::backtrace::__rust_begin_short_backtrace
2026-09-06T04:52:17.2792600Z              at /rustc/01f6ddf7588f42ae2d7eb0a2f21d44e8e96674cf/library/std/src/sys/backtrace.rs:160:18
2026-09-06T04:52:17.2792680Z   22: std::thread::lifecycle::spawn_unchecked::{{closure}}::{{closure}}
2026-09-06T04:52:17.2792810Z              at /rustc/01f6ddf7588f42ae2d7eb0a2f21d44e8e96674cf/library/std/src/thread/lifecycle.rs:92:13
2026-09-06T04:52:17.2792920Z   23: <core::panic::unwind_safe::AssertUnwindSafe<F> as core::ops::function::FnOnce<()>>::call_once
2026-09-06T04:52:17.2793050Z              at /rustc/01f6ddf7588f42ae2d7eb0a2f21d44e8e96674cf/library/core/src/panic/unwind_safe.rs:274:9
2026-09-06T04:52:17.2793090Z   24: std::panicking::catch_unwind::do_call
2026-09-06T04:52:17.2793200Z              at /rustc/01f6ddf7588f42ae2d7eb0a2f21d44e8e96674cf/library/std/src/panicking.rs:581:40
2026-09-06T04:52:17.2793240Z   25: std::panicking::catch_unwind
2026-09-06T04:52:17.2793360Z              at /rustc/01f6ddf7588f42ae2d7eb0a2f21d44e8e96674cf/library/std/src/panicking.rs:544:19
2026-09-06T04:52:17.2793400Z   26: std::panic::catch_unwind
2026-09-06T04:52:17.2793530Z              at /rustc/01f6ddf7588f42ae2d7eb0a2f21d44e8e96674cf/library/std/src/panic.rs:359:14
2026-09-06T04:52:17.2793600Z   27: std::thread::lifecycle::spawn_unchecked::{{closure}}
2026-09-06T04:52:17.2793720Z              at /rustc/01f6ddf7588f42ae2d7eb0a2f21d44e8e96674cf/library/std/src/thread/lifecycle.rs:90:26
2026-09-06T04:52:17.2793790Z   28: core::ops::function::FnOnce::call_once{{vtable.shim}}
2026-09-06T04:52:17.2793920Z              at /rustc/01f6ddf7588f42ae2d7eb0a2f21d44e8e96674cf/library/core/src/ops/function.rs:250:5
2026-09-06T04:52:17.2794020Z   29: <alloc::boxed::Box<F,A> as core::ops::function::FnOnce<Args>>::call_once
2026-09-06T04:52:17.2794140Z              at /rustc/01f6ddf7588f42ae2d7eb0a2f21d44e8e96674cf/library/alloc/src/boxed.rs:2206:9
2026-09-06T04:52:17.2794200Z   30: std::sys::thread::unix::Thread::new::thread_start
2026-09-06T04:52:17.2794330Z              at /rustc/01f6ddf7588f42ae2d7eb0a2f21d44e8e96674cf/library/std/src/sys/thread/unix.rs:118:17
2026-09-06T04:52:17.2794370Z   31: __pthread_exit
2026-09-06T04:52:17.2794410Z stack backtrace:
2026-09-06T04:52:17.2794460Z    0: __rustc::rust_begin_unwind
2026-09-06T04:52:17.2794580Z              at /rustc/01f6ddf7588f42ae2d7eb0a2f21d44e8e96674cf/library/std/src/panicking.rs:689:5
2026-09-06T04:52:17.2794630Z    1: core::panicking::panic_fmt
2026-09-06T04:52:17.2794790Z              at /rustc/01f6ddf7588f42ae2d7eb0a2f21d44e8e96674cf/library/core/src/panicking.rs:80:14
2026-09-06T04:52:17.2794840Z    2: core::result::unwrap_failed
2026-09-06T04:52:17.2794960Z              at /rustc/01f6ddf7588f42ae2d7eb0a2f21d44e8e96674cf/library/core/src/result.rs:1867:5
2026-09-06T04:52:17.2795010Z    3: core::result::Result<T,E>::unwrap
2026-09-06T04:52:17.2795130Z              at /rustc/01f6ddf7588f42ae2d7eb0a2f21d44e8e96674cf/library/core/src/result.rs:1233:23
2026-09-06T04:52:17.2795240Z    4: spark_runtime::metal_backend::tests::parity_norms::metal_silu_gate_matches_reference
2026-09-06T04:52:17.2795310Z              at ./src/metal_backend/tests/parity_norms.rs:157:59
2026-09-06T04:52:17.2795440Z    5: spark_runtime::metal_backend::tests::parity_norms::metal_silu_gate_matches_reference::{{closure}}
2026-09-06T04:52:17.2795510Z              at ./src/metal_backend/tests/parity_norms.rs:125:39
2026-09-06T04:52:17.2795560Z    6: core::ops::function::FnOnce::call_once
2026-09-06T04:52:17.2795690Z              at /rustc/01f6ddf7588f42ae2d7eb0a2f21d44e8e96674cf/library/core/src/ops/function.rs:250:5
2026-09-06T04:52:17.2795750Z    7: core::ops::function::FnOnce::call_once
2026-09-06T04:52:17.2795870Z              at /rustc/01f6ddf7588f42ae2d7eb0a2f21d44e8e96674cf/library/core/src/ops/function.rs:250:5
2026-09-06T04:52:17.2795990Z note: Some details are omitted, run with `RUST_BACKTRACE=full` for a verbose backtrace.
2026-09-06T04:52:17.2795990Z 
2026-09-06T04:52:17.2796110Z ---- metal_backend::tests::parity_quant::metal_mlx_int8_dequant_matches_reference stdout ----
2026-09-06T04:52:17.2796110Z 
2026-09-06T04:52:17.2796380Z thread 'metal_backend::tests::parity_quant::metal_mlx_int8_dequant_matches_reference' (906639) panicked at crates/spark-runtime/src/metal_backend/tests/parity_quant.rs:99:10:
2026-09-06T04:52:17.2796450Z kernel lookup: Metal: unknown module 'mlx_int8_dequant'
2026-09-06T04:52:17.2796450Z 
2026-09-06T04:52:17.2796490Z Stack backtrace:
2026-09-06T04:52:17.2796550Z    0: std::backtrace_rs::backtrace::libunwind::trace
2026-09-06T04:52:17.2796730Z              at /rustc/01f6ddf7588f42ae2d7eb0a2f21d44e8e96674cf/library/std/src/../../backtrace/src/backtrace/libunwind.rs:117:9
2026-09-06T04:52:17.2796790Z    1: std::backtrace_rs::backtrace::trace_unsynchronized
2026-09-06T04:52:17.2796950Z              at /rustc/01f6ddf7588f42ae2d7eb0a2f21d44e8e96674cf/library/std/src/../../backtrace/src/backtrace/mod.rs:66:14
2026-09-06T04:52:17.2797000Z    2: std::backtrace::Backtrace::create
2026-09-06T04:52:17.2797110Z              at /rustc/01f6ddf7588f42ae2d7eb0a2f21d44e8e96674cf/library/std/src/backtrace.rs:331:13
2026-09-06T04:52:17.2797210Z    3: anyhow::error::<impl anyhow::Error>::msg
2026-09-06T04:52:17.2797350Z              at /Users/nologik/.cargo/registry/src/index.crates.io-1949cf8c6b5b557f/anyhow-1.0.104/src/backtrace.rs:10:14
2026-09-06T04:52:17.2797400Z    4: anyhow::__private::format_err
2026-09-06T04:52:17.2797530Z              at /Users/nologik/.cargo/registry/src/index.crates.io-1949cf8c6b5b557f/anyhow-1.0.104/src/lib.rs:690:13
2026-09-06T04:52:17.2797670Z    5: <spark_runtime::metal_backend::MetalGpuBackend as spark_runtime::gpu::GpuBackend>::kernel::{{closure}}
2026-09-06T04:52:17.2797710Z              at ./src/metal_backend.rs:515:28
2026-09-06T04:52:17.2797760Z    6: core::option::Option<T>::ok_or_else
2026-09-06T04:52:17.2797870Z              at /rustc/01f6ddf7588f42ae2d7eb0a2f21d44e8e96674cf/library/core/src/option.rs:1369:25
2026-09-06T04:52:17.2797980Z    7: <spark_runtime::metal_backend::MetalGpuBackend as spark_runtime::gpu::GpuBackend>::kernel
2026-09-06T04:52:17.2798020Z              at ./src/metal_backend.rs:515:14
2026-09-06T04:52:17.2798140Z    8: spark_runtime::metal_backend::tests::parity_quant::metal_mlx_int8_dequant_matches_reference
2026-09-06T04:52:17.2798450Z [1m[91merror[0m: test failed, to rerun pass `-p spark-runtime --lib`
2026-09-06T04:52:17.2798520Z              at ./src/metal_backend/tests/parity_quant.rs:98:10
2026-09-06T04:52:17.2798690Z    9: spark_runtime::metal_backend::tests::parity_quant::metal_mlx_int8_dequant_matches_reference::{{closure}}
2026-09-06T04:52:17.2798750Z              at ./src/metal_backend/tests/parity_quant.rs:18:46
2026-09-06T04:52:17.2798800Z   10: core::ops::function::FnOnce::call_once
2026-09-06T04:52:17.2798910Z              at /rustc/01f6ddf7588f42ae2d7eb0a2f21d44e8e96674cf/library/core/src/ops/function.rs:250:5
2026-09-06T04:52:17.2798960Z   11: core::ops::function::FnOnce::call_once
2026-09-06T04:52:17.2799070Z              at /rustc/01f6ddf7588f42ae2d7eb0a2f21d44e8e96674cf/library/core/src/ops/function.rs:250:5
2026-09-06T04:52:17.2799120Z   12: test::__rust_begin_short_backtrace
2026-09-06T04:52:17.2799230Z              at /rustc/01f6ddf7588f42ae2d7eb0a2f21d44e8e96674cf/library/test/src/lib.rs:663:18
2026-09-06T04:52:17.2799280Z   13: test::run_test_in_process::{{closure}}
2026-09-06T04:52:17.2799400Z              at /rustc/01f6ddf7588f42ae2d7eb0a2f21d44e8e96674cf/library/test/src/lib.rs:686:74
2026-09-06T04:52:17.2799530Z   14: <core::panic::unwind_safe::AssertUnwindSafe<F> as core::ops::function::FnOnce<()>>::call_once
2026-09-06T04:52:17.2799670Z              at /rustc/01f6ddf7588f42ae2d7eb0a2f21d44e8e96674cf/library/core/src/panic/unwind_safe.rs:274:9
2026-09-06T04:52:17.2799720Z   15: std::panicking::catch_unwind::do_call
2026-09-06T04:52:17.2799850Z              at /rustc/01f6ddf7588f42ae2d7eb0a2f21d44e8e96674cf/library/std/src/panicking.rs:581:40
2026-09-06T04:52:17.2799890Z   16: std::panicking::catch_unwind
2026-09-06T04:52:17.2800020Z              at /rustc/01f6ddf7588f42ae2d7eb0a2f21d44e8e96674cf/library/std/src/panicking.rs:544:19
2026-09-06T04:52:17.2800060Z   17: std::panic::catch_unwind
2026-09-06T04:52:17.2800180Z              at /rustc/01f6ddf7588f42ae2d7eb0a2f21d44e8e96674cf/library/std/src/panic.rs:359:14
2026-09-06T04:52:17.2800230Z   18: test::run_test_in_process
2026-09-06T04:52:17.2800340Z              at /rustc/01f6ddf7588f42ae2d7eb0a2f21d44e8e96674cf/library/test/src/lib.rs:686:27
2026-09-06T04:52:17.2800390Z   19: test::run_test::{{closure}}
2026-09-06T04:52:17.2800500Z              at /rustc/01f6ddf7588f42ae2d7eb0a2f21d44e8e96674cf/library/test/src/lib.rs:607:43
2026-09-06T04:52:17.2800540Z   20: test::run_test::{{closure}}
2026-09-06T04:52:17.2800660Z              at /rustc/01f6ddf7588f42ae2d7eb0a2f21d44e8e96674cf/library/test/src/lib.rs:637:41
2026-09-06T04:52:17.2800720Z   21: std::sys::backtrace::__rust_begin_short_backtrace
2026-09-06T04:52:17.2800850Z              at /rustc/01f6ddf7588f42ae2d7eb0a2f21d44e8e96674cf/library/std/src/sys/backtrace.rs:160:18
2026-09-06T04:52:17.2800940Z   22: std::thread::lifecycle::spawn_unchecked::{{closure}}::{{closure}}
2026-09-06T04:52:17.2801150Z              at /rustc/01f6ddf7588f42ae2d7eb0a2f21d44e8e96674cf/library/std/src/thread/lifecycle.rs:92:13
2026-09-06T04:52:17.2801270Z   23: <core::panic::unwind_safe::AssertUnwindSafe<F> as core::ops::function::FnOnce<()>>::call_once
2026-09-06T04:52:17.2801410Z              at /rustc/01f6ddf7588f42ae2d7eb0a2f21d44e8e96674cf/library/core/src/panic/unwind_safe.rs:274:9
2026-09-06T04:52:17.2801470Z   24: std::panicking::catch_unwind::do_call
2026-09-06T04:52:17.2801590Z              at /rustc/01f6ddf7588f42ae2d7eb0a2f21d44e8e96674cf/library/std/src/panicking.rs:581:40
2026-09-06T04:52:17.2801640Z   25: std::panicking::catch_unwind
2026-09-06T04:52:17.2801760Z              at /rustc/01f6ddf7588f42ae2d7eb0a2f21d44e8e96674cf/library/std/src/panicking.rs:544:19
2026-09-06T04:52:17.2801800Z   26: std::panic::catch_unwind
2026-09-06T04:52:17.2801920Z              at /rustc/01f6ddf7588f42ae2d7eb0a2f21d44e8e96674cf/library/std/src/panic.rs:359:14
2026-09-06T04:52:17.2801990Z   27: std::thread::lifecycle::spawn_unchecked::{{closure}}
2026-09-06T04:52:17.2802110Z              at /rustc/01f6ddf7588f42ae2d7eb0a2f21d44e8e96674cf/library/std/src/thread/lifecycle.rs:90:26
2026-09-06T04:52:17.2802170Z   28: core::ops::function::FnOnce::call_once{{vtable.shim}}
2026-09-06T04:52:17.2802320Z              at /rustc/01f6ddf7588f42ae2d7eb0a2f21d44e8e96674cf/library/core/src/ops/function.rs:250:5
2026-09-06T04:52:17.2802410Z   29: <alloc::boxed::Box<F,A> as core::ops::function::FnOnce<Args>>::call_once
2026-09-06T04:52:17.2802510Z              at /rustc/01f6ddf7588f42ae2d7eb0a2f21d44e8e96674cf/library/alloc/src/boxed.rs:2206:9
2026-09-06T04:52:17.2802570Z   30: std::sys::thread::unix::Thread::new::thread_start
2026-09-06T04:52:17.2802690Z              at /rustc/01f6ddf7588f42ae2d7eb0a2f21d44e8e96674cf/library/std/src/sys/thread/unix.rs:118:17
2026-09-06T04:52:17.2802730Z   31: __pthread_exit
2026-09-06T04:52:17.2802760Z stack backtrace:
2026-09-06T04:52:17.2802800Z    0: __rustc::rust_begin_unwind
2026-09-06T04:52:17.2802910Z              at /rustc/01f6ddf7588f42ae2d7eb0a2f21d44e8e96674cf/library/std/src/panicking.rs:689:5
2026-09-06T04:52:17.2802950Z    1: core::panicking::panic_fmt
2026-09-06T04:52:17.2803070Z              at /rustc/01f6ddf7588f42ae2d7eb0a2f21d44e8e96674cf/library/core/src/panicking.rs:80:14
2026-09-06T04:52:17.2803110Z    2: core::result::unwrap_failed
2026-09-06T04:52:17.2803210Z              at /rustc/01f6ddf7588f42ae2d7eb0a2f21d44e8e96674cf/library/core/src/result.rs:1867:5
2026-09-06T04:52:17.2803260Z    3: core::result::Result<T,E>::expect
2026-09-06T04:52:17.2803360Z              at /rustc/01f6ddf7588f42ae2d7eb0a2f21d44e8e96674cf/library/core/src/result.rs:1185:23
2026-09-06T04:52:17.2803480Z    4: spark_runtime::metal_backend::tests::parity_quant::metal_mlx_int8_dequant_matches_reference
2026-09-06T04:52:17.2803540Z              at ./src/metal_backend/tests/parity_quant.rs:99:10
2026-09-06T04:52:17.2803670Z    5: spark_runtime::metal_backend::tests::parity_quant::metal_mlx_int8_dequant_matches_reference::{{closure}}
2026-09-06T04:52:17.2803730Z              at ./src/metal_backend/tests/parity_quant.rs:18:46
2026-09-06T04:52:17.2803790Z    6: core::ops::function::FnOnce::call_once
2026-09-06T04:52:17.2803910Z              at /rustc/01f6ddf7588f42ae2d7eb0a2f21d44e8e96674cf/library/core/src/ops/function.rs:250:5
2026-09-06T04:52:17.2803970Z    7: core::ops::function::FnOnce::call_once
2026-09-06T04:52:17.2804100Z              at /rustc/01f6ddf7588f42ae2d7eb0a2f21d44e8e96674cf/library/core/src/ops/function.rs:250:5
2026-09-06T04:52:17.2804210Z note: Some details are omitted, run with `RUST_BACKTRACE=full` for a verbose backtrace.
2026-09-06T04:52:17.2804210Z 
2026-09-06T04:52:17.2804350Z ---- metal_backend::tests::parity_turbo23::metal_kv_cache_append_turbo3_matches_reference stdout ----
2026-09-06T04:52:17.2804350Z 
2026-09-06T04:52:17.2804630Z thread 'metal_backend::tests::parity_turbo23::metal_kv_cache_append_turbo3_matches_reference' (906644) panicked at crates/spark-runtime/src/metal_backend/tests/parity_turbo23.rs:78:10:
2026-09-06T04:52:17.2804750Z kernel lookup: Metal: unknown module 'kv_cache_append_turbo3'
2026-09-06T04:52:17.2804750Z 
2026-09-06T04:52:17.2804790Z Stack backtrace:
2026-09-06T04:52:17.2804850Z    0: std::backtrace_rs::backtrace::libunwind::trace
2026-09-06T04:52:17.2805030Z              at /rustc/01f6ddf7588f42ae2d7eb0a2f21d44e8e96674cf/library/std/src/../../backtrace/src/backtrace/libunwind.rs:117:9
2026-09-06T04:52:17.2805100Z    1: std::backtrace_rs::backtrace::trace_unsynchronized
2026-09-06T04:52:17.2805260Z              at /rustc/01f6ddf7588f42ae2d7eb0a2f21d44e8e96674cf/library/std/src/../../backtrace/src/backtrace/mod.rs:66:14
2026-09-06T04:52:17.2805310Z    2: std::backtrace::Backtrace::create
2026-09-06T04:52:17.2805430Z              at /rustc/01f6ddf7588f42ae2d7eb0a2f21d44e8e96674cf/library/std/src/backtrace.rs:331:13
2026-09-06T04:52:17.2805490Z    3: anyhow::error::<impl anyhow::Error>::msg
2026-09-06T04:52:17.2805650Z              at /Users/nologik/.cargo/registry/src/index.crates.io-1949cf8c6b5b557f/anyhow-1.0.104/src/backtrace.rs:10:14
2026-09-06T04:52:17.2805700Z    4: anyhow::__private::format_err
2026-09-06T04:52:17.2805850Z              at /Users/nologik/.cargo/registry/src/index.crates.io-1949cf8c6b5b557f/anyhow-1.0.104/src/lib.rs:690:13
2026-09-06T04:52:17.2806090Z    5: <spark_runtime::metal_backend::MetalGpuBackend as spark_runtime::gpu::GpuBackend>::kernel::{{closure}}
2026-09-06T04:52:17.2806140Z              at ./src/metal_backend.rs:515:28
2026-09-06T04:52:17.2806190Z    6: core::option::Option<T>::ok_or_else
2026-09-06T04:52:17.2806310Z              at /rustc/01f6ddf7588f42ae2d7eb0a2f21d44e8e96674cf/library/core/src/option.rs:1369:25
2026-09-06T04:52:17.2806440Z    7: <spark_runtime::metal_backend::MetalGpuBackend as spark_runtime::gpu::GpuBackend>::kernel
2026-09-06T04:52:17.2806490Z              at ./src/metal_backend.rs:515:14
2026-09-06T04:52:17.2806570Z    8: spark_runtime::metal_backend::tests::parity_turbo23::run_append
2026-09-06T04:52:17.2806640Z              at ./src/metal_backend/tests/parity_turbo23.rs:77:10
2026-09-06T04:52:17.2806780Z    9: spark_runtime::metal_backend::tests::parity_turbo23::metal_kv_cache_append_turbo3_matches_reference
2026-09-06T04:52:17.2806850Z              at ./src/metal_backend/tests/parity_turbo23.rs:137:30
2026-09-06T04:52:17.2807010Z   10: spark_runtime::metal_backend::tests::parity_turbo23::metal_kv_cache_append_turbo3_matches_reference::{{closure}}
2026-09-06T04:52:17.2807070Z              at ./src/metal_backend/tests/parity_turbo23.rs:123:52
2026-09-06T04:52:17.2807120Z   11: core::ops::function::FnOnce::call_once
2026-09-06T04:52:17.2807230Z              at /rustc/01f6ddf7588f42ae2d7eb0a2f21d44e8e96674cf/library/core/src/ops/function.rs:250:5
2026-09-06T04:52:17.2807280Z   12: core::ops::function::FnOnce::call_once
2026-09-06T04:52:17.2807400Z              at /rustc/01f6ddf7588f42ae2d7eb0a2f21d44e8e96674cf/library/core/src/ops/function.rs:250:5
2026-09-06T04:52:17.2807440Z   13: test::__rust_begin_short_backtrace
2026-09-06T04:52:17.2807540Z              at /rustc/01f6ddf7588f42ae2d7eb0a2f21d44e8e96674cf/library/test/src/lib.rs:663:18
2026-09-06T04:52:17.2807590Z   14: test::run_test_in_process::{{closure}}
2026-09-06T04:52:17.2807690Z              at /rustc/01f6ddf7588f42ae2d7eb0a2f21d44e8e96674cf/library/test/src/lib.rs:686:74
2026-09-06T04:52:17.2807810Z   15: <core::panic::unwind_safe::AssertUnwindSafe<F> as core::ops::function::FnOnce<()>>::call_once
2026-09-06T04:52:17.2807930Z              at /rustc/01f6ddf7588f42ae2d7eb0a2f21d44e8e96674cf/library/core/src/panic/unwind_safe.rs:274:9
2026-09-06T04:52:17.2807980Z   16: std::panicking::catch_unwind::do_call
2026-09-06T04:52:17.2808090Z              at /rustc/01f6ddf7588f42ae2d7eb0a2f21d44e8e96674cf/library/std/src/panicking.rs:581:40
2026-09-06T04:52:17.2808130Z   17: std::panicking::catch_unwind
2026-09-06T04:52:17.2808240Z              at /rustc/01f6ddf7588f42ae2d7eb0a2f21d44e8e96674cf/library/std/src/panicking.rs:544:19
2026-09-06T04:52:17.2808320Z   18: std::panic::catch_unwind
2026-09-06T04:52:17.2808420Z              at /rustc/01f6ddf7588f42ae2d7eb0a2f21d44e8e96674cf/library/std/src/panic.rs:359:14
2026-09-06T04:52:17.2808460Z   19: test::run_test_in_process
2026-09-06T04:52:17.2808560Z              at /rustc/01f6ddf7588f42ae2d7eb0a2f21d44e8e96674cf/library/test/src/lib.rs:686:27
2026-09-06T04:52:17.2808600Z   20: test::run_test::{{closure}}
2026-09-06T04:52:17.2808710Z              at /rustc/01f6ddf7588f42ae2d7eb0a2f21d44e8e96674cf/library/test/src/lib.rs:607:43
2026-09-06T04:52:17.2808750Z   21: test::run_test::{{closure}}
2026-09-06T04:52:17.2808860Z              at /rustc/01f6ddf7588f42ae2d7eb0a2f21d44e8e96674cf/library/test/src/lib.rs:637:41
2026-09-06T04:52:17.2808930Z   22: std::sys::backtrace::__rust_begin_short_backtrace
2026-09-06T04:52:17.2809060Z              at /rustc/01f6ddf7588f42ae2d7eb0a2f21d44e8e96674cf/library/std/src/sys/backtrace.rs:160:18
2026-09-06T04:52:17.2809140Z   23: std::thread::lifecycle::spawn_unchecked::{{closure}}::{{closure}}
2026-09-06T04:52:17.2809280Z              at /rustc/01f6ddf7588f42ae2d7eb0a2f21d44e8e96674cf/library/std/src/thread/lifecycle.rs:92:13
2026-09-06T04:52:17.2809410Z   24: <core::panic::unwind_safe::AssertUnwindSafe<F> as core::ops::function::FnOnce<()>>::call_once
2026-09-06T04:52:17.2809590Z              at /rustc/01f6ddf7588f42ae2d7eb0a2f21d44e8e96674cf/library/core/src/panic/unwind_safe.rs:274:9
2026-09-06T04:52:17.2809640Z   25: std::panicking::catch_unwind::do_call
2026-09-06T04:52:17.2809770Z              at /rustc/01f6ddf7588f42ae2d7eb0a2f21d44e8e96674cf/library/std/src/panicking.rs:581:40
2026-09-06T04:52:17.2809810Z   26: std::panicking::catch_unwind
2026-09-06T04:52:17.2809940Z              at /rustc/01f6ddf7588f42ae2d7eb0a2f21d44e8e96674cf/library/std/src/panicking.rs:544:19
2026-09-06T04:52:17.2809980Z   27: std::panic::catch_unwind
2026-09-06T04:52:17.2810100Z              at /rustc/01f6ddf7588f42ae2d7eb0a2f21d44e8e96674cf/library/std/src/panic.rs:359:14
2026-09-06T04:52:17.2810170Z   28: std::thread::lifecycle::spawn_unchecked::{{closure}}
2026-09-06T04:52:17.2810300Z              at /rustc/01f6ddf7588f42ae2d7eb0a2f21d44e8e96674cf/library/std/src/thread/lifecycle.rs:90:26
2026-09-06T04:52:17.2810370Z   29: core::ops::function::FnOnce::call_once{{vtable.shim}}
2026-09-06T04:52:17.2810500Z              at /rustc/01f6ddf7588f42ae2d7eb0a2f21d44e8e96674cf/library/core/src/ops/function.rs:250:5
2026-09-06T04:52:17.2810590Z   30: <alloc::boxed::Box<F,A> as core::ops::function::FnOnce<Args>>::call_once
2026-09-06T04:52:17.2810710Z              at /rustc/01f6ddf7588f42ae2d7eb0a2f21d44e8e96674cf/library/alloc/src/boxed.rs:2206:9
2026-09-06T04:52:17.2810780Z   31: std::sys::thread::unix::Thread::new::thread_start
2026-09-06T04:52:17.2810910Z              at /rustc/01f6ddf7588f42ae2d7eb0a2f21d44e8e96674cf/library/std/src/sys/thread/unix.rs:118:17
2026-09-06T04:52:17.2810950Z   32: __pthread_exit
2026-09-06T04:52:17.2810990Z stack backtrace:
2026-09-06T04:52:17.2811040Z    0: __rustc::rust_begin_unwind
2026-09-06T04:52:17.2811160Z              at /rustc/01f6ddf7588f42ae2d7eb0a2f21d44e8e96674cf/library/std/src/panicking.rs:689:5
2026-09-06T04:52:17.2811210Z    1: core::panicking::panic_fmt
2026-09-06T04:52:17.2811330Z              at /rustc/01f6ddf7588f42ae2d7eb0a2f21d44e8e96674cf/library/core/src/panicking.rs:80:14
2026-09-06T04:52:17.2811380Z    2: core::result::unwrap_failed
2026-09-06T04:52:17.2811500Z              at /rustc/01f6ddf7588f42ae2d7eb0a2f21d44e8e96674cf/library/core/src/result.rs:1867:5
2026-09-06T04:52:17.2811540Z    3: core::result::Result<T,E>::expect
2026-09-06T04:52:17.2811660Z              at /rustc/01f6ddf7588f42ae2d7eb0a2f21d44e8e96674cf/library/core/src/result.rs:1185:23
2026-09-06T04:52:17.2811750Z    4: spark_runtime::metal_backend::tests::parity_turbo23::run_append
2026-09-06T04:52:17.2811820Z              at ./src/metal_backend/tests/parity_turbo23.rs:78:10
2026-09-06T04:52:17.2811950Z    5: spark_runtime::metal_backend::tests::parity_turbo23::metal_kv_cache_append_turbo3_matches_reference
2026-09-06T04:52:17.2812060Z              at ./src/metal_backend/tests/parity_turbo23.rs:137:30
2026-09-06T04:52:17.2812210Z    6: spark_runtime::metal_backend::tests::parity_turbo23::metal_kv_cache_append_turbo3_matches_reference::{{closure}}
2026-09-06T04:52:17.2812270Z              at ./src/metal_backend/tests/parity_turbo23.rs:123:52
2026-09-06T04:52:17.2812320Z    7: core::ops::function::FnOnce::call_once
2026-09-06T04:52:17.2812440Z              at /rustc/01f6ddf7588f42ae2d7eb0a2f21d44e8e96674cf/library/core/src/ops/function.rs:250:5
2026-09-06T04:52:17.2812480Z    8: core::ops::function::FnOnce::call_once
2026-09-06T04:52:17.2812600Z              at /rustc/01f6ddf7588f42ae2d7eb0a2f21d44e8e96674cf/library/core/src/ops/function.rs:250:5
2026-09-06T04:52:17.2812700Z note: Some details are omitted, run with `RUST_BACKTRACE=full` for a verbose backtrace.
2026-09-06T04:52:17.2812700Z 
2026-09-06T04:52:17.2812820Z ---- metal_backend::tests::parity_turbo4::metal_kv_cache_append_turbo4_matches_reference stdout ----
2026-09-06T04:52:17.2812830Z 
2026-09-06T04:52:17.2813070Z thread 'metal_backend::tests::parity_turbo4::metal_kv_cache_append_turbo4_matches_reference' (906646) panicked at crates/spark-runtime/src/metal_backend/tests/parity_turbo4.rs:66:10:
2026-09-06T04:52:17.2813150Z kernel lookup: Metal: unknown module 'kv_cache_append_turbo4'
2026-09-06T04:52:17.2813150Z 
2026-09-06T04:52:17.2813220Z Stack backtrace:
2026-09-06T04:52:17.2813280Z    0: std::backtrace_rs::backtrace::libunwind::trace
2026-09-06T04:52:17.2813430Z              at /rustc/01f6ddf7588f42ae2d7eb0a2f21d44e8e96674cf/library/std/src/../../backtrace/src/backtrace/libunwind.rs:117:9
2026-09-06T04:52:17.2813490Z    1: std::backtrace_rs::backtrace::trace_unsynchronized
2026-09-06T04:52:17.2813640Z              at /rustc/01f6ddf7588f42ae2d7eb0a2f21d44e8e96674cf/library/std/src/../../backtrace/src/backtrace/mod.rs:66:14
2026-09-06T04:52:17.2813680Z    2: std::backtrace::Backtrace::create
2026-09-06T04:52:17.2813810Z              at /rustc/01f6ddf7588f42ae2d7eb0a2f21d44e8e96674cf/library/std/src/backtrace.rs:331:13
2026-09-06T04:52:17.2813860Z    3: anyhow::error::<impl anyhow::Error>::msg
2026-09-06T04:52:17.2814020Z              at /Users/nologik/.cargo/registry/src/index.crates.io-1949cf8c6b5b557f/anyhow-1.0.104/src/backtrace.rs:10:14
2026-09-06T04:52:17.2814070Z    4: anyhow::__private::format_err
2026-09-06T04:52:17.2814220Z              at /Users/nologik/.cargo/registry/src/index.crates.io-1949cf8c6b5b557f/anyhow-1.0.104/src/lib.rs:690:13
2026-09-06T04:52:17.2814370Z    5: <spark_runtime::metal_backend::MetalGpuBackend as spark_runtime::gpu::GpuBackend>::kernel::{{closure}}
2026-09-06T04:52:17.2814420Z              at ./src/metal_backend.rs:515:28
2026-09-06T04:52:17.2814470Z    6: core::option::Option<T>::ok_or_else
2026-09-06T04:52:17.2814590Z              at /rustc/01f6ddf7588f42ae2d7eb0a2f21d44e8e96674cf/library/core/src/option.rs:1369:25
2026-09-06T04:52:17.2814720Z    7: <spark_runtime::metal_backend::MetalGpuBackend as spark_runtime::gpu::GpuBackend>::kernel
2026-09-06T04:52:17.2814770Z              at ./src/metal_backend.rs:515:14
2026-09-06T04:52:17.2814930Z    8: spark_runtime::metal_backend::tests::parity_turbo4::metal_kv_cache_append_turbo4_matches_reference
2026-09-06T04:52:17.2815000Z              at ./src/metal_backend/tests/parity_turbo4.rs:65:10
2026-09-06T04:52:17.2815170Z    9: spark_runtime::metal_backend::tests::parity_turbo4::metal_kv_cache_append_turbo4_matches_reference::{{closure}}
2026-09-06T04:52:17.2815240Z              at ./src/metal_backend/tests/parity_turbo4.rs:60:52
2026-09-06T04:52:17.2815290Z   10: core::ops::function::FnOnce::call_once
2026-09-06T04:52:17.2815420Z              at /rustc/01f6ddf7588f42ae2d7eb0a2f21d44e8e96674cf/library/core/src/ops/function.rs:250:5
2026-09-06T04:52:17.2815470Z   11: core::ops::function::FnOnce::call_once
2026-09-06T04:52:17.2815600Z              at /rustc/01f6ddf7588f42ae2d7eb0a2f21d44e8e96674cf/library/core/src/ops/function.rs:250:5
2026-09-06T04:52:17.2815690Z   12: test::__rust_begin_short_backtrace
2026-09-06T04:52:17.2815800Z              at /rustc/01f6ddf7588f42ae2d7eb0a2f21d44e8e96674cf/library/test/src/lib.rs:663:18
2026-09-06T04:52:17.2815860Z   13: test::run_test_in_process::{{closure}}
2026-09-06T04:52:17.2815970Z              at /rustc/01f6ddf7588f42ae2d7eb0a2f21d44e8e96674cf/library/test/src/lib.rs:686:74
2026-09-06T04:52:17.2816100Z   14: <core::panic::unwind_safe::AssertUnwindSafe<F> as core::ops::function::FnOnce<()>>::call_once
2026-09-06T04:52:17.2816240Z              at /rustc/01f6ddf7588f42ae2d7eb0a2f21d44e8e96674cf/library/core/src/panic/unwind_safe.rs:274:9
2026-09-06T04:52:17.2816290Z   15: std::panicking::catch_unwind::do_call
2026-09-06T04:52:17.2816410Z              at /rustc/01f6ddf7588f42ae2d7eb0a2f21d44e8e96674cf/library/std/src/panicking.rs:581:40
2026-09-06T04:52:17.2816460Z   16: std::panicking::catch_unwind
2026-09-06T04:52:17.2816580Z              at /rustc/01f6ddf7588f42ae2d7eb0a2f21d44e8e96674cf/library/std/src/panicking.rs:544:19
2026-09-06T04:52:17.2816630Z   17: std::panic::catch_unwind
2026-09-06T04:52:17.2816750Z              at /rustc/01f6ddf7588f42ae2d7eb0a2f21d44e8e96674cf/library/std/src/panic.rs:359:14
2026-09-06T04:52:17.2816790Z   18: test::run_test_in_process
2026-09-06T04:52:17.2816910Z              at /rustc/01f6ddf7588f42ae2d7eb0a2f21d44e8e96674cf/library/test/src/lib.rs:686:27
2026-09-06T04:52:17.2816990Z   19: test::run_test::{{closure}}
2026-09-06T04:52:17.2817090Z              at /rustc/01f6ddf7588f42ae2d7eb0a2f21d44e8e96674cf/library/test/src/lib.rs:607:43
2026-09-06T04:52:17.2817130Z   20: test::run_test::{{closure}}
2026-09-06T04:52:17.2817230Z              at /rustc/01f6ddf7588f42ae2d7eb0a2f21d44e8e96674cf/library/test/src/lib.rs:637:41
2026-09-06T04:52:17.2817290Z   21: std::sys::backtrace::__rust_begin_short_backtrace
2026-09-06T04:52:17.2817410Z              at /rustc/01f6ddf7588f42ae2d7eb0a2f21d44e8e96674cf/library/std/src/sys/backtrace.rs:160:18
2026-09-06T04:52:17.2817480Z   22: std::thread::lifecycle::spawn_unchecked::{{closure}}::{{closure}}
2026-09-06T04:52:17.2817610Z              at /rustc/01f6ddf7588f42ae2d7eb0a2f21d44e8e96674cf/library/std/src/thread/lifecycle.rs:92:13
2026-09-06T04:52:17.2817720Z   23: <core::panic::unwind_safe::AssertUnwindSafe<F> as core::ops::function::FnOnce<()>>::call_once
2026-09-06T04:52:17.2817850Z              at /rustc/01f6ddf7588f42ae2d7eb0a2f21d44e8e96674cf/library/core/src/panic/unwind_safe.rs:274:9
2026-09-06T04:52:17.2817900Z   24: std::panicking::catch_unwind::do_call
2026-09-06T04:52:17.2818010Z              at /rustc/01f6ddf7588f42ae2d7eb0a2f21d44e8e96674cf/library/std/src/panicking.rs:581:40
2026-09-06T04:52:17.2818050Z   25: std::panicking::catch_unwind
2026-09-06T04:52:17.2818160Z              at /rustc/01f6ddf7588f42ae2d7eb0a2f21d44e8e96674cf/library/std/src/panicking.rs:544:19
2026-09-06T04:52:17.2818200Z   26: std::panic::catch_unwind
2026-09-06T04:52:17.2818300Z              at /rustc/01f6ddf7588f42ae2d7eb0a2f21d44e8e96674cf/library/std/src/panic.rs:359:14
2026-09-06T04:52:17.2818360Z   27: std::thread::lifecycle::spawn_unchecked::{{closure}}
2026-09-06T04:52:17.2818490Z              at /rustc/01f6ddf7588f42ae2d7eb0a2f21d44e8e96674cf/library/std/src/thread/lifecycle.rs:90:26
2026-09-06T04:52:17.2818550Z   28: core::ops::function::FnOnce::call_once{{vtable.shim}}
2026-09-06T04:52:17.2818660Z              at /rustc/01f6ddf7588f42ae2d7eb0a2f21d44e8e96674cf/library/core/src/ops/function.rs:250:5
2026-09-06T04:52:17.2818750Z   29: <alloc::boxed::Box<F,A> as core::ops::function::FnOnce<Args>>::call_once
2026-09-06T04:52:17.2818870Z              at /rustc/01f6ddf7588f42ae2d7eb0a2f21d44e8e96674cf/library/alloc/src/boxed.rs:2206:9
2026-09-06T04:52:17.2818930Z   30: std::sys::thread::unix::Thread::new::thread_start
2026-09-06T04:52:17.2819070Z              at /rustc/01f6ddf7588f42ae2d7eb0a2f21d44e8e96674cf/library/std/src/sys/thread/unix.rs:118:17
2026-09-06T04:52:17.2819110Z   31: __pthread_exit
2026-09-06T04:52:17.2819140Z stack backtrace:
2026-09-06T04:52:17.2819230Z    0: __rustc::rust_begin_unwind
2026-09-06T04:52:17.2819360Z              at /rustc/01f6ddf7588f42ae2d7eb0a2f21d44e8e96674cf/library/std/src/panicking.rs:689:5
2026-09-06T04:52:17.2819400Z    1: core::panicking::panic_fmt
2026-09-06T04:52:17.2819520Z              at /rustc/01f6ddf7588f42ae2d7eb0a2f21d44e8e96674cf/library/core/src/panicking.rs:80:14
2026-09-06T04:52:17.2819570Z    2: core::result::unwrap_failed
2026-09-06T04:52:17.2819690Z              at /rustc/01f6ddf7588f42ae2d7eb0a2f21d44e8e96674cf/library/core/src/result.rs:1867:5
2026-09-06T04:52:17.2819740Z    3: core::result::Result<T,E>::expect
2026-09-06T04:52:17.2819860Z              at /rustc/01f6ddf7588f42ae2d7eb0a2f21d44e8e96674cf/library/core/src/result.rs:1185:23
2026-09-06T04:52:17.2820000Z    4: spark_runtime::metal_backend::tests::parity_turbo4::metal_kv_cache_append_turbo4_matches_reference
2026-09-06T04:52:17.2820060Z              at ./src/metal_backend/tests/parity_turbo4.rs:66:10
2026-09-06T04:52:17.2820220Z    5: spark_runtime::metal_backend::tests::parity_turbo4::metal_kv_cache_append_turbo4_matches_reference::{{closure}}
2026-09-06T04:52:17.2820290Z              at ./src/metal_backend/tests/parity_turbo4.rs:60:52
2026-09-06T04:52:17.2820340Z    6: core::ops::function::FnOnce::call_once
2026-09-06T04:52:17.2820470Z              at /rustc/01f6ddf7588f42ae2d7eb0a2f21d44e8e96674cf/library/core/src/ops/function.rs:250:5
2026-09-06T04:52:17.2820620Z    7: core::ops::function::FnOnce::call_once
2026-09-06T04:52:17.2820760Z              at /rustc/01f6ddf7588f42ae2d7eb0a2f21d44e8e96674cf/library/core/src/ops/function.rs:250:5
2026-09-06T04:52:17.2820870Z note: Some details are omitted, run with `RUST_BACKTRACE=full` for a verbose backtrace.
2026-09-06T04:52:17.2820870Z 
2026-09-06T04:52:17.2820990Z ---- metal_backend::tests::parity_quant::metal_mlx_int8_gemv_matches_reference stdout ----
2026-09-06T04:52:17.2820990Z 
2026-09-06T04:52:17.2821250Z thread 'metal_backend::tests::parity_quant::metal_mlx_int8_gemv_matches_reference' (906641) panicked at crates/spark-runtime/src/metal_backend/tests/parity_quant.rs:203:67:
2026-09-06T04:52:17.2821360Z called `Result::unwrap()` on an `Err` value: Metal: unknown module 'mlx_int8_gemv'
2026-09-06T04:52:17.2821360Z 
2026-09-06T04:52:17.2821400Z Stack backtrace:
2026-09-06T04:52:17.2821460Z    0: std::backtrace_rs::backtrace::libunwind::trace
2026-09-06T04:52:17.2821700Z              at /rustc/01f6ddf7588f42ae2d7eb0a2f21d44e8e96674cf/library/std/src/../../backtrace/src/backtrace/libunwind.rs:117:9
2026-09-06T04:52:17.2821770Z    1: std::backtrace_rs::backtrace::trace_unsynchronized
2026-09-06T04:52:17.2821930Z              at /rustc/01f6ddf7588f42ae2d7eb0a2f21d44e8e96674cf/library/std/src/../../backtrace/src/backtrace/mod.rs:66:14
2026-09-06T04:52:17.2821980Z    2: std::backtrace::Backtrace::create
2026-09-06T04:52:17.2822090Z              at /rustc/01f6ddf7588f42ae2d7eb0a2f21d44e8e96674cf/library/std/src/backtrace.rs:331:13
2026-09-06T04:52:17.2822140Z    3: anyhow::error::<impl anyhow::Error>::msg
2026-09-06T04:52:17.2822280Z              at /Users/nologik/.cargo/registry/src/index.crates.io-1949cf8c6b5b557f/anyhow-1.0.104/src/backtrace.rs:10:14
2026-09-06T04:52:17.2822320Z    4: anyhow::__private::format_err
2026-09-06T04:52:17.2822460Z              at /Users/nologik/.cargo/registry/src/index.crates.io-1949cf8c6b5b557f/anyhow-1.0.104/src/lib.rs:690:13
2026-09-06T04:52:17.2822590Z    5: <spark_runtime::metal_backend::MetalGpuBackend as spark_runtime::gpu::GpuBackend>::kernel::{{closure}}
2026-09-06T04:52:17.2822640Z              at ./src/metal_backend.rs:515:28
2026-09-06T04:52:17.2822680Z    6: core::option::Option<T>::ok_or_else
2026-09-06T04:52:17.2822790Z              at /rustc/01f6ddf7588f42ae2d7eb0a2f21d44e8e96674cf/library/core/src/option.rs:1369:25
2026-09-06T04:52:17.2822910Z    7: <spark_runtime::metal_backend::MetalGpuBackend as spark_runtime::gpu::GpuBackend>::kernel
2026-09-06T04:52:17.2822950Z              at ./src/metal_backend.rs:515:14
2026-09-06T04:52:17.2823060Z    8: spark_runtime::metal_backend::tests::parity_quant::metal_mlx_int8_gemv_matches_reference
2026-09-06T04:52:17.2823150Z              at ./src/metal_backend/tests/parity_quant.rs:203:26
2026-09-06T04:52:17.2823280Z    9: spark_runtime::metal_backend::tests::parity_quant::metal_mlx_int8_gemv_matches_reference::{{closure}}
2026-09-06T04:52:17.2823340Z              at ./src/metal_backend/tests/parity_quant.rs:160:43
2026-09-06T04:52:17.2823380Z   10: core::ops::function::FnOnce::call_once
2026-09-06T04:52:17.2823500Z              at /rustc/01f6ddf7588f42ae2d7eb0a2f21d44e8e96674cf/library/core/src/ops/function.rs:250:5
2026-09-06T04:52:17.2823550Z   11: core::ops::function::FnOnce::call_once
2026-09-06T04:52:17.2823660Z              at /rustc/01f6ddf7588f42ae2d7eb0a2f21d44e8e96674cf/library/core/src/ops/function.rs:250:5
2026-09-06T04:52:17.2823710Z   12: test::__rust_begin_short_backtrace
2026-09-06T04:52:17.2823820Z              at /rustc/01f6ddf7588f42ae2d7eb0a2f21d44e8e96674cf/library/test/src/lib.rs:663:18
2026-09-06T04:52:17.2823870Z   13: test::run_test_in_process::{{closure}}
2026-09-06T04:52:17.2823990Z              at /rustc/01f6ddf7588f42ae2d7eb0a2f21d44e8e96674cf/library/test/src/lib.rs:686:74
2026-09-06T04:52:17.2824110Z   14: <core::panic::unwind_safe::AssertUnwindSafe<F> as core::ops::function::FnOnce<()>>::call_once
2026-09-06T04:52:17.2824290Z              at /rustc/01f6ddf7588f42ae2d7eb0a2f21d44e8e96674cf/library/core/src/panic/unwind_safe.rs:274:9
2026-09-06T04:52:17.2824350Z   15: std::panicking::catch_unwind::do_call
2026-09-06T04:52:17.2824470Z              at /rustc/01f6ddf7588f42ae2d7eb0a2f21d44e8e96674cf/library/std/src/panicking.rs:581:40
2026-09-06T04:52:17.2824520Z   16: std::panicking::catch_unwind
2026-09-06T04:52:17.2824640Z              at /rustc/01f6ddf7588f42ae2d7eb0a2f21d44e8e96674cf/library/std/src/panicking.rs:544:19
2026-09-06T04:52:17.2824690Z   17: std::panic::catch_unwind
2026-09-06T04:52:17.2824800Z              at /rustc/01f6ddf7588f42ae2d7eb0a2f21d44e8e96674cf/library/std/src/panic.rs:359:14
2026-09-06T04:52:17.2824850Z   18: test::run_test_in_process
2026-09-06T04:52:17.2824960Z              at /rustc/01f6ddf7588f42ae2d7eb0a2f21d44e8e96674cf/library/test/src/lib.rs:686:27
2026-09-06T04:52:17.2825010Z   19: test::run_test::{{closure}}
2026-09-06T04:52:17.2825120Z              at /rustc/01f6ddf7588f42ae2d7eb0a2f21d44e8e96674cf/library/test/src/lib.rs:607:43
2026-09-06T04:52:17.2825170Z   20: test::run_test::{{closure}}
2026-09-06T04:52:17.2825280Z              at /rustc/01f6ddf7588f42ae2d7eb0a2f21d44e8e96674cf/library/test/src/lib.rs:637:41
2026-09-06T04:52:17.2825340Z   21: std::sys::backtrace::__rust_begin_short_backtrace
2026-09-06T04:52:17.2825480Z              at /rustc/01f6ddf7588f42ae2d7eb0a2f21d44e8e96674cf/library/std/src/sys/backtrace.rs:160:18
2026-09-06T04:52:17.2825560Z   22: std::thread::lifecycle::spawn_unchecked::{{closure}}::{{closure}}
2026-09-06T04:52:17.2825700Z              at /rustc/01f6ddf7588f42ae2d7eb0a2f21d44e8e96674cf/library/std/src/thread/lifecycle.rs:92:13
2026-09-06T04:52:17.2825830Z   23: <core::panic::unwind_safe::AssertUnwindSafe<F> as core::ops::function::FnOnce<()>>::call_once
2026-09-06T04:52:17.2825970Z              at /rustc/01f6ddf7588f42ae2d7eb0a2f21d44e8e96674cf/library/core/src/panic/unwind_safe.rs:274:9
2026-09-06T04:52:17.2826020Z   24: std::panicking::catch_unwind::do_call
2026-09-06T04:52:17.2826140Z              at /rustc/01f6ddf7588f42ae2d7eb0a2f21d44e8e96674cf/library/std/src/panicking.rs:581:40
2026-09-06T04:52:17.2826190Z   25: std::panicking::catch_unwind
2026-09-06T04:52:17.2826320Z              at /rustc/01f6ddf7588f42ae2d7eb0a2f21d44e8e96674cf/library/std/src/panicking.rs:544:19
2026-09-06T04:52:17.2826360Z   26: std::panic::catch_unwind
2026-09-06T04:52:17.2826480Z              at /rustc/01f6ddf7588f42ae2d7eb0a2f21d44e8e96674cf/library/std/src/panic.rs:359:14
2026-09-06T04:52:17.2826540Z   27: std::thread::lifecycle::spawn_unchecked::{{closure}}
2026-09-06T04:52:17.2826680Z              at /rustc/01f6ddf7588f42ae2d7eb0a2f21d44e8e96674cf/library/std/src/thread/lifecycle.rs:90:26
2026-09-06T04:52:17.2826890Z   28: core::ops::function::FnOnce::call_once{{vtable.shim}}
2026-09-06T04:52:17.2827010Z              at /rustc/01f6ddf7588f42ae2d7eb0a2f21d44e8e96674cf/library/core/src/ops/function.rs:250:5
2026-09-06T04:52:17.2827100Z   29: <alloc::boxed::Box<F,A> as core::ops::function::FnOnce<Args>>::call_once
2026-09-06T04:52:17.2827210Z              at /rustc/01f6ddf7588f42ae2d7eb0a2f21d44e8e96674cf/library/alloc/src/boxed.rs:2206:9
2026-09-06T04:52:17.2827260Z   30: std::sys::thread::unix::Thread::new::thread_start
2026-09-06T04:52:17.2827380Z              at /rustc/01f6ddf7588f42ae2d7eb0a2f21d44e8e96674cf/library/std/src/sys/thread/unix.rs:118:17
2026-09-06T04:52:17.2827420Z   31: __pthread_exit
2026-09-06T04:52:17.2827450Z stack backtrace:
2026-09-06T04:52:17.2827490Z    0: __rustc::rust_begin_unwind
2026-09-06T04:52:17.2827600Z              at /rustc/01f6ddf7588f42ae2d7eb0a2f21d44e8e96674cf/library/std/src/panicking.rs:689:5
2026-09-06T04:52:17.2827650Z    1: core::panicking::panic_fmt
2026-09-06T04:52:17.2827760Z              at /rustc/01f6ddf7588f42ae2d7eb0a2f21d44e8e96674cf/library/core/src/panicking.rs:80:14
2026-09-06T04:52:17.2827800Z    2: core::result::unwrap_failed
2026-09-06T04:52:17.2827900Z              at /rustc/01f6ddf7588f42ae2d7eb0a2f21d44e8e96674cf/library/core/src/result.rs:1867:5
2026-09-06T04:52:17.2827980Z    3: core::result::Result<T,E>::unwrap
2026-09-06T04:52:17.2828090Z              at /rustc/01f6ddf7588f42ae2d7eb0a2f21d44e8e96674cf/library/core/src/result.rs:1233:23
2026-09-06T04:52:17.2828200Z    4: spark_runtime::metal_backend::tests::parity_quant::metal_mlx_int8_gemv_matches_reference
2026-09-06T04:52:17.2828260Z              at ./src/metal_backend/tests/parity_quant.rs:203:67
2026-09-06T04:52:17.2828390Z    5: spark_runtime::metal_backend::tests::parity_quant::metal_mlx_int8_gemv_matches_reference::{{closure}}
2026-09-06T04:52:17.2828450Z              at ./src/metal_backend/tests/parity_quant.rs:160:43
2026-09-06T04:52:17.2828500Z    6: core::ops::function::FnOnce::call_once
2026-09-06T04:52:17.2828610Z              at /rustc/01f6ddf7588f42ae2d7eb0a2f21d44e8e96674cf/library/core/src/ops/function.rs:250:5
2026-09-06T04:52:17.2828660Z    7: core::ops::function::FnOnce::call_once
2026-09-06T04:52:17.2828780Z              at /rustc/01f6ddf7588f42ae2d7eb0a2f21d44e8e96674cf/library/core/src/ops/function.rs:250:5
2026-09-06T04:52:17.2828890Z note: Some details are omitted, run with `RUST_BACKTRACE=full` for a verbose backtrace.
2026-09-06T04:52:17.2828900Z 
2026-09-06T04:52:17.2829030Z ---- metal_backend::tests::parity_turbo::metal_attention_decode_turbo8_matches_reference stdout ----
2026-09-06T04:52:17.2829030Z 
2026-09-06T04:52:17.2829310Z thread 'metal_backend::tests::parity_turbo::metal_attention_decode_turbo8_matches_reference' (906647) panicked at crates/spark-runtime/src/metal_backend/tests/parity_turbo.rs:271:10:
2026-09-06T04:52:17.2829380Z append lookup: Metal: unknown module 'kv_cache_append_turbo8'
2026-09-06T04:52:17.2829390Z 
2026-09-06T04:52:17.2829430Z Stack backtrace:
2026-09-06T04:52:17.2829490Z    0: std::backtrace_rs::backtrace::libunwind::trace
2026-09-06T04:52:17.2829660Z              at /rustc/01f6ddf7588f42ae2d7eb0a2f21d44e8e96674cf/library/std/src/../../backtrace/src/backtrace/libunwind.rs:117:9
2026-09-06T04:52:17.2829730Z    1: std::backtrace_rs::backtrace::trace_unsynchronized
2026-09-06T04:52:17.2829890Z              at /rustc/01f6ddf7588f42ae2d7eb0a2f21d44e8e96674cf/library/std/src/../../backtrace/src/backtrace/mod.rs:66:14
2026-09-06T04:52:17.2829940Z    2: std::backtrace::Backtrace::create
2026-09-06T04:52:17.2830070Z              at /rustc/01f6ddf7588f42ae2d7eb0a2f21d44e8e96674cf/library/std/src/backtrace.rs:331:13
2026-09-06T04:52:17.2830120Z    3: anyhow::error::<impl anyhow::Error>::msg
2026-09-06T04:52:17.2830280Z              at /Users/nologik/.cargo/registry/src/index.crates.io-1949cf8c6b5b557f/anyhow-1.0.104/src/backtrace.rs:10:14
2026-09-06T04:52:17.2830330Z    4: anyhow::__private::format_err
2026-09-06T04:52:17.2830520Z              at /Users/nologik/.cargo/registry/src/index.crates.io-1949cf8c6b5b557f/anyhow-1.0.104/src/lib.rs:690:13
2026-09-06T04:52:17.2830670Z    5: <spark_runtime::metal_backend::MetalGpuBackend as spark_runtime::gpu::GpuBackend>::kernel::{{closure}}
2026-09-06T04:52:17.2830720Z              at ./src/metal_backend.rs:515:28
2026-09-06T04:52:17.2830770Z    6: core::option::Option<T>::ok_or_else
2026-09-06T04:52:17.2830890Z              at /rustc/01f6ddf7588f42ae2d7eb0a2f21d44e8e96674cf/library/core/src/option.rs:1369:25
2026-09-06T04:52:17.2831020Z    7: <spark_runtime::metal_backend::MetalGpuBackend as spark_runtime::gpu::GpuBackend>::kernel
2026-09-06T04:52:17.2831070Z              at ./src/metal_backend.rs:515:14
2026-09-06T04:52:17.2831210Z    8: spark_runtime::metal_backend::tests::parity_turbo::metal_attention_decode_turbo8_matches_reference
2026-09-06T04:52:17.2831270Z              at ./src/metal_backend/tests/parity_turbo.rs:270:10
2026-09-06T04:52:17.2831430Z    9: spark_runtime::metal_backend::tests::parity_turbo::metal_attention_decode_turbo8_matches_reference::{{closure}}
2026-09-06T04:52:17.2831500Z              at ./src/metal_backend/tests/parity_turbo.rs:265:53
2026-09-06T04:52:17.2831550Z   10: core::ops::function::FnOnce::call_once
2026-09-06T04:52:17.2831680Z              at /rustc/01f6ddf7588f42ae2d7eb0a2f21d44e8e96674cf/library/core/src/ops/function.rs:250:5
2026-09-06T04:52:17.2831770Z   11: core::ops::function::FnOnce::call_once
2026-09-06T04:52:17.2831900Z              at /rustc/01f6ddf7588f42ae2d7eb0a2f21d44e8e96674cf/library/core/src/ops/function.rs:250:5
2026-09-06T04:52:17.2831950Z   12: test::__rust_begin_short_backtrace
2026-09-06T04:52:17.2832050Z              at /rustc/01f6ddf7588f42ae2d7eb0a2f21d44e8e96674cf/library/test/src/lib.rs:663:18
2026-09-06T04:52:17.2832100Z   13: test::run_test_in_process::{{closure}}
2026-09-06T04:52:17.2832200Z              at /rustc/01f6ddf7588f42ae2d7eb0a2f21d44e8e96674cf/library/test/src/lib.rs:686:74
2026-09-06T04:52:17.2832320Z   14: <core::panic::unwind_safe::AssertUnwindSafe<F> as core::ops::function::FnOnce<()>>::call_once
2026-09-06T04:52:17.2832440Z              at /rustc/01f6ddf7588f42ae2d7eb0a2f21d44e8e96674cf/library/core/src/panic/unwind_safe.rs:274:9
2026-09-06T04:52:17.2832490Z   15: std::panicking::catch_unwind::do_call
2026-09-06T04:52:17.2832600Z              at /rustc/01f6ddf7588f42ae2d7eb0a2f21d44e8e96674cf/library/std/src/panicking.rs:581:40
2026-09-06T04:52:17.2832640Z   16: std::panicking::catch_unwind
2026-09-06T04:52:17.2832750Z              at /rustc/01f6ddf7588f42ae2d7eb0a2f21d44e8e96674cf/library/std/src/panicking.rs:544:19
2026-09-06T04:52:17.2832790Z   17: std::panic::catch_unwind
2026-09-06T04:52:17.2832900Z              at /rustc/01f6ddf7588f42ae2d7eb0a2f21d44e8e96674cf/library/std/src/panic.rs:359:14
2026-09-06T04:52:17.2832940Z   18: test::run_test_in_process
2026-09-06T04:52:17.2833040Z              at /rustc/01f6ddf7588f42ae2d7eb0a2f21d44e8e96674cf/library/test/src/lib.rs:686:27
2026-09-06T04:52:17.2833080Z   19: test::run_test::{{closure}}
2026-09-06T04:52:17.2833180Z              at /rustc/01f6ddf7588f42ae2d7eb0a2f21d44e8e96674cf/library/test/src/lib.rs:607:43
2026-09-06T04:52:17.2833220Z   20: test::run_test::{{closure}}
2026-09-06T04:52:17.2833320Z              at /rustc/01f6ddf7588f42ae2d7eb0a2f21d44e8e96674cf/library/test/src/lib.rs:637:41
2026-09-06T04:52:17.2833380Z   21: std::sys::backtrace::__rust_begin_short_backtrace
2026-09-06T04:52:17.2833500Z              at /rustc/01f6ddf7588f42ae2d7eb0a2f21d44e8e96674cf/library/std/src/sys/backtrace.rs:160:18
2026-09-06T04:52:17.2833580Z   22: std::thread::lifecycle::spawn_unchecked::{{closure}}::{{closure}}
2026-09-06T04:52:17.2833700Z              at /rustc/01f6ddf7588f42ae2d7eb0a2f21d44e8e96674cf/library/std/src/thread/lifecycle.rs:92:13
2026-09-06T04:52:17.2833830Z   23: <core::panic::unwind_safe::AssertUnwindSafe<F> as core::ops::function::FnOnce<()>>::call_once
2026-09-06T04:52:17.2833970Z              at /rustc/01f6ddf7588f42ae2d7eb0a2f21d44e8e96674cf/library/core/src/panic/unwind_safe.rs:274:9
2026-09-06T04:52:17.2834060Z   24: std::panicking::catch_unwind::do_call
2026-09-06T04:52:17.2834180Z              at /rustc/01f6ddf7588f42ae2d7eb0a2f21d44e8e96674cf/library/std/src/panicking.rs:581:40
2026-09-06T04:52:17.2834230Z   25: std::panicking::catch_unwind
2026-09-06T04:52:17.2834350Z              at /rustc/01f6ddf7588f42ae2d7eb0a2f21d44e8e96674cf/library/std/src/panicking.rs:544:19
2026-09-06T04:52:17.2834400Z   26: std::panic::catch_unwind
2026-09-06T04:52:17.2834550Z              at /rustc/01f6ddf7588f42ae2d7eb0a2f21d44e8e96674cf/library/std/src/panic.rs:359:14
2026-09-06T04:52:17.2834620Z   27: std::thread::lifecycle::spawn_unchecked::{{closure}}
2026-09-06T04:52:17.2834760Z              at /rustc/01f6ddf7588f42ae2d7eb0a2f21d44e8e96674cf/library/std/src/thread/lifecycle.rs:90:26
2026-09-06T04:52:17.2834830Z   28: core::ops::function::FnOnce::call_once{{vtable.shim}}
2026-09-06T04:52:17.2834960Z              at /rustc/01f6ddf7588f42ae2d7eb0a2f21d44e8e96674cf/library/core/src/ops/function.rs:250:5
2026-09-06T04:52:17.2835050Z   29: <alloc::boxed::Box<F,A> as core::ops::function::FnOnce<Args>>::call_once
2026-09-06T04:52:17.2835170Z              at /rustc/01f6ddf7588f42ae2d7eb0a2f21d44e8e96674cf/library/alloc/src/boxed.rs:2206:9
2026-09-06T04:52:17.2835230Z   30: std::sys::thread::unix::Thread::new::thread_start
2026-09-06T04:52:17.2835420Z              at /rustc/01f6ddf7588f42ae2d7eb0a2f21d44e8e96674cf/library/std/src/sys/thread/unix.rs:118:17
2026-09-06T04:52:17.2835460Z   31: __pthread_exit
2026-09-06T04:52:17.2835500Z stack backtrace:
2026-09-06T04:52:17.2835550Z    0: __rustc::rust_begin_unwind
2026-09-06T04:52:17.2835670Z              at /rustc/01f6ddf7588f42ae2d7eb0a2f21d44e8e96674cf/library/std/src/panicking.rs:689:5
2026-09-06T04:52:17.2835710Z    1: core::panicking::panic_fmt
2026-09-06T04:52:17.2835840Z              at /rustc/01f6ddf7588f42ae2d7eb0a2f21d44e8e96674cf/library/core/src/panicking.rs:80:14
2026-09-06T04:52:17.2835880Z    2: core::result::unwrap_failed
2026-09-06T04:52:17.2836000Z              at /rustc/01f6ddf7588f42ae2d7eb0a2f21d44e8e96674cf/library/core/src/result.rs:1867:5
2026-09-06T04:52:17.2836050Z    3: core::result::Result<T,E>::expect
2026-09-06T04:52:17.2836170Z              at /rustc/01f6ddf7588f42ae2d7eb0a2f21d44e8e96674cf/library/core/src/result.rs:1185:23
2026-09-06T04:52:17.2836310Z    4: spark_runtime::metal_backend::tests::parity_turbo::metal_attention_decode_turbo8_matches_reference
2026-09-06T04:52:17.2836380Z              at ./src/metal_backend/tests/parity_turbo.rs:271:10
2026-09-06T04:52:17.2836540Z    5: spark_runtime::metal_backend::tests::parity_turbo::metal_attention_decode_turbo8_matches_reference::{{closure}}
2026-09-06T04:52:17.2836610Z              at ./src/metal_backend/tests/parity_turbo.rs:265:53
2026-09-06T04:52:17.2836660Z    6: core::ops::function::FnOnce::call_once
2026-09-06T04:52:17.2836790Z              at /rustc/01f6ddf7588f42ae2d7eb0a2f21d44e8e96674cf/library/core/src/ops/function.rs:250:5
2026-09-06T04:52:17.2836840Z    7: core::ops::function::FnOnce::call_once
2026-09-06T04:52:17.2836970Z              at /rustc/01f6ddf7588f42ae2d7eb0a2f21d44e8e96674cf/library/core/src/ops/function.rs:250:5
2026-09-06T04:52:17.2837070Z note: Some details are omitted, run with `RUST_BACKTRACE=full` for a verbose backtrace.
2026-09-06T04:52:17.2837070Z 
2026-09-06T04:52:17.2837190Z ---- metal_backend::tests::parity_turbo23::metal_kv_cache_append_turbo2_matches_reference stdout ----
2026-09-06T04:52:17.2837200Z 
2026-09-06T04:52:17.2837440Z thread 'metal_backend::tests::parity_turbo23::metal_kv_cache_append_turbo2_matches_reference' (906643) panicked at crates/spark-runtime/src/metal_backend/tests/parity_turbo23.rs:78:10:
2026-09-06T04:52:17.2837510Z kernel lookup: Metal: unknown module 'kv_cache_append_turbo2'
2026-09-06T04:52:17.2837510Z 
2026-09-06T04:52:17.2837550Z Stack backtrace:
2026-09-06T04:52:17.2837600Z    0: std::backtrace_rs::backtrace::libunwind::trace
2026-09-06T04:52:17.2837760Z              at /rustc/01f6ddf7588f42ae2d7eb0a2f21d44e8e96674cf/library/std/src/../../backtrace/src/backtrace/libunwind.rs:117:9
2026-09-06T04:52:17.2837850Z    1: std::backtrace_rs::backtrace::trace_unsynchronized
2026-09-06T04:52:17.2838000Z              at /rustc/01f6ddf7588f42ae2d7eb0a2f21d44e8e96674cf/library/std/src/../../backtrace/src/backtrace/mod.rs:66:14
2026-09-06T04:52:17.2838040Z    2: std::backtrace::Backtrace::create
2026-09-06T04:52:17.2838160Z              at /rustc/01f6ddf7588f42ae2d7eb0a2f21d44e8e96674cf/library/std/src/backtrace.rs:331:13
2026-09-06T04:52:17.2838220Z    3: anyhow::error::<impl anyhow::Error>::msg
2026-09-06T04:52:17.2838380Z              at /Users/nologik/.cargo/registry/src/index.crates.io-1949cf8c6b5b557f/anyhow-1.0.104/src/backtrace.rs:10:14
2026-09-06T04:52:17.2838430Z    4: anyhow::__private::format_err
2026-09-06T04:52:17.2838580Z              at /Users/nologik/.cargo/registry/src/index.crates.io-1949cf8c6b5b557f/anyhow-1.0.104/src/lib.rs:690:13
2026-09-06T04:52:17.2838720Z    5: <spark_runtime::metal_backend::MetalGpuBackend as spark_runtime::gpu::GpuBackend>::kernel::{{closure}}
2026-09-06T04:52:17.2838780Z              at ./src/metal_backend.rs:515:28
2026-09-06T04:52:17.2838820Z    6: core::option::Option<T>::ok_or_else
2026-09-06T04:52:17.2838950Z              at /rustc/01f6ddf7588f42ae2d7eb0a2f21d44e8e96674cf/library/core/src/option.rs:1369:25
2026-09-06T04:52:17.2839110Z    7: <spark_runtime::metal_backend::MetalGpuBackend as spark_runtime::gpu::GpuBackend>::kernel
2026-09-06T04:52:17.2839160Z              at ./src/metal_backend.rs:515:14
2026-09-06T04:52:17.2839250Z    8: spark_runtime::metal_backend::tests::parity_turbo23::run_append
2026-09-06T04:52:17.2839320Z              at ./src/metal_backend/tests/parity_turbo23.rs:77:10
2026-09-06T04:52:17.2839450Z    9: spark_runtime::metal_backend::tests::parity_turbo23::metal_kv_cache_append_turbo2_matches_reference
2026-09-06T04:52:17.2839520Z              at ./src/metal_backend/tests/parity_turbo23.rs:185:30
2026-09-06T04:52:17.2839690Z   10: spark_runtime::metal_backend::tests::parity_turbo23::metal_kv_cache_append_turbo2_matches_reference::{{closure}}
2026-09-06T04:52:17.2839760Z              at ./src/metal_backend/tests/parity_turbo23.rs:171:52
2026-09-06T04:52:17.2839810Z   11: core::ops::function::FnOnce::call_once
2026-09-06T04:52:17.2839940Z              at /rustc/01f6ddf7588f42ae2d7eb0a2f21d44e8e96674cf/library/core/src/ops/function.rs:250:5
2026-09-06T04:52:17.2839990Z   12: core::ops::function::FnOnce::call_once
2026-09-06T04:52:17.2840120Z              at /rustc/01f6ddf7588f42ae2d7eb0a2f21d44e8e96674cf/library/core/src/ops/function.rs:250:5
2026-09-06T04:52:17.2840170Z   13: test::__rust_begin_short_backtrace
2026-09-06T04:52:17.2840280Z              at /rustc/01f6ddf7588f42ae2d7eb0a2f21d44e8e96674cf/library/test/src/lib.rs:663:18
2026-09-06T04:52:17.2840330Z   14: test::run_test_in_process::{{closure}}
2026-09-06T04:52:17.2840450Z              at /rustc/01f6ddf7588f42ae2d7eb0a2f21d44e8e96674cf/library/test/src/lib.rs:686:74
2026-09-06T04:52:17.2840580Z   15: <core::panic::unwind_safe::AssertUnwindSafe<F> as core::ops::function::FnOnce<()>>::call_once
2026-09-06T04:52:17.2840720Z              at /rustc/01f6ddf7588f42ae2d7eb0a2f21d44e8e96674cf/library/core/src/panic/unwind_safe.rs:274:9
2026-09-06T04:52:17.2840770Z   16: std::panicking::catch_unwind::do_call
2026-09-06T04:52:17.2840890Z              at /rustc/01f6ddf7588f42ae2d7eb0a2f21d44e8e96674cf/library/std/src/panicking.rs:581:40
2026-09-06T04:52:17.2840940Z   17: std::panicking::catch_unwind
2026-09-06T04:52:17.2841070Z              at /rustc/01f6ddf7588f42ae2d7eb0a2f21d44e8e96674cf/library/std/src/panicking.rs:544:19
2026-09-06T04:52:17.2841110Z   18: std::panic::catch_unwind
2026-09-06T04:52:17.2841230Z              at /rustc/01f6ddf7588f42ae2d7eb0a2f21d44e8e96674cf/library/std/src/panic.rs:359:14
2026-09-06T04:52:17.2841270Z   19: test::run_test_in_process
2026-09-06T04:52:17.2841380Z              at /rustc/01f6ddf7588f42ae2d7eb0a2f21d44e8e96674cf/library/test/src/lib.rs:686:27
2026-09-06T04:52:17.2841480Z   20: test::run_test::{{closure}}
2026-09-06T04:52:17.2841600Z              at /rustc/01f6ddf7588f42ae2d7eb0a2f21d44e8e96674cf/library/test/src/lib.rs:607:43
2026-09-06T04:52:17.2841640Z   21: test::run_test::{{closure}}
2026-09-06T04:52:17.2841750Z              at /rustc/01f6ddf7588f42ae2d7eb0a2f21d44e8e96674cf/library/test/src/lib.rs:637:41
2026-09-06T04:52:17.2841820Z   22: std::sys::backtrace::__rust_begin_short_backtrace
2026-09-06T04:52:17.2841950Z              at /rustc/01f6ddf7588f42ae2d7eb0a2f21d44e8e96674cf/library/std/src/sys/backtrace.rs:160:18
2026-09-06T04:52:17.2842030Z   23: std::thread::lifecycle::spawn_unchecked::{{closure}}::{{closure}}
2026-09-06T04:52:17.2842160Z              at /rustc/01f6ddf7588f42ae2d7eb0a2f21d44e8e96674cf/library/std/src/thread/lifecycle.rs:92:13
2026-09-06T04:52:17.2842270Z   24: <core::panic::unwind_safe::AssertUnwindSafe<F> as core::ops::function::FnOnce<()>>::call_once
2026-09-06T04:52:17.2842390Z              at /rustc/01f6ddf7588f42ae2d7eb0a2f21d44e8e96674cf/library/core/src/panic/unwind_safe.rs:274:9
2026-09-06T04:52:17.2842440Z   25: std::panicking::catch_unwind::do_call
2026-09-06T04:52:17.2842550Z              at /rustc/01f6ddf7588f42ae2d7eb0a2f21d44e8e96674cf/library/std/src/panicking.rs:581:40
2026-09-06T04:52:17.2842600Z   26: std::panicking::catch_unwind
2026-09-06T04:52:17.2842740Z              at /rustc/01f6ddf7588f42ae2d7eb0a2f21d44e8e96674cf/library/std/src/panicking.rs:544:19
2026-09-06T04:52:17.2842780Z   27: std::panic::catch_unwind
2026-09-06T04:52:17.2842890Z              at /rustc/01f6ddf7588f42ae2d7eb0a2f21d44e8e96674cf/library/std/src/panic.rs:359:14
2026-09-06T04:52:17.2842950Z   28: std::thread::lifecycle::spawn_unchecked::{{closure}}
2026-09-06T04:52:17.2843070Z              at /rustc/01f6ddf7588f42ae2d7eb0a2f21d44e8e96674cf/library/std/src/thread/lifecycle.rs:90:26
2026-09-06T04:52:17.2843130Z   29: core::ops::function::FnOnce::call_once{{vtable.shim}}
2026-09-06T04:52:17.2843250Z              at /rustc/01f6ddf7588f42ae2d7eb0a2f21d44e8e96674cf/library/core/src/ops/function.rs:250:5
2026-09-06T04:52:17.2843340Z   30: <alloc::boxed::Box<F,A> as core::ops::function::FnOnce<Args>>::call_once
2026-09-06T04:52:17.2843440Z              at /rustc/01f6ddf7588f42ae2d7eb0a2f21d44e8e96674cf/library/alloc/src/boxed.rs:2206:9
2026-09-06T04:52:17.2843500Z   31: std::sys::thread::unix::Thread::new::thread_start
2026-09-06T04:52:17.2843620Z              at /rustc/01f6ddf7588f42ae2d7eb0a2f21d44e8e96674cf/library/std/src/sys/thread/unix.rs:118:17
2026-09-06T04:52:17.2843660Z   32: __pthread_exit
2026-09-06T04:52:17.2843690Z stack backtrace:
2026-09-06T04:52:17.2843740Z    0: __rustc::rust_begin_unwind
2026-09-06T04:52:17.2843860Z              at /rustc/01f6ddf7588f42ae2d7eb0a2f21d44e8e96674cf/library/std/src/panicking.rs:689:5
2026-09-06T04:52:17.2843900Z    1: core::panicking::panic_fmt
2026-09-06T04:52:17.2844030Z              at /rustc/01f6ddf7588f42ae2d7eb0a2f21d44e8e96674cf/library/core/src/panicking.rs:80:14
2026-09-06T04:52:17.2844080Z    2: core::result::unwrap_failed
2026-09-06T04:52:17.2844200Z              at /rustc/01f6ddf7588f42ae2d7eb0a2f21d44e8e96674cf/library/core/src/result.rs:1867:5
2026-09-06T04:52:17.2844240Z    3: core::result::Result<T,E>::expect
2026-09-06T04:52:17.2844360Z              at /rustc/01f6ddf7588f42ae2d7eb0a2f21d44e8e96674cf/library/core/src/result.rs:1185:23
2026-09-06T04:52:17.2844450Z    4: spark_runtime::metal_backend::tests::parity_turbo23::run_append
2026-09-06T04:52:17.2844520Z              at ./src/metal_backend/tests/parity_turbo23.rs:78:10
2026-09-06T04:52:17.2844660Z    5: spark_runtime::metal_backend::tests::parity_turbo23::metal_kv_cache_append_turbo2_matches_reference
2026-09-06T04:52:17.2844720Z              at ./src/metal_backend/tests/parity_turbo23.rs:185:30
2026-09-06T04:52:17.2844880Z    6: spark_runtime::metal_backend::tests::parity_turbo23::metal_kv_cache_append_turbo2_matches_reference::{{closure}}
2026-09-06T04:52:17.2844950Z              at ./src/metal_backend/tests/parity_turbo23.rs:171:52
2026-09-06T04:52:17.2845070Z    7: core::ops::function::FnOnce::call_once
2026-09-06T04:52:17.2845200Z              at /rustc/01f6ddf7588f42ae2d7eb0a2f21d44e8e96674cf/library/core/src/ops/function.rs:250:5
2026-09-06T04:52:17.2845260Z    8: core::ops::function::FnOnce::call_once
2026-09-06T04:52:17.2845390Z              at /rustc/01f6ddf7588f42ae2d7eb0a2f21d44e8e96674cf/library/core/src/ops/function.rs:250:5
2026-09-06T04:52:17.2845500Z note: Some details are omitted, run with `RUST_BACKTRACE=full` for a verbose backtrace.
2026-09-06T04:52:17.2845500Z 
2026-09-06T04:52:17.2845630Z ---- metal_backend::tests::parity_turbo::metal_kv_cache_append_turbo8_matches_reference stdout ----
2026-09-06T04:52:17.2845630Z 
2026-09-06T04:52:17.2845900Z thread 'metal_backend::tests::parity_turbo::metal_kv_cache_append_turbo8_matches_reference' (906648) panicked at crates/spark-runtime/src/metal_backend/tests/parity_turbo.rs:183:10:
2026-09-06T04:52:17.2845980Z kernel lookup: Metal: unknown module 'kv_cache_append_turbo8'
2026-09-06T04:52:17.2845990Z 
2026-09-06T04:52:17.2846020Z Stack backtrace:
2026-09-06T04:52:17.2846090Z    0: std::backtrace_rs::backtrace::libunwind::trace
2026-09-06T04:52:17.2846260Z              at /rustc/01f6ddf7588f42ae2d7eb0a2f21d44e8e96674cf/library/std/src/../../backtrace/src/backtrace/libunwind.rs:117:9
2026-09-06T04:52:17.2846330Z    1: std::backtrace_rs::backtrace::trace_unsynchronized
2026-09-06T04:52:17.2846530Z              at /rustc/01f6ddf7588f42ae2d7eb0a2f21d44e8e96674cf/library/std/src/../../backtrace/src/backtrace/mod.rs:66:14
2026-09-06T04:52:17.2846580Z    2: std::backtrace::Backtrace::create
2026-09-06T04:52:17.2846700Z              at /rustc/01f6ddf7588f42ae2d7eb0a2f21d44e8e96674cf/library/std/src/backtrace.rs:331:13
2026-09-06T04:52:17.2846760Z    3: anyhow::error::<impl anyhow::Error>::msg
2026-09-06T04:52:17.2846920Z              at /Users/nologik/.cargo/registry/src/index.crates.io-1949cf8c6b5b557f/anyhow-1.0.104/src/backtrace.rs:10:14
2026-09-06T04:52:17.2846970Z    4: anyhow::__private::format_err
2026-09-06T04:52:17.2847100Z              at /Users/nologik/.cargo/registry/src/index.crates.io-1949cf8c6b5b557f/anyhow-1.0.104/src/lib.rs:690:13
2026-09-06T04:52:17.2847230Z    5: <spark_runtime::metal_backend::MetalGpuBackend as spark_runtime::gpu::GpuBackend>::kernel::{{closure}}
2026-09-06T04:52:17.2847280Z              at ./src/metal_backend.rs:515:28
2026-09-06T04:52:17.2847330Z    6: core::option::Option<T>::ok_or_else
2026-09-06T04:52:17.2847440Z              at /rustc/01f6ddf7588f42ae2d7eb0a2f21d44e8e96674cf/library/core/src/option.rs:1369:25
2026-09-06T04:52:17.2847550Z    7: <spark_runtime::metal_backend::MetalGpuBackend as spark_runtime::gpu::GpuBackend>::kernel
2026-09-06T04:52:17.2847590Z              at ./src/metal_backend.rs:515:14
2026-09-06T04:52:17.2847720Z    8: spark_runtime::metal_backend::tests::parity_turbo::metal_kv_cache_append_turbo8_matches_reference
2026-09-06T04:52:17.2847770Z              at ./src/metal_backend/tests/parity_turbo.rs:182:10
2026-09-06T04:52:17.2847920Z    9: spark_runtime::metal_backend::tests::parity_turbo::metal_kv_cache_append_turbo8_matches_reference::{{closure}}
2026-09-06T04:52:17.2847980Z              at ./src/metal_backend/tests/parity_turbo.rs:177:52
2026-09-06T04:52:17.2848020Z   10: core::ops::function::FnOnce::call_once
2026-09-06T04:52:17.2848140Z              at /rustc/01f6ddf7588f42ae2d7eb0a2f21d44e8e96674cf/library/core/src/ops/function.rs:250:5
2026-09-06T04:52:17.2848190Z   11: core::ops::function::FnOnce::call_once
2026-09-06T04:52:17.2848300Z              at /rustc/01f6ddf7588f42ae2d7eb0a2f21d44e8e96674cf/library/core/src/ops/function.rs:250:5
2026-09-06T04:52:17.2848350Z   12: test::__rust_begin_short_backtrace
2026-09-06T04:52:17.2848450Z              at /rustc/01f6ddf7588f42ae2d7eb0a2f21d44e8e96674cf/library/test/src/lib.rs:663:18
2026-09-06T04:52:17.2848500Z   13: test::run_test_in_process::{{closure}}
2026-09-06T04:52:17.2848600Z              at /rustc/01f6ddf7588f42ae2d7eb0a2f21d44e8e96674cf/library/test/src/lib.rs:686:74
2026-09-06T04:52:17.2848750Z   14: <core::panic::unwind_safe::AssertUnwindSafe<F> as core::ops::function::FnOnce<()>>::call_once
2026-09-06T04:52:17.2848900Z              at /rustc/01f6ddf7588f42ae2d7eb0a2f21d44e8e96674cf/library/core/src/panic/unwind_safe.rs:274:9
2026-09-06T04:52:17.2850880Z   15: std::panicking::catch_unwind::do_call
2026-09-06T04:52:17.2851020Z              at /rustc/01f6ddf7588f42ae2d7eb0a2f21d44e8e96674cf/library/std/src/panicking.rs:581:40
2026-09-06T04:52:17.2851070Z   16: std::panicking::catch_unwind
2026-09-06T04:52:17.2851190Z              at /rustc/01f6ddf7588f42ae2d7eb0a2f21d44e8e96674cf/library/std/src/panicking.rs:544:19
2026-09-06T04:52:17.2851240Z   17: std::panic::catch_unwind
2026-09-06T04:52:17.2851340Z              at /rustc/01f6ddf7588f42ae2d7eb0a2f21d44e8e96674cf/library/std/src/panic.rs:359:14
2026-09-06T04:52:17.2851380Z   18: test::run_test_in_process
2026-09-06T04:52:17.2851480Z              at /rustc/01f6ddf7588f42ae2d7eb0a2f21d44e8e96674cf/library/test/src/lib.rs:686:27
2026-09-06T04:52:17.2851530Z   19: test::run_test::{{closure}}
2026-09-06T04:52:17.2851630Z              at /rustc/01f6ddf7588f42ae2d7eb0a2f21d44e8e96674cf/library/test/src/lib.rs:607:43
2026-09-06T04:52:17.2851670Z   20: test::run_test::{{closure}}
2026-09-06T04:52:17.2851770Z              at /rustc/01f6ddf7588f42ae2d7eb0a2f21d44e8e96674cf/library/test/src/lib.rs:637:41
2026-09-06T04:52:17.2851890Z   21: std::sys::backtrace::__rust_begin_short_backtrace
2026-09-06T04:52:17.2852010Z              at /rustc/01f6ddf7588f42ae2d7eb0a2f21d44e8e96674cf/library/std/src/sys/backtrace.rs:160:18
2026-09-06T04:52:17.2852090Z   22: std::thread::lifecycle::spawn_unchecked::{{closure}}::{{closure}}
2026-09-06T04:52:17.2852210Z              at /rustc/01f6ddf7588f42ae2d7eb0a2f21d44e8e96674cf/library/std/src/thread/lifecycle.rs:92:13
2026-09-06T04:52:17.2852320Z   23: <core::panic::unwind_safe::AssertUnwindSafe<F> as core::ops::function::FnOnce<()>>::call_once
2026-09-06T04:52:17.2852450Z              at /rustc/01f6ddf7588f42ae2d7eb0a2f21d44e8e96674cf/library/core/src/panic/unwind_safe.rs:274:9
2026-09-06T04:52:17.2852500Z   24: std::panicking::catch_unwind::do_call
2026-09-06T04:52:17.2852610Z              at /rustc/01f6ddf7588f42ae2d7eb0a2f21d44e8e96674cf/library/std/src/panicking.rs:581:40
2026-09-06T04:52:17.2852650Z   25: std::panicking::catch_unwind
2026-09-06T04:52:17.2852760Z              at /rustc/01f6ddf7588f42ae2d7eb0a2f21d44e8e96674cf/library/std/src/panicking.rs:544:19
2026-09-06T04:52:17.2852800Z   26: std::panic::catch_unwind
2026-09-06T04:52:17.2852910Z              at /rustc/01f6ddf7588f42ae2d7eb0a2f21d44e8e96674cf/library/std/src/panic.rs:359:14
2026-09-06T04:52:17.2852970Z   27: std::thread::lifecycle::spawn_unchecked::{{closure}}
2026-09-06T04:52:17.2853090Z              at /rustc/01f6ddf7588f42ae2d7eb0a2f21d44e8e96674cf/library/std/src/thread/lifecycle.rs:90:26
2026-09-06T04:52:17.2853150Z   28: core::ops::function::FnOnce::call_once{{vtable.shim}}
2026-09-06T04:52:17.2853270Z              at /rustc/01f6ddf7588f42ae2d7eb0a2f21d44e8e96674cf/library/core/src/ops/function.rs:250:5
2026-09-06T04:52:17.2853350Z   29: <alloc::boxed::Box<F,A> as core::ops::function::FnOnce<Args>>::call_once
2026-09-06T04:52:17.2853460Z              at /rustc/01f6ddf7588f42ae2d7eb0a2f21d44e8e96674cf/library/alloc/src/boxed.rs:2206:9
2026-09-06T04:52:17.2853520Z   30: std::sys::thread::unix::Thread::new::thread_start
2026-09-06T04:52:17.2853660Z              at /rustc/01f6ddf7588f42ae2d7eb0a2f21d44e8e96674cf/library/std/src/sys/thread/unix.rs:118:17
2026-09-06T04:52:17.2853700Z   31: __pthread_exit
2026-09-06T04:52:17.2853730Z stack backtrace:
2026-09-06T04:52:17.2853780Z    0: __rustc::rust_begin_unwind
2026-09-06T04:52:17.2853900Z              at /rustc/01f6ddf7588f42ae2d7eb0a2f21d44e8e96674cf/library/std/src/panicking.rs:689:5
2026-09-06T04:52:17.2853950Z    1: core::panicking::panic_fmt
2026-09-06T04:52:17.2854070Z              at /rustc/01f6ddf7588f42ae2d7eb0a2f21d44e8e96674cf/library/core/src/panicking.rs:80:14
2026-09-06T04:52:17.2854150Z    2: core::result::unwrap_failed
2026-09-06T04:52:17.2854270Z              at /rustc/01f6ddf7588f42ae2d7eb0a2f21d44e8e96674cf/library/core/src/result.rs:1867:5
2026-09-06T04:52:17.2854320Z    3: core::result::Result<T,E>::expect
2026-09-06T04:52:17.2854440Z              at /rustc/01f6ddf7588f42ae2d7eb0a2f21d44e8e96674cf/library/core/src/result.rs:1185:23
2026-09-06T04:52:17.2854580Z    4: spark_runtime::metal_backend::tests::parity_turbo::metal_kv_cache_append_turbo8_matches_reference
2026-09-06T04:52:17.2854650Z              at ./src/metal_backend/tests/parity_turbo.rs:183:10
2026-09-06T04:52:17.2854810Z    5: spark_runtime::metal_backend::tests::parity_turbo::metal_kv_cache_append_turbo8_matches_reference::{{closure}}
2026-09-06T04:52:17.2854870Z              at ./src/metal_backend/tests/parity_turbo.rs:177:52
2026-09-06T04:52:17.2854920Z    6: core::ops::function::FnOnce::call_once
2026-09-06T04:52:17.2855050Z              at /rustc/01f6ddf7588f42ae2d7eb0a2f21d44e8e96674cf/library/core/src/ops/function.rs:250:5
2026-09-06T04:52:17.2855110Z    7: core::ops::function::FnOnce::call_once
2026-09-06T04:52:17.2855240Z              at /rustc/01f6ddf7588f42ae2d7eb0a2f21d44e8e96674cf/library/core/src/ops/function.rs:250:5
2026-09-06T04:52:17.2855350Z note: Some details are omitted, run with `RUST_BACKTRACE=full` for a verbose backtrace.
2026-09-06T04:52:17.2855350Z 
2026-09-06T04:52:17.2855500Z ---- metal_backend::tests::parity_quant::metal_mlx_int8_gemm_matches_reference stdout ----
2026-09-06T04:52:17.2855500Z 
2026-09-06T04:52:17.2855770Z thread 'metal_backend::tests::parity_quant::metal_mlx_int8_gemm_matches_reference' (906640) panicked at crates/spark-runtime/src/metal_backend/tests/parity_quant.rs:319:67:
2026-09-06T04:52:17.2855870Z called `Result::unwrap()` on an `Err` value: Metal: unknown module 'mlx_int8_gemm'
2026-09-06T04:52:17.2855870Z 
2026-09-06T04:52:17.2855910Z Stack backtrace:
2026-09-06T04:52:17.2855970Z    0: std::backtrace_rs::backtrace::libunwind::trace
2026-09-06T04:52:17.2856150Z              at /rustc/01f6ddf7588f42ae2d7eb0a2f21d44e8e96674cf/library/std/src/../../backtrace/src/backtrace/libunwind.rs:117:9
2026-09-06T04:52:17.2856220Z    1: std::backtrace_rs::backtrace::trace_unsynchronized
2026-09-06T04:52:17.2856380Z              at /rustc/01f6ddf7588f42ae2d7eb0a2f21d44e8e96674cf/library/std/src/../../backtrace/src/backtrace/mod.rs:66:14
2026-09-06T04:52:17.2856430Z    2: std::backtrace::Backtrace::create
2026-09-06T04:52:17.2856550Z              at /rustc/01f6ddf7588f42ae2d7eb0a2f21d44e8e96674cf/library/std/src/backtrace.rs:331:13
2026-09-06T04:52:17.2856610Z    3: anyhow::error::<impl anyhow::Error>::msg
2026-09-06T04:52:17.2856770Z              at /Users/nologik/.cargo/registry/src/index.crates.io-1949cf8c6b5b557f/anyhow-1.0.104/src/backtrace.rs:10:14
2026-09-06T04:52:17.2856810Z    4: anyhow::__private::format_err
2026-09-06T04:52:17.2856960Z              at /Users/nologik/.cargo/registry/src/index.crates.io-1949cf8c6b5b557f/anyhow-1.0.104/src/lib.rs:690:13
2026-09-06T04:52:17.2857100Z    5: <spark_runtime::metal_backend::MetalGpuBackend as spark_runtime::gpu::GpuBackend>::kernel::{{closure}}
2026-09-06T04:52:17.2857140Z              at ./src/metal_backend.rs:515:28
2026-09-06T04:52:17.2857190Z    6: core::option::Option<T>::ok_or_else
2026-09-06T04:52:17.2857300Z              at /rustc/01f6ddf7588f42ae2d7eb0a2f21d44e8e96674cf/library/core/src/option.rs:1369:25
2026-09-06T04:52:17.2857410Z    7: <spark_runtime::metal_backend::MetalGpuBackend as spark_runtime::gpu::GpuBackend>::kernel
2026-09-06T04:52:17.2857460Z              at ./src/metal_backend.rs:515:14
2026-09-06T04:52:17.2857560Z    8: spark_runtime::metal_backend::tests::parity_quant::metal_mlx_int8_gemm_matches_reference
2026-09-06T04:52:17.2857620Z              at ./src/metal_backend/tests/parity_quant.rs:319:26
2026-09-06T04:52:17.2857750Z    9: spark_runtime::metal_backend::tests::parity_quant::metal_mlx_int8_gemm_matches_reference::{{closure}}
2026-09-06T04:52:17.2857810Z              at ./src/metal_backend/tests/parity_quant.rs:273:43
2026-09-06T04:52:17.2857900Z   10: core::ops::function::FnOnce::call_once
2026-09-06T04:52:17.2858020Z              at /rustc/01f6ddf7588f42ae2d7eb0a2f21d44e8e96674cf/library/core/src/ops/function.rs:250:5
2026-09-06T04:52:17.2858070Z   11: core::ops::function::FnOnce::call_once
2026-09-06T04:52:17.2858180Z              at /rustc/01f6ddf7588f42ae2d7eb0a2f21d44e8e96674cf/library/core/src/ops/function.rs:250:5
2026-09-06T04:52:17.2858230Z   12: test::__rust_begin_short_backtrace
2026-09-06T04:52:17.2858330Z              at /rustc/01f6ddf7588f42ae2d7eb0a2f21d44e8e96674cf/library/test/src/lib.rs:663:18
2026-09-06T04:52:17.2858370Z   13: test::run_test_in_process::{{closure}}
2026-09-06T04:52:17.2858480Z              at /rustc/01f6ddf7588f42ae2d7eb0a2f21d44e8e96674cf/library/test/src/lib.rs:686:74
2026-09-06T04:52:17.2858590Z   14: <core::panic::unwind_safe::AssertUnwindSafe<F> as core::ops::function::FnOnce<()>>::call_once
2026-09-06T04:52:17.2858720Z              at /rustc/01f6ddf7588f42ae2d7eb0a2f21d44e8e96674cf/library/core/src/panic/unwind_safe.rs:274:9
2026-09-06T04:52:17.2858770Z   15: std::panicking::catch_unwind::do_call
2026-09-06T04:52:17.2858900Z              at /rustc/01f6ddf7588f42ae2d7eb0a2f21d44e8e96674cf/library/std/src/panicking.rs:581:40
2026-09-06T04:52:17.2858940Z   16: std::panicking::catch_unwind
2026-09-06T04:52:17.2859100Z              at /rustc/01f6ddf7588f42ae2d7eb0a2f21d44e8e96674cf/library/std/src/panicking.rs:544:19
2026-09-06T04:52:17.2859150Z   17: std::panic::catch_unwind
2026-09-06T04:52:17.2859270Z              at /rustc/01f6ddf7588f42ae2d7eb0a2f21d44e8e96674cf/library/std/src/panic.rs:359:14
2026-09-06T04:52:17.2859320Z   18: test::run_test_in_process
2026-09-06T04:52:17.2859430Z              at /rustc/01f6ddf7588f42ae2d7eb0a2f21d44e8e96674cf/library/test/src/lib.rs:686:27
2026-09-06T04:52:17.2859470Z   19: test::run_test::{{closure}}
2026-09-06T04:52:17.2859590Z              at /rustc/01f6ddf7588f42ae2d7eb0a2f21d44e8e96674cf/library/test/src/lib.rs:607:43
2026-09-06T04:52:17.2859630Z   20: test::run_test::{{closure}}
2026-09-06T04:52:17.2859750Z              at /rustc/01f6ddf7588f42ae2d7eb0a2f21d44e8e96674cf/library/test/src/lib.rs:637:41
2026-09-06T04:52:17.2859810Z   21: std::sys::backtrace::__rust_begin_short_backtrace
2026-09-06T04:52:17.2859940Z              at /rustc/01f6ddf7588f42ae2d7eb0a2f21d44e8e96674cf/library/std/src/sys/backtrace.rs:160:18
2026-09-06T04:52:17.2860030Z   22: std::thread::lifecycle::spawn_unchecked::{{closure}}::{{closure}}
2026-09-06T04:52:17.2860170Z              at /rustc/01f6ddf7588f42ae2d7eb0a2f21d44e8e96674cf/library/std/src/thread/lifecycle.rs:92:13
2026-09-06T04:52:17.2860290Z   23: <core::panic::unwind_safe::AssertUnwindSafe<F> as core::ops::function::FnOnce<()>>::call_once
2026-09-06T04:52:17.2860430Z              at /rustc/01f6ddf7588f42ae2d7eb0a2f21d44e8e96674cf/library/core/src/panic/unwind_safe.rs:274:9
2026-09-06T04:52:17.2860490Z   24: std::panicking::catch_unwind::do_call
2026-09-06T04:52:17.2860610Z              at /rustc/01f6ddf7588f42ae2d7eb0a2f21d44e8e96674cf/library/std/src/panicking.rs:581:40
2026-09-06T04:52:17.2860660Z   25: std::panicking::catch_unwind
2026-09-06T04:52:17.2860780Z              at /rustc/01f6ddf7588f42ae2d7eb0a2f21d44e8e96674cf/library/std/src/panicking.rs:544:19
2026-09-06T04:52:17.2860820Z   26: std::panic::catch_unwind
2026-09-06T04:52:17.2860940Z              at /rustc/01f6ddf7588f42ae2d7eb0a2f21d44e8e96674cf/library/std/src/panic.rs:359:14
2026-09-06T04:52:17.2861010Z   27: std::thread::lifecycle::spawn_unchecked::{{closure}}
2026-09-06T04:52:17.2861150Z              at /rustc/01f6ddf7588f42ae2d7eb0a2f21d44e8e96674cf/library/std/src/thread/lifecycle.rs:90:26
2026-09-06T04:52:17.2861220Z   28: core::ops::function::FnOnce::call_once{{vtable.shim}}
2026-09-06T04:52:17.2861350Z              at /rustc/01f6ddf7588f42ae2d7eb0a2f21d44e8e96674cf/library/core/src/ops/function.rs:250:5
2026-09-06T04:52:17.2861440Z   29: <alloc::boxed::Box<F,A> as core::ops::function::FnOnce<Args>>::call_once
2026-09-06T04:52:17.2861600Z              at /rustc/01f6ddf7588f42ae2d7eb0a2f21d44e8e96674cf/library/alloc/src/boxed.rs:2206:9
2026-09-06T04:52:17.2861660Z   30: std::sys::thread::unix::Thread::new::thread_start
2026-09-06T04:52:17.2861800Z              at /rustc/01f6ddf7588f42ae2d7eb0a2f21d44e8e96674cf/library/std/src/sys/thread/unix.rs:118:17
2026-09-06T04:52:17.2861840Z   31: __pthread_exit
2026-09-06T04:52:17.2861880Z stack backtrace:
2026-09-06T04:52:17.2861920Z    0: __rustc::rust_begin_unwind
2026-09-06T04:52:17.2862040Z              at /rustc/01f6ddf7588f42ae2d7eb0a2f21d44e8e96674cf/library/std/src/panicking.rs:689:5
2026-09-06T04:52:17.2862080Z    1: core::panicking::panic_fmt
2026-09-06T04:52:17.2862190Z              at /rustc/01f6ddf7588f42ae2d7eb0a2f21d44e8e96674cf/library/core/src/panicking.rs:80:14
2026-09-06T04:52:17.2862230Z    2: core::result::unwrap_failed
2026-09-06T04:52:17.2862340Z              at /rustc/01f6ddf7588f42ae2d7eb0a2f21d44e8e96674cf/library/core/src/result.rs:1867:5
2026-09-06T04:52:17.2862390Z    3: core::result::Result<T,E>::unwrap
2026-09-06T04:52:17.2862490Z              at /rustc/01f6ddf7588f42ae2d7eb0a2f21d44e8e96674cf/library/core/src/result.rs:1233:23
2026-09-06T04:52:17.2862600Z    4: spark_runtime::metal_backend::tests::parity_quant::metal_mlx_int8_gemm_matches_reference
2026-09-06T04:52:17.2862660Z              at ./src/metal_backend/tests/parity_quant.rs:319:67
2026-09-06T04:52:17.2862820Z    5: spark_runtime::metal_backend::tests::parity_quant::metal_mlx_int8_gemm_matches_reference::{{closure}}
2026-09-06T04:52:17.2862880Z              at ./src/metal_backend/tests/parity_quant.rs:273:43
2026-09-06T04:52:17.2862930Z    6: core::ops::function::FnOnce::call_once
2026-09-06T04:52:17.2863040Z              at /rustc/01f6ddf7588f42ae2d7eb0a2f21d44e8e96674cf/library/core/src/ops/function.rs:250:5
2026-09-06T04:52:17.2863090Z    7: core::ops::function::FnOnce::call_once
2026-09-06T04:52:17.2863210Z              at /rustc/01f6ddf7588f42ae2d7eb0a2f21d44e8e96674cf/library/core/src/ops/function.rs:250:5
2026-09-06T04:52:17.2863310Z note: Some details are omitted, run with `RUST_BACKTRACE=full` for a verbose backtrace.
2026-09-06T04:52:17.2863310Z 
2026-09-06T04:52:17.2863450Z ---- metal_backend::tests::parity_turbo4::metal_attention_decode_turbo4_matches_reference stdout ----
2026-09-06T04:52:17.2863450Z 
2026-09-06T04:52:17.2863730Z thread 'metal_backend::tests::parity_turbo4::metal_attention_decode_turbo4_matches_reference' (906645) panicked at crates/spark-runtime/src/metal_backend/tests/parity_turbo4.rs:154:10:
2026-09-06T04:52:17.2863810Z append lookup: Metal: unknown module 'kv_cache_append_turbo4'
2026-09-06T04:52:17.2863810Z 
2026-09-06T04:52:17.2863850Z Stack backtrace:
2026-09-06T04:52:17.2863910Z    0: std::backtrace_rs::backtrace::libunwind::trace
2026-09-06T04:52:17.2864080Z              at /rustc/01f6ddf7588f42ae2d7eb0a2f21d44e8e96674cf/library/std/src/../../backtrace/src/backtrace/libunwind.rs:117:9
2026-09-06T04:52:17.2864150Z    1: std::backtrace_rs::backtrace::trace_unsynchronized
2026-09-06T04:52:17.2864310Z              at /rustc/01f6ddf7588f42ae2d7eb0a2f21d44e8e96674cf/library/std/src/../../backtrace/src/backtrace/mod.rs:66:14
2026-09-06T04:52:17.2864360Z    2: std::backtrace::Backtrace::create
2026-09-06T04:52:17.2864480Z              at /rustc/01f6ddf7588f42ae2d7eb0a2f21d44e8e96674cf/library/std/src/backtrace.rs:331:13
2026-09-06T04:52:17.2864540Z    3: anyhow::error::<impl anyhow::Error>::msg
2026-09-06T04:52:17.2864700Z              at /Users/nologik/.cargo/registry/src/index.crates.io-1949cf8c6b5b557f/anyhow-1.0.104/src/backtrace.rs:10:14
2026-09-06T04:52:17.2864750Z    4: anyhow::__private::format_err
2026-09-06T04:52:17.2864900Z              at /Users/nologik/.cargo/registry/src/index.crates.io-1949cf8c6b5b557f/anyhow-1.0.104/src/lib.rs:690:13
2026-09-06T04:52:17.2865050Z    5: <spark_runtime::metal_backend::MetalGpuBackend as spark_runtime::gpu::GpuBackend>::kernel::{{closure}}
2026-09-06T04:52:17.2865100Z              at ./src/metal_backend.rs:515:28
2026-09-06T04:52:17.2865190Z    6: core::option::Option<T>::ok_or_else
2026-09-06T04:52:17.2865310Z              at /rustc/01f6ddf7588f42ae2d7eb0a2f21d44e8e96674cf/library/core/src/option.rs:1369:25
2026-09-06T04:52:17.2865440Z    7: <spark_runtime::metal_backend::MetalGpuBackend as spark_runtime::gpu::GpuBackend>::kernel
2026-09-06T04:52:17.2865490Z              at ./src/metal_backend.rs:515:14
2026-09-06T04:52:17.2865630Z    8: spark_runtime::metal_backend::tests::parity_turbo4::metal_attention_decode_turbo4_matches_reference
2026-09-06T04:52:17.2865700Z              at ./src/metal_backend/tests/parity_turbo4.rs:153:10
2026-09-06T04:52:17.2865860Z    9: spark_runtime::metal_backend::tests::parity_turbo4::metal_attention_decode_turbo4_matches_reference::{{closure}}
2026-09-06T04:52:17.2865920Z              at ./src/metal_backend/tests/parity_turbo4.rs:148:53
2026-09-06T04:52:17.2865980Z   10: core::ops::function::FnOnce::call_once
2026-09-06T04:52:17.2866100Z              at /rustc/01f6ddf7588f42ae2d7eb0a2f21d44e8e96674cf/library/core/src/ops/function.rs:250:5
2026-09-06T04:52:17.2866160Z   11: core::ops::function::FnOnce::call_once
2026-09-06T04:52:17.2866290Z              at /rustc/01f6ddf7588f42ae2d7eb0a2f21d44e8e96674cf/library/core/src/ops/function.rs:250:5
2026-09-06T04:52:17.2866340Z   12: test::__rust_begin_short_backtrace
2026-09-06T04:52:17.2866500Z              at /rustc/01f6ddf7588f42ae2d7eb0a2f21d44e8e96674cf/library/test/src/lib.rs:663:18
2026-09-06T04:52:17.2866550Z   13: test::run_test_in_process::{{closure}}
2026-09-06T04:52:17.2866670Z              at /rustc/01f6ddf7588f42ae2d7eb0a2f21d44e8e96674cf/library/test/src/lib.rs:686:74
2026-09-06T04:52:17.2866790Z   14: <core::panic::unwind_safe::AssertUnwindSafe<F> as core::ops::function::FnOnce<()>>::call_once
2026-09-06T04:52:17.2866930Z              at /rustc/01f6ddf7588f42ae2d7eb0a2f21d44e8e96674cf/library/core/src/panic/unwind_safe.rs:274:9
2026-09-06T04:52:17.2866980Z   15: std::panicking::catch_unwind::do_call
2026-09-06T04:52:17.2867090Z              at /rustc/01f6ddf7588f42ae2d7eb0a2f21d44e8e96674cf/library/std/src/panicking.rs:581:40
2026-09-06T04:52:17.2867140Z   16: std::panicking::catch_unwind
2026-09-06T04:52:17.2867250Z              at /rustc/01f6ddf7588f42ae2d7eb0a2f21d44e8e96674cf/library/std/src/panicking.rs:544:19
2026-09-06T04:52:17.2867290Z   17: std::panic::catch_unwind
2026-09-06T04:52:17.2867390Z              at /rustc/01f6ddf7588f42ae2d7eb0a2f21d44e8e96674cf/library/std/src/panic.rs:359:14
2026-09-06T04:52:17.2867430Z   18: test::run_test_in_process
2026-09-06T04:52:17.2867530Z              at /rustc/01f6ddf7588f42ae2d7eb0a2f21d44e8e96674cf/library/test/src/lib.rs:686:27
2026-09-06T04:52:17.2867570Z   19: test::run_test::{{closure}}
2026-09-06T04:52:17.2867670Z              at /rustc/01f6ddf7588f42ae2d7eb0a2f21d44e8e96674cf/library/test/src/lib.rs:607:43
2026-09-06T04:52:17.2867710Z   20: test::run_test::{{closure}}
2026-09-06T04:52:17.2867810Z              at /rustc/01f6ddf7588f42ae2d7eb0a2f21d44e8e96674cf/library/test/src/lib.rs:637:41
2026-09-06T04:52:17.2867870Z   21: std::sys::backtrace::__rust_begin_short_backtrace
2026-09-06T04:52:17.2867990Z              at /rustc/01f6ddf7588f42ae2d7eb0a2f21d44e8e96674cf/library/std/src/sys/backtrace.rs:160:18
2026-09-06T04:52:17.2868070Z   22: std::thread::lifecycle::spawn_unchecked::{{closure}}::{{closure}}
2026-09-06T04:52:17.2868190Z              at /rustc/01f6ddf7588f42ae2d7eb0a2f21d44e8e96674cf/library/std/src/thread/lifecycle.rs:92:13
2026-09-06T04:52:17.2868300Z   23: <core::panic::unwind_safe::AssertUnwindSafe<F> as core::ops::function::FnOnce<()>>::call_once
2026-09-06T04:52:17.2868430Z              at /rustc/01f6ddf7588f42ae2d7eb0a2f21d44e8e96674cf/library/core/src/panic/unwind_safe.rs:274:9
2026-09-06T04:52:17.2868470Z   24: std::panicking::catch_unwind::do_call
2026-09-06T04:52:17.2868580Z              at /rustc/01f6ddf7588f42ae2d7eb0a2f21d44e8e96674cf/library/std/src/panicking.rs:581:40
2026-09-06T04:52:17.2868630Z   25: std::panicking::catch_unwind
2026-09-06T04:52:17.2868740Z              at /rustc/01f6ddf7588f42ae2d7eb0a2f21d44e8e96674cf/library/std/src/panicking.rs:544:19
2026-09-06T04:52:17.2868820Z   26: std::panic::catch_unwind
2026-09-06T04:52:17.2868940Z              at /rustc/01f6ddf7588f42ae2d7eb0a2f21d44e8e96674cf/library/std/src/panic.rs:359:14
2026-09-06T04:52:17.2869010Z   27: std::thread::lifecycle::spawn_unchecked::{{closure}}
2026-09-06T04:52:17.2869140Z              at /rustc/01f6ddf7588f42ae2d7eb0a2f21d44e8e96674cf/library/std/src/thread/lifecycle.rs:90:26
2026-09-06T04:52:17.2869210Z   28: core::ops::function::FnOnce::call_once{{vtable.shim}}
2026-09-06T04:52:17.2869340Z              at /rustc/01f6ddf7588f42ae2d7eb0a2f21d44e8e96674cf/library/core/src/ops/function.rs:250:5
2026-09-06T04:52:17.2869430Z   29: <alloc::boxed::Box<F,A> as core::ops::function::FnOnce<Args>>::call_once
2026-09-06T04:52:17.2869550Z              at /rustc/01f6ddf7588f42ae2d7eb0a2f21d44e8e96674cf/library/alloc/src/boxed.rs:2206:9
2026-09-06T04:52:17.2869620Z   30: std::sys::thread::unix::Thread::new::thread_start
2026-09-06T04:52:17.2869750Z              at /rustc/01f6ddf7588f42ae2d7eb0a2f21d44e8e96674cf/library/std/src/sys/thread/unix.rs:118:17
2026-09-06T04:52:17.2869790Z   31: __pthread_exit
2026-09-06T04:52:17.2869830Z stack backtrace:
2026-09-06T04:52:17.2869880Z    0: __rustc::rust_begin_unwind
2026-09-06T04:52:17.2870040Z              at /rustc/01f6ddf7588f42ae2d7eb0a2f21d44e8e96674cf/library/std/src/panicking.rs:689:5
2026-09-06T04:52:17.2870090Z    1: core::panicking::panic_fmt
2026-09-06T04:52:17.2870210Z              at /rustc/01f6ddf7588f42ae2d7eb0a2f21d44e8e96674cf/library/core/src/panicking.rs:80:14
2026-09-06T04:52:17.2870260Z    2: core::result::unwrap_failed
2026-09-06T04:52:17.2870380Z              at /rustc/01f6ddf7588f42ae2d7eb0a2f21d44e8e96674cf/library/core/src/result.rs:1867:5
2026-09-06T04:52:17.2870420Z    3: core::result::Result<T,E>::expect
2026-09-06T04:52:17.2870540Z              at /rustc/01f6ddf7588f42ae2d7eb0a2f21d44e8e96674cf/library/core/src/result.rs:1185:23
2026-09-06T04:52:17.2870680Z    4: spark_runtime::metal_backend::tests::parity_turbo4::metal_attention_decode_turbo4_matches_reference
2026-09-06T04:52:17.2870750Z              at ./src/metal_backend/tests/parity_turbo4.rs:154:10
2026-09-06T04:52:17.2870910Z    5: spark_runtime::metal_backend::tests::parity_turbo4::metal_attention_decode_turbo4_matches_reference::{{closure}}
2026-09-06T04:52:17.2870980Z              at ./src/metal_backend/tests/parity_turbo4.rs:148:53
2026-09-06T04:52:17.2871030Z    6: core::ops::function::FnOnce::call_once
2026-09-06T04:52:17.2871160Z              at /rustc/01f6ddf7588f42ae2d7eb0a2f21d44e8e96674cf/library/core/src/ops/function.rs:250:5
2026-09-06T04:52:17.2871220Z    7: core::ops::function::FnOnce::call_once
2026-09-06T04:52:17.2871340Z              at /rustc/01f6ddf7588f42ae2d7eb0a2f21d44e8e96674cf/library/core/src/ops/function.rs:250:5
2026-09-06T04:52:17.2871450Z note: Some details are omitted, run with `RUST_BACKTRACE=full` for a verbose backtrace.
2026-09-06T04:52:17.2871460Z 
2026-09-06T04:52:17.2871570Z ---- metal_backend::tests::parity_turbo::metal_wht_bf16_inverse_roundtrip stdout ----
2026-09-06T04:52:17.2871570Z 
2026-09-06T04:52:17.2871820Z thread 'metal_backend::tests::parity_turbo::metal_wht_bf16_inverse_roundtrip' (906649) panicked at crates/spark-runtime/src/metal_backend/tests/parity_turbo.rs:127:10:
2026-09-06T04:52:17.2871870Z fwd lookup: Metal: unknown module 'wht_bf16'
2026-09-06T04:52:17.2871880Z 
2026-09-06T04:52:17.2871920Z Stack backtrace:
2026-09-06T04:52:17.2871980Z    0: std::backtrace_rs::backtrace::libunwind::trace
2026-09-06T04:52:17.2872130Z              at /rustc/01f6ddf7588f42ae2d7eb0a2f21d44e8e96674cf/library/std/src/../../backtrace/src/backtrace/libunwind.rs:117:9
2026-09-06T04:52:17.2872190Z    1: std::backtrace_rs::backtrace::trace_unsynchronized
2026-09-06T04:52:17.2872340Z              at /rustc/01f6ddf7588f42ae2d7eb0a2f21d44e8e96674cf/library/std/src/../../backtrace/src/backtrace/mod.rs:66:14
2026-09-06T04:52:17.2872380Z    2: std::backtrace::Backtrace::create
2026-09-06T04:52:17.2872540Z              at /rustc/01f6ddf7588f42ae2d7eb0a2f21d44e8e96674cf/library/std/src/backtrace.rs:331:13
2026-09-06T04:52:17.2872590Z    3: anyhow::error::<impl anyhow::Error>::msg
2026-09-06T04:52:17.2872730Z              at /Users/nologik/.cargo/registry/src/index.crates.io-1949cf8c6b5b557f/anyhow-1.0.104/src/backtrace.rs:10:14
2026-09-06T04:52:17.2872770Z    4: anyhow::__private::format_err
2026-09-06T04:52:17.2872910Z              at /Users/nologik/.cargo/registry/src/index.crates.io-1949cf8c6b5b557f/anyhow-1.0.104/src/lib.rs:690:13
2026-09-06T04:52:17.2873040Z    5: <spark_runtime::metal_backend::MetalGpuBackend as spark_runtime::gpu::GpuBackend>::kernel::{{closure}}
2026-09-06T04:52:17.2873090Z              at ./src/metal_backend.rs:515:28
2026-09-06T04:52:17.2873130Z    6: core::option::Option<T>::ok_or_else
2026-09-06T04:52:17.2873240Z              at /rustc/01f6ddf7588f42ae2d7eb0a2f21d44e8e96674cf/library/core/src/option.rs:1369:25
2026-09-06T04:52:17.2873350Z    7: <spark_runtime::metal_backend::MetalGpuBackend as spark_runtime::gpu::GpuBackend>::kernel
2026-09-06T04:52:17.2873400Z              at ./src/metal_backend.rs:515:14
2026-09-06T04:52:17.2873500Z    8: spark_runtime::metal_backend::tests::parity_turbo::metal_wht_bf16_inverse_roundtrip
2026-09-06T04:52:17.2873560Z              at ./src/metal_backend/tests/parity_turbo.rs:126:10
2026-09-06T04:52:17.2873710Z    9: spark_runtime::metal_backend::tests::parity_turbo::metal_wht_bf16_inverse_roundtrip::{{closure}}
2026-09-06T04:52:17.2873780Z              at ./src/metal_backend/tests/parity_turbo.rs:121:38
2026-09-06T04:52:17.2873840Z   10: core::ops::function::FnOnce::call_once
2026-09-06T04:52:17.2873960Z              at /rustc/01f6ddf7588f42ae2d7eb0a2f21d44e8e96674cf/library/core/src/ops/function.rs:250:5
2026-09-06T04:52:17.2874020Z   11: core::ops::function::FnOnce::call_once
2026-09-06T04:52:17.2874150Z              at /rustc/01f6ddf7588f42ae2d7eb0a2f21d44e8e96674cf/library/core/src/ops/function.rs:250:5
2026-09-06T04:52:17.2874200Z   12: test::__rust_begin_short_backtrace
2026-09-06T04:52:17.2874310Z              at /rustc/01f6ddf7588f42ae2d7eb0a2f21d44e8e96674cf/library/test/src/lib.rs:663:18
2026-09-06T04:52:17.2874360Z   13: test::run_test_in_process::{{closure}}
2026-09-06T04:52:17.2874470Z              at /rustc/01f6ddf7588f42ae2d7eb0a2f21d44e8e96674cf/library/test/src/lib.rs:686:74
2026-09-06T04:52:17.2874610Z   14: <core::panic::unwind_safe::AssertUnwindSafe<F> as core::ops::function::FnOnce<()>>::call_once
2026-09-06T04:52:17.2874750Z              at /rustc/01f6ddf7588f42ae2d7eb0a2f21d44e8e96674cf/library/core/src/panic/unwind_safe.rs:274:9
2026-09-06T04:52:17.2874800Z   15: std::panicking::catch_unwind::do_call
2026-09-06T04:52:17.2874920Z              at /rustc/01f6ddf7588f42ae2d7eb0a2f21d44e8e96674cf/library/std/src/panicking.rs:581:40
2026-09-06T04:52:17.2874970Z   16: std::panicking::catch_unwind
2026-09-06T04:52:17.2875090Z              at /rustc/01f6ddf7588f42ae2d7eb0a2f21d44e8e96674cf/library/std/src/panicking.rs:544:19
2026-09-06T04:52:17.2875140Z   17: std::panic::catch_unwind
2026-09-06T04:52:17.2875250Z              at /rustc/01f6ddf7588f42ae2d7eb0a2f21d44e8e96674cf/library/std/src/panic.rs:359:14
2026-09-06T04:52:17.2875300Z   18: test::run_test_in_process
2026-09-06T04:52:17.2875410Z              at /rustc/01f6ddf7588f42ae2d7eb0a2f21d44e8e96674cf/library/test/src/lib.rs:686:27
2026-09-06T04:52:17.2875460Z   19: test::run_test::{{closure}}
2026-09-06T04:52:17.2875570Z              at /rustc/01f6ddf7588f42ae2d7eb0a2f21d44e8e96674cf/library/test/src/lib.rs:607:43
2026-09-06T04:52:17.2875610Z   20: test::run_test::{{closure}}
2026-09-06T04:52:17.2875730Z              at /rustc/01f6ddf7588f42ae2d7eb0a2f21d44e8e96674cf/library/test/src/lib.rs:637:41
2026-09-06T04:52:17.2875790Z   21: std::sys::backtrace::__rust_begin_short_backtrace
2026-09-06T04:52:17.2875920Z              at /rustc/01f6ddf7588f42ae2d7eb0a2f21d44e8e96674cf/library/std/src/sys/backtrace.rs:160:18
2026-09-06T04:52:17.2876010Z   22: std::thread::lifecycle::spawn_unchecked::{{closure}}::{{closure}}
2026-09-06T04:52:17.2876180Z              at /rustc/01f6ddf7588f42ae2d7eb0a2f21d44e8e96674cf/library/std/src/thread/lifecycle.rs:92:13
2026-09-06T04:52:17.2876310Z   23: <core::panic::unwind_safe::AssertUnwindSafe<F> as core::ops::function::FnOnce<()>>::call_once
2026-09-06T04:52:17.2876450Z              at /rustc/01f6ddf7588f42ae2d7eb0a2f21d44e8e96674cf/library/core/src/panic/unwind_safe.rs:274:9
2026-09-06T04:52:17.2876500Z   24: std::panicking::catch_unwind::do_call
2026-09-06T04:52:17.2876620Z              at /rustc/01f6ddf7588f42ae2d7eb0a2f21d44e8e96674cf/library/std/src/panicking.rs:581:40
2026-09-06T04:52:17.2876670Z   25: std::panicking::catch_unwind
2026-09-06T04:52:17.2876790Z              at /rustc/01f6ddf7588f42ae2d7eb0a2f21d44e8e96674cf/library/std/src/panicking.rs:544:19
2026-09-06T04:52:17.2876840Z   26: std::panic::catch_unwind
2026-09-06T04:52:17.2876950Z              at /rustc/01f6ddf7588f42ae2d7eb0a2f21d44e8e96674cf/library/std/src/panic.rs:359:14
2026-09-06T04:52:17.2877020Z   27: std::thread::lifecycle::spawn_unchecked::{{closure}}
2026-09-06T04:52:17.2877140Z              at /rustc/01f6ddf7588f42ae2d7eb0a2f21d44e8e96674cf/library/std/src/thread/lifecycle.rs:90:26
2026-09-06T04:52:17.2877200Z   28: core::ops::function::FnOnce::call_once{{vtable.shim}}
2026-09-06T04:52:17.2877350Z              at /rustc/01f6ddf7588f42ae2d7eb0a2f21d44e8e96674cf/library/core/src/ops/function.rs:250:5
2026-09-06T04:52:17.2877430Z   29: <alloc::boxed::Box<F,A> as core::ops::function::FnOnce<Args>>::call_once
2026-09-06T04:52:17.2877540Z              at /rustc/01f6ddf7588f42ae2d7eb0a2f21d44e8e96674cf/library/alloc/src/boxed.rs:2206:9
2026-09-06T04:52:17.2877600Z   30: std::sys::thread::unix::Thread::new::thread_start
2026-09-06T04:52:17.2877720Z              at /rustc/01f6ddf7588f42ae2d7eb0a2f21d44e8e96674cf/library/std/src/sys/thread/unix.rs:118:17
2026-09-06T04:52:17.2877750Z   31: __pthread_exit
2026-09-06T04:52:17.2877790Z stack backtrace:
2026-09-06T04:52:17.2877830Z    0: __rustc::rust_begin_unwind
2026-09-06T04:52:17.2877940Z              at /rustc/01f6ddf7588f42ae2d7eb0a2f21d44e8e96674cf/library/std/src/panicking.rs:689:5
2026-09-06T04:52:17.2877980Z    1: core::panicking::panic_fmt
2026-09-06T04:52:17.2878090Z              at /rustc/01f6ddf7588f42ae2d7eb0a2f21d44e8e96674cf/library/core/src/panicking.rs:80:14
2026-09-06T04:52:17.2878130Z    2: core::result::unwrap_failed
2026-09-06T04:52:17.2878240Z              at /rustc/01f6ddf7588f42ae2d7eb0a2f21d44e8e96674cf/library/core/src/result.rs:1867:5
2026-09-06T04:52:17.2878280Z    3: core::result::Result<T,E>::expect
2026-09-06T04:52:17.2878400Z              at /rustc/01f6ddf7588f42ae2d7eb0a2f21d44e8e96674cf/library/core/src/result.rs:1185:23
2026-09-06T04:52:17.2878510Z    4: spark_runtime::metal_backend::tests::parity_turbo::metal_wht_bf16_inverse_roundtrip
2026-09-06T04:52:17.2878580Z              at ./src/metal_backend/tests/parity_turbo.rs:127:10
2026-09-06T04:52:17.2878710Z    5: spark_runtime::metal_backend::tests::parity_turbo::metal_wht_bf16_inverse_roundtrip::{{closure}}
2026-09-06T04:52:17.2878780Z              at ./src/metal_backend/tests/parity_turbo.rs:121:38
2026-09-06T04:52:17.2878830Z    6: core::ops::function::FnOnce::call_once
2026-09-06T04:52:17.2878960Z              at /rustc/01f6ddf7588f42ae2d7eb0a2f21d44e8e96674cf/library/core/src/ops/function.rs:250:5
2026-09-06T04:52:17.2879010Z    7: core::ops::function::FnOnce::call_once
2026-09-06T04:52:17.2879140Z              at /rustc/01f6ddf7588f42ae2d7eb0a2f21d44e8e96674cf/library/core/src/ops/function.rs:250:5
2026-09-06T04:52:17.2879250Z note: Some details are omitted, run with `RUST_BACKTRACE=full` for a verbose backtrace.
2026-09-06T04:52:17.2879260Z 
2026-09-06T04:52:17.2879390Z ---- metal_backend::tests::parity_turbo23::metal_attention_decode_turbo23_matches_reference stdout ----
2026-09-06T04:52:17.2879400Z 
2026-09-06T04:52:17.2879680Z thread 'metal_backend::tests::parity_turbo23::metal_attention_decode_turbo23_matches_reference' (906642) panicked at crates/spark-runtime/src/metal_backend/tests/parity_turbo23.rs:237:61:
2026-09-06T04:52:17.2879790Z append: Metal: unknown module 'kv_cache_append_turbo3'
2026-09-06T04:52:17.2879790Z 
2026-09-06T04:52:17.2879830Z Stack backtrace:
2026-09-06T04:52:17.2879890Z    0: std::backtrace_rs::backtrace::libunwind::trace
2026-09-06T04:52:17.2880070Z              at /rustc/01f6ddf7588f42ae2d7eb0a2f21d44e8e96674cf/library/std/src/../../backtrace/src/backtrace/libunwind.rs:117:9
2026-09-06T04:52:17.2880130Z    1: std::backtrace_rs::backtrace::trace_unsynchronized
2026-09-06T04:52:17.2880300Z              at /rustc/01f6ddf7588f42ae2d7eb0a2f21d44e8e96674cf/library/std/src/../../backtrace/src/backtrace/mod.rs:66:14
2026-09-06T04:52:17.2880350Z    2: std::backtrace::Backtrace::create
2026-09-06T04:52:17.2880470Z              at /rustc/01f6ddf7588f42ae2d7eb0a2f21d44e8e96674cf/library/std/src/backtrace.rs:331:13
2026-09-06T04:52:17.2880520Z    3: anyhow::error::<impl anyhow::Error>::msg
2026-09-06T04:52:17.2880690Z              at /Users/nologik/.cargo/registry/src/index.crates.io-1949cf8c6b5b557f/anyhow-1.0.104/src/backtrace.rs:10:14
2026-09-06T04:52:17.2880730Z    4: anyhow::__private::format_err
2026-09-06T04:52:17.2880880Z              at /Users/nologik/.cargo/registry/src/index.crates.io-1949cf8c6b5b557f/anyhow-1.0.104/src/lib.rs:690:13
2026-09-06T04:52:17.2881120Z    5: <spark_runtime::metal_backend::MetalGpuBackend as spark_runtime::gpu::GpuBackend>::kernel::{{closure}}
2026-09-06T04:52:17.2881170Z              at ./src/metal_backend.rs:515:28
2026-09-06T04:52:17.2881220Z    6: core::option::Option<T>::ok_or_else
2026-09-06T04:52:17.2881340Z              at /rustc/01f6ddf7588f42ae2d7eb0a2f21d44e8e96674cf/library/core/src/option.rs:1369:25
2026-09-06T04:52:17.2881470Z    7: <spark_runtime::metal_backend::MetalGpuBackend as spark_runtime::gpu::GpuBackend>::kernel
2026-09-06T04:52:17.2881520Z              at ./src/metal_backend.rs:515:14
2026-09-06T04:52:17.2881660Z    8: spark_runtime::metal_backend::tests::parity_turbo23::metal_attention_decode_turbo23_matches_reference
2026-09-06T04:52:17.2881740Z              at ./src/metal_backend/tests/parity_turbo23.rs:237:30
2026-09-06T04:52:17.2881900Z    9: spark_runtime::metal_backend::tests::parity_turbo23::metal_attention_decode_turbo23_matches_reference::{{closure}}
2026-09-06T04:52:17.2881970Z              at ./src/metal_backend/tests/parity_turbo23.rs:215:54
2026-09-06T04:52:17.2882020Z   10: core::ops::function::FnOnce::call_once
2026-09-06T04:52:17.2882130Z              at /rustc/01f6ddf7588f42ae2d7eb0a2f21d44e8e96674cf/library/core/src/ops/function.rs:250:5
2026-09-06T04:52:17.2882180Z   11: core::ops::function::FnOnce::call_once
2026-09-06T04:52:17.2882290Z              at /rustc/01f6ddf7588f42ae2d7eb0a2f21d44e8e96674cf/library/core/src/ops/function.rs:250:5
2026-09-06T04:52:17.2882340Z   12: test::__rust_begin_short_backtrace
2026-09-06T04:52:17.2882440Z              at /rustc/01f6ddf7588f42ae2d7eb0a2f21d44e8e96674cf/library/test/src/lib.rs:663:18
2026-09-06T04:52:17.2882490Z   13: test::run_test_in_process::{{closure}}
2026-09-06T04:52:17.2882590Z              at /rustc/01f6ddf7588f42ae2d7eb0a2f21d44e8e96674cf/library/test/src/lib.rs:686:74
2026-09-06T04:52:17.2882700Z   14: <core::panic::unwind_safe::AssertUnwindSafe<F> as core::ops::function::FnOnce<()>>::call_once
2026-09-06T04:52:17.2882830Z              at /rustc/01f6ddf7588f42ae2d7eb0a2f21d44e8e96674cf/library/core/src/panic/unwind_safe.rs:274:9
2026-09-06T04:52:17.2882880Z   15: std::panicking::catch_unwind::do_call
2026-09-06T04:52:17.2882980Z              at /rustc/01f6ddf7588f42ae2d7eb0a2f21d44e8e96674cf/library/std/src/panicking.rs:581:40
2026-09-06T04:52:17.2883030Z   16: std::panicking::catch_unwind
2026-09-06T04:52:17.2883140Z              at /rustc/01f6ddf7588f42ae2d7eb0a2f21d44e8e96674cf/library/std/src/panicking.rs:544:19
2026-09-06T04:52:17.2883340Z   17: std::panic::catch_unwind
2026-09-06T04:52:17.2883450Z              at /rustc/01f6ddf7588f42ae2d7eb0a2f21d44e8e96674cf/library/std/src/panic.rs:359:14
2026-09-06T04:52:17.2883520Z   18: test::run_test_in_process
2026-09-06T04:52:17.2883620Z              at /rustc/01f6ddf7588f42ae2d7eb0a2f21d44e8e96674cf/library/test/src/lib.rs:686:27
2026-09-06T04:52:17.2883670Z   19: test::run_test::{{closure}}
2026-09-06T04:52:17.2883770Z              at /rustc/01f6ddf7588f42ae2d7eb0a2f21d44e8e96674cf/library/test/src/lib.rs:607:43
2026-09-06T04:52:17.2883810Z   20: test::run_test::{{closure}}
2026-09-06T04:52:17.2883910Z              at /rustc/01f6ddf7588f42ae2d7eb0a2f21d44e8e96674cf/library/test/src/lib.rs:637:41
2026-09-06T04:52:17.2883960Z   21: std::sys::backtrace::__rust_begin_short_backtrace
2026-09-06T04:52:17.2884080Z              at /rustc/01f6ddf7588f42ae2d7eb0a2f21d44e8e96674cf/library/std/src/sys/backtrace.rs:160:18
2026-09-06T04:52:17.2884160Z   22: std::thread::lifecycle::spawn_unchecked::{{closure}}::{{closure}}
2026-09-06T04:52:17.2884300Z              at /rustc/01f6ddf7588f42ae2d7eb0a2f21d44e8e96674cf/library/std/src/thread/lifecycle.rs:92:13
2026-09-06T04:52:17.2884430Z   23: <core::panic::unwind_safe::AssertUnwindSafe<F> as core::ops::function::FnOnce<()>>::call_once
2026-09-06T04:52:17.2884570Z              at /rustc/01f6ddf7588f42ae2d7eb0a2f21d44e8e96674cf/library/core/src/panic/unwind_safe.rs:274:9
2026-09-06T04:52:17.2884620Z   24: std::panicking::catch_unwind::do_call
2026-09-06T04:52:17.2884780Z              at /rustc/01f6ddf7588f42ae2d7eb0a2f21d44e8e96674cf/library/std/src/panicking.rs:581:40
2026-09-06T04:52:17.2884830Z   25: std::panicking::catch_unwind
2026-09-06T04:52:17.2884950Z              at /rustc/01f6ddf7588f42ae2d7eb0a2f21d44e8e96674cf/library/std/src/panicking.rs:544:19
2026-09-06T04:52:17.2885000Z   26: std::panic::catch_unwind
2026-09-06T04:52:17.2885120Z              at /rustc/01f6ddf7588f42ae2d7eb0a2f21d44e8e96674cf/library/std/src/panic.rs:359:14
2026-09-06T04:52:17.2885190Z   27: std::thread::lifecycle::spawn_unchecked::{{closure}}
2026-09-06T04:52:17.2885320Z              at /rustc/01f6ddf7588f42ae2d7eb0a2f21d44e8e96674cf/library/std/src/thread/lifecycle.rs:90:26
2026-09-06T04:52:17.2885390Z   28: core::ops::function::FnOnce::call_once{{vtable.shim}}
2026-09-06T04:52:17.2885520Z              at /rustc/01f6ddf7588f42ae2d7eb0a2f21d44e8e96674cf/library/core/src/ops/function.rs:250:5
2026-09-06T04:52:17.2885620Z   29: <alloc::boxed::Box<F,A> as core::ops::function::FnOnce<Args>>::call_once
2026-09-06T04:52:17.2885740Z              at /rustc/01f6ddf7588f42ae2d7eb0a2f21d44e8e96674cf/library/alloc/src/boxed.rs:2206:9
2026-09-06T04:52:17.2885800Z   30: std::sys::thread::unix::Thread::new::thread_start
2026-09-06T04:52:17.2885990Z              at /rustc/01f6ddf7588f42ae2d7eb0a2f21d44e8e96674cf/library/std/src/sys/thread/unix.rs:118:17
2026-09-06T04:52:17.2886030Z   31: __pthread_exit
2026-09-06T04:52:17.2886070Z stack backtrace:
2026-09-06T04:52:17.2886120Z    0: __rustc::rust_begin_unwind
2026-09-06T04:52:17.2886240Z              at /rustc/01f6ddf7588f42ae2d7eb0a2f21d44e8e96674cf/library/std/src/panicking.rs:689:5
2026-09-06T04:52:17.2886290Z    1: core::panicking::panic_fmt
2026-09-06T04:52:17.2886410Z              at /rustc/01f6ddf7588f42ae2d7eb0a2f21d44e8e96674cf/library/core/src/panicking.rs:80:14
2026-09-06T04:52:17.2886460Z    2: core::result::unwrap_failed
2026-09-06T04:52:17.2886580Z              at /rustc/01f6ddf7588f42ae2d7eb0a2f21d44e8e96674cf/library/core/src/result.rs:1867:5
2026-09-06T04:52:17.2886620Z    3: core::result::Result<T,E>::expect
2026-09-06T04:52:17.2886750Z              at /rustc/01f6ddf7588f42ae2d7eb0a2f21d44e8e96674cf/library/core/src/result.rs:1185:23
2026-09-06T04:52:17.2886890Z    4: spark_runtime::metal_backend::tests::parity_turbo23::metal_attention_decode_turbo23_matches_reference
2026-09-06T04:52:17.2886960Z              at ./src/metal_backend/tests/parity_turbo23.rs:237:61
2026-09-06T04:52:17.2887110Z    5: spark_runtime::metal_backend::tests::parity_turbo23::metal_attention_decode_turbo23_matches_reference::{{closure}}
2026-09-06T04:52:17.2887170Z              at ./src/metal_backend/tests/parity_turbo23.rs:215:54
2026-09-06T04:52:17.2887330Z    6: core::ops::function::FnOnce::call_once
2026-09-06T04:52:17.2887450Z              at /rustc/01f6ddf7588f42ae2d7eb0a2f21d44e8e96674cf/library/core/src/ops/function.rs:250:5
2026-09-06T04:52:17.2887500Z    7: core::ops::function::FnOnce::call_once
2026-09-06T04:52:17.2887610Z              at /rustc/01f6ddf7588f42ae2d7eb0a2f21d44e8e96674cf/library/core/src/ops/function.rs:250:5
2026-09-06T04:52:17.2887710Z note: Some details are omitted, run with `RUST_BACKTRACE=full` for a verbose backtrace.
2026-09-06T04:52:17.2887720Z 
2026-09-06T04:52:17.2887810Z ---- metal_backend::tests::parity_turbo::metal_wht_bf16_matches_reference stdout ----
2026-09-06T04:52:17.2887820Z 
2026-09-06T04:52:17.2888040Z thread 'metal_backend::tests::parity_turbo::metal_wht_bf16_matches_reference' (906650) panicked at crates/spark-runtime/src/metal_backend/tests/parity_turbo.rs:71:10:
2026-09-06T04:52:17.2888090Z kernel lookup: Metal: unknown module 'wht_bf16'
2026-09-06T04:52:17.2888090Z 
2026-09-06T04:52:17.2888130Z Stack backtrace:
2026-09-06T04:52:17.2888180Z    0: std::backtrace_rs::backtrace::libunwind::trace
2026-09-06T04:52:17.2888340Z              at /rustc/01f6ddf7588f42ae2d7eb0a2f21d44e8e96674cf/library/std/src/../../backtrace/src/backtrace/libunwind.rs:117:9
2026-09-06T04:52:17.2888400Z    1: std::backtrace_rs::backtrace::trace_unsynchronized
2026-09-06T04:52:17.2888590Z              at /rustc/01f6ddf7588f42ae2d7eb0a2f21d44e8e96674cf/library/std/src/../../backtrace/src/backtrace/mod.rs:66:14
2026-09-06T04:52:17.2888640Z    2: std::backtrace::Backtrace::create
2026-09-06T04:52:17.2888750Z              at /rustc/01f6ddf7588f42ae2d7eb0a2f21d44e8e96674cf/library/std/src/backtrace.rs:331:13
2026-09-06T04:52:17.2888800Z    3: anyhow::error::<impl anyhow::Error>::msg
2026-09-06T04:52:17.2888960Z              at /Users/nologik/.cargo/registry/src/index.crates.io-1949cf8c6b5b557f/anyhow-1.0.104/src/backtrace.rs:10:14
2026-09-06T04:52:17.2889010Z    4: anyhow::__private::format_err
2026-09-06T04:52:17.2889160Z              at /Users/nologik/.cargo/registry/src/index.crates.io-1949cf8c6b5b557f/anyhow-1.0.104/src/lib.rs:690:13
2026-09-06T04:52:17.2889310Z    5: <spark_runtime::metal_backend::MetalGpuBackend as spark_runtime::gpu::GpuBackend>::kernel::{{closure}}
2026-09-06T04:52:17.2889360Z              at ./src/metal_backend.rs:515:28
2026-09-06T04:52:17.2889410Z    6: core::option::Option<T>::ok_or_else
2026-09-06T04:52:17.2889540Z              at /rustc/01f6ddf7588f42ae2d7eb0a2f21d44e8e96674cf/library/core/src/option.rs:1369:25
2026-09-06T04:52:17.2889660Z    7: <spark_runtime::metal_backend::MetalGpuBackend as spark_runtime::gpu::GpuBackend>::kernel
2026-09-06T04:52:17.2889710Z              at ./src/metal_backend.rs:515:14
2026-09-06T04:52:17.2889830Z    8: spark_runtime::metal_backend::tests::parity_turbo::metal_wht_bf16_matches_reference
2026-09-06T04:52:17.2889890Z              at ./src/metal_backend/tests/parity_turbo.rs:70:10
2026-09-06T04:52:17.2890020Z    9: spark_runtime::metal_backend::tests::parity_turbo::metal_wht_bf16_matches_reference::{{closure}}
2026-09-06T04:52:17.2890090Z              at ./src/metal_backend/tests/parity_turbo.rs:65:38
2026-09-06T04:52:17.2890140Z   10: core::ops::function::FnOnce::call_once
2026-09-06T04:52:17.2890270Z              at /rustc/01f6ddf7588f42ae2d7eb0a2f21d44e8e96674cf/library/core/src/ops/function.rs:250:5
2026-09-06T04:52:17.2890330Z   11: core::ops::function::FnOnce::call_once
2026-09-06T04:52:17.2890460Z              at /rustc/01f6ddf7588f42ae2d7eb0a2f21d44e8e96674cf/library/core/src/ops/function.rs:250:5
2026-09-06T04:52:17.2890510Z   12: test::__rust_begin_short_backtrace
2026-09-06T04:52:17.2890620Z              at /rustc/01f6ddf7588f42ae2d7eb0a2f21d44e8e96674cf/library/test/src/lib.rs:663:18
2026-09-06T04:52:17.2890670Z   13: test::run_test_in_process::{{closure}}
2026-09-06T04:52:17.2890780Z              at /rustc/01f6ddf7588f42ae2d7eb0a2f21d44e8e96674cf/library/test/src/lib.rs:686:74
2026-09-06T04:52:17.2890910Z   14: <core::panic::unwind_safe::AssertUnwindSafe<F> as core::ops::function::FnOnce<()>>::call_once
2026-09-06T04:52:17.2891090Z              at /rustc/01f6ddf7588f42ae2d7eb0a2f21d44e8e96674cf/library/core/src/panic/unwind_safe.rs:274:9
2026-09-06T04:52:17.2891140Z   15: std::panicking::catch_unwind::do_call
2026-09-06T04:52:17.2891270Z              at /rustc/01f6ddf7588f42ae2d7eb0a2f21d44e8e96674cf/library/std/src/panicking.rs:581:40
2026-09-06T04:52:17.2891320Z   16: std::panicking::catch_unwind
2026-09-06T04:52:17.2891440Z              at /rustc/01f6ddf7588f42ae2d7eb0a2f21d44e8e96674cf/library/std/src/panicking.rs:544:19
2026-09-06T04:52:17.2891480Z   17: std::panic::catch_unwind
2026-09-06T04:52:17.2891600Z              at /rustc/01f6ddf7588f42ae2d7eb0a2f21d44e8e96674cf/library/std/src/panic.rs:359:14
2026-09-06T04:52:17.2891640Z   18: test::run_test_in_process
2026-09-06T04:52:17.2891760Z              at /rustc/01f6ddf7588f42ae2d7eb0a2f21d44e8e96674cf/library/test/src/lib.rs:686:27
2026-09-06T04:52:17.2891800Z   19: test::run_test::{{closure}}
2026-09-06T04:52:17.2891910Z              at /rustc/01f6ddf7588f42ae2d7eb0a2f21d44e8e96674cf/library/test/src/lib.rs:607:43
2026-09-06T04:52:17.2891960Z   20: test::run_test::{{closure}}
2026-09-06T04:52:17.2892060Z              at /rustc/01f6ddf7588f42ae2d7eb0a2f21d44e8e96674cf/library/test/src/lib.rs:637:41
2026-09-06T04:52:17.2892120Z   21: std::sys::backtrace::__rust_begin_short_backtrace
2026-09-06T04:52:17.2892270Z              at /rustc/01f6ddf7588f42ae2d7eb0a2f21d44e8e96674cf/library/std/src/sys/backtrace.rs:160:18
2026-09-06T04:52:17.2892350Z   22: std::thread::lifecycle::spawn_unchecked::{{closure}}::{{closure}}
2026-09-06T04:52:17.2892470Z              at /rustc/01f6ddf7588f42ae2d7eb0a2f21d44e8e96674cf/library/std/src/thread/lifecycle.rs:92:13
2026-09-06T04:52:17.2892580Z   23: <core::panic::unwind_safe::AssertUnwindSafe<F> as core::ops::function::FnOnce<()>>::call_once
2026-09-06T04:52:17.2892710Z              at /rustc/01f6ddf7588f42ae2d7eb0a2f21d44e8e96674cf/library/core/src/panic/unwind_safe.rs:274:9
2026-09-06T04:52:17.2892760Z   24: std::panicking::catch_unwind::do_call
2026-09-06T04:52:17.2892870Z              at /rustc/01f6ddf7588f42ae2d7eb0a2f21d44e8e96674cf/library/std/src/panicking.rs:581:40
2026-09-06T04:52:17.2892910Z   25: std::panicking::catch_unwind
2026-09-06T04:52:17.2893020Z              at /rustc/01f6ddf7588f42ae2d7eb0a2f21d44e8e96674cf/library/std/src/panicking.rs:544:19
2026-09-06T04:52:17.2893060Z   26: std::panic::catch_unwind
2026-09-06T04:52:17.2893170Z              at /rustc/01f6ddf7588f42ae2d7eb0a2f21d44e8e96674cf/library/std/src/panic.rs:359:14
2026-09-06T04:52:17.2893230Z   27: std::thread::lifecycle::spawn_unchecked::{{closure}}
2026-09-06T04:52:17.2893360Z              at /rustc/01f6ddf7588f42ae2d7eb0a2f21d44e8e96674cf/library/std/src/thread/lifecycle.rs:90:26
2026-09-06T04:52:17.2893430Z   28: core::ops::function::FnOnce::call_once{{vtable.shim}}
2026-09-06T04:52:17.2893560Z              at /rustc/01f6ddf7588f42ae2d7eb0a2f21d44e8e96674cf/library/core/src/ops/function.rs:250:5
2026-09-06T04:52:17.2893650Z   29: <alloc::boxed::Box<F,A> as core::ops::function::FnOnce<Args>>::call_once
2026-09-06T04:52:17.2893770Z              at /rustc/01f6ddf7588f42ae2d7eb0a2f21d44e8e96674cf/library/alloc/src/boxed.rs:2206:9
2026-09-06T04:52:17.2893830Z   30: std::sys::thread::unix::Thread::new::thread_start
2026-09-06T04:52:17.2893970Z              at /rustc/01f6ddf7588f42ae2d7eb0a2f21d44e8e96674cf/library/std/src/sys/thread/unix.rs:118:17
2026-09-06T04:52:17.2894010Z   31: __pthread_exit
2026-09-06T04:52:17.2894050Z stack backtrace:
2026-09-06T04:52:17.2894090Z    0: __rustc::rust_begin_unwind
2026-09-06T04:52:17.2894220Z              at /rustc/01f6ddf7588f42ae2d7eb0a2f21d44e8e96674cf/library/std/src/panicking.rs:689:5
2026-09-06T04:52:17.2894260Z    1: core::panicking::panic_fmt
2026-09-06T04:52:17.2894390Z              at /rustc/01f6ddf7588f42ae2d7eb0a2f21d44e8e96674cf/library/core/src/panicking.rs:80:14
2026-09-06T04:52:17.2894430Z    2: core::result::unwrap_failed
2026-09-06T04:52:17.2894590Z              at /rustc/01f6ddf7588f42ae2d7eb0a2f21d44e8e96674cf/library/core/src/result.rs:1867:5
2026-09-06T04:52:17.2894640Z    3: core::result::Result<T,E>::expect
2026-09-06T04:52:17.2894760Z              at /rustc/01f6ddf7588f42ae2d7eb0a2f21d44e8e96674cf/library/core/src/result.rs:1185:23
2026-09-06T04:52:17.2894880Z    4: spark_runtime::metal_backend::tests::parity_turbo::metal_wht_bf16_matches_reference
2026-09-06T04:52:17.2894940Z              at ./src/metal_backend/tests/parity_turbo.rs:71:10
2026-09-06T04:52:17.2895080Z    5: spark_runtime::metal_backend::tests::parity_turbo::metal_wht_bf16_matches_reference::{{closure}}
2026-09-06T04:52:17.2895140Z              at ./src/metal_backend/tests/parity_turbo.rs:65:38
2026-09-06T04:52:17.2895190Z    6: core::ops::function::FnOnce::call_once
2026-09-06T04:52:17.2895320Z              at /rustc/01f6ddf7588f42ae2d7eb0a2f21d44e8e96674cf/library/core/src/ops/function.rs:250:5
2026-09-06T04:52:17.2895380Z    7: core::ops::function::FnOnce::call_once
2026-09-06T04:52:17.2895510Z              at /rustc/01f6ddf7588f42ae2d7eb0a2f21d44e8e96674cf/library/core/src/ops/function.rs:250:5
2026-09-06T04:52:17.2895620Z note: Some details are omitted, run with `RUST_BACKTRACE=full` for a verbose backtrace.
2026-09-06T04:52:17.2895620Z 
2026-09-06T04:52:17.2895730Z ---- metal_backend::tests::parity_vision::metal_gelu_matches_reference stdout ----
2026-09-06T04:52:17.2895810Z 
2026-09-06T04:52:17.2896060Z thread 'metal_backend::tests::parity_vision::metal_gelu_matches_reference' (906654) panicked at crates/spark-runtime/src/metal_backend/tests/parity_vision.rs:453:49:
2026-09-06T04:52:17.2896160Z called `Result::unwrap()` on an `Err` value: Metal: unknown module 'gelu'
2026-09-06T04:52:17.2896160Z 
2026-09-06T04:52:17.2896200Z Stack backtrace:
2026-09-06T04:52:17.2896260Z    0: std::backtrace_rs::backtrace::libunwind::trace
2026-09-06T04:52:17.2896440Z              at /rustc/01f6ddf7588f42ae2d7eb0a2f21d44e8e96674cf/library/std/src/../../backtrace/src/backtrace/libunwind.rs:117:9
2026-09-06T04:52:17.2896500Z    1: std::backtrace_rs::backtrace::trace_unsynchronized
2026-09-06T04:52:17.2896670Z              at /rustc/01f6ddf7588f42ae2d7eb0a2f21d44e8e96674cf/library/std/src/../../backtrace/src/backtrace/mod.rs:66:14
2026-09-06T04:52:17.2896710Z    2: std::backtrace::Backtrace::create
2026-09-06T04:52:17.2896840Z              at /rustc/01f6ddf7588f42ae2d7eb0a2f21d44e8e96674cf/library/std/src/backtrace.rs:331:13
2026-09-06T04:52:17.2896890Z    3: anyhow::error::<impl anyhow::Error>::msg
2026-09-06T04:52:17.2897040Z              at /Users/nologik/.cargo/registry/src/index.crates.io-1949cf8c6b5b557f/anyhow-1.0.104/src/backtrace.rs:10:14
2026-09-06T04:52:17.2897090Z    4: anyhow::__private::format_err
2026-09-06T04:52:17.2897220Z              at /Users/nologik/.cargo/registry/src/index.crates.io-1949cf8c6b5b557f/anyhow-1.0.104/src/lib.rs:690:13
2026-09-06T04:52:17.2897350Z    5: <spark_runtime::metal_backend::MetalGpuBackend as spark_runtime::gpu::GpuBackend>::kernel::{{closure}}
2026-09-06T04:52:17.2897400Z              at ./src/metal_backend.rs:515:28
2026-09-06T04:52:17.2897450Z    6: core::option::Option<T>::ok_or_else
2026-09-06T04:52:17.2897550Z              at /rustc/01f6ddf7588f42ae2d7eb0a2f21d44e8e96674cf/library/core/src/option.rs:1369:25
2026-09-06T04:52:17.2897670Z    7: <spark_runtime::metal_backend::MetalGpuBackend as spark_runtime::gpu::GpuBackend>::kernel
2026-09-06T04:52:17.2897720Z              at ./src/metal_backend.rs:515:14
2026-09-06T04:52:17.2897810Z    8: spark_runtime::metal_backend::tests::parity_vision::metal_gelu_matches_reference
2026-09-06T04:52:17.2897880Z              at ./src/metal_backend/tests/parity_vision.rs:453:26
2026-09-06T04:52:17.2897990Z    9: spark_runtime::metal_backend::tests::parity_vision::metal_gelu_matches_reference::{{closure}}
2026-09-06T04:52:17.2898050Z              at ./src/metal_backend/tests/parity_vision.rs:429:34
2026-09-06T04:52:17.2898100Z   10: core::ops::function::FnOnce::call_once
2026-09-06T04:52:17.2898210Z              at /rustc/01f6ddf7588f42ae2d7eb0a2f21d44e8e96674cf/library/core/src/ops/function.rs:250:5
2026-09-06T04:52:17.2898290Z   11: core::ops::function::FnOnce::call_once
2026-09-06T04:52:17.2898410Z              at /rustc/01f6ddf7588f42ae2d7eb0a2f21d44e8e96674cf/library/core/src/ops/function.rs:250:5
2026-09-06T04:52:17.2898450Z   12: test::__rust_begin_short_backtrace
2026-09-06T04:52:17.2898550Z              at /rustc/01f6ddf7588f42ae2d7eb0a2f21d44e8e96674cf/library/test/src/lib.rs:663:18
2026-09-06T04:52:17.2898600Z   13: test::run_test_in_process::{{closure}}
2026-09-06T04:52:17.2898700Z              at /rustc/01f6ddf7588f42ae2d7eb0a2f21d44e8e96674cf/library/test/src/lib.rs:686:74
2026-09-06T04:52:17.2898830Z   14: <core::panic::unwind_safe::AssertUnwindSafe<F> as core::ops::function::FnOnce<()>>::call_once
2026-09-06T04:52:17.2898970Z              at /rustc/01f6ddf7588f42ae2d7eb0a2f21d44e8e96674cf/library/core/src/panic/unwind_safe.rs:274:9
2026-09-06T04:52:17.2899020Z   15: std::panicking::catch_unwind::do_call
2026-09-06T04:52:17.2899150Z              at /rustc/01f6ddf7588f42ae2d7eb0a2f21d44e8e96674cf/library/std/src/panicking.rs:581:40
2026-09-06T04:52:17.2899190Z   16: std::panicking::catch_unwind
2026-09-06T04:52:17.2899320Z              at /rustc/01f6ddf7588f42ae2d7eb0a2f21d44e8e96674cf/library/std/src/panicking.rs:544:19
2026-09-06T04:52:17.2899360Z   17: std::panic::catch_unwind
2026-09-06T04:52:17.2899520Z              at /rustc/01f6ddf7588f42ae2d7eb0a2f21d44e8e96674cf/library/std/src/panic.rs:359:14
2026-09-06T04:52:17.2899560Z   18: test::run_test_in_process
2026-09-06T04:52:17.2899680Z              at /rustc/01f6ddf7588f42ae2d7eb0a2f21d44e8e96674cf/library/test/src/lib.rs:686:27
2026-09-06T04:52:17.2899720Z   19: test::run_test::{{closure}}
2026-09-06T04:52:17.2899830Z              at /rustc/01f6ddf7588f42ae2d7eb0a2f21d44e8e96674cf/library/test/src/lib.rs:607:43
2026-09-06T04:52:17.2899880Z   20: test::run_test::{{closure}}
2026-09-06T04:52:17.2899990Z              at /rustc/01f6ddf7588f42ae2d7eb0a2f21d44e8e96674cf/library/test/src/lib.rs:637:41
2026-09-06T04:52:17.2900060Z   21: std::sys::backtrace::__rust_begin_short_backtrace
2026-09-06T04:52:17.2900190Z              at /rustc/01f6ddf7588f42ae2d7eb0a2f21d44e8e96674cf/library/std/src/sys/backtrace.rs:160:18
2026-09-06T04:52:17.2900280Z   22: std::thread::lifecycle::spawn_unchecked::{{closure}}::{{closure}}
2026-09-06T04:52:17.2900410Z              at /rustc/01f6ddf7588f42ae2d7eb0a2f21d44e8e96674cf/library/std/src/thread/lifecycle.rs:92:13
2026-09-06T04:52:17.2900540Z   23: <core::panic::unwind_safe::AssertUnwindSafe<F> as core::ops::function::FnOnce<()>>::call_once
2026-09-06T04:52:17.2900680Z              at /rustc/01f6ddf7588f42ae2d7eb0a2f21d44e8e96674cf/library/core/src/panic/unwind_safe.rs:274:9
2026-09-06T04:52:17.2900730Z   24: std::panicking::catch_unwind::do_call
2026-09-06T04:52:17.2900850Z              at /rustc/01f6ddf7588f42ae2d7eb0a2f21d44e8e96674cf/library/std/src/panicking.rs:581:40
2026-09-06T04:52:17.2900900Z   25: std::panicking::catch_unwind
2026-09-06T04:52:17.2901030Z              at /rustc/01f6ddf7588f42ae2d7eb0a2f21d44e8e96674cf/library/std/src/panicking.rs:544:19
2026-09-06T04:52:17.2901070Z   26: std::panic::catch_unwind
2026-09-06T04:52:17.2901190Z              at /rustc/01f6ddf7588f42ae2d7eb0a2f21d44e8e96674cf/library/std/src/panic.rs:359:14
2026-09-06T04:52:17.2901250Z   27: std::thread::lifecycle::spawn_unchecked::{{closure}}
2026-09-06T04:52:17.2901390Z              at /rustc/01f6ddf7588f42ae2d7eb0a2f21d44e8e96674cf/library/std/src/thread/lifecycle.rs:90:26
2026-09-06T04:52:17.2901460Z   28: core::ops::function::FnOnce::call_once{{vtable.shim}}
2026-09-06T04:52:17.2901590Z              at /rustc/01f6ddf7588f42ae2d7eb0a2f21d44e8e96674cf/library/core/src/ops/function.rs:250:5
2026-09-06T04:52:17.2901680Z   29: <alloc::boxed::Box<F,A> as core::ops::function::FnOnce<Args>>::call_once
2026-09-06T04:52:17.2901800Z              at /rustc/01f6ddf7588f42ae2d7eb0a2f21d44e8e96674cf/library/alloc/src/boxed.rs:2206:9
2026-09-06T04:52:17.2901920Z   30: std::sys::thread::unix::Thread::new::thread_start
2026-09-06T04:52:17.2902050Z              at /rustc/01f6ddf7588f42ae2d7eb0a2f21d44e8e96674cf/library/std/src/sys/thread/unix.rs:118:17
2026-09-06T04:52:17.2902090Z   31: __pthread_exit
2026-09-06T04:52:17.2902120Z stack backtrace:
2026-09-06T04:52:17.2902160Z    0: __rustc::rust_begin_unwind
2026-09-06T04:52:17.2902280Z              at /rustc/01f6ddf7588f42ae2d7eb0a2f21d44e8e96674cf/library/std/src/panicking.rs:689:5
2026-09-06T04:52:17.2902320Z    1: core::panicking::panic_fmt
2026-09-06T04:52:17.2902430Z              at /rustc/01f6ddf7588f42ae2d7eb0a2f21d44e8e96674cf/library/core/src/panicking.rs:80:14
2026-09-06T04:52:17.2902470Z    2: core::result::unwrap_failed
2026-09-06T04:52:17.2902570Z              at /rustc/01f6ddf7588f42ae2d7eb0a2f21d44e8e96674cf/library/core/src/result.rs:1867:5
2026-09-06T04:52:17.2902620Z    3: core::result::Result<T,E>::unwrap
2026-09-06T04:52:17.2902730Z              at /rustc/01f6ddf7588f42ae2d7eb0a2f21d44e8e96674cf/library/core/src/result.rs:1233:23
2026-09-06T04:52:17.2902830Z    4: spark_runtime::metal_backend::tests::parity_vision::metal_gelu_matches_reference
2026-09-06T04:52:17.2902890Z              at ./src/metal_backend/tests/parity_vision.rs:453:49
2026-09-06T04:52:17.2903000Z    5: spark_runtime::metal_backend::tests::parity_vision::metal_gelu_matches_reference::{{closure}}
2026-09-06T04:52:17.2903100Z              at ./src/metal_backend/tests/parity_vision.rs:429:34
2026-09-06T04:52:17.2903140Z    6: core::ops::function::FnOnce::call_once
2026-09-06T04:52:17.2903260Z              at /rustc/01f6ddf7588f42ae2d7eb0a2f21d44e8e96674cf/library/core/src/ops/function.rs:250:5
2026-09-06T04:52:17.2903310Z    7: core::ops::function::FnOnce::call_once
2026-09-06T04:52:17.2903440Z              at /rustc/01f6ddf7588f42ae2d7eb0a2f21d44e8e96674cf/library/core/src/ops/function.rs:250:5
2026-09-06T04:52:17.2903550Z note: Some details are omitted, run with `RUST_BACKTRACE=full` for a verbose backtrace.
2026-09-06T04:52:17.2903560Z 
2026-09-06T04:52:17.2903680Z ---- metal_backend::tests::parity_vision::metal_conv3d_patch_embed_matches_reference stdout ----
2026-09-06T04:52:17.2903690Z 
2026-09-06T04:52:17.2903960Z thread 'metal_backend::tests::parity_vision::metal_conv3d_patch_embed_matches_reference' (906651) panicked at crates/spark-runtime/src/metal_backend/tests/parity_vision.rs:100:10:
2026-09-06T04:52:17.2904070Z called `Result::unwrap()` on an `Err` value: Metal: unknown module 'conv3d_patch_embed'
2026-09-06T04:52:17.2904070Z 
2026-09-06T04:52:17.2904110Z Stack backtrace:
2026-09-06T04:52:17.2904170Z    0: std::backtrace_rs::backtrace::libunwind::trace
2026-09-06T04:52:17.2904340Z              at /rustc/01f6ddf7588f42ae2d7eb0a2f21d44e8e96674cf/library/std/src/../../backtrace/src/backtrace/libunwind.rs:117:9
2026-09-06T04:52:17.2904410Z    1: std::backtrace_rs::backtrace::trace_unsynchronized
2026-09-06T04:52:17.2904570Z              at /rustc/01f6ddf7588f42ae2d7eb0a2f21d44e8e96674cf/library/std/src/../../backtrace/src/backtrace/mod.rs:66:14
2026-09-06T04:52:17.2904620Z    2: std::backtrace::Backtrace::create
2026-09-06T04:52:17.2904750Z              at /rustc/01f6ddf7588f42ae2d7eb0a2f21d44e8e96674cf/library/std/src/backtrace.rs:331:13
2026-09-06T04:52:17.2904800Z    3: anyhow::error::<impl anyhow::Error>::msg
2026-09-06T04:52:17.2904960Z              at /Users/nologik/.cargo/registry/src/index.crates.io-1949cf8c6b5b557f/anyhow-1.0.104/src/backtrace.rs:10:14
2026-09-06T04:52:17.2905010Z    4: anyhow::__private::format_err
2026-09-06T04:52:17.2905160Z              at /Users/nologik/.cargo/registry/src/index.crates.io-1949cf8c6b5b557f/anyhow-1.0.104/src/lib.rs:690:13
2026-09-06T04:52:17.2905310Z    5: <spark_runtime::metal_backend::MetalGpuBackend as spark_runtime::gpu::GpuBackend>::kernel::{{closure}}
2026-09-06T04:52:17.2905360Z              at ./src/metal_backend.rs:515:28
2026-09-06T04:52:17.2905410Z    6: core::option::Option<T>::ok_or_else
2026-09-06T04:52:17.2905530Z              at /rustc/01f6ddf7588f42ae2d7eb0a2f21d44e8e96674cf/library/core/src/option.rs:1369:25
2026-09-06T04:52:17.2905700Z    7: <spark_runtime::metal_backend::MetalGpuBackend as spark_runtime::gpu::GpuBackend>::kernel
2026-09-06T04:52:17.2905750Z              at ./src/metal_backend.rs:515:14
2026-09-06T04:52:17.2905880Z    8: spark_runtime::metal_backend::tests::parity_vision::metal_conv3d_patch_embed_matches_reference
2026-09-06T04:52:17.2905950Z              at ./src/metal_backend/tests/parity_vision.rs:99:10
2026-09-06T04:52:17.2906100Z    9: spark_runtime::metal_backend::tests::parity_vision::metal_conv3d_patch_embed_matches_reference::{{closure}}
2026-09-06T04:52:17.2906170Z              at ./src/metal_backend/tests/parity_vision.rs:17:48
2026-09-06T04:52:17.2906220Z   10: core::ops::function::FnOnce::call_once
2026-09-06T04:52:17.2906350Z              at /rustc/01f6ddf7588f42ae2d7eb0a2f21d44e8e96674cf/library/core/src/ops/function.rs:250:5
2026-09-06T04:52:17.2906400Z   11: core::ops::function::FnOnce::call_once
2026-09-06T04:52:17.2906530Z              at /rustc/01f6ddf7588f42ae2d7eb0a2f21d44e8e96674cf/library/core/src/ops/function.rs:250:5
2026-09-06T04:52:17.2906580Z   12: test::__rust_begin_short_backtrace
2026-09-06T04:52:17.2906690Z              at /rustc/01f6ddf7588f42ae2d7eb0a2f21d44e8e96674cf/library/test/src/lib.rs:663:18
2026-09-06T04:52:17.2906750Z   13: test::run_test_in_process::{{closure}}
2026-09-06T04:52:17.2906900Z              at /rustc/01f6ddf7588f42ae2d7eb0a2f21d44e8e96674cf/library/test/src/lib.rs:686:74
2026-09-06T04:52:17.2907020Z   14: <core::panic::unwind_safe::AssertUnwindSafe<F> as core::ops::function::FnOnce<()>>::call_once
2026-09-06T04:52:17.2907150Z              at /rustc/01f6ddf7588f42ae2d7eb0a2f21d44e8e96674cf/library/core/src/panic/unwind_safe.rs:274:9
2026-09-06T04:52:17.2907190Z   15: std::panicking::catch_unwind::do_call
2026-09-06T04:52:17.2907300Z              at /rustc/01f6ddf7588f42ae2d7eb0a2f21d44e8e96674cf/library/std/src/panicking.rs:581:40
2026-09-06T04:52:17.2907350Z   16: std::panicking::catch_unwind
2026-09-06T04:52:17.2907460Z              at /rustc/01f6ddf7588f42ae2d7eb0a2f21d44e8e96674cf/library/std/src/panicking.rs:544:19
2026-09-06T04:52:17.2907500Z   17: std::panic::catch_unwind
2026-09-06T04:52:17.2907600Z              at /rustc/01f6ddf7588f42ae2d7eb0a2f21d44e8e96674cf/library/std/src/panic.rs:359:14
2026-09-06T04:52:17.2907640Z   18: test::run_test_in_process
2026-09-06T04:52:17.2907740Z              at /rustc/01f6ddf7588f42ae2d7eb0a2f21d44e8e96674cf/library/test/src/lib.rs:686:27
2026-09-06T04:52:17.2907780Z   19: test::run_test::{{closure}}
2026-09-06T04:52:17.2907890Z              at /rustc/01f6ddf7588f42ae2d7eb0a2f21d44e8e96674cf/library/test/src/lib.rs:607:43
2026-09-06T04:52:17.2907920Z   20: test::run_test::{{closure}}
2026-09-06T04:52:17.2908020Z              at /rustc/01f6ddf7588f42ae2d7eb0a2f21d44e8e96674cf/library/test/src/lib.rs:637:41
2026-09-06T04:52:17.2908080Z   21: std::sys::backtrace::__rust_begin_short_backtrace
2026-09-06T04:52:17.2908200Z              at /rustc/01f6ddf7588f42ae2d7eb0a2f21d44e8e96674cf/library/std/src/sys/backtrace.rs:160:18
2026-09-06T04:52:17.2908280Z   22: std::thread::lifecycle::spawn_unchecked::{{closure}}::{{closure}}
2026-09-06T04:52:17.2908400Z              at /rustc/01f6ddf7588f42ae2d7eb0a2f21d44e8e96674cf/library/std/src/thread/lifecycle.rs:92:13
2026-09-06T04:52:17.2908520Z   23: <core::panic::unwind_safe::AssertUnwindSafe<F> as core::ops::function::FnOnce<()>>::call_once
2026-09-06T04:52:17.2908640Z              at /rustc/01f6ddf7588f42ae2d7eb0a2f21d44e8e96674cf/library/core/src/panic/unwind_safe.rs:274:9
2026-09-06T04:52:17.2908690Z   24: std::panicking::catch_unwind::do_call
2026-09-06T04:52:17.2908810Z              at /rustc/01f6ddf7588f42ae2d7eb0a2f21d44e8e96674cf/library/std/src/panicking.rs:581:40
2026-09-06T04:52:17.2908850Z   25: std::panicking::catch_unwind
2026-09-06T04:52:17.2908980Z              at /rustc/01f6ddf7588f42ae2d7eb0a2f21d44e8e96674cf/library/std/src/panicking.rs:544:19
2026-09-06T04:52:17.2909020Z   26: std::panic::catch_unwind
2026-09-06T04:52:17.2909180Z              at /rustc/01f6ddf7588f42ae2d7eb0a2f21d44e8e96674cf/library/std/src/panic.rs:359:14
2026-09-06T04:52:17.2909250Z   27: std::thread::lifecycle::spawn_unchecked::{{closure}}
2026-09-06T04:52:17.2909380Z              at /rustc/01f6ddf7588f42ae2d7eb0a2f21d44e8e96674cf/library/std/src/thread/lifecycle.rs:90:26
2026-09-06T04:52:17.2909460Z   28: core::ops::function::FnOnce::call_once{{vtable.shim}}
2026-09-06T04:52:17.2909590Z              at /rustc/01f6ddf7588f42ae2d7eb0a2f21d44e8e96674cf/library/core/src/ops/function.rs:250:5
2026-09-06T04:52:17.2909680Z   29: <alloc::boxed::Box<F,A> as core::ops::function::FnOnce<Args>>::call_once
2026-09-06T04:52:17.2909800Z              at /rustc/01f6ddf7588f42ae2d7eb0a2f21d44e8e96674cf/library/alloc/src/boxed.rs:2206:9
2026-09-06T04:52:17.2909860Z   30: std::sys::thread::unix::Thread::new::thread_start
2026-09-06T04:52:17.2910000Z              at /rustc/01f6ddf7588f42ae2d7eb0a2f21d44e8e96674cf/library/std/src/sys/thread/unix.rs:118:17
2026-09-06T04:52:17.2910040Z   31: __pthread_exit
2026-09-06T04:52:17.2910080Z stack backtrace:
2026-09-06T04:52:17.2910120Z    0: __rustc::rust_begin_unwind
2026-09-06T04:52:17.2910240Z              at /rustc/01f6ddf7588f42ae2d7eb0a2f21d44e8e96674cf/library/std/src/panicking.rs:689:5
2026-09-06T04:52:17.2910290Z    1: core::panicking::panic_fmt
2026-09-06T04:52:17.2910460Z              at /rustc/01f6ddf7588f42ae2d7eb0a2f21d44e8e96674cf/library/core/src/panicking.rs:80:14
2026-09-06T04:52:17.2910510Z    2: core::result::unwrap_failed
2026-09-06T04:52:17.2910630Z              at /rustc/01f6ddf7588f42ae2d7eb0a2f21d44e8e96674cf/library/core/src/result.rs:1867:5
2026-09-06T04:52:17.2910680Z    3: core::result::Result<T,E>::unwrap
2026-09-06T04:52:17.2910800Z              at /rustc/01f6ddf7588f42ae2d7eb0a2f21d44e8e96674cf/library/core/src/result.rs:1233:23
2026-09-06T04:52:17.2910930Z    4: spark_runtime::metal_backend::tests::parity_vision::metal_conv3d_patch_embed_matches_reference
2026-09-06T04:52:17.2911000Z              at ./src/metal_backend/tests/parity_vision.rs:100:10
2026-09-06T04:52:17.2911150Z    5: spark_runtime::metal_backend::tests::parity_vision::metal_conv3d_patch_embed_matches_reference::{{closure}}
2026-09-06T04:52:17.2911220Z              at ./src/metal_backend/tests/parity_vision.rs:17:48
2026-09-06T04:52:17.2912930Z    6: core::ops::function::FnOnce::call_once
2026-09-06T04:52:17.2913060Z              at /rustc/01f6ddf7588f42ae2d7eb0a2f21d44e8e96674cf/library/core/src/ops/function.rs:250:5
2026-09-06T04:52:17.2913110Z    7: core::ops::function::FnOnce::call_once
2026-09-06T04:52:17.2913220Z              at /rustc/01f6ddf7588f42ae2d7eb0a2f21d44e8e96674cf/library/core/src/ops/function.rs:250:5
2026-09-06T04:52:17.2913330Z note: Some details are omitted, run with `RUST_BACKTRACE=full` for a verbose backtrace.
2026-09-06T04:52:17.2913330Z 
2026-09-06T04:52:17.2913430Z ---- metal_backend::tests::parity_vision::metal_layer_norm_matches_reference stdout ----
2026-09-06T04:52:17.2913430Z 
2026-09-06T04:52:17.2913670Z thread 'metal_backend::tests::parity_vision::metal_layer_norm_matches_reference' (906655) panicked at crates/spark-runtime/src/metal_backend/tests/parity_vision.rs:383:61:
2026-09-06T04:52:17.2913750Z called `Result::unwrap()` on an `Err` value: Metal: unknown module 'layer_norm'
2026-09-06T04:52:17.2913760Z 
2026-09-06T04:52:17.2913790Z Stack backtrace:
2026-09-06T04:52:17.2913850Z    0: std::backtrace_rs::backtrace::libunwind::trace
2026-09-06T04:52:17.2914020Z              at /rustc/01f6ddf7588f42ae2d7eb0a2f21d44e8e96674cf/library/std/src/../../backtrace/src/backtrace/libunwind.rs:117:9
2026-09-06T04:52:17.2914080Z    1: std::backtrace_rs::backtrace::trace_unsynchronized
2026-09-06T04:52:17.2914250Z              at /rustc/01f6ddf7588f42ae2d7eb0a2f21d44e8e96674cf/library/std/src/../../backtrace/src/backtrace/mod.rs:66:14
2026-09-06T04:52:17.2914300Z    2: std::backtrace::Backtrace::create
2026-09-06T04:52:17.2914420Z              at /rustc/01f6ddf7588f42ae2d7eb0a2f21d44e8e96674cf/library/std/src/backtrace.rs:331:13
2026-09-06T04:52:17.2914520Z    3: anyhow::error::<impl anyhow::Error>::msg
2026-09-06T04:52:17.2914680Z              at /Users/nologik/.cargo/registry/src/index.crates.io-1949cf8c6b5b557f/anyhow-1.0.104/src/backtrace.rs:10:14
2026-09-06T04:52:17.2914730Z    4: anyhow::__private::format_err
2026-09-06T04:52:17.2914880Z              at /Users/nologik/.cargo/registry/src/index.crates.io-1949cf8c6b5b557f/anyhow-1.0.104/src/lib.rs:690:13
2026-09-06T04:52:17.2915030Z    5: <spark_runtime::metal_backend::MetalGpuBackend as spark_runtime::gpu::GpuBackend>::kernel::{{closure}}
2026-09-06T04:52:17.2915080Z              at ./src/metal_backend.rs:515:28
2026-09-06T04:52:17.2915130Z    6: core::option::Option<T>::ok_or_else
2026-09-06T04:52:17.2915250Z              at /rustc/01f6ddf7588f42ae2d7eb0a2f21d44e8e96674cf/library/core/src/option.rs:1369:25
2026-09-06T04:52:17.2915380Z    7: <spark_runtime::metal_backend::MetalGpuBackend as spark_runtime::gpu::GpuBackend>::kernel
2026-09-06T04:52:17.2915430Z              at ./src/metal_backend.rs:515:14
2026-09-06T04:52:17.2915550Z    8: spark_runtime::metal_backend::tests::parity_vision::metal_layer_norm_matches_reference
2026-09-06T04:52:17.2915620Z              at ./src/metal_backend/tests/parity_vision.rs:383:26
2026-09-06T04:52:17.2915760Z    9: spark_runtime::metal_backend::tests::parity_vision::metal_layer_norm_matches_reference::{{closure}}
2026-09-06T04:52:17.2915860Z              at ./src/metal_backend/tests/parity_vision.rs:327:40
2026-09-06T04:52:17.2915920Z   10: core::ops::function::FnOnce::call_once
2026-09-06T04:52:17.2916050Z              at /rustc/01f6ddf7588f42ae2d7eb0a2f21d44e8e96674cf/library/core/src/ops/function.rs:250:5
2026-09-06T04:52:17.2916100Z   11: core::ops::function::FnOnce::call_once
2026-09-06T04:52:17.2916230Z              at /rustc/01f6ddf7588f42ae2d7eb0a2f21d44e8e96674cf/library/core/src/ops/function.rs:250:5
2026-09-06T04:52:17.2916280Z   12: test::__rust_begin_short_backtrace
2026-09-06T04:52:17.2916400Z              at /rustc/01f6ddf7588f42ae2d7eb0a2f21d44e8e96674cf/library/test/src/lib.rs:663:18
2026-09-06T04:52:17.2916450Z   13: test::run_test_in_process::{{closure}}
2026-09-06T04:52:17.2916560Z              at /rustc/01f6ddf7588f42ae2d7eb0a2f21d44e8e96674cf/library/test/src/lib.rs:686:74
2026-09-06T04:52:17.2916690Z   14: <core::panic::unwind_safe::AssertUnwindSafe<F> as core::ops::function::FnOnce<()>>::call_once
2026-09-06T04:52:17.2916830Z              at /rustc/01f6ddf7588f42ae2d7eb0a2f21d44e8e96674cf/library/core/src/panic/unwind_safe.rs:274:9
2026-09-06T04:52:17.2916890Z   15: std::panicking::catch_unwind::do_call
2026-09-06T04:52:17.2917000Z              at /rustc/01f6ddf7588f42ae2d7eb0a2f21d44e8e96674cf/library/std/src/panicking.rs:581:40
2026-09-06T04:52:17.2917050Z   16: std::panicking::catch_unwind
2026-09-06T04:52:17.2917160Z              at /rustc/01f6ddf7588f42ae2d7eb0a2f21d44e8e96674cf/library/std/src/panicking.rs:544:19
2026-09-06T04:52:17.2917200Z   17: std::panic::catch_unwind
2026-09-06T04:52:17.2917300Z              at /rustc/01f6ddf7588f42ae2d7eb0a2f21d44e8e96674cf/library/std/src/panic.rs:359:14
2026-09-06T04:52:17.2917340Z   18: test::run_test_in_process
2026-09-06T04:52:17.2917450Z              at /rustc/01f6ddf7588f42ae2d7eb0a2f21d44e8e96674cf/library/test/src/lib.rs:686:27
2026-09-06T04:52:17.2917490Z   19: test::run_test::{{closure}}
2026-09-06T04:52:17.2917590Z              at /rustc/01f6ddf7588f42ae2d7eb0a2f21d44e8e96674cf/library/test/src/lib.rs:607:43
2026-09-06T04:52:17.2917630Z   20: test::run_test::{{closure}}
2026-09-06T04:52:17.2917730Z              at /rustc/01f6ddf7588f42ae2d7eb0a2f21d44e8e96674cf/library/test/src/lib.rs:637:41
2026-09-06T04:52:17.2917790Z   21: std::sys::backtrace::__rust_begin_short_backtrace
2026-09-06T04:52:17.2917900Z              at /rustc/01f6ddf7588f42ae2d7eb0a2f21d44e8e96674cf/library/std/src/sys/backtrace.rs:160:18
2026-09-06T04:52:17.2917980Z   22: std::thread::lifecycle::spawn_unchecked::{{closure}}::{{closure}}
2026-09-06T04:52:17.2918100Z              at /rustc/01f6ddf7588f42ae2d7eb0a2f21d44e8e96674cf/library/std/src/thread/lifecycle.rs:92:13
2026-09-06T04:52:17.2918270Z   23: <core::panic::unwind_safe::AssertUnwindSafe<F> as core::ops::function::FnOnce<()>>::call_once
2026-09-06T04:52:17.2918390Z              at /rustc/01f6ddf7588f42ae2d7eb0a2f21d44e8e96674cf/library/core/src/panic/unwind_safe.rs:274:9
2026-09-06T04:52:17.2918440Z   24: std::panicking::catch_unwind::do_call
2026-09-06T04:52:17.2918550Z              at /rustc/01f6ddf7588f42ae2d7eb0a2f21d44e8e96674cf/library/std/src/panicking.rs:581:40
2026-09-06T04:52:17.2918590Z   25: std::panicking::catch_unwind
2026-09-06T04:52:17.2918710Z              at /rustc/01f6ddf7588f42ae2d7eb0a2f21d44e8e96674cf/library/std/src/panicking.rs:544:19
2026-09-06T04:52:17.2918750Z   26: std::panic::catch_unwind
2026-09-06T04:52:17.2918860Z              at /rustc/01f6ddf7588f42ae2d7eb0a2f21d44e8e96674cf/library/std/src/panic.rs:359:14
2026-09-06T04:52:17.2918930Z   27: std::thread::lifecycle::spawn_unchecked::{{closure}}
2026-09-06T04:52:17.2919070Z              at /rustc/01f6ddf7588f42ae2d7eb0a2f21d44e8e96674cf/library/std/src/thread/lifecycle.rs:90:26
2026-09-06T04:52:17.2919140Z   28: core::ops::function::FnOnce::call_once{{vtable.shim}}
2026-09-06T04:52:17.2919270Z              at /rustc/01f6ddf7588f42ae2d7eb0a2f21d44e8e96674cf/library/core/src/ops/function.rs:250:5
2026-09-06T04:52:17.2919400Z   29: <alloc::boxed::Box<F,A> as core::ops::function::FnOnce<Args>>::call_once
2026-09-06T04:52:17.2919530Z              at /rustc/01f6ddf7588f42ae2d7eb0a2f21d44e8e96674cf/library/alloc/src/boxed.rs:2206:9
2026-09-06T04:52:17.2919590Z   30: std::sys::thread::unix::Thread::new::thread_start
2026-09-06T04:52:17.2919720Z              at /rustc/01f6ddf7588f42ae2d7eb0a2f21d44e8e96674cf/library/std/src/sys/thread/unix.rs:118:17
2026-09-06T04:52:17.2919760Z   31: __pthread_exit
2026-09-06T04:52:17.2919800Z stack backtrace:
2026-09-06T04:52:17.2919850Z    0: __rustc::rust_begin_unwind
2026-09-06T04:52:17.2919970Z              at /rustc/01f6ddf7588f42ae2d7eb0a2f21d44e8e96674cf/library/std/src/panicking.rs:689:5
2026-09-06T04:52:17.2920020Z    1: core::panicking::panic_fmt
2026-09-06T04:52:17.2920140Z              at /rustc/01f6ddf7588f42ae2d7eb0a2f21d44e8e96674cf/library/core/src/panicking.rs:80:14
2026-09-06T04:52:17.2920190Z    2: core::result::unwrap_failed
2026-09-06T04:52:17.2920310Z              at /rustc/01f6ddf7588f42ae2d7eb0a2f21d44e8e96674cf/library/core/src/result.rs:1867:5
2026-09-06T04:52:17.2920350Z    3: core::result::Result<T,E>::unwrap
2026-09-06T04:52:17.2920470Z              at /rustc/01f6ddf7588f42ae2d7eb0a2f21d44e8e96674cf/library/core/src/result.rs:1233:23
2026-09-06T04:52:17.2920590Z    4: spark_runtime::metal_backend::tests::parity_vision::metal_layer_norm_matches_reference
2026-09-06T04:52:17.2920660Z              at ./src/metal_backend/tests/parity_vision.rs:383:61
2026-09-06T04:52:17.2920800Z    5: spark_runtime::metal_backend::tests::parity_vision::metal_layer_norm_matches_reference::{{closure}}
2026-09-06T04:52:17.2920870Z              at ./src/metal_backend/tests/parity_vision.rs:327:40
2026-09-06T04:52:17.2920920Z    6: core::ops::function::FnOnce::call_once
2026-09-06T04:52:17.2921050Z              at /rustc/01f6ddf7588f42ae2d7eb0a2f21d44e8e96674cf/library/core/src/ops/function.rs:250:5
2026-09-06T04:52:17.2921100Z    7: core::ops::function::FnOnce::call_once
2026-09-06T04:52:17.2921230Z              at /rustc/01f6ddf7588f42ae2d7eb0a2f21d44e8e96674cf/library/core/src/ops/function.rs:250:5
2026-09-06T04:52:17.2921340Z note: Some details are omitted, run with `RUST_BACKTRACE=full` for a verbose backtrace.
2026-09-06T04:52:17.2921340Z 
2026-09-06T04:52:17.2921460Z ---- metal_backend::tests::parity_vision::metal_dense_gemv_bf16_matches_reference stdout ----
2026-09-06T04:52:17.2921470Z 
2026-09-06T04:52:17.2921730Z thread 'metal_backend::tests::parity_vision::metal_dense_gemv_bf16_matches_reference' (906653) panicked at crates/spark-runtime/src/metal_backend/tests/parity_vision.rs:284:10:
2026-09-06T04:52:17.2921830Z called `Result::unwrap()` on an `Err` value: Metal: unknown module 'dense_gemv_bf16'
2026-09-06T04:52:17.2921870Z 
2026-09-06T04:52:17.2921910Z Stack backtrace:
2026-09-06T04:52:17.2921970Z    0: std::backtrace_rs::backtrace::libunwind::trace
2026-09-06T04:52:17.2922130Z              at /rustc/01f6ddf7588f42ae2d7eb0a2f21d44e8e96674cf/library/std/src/../../backtrace/src/backtrace/libunwind.rs:117:9
2026-09-06T04:52:17.2922190Z    1: std::backtrace_rs::backtrace::trace_unsynchronized
2026-09-06T04:52:17.2922340Z              at /rustc/01f6ddf7588f42ae2d7eb0a2f21d44e8e96674cf/library/std/src/../../backtrace/src/backtrace/mod.rs:66:14
2026-09-06T04:52:17.2922380Z    2: std::backtrace::Backtrace::create
2026-09-06T04:52:17.2922490Z              at /rustc/01f6ddf7588f42ae2d7eb0a2f21d44e8e96674cf/library/std/src/backtrace.rs:331:13
2026-09-06T04:52:17.2922540Z    3: anyhow::error::<impl anyhow::Error>::msg
2026-09-06T04:52:17.2922680Z              at /Users/nologik/.cargo/registry/src/index.crates.io-1949cf8c6b5b557f/anyhow-1.0.104/src/backtrace.rs:10:14
2026-09-06T04:52:17.2922910Z    4: anyhow::__private::format_err
2026-09-06T04:52:17.2923040Z              at /Users/nologik/.cargo/registry/src/index.crates.io-1949cf8c6b5b557f/anyhow-1.0.104/src/lib.rs:690:13
2026-09-06T04:52:17.2923180Z    5: <spark_runtime::metal_backend::MetalGpuBackend as spark_runtime::gpu::GpuBackend>::kernel::{{closure}}
2026-09-06T04:52:17.2923260Z              at ./src/metal_backend.rs:515:28
2026-09-06T04:52:17.2923300Z    6: core::option::Option<T>::ok_or_else
2026-09-06T04:52:17.2923410Z              at /rustc/01f6ddf7588f42ae2d7eb0a2f21d44e8e96674cf/library/core/src/option.rs:1369:25
2026-09-06T04:52:17.2923530Z    7: <spark_runtime::metal_backend::MetalGpuBackend as spark_runtime::gpu::GpuBackend>::kernel
2026-09-06T04:52:17.2923580Z              at ./src/metal_backend.rs:515:14
2026-09-06T04:52:17.2923700Z    8: spark_runtime::metal_backend::tests::parity_vision::metal_dense_gemv_bf16_matches_reference
2026-09-06T04:52:17.2923760Z              at ./src/metal_backend/tests/parity_vision.rs:283:10
2026-09-06T04:52:17.2923910Z    9: spark_runtime::metal_backend::tests::parity_vision::metal_dense_gemv_bf16_matches_reference::{{closure}}
2026-09-06T04:52:17.2923980Z              at ./src/metal_backend/tests/parity_vision.rs:247:45
2026-09-06T04:52:17.2924030Z   10: core::ops::function::FnOnce::call_once
2026-09-06T04:52:17.2924160Z              at /rustc/01f6ddf7588f42ae2d7eb0a2f21d44e8e96674cf/library/core/src/ops/function.rs:250:5
2026-09-06T04:52:17.2924210Z   11: core::ops::function::FnOnce::call_once
2026-09-06T04:52:17.2924340Z              at /rustc/01f6ddf7588f42ae2d7eb0a2f21d44e8e96674cf/library/core/src/ops/function.rs:250:5
2026-09-06T04:52:17.2924390Z   12: test::__rust_begin_short_backtrace
2026-09-06T04:52:17.2924500Z              at /rustc/01f6ddf7588f42ae2d7eb0a2f21d44e8e96674cf/library/test/src/lib.rs:663:18
2026-09-06T04:52:17.2924550Z   13: test::run_test_in_process::{{closure}}
2026-09-06T04:52:17.2924670Z              at /rustc/01f6ddf7588f42ae2d7eb0a2f21d44e8e96674cf/library/test/src/lib.rs:686:74
2026-09-06T04:52:17.2924800Z   14: <core::panic::unwind_safe::AssertUnwindSafe<F> as core::ops::function::FnOnce<()>>::call_once
2026-09-06T04:52:17.2924940Z              at /rustc/01f6ddf7588f42ae2d7eb0a2f21d44e8e96674cf/library/core/src/panic/unwind_safe.rs:274:9
2026-09-06T04:52:17.2924990Z   15: std::panicking::catch_unwind::do_call
2026-09-06T04:52:17.2925110Z              at /rustc/01f6ddf7588f42ae2d7eb0a2f21d44e8e96674cf/library/std/src/panicking.rs:581:40
2026-09-06T04:52:17.2925160Z   16: std::panicking::catch_unwind
2026-09-06T04:52:17.2925280Z              at /rustc/01f6ddf7588f42ae2d7eb0a2f21d44e8e96674cf/library/std/src/panicking.rs:544:19
2026-09-06T04:52:17.2925330Z   17: std::panic::catch_unwind
2026-09-06T04:52:17.2925440Z              at /rustc/01f6ddf7588f42ae2d7eb0a2f21d44e8e96674cf/library/std/src/panic.rs:359:14
2026-09-06T04:52:17.2925490Z   18: test::run_test_in_process
2026-09-06T04:52:17.2925600Z              at /rustc/01f6ddf7588f42ae2d7eb0a2f21d44e8e96674cf/library/test/src/lib.rs:686:27
2026-09-06T04:52:17.2925680Z   19: test::run_test::{{closure}}
2026-09-06T04:52:17.2925800Z              at /rustc/01f6ddf7588f42ae2d7eb0a2f21d44e8e96674cf/library/test/src/lib.rs:607:43
2026-09-06T04:52:17.2925840Z   20: test::run_test::{{closure}}
2026-09-06T04:52:17.2925950Z              at /rustc/01f6ddf7588f42ae2d7eb0a2f21d44e8e96674cf/library/test/src/lib.rs:637:41
2026-09-06T04:52:17.2926020Z   21: std::sys::backtrace::__rust_begin_short_backtrace
2026-09-06T04:52:17.2926150Z              at /rustc/01f6ddf7588f42ae2d7eb0a2f21d44e8e96674cf/library/std/src/sys/backtrace.rs:160:18
2026-09-06T04:52:17.2926240Z   22: std::thread::lifecycle::spawn_unchecked::{{closure}}::{{closure}}
2026-09-06T04:52:17.2926370Z              at /rustc/01f6ddf7588f42ae2d7eb0a2f21d44e8e96674cf/library/std/src/thread/lifecycle.rs:92:13
2026-09-06T04:52:17.2926500Z   23: <core::panic::unwind_safe::AssertUnwindSafe<F> as core::ops::function::FnOnce<()>>::call_once
2026-09-06T04:52:17.2926640Z              at /rustc/01f6ddf7588f42ae2d7eb0a2f21d44e8e96674cf/library/core/src/panic/unwind_safe.rs:274:9
2026-09-06T04:52:17.2926690Z   24: std::panicking::catch_unwind::do_call
2026-09-06T04:52:17.2926810Z              at /rustc/01f6ddf7588f42ae2d7eb0a2f21d44e8e96674cf/library/std/src/panicking.rs:581:40
2026-09-06T04:52:17.2926860Z   25: std::panicking::catch_unwind
2026-09-06T04:52:17.2927060Z              at /rustc/01f6ddf7588f42ae2d7eb0a2f21d44e8e96674cf/library/std/src/panicking.rs:544:19
2026-09-06T04:52:17.2927100Z   26: std::panic::catch_unwind
2026-09-06T04:52:17.2927200Z              at /rustc/01f6ddf7588f42ae2d7eb0a2f21d44e8e96674cf/library/std/src/panic.rs:359:14
2026-09-06T04:52:17.2927270Z   27: std::thread::lifecycle::spawn_unchecked::{{closure}}
2026-09-06T04:52:17.2927390Z              at /rustc/01f6ddf7588f42ae2d7eb0a2f21d44e8e96674cf/library/std/src/thread/lifecycle.rs:90:26
2026-09-06T04:52:17.2927450Z   28: core::ops::function::FnOnce::call_once{{vtable.shim}}
2026-09-06T04:52:17.2927570Z              at /rustc/01f6ddf7588f42ae2d7eb0a2f21d44e8e96674cf/library/core/src/ops/function.rs:250:5
2026-09-06T04:52:17.2927650Z   29: <alloc::boxed::Box<F,A> as core::ops::function::FnOnce<Args>>::call_once
2026-09-06T04:52:17.2927760Z              at /rustc/01f6ddf7588f42ae2d7eb0a2f21d44e8e96674cf/library/alloc/src/boxed.rs:2206:9
2026-09-06T04:52:17.2927810Z   30: std::sys::thread::unix::Thread::new::thread_start
2026-09-06T04:52:17.2927940Z              at /rustc/01f6ddf7588f42ae2d7eb0a2f21d44e8e96674cf/library/std/src/sys/thread/unix.rs:118:17
2026-09-06T04:52:17.2927970Z   31: __pthread_exit
2026-09-06T04:52:17.2928010Z stack backtrace:
2026-09-06T04:52:17.2928050Z    0: __rustc::rust_begin_unwind
2026-09-06T04:52:17.2928160Z              at /rustc/01f6ddf7588f42ae2d7eb0a2f21d44e8e96674cf/library/std/src/panicking.rs:689:5
2026-09-06T04:52:17.2928200Z    1: core::panicking::panic_fmt
2026-09-06T04:52:17.2928310Z              at /rustc/01f6ddf7588f42ae2d7eb0a2f21d44e8e96674cf/library/core/src/panicking.rs:80:14
2026-09-06T04:52:17.2928350Z    2: core::result::unwrap_failed
2026-09-06T04:52:17.2928470Z              at /rustc/01f6ddf7588f42ae2d7eb0a2f21d44e8e96674cf/library/core/src/result.rs:1867:5
2026-09-06T04:52:17.2928520Z    3: core::result::Result<T,E>::unwrap
2026-09-06T04:52:17.2928650Z              at /rustc/01f6ddf7588f42ae2d7eb0a2f21d44e8e96674cf/library/core/src/result.rs:1233:23
2026-09-06T04:52:17.2928790Z    4: spark_runtime::metal_backend::tests::parity_vision::metal_dense_gemv_bf16_matches_reference
2026-09-06T04:52:17.2928880Z              at ./src/metal_backend/tests/parity_vision.rs:284:10
2026-09-06T04:52:17.2929050Z    5: spark_runtime::metal_backend::tests::parity_vision::metal_dense_gemv_bf16_matches_reference::{{closure}}
2026-09-06T04:52:17.2929120Z              at ./src/metal_backend/tests/parity_vision.rs:247:45
2026-09-06T04:52:17.2929170Z    6: core::ops::function::FnOnce::call_once
2026-09-06T04:52:17.2929300Z              at /rustc/01f6ddf7588f42ae2d7eb0a2f21d44e8e96674cf/library/core/src/ops/function.rs:250:5
2026-09-06T04:52:17.2929390Z    7: core::ops::function::FnOnce::call_once
2026-09-06T04:52:17.2929500Z              at /rustc/01f6ddf7588f42ae2d7eb0a2f21d44e8e96674cf/library/core/src/ops/function.rs:250:5
2026-09-06T04:52:17.2929600Z note: Some details are omitted, run with `RUST_BACKTRACE=full` for a verbose backtrace.
2026-09-06T04:52:17.2929610Z 
2026-09-06T04:52:17.2929720Z ---- metal_backend::tests::parity_vision::metal_dense_gemm_bf16_matches_reference stdout ----
2026-09-06T04:52:17.2929720Z 
2026-09-06T04:52:17.2929980Z thread 'metal_backend::tests::parity_vision::metal_dense_gemm_bf16_matches_reference' (906652) panicked at crates/spark-runtime/src/metal_backend/tests/parity_vision.rs:200:10:
2026-09-06T04:52:17.2930080Z called `Result::unwrap()` on an `Err` value: Metal: unknown module 'dense_gemm_bf16'
2026-09-06T04:52:17.2930080Z 
2026-09-06T04:52:17.2930120Z Stack backtrace:
2026-09-06T04:52:17.2930180Z    0: std::backtrace_rs::backtrace::libunwind::trace
2026-09-06T04:52:17.2930360Z              at /rustc/01f6ddf7588f42ae2d7eb0a2f21d44e8e96674cf/library/std/src/../../backtrace/src/backtrace/libunwind.rs:117:9
2026-09-06T04:52:17.2930430Z    1: std::backtrace_rs::backtrace::trace_unsynchronized
2026-09-06T04:52:17.2930660Z              at /rustc/01f6ddf7588f42ae2d7eb0a2f21d44e8e96674cf/library/std/src/../../backtrace/src/backtrace/mod.rs:66:14
2026-09-06T04:52:17.2930710Z    2: std::backtrace::Backtrace::create
2026-09-06T04:52:17.2930830Z              at /rustc/01f6ddf7588f42ae2d7eb0a2f21d44e8e96674cf/library/std/src/backtrace.rs:331:13
2026-09-06T04:52:17.2930890Z    3: anyhow::error::<impl anyhow::Error>::msg
2026-09-06T04:52:17.2931050Z              at /Users/nologik/.cargo/registry/src/index.crates.io-1949cf8c6b5b557f/anyhow-1.0.104/src/backtrace.rs:10:14
2026-09-06T04:52:17.2931090Z    4: anyhow::__private::format_err
2026-09-06T04:52:17.2931240Z              at /Users/nologik/.cargo/registry/src/index.crates.io-1949cf8c6b5b557f/anyhow-1.0.104/src/lib.rs:690:13
2026-09-06T04:52:17.2931390Z    5: <spark_runtime::metal_backend::MetalGpuBackend as spark_runtime::gpu::GpuBackend>::kernel::{{closure}}
2026-09-06T04:52:17.2931440Z              at ./src/metal_backend.rs:515:28
2026-09-06T04:52:17.2931490Z    6: core::option::Option<T>::ok_or_else
2026-09-06T04:52:17.2931620Z              at /rustc/01f6ddf7588f42ae2d7eb0a2f21d44e8e96674cf/library/core/src/option.rs:1369:25
2026-09-06T04:52:17.2931750Z    7: <spark_runtime::metal_backend::MetalGpuBackend as spark_runtime::gpu::GpuBackend>::kernel
2026-09-06T04:52:17.2931800Z              at ./src/metal_backend.rs:515:14
2026-09-06T04:52:17.2931920Z    8: spark_runtime::metal_backend::tests::parity_vision::metal_dense_gemm_bf16_matches_reference
2026-09-06T04:52:17.2931980Z              at ./src/metal_backend/tests/parity_vision.rs:199:10
2026-09-06T04:52:17.2932110Z    9: spark_runtime::metal_backend::tests::parity_vision::metal_dense_gemm_bf16_matches_reference::{{closure}}
2026-09-06T04:52:17.2932180Z              at ./src/metal_backend/tests/parity_vision.rs:159:45
2026-09-06T04:52:17.2932220Z   10: core::ops::function::FnOnce::call_once
2026-09-06T04:52:17.2932340Z              at /rustc/01f6ddf7588f42ae2d7eb0a2f21d44e8e96674cf/library/core/src/ops/function.rs:250:5
2026-09-06T04:52:17.2932390Z   11: core::ops::function::FnOnce::call_once
2026-09-06T04:52:17.2932500Z              at /rustc/01f6ddf7588f42ae2d7eb0a2f21d44e8e96674cf/library/core/src/ops/function.rs:250:5
2026-09-06T04:52:17.2932550Z   12: test::__rust_begin_short_backtrace
2026-09-06T04:52:17.2932650Z              at /rustc/01f6ddf7588f42ae2d7eb0a2f21d44e8e96674cf/library/test/src/lib.rs:663:18
2026-09-06T04:52:17.2932690Z   13: test::run_test_in_process::{{closure}}
2026-09-06T04:52:17.2932790Z              at /rustc/01f6ddf7588f42ae2d7eb0a2f21d44e8e96674cf/library/test/src/lib.rs:686:74
2026-09-06T04:52:17.2932910Z   14: <core::panic::unwind_safe::AssertUnwindSafe<F> as core::ops::function::FnOnce<()>>::call_once
2026-09-06T04:52:17.2933110Z              at /rustc/01f6ddf7588f42ae2d7eb0a2f21d44e8e96674cf/library/core/src/panic/unwind_safe.rs:274:9
2026-09-06T04:52:17.2933160Z   15: std::panicking::catch_unwind::do_call
2026-09-06T04:52:17.2933270Z              at /rustc/01f6ddf7588f42ae2d7eb0a2f21d44e8e96674cf/library/std/src/panicking.rs:581:40
2026-09-06T04:52:17.2933310Z   16: std::panicking::catch_unwind
2026-09-06T04:52:17.2933440Z              at /rustc/01f6ddf7588f42ae2d7eb0a2f21d44e8e96674cf/library/std/src/panicking.rs:544:19
2026-09-06T04:52:17.2933480Z   17: std::panic::catch_unwind
2026-09-06T04:52:17.2933600Z              at /rustc/01f6ddf7588f42ae2d7eb0a2f21d44e8e96674cf/library/std/src/panic.rs:359:14
2026-09-06T04:52:17.2933640Z   18: test::run_test_in_process
2026-09-06T04:52:17.2933760Z              at /rustc/01f6ddf7588f42ae2d7eb0a2f21d44e8e96674cf/library/test/src/lib.rs:686:27
2026-09-06T04:52:17.2933800Z   19: test::run_test::{{closure}}
2026-09-06T04:52:17.2933910Z              at /rustc/01f6ddf7588f42ae2d7eb0a2f21d44e8e96674cf/library/test/src/lib.rs:607:43
2026-09-06T04:52:17.2933960Z   20: test::run_test::{{closure}}
2026-09-06T04:52:17.2934070Z              at /rustc/01f6ddf7588f42ae2d7eb0a2f21d44e8e96674cf/library/test/src/lib.rs:637:41
2026-09-06T04:52:17.2934130Z   21: std::sys::backtrace::__rust_begin_short_backtrace
2026-09-06T04:52:17.2934300Z              at /rustc/01f6ddf7588f42ae2d7eb0a2f21d44e8e96674cf/library/std/src/sys/backtrace.rs:160:18
2026-09-06T04:52:17.2934390Z   22: std::thread::lifecycle::spawn_unchecked::{{closure}}::{{closure}}
2026-09-06T04:52:17.2934540Z              at /rustc/01f6ddf7588f42ae2d7eb0a2f21d44e8e96674cf/library/std/src/thread/lifecycle.rs:92:13
2026-09-06T04:52:17.2934670Z   23: <core::panic::unwind_safe::AssertUnwindSafe<F> as core::ops::function::FnOnce<()>>::call_once
2026-09-06T04:52:17.2934810Z              at /rustc/01f6ddf7588f42ae2d7eb0a2f21d44e8e96674cf/library/core/src/panic/unwind_safe.rs:274:9
2026-09-06T04:52:17.2934870Z   24: std::panicking::catch_unwind::do_call
2026-09-06T04:52:17.2934990Z              at /rustc/01f6ddf7588f42ae2d7eb0a2f21d44e8e96674cf/library/std/src/panicking.rs:581:40
2026-09-06T04:52:17.2935040Z   25: std::panicking::catch_unwind
2026-09-06T04:52:17.2935160Z              at /rustc/01f6ddf7588f42ae2d7eb0a2f21d44e8e96674cf/library/std/src/panicking.rs:544:19
2026-09-06T04:52:17.2935200Z   26: std::panic::catch_unwind
2026-09-06T04:52:17.2935320Z              at /rustc/01f6ddf7588f42ae2d7eb0a2f21d44e8e96674cf/library/std/src/panic.rs:359:14
2026-09-06T04:52:17.2935390Z   27: std::thread::lifecycle::spawn_unchecked::{{closure}}
2026-09-06T04:52:17.2935530Z              at /rustc/01f6ddf7588f42ae2d7eb0a2f21d44e8e96674cf/library/std/src/thread/lifecycle.rs:90:26
2026-09-06T04:52:17.2935590Z   28: core::ops::function::FnOnce::call_once{{vtable.shim}}
2026-09-06T04:52:17.2935720Z              at /rustc/01f6ddf7588f42ae2d7eb0a2f21d44e8e96674cf/library/core/src/ops/function.rs:250:5
2026-09-06T04:52:17.2935820Z   29: <alloc::boxed::Box<F,A> as core::ops::function::FnOnce<Args>>::call_once
2026-09-06T04:52:17.2935940Z              at /rustc/01f6ddf7588f42ae2d7eb0a2f21d44e8e96674cf/library/alloc/src/boxed.rs:2206:9
2026-09-06T04:52:17.2936000Z   30: std::sys::thread::unix::Thread::new::thread_start
2026-09-06T04:52:17.2936130Z              at /rustc/01f6ddf7588f42ae2d7eb0a2f21d44e8e96674cf/library/std/src/sys/thread/unix.rs:118:17
2026-09-06T04:52:17.2936180Z   31: __pthread_exit
2026-09-06T04:52:17.2936210Z stack backtrace:
2026-09-06T04:52:17.2936260Z    0: __rustc::rust_begin_unwind
2026-09-06T04:52:17.2936380Z              at /rustc/01f6ddf7588f42ae2d7eb0a2f21d44e8e96674cf/library/std/src/panicking.rs:689:5
2026-09-06T04:52:17.2936430Z    1: core::panicking::panic_fmt
2026-09-06T04:52:17.2936550Z              at /rustc/01f6ddf7588f42ae2d7eb0a2f21d44e8e96674cf/library/core/src/panicking.rs:80:14
2026-09-06T04:52:17.2936590Z    2: core::result::unwrap_failed
2026-09-06T04:52:17.2936710Z              at /rustc/01f6ddf7588f42ae2d7eb0a2f21d44e8e96674cf/library/core/src/result.rs:1867:5
2026-09-06T04:52:17.2936800Z    3: core::result::Result<T,E>::unwrap
2026-09-06T04:52:17.2936920Z              at /rustc/01f6ddf7588f42ae2d7eb0a2f21d44e8e96674cf/library/core/src/result.rs:1233:23
2026-09-06T04:52:17.2937040Z    4: spark_runtime::metal_backend::tests::parity_vision::metal_dense_gemm_bf16_matches_reference
2026-09-06T04:52:17.2937100Z              at ./src/metal_backend/tests/parity_vision.rs:200:10
2026-09-06T04:52:17.2937240Z    5: spark_runtime::metal_backend::tests::parity_vision::metal_dense_gemm_bf16_matches_reference::{{closure}}
2026-09-06T04:52:17.2937300Z              at ./src/metal_backend/tests/parity_vision.rs:159:45
2026-09-06T04:52:17.2937340Z    6: core::ops::function::FnOnce::call_once
2026-09-06T04:52:17.2937460Z              at /rustc/01f6ddf7588f42ae2d7eb0a2f21d44e8e96674cf/library/core/src/ops/function.rs:250:5
2026-09-06T04:52:17.2937510Z    7: core::ops::function::FnOnce::call_once
2026-09-06T04:52:17.2937620Z              at /rustc/01f6ddf7588f42ae2d7eb0a2f21d44e8e96674cf/library/core/src/ops/function.rs:250:5
2026-09-06T04:52:17.2937720Z note: Some details are omitted, run with `RUST_BACKTRACE=full` for a verbose backtrace.
2026-09-06T04:52:17.2937720Z 
2026-09-06T04:52:17.2937730Z 
2026-09-06T04:52:17.2937760Z failures:
2026-09-06T04:52:17.2937900Z     metal_backend::tests::parity_asym::metal_attention_decode_bf16k_turbo4v_matches_reference
2026-09-06T04:52:17.2938010Z     metal_backend::tests::parity_asym::metal_kv_cache_append_bf16k_turbov_matches_reference
2026-09-06T04:52:17.2938110Z     metal_backend::tests::parity_attention::metal_attention_decode_matches_reference
2026-09-06T04:52:17.2938210Z     metal_backend::tests::parity_attention::metal_attention_prefill_matches_reference
2026-09-06T04:52:17.2938300Z     metal_backend::tests::parity_attention::metal_kv_cache_append_matches_reference
2026-09-06T04:52:17.2938390Z     metal_backend::tests::parity_attention::metal_softmax_topp_dominant_logit
2026-09-06T04:52:17.2938490Z     metal_backend::tests::parity_attention_full::metal_attention_full_matches_reference
2026-09-06T04:52:17.2938570Z     metal_backend::tests::parity_basic::metal_alloc_copy_launch_roundtrip
2026-09-06T04:52:17.2938650Z     metal_backend::tests::parity_basic::metal_bf16_add_matches_reference
2026-09-06T04:52:17.2938730Z     metal_backend::tests::parity_basic::metal_sigmoid_gate_matches_reference
2026-09-06T04:52:17.2938840Z     metal_backend::tests::parity_gdn::metal_causal_conv1d_decode_matches_reference
2026-09-06T04:52:17.2938940Z     metal_backend::tests::parity_gdn::metal_gated_delta_rule_decode_matches_reference
2026-09-06T04:52:17.2939050Z     metal_backend::tests::parity_gdn::metal_selective_scan_decode_matches_reference
2026-09-06T04:52:17.2939140Z     metal_backend::tests::parity_norms::metal_argmax_bf16_matches_reference
2026-09-06T04:52:17.2939230Z     metal_backend::tests::parity_norms::metal_embed_lookup_matches_reference
2026-09-06T04:52:17.2939320Z     metal_backend::tests::parity_norms::metal_rms_norm_matches_reference
2026-09-06T04:52:17.2939410Z     metal_backend::tests::parity_norms::metal_rope_apply_matches_reference
2026-09-06T04:52:17.2939500Z     metal_backend::tests::parity_norms::metal_silu_gate_matches_reference
2026-09-06T04:52:17.2939600Z     metal_backend::tests::parity_quant::metal_mlx_int8_dequant_matches_reference
2026-09-06T04:52:17.2939690Z     metal_backend::tests::parity_quant::metal_mlx_int8_gemm_matches_reference
2026-09-06T04:52:17.2939790Z     metal_backend::tests::parity_quant::metal_mlx_int8_gemv_matches_reference
2026-09-06T04:52:17.2939900Z     metal_backend::tests::parity_turbo23::metal_attention_decode_turbo23_matches_reference
2026-09-06T04:52:17.2940010Z     metal_backend::tests::parity_turbo23::metal_kv_cache_append_turbo2_matches_reference
2026-09-06T04:52:17.2940120Z     metal_backend::tests::parity_turbo23::metal_kv_cache_append_turbo3_matches_reference
2026-09-06T04:52:17.2940230Z     metal_backend::tests::parity_turbo4::metal_attention_decode_turbo4_matches_reference
2026-09-06T04:52:17.2940380Z     metal_backend::tests::parity_turbo4::metal_kv_cache_append_turbo4_matches_reference
2026-09-06T04:52:17.2940490Z     metal_backend::tests::parity_turbo::metal_attention_decode_turbo8_matches_reference
2026-09-06T04:52:17.2940590Z     metal_backend::tests::parity_turbo::metal_kv_cache_append_turbo8_matches_reference
2026-09-06T04:52:17.2940680Z     metal_backend::tests::parity_turbo::metal_wht_bf16_inverse_roundtrip
2026-09-06T04:52:17.2940770Z     metal_backend::tests::parity_turbo::metal_wht_bf16_matches_reference
2026-09-06T04:52:17.2940870Z     metal_backend::tests::parity_vision::metal_conv3d_patch_embed_matches_reference
2026-09-06T04:52:17.2940970Z     metal_backend::tests::parity_vision::metal_dense_gemm_bf16_matches_reference
2026-09-06T04:52:17.2941070Z     metal_backend::tests::parity_vision::metal_dense_gemv_bf16_matches_reference
2026-09-06T04:52:17.2941150Z     metal_backend::tests::parity_vision::metal_gelu_matches_reference
2026-09-06T04:52:17.2941250Z     metal_backend::tests::parity_vision::metal_layer_norm_matches_reference
2026-09-06T04:52:17.2941250Z 
2026-09-06T04:52:17.2941380Z test result: FAILED. 0 passed; 35 failed; 5 ignored; 0 measured; 270 filtered out; finished in 0.05s
2026-09-06T04:52:17.2941380Z 
2026-09-06T04:52:17.2946790Z ##[error]Process completed with exit code 101.
2026-09-06T04:52:17.3002420Z Post job cleanup.
2026-09-06T04:52:17.3611290Z [command]/usr/bin/git version
2026-09-06T04:52:17.3704260Z git version 2.54.0 (Apple Git-157)
2026-09-06T04:52:17.3717620Z Temporarily overriding HOME='/Users/nologik/actions-runner-atlas/_work/_temp/9bc5d250-9137-404f-8b7b-159b7df40b75' before making global git config changes
2026-09-06T04:52:17.3717770Z Adding repository directory to the temporary git global config as a safe directory
2026-09-06T04:52:17.3719660Z [command]/usr/bin/git config --global --add safe.directory /Users/nologik/actions-runner-atlas/_work/atlas/atlas
2026-09-06T04:52:17.3798350Z Removing SSH command configuration
2026-09-06T04:52:17.3800810Z [command]/usr/bin/git config --local --name-only --get-regexp core\.sshCommand
2026-09-06T04:52:17.3877020Z [command]/usr/bin/git submodule foreach --recursive sh -c "git config --local --name-only --get-regexp 'core\.sshCommand' && git config --local --unset-all 'core.sshCommand' || :"
2026-09-06T04:52:17.4513250Z Removing HTTP extra header
2026-09-06T04:52:17.4515610Z [command]/usr/bin/git config --local --name-only --get-regexp http\.https\:\/\/github\.com\/\.extraheader
2026-09-06T04:52:17.4594930Z [command]/usr/bin/git submodule foreach --recursive sh -c "git config --local --name-only --get-regexp 'http\.https\:\/\/github\.com\/\.extraheader' && git config --local --unset-all 'http.https://github.com/.extraheader' || :"
2026-09-06T04:52:17.5270380Z Removing includeIf entries pointing to credentials config files
2026-09-06T04:52:17.5272910Z [command]/usr/bin/git config --local --name-only --get-regexp ^includeIf\.gitdir:
2026-09-06T04:52:17.5355380Z includeif.gitdir:/Users/nologik/actions-runner-atlas/_work/atlas/atlas/.git.path
2026-09-06T04:52:17.5355790Z includeif.gitdir:/Users/nologik/actions-runner-atlas/_work/atlas/atlas/.git/worktrees/*.path
2026-09-06T04:52:17.5356090Z includeif.gitdir:/github/workspace/.git.path
2026-09-06T04:52:17.5356280Z includeif.gitdir:/github/workspace/.git/worktrees/*.path
2026-09-06T04:52:17.5360080Z [command]/usr/bin/git config --local --get-all includeif.gitdir:/Users/nologik/actions-runner-atlas/_work/atlas/atlas/.git.path
2026-09-06T04:52:17.5439630Z /Users/nologik/actions-runner-atlas/_work/_temp/git-credentials-19cdd275-ed90-4e85-88b9-a4d98b6c3203.config
2026-09-06T04:52:17.5444830Z [command]/usr/bin/git config --local --unset includeif.gitdir:/Users/nologik/actions-runner-atlas/_work/atlas/atlas/.git.path \/Users\/nologik\/actions\-runner\-atlas\/_work\/_temp\/git\-credentials\-19cdd275\-ed90\-4e85\-88b9\-a4d98b6c3203\.config
2026-09-06T04:52:17.5527380Z [command]/usr/bin/git config --local --get-all includeif.gitdir:/Users/nologik/actions-runner-atlas/_work/atlas/atlas/.git/worktrees/*.path
2026-09-06T04:52:17.5602160Z /Users/nologik/actions-runner-atlas/_work/_temp/git-credentials-19cdd275-ed90-4e85-88b9-a4d98b6c3203.config
2026-09-06T04:52:17.5609780Z [command]/usr/bin/git config --local --unset includeif.gitdir:/Users/nologik/actions-runner-atlas/_work/atlas/atlas/.git/worktrees/*.path \/Users\/nologik\/actions\-runner\-atlas\/_work\/_temp\/git\-credentials\-19cdd275\-ed90\-4e85\-88b9\-a4d98b6c3203\.config
2026-09-06T04:52:17.5686970Z [command]/usr/bin/git config --local --get-all includeif.gitdir:/github/workspace/.git.path
2026-09-06T04:52:17.5755780Z /github/runner_temp/git-credentials-19cdd275-ed90-4e85-88b9-a4d98b6c3203.config
2026-09-06T04:52:17.5759810Z [command]/usr/bin/git config --local --unset includeif.gitdir:/github/workspace/.git.path \/github\/runner_temp\/git\-credentials\-19cdd275\-ed90\-4e85\-88b9\-a4d98b6c3203\.config
2026-09-06T04:52:17.5832330Z [command]/usr/bin/git config --local --get-all includeif.gitdir:/github/workspace/.git/worktrees/*.path
2026-09-06T04:52:17.5901780Z /github/runner_temp/git-credentials-19cdd275-ed90-4e85-88b9-a4d98b6c3203.config
2026-09-06T04:52:17.5906180Z [command]/usr/bin/git config --local --unset includeif.gitdir:/github/workspace/.git/worktrees/*.path \/github\/runner_temp\/git\-credentials\-19cdd275\-ed90\-4e85\-88b9\-a4d98b6c3203\.config
2026-09-06T04:52:17.5977800Z [command]/usr/bin/git submodule foreach --recursive git config --local --show-origin --name-only --get-regexp remote.origin.url
2026-09-06T04:52:17.6624330Z Removing credentials config '/Users/nologik/actions-runner-atlas/_work/_temp/git-credentials-19cdd275-ed90-4e85-88b9-a4d98b6c3203.config'
2026-09-06T04:52:17.6683760Z Cleaning up orphan processes
