[2m2026-09-06T01:46:57.241862Z[0m [32m INFO[0m [2mspark::main_modules::serve[0m[2m:[0m Atlas Spark starting...
[2m2026-09-06T01:46:57.241988Z[0m [32m INFO[0m [2mspark::main_modules::serve[0m[2m:[0m Licensed under AGPL-3.0-only — see /LICENSE in this container
[2m2026-09-06T01:46:57.242202Z[0m [32m INFO[0m [2mspark::main_modules::serve_flags[0m[2m:[0m kernel flags: ssm_h_dtype=f32 gdn_fused_norm=false ssm_batched_recurrent=false exact_verify=false ssm_tail_midchunk=true mtp_gate=auto ssm_rollback_mode=Snapshot prefill_varlen_batch=false
[2m2026-09-06T01:46:57.242302Z[0m [32m INFO[0m [2mspark::model_resolver[0m[2m:[0m Model path: /workspace/atlas-rental/hf38/hub/models--Qwen--Qwen3.8-27B-FP8/snapshots/017b9c7af6b5689d5dd426a76e0bc077eb5ca20a (local directory)
[2m2026-09-06T01:46:57.242320Z[0m [32m INFO[0m [2mspark::main_modules::serve_load[0m[2m:[0m Port: 8888
[2m2026-09-06T01:46:57.242328Z[0m [32m INFO[0m [2mspark::main_modules::serve_load[0m[2m:[0m SSM decode h-state dtype: f32 (full precision) (--ssm-h-dtype)
[2m2026-09-06T01:46:57.243687Z[0m [32m INFO[0m [2mspark::main_modules::serve[0m[2m:[0m Vision area bound 16777216 px from /workspace/atlas-rental/hf38/hub/models--Qwen--Qwen3.8-27B-FP8/snapshots/017b9c7af6b5689d5dd426a76e0bc077eb5ca20a/preprocessor_config.json (was: hard-coded 1280px long side)
[2m2026-09-06T01:46:57.243716Z[0m [32m INFO[0m [2mspark::main_modules::serve_load[0m[2m:[0m Vision area bound: 16777216 px (checkpoint processor config / ATLAS_VISION_MAX_PIXELS)
[2m2026-09-06T01:46:57.243726Z[0m [32m INFO[0m [2mspark::main_modules::serve_load[0m[2m:[0m Remote image fetching disabled (default); image_url parts carrying an http(s) URL are refused with a 400. Send base64 data: URIs, or pass --vision-allow-remote-images.
[2m2026-09-06T01:46:57.243745Z[0m [32m INFO[0m [2mspark::main_modules::serve_load[0m[2m:[0m Video decoding disabled (default). Animated GIF decodes in-process; every other container needs ffmpeg — pass --video-allow-ffmpeg to enable it.
[2m2026-09-06T01:46:57.243755Z[0m [32m INFO[0m [2mspark::main_modules::serve_load[0m[2m:[0m Quantization config: method="fp8", algo="", format="", 0 module(s) in ignore list
[2m2026-09-06T01:46:57.243772Z[0m [32m INFO[0m [2mspark::main_modules::serve_load[0m[2m:[0m Model config: 64 layers, 16 attention, 48 SSM, 0 experts, rope_theta=10000000, head_dim=256, rotary_dim=64
[2m2026-09-06T01:46:57.243818Z[0m [32m INFO[0m [2mspark::main_modules::serve_load[0m[2m:[0m Selected kernel target: (sm_90, qwen3.8-27b, nvfp4) (181 modules) — quant compat: kernel=nvfp4 model=fp8 OK
[2m2026-09-06T01:46:57.652193Z[0m [32m INFO[0m [2mspark_runtime::cuda_backend::arch_preflight[0m[2m:[0m device CC 9.0, kernels built for sm_90a
[2m2026-09-06T01:46:58.061800Z[0m [32m INFO[0m [2mspark_runtime::cuda_backend[0m[2m:[0m AtlasCudaBackend initialized on GPU 0 with 181 PTX modules
[2m2026-09-06T01:46:58.061957Z[0m [32m INFO[0m [2mspark::main_modules::serve_phases::preflight[0m[2m:[0m GPU 0: 79.2 GB total, 78.6 GB free
[2m2026-09-06T01:46:58.061984Z[0m [32m INFO[0m [2mspark::main_modules::serve_phases::preflight[0m[2m:[0m Preflight reserve: inference=8745 MB, buffer_arena=3658 MB (pre-load free: 78.6 GB)
[2m2026-09-06T01:46:58.062001Z[0m [32m INFO[0m [2mspark::main_modules::serve_load[0m[2m:[0m OOM watchdog started (threshold: 2 GB, interval: 2s)
[2m2026-09-06T01:46:58.062006Z[0m [32m INFO[0m [2mspark::main_modules::serve_load[0m[2m:[0m OOM guard reserve: 4096 MB
[2m2026-09-06T01:46:58.062082Z[0m [32m INFO[0m [2mspark::main_modules::serve_phases::weights[0m[2m:[0m Using fast weight loader (O_DIRECT + pipelined read/copy)
[2m2026-09-06T01:46:58.068932Z[0m [32m INFO[0m [2mspark_runtime::fast_weights[0m[2m:[0m Fast-load pre-flight: 28.75 GB on-disk, 1.1x overhead = 30.18 GB peak, 78.56 GB free, 4.0 GB reserve (FP8: true)
[2m2026-09-06T01:46:58.068998Z[0m [32m INFO[0m [2mspark_runtime::fast_weights[0m[2m:[0m Fast-loading shard 1/66: layers-0.safetensors (20 tensors)
[2m2026-09-06T01:46:58.364351Z[0m [32m INFO[0m [2mspark_runtime::fast_weights[0m[2m:[0m   Shard 1/66 done — GPU memory: 0.36 GB used, 78.20 GB free
[2m2026-09-06T01:46:58.364493Z[0m [32m INFO[0m [2mspark_runtime::fast_weights[0m[2m:[0m Fast-loading shard 2/66: layers-1.safetensors (20 tensors)
[2m2026-09-06T01:46:58.662881Z[0m [32m INFO[0m [2mspark_runtime::fast_weights[0m[2m:[0m   Shard 2/66 done — GPU memory: 0.72 GB used, 77.84 GB free
[2m2026-09-06T01:46:58.663042Z[0m [32m INFO[0m [2mspark_runtime::fast_weights[0m[2m:[0m Fast-loading shard 3/66: layers-10.safetensors (20 tensors)
[2m2026-09-06T01:46:58.948395Z[0m [32m INFO[0m [2mspark_runtime::fast_weights[0m[2m:[0m   Shard 3/66 done — GPU memory: 1.08 GB used, 77.48 GB free
[2m2026-09-06T01:46:58.948563Z[0m [32m INFO[0m [2mspark_runtime::fast_weights[0m[2m:[0m Fast-loading shard 4/66: layers-11.safetensors (18 tensors)
[2m2026-09-06T01:46:59.240995Z[0m [32m INFO[0m [2mspark_runtime::fast_weights[0m[2m:[0m   Shard 4/66 done — GPU memory: 1.43 GB used, 77.13 GB free
[2m2026-09-06T01:46:59.241189Z[0m [32m INFO[0m [2mspark_runtime::fast_weights[0m[2m:[0m Fast-loading shard 5/66: layers-12.safetensors (20 tensors)
[2m2026-09-06T01:46:59.533599Z[0m [32m INFO[0m [2mspark_runtime::fast_weights[0m[2m:[0m   Shard 5/66 done — GPU memory: 1.79 GB used, 76.77 GB free
[2m2026-09-06T01:46:59.533765Z[0m [32m INFO[0m [2mspark_runtime::fast_weights[0m[2m:[0m Fast-loading shard 6/66: layers-13.safetensors (20 tensors)
[2m2026-09-06T01:46:59.823392Z[0m [32m INFO[0m [2mspark_runtime::fast_weights[0m[2m:[0m   Shard 6/66 done — GPU memory: 2.15 GB used, 76.41 GB free
[2m2026-09-06T01:46:59.823558Z[0m [32m INFO[0m [2mspark_runtime::fast_weights[0m[2m:[0m Fast-loading shard 7/66: layers-14.safetensors (20 tensors)
[2m2026-09-06T01:47:00.154570Z[0m [32m INFO[0m [2mspark_runtime::fast_weights[0m[2m:[0m   Shard 7/66 done — GPU memory: 2.52 GB used, 76.05 GB free
[2m2026-09-06T01:47:00.154730Z[0m [32m INFO[0m [2mspark_runtime::fast_weights[0m[2m:[0m Fast-loading shard 8/66: layers-15.safetensors (18 tensors)
[2m2026-09-06T01:47:00.483376Z[0m [32m INFO[0m [2mspark_runtime::fast_weights[0m[2m:[0m   Shard 8/66 done — GPU memory: 2.87 GB used, 75.70 GB free
[2m2026-09-06T01:47:00.483707Z[0m [32m INFO[0m [2mspark_runtime::fast_weights[0m[2m:[0m Fast-loading shard 9/66: layers-16.safetensors (20 tensors)
[2m2026-09-06T01:47:00.820765Z[0m [32m INFO[0m [2mspark_runtime::fast_weights[0m[2m:[0m   Shard 9/66 done — GPU memory: 3.23 GB used, 75.34 GB free
[2m2026-09-06T01:47:00.820917Z[0m [32m INFO[0m [2mspark_runtime::fast_weights[0m[2m:[0m Fast-loading shard 10/66: layers-17.safetensors (20 tensors)
[2m2026-09-06T01:47:01.161684Z[0m [32m INFO[0m [2mspark_runtime::fast_weights[0m[2m:[0m   Shard 10/66 done — GPU memory: 3.59 GB used, 74.98 GB free
[2m2026-09-06T01:47:01.161850Z[0m [32m INFO[0m [2mspark_runtime::fast_weights[0m[2m:[0m Fast-loading shard 11/66: layers-18.safetensors (20 tensors)
[2m2026-09-06T01:47:01.442487Z[0m [32m INFO[0m [2mspark_runtime::fast_weights[0m[2m:[0m   Shard 11/66 done — GPU memory: 3.95 GB used, 74.62 GB free
[2m2026-09-06T01:47:01.442648Z[0m [32m INFO[0m [2mspark_runtime::fast_weights[0m[2m:[0m Fast-loading shard 12/66: layers-19.safetensors (18 tensors)
[2m2026-09-06T01:47:01.734833Z[0m [32m INFO[0m [2mspark_runtime::fast_weights[0m[2m:[0m   Shard 12/66 done — GPU memory: 4.30 GB used, 74.26 GB free
[2m2026-09-06T01:47:01.735025Z[0m [32m INFO[0m [2mspark_runtime::fast_weights[0m[2m:[0m Fast-loading shard 13/66: layers-2.safetensors (20 tensors)
[2m2026-09-06T01:47:02.014727Z[0m [32m INFO[0m [2mspark_runtime::fast_weights[0m[2m:[0m   Shard 13/66 done — GPU memory: 4.66 GB used, 73.90 GB free
[2m2026-09-06T01:47:02.014886Z[0m [32m INFO[0m [2mspark_runtime::fast_weights[0m[2m:[0m Fast-loading shard 14/66: layers-20.safetensors (20 tensors)
[2m2026-09-06T01:47:02.337707Z[0m [32m INFO[0m [2mspark_runtime::fast_weights[0m[2m:[0m   Shard 14/66 done — GPU memory: 5.02 GB used, 73.54 GB free
[2m2026-09-06T01:47:02.337868Z[0m [32m INFO[0m [2mspark_runtime::fast_weights[0m[2m:[0m Fast-loading shard 15/66: layers-21.safetensors (20 tensors)
[2m2026-09-06T01:47:02.643126Z[0m [32m INFO[0m [2mspark_runtime::fast_weights[0m[2m:[0m   Shard 15/66 done — GPU memory: 5.38 GB used, 73.18 GB free
[2m2026-09-06T01:47:02.643292Z[0m [32m INFO[0m [2mspark_runtime::fast_weights[0m[2m:[0m Fast-loading shard 16/66: layers-22.safetensors (20 tensors)
[2m2026-09-06T01:47:02.940689Z[0m [32m INFO[0m [2mspark_runtime::fast_weights[0m[2m:[0m   Shard 16/66 done — GPU memory: 5.74 GB used, 72.82 GB free
[2m2026-09-06T01:47:02.940838Z[0m [32m INFO[0m [2mspark_runtime::fast_weights[0m[2m:[0m Fast-loading shard 17/66: layers-23.safetensors (18 tensors)
[2m2026-09-06T01:47:03.229940Z[0m [32m INFO[0m [2mspark_runtime::fast_weights[0m[2m:[0m   Shard 17/66 done — GPU memory: 6.09 GB used, 72.47 GB free
[2m2026-09-06T01:47:03.230143Z[0m [32m INFO[0m [2mspark_runtime::fast_weights[0m[2m:[0m Fast-loading shard 18/66: layers-24.safetensors (20 tensors)
[2m2026-09-06T01:47:03.513855Z[0m [32m INFO[0m [2mspark_runtime::fast_weights[0m[2m:[0m   Shard 18/66 done — GPU memory: 6.45 GB used, 72.11 GB free
[2m2026-09-06T01:47:03.514017Z[0m [32m INFO[0m [2mspark_runtime::fast_weights[0m[2m:[0m Fast-loading shard 19/66: layers-25.safetensors (20 tensors)
[2m2026-09-06T01:47:03.802028Z[0m [32m INFO[0m [2mspark_runtime::fast_weights[0m[2m:[0m   Shard 19/66 done — GPU memory: 6.81 GB used, 71.75 GB free
[2m2026-09-06T01:47:03.802193Z[0m [32m INFO[0m [2mspark_runtime::fast_weights[0m[2m:[0m Fast-loading shard 20/66: layers-26.safetensors (20 tensors)
[2m2026-09-06T01:47:04.074244Z[0m [32m INFO[0m [2mspark_runtime::fast_weights[0m[2m:[0m   Shard 20/66 done — GPU memory: 7.17 GB used, 71.39 GB free
[2m2026-09-06T01:47:04.074404Z[0m [32m INFO[0m [2mspark_runtime::fast_weights[0m[2m:[0m Fast-loading shard 21/66: layers-27.safetensors (18 tensors)
[2m2026-09-06T01:47:04.356921Z[0m [32m INFO[0m [2mspark_runtime::fast_weights[0m[2m:[0m   Shard 21/66 done — GPU memory: 7.53 GB used, 71.04 GB free
[2m2026-09-06T01:47:04.357123Z[0m [32m INFO[0m [2mspark_runtime::fast_weights[0m[2m:[0m Fast-loading shard 22/66: layers-28.safetensors (20 tensors)
[2m2026-09-06T01:47:04.630057Z[0m [32m INFO[0m [2mspark_runtime::fast_weights[0m[2m:[0m   Shard 22/66 done — GPU memory: 7.89 GB used, 70.68 GB free
[2m2026-09-06T01:47:04.630225Z[0m [32m INFO[0m [2mspark_runtime::fast_weights[0m[2m:[0m Fast-loading shard 23/66: layers-29.safetensors (20 tensors)
[2m2026-09-06T01:47:04.906489Z[0m [32m INFO[0m [2mspark_runtime::fast_weights[0m[2m:[0m   Shard 23/66 done — GPU memory: 8.25 GB used, 70.32 GB free
[2m2026-09-06T01:47:04.906633Z[0m [32m INFO[0m [2mspark_runtime::fast_weights[0m[2m:[0m Fast-loading shard 24/66: layers-3.safetensors (18 tensors)
[2m2026-09-06T01:47:05.192130Z[0m [32m INFO[0m [2mspark_runtime::fast_weights[0m[2m:[0m   Shard 24/66 done — GPU memory: 8.60 GB used, 69.97 GB free
[2m2026-09-06T01:47:05.192335Z[0m [32m INFO[0m [2mspark_runtime::fast_weights[0m[2m:[0m Fast-loading shard 25/66: layers-30.safetensors (20 tensors)
[2m2026-09-06T01:47:05.479575Z[0m [32m INFO[0m [2mspark_runtime::fast_weights[0m[2m:[0m   Shard 25/66 done — GPU memory: 8.96 GB used, 69.60 GB free
[2m2026-09-06T01:47:05.479737Z[0m [32m INFO[0m [2mspark_runtime::fast_weights[0m[2m:[0m Fast-loading shard 26/66: layers-31.safetensors (18 tensors)
[2m2026-09-06T01:47:05.763720Z[0m [32m INFO[0m [2mspark_runtime::fast_weights[0m[2m:[0m   Shard 26/66 done — GPU memory: 9.31 GB used, 69.25 GB free
[2m2026-09-06T01:47:05.763908Z[0m [32m INFO[0m [2mspark_runtime::fast_weights[0m[2m:[0m Fast-loading shard 27/66: layers-32.safetensors (20 tensors)
[2m2026-09-06T01:47:06.034556Z[0m [32m INFO[0m [2mspark_runtime::fast_weights[0m[2m:[0m   Shard 27/66 done — GPU memory: 9.67 GB used, 68.89 GB free
[2m2026-09-06T01:47:06.034717Z[0m [32m INFO[0m [2mspark_runtime::fast_weights[0m[2m:[0m Fast-loading shard 28/66: layers-33.safetensors (20 tensors)
[2m2026-09-06T01:47:06.305728Z[0m [32m INFO[0m [2mspark_runtime::fast_weights[0m[2m:[0m   Shard 28/66 done — GPU memory: 10.03 GB used, 68.53 GB free
[2m2026-09-06T01:47:06.305888Z[0m [32m INFO[0m [2mspark_runtime::fast_weights[0m[2m:[0m Fast-loading shard 29/66: layers-34.safetensors (20 tensors)
[2m2026-09-06T01:47:06.588809Z[0m [32m INFO[0m [2mspark_runtime::fast_weights[0m[2m:[0m   Shard 29/66 done — GPU memory: 10.39 GB used, 68.17 GB free
[2m2026-09-06T01:47:06.588969Z[0m [32m INFO[0m [2mspark_runtime::fast_weights[0m[2m:[0m Fast-loading shard 30/66: layers-35.safetensors (18 tensors)
[2m2026-09-06T01:47:06.869080Z[0m [32m INFO[0m [2mspark_runtime::fast_weights[0m[2m:[0m   Shard 30/66 done — GPU memory: 10.74 GB used, 67.82 GB free
[2m2026-09-06T01:47:06.869278Z[0m [32m INFO[0m [2mspark_runtime::fast_weights[0m[2m:[0m Fast-loading shard 31/66: layers-36.safetensors (20 tensors)
[2m2026-09-06T01:47:07.186500Z[0m [32m INFO[0m [2mspark_runtime::fast_weights[0m[2m:[0m   Shard 31/66 done — GPU memory: 11.10 GB used, 67.46 GB free
[2m2026-09-06T01:47:07.186671Z[0m [32m INFO[0m [2mspark_runtime::fast_weights[0m[2m:[0m Fast-loading shard 32/66: layers-37.safetensors (20 tensors)
[2m2026-09-06T01:47:07.457485Z[0m [32m INFO[0m [2mspark_runtime::fast_weights[0m[2m:[0m   Shard 32/66 done — GPU memory: 11.46 GB used, 67.10 GB free
[2m2026-09-06T01:47:07.457646Z[0m [32m INFO[0m [2mspark_runtime::fast_weights[0m[2m:[0m Fast-loading shard 33/66: layers-38.safetensors (20 tensors)
[2m2026-09-06T01:47:07.760897Z[0m [32m INFO[0m [2mspark_runtime::fast_weights[0m[2m:[0m   Shard 33/66 done — GPU memory: 11.82 GB used, 66.74 GB free
[2m2026-09-06T01:47:07.761057Z[0m [32m INFO[0m [2mspark_runtime::fast_weights[0m[2m:[0m Fast-loading shard 34/66: layers-39.safetensors (18 tensors)
[2m2026-09-06T01:47:08.046928Z[0m [32m INFO[0m [2mspark_runtime::fast_weights[0m[2m:[0m   Shard 34/66 done — GPU memory: 12.18 GB used, 66.39 GB free
[2m2026-09-06T01:47:08.047174Z[0m [32m INFO[0m [2mspark_runtime::fast_weights[0m[2m:[0m Fast-loading shard 35/66: layers-4.safetensors (20 tensors)
[2m2026-09-06T01:47:08.382354Z[0m [32m INFO[0m [2mspark_runtime::fast_weights[0m[2m:[0m   Shard 35/66 done — GPU memory: 12.54 GB used, 66.03 GB free
[2m2026-09-06T01:47:08.382520Z[0m [32m INFO[0m [2mspark_runtime::fast_weights[0m[2m:[0m Fast-loading shard 36/66: layers-40.safetensors (20 tensors)
[2m2026-09-06T01:47:08.713724Z[0m [32m INFO[0m [2mspark_runtime::fast_weights[0m[2m:[0m   Shard 36/66 done — GPU memory: 12.90 GB used, 65.67 GB free
[2m2026-09-06T01:47:08.713889Z[0m [32m INFO[0m [2mspark_runtime::fast_weights[0m[2m:[0m Fast-loading shard 37/66: layers-41.safetensors (20 tensors)
[2m2026-09-06T01:47:09.061717Z[0m [32m INFO[0m [2mspark_runtime::fast_weights[0m[2m:[0m   Shard 37/66 done — GPU memory: 13.26 GB used, 65.31 GB free
[2m2026-09-06T01:47:09.061875Z[0m [32m INFO[0m [2mspark_runtime::fast_weights[0m[2m:[0m Fast-loading shard 38/66: layers-42.safetensors (20 tensors)
[2m2026-09-06T01:47:09.336540Z[0m [32m INFO[0m [2mspark_runtime::fast_weights[0m[2m:[0m   Shard 38/66 done — GPU memory: 13.62 GB used, 64.94 GB free
[2m2026-09-06T01:47:09.336697Z[0m [32m INFO[0m [2mspark_runtime::fast_weights[0m[2m:[0m Fast-loading shard 39/66: layers-43.safetensors (18 tensors)
[2m2026-09-06T01:47:09.641458Z[0m [32m INFO[0m [2mspark_runtime::fast_weights[0m[2m:[0m   Shard 39/66 done — GPU memory: 13.97 GB used, 64.59 GB free
[2m2026-09-06T01:47:09.641653Z[0m [32m INFO[0m [2mspark_runtime::fast_weights[0m[2m:[0m Fast-loading shard 40/66: layers-44.safetensors (20 tensors)
[2m2026-09-06T01:47:09.909546Z[0m [32m INFO[0m [2mspark_runtime::fast_weights[0m[2m:[0m   Shard 40/66 done — GPU memory: 14.33 GB used, 64.23 GB free
[2m2026-09-06T01:47:09.909706Z[0m [32m INFO[0m [2mspark_runtime::fast_weights[0m[2m:[0m Fast-loading shard 41/66: layers-45.safetensors (20 tensors)
[2m2026-09-06T01:47:10.179575Z[0m [32m INFO[0m [2mspark_runtime::fast_weights[0m[2m:[0m   Shard 41/66 done — GPU memory: 14.69 GB used, 63.87 GB free
[2m2026-09-06T01:47:10.179734Z[0m [32m INFO[0m [2mspark_runtime::fast_weights[0m[2m:[0m Fast-loading shard 42/66: layers-46.safetensors (20 tensors)
[2m2026-09-06T01:47:10.489098Z[0m [32m INFO[0m [2mspark_runtime::fast_weights[0m[2m:[0m   Shard 42/66 done — GPU memory: 15.05 GB used, 63.51 GB free
[2m2026-09-06T01:47:10.489263Z[0m [32m INFO[0m [2mspark_runtime::fast_weights[0m[2m:[0m Fast-loading shard 43/66: layers-47.safetensors (18 tensors)
[2m2026-09-06T01:47:10.769902Z[0m [32m INFO[0m [2mspark_runtime::fast_weights[0m[2m:[0m   Shard 43/66 done — GPU memory: 15.40 GB used, 63.16 GB free
[2m2026-09-06T01:47:10.770088Z[0m [32m INFO[0m [2mspark_runtime::fast_weights[0m[2m:[0m Fast-loading shard 44/66: layers-48.safetensors (20 tensors)
[2m2026-09-06T01:47:11.042793Z[0m [32m INFO[0m [2mspark_runtime::fast_weights[0m[2m:[0m   Shard 44/66 done — GPU memory: 15.76 GB used, 62.80 GB free
[2m2026-09-06T01:47:11.042954Z[0m [32m INFO[0m [2mspark_runtime::fast_weights[0m[2m:[0m Fast-loading shard 45/66: layers-49.safetensors (20 tensors)
[2m2026-09-06T01:47:11.325966Z[0m [32m INFO[0m [2mspark_runtime::fast_weights[0m[2m:[0m   Shard 45/66 done — GPU memory: 16.12 GB used, 62.44 GB free
[2m2026-09-06T01:47:11.326111Z[0m [32m INFO[0m [2mspark_runtime::fast_weights[0m[2m:[0m Fast-loading shard 46/66: layers-5.safetensors (20 tensors)
[2m2026-09-06T01:47:11.608924Z[0m [32m INFO[0m [2mspark_runtime::fast_weights[0m[2m:[0m   Shard 46/66 done — GPU memory: 16.48 GB used, 62.08 GB free
[2m2026-09-06T01:47:11.609086Z[0m [32m INFO[0m [2mspark_runtime::fast_weights[0m[2m:[0m Fast-loading shard 47/66: layers-50.safetensors (20 tensors)
[2m2026-09-06T01:47:11.902706Z[0m [32m INFO[0m [2mspark_runtime::fast_weights[0m[2m:[0m   Shard 47/66 done — GPU memory: 16.84 GB used, 61.72 GB free
[2m2026-09-06T01:47:11.902866Z[0m [32m INFO[0m [2mspark_runtime::fast_weights[0m[2m:[0m Fast-loading shard 48/66: layers-51.safetensors (18 tensors)
[2m2026-09-06T01:47:12.186006Z[0m [32m INFO[0m [2mspark_runtime::fast_weights[0m[2m:[0m   Shard 48/66 done — GPU memory: 17.20 GB used, 61.37 GB free
[2m2026-09-06T01:47:12.186213Z[0m [32m INFO[0m [2mspark_runtime::fast_weights[0m[2m:[0m Fast-loading shard 49/66: layers-52.safetensors (20 tensors)
[2m2026-09-06T01:47:12.471557Z[0m [32m INFO[0m [2mspark_runtime::fast_weights[0m[2m:[0m   Shard 49/66 done — GPU memory: 17.56 GB used, 61.01 GB free
[2m2026-09-06T01:47:12.471720Z[0m [32m INFO[0m [2mspark_runtime::fast_weights[0m[2m:[0m Fast-loading shard 50/66: layers-53.safetensors (20 tensors)
[2m2026-09-06T01:47:12.747207Z[0m [32m INFO[0m [2mspark_runtime::fast_weights[0m[2m:[0m   Shard 50/66 done — GPU memory: 17.92 GB used, 60.65 GB free
[2m2026-09-06T01:47:12.747372Z[0m [32m INFO[0m [2mspark_runtime::fast_weights[0m[2m:[0m Fast-loading shard 51/66: layers-54.safetensors (20 tensors)
[2m2026-09-06T01:47:13.029127Z[0m [32m INFO[0m [2mspark_runtime::fast_weights[0m[2m:[0m   Shard 51/66 done — GPU memory: 18.28 GB used, 60.29 GB free
[2m2026-09-06T01:47:13.029297Z[0m [32m INFO[0m [2mspark_runtime::fast_weights[0m[2m:[0m Fast-loading shard 52/66: layers-55.safetensors (18 tensors)
[2m2026-09-06T01:47:13.310397Z[0m [32m INFO[0m [2mspark_runtime::fast_weights[0m[2m:[0m   Shard 52/66 done — GPU memory: 18.63 GB used, 59.93 GB free
[2m2026-09-06T01:47:13.310585Z[0m [32m INFO[0m [2mspark_runtime::fast_weights[0m[2m:[0m Fast-loading shard 53/66: layers-56.safetensors (20 tensors)
[2m2026-09-06T01:47:13.583611Z[0m [32m INFO[0m [2mspark_runtime::fast_weights[0m[2m:[0m   Shard 53/66 done — GPU memory: 18.99 GB used, 59.57 GB free
[2m2026-09-06T01:47:13.583771Z[0m [32m INFO[0m [2mspark_runtime::fast_weights[0m[2m:[0m Fast-loading shard 54/66: layers-57.safetensors (20 tensors)
[2m2026-09-06T01:47:13.868953Z[0m [32m INFO[0m [2mspark_runtime::fast_weights[0m[2m:[0m   Shard 54/66 done — GPU memory: 19.35 GB used, 59.21 GB free
[2m2026-09-06T01:47:13.869113Z[0m [32m INFO[0m [2mspark_runtime::fast_weights[0m[2m:[0m Fast-loading shard 55/66: layers-58.safetensors (20 tensors)
[2m2026-09-06T01:47:14.172625Z[0m [32m INFO[0m [2mspark_runtime::fast_weights[0m[2m:[0m   Shard 55/66 done — GPU memory: 19.71 GB used, 58.85 GB free
[2m2026-09-06T01:47:14.172789Z[0m [32m INFO[0m [2mspark_runtime::fast_weights[0m[2m:[0m Fast-loading shard 56/66: layers-59.safetensors (18 tensors)
[2m2026-09-06T01:47:14.454558Z[0m [32m INFO[0m [2mspark_runtime::fast_weights[0m[2m:[0m   Shard 56/66 done — GPU memory: 20.06 GB used, 58.50 GB free
[2m2026-09-06T01:47:14.454731Z[0m [32m INFO[0m [2mspark_runtime::fast_weights[0m[2m:[0m Fast-loading shard 57/66: layers-6.safetensors (20 tensors)
[2m2026-09-06T01:47:14.735683Z[0m [32m INFO[0m [2mspark_runtime::fast_weights[0m[2m:[0m   Shard 57/66 done — GPU memory: 20.42 GB used, 58.14 GB free
[2m2026-09-06T01:47:14.735842Z[0m [32m INFO[0m [2mspark_runtime::fast_weights[0m[2m:[0m Fast-loading shard 58/66: layers-60.safetensors (20 tensors)
[2m2026-09-06T01:47:15.006060Z[0m [32m INFO[0m [2mspark_runtime::fast_weights[0m[2m:[0m   Shard 58/66 done — GPU memory: 20.78 GB used, 57.78 GB free
[2m2026-09-06T01:47:15.006216Z[0m [32m INFO[0m [2mspark_runtime::fast_weights[0m[2m:[0m Fast-loading shard 59/66: layers-61.safetensors (20 tensors)
[2m2026-09-06T01:47:15.280933Z[0m [32m INFO[0m [2mspark_runtime::fast_weights[0m[2m:[0m   Shard 59/66 done — GPU memory: 21.14 GB used, 57.42 GB free
[2m2026-09-06T01:47:15.281098Z[0m [32m INFO[0m [2mspark_runtime::fast_weights[0m[2m:[0m Fast-loading shard 60/66: layers-62.safetensors (20 tensors)
[2m2026-09-06T01:47:15.552360Z[0m [32m INFO[0m [2mspark_runtime::fast_weights[0m[2m:[0m   Shard 60/66 done — GPU memory: 21.50 GB used, 57.06 GB free
[2m2026-09-06T01:47:15.552522Z[0m [32m INFO[0m [2mspark_runtime::fast_weights[0m[2m:[0m Fast-loading shard 61/66: layers-63.safetensors (18 tensors)
[2m2026-09-06T01:47:15.837441Z[0m [32m INFO[0m [2mspark_runtime::fast_weights[0m[2m:[0m   Shard 61/66 done — GPU memory: 21.86 GB used, 56.71 GB free
[2m2026-09-06T01:47:15.837609Z[0m [32m INFO[0m [2mspark_runtime::fast_weights[0m[2m:[0m Fast-loading shard 62/66: layers-7.safetensors (18 tensors)
[2m2026-09-06T01:47:16.117750Z[0m [32m INFO[0m [2mspark_runtime::fast_weights[0m[2m:[0m   Shard 62/66 done — GPU memory: 22.21 GB used, 56.36 GB free
[2m2026-09-06T01:47:16.117916Z[0m [32m INFO[0m [2mspark_runtime::fast_weights[0m[2m:[0m Fast-loading shard 63/66: layers-8.safetensors (20 tensors)
[2m2026-09-06T01:47:16.439583Z[0m [32m INFO[0m [2mspark_runtime::fast_weights[0m[2m:[0m   Shard 63/66 done — GPU memory: 22.57 GB used, 56.00 GB free
[2m2026-09-06T01:47:16.439724Z[0m [32m INFO[0m [2mspark_runtime::fast_weights[0m[2m:[0m Fast-loading shard 64/66: layers-9.safetensors (20 tensors)
[2m2026-09-06T01:47:16.714174Z[0m [32m INFO[0m [2mspark_runtime::fast_weights[0m[2m:[0m   Shard 64/66 done — GPU memory: 22.93 GB used, 55.64 GB free
[2m2026-09-06T01:47:16.714305Z[0m [32m INFO[0m [2mspark_runtime::fast_weights[0m[2m:[0m Fast-loading shard 65/66: mtp.safetensors (22 tensors)
[2m2026-09-06T01:47:17.119333Z[0m [32m INFO[0m [2mspark_runtime::fast_weights[0m[2m:[0m   Shard 65/66 done — GPU memory: 23.38 GB used, 55.19 GB free
[2m2026-09-06T01:47:17.119588Z[0m [32m INFO[0m [2mspark_runtime::fast_weights[0m[2m:[0m Fast-loading shard 66/66: outside.safetensors (336 tensors)
[2m2026-09-06T01:47:20.580666Z[0m [32m INFO[0m [2mspark_runtime::fast_weights[0m[2m:[0m   Shard 66/66 done — GPU memory: 29.05 GB used, 49.51 GB free
[2m2026-09-06T01:47:20.580773Z[0m [32m INFO[0m [2mspark_runtime::fast_weights[0m[2m:[0m Fast-loaded 1606 weight tensors
[2m2026-09-06T01:47:20.580949Z[0m [32m INFO[0m [2mspark::main_modules::serve_phases::weights[0m[2m:[0m Loaded 1606 weight tensors
[2m2026-09-06T01:47:20.580962Z[0m [32m INFO[0m [2mspark_runtime::weights::prefix_detect[0m[2m:[0m Weight prefix: model.language_model
[2m2026-09-06T01:47:20.581405Z[0m [32m INFO[0m [2mspark_model::preflight[0m[2m:[0m Pre-flight checks passed
[2m2026-09-06T01:47:20.581426Z[0m [32m INFO[0m [2mspark_model::quant_format[0m[2m:[0m QuantFormat: fp8 (block-scaled), 0 ignored module(s)
[2m2026-09-06T01:47:20.581433Z[0m [32m INFO[0m [2mspark::main_modules::serve_load[0m[2m:[0m Quantization format: fp8-blockscaled (base variant Fp8Dequanted), ignored globs = 0
[2m2026-09-06T01:47:20.710901Z[0m [32m INFO[0m [2mspark_runtime::cublaslt[0m[2m:[0m cuBLASLt pre-warmed (handle + workspace + kernel images)
[2m2026-09-06T01:47:20.711106Z[0m [32m INFO[0m [2mspark::main_modules::serve_phases::preflight[0m[2m:[0m GDN chunked prefill reserve: 355 MB (chunk_size=8192, max_seq_len=24576)
[2m2026-09-06T01:47:20.711118Z[0m [32m INFO[0m [2mspark::main_modules::serve_phases::preflight[0m[2m:[0m Weights: 28.75 GB, estimated free: 49.8 GB, actual free: 49.4 GB (reserve: 8745 MB)
[2m2026-09-06T01:47:20.711131Z[0m [32m INFO[0m [2mspark::main_modules::serve_phases::kv_cache[0m[2m:[0m Prefill config: ssm_prefill_chunk=8192, args.max_prefill_tokens=8192, prefill_budget=8192, max_batch_tokens=8196
[2m2026-09-06T01:47:20.711147Z[0m [32m INFO[0m [2mspark::main_modules::serve_phases::build[0m[2m:[0m Prefix caching: ENABLED (radix tree)
[2m2026-09-06T01:47:21.231296Z[0m [32m INFO[0m [2mspark::main_modules::serve_phases::config[0m[2m:[0m Capping vocab_size from 248320 to 248077 (tokenizer)
[2m2026-09-06T01:47:21.283837Z[0m [32m INFO[0m [2mspark::main_modules::serve_phases::kv_cache[0m[2m:[0m FP8 KV cache with online calibration (checkpoint ships no k/v scales): freezing per-tensor scales on the first observed tokens.
[2m2026-09-06T01:47:21.283874Z[0m [32m INFO[0m [2mspark::main_modules::kv_dtypes[0m[2m:[0m Selective boundary KV cache: 4/16 attention layers at bf16, rest at fp8
[2m2026-09-06T01:47:21.284396Z[0m [32m INFO[0m [2mspark_model::weight_loader::qwen35_dense[0m[2m:[0m Weight format: Fp8BlockScaled, NVFP4 variant: Fp8Dequanted
[2m2026-09-06T01:47:21.284410Z[0m [32m INFO[0m [2mspark_model::weight_loader::qwen35_dense[0m[2m:[0m SSM in_proj_qkv + out_proj via native FP8 prefill GEMM (BF16 act × FP8 weight via fp8_gemm_n128). PREFILL ONLY: decode + batched verify read the NVFP4 copy — weight-streaming GEMV at M<=8, tile GEMM above it (trait_decode_batched.rs). The FP8 copy reaches decode only at M<=8 on a build whose batched NVFP4 GEMVs are absent
[2m2026-09-06T01:47:21.285794Z[0m [32m INFO[0m [2mspark_model::weight_map::loaders_fp8[0m[2m:[0m quantize_to_nvfp4: n=17408 k=5120 total=89128960 global_max=0.421875 scale2=0.00015695 grid1=1024
[2m2026-09-06T01:47:21.288481Z[0m [32m INFO[0m [2mspark_model::weight_map::loaders_fp8[0m[2m:[0m quantize_to_nvfp4: n=17408 k=5120 total=89128960 global_max=0.163086 scale2=0.00006067 grid1=1024
[2m2026-09-06T01:47:21.290547Z[0m [32m INFO[0m [2mspark_model::weight_map::loaders_fp8[0m[2m:[0m quantize_to_nvfp4: n=5120 k=17408 total=89128960 global_max=0.976562 scale2=0.00036330 grid1=1024
[2m2026-09-06T01:47:21.296769Z[0m [32m INFO[0m [2mspark_model::weight_map::model_a[0m[2m:[0m dense_keep_f32: promoting model.language_model.layers.0.linear_attn.A_log from BF16 to FP32 ([48])
[2m2026-09-06T01:47:21.296891Z[0m [32m INFO[0m [2mspark_model::weight_map::model_a[0m[2m:[0m dense_keep_f32: promoting model.language_model.layers.0.linear_attn.dt_bias from BF16 to FP32 ([48])
[2m2026-09-06T01:47:21.314261Z[0m [32m INFO[0m [2mspark_model::layers::qwen3_ssm::init[0m[2m:[0m GDN state spine: gated_delta_rule_chunk_delta_h_vfused
[2m2026-09-06T01:47:21.346435Z[0m [32m INFO[0m [2mspark_model::weight_loader::qwen35_dense[0m[2m:[0m SSM[model.language_model.layers.0] native FP8 GDN: qkvz+out_proj block-scaled FP8 (no NVFP4 requant; prefill+decode via w8a16)
[2m2026-09-06T01:47:21.362740Z[0m [32m INFO[0m [2mspark_model::weight_map::loaders_fp8[0m[2m:[0m quantize_to_nvfp4: n=17408 k=5120 total=89128960 global_max=0.230469 scale2=0.00008574 grid1=1024
[2m2026-09-06T01:47:21.368489Z[0m [32m INFO[0m [2mspark_model::weight_map::loaders_fp8[0m[2m:[0m quantize_to_nvfp4: n=17408 k=5120 total=89128960 global_max=0.213867 scale2=0.00007956 grid1=1024
[2m2026-09-06T01:47:21.384814Z[0m [32m INFO[0m [2mspark_model::weight_map::model_a[0m[2m:[0m dense_keep_f32: promoting model.language_model.layers.1.linear_attn.A_log from BF16 to FP32 ([48])
[2m2026-09-06T01:47:21.384976Z[0m [32m INFO[0m [2mspark_model::weight_map::model_a[0m[2m:[0m dense_keep_f32: promoting model.language_model.layers.1.linear_attn.dt_bias from BF16 to FP32 ([48])
[2m2026-09-06T01:47:21.387373Z[0m [32m INFO[0m [2mspark_model::layers::qwen3_ssm::init[0m[2m:[0m GDN state spine: gated_delta_rule_chunk_delta_h_vfused
[2m2026-09-06T01:47:21.387531Z[0m [32m INFO[0m [2mspark_model::weight_loader::qwen35_dense[0m[2m:[0m SSM[model.language_model.layers.1] native FP8 GDN: qkvz+out_proj block-scaled FP8 (no NVFP4 requant; prefill+decode via w8a16)
[2m2026-09-06T01:47:21.397396Z[0m [32m INFO[0m [2mspark_model::weight_map::model_a[0m[2m:[0m dense_keep_f32: promoting model.language_model.layers.2.linear_attn.A_log from BF16 to FP32 ([48])
[2m2026-09-06T01:47:21.397499Z[0m [32m INFO[0m [2mspark_model::weight_map::model_a[0m[2m:[0m dense_keep_f32: promoting model.language_model.layers.2.linear_attn.dt_bias from BF16 to FP32 ([48])
[2m2026-09-06T01:47:21.399528Z[0m [32m INFO[0m [2mspark_model::layers::qwen3_ssm::init[0m[2m:[0m GDN state spine: gated_delta_rule_chunk_delta_h_vfused
[2m2026-09-06T01:47:21.399669Z[0m [32m INFO[0m [2mspark_model::weight_loader::qwen35_dense[0m[2m:[0m SSM[model.language_model.layers.2] native FP8 GDN: qkvz+out_proj block-scaled FP8 (no NVFP4 requant; prefill+decode via w8a16)
[2m2026-09-06T01:47:21.426474Z[0m [33m WARN[0m [2mspark_model::weight_loader::qwen35_dense[0m[2m:[0m attention q/k/v have differing weight_scale_2 — fused QKV GEMM disabled (3 separate launches per layer)
[2m2026-09-06T01:47:21.439473Z[0m [32m INFO[0m [2mspark_model::weight_map::model_a[0m[2m:[0m dense_keep_f32: promoting model.language_model.layers.4.linear_attn.A_log from BF16 to FP32 ([48])
[2m2026-09-06T01:47:21.439587Z[0m [32m INFO[0m [2mspark_model::weight_map::model_a[0m[2m:[0m dense_keep_f32: promoting model.language_model.layers.4.linear_attn.dt_bias from BF16 to FP32 ([48])
[2m2026-09-06T01:47:21.441580Z[0m [32m INFO[0m [2mspark_model::layers::qwen3_ssm::init[0m[2m:[0m GDN state spine: gated_delta_rule_chunk_delta_h_vfused
[2m2026-09-06T01:47:21.441699Z[0m [32m INFO[0m [2mspark_model::weight_loader::qwen35_dense[0m[2m:[0m SSM[model.language_model.layers.4] native FP8 GDN: qkvz+out_proj block-scaled FP8 (no NVFP4 requant; prefill+decode via w8a16)
[2m2026-09-06T01:47:21.450683Z[0m [32m INFO[0m [2mspark_model::weight_map::model_a[0m[2m:[0m dense_keep_f32: promoting model.language_model.layers.5.linear_attn.A_log from BF16 to FP32 ([48])
[2m2026-09-06T01:47:21.450773Z[0m [32m INFO[0m [2mspark_model::weight_map::model_a[0m[2m:[0m dense_keep_f32: promoting model.language_model.layers.5.linear_attn.dt_bias from BF16 to FP32 ([48])
[2m2026-09-06T01:47:21.454909Z[0m [32m INFO[0m [2mspark_model::layers::qwen3_ssm::init[0m[2m:[0m GDN state spine: gated_delta_rule_chunk_delta_h_vfused
[2m2026-09-06T01:47:21.455068Z[0m [32m INFO[0m [2mspark_model::weight_loader::qwen35_dense[0m[2m:[0m SSM[model.language_model.layers.5] native FP8 GDN: qkvz+out_proj block-scaled FP8 (no NVFP4 requant; prefill+decode via w8a16)
[2m2026-09-06T01:47:21.545588Z[0m [32m INFO[0m [2mspark_model::weight_map::model_a[0m[2m:[0m dense_keep_f32: promoting model.language_model.layers.6.linear_attn.A_log from BF16 to FP32 ([48])
[2m2026-09-06T01:47:21.545743Z[0m [32m INFO[0m [2mspark_model::weight_map::model_a[0m[2m:[0m dense_keep_f32: promoting model.language_model.layers.6.linear_attn.dt_bias from BF16 to FP32 ([48])
[2m2026-09-06T01:47:21.547834Z[0m [32m INFO[0m [2mspark_model::layers::qwen3_ssm::init[0m[2m:[0m GDN state spine: gated_delta_rule_chunk_delta_h_vfused
[2m2026-09-06T01:47:21.547973Z[0m [32m INFO[0m [2mspark_model::weight_loader::qwen35_dense[0m[2m:[0m SSM[model.language_model.layers.6] native FP8 GDN: qkvz+out_proj block-scaled FP8 (no NVFP4 requant; prefill+decode via w8a16)
[2m2026-09-06T01:47:21.578881Z[0m [32m INFO[0m [2mspark_model::weight_map::model_a[0m[2m:[0m dense_keep_f32: promoting model.language_model.layers.8.linear_attn.A_log from BF16 to FP32 ([48])
[2m2026-09-06T01:47:21.578995Z[0m [32m INFO[0m [2mspark_model::weight_map::model_a[0m[2m:[0m dense_keep_f32: promoting model.language_model.layers.8.linear_attn.dt_bias from BF16 to FP32 ([48])
[2m2026-09-06T01:47:21.580832Z[0m [32m INFO[0m [2mspark_model::layers::qwen3_ssm::init[0m[2m:[0m GDN state spine: gated_delta_rule_chunk_delta_h_vfused
[2m2026-09-06T01:47:21.580952Z[0m [32m INFO[0m [2mspark_model::weight_loader::qwen35_dense[0m[2m:[0m SSM[model.language_model.layers.8] native FP8 GDN: qkvz+out_proj block-scaled FP8 (no NVFP4 requant; prefill+decode via w8a16)
[2m2026-09-06T01:47:21.590164Z[0m [32m INFO[0m [2mspark_model::weight_map::model_a[0m[2m:[0m dense_keep_f32: promoting model.language_model.layers.9.linear_attn.A_log from BF16 to FP32 ([48])
[2m2026-09-06T01:47:21.590257Z[0m [32m INFO[0m [2mspark_model::weight_map::model_a[0m[2m:[0m dense_keep_f32: promoting model.language_model.layers.9.linear_attn.dt_bias from BF16 to FP32 ([48])
[2m2026-09-06T01:47:21.592352Z[0m [32m INFO[0m [2mspark_model::layers::qwen3_ssm::init[0m[2m:[0m GDN state spine: gated_delta_rule_chunk_delta_h_vfused
[2m2026-09-06T01:47:21.592468Z[0m [32m INFO[0m [2mspark_model::weight_loader::qwen35_dense[0m[2m:[0m SSM[model.language_model.layers.9] native FP8 GDN: qkvz+out_proj block-scaled FP8 (no NVFP4 requant; prefill+decode via w8a16)
[2m2026-09-06T01:47:21.602160Z[0m [32m INFO[0m [2mspark_model::weight_map::model_a[0m[2m:[0m dense_keep_f32: promoting model.language_model.layers.10.linear_attn.A_log from BF16 to FP32 ([48])
[2m2026-09-06T01:47:21.602247Z[0m [32m INFO[0m [2mspark_model::weight_map::model_a[0m[2m:[0m dense_keep_f32: promoting model.language_model.layers.10.linear_attn.dt_bias from BF16 to FP32 ([48])
[2m2026-09-06T01:47:21.604034Z[0m [32m INFO[0m [2mspark_model::layers::qwen3_ssm::init[0m[2m:[0m GDN state spine: gated_delta_rule_chunk_delta_h_vfused
[2m2026-09-06T01:47:21.604147Z[0m [32m INFO[0m [2mspark_model::weight_loader::qwen35_dense[0m[2m:[0m SSM[model.language_model.layers.10] native FP8 GDN: qkvz+out_proj block-scaled FP8 (no NVFP4 requant; prefill+decode via w8a16)
[2m2026-09-06T01:47:21.731668Z[0m [32m INFO[0m [2mspark_model::weight_map::model_a[0m[2m:[0m dense_keep_f32: promoting model.language_model.layers.12.linear_attn.A_log from BF16 to FP32 ([48])
[2m2026-09-06T01:47:21.731814Z[0m [32m INFO[0m [2mspark_model::weight_map::model_a[0m[2m:[0m dense_keep_f32: promoting model.language_model.layers.12.linear_attn.dt_bias from BF16 to FP32 ([48])
[2m2026-09-06T01:47:21.734237Z[0m [32m INFO[0m [2mspark_model::layers::qwen3_ssm::init[0m[2m:[0m GDN state spine: gated_delta_rule_chunk_delta_h_vfused
[2m2026-09-06T01:47:21.734381Z[0m [32m INFO[0m [2mspark_model::weight_loader::qwen35_dense[0m[2m:[0m SSM[model.language_model.layers.12] native FP8 GDN: qkvz+out_proj block-scaled FP8 (no NVFP4 requant; prefill+decode via w8a16)
[2m2026-09-06T01:47:21.744028Z[0m [32m INFO[0m [2mspark_model::weight_map::model_a[0m[2m:[0m dense_keep_f32: promoting model.language_model.layers.13.linear_attn.A_log from BF16 to FP32 ([48])
[2m2026-09-06T01:47:21.744129Z[0m [32m INFO[0m [2mspark_model::weight_map::model_a[0m[2m:[0m dense_keep_f32: promoting model.language_model.layers.13.linear_attn.dt_bias from BF16 to FP32 ([48])
[2m2026-09-06T01:47:21.746181Z[0m [32m INFO[0m [2mspark_model::layers::qwen3_ssm::init[0m[2m:[0m GDN state spine: gated_delta_rule_chunk_delta_h_vfused
[2m2026-09-06T01:47:21.746304Z[0m [32m INFO[0m [2mspark_model::weight_loader::qwen35_dense[0m[2m:[0m SSM[model.language_model.layers.13] native FP8 GDN: qkvz+out_proj block-scaled FP8 (no NVFP4 requant; prefill+decode via w8a16)
[2m2026-09-06T01:47:21.755616Z[0m [32m INFO[0m [2mspark_model::weight_map::model_a[0m[2m:[0m dense_keep_f32: promoting model.language_model.layers.14.linear_attn.A_log from BF16 to FP32 ([48])
[2m2026-09-06T01:47:21.755703Z[0m [32m INFO[0m [2mspark_model::weight_map::model_a[0m[2m:[0m dense_keep_f32: promoting model.language_model.layers.14.linear_attn.dt_bias from BF16 to FP32 ([48])
[2m2026-09-06T01:47:21.757882Z[0m [32m INFO[0m [2mspark_model::layers::qwen3_ssm::init[0m[2m:[0m GDN state spine: gated_delta_rule_chunk_delta_h_vfused
[2m2026-09-06T01:47:21.757999Z[0m [32m INFO[0m [2mspark_model::weight_loader::qwen35_dense[0m[2m:[0m SSM[model.language_model.layers.14] native FP8 GDN: qkvz+out_proj block-scaled FP8 (no NVFP4 requant; prefill+decode via w8a16)
[2m2026-09-06T01:47:21.784518Z[0m [32m INFO[0m [2mspark_model::weight_map::model_a[0m[2m:[0m dense_keep_f32: promoting model.language_model.layers.16.linear_attn.A_log from BF16 to FP32 ([48])
[2m2026-09-06T01:47:21.784612Z[0m [32m INFO[0m [2mspark_model::weight_map::model_a[0m[2m:[0m dense_keep_f32: promoting model.language_model.layers.16.linear_attn.dt_bias from BF16 to FP32 ([48])
[2m2026-09-06T01:47:21.786666Z[0m [32m INFO[0m [2mspark_model::layers::qwen3_ssm::init[0m[2m:[0m GDN state spine: gated_delta_rule_chunk_delta_h_vfused
[2m2026-09-06T01:47:21.786770Z[0m [32m INFO[0m [2mspark_model::weight_loader::qwen35_dense[0m[2m:[0m SSM[model.language_model.layers.16] native FP8 GDN: qkvz+out_proj block-scaled FP8 (no NVFP4 requant; prefill+decode via w8a16)
[2m2026-09-06T01:47:21.795143Z[0m [32m INFO[0m [2mspark_model::weight_map::model_a[0m[2m:[0m dense_keep_f32: promoting model.language_model.layers.17.linear_attn.A_log from BF16 to FP32 ([48])
[2m2026-09-06T01:47:21.795220Z[0m [32m INFO[0m [2mspark_model::weight_map::model_a[0m[2m:[0m dense_keep_f32: promoting model.language_model.layers.17.linear_attn.dt_bias from BF16 to FP32 ([48])
[2m2026-09-06T01:47:21.796986Z[0m [32m INFO[0m [2mspark_model::layers::qwen3_ssm::init[0m[2m:[0m GDN state spine: gated_delta_rule_chunk_delta_h_vfused
[2m2026-09-06T01:47:21.797083Z[0m [32m INFO[0m [2mspark_model::weight_loader::qwen35_dense[0m[2m:[0m SSM[model.language_model.layers.17] native FP8 GDN: qkvz+out_proj block-scaled FP8 (no NVFP4 requant; prefill+decode via w8a16)
[2m2026-09-06T01:47:21.805321Z[0m [32m INFO[0m [2mspark_model::weight_map::model_a[0m[2m:[0m dense_keep_f32: promoting model.language_model.layers.18.linear_attn.A_log from BF16 to FP32 ([48])
[2m2026-09-06T01:47:21.805391Z[0m [32m INFO[0m [2mspark_model::weight_map::model_a[0m[2m:[0m dense_keep_f32: promoting model.language_model.layers.18.linear_attn.dt_bias from BF16 to FP32 ([48])
[2m2026-09-06T01:47:21.807308Z[0m [32m INFO[0m [2mspark_model::layers::qwen3_ssm::init[0m[2m:[0m GDN state spine: gated_delta_rule_chunk_delta_h_vfused
[2m2026-09-06T01:47:21.807398Z[0m [32m INFO[0m [2mspark_model::weight_loader::qwen35_dense[0m[2m:[0m SSM[model.language_model.layers.18] native FP8 GDN: qkvz+out_proj block-scaled FP8 (no NVFP4 requant; prefill+decode via w8a16)
[2m2026-09-06T01:47:21.824424Z[0m [32m INFO[0m [2mspark_model::weight_loader::qwen35_dense[0m[2m:[0m Loaded layers 0..20
[2m2026-09-06T01:47:21.832319Z[0m [32m INFO[0m [2mspark_model::weight_map::model_a[0m[2m:[0m dense_keep_f32: promoting model.language_model.layers.20.linear_attn.A_log from BF16 to FP32 ([48])
[2m2026-09-06T01:47:21.832393Z[0m [32m INFO[0m [2mspark_model::weight_map::model_a[0m[2m:[0m dense_keep_f32: promoting model.language_model.layers.20.linear_attn.dt_bias from BF16 to FP32 ([48])
[2m2026-09-06T01:47:21.834258Z[0m [32m INFO[0m [2mspark_model::layers::qwen3_ssm::init[0m[2m:[0m GDN state spine: gated_delta_rule_chunk_delta_h_vfused
[2m2026-09-06T01:47:21.834346Z[0m [32m INFO[0m [2mspark_model::weight_loader::qwen35_dense[0m[2m:[0m SSM[model.language_model.layers.20] native FP8 GDN: qkvz+out_proj block-scaled FP8 (no NVFP4 requant; prefill+decode via w8a16)
[2m2026-09-06T01:47:21.842311Z[0m [32m INFO[0m [2mspark_model::weight_map::model_a[0m[2m:[0m dense_keep_f32: promoting model.language_model.layers.21.linear_attn.A_log from BF16 to FP32 ([48])
[2m2026-09-06T01:47:21.842386Z[0m [32m INFO[0m [2mspark_model::weight_map::model_a[0m[2m:[0m dense_keep_f32: promoting model.language_model.layers.21.linear_attn.dt_bias from BF16 to FP32 ([48])
[2m2026-09-06T01:47:21.843964Z[0m [32m INFO[0m [2mspark_model::layers::qwen3_ssm::init[0m[2m:[0m GDN state spine: gated_delta_rule_chunk_delta_h_vfused
[2m2026-09-06T01:47:21.844047Z[0m [32m INFO[0m [2mspark_model::weight_loader::qwen35_dense[0m[2m:[0m SSM[model.language_model.layers.21] native FP8 GDN: qkvz+out_proj block-scaled FP8 (no NVFP4 requant; prefill+decode via w8a16)
[2m2026-09-06T01:47:21.851841Z[0m [32m INFO[0m [2mspark_model::weight_map::model_a[0m[2m:[0m dense_keep_f32: promoting model.language_model.layers.22.linear_attn.A_log from BF16 to FP32 ([48])
[2m2026-09-06T01:47:21.851903Z[0m [32m INFO[0m [2mspark_model::weight_map::model_a[0m[2m:[0m dense_keep_f32: promoting model.language_model.layers.22.linear_attn.dt_bias from BF16 to FP32 ([48])
[2m2026-09-06T01:47:21.853637Z[0m [32m INFO[0m [2mspark_model::layers::qwen3_ssm::init[0m[2m:[0m GDN state spine: gated_delta_rule_chunk_delta_h_vfused
[2m2026-09-06T01:47:21.853714Z[0m [32m INFO[0m [2mspark_model::weight_loader::qwen35_dense[0m[2m:[0m SSM[model.language_model.layers.22] native FP8 GDN: qkvz+out_proj block-scaled FP8 (no NVFP4 requant; prefill+decode via w8a16)
[2m2026-09-06T01:47:21.876562Z[0m [32m INFO[0m [2mspark_model::weight_map::model_a[0m[2m:[0m dense_keep_f32: promoting model.language_model.layers.24.linear_attn.A_log from BF16 to FP32 ([48])
[2m2026-09-06T01:47:21.876634Z[0m [32m INFO[0m [2mspark_model::weight_map::model_a[0m[2m:[0m dense_keep_f32: promoting model.language_model.layers.24.linear_attn.dt_bias from BF16 to FP32 ([48])
[2m2026-09-06T01:47:21.878156Z[0m [32m INFO[0m [2mspark_model::layers::qwen3_ssm::init[0m[2m:[0m GDN state spine: gated_delta_rule_chunk_delta_h_vfused
[2m2026-09-06T01:47:21.878230Z[0m [32m INFO[0m [2mspark_model::weight_loader::qwen35_dense[0m[2m:[0m SSM[model.language_model.layers.24] native FP8 GDN: qkvz+out_proj block-scaled FP8 (no NVFP4 requant; prefill+decode via w8a16)
[2m2026-09-06T01:47:21.885744Z[0m [32m INFO[0m [2mspark_model::weight_map::model_a[0m[2m:[0m dense_keep_f32: promoting model.language_model.layers.25.linear_attn.A_log from BF16 to FP32 ([48])
[2m2026-09-06T01:47:21.885814Z[0m [32m INFO[0m [2mspark_model::weight_map::model_a[0m[2m:[0m dense_keep_f32: promoting model.language_model.layers.25.linear_attn.dt_bias from BF16 to FP32 ([48])
[2m2026-09-06T01:47:21.887523Z[0m [32m INFO[0m [2mspark_model::layers::qwen3_ssm::init[0m[2m:[0m GDN state spine: gated_delta_rule_chunk_delta_h_vfused
[2m2026-09-06T01:47:21.887597Z[0m [32m INFO[0m [2mspark_model::weight_loader::qwen35_dense[0m[2m:[0m SSM[model.language_model.layers.25] native FP8 GDN: qkvz+out_proj block-scaled FP8 (no NVFP4 requant; prefill+decode via w8a16)
[2m2026-09-06T01:47:21.895102Z[0m [32m INFO[0m [2mspark_model::weight_map::model_a[0m[2m:[0m dense_keep_f32: promoting model.language_model.layers.26.linear_attn.A_log from BF16 to FP32 ([48])
[2m2026-09-06T01:47:21.895166Z[0m [32m INFO[0m [2mspark_model::weight_map::model_a[0m[2m:[0m dense_keep_f32: promoting model.language_model.layers.26.linear_attn.dt_bias from BF16 to FP32 ([48])
[2m2026-09-06T01:47:21.896659Z[0m [32m INFO[0m [2mspark_model::layers::qwen3_ssm::init[0m[2m:[0m GDN state spine: gated_delta_rule_chunk_delta_h_vfused
[2m2026-09-06T01:47:21.896729Z[0m [32m INFO[0m [2mspark_model::weight_loader::qwen35_dense[0m[2m:[0m SSM[model.language_model.layers.26] native FP8 GDN: qkvz+out_proj block-scaled FP8 (no NVFP4 requant; prefill+decode via w8a16)
[2m2026-09-06T01:47:21.919010Z[0m [32m INFO[0m [2mspark_model::weight_map::model_a[0m[2m:[0m dense_keep_f32: promoting model.language_model.layers.28.linear_attn.A_log from BF16 to FP32 ([48])
[2m2026-09-06T01:47:21.919081Z[0m [32m INFO[0m [2mspark_model::weight_map::model_a[0m[2m:[0m dense_keep_f32: promoting model.language_model.layers.28.linear_attn.dt_bias from BF16 to FP32 ([48])
[2m2026-09-06T01:47:21.920574Z[0m [32m INFO[0m [2mspark_model::layers::qwen3_ssm::init[0m[2m:[0m GDN state spine: gated_delta_rule_chunk_delta_h_vfused
[2m2026-09-06T01:47:21.920646Z[0m [32m INFO[0m [2mspark_model::weight_loader::qwen35_dense[0m[2m:[0m SSM[model.language_model.layers.28] native FP8 GDN: qkvz+out_proj block-scaled FP8 (no NVFP4 requant; prefill+decode via w8a16)
[2m2026-09-06T01:47:21.928149Z[0m [32m INFO[0m [2mspark_model::weight_map::model_a[0m[2m:[0m dense_keep_f32: promoting model.language_model.layers.29.linear_attn.A_log from BF16 to FP32 ([48])
[2m2026-09-06T01:47:21.928209Z[0m [32m INFO[0m [2mspark_model::weight_map::model_a[0m[2m:[0m dense_keep_f32: promoting model.language_model.layers.29.linear_attn.dt_bias from BF16 to FP32 ([48])
[2m2026-09-06T01:47:21.929879Z[0m [32m INFO[0m [2mspark_model::layers::qwen3_ssm::init[0m[2m:[0m GDN state spine: gated_delta_rule_chunk_delta_h_vfused
[2m2026-09-06T01:47:21.929952Z[0m [32m INFO[0m [2mspark_model::weight_loader::qwen35_dense[0m[2m:[0m SSM[model.language_model.layers.29] native FP8 GDN: qkvz+out_proj block-scaled FP8 (no NVFP4 requant; prefill+decode via w8a16)
[2m2026-09-06T01:47:21.937454Z[0m [32m INFO[0m [2mspark_model::weight_map::model_a[0m[2m:[0m dense_keep_f32: promoting model.language_model.layers.30.linear_attn.A_log from BF16 to FP32 ([48])
[2m2026-09-06T01:47:21.937516Z[0m [32m INFO[0m [2mspark_model::weight_map::model_a[0m[2m:[0m dense_keep_f32: promoting model.language_model.layers.30.linear_attn.dt_bias from BF16 to FP32 ([48])
[2m2026-09-06T01:47:21.938998Z[0m [32m INFO[0m [2mspark_model::layers::qwen3_ssm::init[0m[2m:[0m GDN state spine: gated_delta_rule_chunk_delta_h_vfused
[2m2026-09-06T01:47:21.939072Z[0m [32m INFO[0m [2mspark_model::weight_loader::qwen35_dense[0m[2m:[0m SSM[model.language_model.layers.30] native FP8 GDN: qkvz+out_proj block-scaled FP8 (no NVFP4 requant; prefill+decode via w8a16)
[2m2026-09-06T01:47:21.961477Z[0m [32m INFO[0m [2mspark_model::weight_map::model_a[0m[2m:[0m dense_keep_f32: promoting model.language_model.layers.32.linear_attn.A_log from BF16 to FP32 ([48])
[2m2026-09-06T01:47:21.961551Z[0m [32m INFO[0m [2mspark_model::weight_map::model_a[0m[2m:[0m dense_keep_f32: promoting model.language_model.layers.32.linear_attn.dt_bias from BF16 to FP32 ([48])
[2m2026-09-06T01:47:21.963099Z[0m [32m INFO[0m [2mspark_model::layers::qwen3_ssm::init[0m[2m:[0m GDN state spine: gated_delta_rule_chunk_delta_h_vfused
[2m2026-09-06T01:47:21.963190Z[0m [32m INFO[0m [2mspark_model::weight_loader::qwen35_dense[0m[2m:[0m SSM[model.language_model.layers.32] native FP8 GDN: qkvz+out_proj block-scaled FP8 (no NVFP4 requant; prefill+decode via w8a16)
[2m2026-09-06T01:47:21.970634Z[0m [32m INFO[0m [2mspark_model::weight_map::model_a[0m[2m:[0m dense_keep_f32: promoting model.language_model.layers.33.linear_attn.A_log from BF16 to FP32 ([48])
[2m2026-09-06T01:47:21.970701Z[0m [32m INFO[0m [2mspark_model::weight_map::model_a[0m[2m:[0m dense_keep_f32: promoting model.language_model.layers.33.linear_attn.dt_bias from BF16 to FP32 ([48])
[2m2026-09-06T01:47:21.972425Z[0m [32m INFO[0m [2mspark_model::layers::qwen3_ssm::init[0m[2m:[0m GDN state spine: gated_delta_rule_chunk_delta_h_vfused
[2m2026-09-06T01:47:21.972499Z[0m [32m INFO[0m [2mspark_model::weight_loader::qwen35_dense[0m[2m:[0m SSM[model.language_model.layers.33] native FP8 GDN: qkvz+out_proj block-scaled FP8 (no NVFP4 requant; prefill+decode via w8a16)
[2m2026-09-06T01:47:21.979994Z[0m [32m INFO[0m [2mspark_model::weight_map::model_a[0m[2m:[0m dense_keep_f32: promoting model.language_model.layers.34.linear_attn.A_log from BF16 to FP32 ([48])
[2m2026-09-06T01:47:21.980056Z[0m [32m INFO[0m [2mspark_model::weight_map::model_a[0m[2m:[0m dense_keep_f32: promoting model.language_model.layers.34.linear_attn.dt_bias from BF16 to FP32 ([48])
[2m2026-09-06T01:47:21.981517Z[0m [32m INFO[0m [2mspark_model::layers::qwen3_ssm::init[0m[2m:[0m GDN state spine: gated_delta_rule_chunk_delta_h_vfused
[2m2026-09-06T01:47:21.981589Z[0m [32m INFO[0m [2mspark_model::weight_loader::qwen35_dense[0m[2m:[0m SSM[model.language_model.layers.34] native FP8 GDN: qkvz+out_proj block-scaled FP8 (no NVFP4 requant; prefill+decode via w8a16)
[2m2026-09-06T01:47:22.003871Z[0m [32m INFO[0m [2mspark_model::weight_map::model_a[0m[2m:[0m dense_keep_f32: promoting model.language_model.layers.36.linear_attn.A_log from BF16 to FP32 ([48])
[2m2026-09-06T01:47:22.003962Z[0m [32m INFO[0m [2mspark_model::weight_map::model_a[0m[2m:[0m dense_keep_f32: promoting model.language_model.layers.36.linear_attn.dt_bias from BF16 to FP32 ([48])
[2m2026-09-06T01:47:22.005610Z[0m [32m INFO[0m [2mspark_model::layers::qwen3_ssm::init[0m[2m:[0m GDN state spine: gated_delta_rule_chunk_delta_h_vfused
[2m2026-09-06T01:47:22.005687Z[0m [32m INFO[0m [2mspark_model::weight_loader::qwen35_dense[0m[2m:[0m SSM[model.language_model.layers.36] native FP8 GDN: qkvz+out_proj block-scaled FP8 (no NVFP4 requant; prefill+decode via w8a16)
[2m2026-09-06T01:47:22.013178Z[0m [32m INFO[0m [2mspark_model::weight_map::model_a[0m[2m:[0m dense_keep_f32: promoting model.language_model.layers.37.linear_attn.A_log from BF16 to FP32 ([48])
[2m2026-09-06T01:47:22.013238Z[0m [32m INFO[0m [2mspark_model::weight_map::model_a[0m[2m:[0m dense_keep_f32: promoting model.language_model.layers.37.linear_attn.dt_bias from BF16 to FP32 ([48])
[2m2026-09-06T01:47:22.014688Z[0m [32m INFO[0m [2mspark_model::layers::qwen3_ssm::init[0m[2m:[0m GDN state spine: gated_delta_rule_chunk_delta_h_vfused
[2m2026-09-06T01:47:22.014760Z[0m [32m INFO[0m [2mspark_model::weight_loader::qwen35_dense[0m[2m:[0m SSM[model.language_model.layers.37] native FP8 GDN: qkvz+out_proj block-scaled FP8 (no NVFP4 requant; prefill+decode via w8a16)
[2m2026-09-06T01:47:22.022214Z[0m [32m INFO[0m [2mspark_model::weight_map::model_a[0m[2m:[0m dense_keep_f32: promoting model.language_model.layers.38.linear_attn.A_log from BF16 to FP32 ([48])
[2m2026-09-06T01:47:22.022271Z[0m [32m INFO[0m [2mspark_model::weight_map::model_a[0m[2m:[0m dense_keep_f32: promoting model.language_model.layers.38.linear_attn.dt_bias from BF16 to FP32 ([48])
[2m2026-09-06T01:47:22.023983Z[0m [32m INFO[0m [2mspark_model::layers::qwen3_ssm::init[0m[2m:[0m GDN state spine: gated_delta_rule_chunk_delta_h_vfused
[2m2026-09-06T01:47:22.024055Z[0m [32m INFO[0m [2mspark_model::weight_loader::qwen35_dense[0m[2m:[0m SSM[model.language_model.layers.38] native FP8 GDN: qkvz+out_proj block-scaled FP8 (no NVFP4 requant; prefill+decode via w8a16)
[2m2026-09-06T01:47:22.038883Z[0m [32m INFO[0m [2mspark_model::weight_loader::qwen35_dense[0m[2m:[0m Loaded layers 0..40
[2m2026-09-06T01:47:22.046359Z[0m [32m INFO[0m [2mspark_model::weight_map::model_a[0m[2m:[0m dense_keep_f32: promoting model.language_model.layers.40.linear_attn.A_log from BF16 to FP32 ([48])
[2m2026-09-06T01:47:22.046421Z[0m [32m INFO[0m [2mspark_model::weight_map::model_a[0m[2m:[0m dense_keep_f32: promoting model.language_model.layers.40.linear_attn.dt_bias from BF16 to FP32 ([48])
[2m2026-09-06T01:47:22.048132Z[0m [32m INFO[0m [2mspark_model::layers::qwen3_ssm::init[0m[2m:[0m GDN state spine: gated_delta_rule_chunk_delta_h_vfused
[2m2026-09-06T01:47:22.048211Z[0m [32m INFO[0m [2mspark_model::weight_loader::qwen35_dense[0m[2m:[0m SSM[model.language_model.layers.40] native FP8 GDN: qkvz+out_proj block-scaled FP8 (no NVFP4 requant; prefill+decode via w8a16)
[2m2026-09-06T01:47:22.055701Z[0m [32m INFO[0m [2mspark_model::weight_map::model_a[0m[2m:[0m dense_keep_f32: promoting model.language_model.layers.41.linear_attn.A_log from BF16 to FP32 ([48])
[2m2026-09-06T01:47:22.055761Z[0m [32m INFO[0m [2mspark_model::weight_map::model_a[0m[2m:[0m dense_keep_f32: promoting model.language_model.layers.41.linear_attn.dt_bias from BF16 to FP32 ([48])
[2m2026-09-06T01:47:22.057268Z[0m [32m INFO[0m [2mspark_model::layers::qwen3_ssm::init[0m[2m:[0m GDN state spine: gated_delta_rule_chunk_delta_h_vfused
[2m2026-09-06T01:47:22.057337Z[0m [32m INFO[0m [2mspark_model::weight_loader::qwen35_dense[0m[2m:[0m SSM[model.language_model.layers.41] native FP8 GDN: qkvz+out_proj block-scaled FP8 (no NVFP4 requant; prefill+decode via w8a16)
[2m2026-09-06T01:47:22.064896Z[0m [32m INFO[0m [2mspark_model::weight_map::model_a[0m[2m:[0m dense_keep_f32: promoting model.language_model.layers.42.linear_attn.A_log from BF16 to FP32 ([48])
[2m2026-09-06T01:47:22.064966Z[0m [32m INFO[0m [2mspark_model::weight_map::model_a[0m[2m:[0m dense_keep_f32: promoting model.language_model.layers.42.linear_attn.dt_bias from BF16 to FP32 ([48])
[2m2026-09-06T01:47:22.066654Z[0m [32m INFO[0m [2mspark_model::layers::qwen3_ssm::init[0m[2m:[0m GDN state spine: gated_delta_rule_chunk_delta_h_vfused
[2m2026-09-06T01:47:22.066724Z[0m [32m INFO[0m [2mspark_model::weight_loader::qwen35_dense[0m[2m:[0m SSM[model.language_model.layers.42] native FP8 GDN: qkvz+out_proj block-scaled FP8 (no NVFP4 requant; prefill+decode via w8a16)
[2m2026-09-06T01:47:22.088947Z[0m [32m INFO[0m [2mspark_model::weight_map::model_a[0m[2m:[0m dense_keep_f32: promoting model.language_model.layers.44.linear_attn.A_log from BF16 to FP32 ([48])
[2m2026-09-06T01:47:22.089021Z[0m [32m INFO[0m [2mspark_model::weight_map::model_a[0m[2m:[0m dense_keep_f32: promoting model.language_model.layers.44.linear_attn.dt_bias from BF16 to FP32 ([48])
[2m2026-09-06T01:47:22.090757Z[0m [32m INFO[0m [2mspark_model::layers::qwen3_ssm::init[0m[2m:[0m GDN state spine: gated_delta_rule_chunk_delta_h_vfused
[2m2026-09-06T01:47:22.090830Z[0m [32m INFO[0m [2mspark_model::weight_loader::qwen35_dense[0m[2m:[0m SSM[model.language_model.layers.44] native FP8 GDN: qkvz+out_proj block-scaled FP8 (no NVFP4 requant; prefill+decode via w8a16)
[2m2026-09-06T01:47:22.098319Z[0m [32m INFO[0m [2mspark_model::weight_map::model_a[0m[2m:[0m dense_keep_f32: promoting model.language_model.layers.45.linear_attn.A_log from BF16 to FP32 ([48])
[2m2026-09-06T01:47:22.098378Z[0m [32m INFO[0m [2mspark_model::weight_map::model_a[0m[2m:[0m dense_keep_f32: promoting model.language_model.layers.45.linear_attn.dt_bias from BF16 to FP32 ([48])
[2m2026-09-06T01:47:22.099900Z[0m [32m INFO[0m [2mspark_model::layers::qwen3_ssm::init[0m[2m:[0m GDN state spine: gated_delta_rule_chunk_delta_h_vfused
[2m2026-09-06T01:47:22.099970Z[0m [32m INFO[0m [2mspark_model::weight_loader::qwen35_dense[0m[2m:[0m SSM[model.language_model.layers.45] native FP8 GDN: qkvz+out_proj block-scaled FP8 (no NVFP4 requant; prefill+decode via w8a16)
[2m2026-09-06T01:47:22.107492Z[0m [32m INFO[0m [2mspark_model::weight_map::model_a[0m[2m:[0m dense_keep_f32: promoting model.language_model.layers.46.linear_attn.A_log from BF16 to FP32 ([48])
[2m2026-09-06T01:47:22.107564Z[0m [32m INFO[0m [2mspark_model::weight_map::model_a[0m[2m:[0m dense_keep_f32: promoting model.language_model.layers.46.linear_attn.dt_bias from BF16 to FP32 ([48])
[2m2026-09-06T01:47:22.109283Z[0m [32m INFO[0m [2mspark_model::layers::qwen3_ssm::init[0m[2m:[0m GDN state spine: gated_delta_rule_chunk_delta_h_vfused
[2m2026-09-06T01:47:22.109354Z[0m [32m INFO[0m [2mspark_model::weight_loader::qwen35_dense[0m[2m:[0m SSM[model.language_model.layers.46] native FP8 GDN: qkvz+out_proj block-scaled FP8 (no NVFP4 requant; prefill+decode via w8a16)
[2m2026-09-06T01:47:22.131742Z[0m [32m INFO[0m [2mspark_model::weight_map::model_a[0m[2m:[0m dense_keep_f32: promoting model.language_model.layers.48.linear_attn.A_log from BF16 to FP32 ([48])
[2m2026-09-06T01:47:22.131817Z[0m [32m INFO[0m [2mspark_model::weight_map::model_a[0m[2m:[0m dense_keep_f32: promoting model.language_model.layers.48.linear_attn.dt_bias from BF16 to FP32 ([48])
[2m2026-09-06T01:47:22.133304Z[0m [32m INFO[0m [2mspark_model::layers::qwen3_ssm::init[0m[2m:[0m GDN state spine: gated_delta_rule_chunk_delta_h_vfused
[2m2026-09-06T01:47:22.133379Z[0m [32m INFO[0m [2mspark_model::weight_loader::qwen35_dense[0m[2m:[0m SSM[model.language_model.layers.48] native FP8 GDN: qkvz+out_proj block-scaled FP8 (no NVFP4 requant; prefill+decode via w8a16)
[2m2026-09-06T01:47:22.140856Z[0m [32m INFO[0m [2mspark_model::weight_map::model_a[0m[2m:[0m dense_keep_f32: promoting model.language_model.layers.49.linear_attn.A_log from BF16 to FP32 ([48])
[2m2026-09-06T01:47:22.140916Z[0m [32m INFO[0m [2mspark_model::weight_map::model_a[0m[2m:[0m dense_keep_f32: promoting model.language_model.layers.49.linear_attn.dt_bias from BF16 to FP32 ([48])
[2m2026-09-06T01:47:22.142564Z[0m [32m INFO[0m [2mspark_model::layers::qwen3_ssm::init[0m[2m:[0m GDN state spine: gated_delta_rule_chunk_delta_h_vfused
[2m2026-09-06T01:47:22.142634Z[0m [32m INFO[0m [2mspark_model::weight_loader::qwen35_dense[0m[2m:[0m SSM[model.language_model.layers.49] native FP8 GDN: qkvz+out_proj block-scaled FP8 (no NVFP4 requant; prefill+decode via w8a16)
[2m2026-09-06T01:47:22.150103Z[0m [32m INFO[0m [2mspark_model::weight_map::model_a[0m[2m:[0m dense_keep_f32: promoting model.language_model.layers.50.linear_attn.A_log from BF16 to FP32 ([48])
[2m2026-09-06T01:47:22.150166Z[0m [32m INFO[0m [2mspark_model::weight_map::model_a[0m[2m:[0m dense_keep_f32: promoting model.language_model.layers.50.linear_attn.dt_bias from BF16 to FP32 ([48])
[2m2026-09-06T01:47:22.151652Z[0m [32m INFO[0m [2mspark_model::layers::qwen3_ssm::init[0m[2m:[0m GDN state spine: gated_delta_rule_chunk_delta_h_vfused
[2m2026-09-06T01:47:22.151722Z[0m [32m INFO[0m [2mspark_model::weight_loader::qwen35_dense[0m[2m:[0m SSM[model.language_model.layers.50] native FP8 GDN: qkvz+out_proj block-scaled FP8 (no NVFP4 requant; prefill+decode via w8a16)
[2m2026-09-06T01:47:22.174140Z[0m [32m INFO[0m [2mspark_model::weight_map::model_a[0m[2m:[0m dense_keep_f32: promoting model.language_model.layers.52.linear_attn.A_log from BF16 to FP32 ([48])
[2m2026-09-06T01:47:22.174212Z[0m [32m INFO[0m [2mspark_model::weight_map::model_a[0m[2m:[0m dense_keep_f32: promoting model.language_model.layers.52.linear_attn.dt_bias from BF16 to FP32 ([48])
[2m2026-09-06T01:47:22.175662Z[0m [32m INFO[0m [2mspark_model::layers::qwen3_ssm::init[0m[2m:[0m GDN state spine: gated_delta_rule_chunk_delta_h_vfused
[2m2026-09-06T01:47:22.175734Z[0m [32m INFO[0m [2mspark_model::weight_loader::qwen35_dense[0m[2m:[0m SSM[model.language_model.layers.52] native FP8 GDN: qkvz+out_proj block-scaled FP8 (no NVFP4 requant; prefill+decode via w8a16)
[2m2026-09-06T01:47:22.183205Z[0m [32m INFO[0m [2mspark_model::weight_map::model_a[0m[2m:[0m dense_keep_f32: promoting model.language_model.layers.53.linear_attn.A_log from BF16 to FP32 ([48])
[2m2026-09-06T01:47:22.183277Z[0m [32m INFO[0m [2mspark_model::weight_map::model_a[0m[2m:[0m dense_keep_f32: promoting model.language_model.layers.53.linear_attn.dt_bias from BF16 to FP32 ([48])
[2m2026-09-06T01:47:22.184935Z[0m [32m INFO[0m [2mspark_model::layers::qwen3_ssm::init[0m[2m:[0m GDN state spine: gated_delta_rule_chunk_delta_h_vfused
[2m2026-09-06T01:47:22.185008Z[0m [32m INFO[0m [2mspark_model::weight_loader::qwen35_dense[0m[2m:[0m SSM[model.language_model.layers.53] native FP8 GDN: qkvz+out_proj block-scaled FP8 (no NVFP4 requant; prefill+decode via w8a16)
[2m2026-09-06T01:47:22.192497Z[0m [32m INFO[0m [2mspark_model::weight_map::model_a[0m[2m:[0m dense_keep_f32: promoting model.language_model.layers.54.linear_attn.A_log from BF16 to FP32 ([48])
[2m2026-09-06T01:47:22.192557Z[0m [32m INFO[0m [2mspark_model::weight_map::model_a[0m[2m:[0m dense_keep_f32: promoting model.language_model.layers.54.linear_attn.dt_bias from BF16 to FP32 ([48])
[2m2026-09-06T01:47:22.194048Z[0m [32m INFO[0m [2mspark_model::layers::qwen3_ssm::init[0m[2m:[0m GDN state spine: gated_delta_rule_chunk_delta_h_vfused
[2m2026-09-06T01:47:22.194118Z[0m [32m INFO[0m [2mspark_model::weight_loader::qwen35_dense[0m[2m:[0m SSM[model.language_model.layers.54] native FP8 GDN: qkvz+out_proj block-scaled FP8 (no NVFP4 requant; prefill+decode via w8a16)
[2m2026-09-06T01:47:22.216531Z[0m [32m INFO[0m [2mspark_model::weight_map::model_a[0m[2m:[0m dense_keep_f32: promoting model.language_model.layers.56.linear_attn.A_log from BF16 to FP32 ([48])
[2m2026-09-06T01:47:22.216605Z[0m [32m INFO[0m [2mspark_model::weight_map::model_a[0m[2m:[0m dense_keep_f32: promoting model.language_model.layers.56.linear_attn.dt_bias from BF16 to FP32 ([48])
[2m2026-09-06T01:47:22.218089Z[0m [32m INFO[0m [2mspark_model::layers::qwen3_ssm::init[0m[2m:[0m GDN state spine: gated_delta_rule_chunk_delta_h_vfused
[2m2026-09-06T01:47:22.218167Z[0m [32m INFO[0m [2mspark_model::weight_loader::qwen35_dense[0m[2m:[0m SSM[model.language_model.layers.56] native FP8 GDN: qkvz+out_proj block-scaled FP8 (no NVFP4 requant; prefill+decode via w8a16)
[2m2026-09-06T01:47:22.225700Z[0m [32m INFO[0m [2mspark_model::weight_map::model_a[0m[2m:[0m dense_keep_f32: promoting model.language_model.layers.57.linear_attn.A_log from BF16 to FP32 ([48])
[2m2026-09-06T01:47:22.225759Z[0m [32m INFO[0m [2mspark_model::weight_map::model_a[0m[2m:[0m dense_keep_f32: promoting model.language_model.layers.57.linear_attn.dt_bias from BF16 to FP32 ([48])
[2m2026-09-06T01:47:22.227428Z[0m [32m INFO[0m [2mspark_model::layers::qwen3_ssm::init[0m[2m:[0m GDN state spine: gated_delta_rule_chunk_delta_h_vfused
[2m2026-09-06T01:47:22.227499Z[0m [32m INFO[0m [2mspark_model::weight_loader::qwen35_dense[0m[2m:[0m SSM[model.language_model.layers.57] native FP8 GDN: qkvz+out_proj block-scaled FP8 (no NVFP4 requant; prefill+decode via w8a16)
[2m2026-09-06T01:47:22.235017Z[0m [32m INFO[0m [2mspark_model::weight_map::model_a[0m[2m:[0m dense_keep_f32: promoting model.language_model.layers.58.linear_attn.A_log from BF16 to FP32 ([48])
[2m2026-09-06T01:47:22.235078Z[0m [32m INFO[0m [2mspark_model::weight_map::model_a[0m[2m:[0m dense_keep_f32: promoting model.language_model.layers.58.linear_attn.dt_bias from BF16 to FP32 ([48])
[2m2026-09-06T01:47:22.236564Z[0m [32m INFO[0m [2mspark_model::layers::qwen3_ssm::init[0m[2m:[0m GDN state spine: gated_delta_rule_chunk_delta_h_vfused
[2m2026-09-06T01:47:22.236633Z[0m [32m INFO[0m [2mspark_model::weight_loader::qwen35_dense[0m[2m:[0m SSM[model.language_model.layers.58] native FP8 GDN: qkvz+out_proj block-scaled FP8 (no NVFP4 requant; prefill+decode via w8a16)
[2m2026-09-06T01:47:22.251601Z[0m [32m INFO[0m [2mspark_model::weight_loader::qwen35_dense[0m[2m:[0m Loaded layers 0..60
[2m2026-09-06T01:47:22.259020Z[0m [32m INFO[0m [2mspark_model::weight_map::model_a[0m[2m:[0m dense_keep_f32: promoting model.language_model.layers.60.linear_attn.A_log from BF16 to FP32 ([48])
[2m2026-09-06T01:47:22.259101Z[0m [32m INFO[0m [2mspark_model::weight_map::model_a[0m[2m:[0m dense_keep_f32: promoting model.language_model.layers.60.linear_attn.dt_bias from BF16 to FP32 ([48])
[2m2026-09-06T01:47:22.260795Z[0m [32m INFO[0m [2mspark_model::layers::qwen3_ssm::init[0m[2m:[0m GDN state spine: gated_delta_rule_chunk_delta_h_vfused
[2m2026-09-06T01:47:22.260868Z[0m [32m INFO[0m [2mspark_model::weight_loader::qwen35_dense[0m[2m:[0m SSM[model.language_model.layers.60] native FP8 GDN: qkvz+out_proj block-scaled FP8 (no NVFP4 requant; prefill+decode via w8a16)
[2m2026-09-06T01:47:22.268327Z[0m [32m INFO[0m [2mspark_model::weight_map::model_a[0m[2m:[0m dense_keep_f32: promoting model.language_model.layers.61.linear_attn.A_log from BF16 to FP32 ([48])
[2m2026-09-06T01:47:22.268386Z[0m [32m INFO[0m [2mspark_model::weight_map::model_a[0m[2m:[0m dense_keep_f32: promoting model.language_model.layers.61.linear_attn.dt_bias from BF16 to FP32 ([48])
[2m2026-09-06T01:47:22.269882Z[0m [32m INFO[0m [2mspark_model::layers::qwen3_ssm::init[0m[2m:[0m GDN state spine: gated_delta_rule_chunk_delta_h_vfused
[2m2026-09-06T01:47:22.269951Z[0m [32m INFO[0m [2mspark_model::weight_loader::qwen35_dense[0m[2m:[0m SSM[model.language_model.layers.61] native FP8 GDN: qkvz+out_proj block-scaled FP8 (no NVFP4 requant; prefill+decode via w8a16)
[2m2026-09-06T01:47:22.277493Z[0m [32m INFO[0m [2mspark_model::weight_map::model_a[0m[2m:[0m dense_keep_f32: promoting model.language_model.layers.62.linear_attn.A_log from BF16 to FP32 ([48])
[2m2026-09-06T01:47:22.277555Z[0m [32m INFO[0m [2mspark_model::weight_map::model_a[0m[2m:[0m dense_keep_f32: promoting model.language_model.layers.62.linear_attn.dt_bias from BF16 to FP32 ([48])
[2m2026-09-06T01:47:22.279276Z[0m [32m INFO[0m [2mspark_model::layers::qwen3_ssm::init[0m[2m:[0m GDN state spine: gated_delta_rule_chunk_delta_h_vfused
[2m2026-09-06T01:47:22.279347Z[0m [32m INFO[0m [2mspark_model::weight_loader::qwen35_dense[0m[2m:[0m SSM[model.language_model.layers.62] native FP8 GDN: qkvz+out_proj block-scaled FP8 (no NVFP4 requant; prefill+decode via w8a16)
[2m2026-09-06T01:47:22.294240Z[0m [32m INFO[0m [2mspark_model::weight_loader::qwen35_dense[0m[2m:[0m Qwen3.5 dense weight loader: 64 layers (16 attention, 48 SSM, dense FFN)
[2m2026-09-06T01:47:22.294350Z[0m [32m INFO[0m [2mspark_model::factory::build[0m[2m:[0m Layer construction: 27.97 GB consumed (53.09 GB free -> 25.13 GB free) across 64 layers, 437.0 MB/layer average
[2m2026-09-06T01:47:22.294367Z[0m [32m INFO[0m [2mspark_model::weight_loader::qwen35_dense[0m[2m:[0m Loading dense MTP weights (variant=Fp8Dequanted, hidden=5120, inter=17408)
[2m2026-09-06T01:47:22.295657Z[0m [32m INFO[0m [2mspark_model::weight_loader::qwen35_dense[0m[2m:[0m Dense MTP head ready (FP8 e4m3 projections + dense gate/up/down MLP)
[2m2026-09-06T01:47:22.295840Z[0m [33m WARN[0m [2mspark_model::layers::vision_encoder::enc_impl::init[0m[2m:[0m Vision encoder capacity 16384 patches (2048x2048 px) — the resolved area bound wanted 65536 patches, clamped: the ViT score matrix is O(patches^2) and 65536 would need ~24.0 GB of scratch. Lower --vision-max-pixels to reclaim memory, or raise CEILING_MAX_PATCHES only alongside tiled ViT attention.
[2m2026-09-06T01:47:22.300759Z[0m [32m INFO[0m [2mspark_model::weight_loader::qwen35[0m[2m:[0m Qwen3.6 vision encoder loaded: depth=27, hidden=1152, heads=16, FP8-blocks>=4
[2m2026-09-06T01:47:22.300779Z[0m [32m INFO[0m [2mspark_model::quant_format[0m[2m:[0m QuantFormat: fp8 (block-scaled), 0 ignored module(s)
[2m2026-09-06T01:47:22.300793Z[0m [32m INFO[0m [2mspark_model::factory::lm_head_setup[0m[2m:[0m LM head kept as BF16 (skip NVFP4 quantization per model config)
[2m2026-09-06T01:47:22.304859Z[0m [32m INFO[0m [2mspark_runtime::buffers[0m[2m:[0m Buffer arena: 8196 tokens × 3663.7 MB total (attn_out=96.0MB, ssm_deint=256.1MB, kv_lora_rank=0)
[2m2026-09-06T01:47:22.304989Z[0m [32m INFO[0m [2mspark_model::factory::build[0m[2m:[0m KV budget self-relative (ledger): Atlas-own 58.1 GB live in the alloc ledger; 2.0 GB of co-tenant/page-cache use excluded (set ATLAS_KV_EXTERNAL_RESERVE_GB to override)
[2m2026-09-06T01:47:22.304999Z[0m [32m INFO[0m [2mspark_model::factory::build[0m[2m:[0m KV cache: 79.2 GB total × 90% util = 71.3 GB budget; 58.1 GB pre-KV + 8.5 GB reserve → 4.6 GB for KV → 7612 blocks × 16 tok/block = 121792 max KV tokens
[2m2026-09-06T01:47:22.310105Z[0m [32m INFO[0m [2mspark_runtime::kv_cache::paged_impl[0m[2m:[0m KV cache: 7612 blocks × 16 layers (4 high-precision) = 4.6 GB total (mixed dtype)
[2m2026-09-06T01:47:22.310382Z[0m [32m INFO[0m [2mspark_model::model::drafter_context[0m[2m:[0m MTP drafter context: prefill=ON carry=ON (default). Disable both with ATLAS_NO_MTP_DRAFTER_CONTEXT=1.
[2m2026-09-06T01:47:22.310396Z[0m [32m INFO[0m [2mspark_model::model::impl_a1[0m[2m:[0m TransformerModel: 64 layers, vocab=248077, hidden=5120
[2m2026-09-06T01:47:22.311350Z[0m [32m INFO[0m [2mspark_model::model::ssm_pool[0m[2m:[0m SSM state pool: 4 slots × 48 layers = 606 MB
[2m2026-09-06T01:47:22.340506Z[0m [32m INFO[0m [2mspark_model::model::ssm_snapshot[0m[2m:[0m SSM snapshot pool: Marconi 16 slots (2424 MB), decode-rollback 8 slots × 4 seqs (4848 MB), 48 layers
[2m2026-09-06T01:47:22.340540Z[0m [32m INFO[0m [2mspark_model::model::impl_a1[0m[2m:[0m Marconi intermediate checkpoints: every 256 blocks (4096 tokens at block_size=16)
[2m2026-09-06T01:47:22.340706Z[0m [32m INFO[0m [2mspark_model::model::impl_a1_init[0m[2m:[0m MTP weights available (1 module(s)) but --speculative not set, skipping MTP head construction
[2m2026-09-06T01:47:22.342644Z[0m [32m INFO[0m [2mspark_model::model::impl_a1[0m[2m:[0m Pinned metadata staging: 996 KB
[2m2026-09-06T01:47:22.343554Z[0m [32m INFO[0m [2mspark_model::model::impl_a1_init[0m[2m:[0m GDN prefill buffers: 355 MB for 8196 tokens (chunked SSM prefill)
[2m2026-09-06T01:47:22.344562Z[0m [32m INFO[0m [2mspark_model::factory::build[0m[2m:[0m GPU allocation ledger: 76.13 GB live across 65 sites
[2m2026-09-06T01:47:22.344571Z[0m [32m INFO[0m [2mspark_model::factory::build[0m[2m:[0m     29436.7 MB  x1606  crates/spark-runtime/src/fast_weights/mod.rs:413
[2m2026-09-06T01:47:22.344575Z[0m [32m INFO[0m [2mspark_model::factory::build[0m[2m:[0m      8960.0 MB  x256   crates/spark-model/src/weight_map/quantized.rs:261
[2m2026-09-06T01:47:22.344578Z[0m [32m INFO[0m [2mspark_model::factory::build[0m[2m:[0m      8960.0 MB  x256   crates/spark-model/src/weight_map/loaders_fp8.rs:229
[2m2026-09-06T01:47:22.344580Z[0m [32m INFO[0m [2mspark_model::factory::build[0m[2m:[0m      4608.0 MB  x48    crates/spark-model/src/model/ssm_snapshot.rs:180
[2m2026-09-06T01:47:22.344583Z[0m [32m INFO[0m [2mspark_model::factory::build[0m[2m:[0m      3840.0 MB  x48    crates/spark-model/src/weight_loader/qwen35_dense.rs:135
[2m2026-09-06T01:47:22.344585Z[0m [32m INFO[0m [2mspark_model::factory::build[0m[2m:[0m      2378.8 MB  x16    crates/spark-runtime/src/kv_cache/paged_impl.rs:28
[2m2026-09-06T01:47:22.344588Z[0m [32m INFO[0m [2mspark_model::factory::build[0m[2m:[0m      2378.8 MB  x16    crates/spark-runtime/src/kv_cache/paged_impl.rs:27
[2m2026-09-06T01:47:22.344590Z[0m [32m INFO[0m [2mspark_model::factory::build[0m[2m:[0m      2304.0 MB  x48    crates/spark-model/src/model/ssm_snapshot.rs:165
[2m2026-09-06T01:47:22.344593Z[0m [32m INFO[0m [2mspark_model::factory::build[0m[2m:[0m      1600.0 MB  x64    crates/spark-model/src/weight_map/quantized.rs:643
[2m2026-09-06T01:47:22.344595Z[0m [32m INFO[0m [2mspark_model::factory::build[0m[2m:[0m      1120.0 MB  x256   crates/spark-model/src/weight_map/loaders_fp8.rs:230
[2m2026-09-06T01:47:22.344597Z[0m [32m INFO[0m [2mspark_model::factory::build[0m[2m:[0m      1120.0 MB  x256   crates/spark-model/src/weight_map/quantized.rs:262
[2m2026-09-06T01:47:22.344606Z[0m [32m INFO[0m [2mspark_model::factory::build[0m[2m:[0m       757.5 MB  x2     crates/spark-model/src/model/ssm_pool.rs:149
[2m2026-09-06T01:47:22.344608Z[0m [32m INFO[0m [2mspark_model::factory::build[0m[2m:[0m      5140.1 MB  across 53 smaller sites
[2m2026-09-06T01:47:22.344610Z[0m [32m INFO[0m [2mspark_model::factory::build[0m[2m:[0m   ── by file ──
[2m2026-09-06T01:47:22.344613Z[0m [32m INFO[0m [2mspark_model::factory::build[0m[2m:[0m     29436.7 MB  x1606  crates/spark-runtime/src/fast_weights/mod.rs
[2m2026-09-06T01:47:22.344615Z[0m [32m INFO[0m [2mspark_model::factory::build[0m[2m:[0m     11680.4 MB  x640   crates/spark-model/src/weight_map/quantized.rs
[2m2026-09-06T01:47:22.344617Z[0m [32m INFO[0m [2mspark_model::factory::build[0m[2m:[0m     10084.7 MB  x1072  crates/spark-model/src/weight_map/loaders_fp8.rs
[2m2026-09-06T01:47:22.344620Z[0m [32m INFO[0m [2mspark_model::factory::build[0m[2m:[0m      7272.2 MB  x193   crates/spark-model/src/model/ssm_snapshot.rs
[2m2026-09-06T01:47:22.344622Z[0m [32m INFO[0m [2mspark_model::factory::build[0m[2m:[0m      4757.5 MB  x32    crates/spark-runtime/src/kv_cache/paged_impl.rs
[2m2026-09-06T01:47:22.344625Z[0m [32m INFO[0m [2mspark_model::factory::build[0m[2m:[0m      3840.9 MB  x96    crates/spark-model/src/weight_loader/qwen35_dense.rs
[2m2026-09-06T01:47:22.344627Z[0m [32m INFO[0m [2mspark_model::factory::build[0m[2m:[0m      3663.7 MB  x34    crates/spark-runtime/src/buffers.rs
[2m2026-09-06T01:47:22.344629Z[0m [32m INFO[0m [2mspark_model::factory::build[0m[2m:[0m       757.5 MB  x2     crates/spark-model/src/model/ssm_pool.rs
[2m2026-09-06T01:47:22.344632Z[0m [32m INFO[0m [2mspark_model::factory::build[0m[2m:[0m       710.0 MB  x7     crates/spark-model/src/weight_map/quant_helpers.rs
[2m2026-09-06T01:47:22.344634Z[0m [32m INFO[0m [2mspark_model::factory::build[0m[2m:[0m       355.2 MB  x4     crates/spark-model/src/model/impl_a1_init.rs
[2m2026-09-06T01:47:22.344636Z[0m [32m INFO[0m [2mspark_model::factory::build[0m[2m:[0m        45.0 MB  x48    crates/spark-model/src/weight_map/fp8_lut.rs
[2m2026-09-06T01:47:22.344639Z[0m [32m INFO[0m [2mspark_model::factory::build[0m[2m:[0m         0.0 MB  x4     crates/spark-model/src/model/impl_a1.rs
[2m2026-09-06T01:47:22.344653Z[0m [32m INFO[0m [2mspark_model::factory::build[0m[2m:[0m util pledge honored: 70.9 GB tracked live within the 71.3 GB budget (0.4 GB pledge headroom)
[2m2026-09-06T01:47:22.419435Z[0m [32m INFO[0m [2mspark::main_modules::serve_phases::kernel_gate[0m[2m:[0m 
┌─ Kernel load audit ─ 181 kernels embedded · set-hash f46919654977 ─
│ MODULE (operation)                 PTX-HASH       RESOLUTION           SHADOWED
│ ────────────────────────────────────────────────────────────────────────────────────
│ argmax                             a3d8f119da7a   used                 N
│ bf16_add                           c545be6b71cf   -                    N
│ causal_conv1d                      7ab0b25e6e35   used                 N
│ dense_gemv_bf16_batch2             e1f4168736fb   used                 N
│ dense_gemv_bf16_batchm             81909bd83184   used                 N
│ dense_gemv_fp8w_batch2             a567517f18dc   used                 N
│ dequant_fp8_blockscaled_bf16       7ca785f6615b   used                 N
│ dequant_gguf_bf16                  3ea7d0fc8c6f   used                 N
│ dequant_nvfp4_bf16                 f19c898469a3   used                 N
│ dflash2                            505e703883e7   -                    N
│ e2m1                               ee092f6a0007   -                    N
│ embed_from_argmax                  33d7f5f7f9ec   used                 N
│ fp8_gemm_t_blockscaled             e38442d64e75   used                 N
│ fp8_gemv_rt                        3eaa87894534   -                    N
│ fused_k_norm_rope_cache            274a231d8067   used                 N
│ gated_delta_rule                   e468368f89d0   used                 N
│ gated_delta_rule_fla               b314a4eac529   used                 N
│ gated_delta_rule_persistent        15477a7a1949   used                 N
│ gated_delta_rule_regresident       fc021d4f0478   used                 N
│ gated_delta_rule_snap              4986925d1f05   used                 N
│ gated_delta_rule_wy                1f709adb59e1   used                 N
│ gated_delta_rule_wy17              5710cd8277c5   used                 N
│ gated_delta_rule_wy2_resident      5ef790286dd4   used                 N
│ gated_delta_rule_wy2_resident_f16  6241545d5063   used                 N
│ gated_delta_rule_wy3               f9c827f61f90   used                 N
│ gated_delta_rule_wy3_f16           89fc19007532   used                 N
│ gated_delta_rule_wy3_resident      fca8d31d0845   used                 N
│ gated_delta_rule_wy3_resident_f16  b5e49523c387   used                 N
│ gated_delta_rule_wy4               564b543b338f   used                 N
│ gated_delta_rule_wy4_f16           89c1fed78a9f   used                 N
│ gated_delta_rule_wy64_prefill      d3decc3327aa   used                 N
│ gated_delta_rule_wy_f16            51c86719c030   used                 N
│ gated_delta_rule_wyn               cdc277e13c48   used                 N
│ gdn_verify_fused_conv_kn           66bd2cc1acf2   used                 N
│ gdn_verify_fused_conv_kn_f32       73446979a530   used                 N
│ gdn_verify_fused_k2                32f1b2749c62   used                 N
│ gemm                               0efe3af7944d   used                 N
│ gemm_splitk                        0c472718bd89   used                 N
│ gemm_tc                            c9cd4a74aa86   used                 N
│ gemv                               98694eec2dfa   used                 N
│ gemv_fp8w                          64caf0b46229   used                 N
│ inferspark_decode                  5135eced3f7f   -                    N
│ inferspark_prefill                 cf58fea48707   used                 N
│ inferspark_prefill_h128            b8e20d30cc9b   -                    N
│ inferspark_prefill_paged_512       f9c2777dc77d   -                    N
│ inferspark_prefill_paged_batched   e3e19bfa20a2   used                 N
│ inferspark_prefill_paged_fp8_batched dabea5428b89   used                 N
│ inferspark_prefill_paged_nvfp4_batched 9728f96cbb4d   used                 N
│ inferspark_prefill_v47             a75c748d0c9f   -                    N
│ kv_cache                           2b4e52b6d337   -                    N
│ lora_bgmv                          c92ad2a0e2bc   -                    N
│ mamba2_ssd_chunk                   39635a3f8333   -                    N
│ mamba2_ssm                         ab9f97ce499b   -                    N
│ metadata_fill                      1d5bf751196c   used                 N
│ moe                                c0c4cff565f5   -                    N
│ moe_bf16_grouped_gemm              07cb1657897f   -                    N
│ moe_decode_atomic_c4               0b21e7b32872   -                    N
│ moe_expert_gemv                    bc99a28c1fbe   -                    N
│ moe_expert_gemv_fused              fcb5c21d01e5   -                    N
│ moe_fp8_grouped_gemm               b7cc6e252b3e   -                    N
│ moe_fused_batch2                   5c35a6941de7   -                    N
│ moe_fused_batch3                   f63c53f276e3   -                    N
│ moe_gate_topk                      a8fd3c3b3db9   -                    N
│ moe_hash_route                     4c9092b0b5bd   -                    N
│ moe_lora_gather_bgmv               fe7e1af640f6   -                    N
│ moe_lora_grouped_down              197182c49d84   -                    N
│ moe_prefill                        97146a516b9b   -                    N
│ moe_relu2_fused                    a72403bf6dd7   -                    N
│ moe_shared_expert_fused            b68db854cf10   -                    N
│ moe_shared_expert_fused_batch2_t   b83c587dd066   -                    N
│ moe_shared_expert_fused_batch3_t   141b291be42d   -                    N
│ moe_shared_expert_fused_bf16       110548889e0f   -                    N
│ moe_shared_expert_fused_bf16_batch2 e562ae77741f   -                    N
│ moe_shared_expert_fused_fp8        9ee897f90bf4   -                    N
│ moe_shared_expert_fused_fp8_batch2 b4c0ae76cd35   -                    N
│ moe_shared_expert_fused_fp8_batch2_t 152d4f318a09   -                    N
│ moe_shared_expert_fused_fp8_batch3 fbba7016b029   -                    N
│ moe_shared_expert_fused_fp8_batch3_t 0387c0d01bd7   -                    N
│ moe_shared_expert_fused_fp8_t      8542d58d5a49   -                    N
│ moe_shared_expert_fused_t          90de732f2498   -                    N
│ moe_silu_mul                       944a461c9c33   used                 N
│ moe_sorted                         4e3692d4b59c   -                    N
│ moe_topk                           ceaf62b9ee78   -                    N
│ moe_topk_sig                       c9078eb548f0   -                    N
│ moe_topk_softmax_bias              9e33f60b21f0   -                    N
│ moe_topk_sqrt                      55316962d0f0   -                    N
│ moe_transpose_batched              548c1c368da1   -                    N
│ moe_w4a16                          cb75cb278ecc   -                    Y (1 dropped)
│ moe_w8a8_grouped_gemm              2ab8b585f13a   -                    N
│ nemotron_moe_prefill               7d611384a880   -                    N
│ nllb_encoder                       9c06ebec859c   -                    N
│ norm                               39583f167b56   used                 N
│ nvfp4_mmq                          1b9de36da8d7   ** lookup FAILED **  N
│ paged_decode                       f9cf37f937a3   used                 N
│ paged_decode_bf16k_turbo2v         ae57e28ccf0a   -                    N
│ paged_decode_bf16k_turbo2v_128     c72279607077   -                    N
│ paged_decode_bf16k_turbo3v         0a00279aedf6   -                    N
│ paged_decode_bf16k_turbo3v_128     cf4f70644d26   -                    N
│ paged_decode_bf16k_turbo4v         f10fe0d153c6   -                    N
│ paged_decode_bf16k_turbo4v_128     084f13d8a3bc   -                    N
│ paged_decode_fp8                   e5acd87bc335   used                 N
│ paged_decode_fp8k_turbo2v          73568425d01b   -                    N
│ paged_decode_fp8k_turbo2v_128      f95969bfa730   -                    N
│ paged_decode_fp8k_turbo3v          7875a2251caf   -                    N
│ paged_decode_fp8k_turbo3v_128      c27da47baf4a   -                    N
│ paged_decode_fp8k_turbo4v          be5202228465   -                    N
│ paged_decode_fp8k_turbo4v_128      16c05e5cad14   -                    N
│ paged_decode_nvfp4                 2075fb3fac85   -                    N
│ paged_decode_turbo2                f4e19492e218   -                    N
│ paged_decode_turbo2_128            81cdb2be29f6   -                    N
│ paged_decode_turbo3                31ad1778a26f   -                    N
│ paged_decode_turbo3_128            dc2ff01c04f1   -                    N
│ paged_decode_turbo3k_turbo8v       3e8243b1561a   -                    N
│ paged_decode_turbo3k_turbo8v_128   80b7daca9986   -                    N
│ paged_decode_turbo4                195bbebc87b0   -                    N
│ paged_decode_turbo4_128            121f53435ee4   -                    N
│ paged_decode_turbo4_512            e53a1bd3d8a8   -                    N
│ paged_decode_turbo4k_turbo3v       ddd70af4c1be   -                    N
│ paged_decode_turbo4k_turbo3v_128   4eac023391a7   -                    N
│ paged_decode_turbo4k_turbo8v       7e4af1d8d58f   -                    N
│ paged_decode_turbo4k_turbo8v_128   d6129769be1d   -                    N
│ paged_decode_turbo8                a3cebd74bed2   -                    N
│ paged_decode_turbo8_128            a7811959aad6   -                    N
│ paged_decode_turbo8_512            d85b7e70ef63   -                    N
│ per_token_group_quant_fp8          60432b374f77   used                 N
│ prefill_fp8kv                      1723bd8cece8   -                    N
│ prefill_paged                      16ac23f76bca   used                 N
│ prefill_paged_bf16k_turbo2v        5632304dc8ff   used                 N
│ prefill_paged_bf16k_turbo3v        10bba38b0548   used                 N
│ prefill_paged_bf16k_turbo4v        1677758ae47a   used                 N
│ prefill_paged_fp8                  c28e747ccf9f   used                 N
│ prefill_paged_fp8k_turbo2v         2df8caa3927b   used                 N
│ prefill_paged_fp8k_turbo3v         2d57552506fb   used                 N
│ prefill_paged_fp8k_turbo4v         c2166490c6d3   used                 N
│ prefill_paged_indirect             33ce2f69ec12   -                    N
│ prefill_paged_nvfp4                ce0d8d9a60d3   used                 N
│ prefill_paged_turbo2               a9a23e2b3d03   used                 N
│ prefill_paged_turbo3               ce0017962e68   used                 N
│ prefill_paged_turbo3k_turbo8v      1f1892971511   used                 N
│ prefill_paged_turbo4               7c58b7ce9229   used                 N
│ prefill_paged_turbo4k_turbo3v      12db335dcfdd   used                 N
│ prefill_paged_turbo4k_turbo8v      081397cc5fb8   used                 N
│ prefill_paged_turbo8               e45bf3407a1b   used                 N
│ q2_0_gemv                          d94e369bebea   -                    N
│ q2_0_gemv_vec                      461e4edb18bb   used                 N
│ q2_0_mmq                           ef4567863bc7   -                    N
│ q4k_mmq                            25c10c146dcb   used                 N
│ q4k_quantize                       6867acf16579   used                 N
│ quant_rowwise_fp8                  1e626b8a3a25   -                    N
│ quantize_bf16_to_fp8_blockscaled   68ebed9e2706   -                    N
│ quantize_nvfp4                     225759ad81f9   used                 N
│ relu2                              9ca7d0d89bcb   -                    N
│ reshape_and_cache                  1ff39b18cce3   used                 N
│ reshape_and_cache_turbo            5bd3666c2efb   -                    N
│ residual_add                       6f5cda944230   used                 N
│ rms_norm_vanilla                   afca074afa31   -                    N
│ rope                               0c9e11777609   used                 N
│ rope_mrope_interleaved             3ad05b8ad684   used                 N
│ ssm_h_dtype                        71fc4ec62b4a   used                 N
│ ssm_preprocess                     be3ce7f5576c   used                 N
│ ssm_state_norm                     d360f511d031   used                 N
│ token_overlay                      36b987f13fe3   used                 N
│ tq_plus_innerq_apply               f386b419370d   used                 N
│ transpose_u8                       231b85b903d6   used                 N
│ vector_add                         c5307a23277d   -                    N
│ vision_encoder                     5d5643ec9948   used                 N
│ w4a16                              dc01c5df5ddf   used                 Y (1 dropped)
│ w4a16_fp8_ldmab                    26f1c1f2dd4e   -                    N
│ w4a16_gemv                         2f285c75f86d   used                 N
│ w4a16_gemv_fused                   9e9778cd14d2   used                 N
│ w4a16_v2                           46f16f6526e7   -                    N
│ w4a4                               2134e3b65912   ** lookup FAILED **  N
│ w8a16_gemm                         e974f7e0d13f   used                 N
│ w8a16_gemm_pipelined               15f207518fa6   used                 N
│ w8a16_gemm_t                       60091e2746f7   used                 N
│ w8a16_gemm_t_m128                  7ff753cd8aa3   used                 N
│ w8a16_gemv                         55805d4299d9   used                 N
│ w8a16_gemv_batch4                  a5a48306d4d1   used                 N
│ w8a16_gemv_fused                   646930a34817   used                 N
│ wht_bf16                           4a07ee00eb6c   used                 N
│ widen_block_scale_f32              6db3bf165dfa   used                 N
└─

15 kernel(s) declared expected-absent in this target's MODEL.toml [expected_absent] (no action):
    nvfp4_mmq::atlas_nvfp4_mmq128_nc, nvfp4_mmq::atlas_nvfp4_mmq128_wc, nvfp4_mmq::atlas_nvfp4_mmq16_nc, nvfp4_mmq::atlas_nvfp4_mmq16_wc, nvfp4_mmq::atlas_nvfp4_mmq32_nc, nvfp4_mmq::atlas_nvfp4_mmq32_wc, nvfp4_mmq::atlas_nvfp4_mmq64_nc, nvfp4_mmq::atlas_nvfp4_mmq64_wc, nvfp4_mmq::atlas_nvfp4_quantize_bf16, nvfp4_mmq::atlas_nvfp4_repack, nvfp4_mmq::atlas_nvfp4_scale_bf16, nvfp4_mmq::atlas_nvfp4_silu_mul_quant, nvfp4_mmq::atlas_nvfp4_silu_mul_scaled, w4a4::w4a4_gemm, w4a4::w4a4_gemm_mfast

[2m2026-09-06T01:47:22.421173Z[0m [32m INFO[0m [2mspark::main_modules::serve_phases::runtime[0m[2m:[0m EOS tokens (from generation_config.json): [248046, 248044]
[2m2026-09-06T01:47:22.421203Z[0m [32m INFO[0m [2mspark::main_modules::serve_phases::runtime[0m[2m:[0m Default sampling: temperature=1, top_k=20, top_p=0.95, top_n_sigma=1, min_p=0
[2m2026-09-06T01:47:22.818076Z[0m [32m INFO[0m [2mspark::tokenizer::jinja_helpers[0m[2m:[0m Loaded Jinja chat template from tokenizer_config.json (8964 chars)
[2m2026-09-06T01:47:22.818870Z[0m [32m INFO[0m [2mspark::tokenizer::chat_impl[0m[2m:[0m Loaded tokenizer from /workspace/atlas-rental/hf38/hub/models--Qwen--Qwen3.8-27B-FP8/snapshots/017b9c7af6b5689d5dd426a76e0bc077eb5ca20a/tokenizer.json
[2m2026-09-06T01:47:22.897229Z[0m [32m INFO[0m [2mspark::main_modules::serve_phases::tokenizer_runtime[0m[2m:[0m Reasoning parser: qwen (auto-detected from model_type 'qwen3_5')
[2m2026-09-06T01:47:22.897483Z[0m [32m INFO[0m [2mspark::main_modules::serve_phases::tokenizer_runtime[0m[2m:[0m Code-fence token: 71093 (``` — F2 fence guard active)
[2m2026-09-06T01:47:23.089360Z[0m [32m INFO[0m [2mspark::main_modules::serve_phases::tokenizer_runtime[0m[2m:[0m Numeric-token mask: 10/248077 ids classified as digit-runs (digit-normalized content-loop path active)
[2m2026-09-06T01:47:23.277835Z[0m [32m INFO[0m [2mspark::main_modules::serve_phases::tokenizer_runtime[0m[2m:[0m Boundary-token mask: 620/248077 ids end in a newline / sentence boundary (Phase-C rollback-to-boundary active)
[2m2026-09-06T01:47:23.472127Z[0m [32m INFO[0m [2mspark::main_modules::serve_phases::tokenizer_runtime[0m[2m:[0m Mid-word token mask: 241519/248077 ids end in alphanumeric (mid-word </think> defer active during thinking)
[2m2026-09-06T01:47:23.472156Z[0m [32m INFO[0m [2mspark::main_modules::serve_phases::tokenizer_runtime[0m[2m:[0m Thinking end token: 248069 (</think>)
[2m2026-09-06T01:47:23.472160Z[0m [32m INFO[0m [2mspark::main_modules::serve_phases::tokenizer_runtime[0m[2m:[0m Thinking start token: 248068 (<think>)
[2m2026-09-06T01:47:23.472187Z[0m [32m INFO[0m [2mspark::main_modules::serve_phases::tokenizer_runtime[0m[2m:[0m ChatML role-boundary hard stop: <|im_start|> (id 248045) registered
[2m2026-09-06T01:47:23.472196Z[0m [32m INFO[0m [2mspark::main_modules::serve_phases::tokenizer_runtime[0m[2m:[0m Tool-response hard stop: <tool_response> (id 248066) registered
[2m2026-09-06T01:47:23.472282Z[0m [32m INFO[0m [2mspark::main_modules::serve_phases::tokenizer_runtime[0m[2m:[0m Tool call start token: 248058 (<tool_call>)
[2m2026-09-06T01:47:23.472290Z[0m [32m INFO[0m [2mspark::main_modules::serve_phases::tokenizer_runtime[0m[2m:[0m Tool call end token: 248059 (</tool_call>)
[2m2026-09-06T01:47:23.827695Z[0m [32m INFO[0m [2mspark::grammar::engine[0m[2m:[0m Grammar: detected tokenizer vocab_type=byte_level, add_prefix_space=false
[2m2026-09-06T01:47:24.134033Z[0m [32m INFO[0m [2mspark::main_modules::serve_phases::tokenizer_runtime[0m[2m:[0m Grammar engine initialized (vocab_size=248077, vocab_type=auto-detected from tokenizer)
[2m2026-09-06T01:47:24.134442Z[0m [32m INFO[0m [2mspark::main_modules::serve_load[0m[2m:[0m Scheduling policy: SLAI (TBT deadline=100ms)
[2m2026-09-06T01:47:24.134699Z[0m [32m INFO[0m [2mspark::main_modules::serve_phases::runtime[0m[2m:[0m Tool call parser: qwen3_coder (auto-detected from model_type 'qwen3_5')
[2m2026-09-06T01:47:24.134711Z[0m [32m INFO[0m [2mspark::main_modules::serve_phases::runtime[0m[2m:[0m Tool call parser: 'qwen3_coder' has registered XGrammar grammar — constrained decoding ENABLED for tool requests
[2m2026-09-06T01:47:24.134720Z[0m [32m INFO[0m [2mspark::main_modules::serve_phases::runtime[0m[2m:[0m Response store: max_entries=10000, ttl=86400s, persist=memory-only
[2m2026-09-06T01:47:24.134741Z[0m [32m INFO[0m [2mspark::main_modules::serve_phases::runtime[0m[2m:[0m Model behavior: max_thinking_budget=2048, thinking_default=true
[2m2026-09-06T01:47:24.134745Z[0m [32m INFO[0m [2mspark::main_modules::serve_phases::runtime[0m[2m:[0m Model behavior: content-loop watchdog ENABLED (period-2…64 repetition detector)
[2m2026-09-06T01:47:24.134750Z[0m [32m INFO[0m [2mspark::main_modules::serve_phases::runtime[0m[2m:[0m Model behavior: watchdog rollback+re-steer ENABLED (cap 2 per sequence)
[2m2026-09-06T01:47:24.134754Z[0m [32m INFO[0m [2mspark::main_modules::serve_phases::runtime[0m[2m:[0m --disable-thinking set: thinking is forced OFF for every request
[2m2026-09-06T01:47:24.134951Z[0m [32m INFO[0m [2mspark::scheduler[0m[2m:[0m Scheduler started (batched mode, max_batch=4, mtp=false, ngram=false, num_drafts=0, policy=slai, chunked_prefill=true, max_prefill_tokens=8192)
[2m2026-09-06T01:47:24.136034Z[0m [32m INFO[0m [2mspark::scheduler[0m[2m:[0m Swap space: 3 GB at /tmp/atlas-swap-204100
[2m2026-09-06T01:47:24.137450Z[0m [33m WARN[0m [2mspark::main_modules::serve_router[0m[2m:[0m Atlas is listening on 0.0.0.0:8888 — reachable from any host on the network. If this machine is on a shared LAN or has a public IP, pass --bind 127.0.0.1 (or set --require-auth and a real firewall) before accepting traffic.
[2m2026-09-06T01:47:24.137620Z[0m [32m INFO[0m [2mspark::main_modules::serve_router[0m[2m:[0m Server live and ready at 127.0.0.1:8888 running Qwen/Qwen3.8-27B-FP8
[2m2026-09-06T01:47:25.009636Z[0m [32m INFO[0m [2mspark::api::chat::prepare[0m[2m:[0m Request: model=Qwen/Qwen3.8-27B-FP8, messages=1, tools=0, tools_active=false, tool_choice=None, stream=false, temp=Some(0.0), max_tokens=1, freq_pen=Some(0.0), rep_pen=None
[2m2026-09-06T01:47:25.010060Z[0m [32m INFO[0m [2mspark::tokenizer::chat_impl[0m[2m:[0m Jinja rendered (71 chars): "<|im_start|>user\nhi<|im_end|>\n<|im_start|>assistant\n<think>\n\n</think>\n\n"
[2m2026-09-06T01:47:25.010642Z[0m [32m INFO[0m [2mspark::api::chat[0m[2m:[0m Session 0xad17a500a5cd2703: 13 prompt tokens, tools=false (0 defined)
[2m2026-09-06T01:47:25.010734Z[0m [32m INFO[0m [2mspark::api::chat::sampling_setup[0m[2m:[0m sampling resolved (first request): temp=0.000 top_p=0.950 top_k=20 min_p=0.0000 top_n_sigma=1.0000 rep_pen=1.000 (core_preset=false)
[2m2026-09-06T01:47:25.011273Z[0m [32m INFO[0m [2mspark::scheduler::prefill_a_step[0m[2m:[0m Chunked prefill start: 13 prompt tokens, chunk_size=13, max_tokens=1
[2m2026-09-06T01:47:25.014098Z[0m [32m INFO[0m [2mspark_model::layers::qwen3_ssm::trait_prefill_recur[0m[2m:[0m GDN prefill: FLA chunked path ACTIVE (baked default: recompute_wu → chunk_delta_h_ksplit → chunk_fwd_o)
[2m2026-09-06T01:47:25.045256Z[0m [32m INFO[0m [2mspark_model::layers::fp8_calibration[0m[2m:[0m FP8 KV scale frozen on first observe (13 tok, headroom=2.0): k_scale=0.064453 (max=14.44), v_scale=0.038225 (max=8.56) — constant for all entries
[2m2026-09-06T01:47:25.056464Z[0m [32m INFO[0m [2mspark_model::layers::fp8_calibration[0m[2m:[0m FP8 KV scale frozen on first observe (13 tok, headroom=2.0): k_scale=0.079799 (max=17.88), v_scale=0.026228 (max=5.88) — constant for all entries
[2m2026-09-06T01:47:25.067644Z[0m [32m INFO[0m [2mspark_model::layers::fp8_calibration[0m[2m:[0m FP8 KV scale frozen on first observe (13 tok, headroom=2.0): k_scale=0.080915 (max=18.12), v_scale=0.025949 (max=5.81) — constant for all entries
[2m2026-09-06T01:47:25.078826Z[0m [32m INFO[0m [2mspark_model::layers::fp8_calibration[0m[2m:[0m FP8 KV scale frozen on first observe (13 tok, headroom=2.0): k_scale=0.090402 (max=20.25), v_scale=0.061663 (max=13.81) — constant for all entries
[2m2026-09-06T01:47:25.089996Z[0m [32m INFO[0m [2mspark_model::layers::fp8_calibration[0m[2m:[0m FP8 KV scale frozen on first observe (13 tok, headroom=2.0): k_scale=0.096540 (max=21.62), v_scale=0.123326 (max=27.62) — constant for all entries
[2m2026-09-06T01:47:25.101177Z[0m [32m INFO[0m [2mspark_model::layers::fp8_calibration[0m[2m:[0m FP8 KV scale frozen on first observe (13 tok, headroom=2.0): k_scale=0.102679 (max=23.00), v_scale=0.189732 (max=42.50) — constant for all entries
[2m2026-09-06T01:47:25.112360Z[0m [32m INFO[0m [2mspark_model::layers::fp8_calibration[0m[2m:[0m FP8 KV scale frozen on first observe (13 tok, headroom=2.0): k_scale=0.088170 (max=19.75), v_scale=0.169643 (max=38.00) — constant for all entries
[2m2026-09-06T01:47:25.123342Z[0m [32m INFO[0m [2mspark_model::layers::fp8_calibration[0m[2m:[0m FP8 KV scale frozen on first observe (13 tok, headroom=2.0): k_scale=0.093192 (max=20.88), v_scale=0.142857 (max=32.00) — constant for all entries
[2m2026-09-06T01:47:25.134194Z[0m [32m INFO[0m [2mspark_model::layers::fp8_calibration[0m[2m:[0m FP8 KV scale frozen on first observe (13 tok, headroom=2.0): k_scale=0.089286 (max=20.00), v_scale=0.228795 (max=51.25) — constant for all entries
[2m2026-09-06T01:47:25.145053Z[0m [32m INFO[0m [2mspark_model::layers::fp8_calibration[0m[2m:[0m FP8 KV scale frozen on first observe (13 tok, headroom=2.0): k_scale=0.078125 (max=17.50), v_scale=0.220982 (max=49.50) — constant for all entries
[2m2026-09-06T01:47:25.155920Z[0m [32m INFO[0m [2mspark_model::layers::fp8_calibration[0m[2m:[0m FP8 KV scale frozen on first observe (13 tok, headroom=2.0): k_scale=0.074777 (max=16.75), v_scale=0.216518 (max=48.50) — constant for all entries
[2m2026-09-06T01:47:25.166780Z[0m [32m INFO[0m [2mspark_model::layers::fp8_calibration[0m[2m:[0m FP8 KV scale frozen on first observe (13 tok, headroom=2.0): k_scale=0.067522 (max=15.12), v_scale=0.128348 (max=28.75) — constant for all entries
[2m2026-09-06T01:47:25.192336Z[0m [32m INFO[0m [2mspark::scheduler::prefill_a_step[0m[2m:[0m Prefill first token: 9419
[2m2026-09-06T01:47:25.192390Z[0m [32m INFO[0m [2mspark::scheduler::mtp_accept_debug[0m[2m:[0m Done: 1 tokens (length) 28115.2 tok/s, TTFT=181.1ms, serial=0.00 mtp=0.00 p1=0.000 mean_na=0.000 tok_step=1.000 regime_reprobes=0
[2m2026-09-06T01:47:26.069634Z[0m [32m INFO[0m [2mspark::api::chat::prepare[0m[2m:[0m Request: model=Qwen/Qwen3.8-27B-FP8, messages=2, tools=0, tools_active=false, tool_choice=None, stream=false, temp=Some(0.0), max_tokens=32, freq_pen=None, rep_pen=None
[2m2026-09-06T01:47:26.070014Z[0m [32m INFO[0m [2mspark::tokenizer::chat_impl[0m[2m:[0m Jinja rendered (248 chars): " answer. No explanation, reasoning, tags or punctuation.<|im_end|>\n<|im_start|>user\nRequest nonce: 266917e9550f4b41a7eb716c7add757c\nWhat is 17 * 23?<|im_end|>\n<|im_start|>assistant\n<think>\n\n</think>\n\n"
[2m2026-09-06T01:47:26.071103Z[0m [32m INFO[0m [2mspark::api::chat[0m[2m:[0m Session 0x2a7e6bdd2643fa89: 77 prompt tokens, tools=false (0 defined)
[2m2026-09-06T01:47:26.071615Z[0m [32m INFO[0m [2mspark::scheduler::prefill_a_step[0m[2m:[0m Chunked prefill start: 77 prompt tokens, chunk_size=77, max_tokens=32
[2m2026-09-06T01:47:26.219516Z[0m [32m INFO[0m [2mspark_model::model::trait_impl::prefill_b::save_checkpoint[0m[2m:[0m Intermediate SSM checkpoint saved at token 48 (snapshot_id 0, block 3)
[2m2026-09-06T01:47:26.272623Z[0m [32m INFO[0m [2mspark_model::model::trait_impl::prefill_b::finalize_last[0m[2m:[0m Saved SSM snapshot 1 for 77 tokens (5 blocks) [chunk]
[2m2026-09-06T01:47:26.397414Z[0m [32m INFO[0m [2mspark::scheduler::prefill_a_step[0m[2m:[0m Prefill first token: 18
[2m2026-09-06T01:47:26.397434Z[0m [32m INFO[0m [2mspark::scheduler::phase_start_prefills[0m[2m:[0m Prefilled (single chunk): seq_len=77, remaining=31
[2m2026-09-06T01:47:26.397512Z[0m [32m INFO[0m [2mspark_model::model::trait_impl::decode_a[0m[2m:[0m FP8 calibration frozen — re-enabling CUDA graphs
[2m2026-09-06T01:47:26.397518Z[0m [32m INFO[0m [2mspark_model::model::trait_impl::decode_a[0m[2m:[0m CUDA graph capture: starting for 64 layers
[2m2026-09-06T01:47:26.400984Z[0m [32m INFO[0m [2mspark_model::model::trait_impl::decode_a[0m[2m:[0m CUDA graph captured successfully for slot=0 (handle=135599971278688)
[2m2026-09-06T01:47:26.463170Z[0m [32m INFO[0m [2mspark::scheduler::mtp_accept_debug[0m[2m:[0m Done: 4 tokens (stop) 60.9 tok/s, TTFT=325.8ms, serial=1.00 mtp=0.00 p1=0.000 mean_na=0.000 tok_step=1.000 regime_reprobes=0
[2m2026-09-06T01:47:26.463744Z[0m [32m INFO[0m [2mspark_model::model::trait_impl::decode_checkpoint[0m[2m:[0m Saved finish-leaf SSM snapshot 2 for 80 tokens
[2m2026-09-06T01:47:26.719773Z[0m [32m INFO[0m [2mspark::api::chat::prepare[0m[2m:[0m Request: model=Qwen/Qwen3.8-27B-FP8, messages=2, tools=0, tools_active=false, tool_choice=None, stream=false, temp=Some(0.0), max_tokens=32, freq_pen=None, rep_pen=None
[2m2026-09-06T01:47:26.720110Z[0m [32m INFO[0m [2mspark::tokenizer::chat_impl[0m[2m:[0m Jinja rendered (248 chars): " answer. No explanation, reasoning, tags or punctuation.<|im_end|>\n<|im_start|>user\nRequest nonce: 1e549fdc7bef4e5dbd71d4cdb6247939\nWhat is 83 * 31?<|im_end|>\n<|im_start|>assistant\n<think>\n\n</think>\n\n"
[2m2026-09-06T01:47:26.720942Z[0m [32m INFO[0m [2mspark::api::chat[0m[2m:[0m Session 0x6feceaaeacece240: 73 prompt tokens, tools=false (0 defined)
[2m2026-09-06T01:47:26.721391Z[0m [32m INFO[0m [2mspark::scheduler::prefill_a_step[0m[2m:[0m Chunked prefill start: 73 prompt tokens, chunk_size=73, max_tokens=32
[2m2026-09-06T01:47:26.722250Z[0m [32m INFO[0m [2mspark::api::chat::prepare[0m[2m:[0m Request: model=Qwen/Qwen3.8-27B-FP8, messages=2, tools=0, tools_active=false, tool_choice=None, stream=false, temp=Some(0.0), max_tokens=32, freq_pen=None, rep_pen=None
[2m2026-09-06T01:47:26.722590Z[0m [32m INFO[0m [2mspark::tokenizer::chat_impl[0m[2m:[0m Jinja rendered (248 chars): " answer. No explanation, reasoning, tags or punctuation.<|im_end|>\n<|im_start|>user\nRequest nonce: 88fed8f73e5748928397a682e9e24f76\nWhat is 73 * 23?<|im_end|>\n<|im_start|>assistant\n<think>\n\n</think>\n\n"
[2m2026-09-06T01:47:26.723340Z[0m [32m INFO[0m [2mspark::api::chat[0m[2m:[0m Session 0xcfb3c7c7658c6dfc: 78 prompt tokens, tools=false (0 defined)
[2m2026-09-06T01:47:26.723626Z[0m [32m INFO[0m [2mspark_model::model::trait_impl::prefill_b::prefix_lookup[0m[2m:[0m Prefix cache hit: 16 tokens (1 blocks) but no SSM snapshot — recomputing all KV
[2m2026-09-06T01:47:26.725731Z[0m [32m INFO[0m [2mspark::api::chat::prepare[0m[2m:[0m Request: model=Qwen/Qwen3.8-27B-FP8, messages=2, tools=0, tools_active=false, tool_choice=None, stream=false, temp=Some(0.0), max_tokens=32, freq_pen=None, rep_pen=None
[2m2026-09-06T01:47:26.726073Z[0m [32m INFO[0m [2mspark::tokenizer::chat_impl[0m[2m:[0m Jinja rendered (248 chars): " answer. No explanation, reasoning, tags or punctuation.<|im_end|>\n<|im_start|>user\nRequest nonce: 53cca766602c43f28246ddd26a6b2438\nWhat is 79 * 29?<|im_end|>\n<|im_start|>assistant\n<think>\n\n</think>\n\n"
[2m2026-09-06T01:47:26.726724Z[0m [32m INFO[0m [2mspark::api::chat[0m[2m:[0m Session 0xf4e81a248da9ef41: 76 prompt tokens, tools=false (0 defined)
[2m2026-09-06T01:47:26.727183Z[0m [32m INFO[0m [2mspark::api::chat::prepare[0m[2m:[0m Request: model=Qwen/Qwen3.8-27B-FP8, messages=2, tools=0, tools_active=false, tool_choice=None, stream=false, temp=Some(0.0), max_tokens=32, freq_pen=None, rep_pen=None
[2m2026-09-06T01:47:26.727521Z[0m [32m INFO[0m [2mspark::tokenizer::chat_impl[0m[2m:[0m Jinja rendered (248 chars): " answer. No explanation, reasoning, tags or punctuation.<|im_end|>\n<|im_start|>user\nRequest nonce: ff578dd6276745beaee346a9b947ab26\nWhat is 67 * 17?<|im_end|>\n<|im_start|>assistant\n<think>\n\n</think>\n\n"
[2m2026-09-06T01:47:26.728299Z[0m [32m INFO[0m [2mspark::api::chat[0m[2m:[0m Session 0x916aa680e105d670: 74 prompt tokens, tools=false (0 defined)
[2m2026-09-06T01:47:26.738104Z[0m [32m INFO[0m [2mspark::api::chat::prepare[0m[2m:[0m Request: model=Qwen/Qwen3.8-27B-FP8, messages=2, tools=0, tools_active=false, tool_choice=None, stream=false, temp=Some(0.0), max_tokens=32, freq_pen=None, rep_pen=None
[2m2026-09-06T01:47:26.738465Z[0m [32m INFO[0m [2mspark::tokenizer::chat_impl[0m[2m:[0m Jinja rendered (248 chars): " answer. No explanation, reasoning, tags or punctuation.<|im_end|>\n<|im_start|>user\nRequest nonce: f921198bc6a6410a8e8f4f69b904ac2b\nWhat is 61 * 13?<|im_end|>\n<|im_start|>assistant\n<think>\n\n</think>\n\n"
[2m2026-09-06T01:47:26.739244Z[0m [32m INFO[0m [2mspark::api::chat[0m[2m:[0m Session 0x535631407ae37794: 77 prompt tokens, tools=false (0 defined)
[2m2026-09-06T01:47:26.739813Z[0m [32m INFO[0m [2mspark::api::chat::prepare[0m[2m:[0m Request: model=Qwen/Qwen3.8-27B-FP8, messages=2, tools=0, tools_active=false, tool_choice=None, stream=false, temp=Some(0.0), max_tokens=32, freq_pen=None, rep_pen=None
[2m2026-09-06T01:47:26.740167Z[0m [32m INFO[0m [2mspark::tokenizer::chat_impl[0m[2m:[0m Jinja rendered (248 chars): " answer. No explanation, reasoning, tags or punctuation.<|im_end|>\n<|im_start|>user\nRequest nonce: be8cd378e21c432982aedca8f357dea7\nWhat is 71 * 19?<|im_end|>\n<|im_start|>assistant\n<think>\n\n</think>\n\n"
[2m2026-09-06T01:47:26.740671Z[0m [32m INFO[0m [2mspark::api::chat::prepare[0m[2m:[0m Request: model=Qwen/Qwen3.8-27B-FP8, messages=2, tools=0, tools_active=false, tool_choice=None, stream=false, temp=Some(0.0), max_tokens=32, freq_pen=None, rep_pen=None
[2m2026-09-06T01:47:26.740803Z[0m [32m INFO[0m [2mspark::api::chat[0m[2m:[0m Session 0x996955c4258e1042: 72 prompt tokens, tools=false (0 defined)
[2m2026-09-06T01:47:26.741037Z[0m [32m INFO[0m [2mspark::tokenizer::chat_impl[0m[2m:[0m Jinja rendered (248 chars): " answer. No explanation, reasoning, tags or punctuation.<|im_end|>\n<|im_start|>user\nRequest nonce: 504e1f8143c24712ba272cefef20b28b\nWhat is 59 * 11?<|im_end|>\n<|im_start|>assistant\n<think>\n\n</think>\n\n"
[2m2026-09-06T01:47:26.741168Z[0m [32m INFO[0m [2mspark::api::chat::prepare[0m[2m:[0m Request: model=Qwen/Qwen3.8-27B-FP8, messages=2, tools=0, tools_active=false, tool_choice=None, stream=false, temp=Some(0.0), max_tokens=32, freq_pen=None, rep_pen=None
[2m2026-09-06T01:47:26.741525Z[0m [32m INFO[0m [2mspark::tokenizer::chat_impl[0m[2m:[0m Jinja rendered (248 chars): " answer. No explanation, reasoning, tags or punctuation.<|im_end|>\n<|im_start|>user\nRequest nonce: 6cecda9f4c4940b0bdc2b29e68148f15\nWhat is 43 * 19?<|im_end|>\n<|im_start|>assistant\n<think>\n\n</think>\n\n"
[2m2026-09-06T01:47:26.742287Z[0m [32m INFO[0m [2mspark::api::chat[0m[2m:[0m Session 0xadc554cd14ed7b32: 76 prompt tokens, tools=false (0 defined)
[2m2026-09-06T01:47:26.742324Z[0m [32m INFO[0m [2mspark::api::chat[0m[2m:[0m Session 0x7b8f39c8c6d697d9: 76 prompt tokens, tools=false (0 defined)
[2m2026-09-06T01:47:26.746424Z[0m [32m INFO[0m [2mspark::api::chat::prepare[0m[2m:[0m Request: model=Qwen/Qwen3.8-27B-FP8, messages=2, tools=0, tools_active=false, tool_choice=None, stream=false, temp=Some(0.0), max_tokens=32, freq_pen=None, rep_pen=None
[2m2026-09-06T01:47:26.746759Z[0m [32m INFO[0m [2mspark::tokenizer::chat_impl[0m[2m:[0m Jinja rendered (248 chars): " answer. No explanation, reasoning, tags or punctuation.<|im_end|>\n<|im_start|>user\nRequest nonce: 3d172ea8fbf14a2f962b9e9136150f93\nWhat is 41 * 11?<|im_end|>\n<|im_start|>assistant\n<think>\n\n</think>\n\n"
[2m2026-09-06T01:47:26.747558Z[0m [32m INFO[0m [2mspark::api::chat[0m[2m:[0m Session 0x5283244dc5759fd7: 78 prompt tokens, tools=false (0 defined)
[2m2026-09-06T01:47:26.748682Z[0m [32m INFO[0m [2mspark::api::chat::prepare[0m[2m:[0m Request: model=Qwen/Qwen3.8-27B-FP8, messages=2, tools=0, tools_active=false, tool_choice=None, stream=false, temp=Some(0.0), max_tokens=32, freq_pen=None, rep_pen=None
[2m2026-09-06T01:47:26.749020Z[0m [32m INFO[0m [2mspark::tokenizer::chat_impl[0m[2m:[0m Jinja rendered (248 chars): " answer. No explanation, reasoning, tags or punctuation.<|im_end|>\n<|im_start|>user\nRequest nonce: ff76400810154d888fd36e8e5dd4e2d0\nWhat is 47 * 23?<|im_end|>\n<|im_start|>assistant\n<think>\n\n</think>\n\n"
[2m2026-09-06T01:47:26.749507Z[0m [32m INFO[0m [2mspark::api::chat::prepare[0m[2m:[0m Request: model=Qwen/Qwen3.8-27B-FP8, messages=2, tools=0, tools_active=false, tool_choice=None, stream=false, temp=Some(0.0), max_tokens=32, freq_pen=None, rep_pen=None
[2m2026-09-06T01:47:26.749621Z[0m [32m INFO[0m [2mspark::api::chat[0m[2m:[0m Session 0x93050efee59bed1d: 76 prompt tokens, tools=false (0 defined)
[2m2026-09-06T01:47:26.749827Z[0m [32m INFO[0m [2mspark::tokenizer::chat_impl[0m[2m:[0m Jinja rendered (248 chars): " answer. No explanation, reasoning, tags or punctuation.<|im_end|>\n<|im_start|>user\nRequest nonce: 8b146dcf4a40461fa08ecb010fd94836\nWhat is 17 * 23?<|im_end|>\n<|im_start|>assistant\n<think>\n\n</think>\n\n"
[2m2026-09-06T01:47:26.750340Z[0m [32m INFO[0m [2mspark_model::model::trait_impl::prefill_b::save_checkpoint[0m[2m:[0m Intermediate SSM checkpoint saved at token 48 (snapshot_id 3, block 3)
[2m2026-09-06T01:47:26.750728Z[0m [32m INFO[0m [2mspark::api::chat[0m[2m:[0m Session 0xd32e7d5ec82f0c14: 76 prompt tokens, tools=false (0 defined)
[2m2026-09-06T01:47:26.750834Z[0m [32m INFO[0m [2mspark::api::chat::prepare[0m[2m:[0m Request: model=Qwen/Qwen3.8-27B-FP8, messages=2, tools=0, tools_active=false, tool_choice=None, stream=false, temp=Some(0.0), max_tokens=32, freq_pen=None, rep_pen=None
[2m2026-09-06T01:47:26.751026Z[0m [32m INFO[0m [2mspark::api::chat::prepare[0m[2m:[0m Request: model=Qwen/Qwen3.8-27B-FP8, messages=2, tools=0, tools_active=false, tool_choice=None, stream=false, temp=Some(0.0), max_tokens=32, freq_pen=None, rep_pen=None
[2m2026-09-06T01:47:26.751187Z[0m [32m INFO[0m [2mspark::tokenizer::chat_impl[0m[2m:[0m Jinja rendered (247 chars): "r answer. No explanation, reasoning, tags or punctuation.<|im_end|>\n<|im_start|>user\nRequest nonce: 07301a76eab7456d8f2d3b4fcebe89c0\nWhat is 53 * 7?<|im_end|>\n<|im_start|>assistant\n<think>\n\n</think>\n\n"
[2m2026-09-06T01:47:26.751430Z[0m [32m INFO[0m [2mspark::tokenizer::chat_impl[0m[2m:[0m Jinja rendered (248 chars): " answer. No explanation, reasoning, tags or punctuation.<|im_end|>\n<|im_start|>user\nRequest nonce: 6ba419de4d2746238f578520f5cd2fea\nWhat is 37 * 17?<|im_end|>\n<|im_start|>assistant\n<think>\n\n</think>\n\n"
[2m2026-09-06T01:47:26.751841Z[0m [32m INFO[0m [2mspark::api::chat[0m[2m:[0m Session 0xc0948be8e6a47f4c: 75 prompt tokens, tools=false (0 defined)
[2m2026-09-06T01:47:26.752317Z[0m [32m INFO[0m [2mspark::api::chat[0m[2m:[0m Session 0xfd66233ab06bec27: 75 prompt tokens, tools=false (0 defined)
[2m2026-09-06T01:47:26.752444Z[0m [32m INFO[0m [2mspark::api::chat::prepare[0m[2m:[0m Request: model=Qwen/Qwen3.8-27B-FP8, messages=2, tools=0, tools_active=false, tool_choice=None, stream=false, temp=Some(0.0), max_tokens=32, freq_pen=None, rep_pen=None
[2m2026-09-06T01:47:26.752626Z[0m [32m INFO[0m [2mspark::api::chat::prepare[0m[2m:[0m Request: model=Qwen/Qwen3.8-27B-FP8, messages=2, tools=0, tools_active=false, tool_choice=None, stream=false, temp=Some(0.0), max_tokens=32, freq_pen=None, rep_pen=None
[2m2026-09-06T01:47:26.752760Z[0m [32m INFO[0m [2mspark::tokenizer::chat_impl[0m[2m:[0m Jinja rendered (248 chars): " answer. No explanation, reasoning, tags or punctuation.<|im_end|>\n<|im_start|>user\nRequest nonce: 7421a4b3ba974d25a5ac25656bfd5acd\nWhat is 29 * 13?<|im_end|>\n<|im_start|>assistant\n<think>\n\n</think>\n\n"
[2m2026-09-06T01:47:26.752779Z[0m [32m INFO[0m [2mspark::api::chat::prepare[0m[2m:[0m Request: model=Qwen/Qwen3.8-27B-FP8, messages=2, tools=0, tools_active=false, tool_choice=None, stream=false, temp=Some(0.0), max_tokens=32, freq_pen=None, rep_pen=None
[2m2026-09-06T01:47:26.752978Z[0m [32m INFO[0m [2mspark::tokenizer::chat_impl[0m[2m:[0m Jinja rendered (247 chars): "r answer. No explanation, reasoning, tags or punctuation.<|im_end|>\n<|im_start|>user\nRequest nonce: fd4f38d598bd4c1bbf257d21152744a5\nWhat is 31 * 7?<|im_end|>\n<|im_start|>assistant\n<think>\n\n</think>\n\n"
[2m2026-09-06T01:47:26.753177Z[0m [32m INFO[0m [2mspark::tokenizer::chat_impl[0m[2m:[0m Jinja rendered (248 chars): " answer. No explanation, reasoning, tags or punctuation.<|im_end|>\n<|im_start|>user\nRequest nonce: 36ac11bae1724d0aa82f63b5de65046b\nWhat is 23 * 19?<|im_end|>\n<|im_start|>assistant\n<think>\n\n</think>\n\n"
[2m2026-09-06T01:47:26.753540Z[0m [32m INFO[0m [2mspark::api::chat[0m[2m:[0m Session 0x6fd3a015462e9db0: 74 prompt tokens, tools=false (0 defined)
[2m2026-09-06T01:47:26.753997Z[0m [32m INFO[0m [2mspark::api::chat[0m[2m:[0m Session 0x9e33109ac00c274f: 75 prompt tokens, tools=false (0 defined)
[2m2026-09-06T01:47:26.754019Z[0m [32m INFO[0m [2mspark::api::chat[0m[2m:[0m Session 0xdeeafb29539fdd97: 76 prompt tokens, tools=false (0 defined)
[2m2026-09-06T01:47:26.923425Z[0m [32m INFO[0m [2mspark_model::model::trait_impl::prefill_b::finalize_last[0m[2m:[0m Saved SSM snapshot 4 for 73 tokens (5 blocks) [chunk]
[2m2026-09-06T01:47:27.049024Z[0m [32m INFO[0m [2mspark::scheduler::prefill_a_step[0m[2m:[0m Prefill first token: 17
[2m2026-09-06T01:47:27.049041Z[0m [32m INFO[0m [2mspark::scheduler::phase_start_prefills[0m[2m:[0m Prefilled (single chunk): seq_len=73, remaining=31
[2m2026-09-06T01:47:27.069704Z[0m [32m INFO[0m [2mspark::scheduler::prefill_a_step[0m[2m:[0m Chunked prefill start: 72 prompt tokens, chunk_size=72, max_tokens=32
[2m2026-09-06T01:47:27.071206Z[0m [32m INFO[0m [2mspark_model::model::trait_impl::prefill_b::prefix_lookup[0m[2m:[0m Prefix cache hit: 16 tokens (1 blocks) but no SSM snapshot — recomputing all KV
[2m2026-09-06T01:47:27.096724Z[0m [32m INFO[0m [2mspark_model::model::trait_impl::prefill_b::save_checkpoint[0m[2m:[0m Intermediate SSM checkpoint saved at token 48 (snapshot_id 5, block 3)
[2m2026-09-06T01:47:27.270045Z[0m [32m INFO[0m [2mspark_model::model::trait_impl::prefill_b::finalize_last[0m[2m:[0m Saved SSM snapshot 6 for 72 tokens (5 blocks) [chunk]
[2m2026-09-06T01:47:27.394783Z[0m [32m INFO[0m [2mspark::scheduler::prefill_a_step[0m[2m:[0m Prefill first token: 16
[2m2026-09-06T01:47:27.394799Z[0m [32m INFO[0m [2mspark::scheduler::phase_start_prefills[0m[2m:[0m Prefilled (single chunk): seq_len=72, remaining=31
[2m2026-09-06T01:47:27.394805Z[0m [32m INFO[0m [2mspark::scheduler::prefill_a_step[0m[2m:[0m Chunked prefill start: 74 prompt tokens, chunk_size=74, max_tokens=32
[2m2026-09-06T01:47:27.396287Z[0m [32m INFO[0m [2mspark_model::model::trait_impl::prefill_b::prefix_lookup[0m[2m:[0m Prefix cache hit: 16 tokens (1 blocks) but no SSM snapshot — recomputing all KV
[2m2026-09-06T01:47:27.421808Z[0m [32m INFO[0m [2mspark_model::model::trait_impl::prefill_b::save_checkpoint[0m[2m:[0m Intermediate SSM checkpoint saved at token 48 (snapshot_id 7, block 3)
[2m2026-09-06T01:47:27.590881Z[0m [32m INFO[0m [2mspark_model::model::trait_impl::prefill_b::finalize_last[0m[2m:[0m Saved SSM snapshot 8 for 74 tokens (5 blocks) [chunk]
[2m2026-09-06T01:47:27.716588Z[0m [32m INFO[0m [2mspark::scheduler::prefill_a_step[0m[2m:[0m Prefill first token: 16
[2m2026-09-06T01:47:27.716601Z[0m [32m INFO[0m [2mspark::scheduler::phase_start_prefills[0m[2m:[0m Prefilled (single chunk): seq_len=74, remaining=31
[2m2026-09-06T01:47:27.716608Z[0m [32m INFO[0m [2mspark::scheduler::prefill_a_step[0m[2m:[0m Chunked prefill start: 74 prompt tokens, chunk_size=74, max_tokens=32
[2m2026-09-06T01:47:27.718102Z[0m [32m INFO[0m [2mspark_model::model::trait_impl::prefill_b::prefix_lookup[0m[2m:[0m Prefix cache hit: 16 tokens (1 blocks) but no SSM snapshot — recomputing all KV
[2m2026-09-06T01:47:27.743613Z[0m [32m INFO[0m [2mspark_model::model::trait_impl::prefill_b::save_checkpoint[0m[2m:[0m Intermediate SSM checkpoint saved at token 48 (snapshot_id 9, block 3)
[2m2026-09-06T01:47:27.912683Z[0m [32m INFO[0m [2mspark_model::model::trait_impl::prefill_b::finalize_last[0m[2m:[0m Saved SSM snapshot 10 for 74 tokens (5 blocks) [chunk]
[2m2026-09-06T01:47:28.038377Z[0m [32m INFO[0m [2mspark::scheduler::prefill_a_step[0m[2m:[0m Prefill first token: 18
[2m2026-09-06T01:47:28.038391Z[0m [32m INFO[0m [2mspark::scheduler::phase_start_prefills[0m[2m:[0m Prefilled (single chunk): seq_len=74, remaining=31
[2m2026-09-06T01:47:28.038486Z[0m [32m INFO[0m [2mspark_model::layers::qwen3_ssm::trait_decode_multi_seq::ssm_batched[0m[2m:[0m SSM batched projections ACTIVE — QKVZ/out_proj read once per step
[2m2026-09-06T01:47:28.076541Z[0m [32m INFO[0m [2mspark_model::model::trait_impl::decode_a2[0m[2m:[0m ATLAS_MS_PROFILE n=4 padded_n=4: total=37902us  ssm=26058us(48L)  attn=10891us(16L)  head=953us  [per-tok 9.48ms]
[2m2026-09-06T01:47:28.125903Z[0m [32m INFO[0m [2mspark_model::model::trait_impl::decode_a2[0m[2m:[0m ATLAS_MS_PROFILE n=4 padded_n=4: total=38318us  ssm=26261us(48L)  attn=11092us(16L)  head=965us  [per-tok 9.58ms]
[2m2026-09-06T01:47:28.172121Z[0m [32m INFO[0m [2mspark_model::model::trait_impl::decode_a2[0m[2m:[0m ATLAS_MS_PROFILE n=4 padded_n=4: total=39416us  ssm=27089us(48L)  attn=11363us(16L)  head=964us  [per-tok 9.85ms]
[2m2026-09-06T01:47:28.177881Z[0m [32m INFO[0m [2mspark::scheduler::mtp_accept_debug[0m[2m:[0m Done: 5 tokens (stop) 4.4 tok/s, TTFT=327.7ms, serial=1.00 mtp=0.00 p1=0.000 mean_na=0.000 tok_step=1.000 regime_reprobes=0
[2m2026-09-06T01:47:28.178636Z[0m [32m INFO[0m [2mspark_model::model::trait_impl::decode_checkpoint[0m[2m:[0m Saved finish-leaf SSM snapshot 11 for 77 tokens
[2m2026-09-06T01:47:28.179217Z[0m [32m INFO[0m [2mspark::scheduler::mtp_accept_debug[0m[2m:[0m Done: 4 tokens (stop) 28.4 tok/s, TTFT=321.8ms, serial=1.00 mtp=0.00 p1=0.000 mean_na=0.000 tok_step=1.000 regime_reprobes=0
[2m2026-09-06T01:47:28.179904Z[0m [32m INFO[0m [2mspark_model::model::trait_impl::decode_checkpoint[0m[2m:[0m Saved finish-leaf SSM snapshot 12 for 77 tokens
[2m2026-09-06T01:47:28.181090Z[0m [32m INFO[0m [2mspark::scheduler::prefill_a_step[0m[2m:[0m Chunked prefill start: 75 prompt tokens, chunk_size=75, max_tokens=32
[2m2026-09-06T01:47:28.182878Z[0m [32m INFO[0m [2mspark_model::model::trait_impl::prefill_b::prefix_lookup[0m[2m:[0m Prefix cache hit: 16 tokens (1 blocks) but no SSM snapshot — recomputing all KV
[2m2026-09-06T01:47:28.209505Z[0m [32m INFO[0m [2mspark_model::model::trait_impl::prefill_b::save_checkpoint[0m[2m:[0m Intermediate SSM checkpoint saved at token 48 (snapshot_id 13, block 3)
[2m2026-09-06T01:47:28.383432Z[0m [32m INFO[0m [2mspark_model::model::trait_impl::prefill_b::finalize_last[0m[2m:[0m Saved SSM snapshot 14 for 75 tokens (5 blocks) [chunk]
[2m2026-09-06T01:47:28.508972Z[0m [32m INFO[0m [2mspark::scheduler::prefill_a_step[0m[2m:[0m Prefill first token: 18
[2m2026-09-06T01:47:28.508999Z[0m [32m INFO[0m [2mspark::scheduler::phase_start_prefills[0m[2m:[0m Prefilled (single chunk): seq_len=75, remaining=31
[2m2026-09-06T01:47:28.509005Z[0m [32m INFO[0m [2mspark::scheduler::prefill_a_step[0m[2m:[0m Chunked prefill start: 75 prompt tokens, chunk_size=75, max_tokens=32
[2m2026-09-06T01:47:28.510481Z[0m [32m INFO[0m [2mspark_model::model::trait_impl::prefill_b::prefix_lookup[0m[2m:[0m Prefix cache hit: 16 tokens (1 blocks) but no SSM snapshot — recomputing all KV
[2m2026-09-06T01:47:28.535995Z[0m [32m INFO[0m [2mspark_model::model::trait_impl::prefill_b::save_checkpoint[0m[2m:[0m Intermediate SSM checkpoint saved at token 48 (snapshot_id 15, block 3)
[2m2026-09-06T01:47:28.704930Z[0m [32m INFO[0m [2mspark_model::model::trait_impl::prefill_b::finalize_last[0m[2m:[0m Saved SSM snapshot 0 for 75 tokens (5 blocks) [chunk]
[2m2026-09-06T01:47:28.830253Z[0m [32m INFO[0m [2mspark::scheduler::prefill_a_step[0m[2m:[0m Prefill first token: 21
[2m2026-09-06T01:47:28.830267Z[0m [32m INFO[0m [2mspark::scheduler::phase_start_prefills[0m[2m:[0m Prefilled (single chunk): seq_len=75, remaining=31
[2m2026-09-06T01:47:28.868530Z[0m [32m INFO[0m [2mspark_model::model::trait_impl::decode_a2[0m[2m:[0m ATLAS_MS_PROFILE n=4 padded_n=4: total=38022us  ssm=26068us(48L)  attn=11007us(16L)  head=947us  [per-tok 9.51ms]
[2m2026-09-06T01:47:28.872977Z[0m [32m INFO[0m [2mspark::scheduler::mtp_accept_debug[0m[2m:[0m Done: 5 tokens (stop) 4.3 tok/s, TTFT=321.8ms, serial=1.00 mtp=0.00 p1=0.000 mean_na=0.000 tok_step=1.000 regime_reprobes=0
[2m2026-09-06T01:47:28.873574Z[0m [32m INFO[0m [2mspark_model::model::trait_impl::decode_checkpoint[0m[2m:[0m Saved finish-leaf SSM snapshot 1 for 78 tokens
[2m2026-09-06T01:47:28.873996Z[0m [32m INFO[0m [2mspark::scheduler::mtp_accept_debug[0m[2m:[0m Done: 5 tokens (stop) 3.4 tok/s, TTFT=325.1ms, serial=1.00 mtp=0.00 p1=0.000 mean_na=0.000 tok_step=1.000 regime_reprobes=0
[2m2026-09-06T01:47:28.874453Z[0m [32m INFO[0m [2mspark_model::model::trait_impl::decode_checkpoint[0m[2m:[0m Saved finish-leaf SSM snapshot 2 for 76 tokens
[2m2026-09-06T01:47:28.875728Z[0m [32m INFO[0m [2mspark::scheduler::prefill_a_step[0m[2m:[0m Chunked prefill start: 75 prompt tokens, chunk_size=75, max_tokens=32
[2m2026-09-06T01:47:28.877209Z[0m [32m INFO[0m [2mspark_model::model::trait_impl::prefill_b::prefix_lookup[0m[2m:[0m Prefix cache hit: 16 tokens (1 blocks) but no SSM snapshot — recomputing all KV
[2m2026-09-06T01:47:28.902706Z[0m [32m INFO[0m [2mspark_model::model::trait_impl::prefill_b::save_checkpoint[0m[2m:[0m Intermediate SSM checkpoint saved at token 48 (snapshot_id 3, block 3)
[2m2026-09-06T01:47:29.074006Z[0m [32m INFO[0m [2mspark_model::model::trait_impl::prefill_b::finalize_last[0m[2m:[0m Saved SSM snapshot 4 for 75 tokens (5 blocks) [chunk]
[2m2026-09-06T01:47:29.201708Z[0m [32m INFO[0m [2mspark::scheduler::prefill_a_step[0m[2m:[0m Prefill first token: 17
[2m2026-09-06T01:47:29.201726Z[0m [32m INFO[0m [2mspark::scheduler::phase_start_prefills[0m[2m:[0m Prefilled (single chunk): seq_len=75, remaining=31
[2m2026-09-06T01:47:29.201731Z[0m [32m INFO[0m [2mspark::scheduler::prefill_a_step[0m[2m:[0m Chunked prefill start: 76 prompt tokens, chunk_size=76, max_tokens=32
[2m2026-09-06T01:47:29.203212Z[0m [32m INFO[0m [2mspark_model::model::trait_impl::prefill_b::prefix_lookup[0m[2m:[0m Prefix cache hit: 16 tokens (1 blocks) but no SSM snapshot — recomputing all KV
[2m2026-09-06T01:47:29.228808Z[0m [32m INFO[0m [2mspark_model::model::trait_impl::prefill_b::save_checkpoint[0m[2m:[0m Intermediate SSM checkpoint saved at token 48 (snapshot_id 11, block 3)
[2m2026-09-06T01:47:29.397781Z[0m [32m INFO[0m [2mspark_model::model::trait_impl::prefill_b::finalize_last[0m[2m:[0m Saved SSM snapshot 9 for 76 tokens (5 blocks) [chunk]
[2m2026-09-06T01:47:29.523212Z[0m [32m INFO[0m [2mspark::scheduler::prefill_a_step[0m[2m:[0m Prefill first token: 17
[2m2026-09-06T01:47:29.523239Z[0m [32m INFO[0m [2mspark::scheduler::phase_start_prefills[0m[2m:[0m Prefilled (single chunk): seq_len=76, remaining=31
[2m2026-09-06T01:47:29.561402Z[0m [32m INFO[0m [2mspark_model::model::trait_impl::decode_a2[0m[2m:[0m ATLAS_MS_PROFILE n=4 padded_n=4: total=37899us  ssm=26043us(48L)  attn=10911us(16L)  head=945us  [per-tok 9.47ms]
[2m2026-09-06T01:47:29.604202Z[0m [32m INFO[0m [2mspark_model::model::trait_impl::decode_a2[0m[2m:[0m ATLAS_MS_PROFILE n=4 padded_n=4: total=38034us  ssm=26069us(48L)  attn=11017us(16L)  head=948us  [per-tok 9.51ms]
[2m2026-09-06T01:47:29.608546Z[0m [32m INFO[0m [2mspark::scheduler::mtp_accept_debug[0m[2m:[0m Done: 4 tokens (stop) 5.1 tok/s, TTFT=321.3ms, serial=1.00 mtp=0.00 p1=0.000 mean_na=0.000 tok_step=1.000 regime_reprobes=0
[2m2026-09-06T01:47:29.609165Z[0m [32m INFO[0m [2mspark_model::model::trait_impl::decode_checkpoint[0m[2m:[0m Saved finish-leaf SSM snapshot 10 for 78 tokens
[2m2026-09-06T01:47:29.609610Z[0m [32m INFO[0m [2mspark::scheduler::mtp_accept_debug[0m[2m:[0m Done: 4 tokens (stop) 3.6 tok/s, TTFT=327.9ms, serial=1.00 mtp=0.00 p1=0.000 mean_na=0.000 tok_step=1.000 regime_reprobes=0
[2m2026-09-06T01:47:29.610070Z[0m [32m INFO[0m [2mspark_model::model::trait_impl::decode_checkpoint[0m[2m:[0m Saved finish-leaf SSM snapshot 12 for 78 tokens
[2m2026-09-06T01:47:29.611390Z[0m [32m INFO[0m [2mspark::scheduler::prefill_a_step[0m[2m:[0m Chunked prefill start: 76 prompt tokens, chunk_size=76, max_tokens=32
[2m2026-09-06T01:47:29.612894Z[0m [32m INFO[0m [2mspark_model::model::trait_impl::prefill_b::prefix_lookup[0m[2m:[0m Prefix cache hit: 16 tokens (1 blocks) but no SSM snapshot — recomputing all KV
[2m2026-09-06T01:47:29.638471Z[0m [32m INFO[0m [2mspark_model::model::trait_impl::prefill_b::save_checkpoint[0m[2m:[0m Intermediate SSM checkpoint saved at token 48 (snapshot_id 7, block 3)
[2m2026-09-06T01:47:29.811520Z[0m [32m INFO[0m [2mspark_model::model::trait_impl::prefill_b::finalize_last[0m[2m:[0m Saved SSM snapshot 8 for 76 tokens (5 blocks) [chunk]
[2m2026-09-06T01:47:29.937018Z[0m [32m INFO[0m [2mspark::scheduler::prefill_a_step[0m[2m:[0m Prefill first token: 21
[2m2026-09-06T01:47:29.937035Z[0m [32m INFO[0m [2mspark::scheduler::phase_start_prefills[0m[2m:[0m Prefilled (single chunk): seq_len=76, remaining=31
[2m2026-09-06T01:47:29.937039Z[0m [32m INFO[0m [2mspark::scheduler::prefill_a_step[0m[2m:[0m Chunked prefill start: 76 prompt tokens, chunk_size=76, max_tokens=32
[2m2026-09-06T01:47:29.938517Z[0m [32m INFO[0m [2mspark_model::model::trait_impl::prefill_b::prefix_lookup[0m[2m:[0m Prefix cache hit: 16 tokens (1 blocks) but no SSM snapshot — recomputing all KV
[2m2026-09-06T01:47:29.964039Z[0m [32m INFO[0m [2mspark_model::model::trait_impl::prefill_b::save_checkpoint[0m[2m:[0m Intermediate SSM checkpoint saved at token 48 (snapshot_id 1, block 3)
[2m2026-09-06T01:47:30.133121Z[0m [32m INFO[0m [2mspark_model::model::trait_impl::prefill_b::finalize_last[0m[2m:[0m Saved SSM snapshot 5 for 76 tokens (5 blocks) [chunk]
[2m2026-09-06T01:47:30.258593Z[0m [32m INFO[0m [2mspark::scheduler::prefill_a_step[0m[2m:[0m Prefill first token: 23
[2m2026-09-06T01:47:30.258607Z[0m [32m INFO[0m [2mspark::scheduler::phase_start_prefills[0m[2m:[0m Prefilled (single chunk): seq_len=76, remaining=31
[2m2026-09-06T01:47:30.297250Z[0m [32m INFO[0m [2mspark_model::model::trait_impl::decode_a2[0m[2m:[0m ATLAS_MS_PROFILE n=4 padded_n=4: total=38319us  ssm=26418us(48L)  attn=10943us(16L)  head=958us  [per-tok 9.58ms]
[2m2026-09-06T01:47:30.302602Z[0m [32m INFO[0m [2mspark::scheduler::mtp_accept_debug[0m[2m:[0m Done: 4 tokens (stop) 3.6 tok/s, TTFT=326.0ms, serial=1.00 mtp=0.00 p1=0.000 mean_na=0.000 tok_step=1.000 regime_reprobes=0
[2m2026-09-06T01:47:30.303950Z[0m [32m INFO[0m [2mspark_model::model::trait_impl::decode_checkpoint[0m[2m:[0m Saved finish-leaf SSM snapshot 6 for 78 tokens
[2m2026-09-06T01:47:30.305666Z[0m [32m INFO[0m [2mspark::scheduler::prefill_a_step[0m[2m:[0m Chunked prefill start: 76 prompt tokens, chunk_size=76, max_tokens=32
[2m2026-09-06T01:47:30.308174Z[0m [32m INFO[0m [2mspark_model::model::trait_impl::prefill_b::prefix_lookup[0m[2m:[0m Prefix cache hit: 16 tokens (1 blocks) but no SSM snapshot — recomputing all KV
[2m2026-09-06T01:47:30.333913Z[0m [32m INFO[0m [2mspark_model::model::trait_impl::prefill_b::save_checkpoint[0m[2m:[0m Intermediate SSM checkpoint saved at token 48 (snapshot_id 2, block 3)
[2m2026-09-06T01:47:30.506079Z[0m [32m INFO[0m [2mspark_model::model::trait_impl::prefill_b::finalize_last[0m[2m:[0m Saved SSM snapshot 11 for 76 tokens (5 blocks) [chunk]
[2m2026-09-06T01:47:30.632714Z[0m [32m INFO[0m [2mspark::scheduler::prefill_a_step[0m[2m:[0m Prefill first token: 16
[2m2026-09-06T01:47:30.632770Z[0m [32m INFO[0m [2mspark::scheduler::phase_start_prefills[0m[2m:[0m Prefilled (single chunk): seq_len=76, remaining=31
[2m2026-09-06T01:47:30.671278Z[0m [32m INFO[0m [2mspark_model::model::trait_impl::decode_a2[0m[2m:[0m ATLAS_MS_PROFILE n=4 padded_n=4: total=38222us  ssm=26226us(48L)  attn=11047us(16L)  head=949us  [per-tok 9.56ms]
[2m2026-09-06T01:47:30.676220Z[0m [32m INFO[0m [2mspark::scheduler::mtp_accept_debug[0m[2m:[0m Done: 5 tokens (stop) 4.3 tok/s, TTFT=321.5ms, serial=1.00 mtp=0.00 p1=0.000 mean_na=0.000 tok_step=1.000 regime_reprobes=0
[2m2026-09-06T01:47:30.676847Z[0m [32m INFO[0m [2mspark_model::model::trait_impl::decode_checkpoint[0m[2m:[0m Saved finish-leaf SSM snapshot 9 for 80 tokens
[2m2026-09-06T01:47:30.677795Z[0m [32m INFO[0m [2mspark::scheduler::prefill_a_step[0m[2m:[0m Chunked prefill start: 76 prompt tokens, chunk_size=76, max_tokens=32
[2m2026-09-06T01:47:30.679349Z[0m [32m INFO[0m [2mspark_model::model::trait_impl::prefill_b::prefix_lookup[0m[2m:[0m Prefix cache hit: 16 tokens (1 blocks) but no SSM snapshot — recomputing all KV
[2m2026-09-06T01:47:30.704867Z[0m [32m INFO[0m [2mspark_model::model::trait_impl::prefill_b::save_checkpoint[0m[2m:[0m Intermediate SSM checkpoint saved at token 48 (snapshot_id 15, block 3)
[2m2026-09-06T01:47:30.876040Z[0m [32m INFO[0m [2mspark_model::model::trait_impl::prefill_b::finalize_last[0m[2m:[0m Saved SSM snapshot 0 for 76 tokens (5 blocks) [chunk]
[2m2026-09-06T01:47:31.003457Z[0m [32m INFO[0m [2mspark::scheduler::prefill_a_step[0m[2m:[0m Prefill first token: 18
[2m2026-09-06T01:47:31.003479Z[0m [32m INFO[0m [2mspark::scheduler::phase_start_prefills[0m[2m:[0m Prefilled (single chunk): seq_len=76, remaining=31
[2m2026-09-06T01:47:31.041792Z[0m [32m INFO[0m [2mspark_model::model::trait_impl::decode_a2[0m[2m:[0m ATLAS_MS_PROFILE n=4 padded_n=4: total=38051us  ssm=26104us(48L)  attn=10999us(16L)  head=948us  [per-tok 9.51ms]
[2m2026-09-06T01:47:31.046639Z[0m [32m INFO[0m [2mspark::scheduler::mtp_accept_debug[0m[2m:[0m Done: 4 tokens (stop) 3.6 tok/s, TTFT=325.6ms, serial=1.00 mtp=0.00 p1=0.000 mean_na=0.000 tok_step=1.000 regime_reprobes=0
[2m2026-09-06T01:47:31.047271Z[0m [32m INFO[0m [2mspark_model::model::trait_impl::decode_checkpoint[0m[2m:[0m Saved finish-leaf SSM snapshot 10 for 79 tokens
[2m2026-09-06T01:47:31.047722Z[0m [32m INFO[0m [2mspark::scheduler::mtp_accept_debug[0m[2m:[0m Done: 4 tokens (stop) 5.1 tok/s, TTFT=321.6ms, serial=1.00 mtp=0.00 p1=0.000 mean_na=0.000 tok_step=1.000 regime_reprobes=0
[2m2026-09-06T01:47:31.048194Z[0m [32m INFO[0m [2mspark_model::model::trait_impl::decode_checkpoint[0m[2m:[0m Saved finish-leaf SSM snapshot 13 for 79 tokens
[2m2026-09-06T01:47:31.049054Z[0m [32m INFO[0m [2mspark::scheduler::prefill_a_step[0m[2m:[0m Chunked prefill start: 76 prompt tokens, chunk_size=76, max_tokens=32
[2m2026-09-06T01:47:31.050570Z[0m [32m INFO[0m [2mspark_model::model::trait_impl::prefill_b::prefix_lookup[0m[2m:[0m Prefix cache hit: 16 tokens (1 blocks) but no SSM snapshot — recomputing all KV
[2m2026-09-06T01:47:31.076101Z[0m [32m INFO[0m [2mspark_model::model::trait_impl::prefill_b::save_checkpoint[0m[2m:[0m Intermediate SSM checkpoint saved at token 48 (snapshot_id 14, block 3)
[2m2026-09-06T01:47:31.248959Z[0m [32m INFO[0m [2mspark_model::model::trait_impl::prefill_b::finalize_last[0m[2m:[0m Saved SSM snapshot 12 for 76 tokens (5 blocks) [chunk]
[2m2026-09-06T01:47:31.374880Z[0m [32m INFO[0m [2mspark::scheduler::prefill_a_step[0m[2m:[0m Prefill first token: 19
[2m2026-09-06T01:47:31.374902Z[0m [32m INFO[0m [2mspark::scheduler::phase_start_prefills[0m[2m:[0m Prefilled (single chunk): seq_len=76, remaining=31
[2m2026-09-06T01:47:31.374907Z[0m [32m INFO[0m [2mspark::scheduler::prefill_a_step[0m[2m:[0m Chunked prefill start: 77 prompt tokens, chunk_size=77, max_tokens=32
[2m2026-09-06T01:47:31.376425Z[0m [32m INFO[0m [2mspark_model::model::trait_impl::prefill_b::prefix_lookup[0m[2m:[0m Prefix cache hit: 16 tokens (1 blocks) but no SSM snapshot — recomputing all KV
[2m2026-09-06T01:47:31.403080Z[0m [32m INFO[0m [2mspark_model::model::trait_impl::prefill_b::save_checkpoint[0m[2m:[0m Intermediate SSM checkpoint saved at token 48 (snapshot_id 3, block 3)
[2m2026-09-06T01:47:31.571769Z[0m [32m INFO[0m [2mspark_model::model::trait_impl::prefill_b::finalize_last[0m[2m:[0m Saved SSM snapshot 4 for 77 tokens (5 blocks) [chunk]
[2m2026-09-06T01:47:31.696474Z[0m [32m INFO[0m [2mspark::scheduler::prefill_a_step[0m[2m:[0m Prefill first token: 22
[2m2026-09-06T01:47:31.696493Z[0m [32m INFO[0m [2mspark::scheduler::phase_start_prefills[0m[2m:[0m Prefilled (single chunk): seq_len=77, remaining=31
[2m2026-09-06T01:47:31.735502Z[0m [32m INFO[0m [2mspark_model::model::trait_impl::decode_a2[0m[2m:[0m ATLAS_MS_PROFILE n=4 padded_n=4: total=38756us  ssm=26541us(48L)  attn=11251us(16L)  head=964us  [per-tok 9.69ms]
[2m2026-09-06T01:47:31.779697Z[0m [32m INFO[0m [2mspark_model::model::trait_impl::decode_a2[0m[2m:[0m ATLAS_MS_PROFILE n=4 padded_n=4: total=39414us  ssm=27084us(48L)  attn=11367us(16L)  head=963us  [per-tok 9.85ms]
[2m2026-09-06T01:47:31.784302Z[0m [32m INFO[0m [2mspark::scheduler::mtp_accept_debug[0m[2m:[0m Done: 4 tokens (stop) 5.1 tok/s, TTFT=325.7ms, serial=1.00 mtp=0.00 p1=0.000 mean_na=0.000 tok_step=1.000 regime_reprobes=0
[2m2026-09-06T01:47:31.784931Z[0m [32m INFO[0m [2mspark_model::model::trait_impl::decode_checkpoint[0m[2m:[0m Saved finish-leaf SSM snapshot 6 for 79 tokens
[2m2026-09-06T01:47:31.785403Z[0m [32m INFO[0m [2mspark::scheduler::mtp_accept_debug[0m[2m:[0m Done: 5 tokens (stop) 4.3 tok/s, TTFT=327.1ms, serial=1.00 mtp=0.00 p1=0.000 mean_na=0.000 tok_step=1.000 regime_reprobes=0
[2m2026-09-06T01:47:31.785889Z[0m [32m INFO[0m [2mspark_model::model::trait_impl::decode_checkpoint[0m[2m:[0m Saved finish-leaf SSM snapshot 2 for 80 tokens
[2m2026-09-06T01:47:31.787302Z[0m [32m INFO[0m [2mspark::scheduler::prefill_a_step[0m[2m:[0m Chunked prefill start: 78 prompt tokens, chunk_size=78, max_tokens=32
[2m2026-09-06T01:47:31.788835Z[0m [32m INFO[0m [2mspark_model::model::trait_impl::prefill_b::prefix_lookup[0m[2m:[0m Prefix cache hit: 16 tokens (1 blocks) but no SSM snapshot — recomputing all KV
[2m2026-09-06T01:47:31.815280Z[0m [32m INFO[0m [2mspark_model::model::trait_impl::prefill_b::save_checkpoint[0m[2m:[0m Intermediate SSM checkpoint saved at token 48 (snapshot_id 9, block 3)
[2m2026-09-06T01:47:31.988304Z[0m [32m INFO[0m [2mspark_model::model::trait_impl::prefill_b::finalize_last[0m[2m:[0m Saved SSM snapshot 7 for 78 tokens (5 blocks) [chunk]
[2m2026-09-06T01:47:32.113524Z[0m [32m INFO[0m [2mspark::scheduler::prefill_a_step[0m[2m:[0m Prefill first token: 16
[2m2026-09-06T01:47:32.113544Z[0m [32m INFO[0m [2mspark::scheduler::phase_start_prefills[0m[2m:[0m Prefilled (single chunk): seq_len=78, remaining=31
[2m2026-09-06T01:47:32.113549Z[0m [32m INFO[0m [2mspark::scheduler::prefill_a_step[0m[2m:[0m Chunked prefill start: 78 prompt tokens, chunk_size=78, max_tokens=32
[2m2026-09-06T01:47:32.115058Z[0m [32m INFO[0m [2mspark_model::model::trait_impl::prefill_b::prefix_lookup[0m[2m:[0m Prefix cache hit: 16 tokens (1 blocks) but no SSM snapshot — recomputing all KV
[2m2026-09-06T01:47:32.140587Z[0m [32m INFO[0m [2mspark_model::model::trait_impl::prefill_b::save_checkpoint[0m[2m:[0m Intermediate SSM checkpoint saved at token 48 (snapshot_id 8, block 3)
[2m2026-09-06T01:47:32.309623Z[0m [32m INFO[0m [2mspark_model::model::trait_impl::prefill_b::finalize_last[0m[2m:[0m Saved SSM snapshot 10 for 78 tokens (5 blocks) [chunk]
[2m2026-09-06T01:47:32.434598Z[0m [32m INFO[0m [2mspark::scheduler::prefill_a_step[0m[2m:[0m Prefill first token: 19
[2m2026-09-06T01:47:32.434614Z[0m [32m INFO[0m [2mspark::scheduler::phase_start_prefills[0m[2m:[0m Prefilled (single chunk): seq_len=78, remaining=31
[2m2026-09-06T01:47:32.472952Z[0m [32m INFO[0m [2mspark_model::model::trait_impl::decode_a2[0m[2m:[0m ATLAS_MS_PROFILE n=4 padded_n=4: total=38089us  ssm=26102us(48L)  attn=11040us(16L)  head=947us  [per-tok 9.52ms]
[2m2026-09-06T01:47:32.477389Z[0m [32m INFO[0m [2mspark::scheduler::mtp_accept_debug[0m[2m:[0m Done: 4 tokens (stop) 3.6 tok/s, TTFT=325.8ms, serial=1.00 mtp=0.00 p1=0.000 mean_na=0.000 tok_step=1.000 regime_reprobes=0
[2m2026-09-06T01:47:32.477995Z[0m [32m INFO[0m [2mspark_model::model::trait_impl::decode_checkpoint[0m[2m:[0m Saved finish-leaf SSM snapshot 1 for 79 tokens
[2m2026-09-06T01:47:32.478453Z[0m [32m INFO[0m [2mspark::scheduler::mtp_accept_debug[0m[2m:[0m Done: 4 tokens (stop) 5.1 tok/s, TTFT=321.6ms, serial=1.00 mtp=0.00 p1=0.000 mean_na=0.000 tok_step=1.000 regime_reprobes=0
[2m2026-09-06T01:47:32.478919Z[0m [32m INFO[0m [2mspark_model::model::trait_impl::decode_checkpoint[0m[2m:[0m Saved finish-leaf SSM snapshot 5 for 80 tokens
[2m2026-09-06T01:47:32.506062Z[0m [32m INFO[0m [2mspark_model::model::trait_impl::decode_a2[0m[2m:[0m ATLAS_MS_PROFILE n=2 padded_n=2: total=25616us  ssm=17976us(48L)  attn=6806us(16L)  head=834us  [per-tok 12.81ms]
[2m2026-09-06T01:47:32.536575Z[0m [32m INFO[0m [2mspark_model::model::trait_impl::decode_a2[0m[2m:[0m ATLAS_MS_PROFILE n=2 padded_n=2: total=26025us  ssm=18255us(48L)  attn=6936us(16L)  head=834us  [per-tok 13.01ms]
[2m2026-09-06T01:47:32.539821Z[0m [32m INFO[0m [2mspark::scheduler::mtp_accept_debug[0m[2m:[0m Done: 4 tokens (stop) 38.0 tok/s, TTFT=321.1ms, serial=1.00 mtp=0.00 p1=0.000 mean_na=0.000 tok_step=1.000 regime_reprobes=0
[2m2026-09-06T01:47:32.540267Z[0m [32m INFO[0m [2mspark_model::model::trait_impl::decode_checkpoint[0m[2m:[0m Saved finish-leaf SSM snapshot 13 for 81 tokens
[2m2026-09-06T01:47:32.562009Z[0m [32m INFO[0m [2mspark::scheduler::mtp_accept_debug[0m[2m:[0m Done: 5 tokens (stop) 11.1 tok/s, TTFT=326.2ms, serial=1.00 mtp=0.00 p1=0.000 mean_na=0.000 tok_step=1.000 regime_reprobes=0
[2m2026-09-06T01:47:32.562454Z[0m [32m INFO[0m [2mspark_model::model::trait_impl::decode_checkpoint[0m[2m:[0m Saved finish-leaf SSM snapshot 15 for 82 tokens
[2m2026-09-06T01:47:33.136684Z[0m [32m INFO[0m [2mspark::tui::shutdown[0m[2m:[0m Shutdown requested (SIGTERM) — draining in-flight requests
[2m2026-09-06T01:47:33.136803Z[0m [32m INFO[0m [2mspark::tui::shutdown[0m[2m:[0m Drain complete — no active requests
[2m2026-09-06T01:47:33.136855Z[0m [32m INFO[0m [2mspark::main_modules::serve_router[0m[2m:[0m Shutdown complete
[2m2026-09-06T01:47:33.247106Z[0m [33m WARN[0m [2mspark_runtime::cuda_backend[0m[2m:[0m sweep: 1980 allocation(s) totalling 28.01 GB had no owner; largest sites: crates/spark-model/src/weight_map/quantized.rs:261 (8960.0 MB x256), crates/spark-model/src/weight_map/loaders_fp8.rs:229 (8960.0 MB x256), crates/spark-model/src/weight_loader/qwen35_dense.rs:135 (3840.0 MB x48), crates/spark-model/src/weight_map/quantized.rs:643 (1600.0 MB x64), crates/spark-model/src/weight_map/quantized.rs:262 (1120.0 MB x256)
[2m2026-09-06T01:47:33.247220Z[0m [33m WARN[0m [2mspark_model::model::types[0m[2m:[0m teardown swept 1980 allocation(s) that no ModelResource released — they are reclaimed, but each one is memory whose owner is unaccounted for
[2m2026-09-06T01:47:33.247257Z[0m [32m INFO[0m [2mspark::scheduler[0m[2m:[0m Scheduler stopped
