[2m2026-09-06T02:10:51.774458Z[0m [32m INFO[0m [2mspark::main_modules::serve[0m[2m:[0m Atlas Spark starting...
[2m2026-09-06T02:10:51.774558Z[0m [32m INFO[0m [2mspark::main_modules::serve[0m[2m:[0m Licensed under AGPL-3.0-only — see /LICENSE in this container
[2m2026-09-06T02:10:51.774703Z[0m [32m INFO[0m [2mspark::main_modules::serve_flags[0m[2m:[0m kernel flags: ssm_h_dtype=f32 gdn_fused_norm=false ssm_batched_recurrent=false exact_verify=false ssm_tail_midchunk=true mtp_gate=auto ssm_rollback_mode=Snapshot prefill_varlen_batch=false
[2m2026-09-06T02:10:51.774782Z[0m [32m INFO[0m [2mspark::model_resolver[0m[2m:[0m Model path: /workspace/atlas-rental/hf38/hub/models--Qwen--Qwen3.8-27B-FP8/snapshots/017b9c7af6b5689d5dd426a76e0bc077eb5ca20a (local directory)
[2m2026-09-06T02:10:51.774800Z[0m [32m INFO[0m [2mspark::main_modules::serve_load[0m[2m:[0m Port: 8888
[2m2026-09-06T02:10:51.774808Z[0m [32m INFO[0m [2mspark::main_modules::serve_load[0m[2m:[0m SSM decode h-state dtype: f32 (full precision) (--ssm-h-dtype)
[2m2026-09-06T02:10:51.776095Z[0m [32m INFO[0m [2mspark::main_modules::serve[0m[2m:[0m Vision area bound 16777216 px from /workspace/atlas-rental/hf38/hub/models--Qwen--Qwen3.8-27B-FP8/snapshots/017b9c7af6b5689d5dd426a76e0bc077eb5ca20a/preprocessor_config.json (was: hard-coded 1280px long side)
[2m2026-09-06T02:10:51.776123Z[0m [32m INFO[0m [2mspark::main_modules::serve_load[0m[2m:[0m Vision area bound: 16777216 px (checkpoint processor config / ATLAS_VISION_MAX_PIXELS)
[2m2026-09-06T02:10:51.776132Z[0m [32m INFO[0m [2mspark::main_modules::serve_load[0m[2m:[0m Remote image fetching disabled (default); image_url parts carrying an http(s) URL are refused with a 400. Send base64 data: URIs, or pass --vision-allow-remote-images.
[2m2026-09-06T02:10:51.776162Z[0m [32m INFO[0m [2mspark::main_modules::serve_load[0m[2m:[0m Video decoding disabled (default). Animated GIF decodes in-process; every other container needs ffmpeg — pass --video-allow-ffmpeg to enable it.
[2m2026-09-06T02:10:51.776171Z[0m [32m INFO[0m [2mspark::main_modules::serve_load[0m[2m:[0m Quantization config: method="fp8", algo="", format="", 0 module(s) in ignore list
[2m2026-09-06T02:10:51.776181Z[0m [32m INFO[0m [2mspark::main_modules::serve_load[0m[2m:[0m Model config: 64 layers, 16 attention, 48 SSM, 0 experts, rope_theta=10000000, head_dim=256, rotary_dim=64
[2m2026-09-06T02:10:51.776228Z[0m [32m INFO[0m [2mspark::main_modules::serve_load[0m[2m:[0m Selected kernel target: (sm_90, qwen3.8-27b, nvfp4) (181 modules) — quant compat: kernel=nvfp4 model=fp8 OK
[2m2026-09-06T02:10:52.158973Z[0m [32m INFO[0m [2mspark_runtime::cuda_backend::arch_preflight[0m[2m:[0m device CC 9.0, kernels built for sm_90a
[2m2026-09-06T02:10:52.386936Z[0m [32m INFO[0m [2mspark_runtime::cuda_backend[0m[2m:[0m AtlasCudaBackend initialized on GPU 0 with 181 PTX modules
[2m2026-09-06T02:10:52.387005Z[0m [32m INFO[0m [2mspark::main_modules::serve_phases::preflight[0m[2m:[0m GPU 0: 79.2 GB total, 78.6 GB free
[2m2026-09-06T02:10:52.387017Z[0m [32m INFO[0m [2mspark::main_modules::serve_phases::preflight[0m[2m:[0m Preflight reserve: inference=8745 MB, buffer_arena=3658 MB (pre-load free: 78.6 GB)
[2m2026-09-06T02:10:52.387026Z[0m [32m INFO[0m [2mspark::main_modules::serve_load[0m[2m:[0m OOM watchdog started (threshold: 2 GB, interval: 2s)
[2m2026-09-06T02:10:52.387029Z[0m [32m INFO[0m [2mspark::main_modules::serve_load[0m[2m:[0m OOM guard reserve: 4096 MB
[2m2026-09-06T02:10:52.387067Z[0m [32m INFO[0m [2mspark::main_modules::serve_phases::weights[0m[2m:[0m Using fast weight loader (O_DIRECT + pipelined read/copy)
[2m2026-09-06T02:10:52.408840Z[0m [32m INFO[0m [2mspark_runtime::fast_weights[0m[2m:[0m Fast-load pre-flight: 28.75 GB on-disk, 1.1x overhead = 30.18 GB peak, 78.56 GB free, 4.0 GB reserve (FP8: true)
[2m2026-09-06T02:10:52.408899Z[0m [32m INFO[0m [2mspark_runtime::fast_weights[0m[2m:[0m Fast-loading shard 1/66: layers-0.safetensors (20 tensors)
[2m2026-09-06T02:10:52.631213Z[0m [32m INFO[0m [2mspark_runtime::fast_weights[0m[2m:[0m   Shard 1/66 done — GPU memory: 0.36 GB used, 78.20 GB free
[2m2026-09-06T02:10:52.631374Z[0m [32m INFO[0m [2mspark_runtime::fast_weights[0m[2m:[0m Fast-loading shard 2/66: layers-1.safetensors (20 tensors)
[2m2026-09-06T02:10:52.852099Z[0m [32m INFO[0m [2mspark_runtime::fast_weights[0m[2m:[0m   Shard 2/66 done — GPU memory: 0.72 GB used, 77.84 GB free
[2m2026-09-06T02:10:52.852287Z[0m [32m INFO[0m [2mspark_runtime::fast_weights[0m[2m:[0m Fast-loading shard 3/66: layers-10.safetensors (20 tensors)
[2m2026-09-06T02:10:53.060973Z[0m [32m INFO[0m [2mspark_runtime::fast_weights[0m[2m:[0m   Shard 3/66 done — GPU memory: 1.08 GB used, 77.48 GB free
[2m2026-09-06T02:10:53.061167Z[0m [32m INFO[0m [2mspark_runtime::fast_weights[0m[2m:[0m Fast-loading shard 4/66: layers-11.safetensors (18 tensors)
[2m2026-09-06T02:10:53.319161Z[0m [32m INFO[0m [2mspark_runtime::fast_weights[0m[2m:[0m   Shard 4/66 done — GPU memory: 1.43 GB used, 77.13 GB free
[2m2026-09-06T02:10:53.319506Z[0m [32m INFO[0m [2mspark_runtime::fast_weights[0m[2m:[0m Fast-loading shard 5/66: layers-12.safetensors (20 tensors)
[2m2026-09-06T02:10:53.543636Z[0m [32m INFO[0m [2mspark_runtime::fast_weights[0m[2m:[0m   Shard 5/66 done — GPU memory: 1.79 GB used, 76.77 GB free
[2m2026-09-06T02:10:53.543798Z[0m [32m INFO[0m [2mspark_runtime::fast_weights[0m[2m:[0m Fast-loading shard 6/66: layers-13.safetensors (20 tensors)
[2m2026-09-06T02:10:53.783052Z[0m [32m INFO[0m [2mspark_runtime::fast_weights[0m[2m:[0m   Shard 6/66 done — GPU memory: 2.15 GB used, 76.41 GB free
[2m2026-09-06T02:10:53.783254Z[0m [32m INFO[0m [2mspark_runtime::fast_weights[0m[2m:[0m Fast-loading shard 7/66: layers-14.safetensors (20 tensors)
[2m2026-09-06T02:10:53.986111Z[0m [32m INFO[0m [2mspark_runtime::fast_weights[0m[2m:[0m   Shard 7/66 done — GPU memory: 2.52 GB used, 76.05 GB free
[2m2026-09-06T02:10:53.986286Z[0m [32m INFO[0m [2mspark_runtime::fast_weights[0m[2m:[0m Fast-loading shard 8/66: layers-15.safetensors (18 tensors)
[2m2026-09-06T02:10:54.197731Z[0m [32m INFO[0m [2mspark_runtime::fast_weights[0m[2m:[0m   Shard 8/66 done — GPU memory: 2.87 GB used, 75.70 GB free
[2m2026-09-06T02:10:54.197925Z[0m [32m INFO[0m [2mspark_runtime::fast_weights[0m[2m:[0m Fast-loading shard 9/66: layers-16.safetensors (20 tensors)
[2m2026-09-06T02:10:54.401608Z[0m [32m INFO[0m [2mspark_runtime::fast_weights[0m[2m:[0m   Shard 9/66 done — GPU memory: 3.23 GB used, 75.34 GB free
[2m2026-09-06T02:10:54.401777Z[0m [32m INFO[0m [2mspark_runtime::fast_weights[0m[2m:[0m Fast-loading shard 10/66: layers-17.safetensors (20 tensors)
[2m2026-09-06T02:10:54.596839Z[0m [32m INFO[0m [2mspark_runtime::fast_weights[0m[2m:[0m   Shard 10/66 done — GPU memory: 3.59 GB used, 74.98 GB free
[2m2026-09-06T02:10:54.597011Z[0m [32m INFO[0m [2mspark_runtime::fast_weights[0m[2m:[0m Fast-loading shard 11/66: layers-18.safetensors (20 tensors)
[2m2026-09-06T02:10:54.826644Z[0m [32m INFO[0m [2mspark_runtime::fast_weights[0m[2m:[0m   Shard 11/66 done — GPU memory: 3.95 GB used, 74.62 GB free
[2m2026-09-06T02:10:54.826830Z[0m [32m INFO[0m [2mspark_runtime::fast_weights[0m[2m:[0m Fast-loading shard 12/66: layers-19.safetensors (18 tensors)
[2m2026-09-06T02:10:55.047953Z[0m [32m INFO[0m [2mspark_runtime::fast_weights[0m[2m:[0m   Shard 12/66 done — GPU memory: 4.30 GB used, 74.26 GB free
[2m2026-09-06T02:10:55.048152Z[0m [32m INFO[0m [2mspark_runtime::fast_weights[0m[2m:[0m Fast-loading shard 13/66: layers-2.safetensors (20 tensors)
[2m2026-09-06T02:10:55.254018Z[0m [32m INFO[0m [2mspark_runtime::fast_weights[0m[2m:[0m   Shard 13/66 done — GPU memory: 4.66 GB used, 73.90 GB free
[2m2026-09-06T02:10:55.254198Z[0m [32m INFO[0m [2mspark_runtime::fast_weights[0m[2m:[0m Fast-loading shard 14/66: layers-20.safetensors (20 tensors)
[2m2026-09-06T02:10:55.446678Z[0m [32m INFO[0m [2mspark_runtime::fast_weights[0m[2m:[0m   Shard 14/66 done — GPU memory: 5.02 GB used, 73.54 GB free
[2m2026-09-06T02:10:55.446822Z[0m [32m INFO[0m [2mspark_runtime::fast_weights[0m[2m:[0m Fast-loading shard 15/66: layers-21.safetensors (20 tensors)
[2m2026-09-06T02:10:55.693299Z[0m [32m INFO[0m [2mspark_runtime::fast_weights[0m[2m:[0m   Shard 15/66 done — GPU memory: 5.38 GB used, 73.18 GB free
[2m2026-09-06T02:10:55.693469Z[0m [32m INFO[0m [2mspark_runtime::fast_weights[0m[2m:[0m Fast-loading shard 16/66: layers-22.safetensors (20 tensors)
[2m2026-09-06T02:10:55.899759Z[0m [32m INFO[0m [2mspark_runtime::fast_weights[0m[2m:[0m   Shard 16/66 done — GPU memory: 5.74 GB used, 72.82 GB free
[2m2026-09-06T02:10:55.899926Z[0m [32m INFO[0m [2mspark_runtime::fast_weights[0m[2m:[0m Fast-loading shard 17/66: layers-23.safetensors (18 tensors)
[2m2026-09-06T02:10:56.123117Z[0m [32m INFO[0m [2mspark_runtime::fast_weights[0m[2m:[0m   Shard 17/66 done — GPU memory: 6.09 GB used, 72.47 GB free
[2m2026-09-06T02:10:56.123319Z[0m [32m INFO[0m [2mspark_runtime::fast_weights[0m[2m:[0m Fast-loading shard 18/66: layers-24.safetensors (20 tensors)
[2m2026-09-06T02:10:56.318899Z[0m [32m INFO[0m [2mspark_runtime::fast_weights[0m[2m:[0m   Shard 18/66 done — GPU memory: 6.45 GB used, 72.11 GB free
[2m2026-09-06T02:10:56.319066Z[0m [32m INFO[0m [2mspark_runtime::fast_weights[0m[2m:[0m Fast-loading shard 19/66: layers-25.safetensors (20 tensors)
[2m2026-09-06T02:10:56.478593Z[0m [32m INFO[0m [2mspark_runtime::fast_weights[0m[2m:[0m   Shard 19/66 done — GPU memory: 6.81 GB used, 71.75 GB free
[2m2026-09-06T02:10:56.478764Z[0m [32m INFO[0m [2mspark_runtime::fast_weights[0m[2m:[0m Fast-loading shard 20/66: layers-26.safetensors (20 tensors)
[2m2026-09-06T02:10:56.670883Z[0m [32m INFO[0m [2mspark_runtime::fast_weights[0m[2m:[0m   Shard 20/66 done — GPU memory: 7.17 GB used, 71.39 GB free
[2m2026-09-06T02:10:56.670981Z[0m [32m INFO[0m [2mspark_runtime::fast_weights[0m[2m:[0m Fast-loading shard 21/66: layers-27.safetensors (18 tensors)
[2m2026-09-06T02:10:56.881673Z[0m [32m INFO[0m [2mspark_runtime::fast_weights[0m[2m:[0m   Shard 21/66 done — GPU memory: 7.53 GB used, 71.04 GB free
[2m2026-09-06T02:10:56.881861Z[0m [32m INFO[0m [2mspark_runtime::fast_weights[0m[2m:[0m Fast-loading shard 22/66: layers-28.safetensors (20 tensors)
[2m2026-09-06T02:10:57.134278Z[0m [32m INFO[0m [2mspark_runtime::fast_weights[0m[2m:[0m   Shard 22/66 done — GPU memory: 7.89 GB used, 70.68 GB free
[2m2026-09-06T02:10:57.134447Z[0m [32m INFO[0m [2mspark_runtime::fast_weights[0m[2m:[0m Fast-loading shard 23/66: layers-29.safetensors (20 tensors)
[2m2026-09-06T02:10:57.335694Z[0m [32m INFO[0m [2mspark_runtime::fast_weights[0m[2m:[0m   Shard 23/66 done — GPU memory: 8.25 GB used, 70.32 GB free
[2m2026-09-06T02:10:57.335829Z[0m [32m INFO[0m [2mspark_runtime::fast_weights[0m[2m:[0m Fast-loading shard 24/66: layers-3.safetensors (18 tensors)
[2m2026-09-06T02:10:57.549168Z[0m [32m INFO[0m [2mspark_runtime::fast_weights[0m[2m:[0m   Shard 24/66 done — GPU memory: 8.60 GB used, 69.97 GB free
[2m2026-09-06T02:10:57.549358Z[0m [32m INFO[0m [2mspark_runtime::fast_weights[0m[2m:[0m Fast-loading shard 25/66: layers-30.safetensors (20 tensors)
[2m2026-09-06T02:10:57.766544Z[0m [32m INFO[0m [2mspark_runtime::fast_weights[0m[2m:[0m   Shard 25/66 done — GPU memory: 8.96 GB used, 69.60 GB free
[2m2026-09-06T02:10:57.766733Z[0m [32m INFO[0m [2mspark_runtime::fast_weights[0m[2m:[0m Fast-loading shard 26/66: layers-31.safetensors (18 tensors)
[2m2026-09-06T02:10:57.955881Z[0m [32m INFO[0m [2mspark_runtime::fast_weights[0m[2m:[0m   Shard 26/66 done — GPU memory: 9.31 GB used, 69.25 GB free
[2m2026-09-06T02:10:57.956073Z[0m [32m INFO[0m [2mspark_runtime::fast_weights[0m[2m:[0m Fast-loading shard 27/66: layers-32.safetensors (20 tensors)
[2m2026-09-06T02:10:58.178608Z[0m [32m INFO[0m [2mspark_runtime::fast_weights[0m[2m:[0m   Shard 27/66 done — GPU memory: 9.67 GB used, 68.89 GB free
[2m2026-09-06T02:10:58.178803Z[0m [32m INFO[0m [2mspark_runtime::fast_weights[0m[2m:[0m Fast-loading shard 28/66: layers-33.safetensors (20 tensors)
[2m2026-09-06T02:10:58.375561Z[0m [32m INFO[0m [2mspark_runtime::fast_weights[0m[2m:[0m   Shard 28/66 done — GPU memory: 10.03 GB used, 68.53 GB free
[2m2026-09-06T02:10:58.375706Z[0m [32m INFO[0m [2mspark_runtime::fast_weights[0m[2m:[0m Fast-loading shard 29/66: layers-34.safetensors (20 tensors)
[2m2026-09-06T02:10:58.584037Z[0m [32m INFO[0m [2mspark_runtime::fast_weights[0m[2m:[0m   Shard 29/66 done — GPU memory: 10.39 GB used, 68.17 GB free
[2m2026-09-06T02:10:58.584203Z[0m [32m INFO[0m [2mspark_runtime::fast_weights[0m[2m:[0m Fast-loading shard 30/66: layers-35.safetensors (18 tensors)
[2m2026-09-06T02:10:58.810938Z[0m [32m INFO[0m [2mspark_runtime::fast_weights[0m[2m:[0m   Shard 30/66 done — GPU memory: 10.74 GB used, 67.82 GB free
[2m2026-09-06T02:10:58.811148Z[0m [32m INFO[0m [2mspark_runtime::fast_weights[0m[2m:[0m Fast-loading shard 31/66: layers-36.safetensors (20 tensors)
[2m2026-09-06T02:10:59.013669Z[0m [32m INFO[0m [2mspark_runtime::fast_weights[0m[2m:[0m   Shard 31/66 done — GPU memory: 11.10 GB used, 67.46 GB free
[2m2026-09-06T02:10:59.013825Z[0m [32m INFO[0m [2mspark_runtime::fast_weights[0m[2m:[0m Fast-loading shard 32/66: layers-37.safetensors (20 tensors)
[2m2026-09-06T02:10:59.213219Z[0m [32m INFO[0m [2mspark_runtime::fast_weights[0m[2m:[0m   Shard 32/66 done — GPU memory: 11.46 GB used, 67.10 GB free
[2m2026-09-06T02:10:59.213362Z[0m [32m INFO[0m [2mspark_runtime::fast_weights[0m[2m:[0m Fast-loading shard 33/66: layers-38.safetensors (20 tensors)
[2m2026-09-06T02:10:59.415273Z[0m [32m INFO[0m [2mspark_runtime::fast_weights[0m[2m:[0m   Shard 33/66 done — GPU memory: 11.82 GB used, 66.74 GB free
[2m2026-09-06T02:10:59.415446Z[0m [32m INFO[0m [2mspark_runtime::fast_weights[0m[2m:[0m Fast-loading shard 34/66: layers-39.safetensors (18 tensors)
[2m2026-09-06T02:10:59.637323Z[0m [32m INFO[0m [2mspark_runtime::fast_weights[0m[2m:[0m   Shard 34/66 done — GPU memory: 12.18 GB used, 66.39 GB free
[2m2026-09-06T02:10:59.637489Z[0m [32m INFO[0m [2mspark_runtime::fast_weights[0m[2m:[0m Fast-loading shard 35/66: layers-4.safetensors (20 tensors)
[2m2026-09-06T02:10:59.878966Z[0m [32m INFO[0m [2mspark_runtime::fast_weights[0m[2m:[0m   Shard 35/66 done — GPU memory: 12.54 GB used, 66.03 GB free
[2m2026-09-06T02:10:59.879172Z[0m [32m INFO[0m [2mspark_runtime::fast_weights[0m[2m:[0m Fast-loading shard 36/66: layers-40.safetensors (20 tensors)
[2m2026-09-06T02:11:00.079742Z[0m [32m INFO[0m [2mspark_runtime::fast_weights[0m[2m:[0m   Shard 36/66 done — GPU memory: 12.90 GB used, 65.67 GB free
[2m2026-09-06T02:11:00.079913Z[0m [32m INFO[0m [2mspark_runtime::fast_weights[0m[2m:[0m Fast-loading shard 37/66: layers-41.safetensors (20 tensors)
[2m2026-09-06T02:11:00.317854Z[0m [32m INFO[0m [2mspark_runtime::fast_weights[0m[2m:[0m   Shard 37/66 done — GPU memory: 13.26 GB used, 65.31 GB free
[2m2026-09-06T02:11:00.318025Z[0m [32m INFO[0m [2mspark_runtime::fast_weights[0m[2m:[0m Fast-loading shard 38/66: layers-42.safetensors (20 tensors)
[2m2026-09-06T02:11:00.518333Z[0m [32m INFO[0m [2mspark_runtime::fast_weights[0m[2m:[0m   Shard 38/66 done — GPU memory: 13.62 GB used, 64.94 GB free
[2m2026-09-06T02:11:00.518486Z[0m [32m INFO[0m [2mspark_runtime::fast_weights[0m[2m:[0m Fast-loading shard 39/66: layers-43.safetensors (18 tensors)
[2m2026-09-06T02:11:00.733532Z[0m [32m INFO[0m [2mspark_runtime::fast_weights[0m[2m:[0m   Shard 39/66 done — GPU memory: 13.97 GB used, 64.59 GB free
[2m2026-09-06T02:11:00.733719Z[0m [32m INFO[0m [2mspark_runtime::fast_weights[0m[2m:[0m Fast-loading shard 40/66: layers-44.safetensors (20 tensors)
[2m2026-09-06T02:11:00.929293Z[0m [32m INFO[0m [2mspark_runtime::fast_weights[0m[2m:[0m   Shard 40/66 done — GPU memory: 14.33 GB used, 64.23 GB free
[2m2026-09-06T02:11:00.929444Z[0m [32m INFO[0m [2mspark_runtime::fast_weights[0m[2m:[0m Fast-loading shard 41/66: layers-45.safetensors (20 tensors)
[2m2026-09-06T02:11:01.132174Z[0m [32m INFO[0m [2mspark_runtime::fast_weights[0m[2m:[0m   Shard 41/66 done — GPU memory: 14.69 GB used, 63.87 GB free
[2m2026-09-06T02:11:01.132347Z[0m [32m INFO[0m [2mspark_runtime::fast_weights[0m[2m:[0m Fast-loading shard 42/66: layers-46.safetensors (20 tensors)
[2m2026-09-06T02:11:01.333795Z[0m [32m INFO[0m [2mspark_runtime::fast_weights[0m[2m:[0m   Shard 42/66 done — GPU memory: 15.05 GB used, 63.51 GB free
[2m2026-09-06T02:11:01.333965Z[0m [32m INFO[0m [2mspark_runtime::fast_weights[0m[2m:[0m Fast-loading shard 43/66: layers-47.safetensors (18 tensors)
[2m2026-09-06T02:11:01.562682Z[0m [32m INFO[0m [2mspark_runtime::fast_weights[0m[2m:[0m   Shard 43/66 done — GPU memory: 15.40 GB used, 63.16 GB free
[2m2026-09-06T02:11:01.562872Z[0m [32m INFO[0m [2mspark_runtime::fast_weights[0m[2m:[0m Fast-loading shard 44/66: layers-48.safetensors (20 tensors)
[2m2026-09-06T02:11:01.803182Z[0m [32m INFO[0m [2mspark_runtime::fast_weights[0m[2m:[0m   Shard 44/66 done — GPU memory: 15.76 GB used, 62.80 GB free
[2m2026-09-06T02:11:01.803351Z[0m [32m INFO[0m [2mspark_runtime::fast_weights[0m[2m:[0m Fast-loading shard 45/66: layers-49.safetensors (20 tensors)
[2m2026-09-06T02:11:02.001205Z[0m [32m INFO[0m [2mspark_runtime::fast_weights[0m[2m:[0m   Shard 45/66 done — GPU memory: 16.12 GB used, 62.44 GB free
[2m2026-09-06T02:11:02.001341Z[0m [32m INFO[0m [2mspark_runtime::fast_weights[0m[2m:[0m Fast-loading shard 46/66: layers-5.safetensors (20 tensors)
[2m2026-09-06T02:11:02.209938Z[0m [32m INFO[0m [2mspark_runtime::fast_weights[0m[2m:[0m   Shard 46/66 done — GPU memory: 16.48 GB used, 62.08 GB free
[2m2026-09-06T02:11:02.210091Z[0m [32m INFO[0m [2mspark_runtime::fast_weights[0m[2m:[0m Fast-loading shard 47/66: layers-50.safetensors (20 tensors)
[2m2026-09-06T02:11:02.419514Z[0m [32m INFO[0m [2mspark_runtime::fast_weights[0m[2m:[0m   Shard 47/66 done — GPU memory: 16.84 GB used, 61.72 GB free
[2m2026-09-06T02:11:02.419669Z[0m [32m INFO[0m [2mspark_runtime::fast_weights[0m[2m:[0m Fast-loading shard 48/66: layers-51.safetensors (18 tensors)
[2m2026-09-06T02:11:02.640778Z[0m [32m INFO[0m [2mspark_runtime::fast_weights[0m[2m:[0m   Shard 48/66 done — GPU memory: 17.20 GB used, 61.37 GB free
[2m2026-09-06T02:11:02.640980Z[0m [32m INFO[0m [2mspark_runtime::fast_weights[0m[2m:[0m Fast-loading shard 49/66: layers-52.safetensors (20 tensors)
[2m2026-09-06T02:11:02.842196Z[0m [32m INFO[0m [2mspark_runtime::fast_weights[0m[2m:[0m   Shard 49/66 done — GPU memory: 17.56 GB used, 61.01 GB free
[2m2026-09-06T02:11:02.842366Z[0m [32m INFO[0m [2mspark_runtime::fast_weights[0m[2m:[0m Fast-loading shard 50/66: layers-53.safetensors (20 tensors)
[2m2026-09-06T02:11:03.047721Z[0m [32m INFO[0m [2mspark_runtime::fast_weights[0m[2m:[0m   Shard 50/66 done — GPU memory: 17.92 GB used, 60.65 GB free
[2m2026-09-06T02:11:03.047874Z[0m [32m INFO[0m [2mspark_runtime::fast_weights[0m[2m:[0m Fast-loading shard 51/66: layers-54.safetensors (20 tensors)
[2m2026-09-06T02:11:03.288293Z[0m [32m INFO[0m [2mspark_runtime::fast_weights[0m[2m:[0m   Shard 51/66 done — GPU memory: 18.28 GB used, 60.29 GB free
[2m2026-09-06T02:11:03.288463Z[0m [32m INFO[0m [2mspark_runtime::fast_weights[0m[2m:[0m Fast-loading shard 52/66: layers-55.safetensors (18 tensors)
[2m2026-09-06T02:11:03.504310Z[0m [32m INFO[0m [2mspark_runtime::fast_weights[0m[2m:[0m   Shard 52/66 done — GPU memory: 18.63 GB used, 59.93 GB free
[2m2026-09-06T02:11:03.504500Z[0m [32m INFO[0m [2mspark_runtime::fast_weights[0m[2m:[0m Fast-loading shard 53/66: layers-56.safetensors (20 tensors)
[2m2026-09-06T02:11:03.700157Z[0m [32m INFO[0m [2mspark_runtime::fast_weights[0m[2m:[0m   Shard 53/66 done — GPU memory: 18.99 GB used, 59.57 GB free
[2m2026-09-06T02:11:03.700311Z[0m [32m INFO[0m [2mspark_runtime::fast_weights[0m[2m:[0m Fast-loading shard 54/66: layers-57.safetensors (20 tensors)
[2m2026-09-06T02:11:03.905016Z[0m [32m INFO[0m [2mspark_runtime::fast_weights[0m[2m:[0m   Shard 54/66 done — GPU memory: 19.35 GB used, 59.21 GB free
[2m2026-09-06T02:11:03.905164Z[0m [32m INFO[0m [2mspark_runtime::fast_weights[0m[2m:[0m Fast-loading shard 55/66: layers-58.safetensors (20 tensors)
[2m2026-09-06T02:11:04.135250Z[0m [32m INFO[0m [2mspark_runtime::fast_weights[0m[2m:[0m   Shard 55/66 done — GPU memory: 19.71 GB used, 58.85 GB free
[2m2026-09-06T02:11:04.135422Z[0m [32m INFO[0m [2mspark_runtime::fast_weights[0m[2m:[0m Fast-loading shard 56/66: layers-59.safetensors (18 tensors)
[2m2026-09-06T02:11:04.368259Z[0m [32m INFO[0m [2mspark_runtime::fast_weights[0m[2m:[0m   Shard 56/66 done — GPU memory: 20.06 GB used, 58.50 GB free
[2m2026-09-06T02:11:04.368429Z[0m [32m INFO[0m [2mspark_runtime::fast_weights[0m[2m:[0m Fast-loading shard 57/66: layers-6.safetensors (20 tensors)
[2m2026-09-06T02:11:04.571430Z[0m [32m INFO[0m [2mspark_runtime::fast_weights[0m[2m:[0m   Shard 57/66 done — GPU memory: 20.42 GB used, 58.14 GB free
[2m2026-09-06T02:11:04.571600Z[0m [32m INFO[0m [2mspark_runtime::fast_weights[0m[2m:[0m Fast-loading shard 58/66: layers-60.safetensors (20 tensors)
[2m2026-09-06T02:11:04.774430Z[0m [32m INFO[0m [2mspark_runtime::fast_weights[0m[2m:[0m   Shard 58/66 done — GPU memory: 20.78 GB used, 57.78 GB free
[2m2026-09-06T02:11:04.774572Z[0m [32m INFO[0m [2mspark_runtime::fast_weights[0m[2m:[0m Fast-loading shard 59/66: layers-61.safetensors (20 tensors)
[2m2026-09-06T02:11:04.977745Z[0m [32m INFO[0m [2mspark_runtime::fast_weights[0m[2m:[0m   Shard 59/66 done — GPU memory: 21.14 GB used, 57.42 GB free
[2m2026-09-06T02:11:04.977916Z[0m [32m INFO[0m [2mspark_runtime::fast_weights[0m[2m:[0m Fast-loading shard 60/66: layers-62.safetensors (20 tensors)
[2m2026-09-06T02:11:05.174591Z[0m [32m INFO[0m [2mspark_runtime::fast_weights[0m[2m:[0m   Shard 60/66 done — GPU memory: 21.50 GB used, 57.06 GB free
[2m2026-09-06T02:11:05.174765Z[0m [32m INFO[0m [2mspark_runtime::fast_weights[0m[2m:[0m Fast-loading shard 61/66: layers-63.safetensors (18 tensors)
[2m2026-09-06T02:11:05.404761Z[0m [32m INFO[0m [2mspark_runtime::fast_weights[0m[2m:[0m   Shard 61/66 done — GPU memory: 21.86 GB used, 56.71 GB free
[2m2026-09-06T02:11:05.404927Z[0m [32m INFO[0m [2mspark_runtime::fast_weights[0m[2m:[0m Fast-loading shard 62/66: layers-7.safetensors (18 tensors)
[2m2026-09-06T02:11:05.628702Z[0m [32m INFO[0m [2mspark_runtime::fast_weights[0m[2m:[0m   Shard 62/66 done — GPU memory: 22.21 GB used, 56.36 GB free
[2m2026-09-06T02:11:05.628867Z[0m [32m INFO[0m [2mspark_runtime::fast_weights[0m[2m:[0m Fast-loading shard 63/66: layers-8.safetensors (20 tensors)
[2m2026-09-06T02:11:05.856613Z[0m [32m INFO[0m [2mspark_runtime::fast_weights[0m[2m:[0m   Shard 63/66 done — GPU memory: 22.57 GB used, 56.00 GB free
[2m2026-09-06T02:11:05.856760Z[0m [32m INFO[0m [2mspark_runtime::fast_weights[0m[2m:[0m Fast-loading shard 64/66: layers-9.safetensors (20 tensors)
[2m2026-09-06T02:11:06.085869Z[0m [32m INFO[0m [2mspark_runtime::fast_weights[0m[2m:[0m   Shard 64/66 done — GPU memory: 22.93 GB used, 55.64 GB free
[2m2026-09-06T02:11:06.086016Z[0m [32m INFO[0m [2mspark_runtime::fast_weights[0m[2m:[0m Fast-loading shard 65/66: mtp.safetensors (22 tensors)
[2m2026-09-06T02:11:06.411925Z[0m [32m INFO[0m [2mspark_runtime::fast_weights[0m[2m:[0m   Shard 65/66 done — GPU memory: 23.38 GB used, 55.19 GB free
[2m2026-09-06T02:11:06.412183Z[0m [32m INFO[0m [2mspark_runtime::fast_weights[0m[2m:[0m Fast-loading shard 66/66: outside.safetensors (336 tensors)
[2m2026-09-06T02:11:09.086350Z[0m [32m INFO[0m [2mspark_runtime::fast_weights[0m[2m:[0m   Shard 66/66 done — GPU memory: 29.05 GB used, 49.51 GB free
[2m2026-09-06T02:11:09.086521Z[0m [32m INFO[0m [2mspark_runtime::fast_weights[0m[2m:[0m Fast-loaded 1606 weight tensors
[2m2026-09-06T02:11:09.086850Z[0m [32m INFO[0m [2mspark::main_modules::serve_phases::weights[0m[2m:[0m Loaded 1606 weight tensors
[2m2026-09-06T02:11:09.086871Z[0m [32m INFO[0m [2mspark_runtime::weights::prefix_detect[0m[2m:[0m Weight prefix: model.language_model
[2m2026-09-06T02:11:09.087526Z[0m [32m INFO[0m [2mspark_model::preflight[0m[2m:[0m Pre-flight checks passed
[2m2026-09-06T02:11:09.087559Z[0m [32m INFO[0m [2mspark_model::quant_format[0m[2m:[0m QuantFormat: fp8 (block-scaled), 0 ignored module(s)
[2m2026-09-06T02:11:09.087572Z[0m [32m INFO[0m [2mspark::main_modules::serve_load[0m[2m:[0m Quantization format: fp8-blockscaled (base variant Fp8Dequanted), ignored globs = 0
[2m2026-09-06T02:11:09.236792Z[0m [32m INFO[0m [2mspark_runtime::cublaslt[0m[2m:[0m cuBLASLt pre-warmed (handle + workspace + kernel images)
[2m2026-09-06T02:11:09.236937Z[0m [32m INFO[0m [2mspark::main_modules::serve_phases::preflight[0m[2m:[0m GDN chunked prefill reserve: 355 MB (chunk_size=8192, max_seq_len=24576)
[2m2026-09-06T02:11:09.236945Z[0m [32m INFO[0m [2mspark::main_modules::serve_phases::preflight[0m[2m:[0m Weights: 28.75 GB, estimated free: 49.8 GB, actual free: 49.4 GB (reserve: 8745 MB)
[2m2026-09-06T02:11:09.236954Z[0m [32m INFO[0m [2mspark::main_modules::serve_phases::kv_cache[0m[2m:[0m Prefill config: ssm_prefill_chunk=8192, args.max_prefill_tokens=8192, prefill_budget=8192, max_batch_tokens=8196
[2m2026-09-06T02:11:09.236959Z[0m [32m INFO[0m [2mspark::main_modules::serve_phases::build[0m[2m:[0m Prefix caching: ENABLED (radix tree)
[2m2026-09-06T02:11:09.635392Z[0m [32m INFO[0m [2mspark::main_modules::serve_phases::config[0m[2m:[0m Capping vocab_size from 248320 to 248077 (tokenizer)
[2m2026-09-06T02:11:09.668867Z[0m [32m INFO[0m [2mspark::main_modules::serve_phases::kv_cache[0m[2m:[0m FP8 KV cache with online calibration (checkpoint ships no k/v scales): freezing per-tensor scales on the first observed tokens.
[2m2026-09-06T02:11:09.668886Z[0m [32m INFO[0m [2mspark::main_modules::kv_dtypes[0m[2m:[0m Selective boundary KV cache: 4/16 attention layers at bf16, rest at fp8
[2m2026-09-06T02:11:09.669263Z[0m [32m INFO[0m [2mspark_model::weight_loader::qwen35_dense[0m[2m:[0m Weight format: Fp8BlockScaled, NVFP4 variant: Fp8Dequanted
[2m2026-09-06T02:11:09.669272Z[0m [32m INFO[0m [2mspark_model::weight_loader::qwen35_dense[0m[2m:[0m SSM in_proj_qkv + out_proj via native FP8 prefill GEMM (BF16 act × FP8 weight via fp8_gemm_n128). PREFILL ONLY: decode + batched verify read the NVFP4 copy — weight-streaming GEMV at M<=8, tile GEMM above it (trait_decode_batched.rs). The FP8 copy reaches decode only at M<=8 on a build whose batched NVFP4 GEMVs are absent
[2m2026-09-06T02:11:09.670484Z[0m [32m INFO[0m [2mspark_model::weight_map::loaders_fp8[0m[2m:[0m quantize_to_nvfp4: n=17408 k=5120 total=89128960 global_max=0.421875 scale2=0.00015695 grid1=1024
[2m2026-09-06T02:11:09.672665Z[0m [32m INFO[0m [2mspark_model::weight_map::loaders_fp8[0m[2m:[0m quantize_to_nvfp4: n=17408 k=5120 total=89128960 global_max=0.163086 scale2=0.00006067 grid1=1024
[2m2026-09-06T02:11:09.674540Z[0m [32m INFO[0m [2mspark_model::weight_map::loaders_fp8[0m[2m:[0m quantize_to_nvfp4: n=5120 k=17408 total=89128960 global_max=0.976562 scale2=0.00036330 grid1=1024
[2m2026-09-06T02:11:09.678471Z[0m [32m INFO[0m [2mspark_model::weight_map::model_a[0m[2m:[0m dense_keep_f32: promoting model.language_model.layers.0.linear_attn.A_log from BF16 to FP32 ([48])
[2m2026-09-06T02:11:09.678530Z[0m [32m INFO[0m [2mspark_model::weight_map::model_a[0m[2m:[0m dense_keep_f32: promoting model.language_model.layers.0.linear_attn.dt_bias from BF16 to FP32 ([48])
[2m2026-09-06T02:11:09.681720Z[0m [32m INFO[0m [2mspark_model::layers::qwen3_ssm::init[0m[2m:[0m GDN state spine: gated_delta_rule_chunk_delta_h_vfused
[2m2026-09-06T02:11:09.687598Z[0m [32m INFO[0m [2mspark_model::weight_loader::qwen35_dense[0m[2m:[0m SSM[model.language_model.layers.0] native FP8 GDN: qkvz+out_proj block-scaled FP8 (no NVFP4 requant; prefill+decode via w8a16)
[2m2026-09-06T02:11:09.688683Z[0m [32m INFO[0m [2mspark_model::weight_map::loaders_fp8[0m[2m:[0m quantize_to_nvfp4: n=17408 k=5120 total=89128960 global_max=0.230469 scale2=0.00008574 grid1=1024
[2m2026-09-06T02:11:09.690556Z[0m [32m INFO[0m [2mspark_model::weight_map::loaders_fp8[0m[2m:[0m quantize_to_nvfp4: n=17408 k=5120 total=89128960 global_max=0.213867 scale2=0.00007956 grid1=1024
[2m2026-09-06T02:11:09.694723Z[0m [32m INFO[0m [2mspark_model::weight_map::model_a[0m[2m:[0m dense_keep_f32: promoting model.language_model.layers.1.linear_attn.A_log from BF16 to FP32 ([48])
[2m2026-09-06T02:11:09.694773Z[0m [32m INFO[0m [2mspark_model::weight_map::model_a[0m[2m:[0m dense_keep_f32: promoting model.language_model.layers.1.linear_attn.dt_bias from BF16 to FP32 ([48])
[2m2026-09-06T02:11:09.695759Z[0m [32m INFO[0m [2mspark_model::layers::qwen3_ssm::init[0m[2m:[0m GDN state spine: gated_delta_rule_chunk_delta_h_vfused
[2m2026-09-06T02:11:09.695826Z[0m [32m INFO[0m [2mspark_model::weight_loader::qwen35_dense[0m[2m:[0m SSM[model.language_model.layers.1] native FP8 GDN: qkvz+out_proj block-scaled FP8 (no NVFP4 requant; prefill+decode via w8a16)
[2m2026-09-06T02:11:09.702434Z[0m [32m INFO[0m [2mspark_model::weight_map::model_a[0m[2m:[0m dense_keep_f32: promoting model.language_model.layers.2.linear_attn.A_log from BF16 to FP32 ([48])
[2m2026-09-06T02:11:09.702480Z[0m [32m INFO[0m [2mspark_model::weight_map::model_a[0m[2m:[0m dense_keep_f32: promoting model.language_model.layers.2.linear_attn.dt_bias from BF16 to FP32 ([48])
[2m2026-09-06T02:11:09.703347Z[0m [32m INFO[0m [2mspark_model::layers::qwen3_ssm::init[0m[2m:[0m GDN state spine: gated_delta_rule_chunk_delta_h_vfused
[2m2026-09-06T02:11:09.703403Z[0m [32m INFO[0m [2mspark_model::weight_loader::qwen35_dense[0m[2m:[0m SSM[model.language_model.layers.2] native FP8 GDN: qkvz+out_proj block-scaled FP8 (no NVFP4 requant; prefill+decode via w8a16)
[2m2026-09-06T02:11:09.716991Z[0m [33m WARN[0m [2mspark_model::weight_loader::qwen35_dense[0m[2m:[0m attention q/k/v have differing weight_scale_2 — fused QKV GEMM disabled (3 separate launches per layer)
[2m2026-09-06T02:11:09.725930Z[0m [32m INFO[0m [2mspark_model::weight_map::model_a[0m[2m:[0m dense_keep_f32: promoting model.language_model.layers.4.linear_attn.A_log from BF16 to FP32 ([48])
[2m2026-09-06T02:11:09.725982Z[0m [32m INFO[0m [2mspark_model::weight_map::model_a[0m[2m:[0m dense_keep_f32: promoting model.language_model.layers.4.linear_attn.dt_bias from BF16 to FP32 ([48])
[2m2026-09-06T02:11:09.726891Z[0m [32m INFO[0m [2mspark_model::layers::qwen3_ssm::init[0m[2m:[0m GDN state spine: gated_delta_rule_chunk_delta_h_vfused
[2m2026-09-06T02:11:09.726946Z[0m [32m INFO[0m [2mspark_model::weight_loader::qwen35_dense[0m[2m:[0m SSM[model.language_model.layers.4] native FP8 GDN: qkvz+out_proj block-scaled FP8 (no NVFP4 requant; prefill+decode via w8a16)
[2m2026-09-06T02:11:09.733549Z[0m [32m INFO[0m [2mspark_model::weight_map::model_a[0m[2m:[0m dense_keep_f32: promoting model.language_model.layers.5.linear_attn.A_log from BF16 to FP32 ([48])
[2m2026-09-06T02:11:09.733594Z[0m [32m INFO[0m [2mspark_model::weight_map::model_a[0m[2m:[0m dense_keep_f32: promoting model.language_model.layers.5.linear_attn.dt_bias from BF16 to FP32 ([48])
[2m2026-09-06T02:11:09.734605Z[0m [32m INFO[0m [2mspark_model::layers::qwen3_ssm::init[0m[2m:[0m GDN state spine: gated_delta_rule_chunk_delta_h_vfused
[2m2026-09-06T02:11:09.734666Z[0m [32m INFO[0m [2mspark_model::weight_loader::qwen35_dense[0m[2m:[0m SSM[model.language_model.layers.5] native FP8 GDN: qkvz+out_proj block-scaled FP8 (no NVFP4 requant; prefill+decode via w8a16)
[2m2026-09-06T02:11:09.741298Z[0m [32m INFO[0m [2mspark_model::weight_map::model_a[0m[2m:[0m dense_keep_f32: promoting model.language_model.layers.6.linear_attn.A_log from BF16 to FP32 ([48])
[2m2026-09-06T02:11:09.741344Z[0m [32m INFO[0m [2mspark_model::weight_map::model_a[0m[2m:[0m dense_keep_f32: promoting model.language_model.layers.6.linear_attn.dt_bias from BF16 to FP32 ([48])
[2m2026-09-06T02:11:09.742229Z[0m [32m INFO[0m [2mspark_model::layers::qwen3_ssm::init[0m[2m:[0m GDN state spine: gated_delta_rule_chunk_delta_h_vfused
[2m2026-09-06T02:11:09.742279Z[0m [32m INFO[0m [2mspark_model::weight_loader::qwen35_dense[0m[2m:[0m SSM[model.language_model.layers.6] native FP8 GDN: qkvz+out_proj block-scaled FP8 (no NVFP4 requant; prefill+decode via w8a16)
[2m2026-09-06T02:11:09.761737Z[0m [32m INFO[0m [2mspark_model::weight_map::model_a[0m[2m:[0m dense_keep_f32: promoting model.language_model.layers.8.linear_attn.A_log from BF16 to FP32 ([48])
[2m2026-09-06T02:11:09.761795Z[0m [32m INFO[0m [2mspark_model::weight_map::model_a[0m[2m:[0m dense_keep_f32: promoting model.language_model.layers.8.linear_attn.dt_bias from BF16 to FP32 ([48])
[2m2026-09-06T02:11:09.762711Z[0m [32m INFO[0m [2mspark_model::layers::qwen3_ssm::init[0m[2m:[0m GDN state spine: gated_delta_rule_chunk_delta_h_vfused
[2m2026-09-06T02:11:09.762764Z[0m [32m INFO[0m [2mspark_model::weight_loader::qwen35_dense[0m[2m:[0m SSM[model.language_model.layers.8] native FP8 GDN: qkvz+out_proj block-scaled FP8 (no NVFP4 requant; prefill+decode via w8a16)
[2m2026-09-06T02:11:09.769363Z[0m [32m INFO[0m [2mspark_model::weight_map::model_a[0m[2m:[0m dense_keep_f32: promoting model.language_model.layers.9.linear_attn.A_log from BF16 to FP32 ([48])
[2m2026-09-06T02:11:09.769408Z[0m [32m INFO[0m [2mspark_model::weight_map::model_a[0m[2m:[0m dense_keep_f32: promoting model.language_model.layers.9.linear_attn.dt_bias from BF16 to FP32 ([48])
[2m2026-09-06T02:11:09.770399Z[0m [32m INFO[0m [2mspark_model::layers::qwen3_ssm::init[0m[2m:[0m GDN state spine: gated_delta_rule_chunk_delta_h_vfused
[2m2026-09-06T02:11:09.770450Z[0m [32m INFO[0m [2mspark_model::weight_loader::qwen35_dense[0m[2m:[0m SSM[model.language_model.layers.9] native FP8 GDN: qkvz+out_proj block-scaled FP8 (no NVFP4 requant; prefill+decode via w8a16)
[2m2026-09-06T02:11:09.777033Z[0m [32m INFO[0m [2mspark_model::weight_map::model_a[0m[2m:[0m dense_keep_f32: promoting model.language_model.layers.10.linear_attn.A_log from BF16 to FP32 ([48])
[2m2026-09-06T02:11:09.777081Z[0m [32m INFO[0m [2mspark_model::weight_map::model_a[0m[2m:[0m dense_keep_f32: promoting model.language_model.layers.10.linear_attn.dt_bias from BF16 to FP32 ([48])
[2m2026-09-06T02:11:09.777964Z[0m [32m INFO[0m [2mspark_model::layers::qwen3_ssm::init[0m[2m:[0m GDN state spine: gated_delta_rule_chunk_delta_h_vfused
[2m2026-09-06T02:11:09.778012Z[0m [32m INFO[0m [2mspark_model::weight_loader::qwen35_dense[0m[2m:[0m SSM[model.language_model.layers.10] native FP8 GDN: qkvz+out_proj block-scaled FP8 (no NVFP4 requant; prefill+decode via w8a16)
[2m2026-09-06T02:11:09.797399Z[0m [32m INFO[0m [2mspark_model::weight_map::model_a[0m[2m:[0m dense_keep_f32: promoting model.language_model.layers.12.linear_attn.A_log from BF16 to FP32 ([48])
[2m2026-09-06T02:11:09.797452Z[0m [32m INFO[0m [2mspark_model::weight_map::model_a[0m[2m:[0m dense_keep_f32: promoting model.language_model.layers.12.linear_attn.dt_bias from BF16 to FP32 ([48])
[2m2026-09-06T02:11:09.798440Z[0m [32m INFO[0m [2mspark_model::layers::qwen3_ssm::init[0m[2m:[0m GDN state spine: gated_delta_rule_chunk_delta_h_vfused
[2m2026-09-06T02:11:09.798491Z[0m [32m INFO[0m [2mspark_model::weight_loader::qwen35_dense[0m[2m:[0m SSM[model.language_model.layers.12] native FP8 GDN: qkvz+out_proj block-scaled FP8 (no NVFP4 requant; prefill+decode via w8a16)
[2m2026-09-06T02:11:09.805078Z[0m [32m INFO[0m [2mspark_model::weight_map::model_a[0m[2m:[0m dense_keep_f32: promoting model.language_model.layers.13.linear_attn.A_log from BF16 to FP32 ([48])
[2m2026-09-06T02:11:09.805123Z[0m [32m INFO[0m [2mspark_model::weight_map::model_a[0m[2m:[0m dense_keep_f32: promoting model.language_model.layers.13.linear_attn.dt_bias from BF16 to FP32 ([48])
[2m2026-09-06T02:11:09.806005Z[0m [32m INFO[0m [2mspark_model::layers::qwen3_ssm::init[0m[2m:[0m GDN state spine: gated_delta_rule_chunk_delta_h_vfused
[2m2026-09-06T02:11:09.806054Z[0m [32m INFO[0m [2mspark_model::weight_loader::qwen35_dense[0m[2m:[0m SSM[model.language_model.layers.13] native FP8 GDN: qkvz+out_proj block-scaled FP8 (no NVFP4 requant; prefill+decode via w8a16)
[2m2026-09-06T02:11:09.812667Z[0m [32m INFO[0m [2mspark_model::weight_map::model_a[0m[2m:[0m dense_keep_f32: promoting model.language_model.layers.14.linear_attn.A_log from BF16 to FP32 ([48])
[2m2026-09-06T02:11:09.812712Z[0m [32m INFO[0m [2mspark_model::weight_map::model_a[0m[2m:[0m dense_keep_f32: promoting model.language_model.layers.14.linear_attn.dt_bias from BF16 to FP32 ([48])
[2m2026-09-06T02:11:09.813690Z[0m [32m INFO[0m [2mspark_model::layers::qwen3_ssm::init[0m[2m:[0m GDN state spine: gated_delta_rule_chunk_delta_h_vfused
[2m2026-09-06T02:11:09.813739Z[0m [32m INFO[0m [2mspark_model::weight_loader::qwen35_dense[0m[2m:[0m SSM[model.language_model.layers.14] native FP8 GDN: qkvz+out_proj block-scaled FP8 (no NVFP4 requant; prefill+decode via w8a16)
[2m2026-09-06T02:11:09.832944Z[0m [32m INFO[0m [2mspark_model::weight_map::model_a[0m[2m:[0m dense_keep_f32: promoting model.language_model.layers.16.linear_attn.A_log from BF16 to FP32 ([48])
[2m2026-09-06T02:11:09.832997Z[0m [32m INFO[0m [2mspark_model::weight_map::model_a[0m[2m:[0m dense_keep_f32: promoting model.language_model.layers.16.linear_attn.dt_bias from BF16 to FP32 ([48])
[2m2026-09-06T02:11:09.833981Z[0m [32m INFO[0m [2mspark_model::layers::qwen3_ssm::init[0m[2m:[0m GDN state spine: gated_delta_rule_chunk_delta_h_vfused
[2m2026-09-06T02:11:09.834031Z[0m [32m INFO[0m [2mspark_model::weight_loader::qwen35_dense[0m[2m:[0m SSM[model.language_model.layers.16] native FP8 GDN: qkvz+out_proj block-scaled FP8 (no NVFP4 requant; prefill+decode via w8a16)
[2m2026-09-06T02:11:09.840619Z[0m [32m INFO[0m [2mspark_model::weight_map::model_a[0m[2m:[0m dense_keep_f32: promoting model.language_model.layers.17.linear_attn.A_log from BF16 to FP32 ([48])
[2m2026-09-06T02:11:09.840665Z[0m [32m INFO[0m [2mspark_model::weight_map::model_a[0m[2m:[0m dense_keep_f32: promoting model.language_model.layers.17.linear_attn.dt_bias from BF16 to FP32 ([48])
[2m2026-09-06T02:11:09.841525Z[0m [32m INFO[0m [2mspark_model::layers::qwen3_ssm::init[0m[2m:[0m GDN state spine: gated_delta_rule_chunk_delta_h_vfused
[2m2026-09-06T02:11:09.841573Z[0m [32m INFO[0m [2mspark_model::weight_loader::qwen35_dense[0m[2m:[0m SSM[model.language_model.layers.17] native FP8 GDN: qkvz+out_proj block-scaled FP8 (no NVFP4 requant; prefill+decode via w8a16)
[2m2026-09-06T02:11:09.848165Z[0m [32m INFO[0m [2mspark_model::weight_map::model_a[0m[2m:[0m dense_keep_f32: promoting model.language_model.layers.18.linear_attn.A_log from BF16 to FP32 ([48])
[2m2026-09-06T02:11:09.848208Z[0m [32m INFO[0m [2mspark_model::weight_map::model_a[0m[2m:[0m dense_keep_f32: promoting model.language_model.layers.18.linear_attn.dt_bias from BF16 to FP32 ([48])
[2m2026-09-06T02:11:09.849200Z[0m [32m INFO[0m [2mspark_model::layers::qwen3_ssm::init[0m[2m:[0m GDN state spine: gated_delta_rule_chunk_delta_h_vfused
[2m2026-09-06T02:11:09.849249Z[0m [32m INFO[0m [2mspark_model::weight_loader::qwen35_dense[0m[2m:[0m SSM[model.language_model.layers.18] native FP8 GDN: qkvz+out_proj block-scaled FP8 (no NVFP4 requant; prefill+decode via w8a16)
[2m2026-09-06T02:11:09.861892Z[0m [32m INFO[0m [2mspark_model::weight_loader::qwen35_dense[0m[2m:[0m Loaded layers 0..20
[2m2026-09-06T02:11:09.868529Z[0m [32m INFO[0m [2mspark_model::weight_map::model_a[0m[2m:[0m dense_keep_f32: promoting model.language_model.layers.20.linear_attn.A_log from BF16 to FP32 ([48])
[2m2026-09-06T02:11:09.868578Z[0m [32m INFO[0m [2mspark_model::weight_map::model_a[0m[2m:[0m dense_keep_f32: promoting model.language_model.layers.20.linear_attn.dt_bias from BF16 to FP32 ([48])
[2m2026-09-06T02:11:09.869567Z[0m [32m INFO[0m [2mspark_model::layers::qwen3_ssm::init[0m[2m:[0m GDN state spine: gated_delta_rule_chunk_delta_h_vfused
[2m2026-09-06T02:11:09.869618Z[0m [32m INFO[0m [2mspark_model::weight_loader::qwen35_dense[0m[2m:[0m SSM[model.language_model.layers.20] native FP8 GDN: qkvz+out_proj block-scaled FP8 (no NVFP4 requant; prefill+decode via w8a16)
[2m2026-09-06T02:11:09.876236Z[0m [32m INFO[0m [2mspark_model::weight_map::model_a[0m[2m:[0m dense_keep_f32: promoting model.language_model.layers.21.linear_attn.A_log from BF16 to FP32 ([48])
[2m2026-09-06T02:11:09.876286Z[0m [32m INFO[0m [2mspark_model::weight_map::model_a[0m[2m:[0m dense_keep_f32: promoting model.language_model.layers.21.linear_attn.dt_bias from BF16 to FP32 ([48])
[2m2026-09-06T02:11:09.877154Z[0m [32m INFO[0m [2mspark_model::layers::qwen3_ssm::init[0m[2m:[0m GDN state spine: gated_delta_rule_chunk_delta_h_vfused
[2m2026-09-06T02:11:09.877202Z[0m [32m INFO[0m [2mspark_model::weight_loader::qwen35_dense[0m[2m:[0m SSM[model.language_model.layers.21] native FP8 GDN: qkvz+out_proj block-scaled FP8 (no NVFP4 requant; prefill+decode via w8a16)
[2m2026-09-06T02:11:09.883783Z[0m [32m INFO[0m [2mspark_model::weight_map::model_a[0m[2m:[0m dense_keep_f32: promoting model.language_model.layers.22.linear_attn.A_log from BF16 to FP32 ([48])
[2m2026-09-06T02:11:09.883826Z[0m [32m INFO[0m [2mspark_model::weight_map::model_a[0m[2m:[0m dense_keep_f32: promoting model.language_model.layers.22.linear_attn.dt_bias from BF16 to FP32 ([48])
[2m2026-09-06T02:11:09.884821Z[0m [32m INFO[0m [2mspark_model::layers::qwen3_ssm::init[0m[2m:[0m GDN state spine: gated_delta_rule_chunk_delta_h_vfused
[2m2026-09-06T02:11:09.884869Z[0m [32m INFO[0m [2mspark_model::weight_loader::qwen35_dense[0m[2m:[0m SSM[model.language_model.layers.22] native FP8 GDN: qkvz+out_proj block-scaled FP8 (no NVFP4 requant; prefill+decode via w8a16)
[2m2026-09-06T02:11:09.904234Z[0m [32m INFO[0m [2mspark_model::weight_map::model_a[0m[2m:[0m dense_keep_f32: promoting model.language_model.layers.24.linear_attn.A_log from BF16 to FP32 ([48])
[2m2026-09-06T02:11:09.904286Z[0m [32m INFO[0m [2mspark_model::weight_map::model_a[0m[2m:[0m dense_keep_f32: promoting model.language_model.layers.24.linear_attn.dt_bias from BF16 to FP32 ([48])
[2m2026-09-06T02:11:09.905154Z[0m [32m INFO[0m [2mspark_model::layers::qwen3_ssm::init[0m[2m:[0m GDN state spine: gated_delta_rule_chunk_delta_h_vfused
[2m2026-09-06T02:11:09.905204Z[0m [32m INFO[0m [2mspark_model::weight_loader::qwen35_dense[0m[2m:[0m SSM[model.language_model.layers.24] native FP8 GDN: qkvz+out_proj block-scaled FP8 (no NVFP4 requant; prefill+decode via w8a16)
[2m2026-09-06T02:11:09.917544Z[0m [32m INFO[0m [2mspark_model::weight_map::model_a[0m[2m:[0m dense_keep_f32: promoting model.language_model.layers.25.linear_attn.A_log from BF16 to FP32 ([48])
[2m2026-09-06T02:11:09.917618Z[0m [32m INFO[0m [2mspark_model::weight_map::model_a[0m[2m:[0m dense_keep_f32: promoting model.language_model.layers.25.linear_attn.dt_bias from BF16 to FP32 ([48])
[2m2026-09-06T02:11:09.918761Z[0m [32m INFO[0m [2mspark_model::layers::qwen3_ssm::init[0m[2m:[0m GDN state spine: gated_delta_rule_chunk_delta_h_vfused
[2m2026-09-06T02:11:09.918824Z[0m [32m INFO[0m [2mspark_model::weight_loader::qwen35_dense[0m[2m:[0m SSM[model.language_model.layers.25] native FP8 GDN: qkvz+out_proj block-scaled FP8 (no NVFP4 requant; prefill+decode via w8a16)
[2m2026-09-06T02:11:09.925966Z[0m [32m INFO[0m [2mspark_model::weight_map::model_a[0m[2m:[0m dense_keep_f32: promoting model.language_model.layers.26.linear_attn.A_log from BF16 to FP32 ([48])
[2m2026-09-06T02:11:09.926032Z[0m [32m INFO[0m [2mspark_model::weight_map::model_a[0m[2m:[0m dense_keep_f32: promoting model.language_model.layers.26.linear_attn.dt_bias from BF16 to FP32 ([48])
[2m2026-09-06T02:11:09.927061Z[0m [32m INFO[0m [2mspark_model::layers::qwen3_ssm::init[0m[2m:[0m GDN state spine: gated_delta_rule_chunk_delta_h_vfused
[2m2026-09-06T02:11:09.927125Z[0m [32m INFO[0m [2mspark_model::weight_loader::qwen35_dense[0m[2m:[0m SSM[model.language_model.layers.26] native FP8 GDN: qkvz+out_proj block-scaled FP8 (no NVFP4 requant; prefill+decode via w8a16)
[2m2026-09-06T02:11:09.948041Z[0m [32m INFO[0m [2mspark_model::weight_map::model_a[0m[2m:[0m dense_keep_f32: promoting model.language_model.layers.28.linear_attn.A_log from BF16 to FP32 ([48])
[2m2026-09-06T02:11:09.948103Z[0m [32m INFO[0m [2mspark_model::weight_map::model_a[0m[2m:[0m dense_keep_f32: promoting model.language_model.layers.28.linear_attn.dt_bias from BF16 to FP32 ([48])
[2m2026-09-06T02:11:09.949068Z[0m [32m INFO[0m [2mspark_model::layers::qwen3_ssm::init[0m[2m:[0m GDN state spine: gated_delta_rule_chunk_delta_h_vfused
[2m2026-09-06T02:11:09.949132Z[0m [32m INFO[0m [2mspark_model::weight_loader::qwen35_dense[0m[2m:[0m SSM[model.language_model.layers.28] native FP8 GDN: qkvz+out_proj block-scaled FP8 (no NVFP4 requant; prefill+decode via w8a16)
[2m2026-09-06T02:11:09.956119Z[0m [32m INFO[0m [2mspark_model::weight_map::model_a[0m[2m:[0m dense_keep_f32: promoting model.language_model.layers.29.linear_attn.A_log from BF16 to FP32 ([48])
[2m2026-09-06T02:11:09.956175Z[0m [32m INFO[0m [2mspark_model::weight_map::model_a[0m[2m:[0m dense_keep_f32: promoting model.language_model.layers.29.linear_attn.dt_bias from BF16 to FP32 ([48])
[2m2026-09-06T02:11:09.957263Z[0m [32m INFO[0m [2mspark_model::layers::qwen3_ssm::init[0m[2m:[0m GDN state spine: gated_delta_rule_chunk_delta_h_vfused
[2m2026-09-06T02:11:09.957318Z[0m [32m INFO[0m [2mspark_model::weight_loader::qwen35_dense[0m[2m:[0m SSM[model.language_model.layers.29] native FP8 GDN: qkvz+out_proj block-scaled FP8 (no NVFP4 requant; prefill+decode via w8a16)
[2m2026-09-06T02:11:09.964184Z[0m [32m INFO[0m [2mspark_model::weight_map::model_a[0m[2m:[0m dense_keep_f32: promoting model.language_model.layers.30.linear_attn.A_log from BF16 to FP32 ([48])
[2m2026-09-06T02:11:09.964231Z[0m [32m INFO[0m [2mspark_model::weight_map::model_a[0m[2m:[0m dense_keep_f32: promoting model.language_model.layers.30.linear_attn.dt_bias from BF16 to FP32 ([48])
[2m2026-09-06T02:11:09.965194Z[0m [32m INFO[0m [2mspark_model::layers::qwen3_ssm::init[0m[2m:[0m GDN state spine: gated_delta_rule_chunk_delta_h_vfused
[2m2026-09-06T02:11:09.965249Z[0m [32m INFO[0m [2mspark_model::weight_loader::qwen35_dense[0m[2m:[0m SSM[model.language_model.layers.30] native FP8 GDN: qkvz+out_proj block-scaled FP8 (no NVFP4 requant; prefill+decode via w8a16)
[2m2026-09-06T02:11:09.985165Z[0m [32m INFO[0m [2mspark_model::weight_map::model_a[0m[2m:[0m dense_keep_f32: promoting model.language_model.layers.32.linear_attn.A_log from BF16 to FP32 ([48])
[2m2026-09-06T02:11:09.985222Z[0m [32m INFO[0m [2mspark_model::weight_map::model_a[0m[2m:[0m dense_keep_f32: promoting model.language_model.layers.32.linear_attn.dt_bias from BF16 to FP32 ([48])
[2m2026-09-06T02:11:09.986147Z[0m [32m INFO[0m [2mspark_model::layers::qwen3_ssm::init[0m[2m:[0m GDN state spine: gated_delta_rule_chunk_delta_h_vfused
[2m2026-09-06T02:11:09.986200Z[0m [32m INFO[0m [2mspark_model::weight_loader::qwen35_dense[0m[2m:[0m SSM[model.language_model.layers.32] native FP8 GDN: qkvz+out_proj block-scaled FP8 (no NVFP4 requant; prefill+decode via w8a16)
[2m2026-09-06T02:11:09.992871Z[0m [32m INFO[0m [2mspark_model::weight_map::model_a[0m[2m:[0m dense_keep_f32: promoting model.language_model.layers.33.linear_attn.A_log from BF16 to FP32 ([48])
[2m2026-09-06T02:11:09.992926Z[0m [32m INFO[0m [2mspark_model::weight_map::model_a[0m[2m:[0m dense_keep_f32: promoting model.language_model.layers.33.linear_attn.dt_bias from BF16 to FP32 ([48])
[2m2026-09-06T02:11:09.993946Z[0m [32m INFO[0m [2mspark_model::layers::qwen3_ssm::init[0m[2m:[0m GDN state spine: gated_delta_rule_chunk_delta_h_vfused
[2m2026-09-06T02:11:09.993997Z[0m [32m INFO[0m [2mspark_model::weight_loader::qwen35_dense[0m[2m:[0m SSM[model.language_model.layers.33] native FP8 GDN: qkvz+out_proj block-scaled FP8 (no NVFP4 requant; prefill+decode via w8a16)
[2m2026-09-06T02:11:10.000613Z[0m [32m INFO[0m [2mspark_model::weight_map::model_a[0m[2m:[0m dense_keep_f32: promoting model.language_model.layers.34.linear_attn.A_log from BF16 to FP32 ([48])
[2m2026-09-06T02:11:10.000657Z[0m [32m INFO[0m [2mspark_model::weight_map::model_a[0m[2m:[0m dense_keep_f32: promoting model.language_model.layers.34.linear_attn.dt_bias from BF16 to FP32 ([48])
[2m2026-09-06T02:11:10.001520Z[0m [32m INFO[0m [2mspark_model::layers::qwen3_ssm::init[0m[2m:[0m GDN state spine: gated_delta_rule_chunk_delta_h_vfused
[2m2026-09-06T02:11:10.001568Z[0m [32m INFO[0m [2mspark_model::weight_loader::qwen35_dense[0m[2m:[0m SSM[model.language_model.layers.34] native FP8 GDN: qkvz+out_proj block-scaled FP8 (no NVFP4 requant; prefill+decode via w8a16)
[2m2026-09-06T02:11:10.020943Z[0m [32m INFO[0m [2mspark_model::weight_map::model_a[0m[2m:[0m dense_keep_f32: promoting model.language_model.layers.36.linear_attn.A_log from BF16 to FP32 ([48])
[2m2026-09-06T02:11:10.020996Z[0m [32m INFO[0m [2mspark_model::weight_map::model_a[0m[2m:[0m dense_keep_f32: promoting model.language_model.layers.36.linear_attn.dt_bias from BF16 to FP32 ([48])
[2m2026-09-06T02:11:10.022034Z[0m [32m INFO[0m [2mspark_model::layers::qwen3_ssm::init[0m[2m:[0m GDN state spine: gated_delta_rule_chunk_delta_h_vfused
[2m2026-09-06T02:11:10.022084Z[0m [32m INFO[0m [2mspark_model::weight_loader::qwen35_dense[0m[2m:[0m SSM[model.language_model.layers.36] native FP8 GDN: qkvz+out_proj block-scaled FP8 (no NVFP4 requant; prefill+decode via w8a16)
[2m2026-09-06T02:11:10.028682Z[0m [32m INFO[0m [2mspark_model::weight_map::model_a[0m[2m:[0m dense_keep_f32: promoting model.language_model.layers.37.linear_attn.A_log from BF16 to FP32 ([48])
[2m2026-09-06T02:11:10.028728Z[0m [32m INFO[0m [2mspark_model::weight_map::model_a[0m[2m:[0m dense_keep_f32: promoting model.language_model.layers.37.linear_attn.dt_bias from BF16 to FP32 ([48])
[2m2026-09-06T02:11:10.029637Z[0m [32m INFO[0m [2mspark_model::layers::qwen3_ssm::init[0m[2m:[0m GDN state spine: gated_delta_rule_chunk_delta_h_vfused
[2m2026-09-06T02:11:10.029686Z[0m [32m INFO[0m [2mspark_model::weight_loader::qwen35_dense[0m[2m:[0m SSM[model.language_model.layers.37] native FP8 GDN: qkvz+out_proj block-scaled FP8 (no NVFP4 requant; prefill+decode via w8a16)
[2m2026-09-06T02:11:10.036262Z[0m [32m INFO[0m [2mspark_model::weight_map::model_a[0m[2m:[0m dense_keep_f32: promoting model.language_model.layers.38.linear_attn.A_log from BF16 to FP32 ([48])
[2m2026-09-06T02:11:10.036306Z[0m [32m INFO[0m [2mspark_model::weight_map::model_a[0m[2m:[0m dense_keep_f32: promoting model.language_model.layers.38.linear_attn.dt_bias from BF16 to FP32 ([48])
[2m2026-09-06T02:11:10.037348Z[0m [32m INFO[0m [2mspark_model::layers::qwen3_ssm::init[0m[2m:[0m GDN state spine: gated_delta_rule_chunk_delta_h_vfused
[2m2026-09-06T02:11:10.037397Z[0m [32m INFO[0m [2mspark_model::weight_loader::qwen35_dense[0m[2m:[0m SSM[model.language_model.layers.38] native FP8 GDN: qkvz+out_proj block-scaled FP8 (no NVFP4 requant; prefill+decode via w8a16)
[2m2026-09-06T02:11:10.050114Z[0m [32m INFO[0m [2mspark_model::weight_loader::qwen35_dense[0m[2m:[0m Loaded layers 0..40
[2m2026-09-06T02:11:10.056759Z[0m [32m INFO[0m [2mspark_model::weight_map::model_a[0m[2m:[0m dense_keep_f32: promoting model.language_model.layers.40.linear_attn.A_log from BF16 to FP32 ([48])
[2m2026-09-06T02:11:10.056806Z[0m [32m INFO[0m [2mspark_model::weight_map::model_a[0m[2m:[0m dense_keep_f32: promoting model.language_model.layers.40.linear_attn.dt_bias from BF16 to FP32 ([48])
[2m2026-09-06T02:11:10.057793Z[0m [32m INFO[0m [2mspark_model::layers::qwen3_ssm::init[0m[2m:[0m GDN state spine: gated_delta_rule_chunk_delta_h_vfused
[2m2026-09-06T02:11:10.057843Z[0m [32m INFO[0m [2mspark_model::weight_loader::qwen35_dense[0m[2m:[0m SSM[model.language_model.layers.40] native FP8 GDN: qkvz+out_proj block-scaled FP8 (no NVFP4 requant; prefill+decode via w8a16)
[2m2026-09-06T02:11:10.064442Z[0m [32m INFO[0m [2mspark_model::weight_map::model_a[0m[2m:[0m dense_keep_f32: promoting model.language_model.layers.41.linear_attn.A_log from BF16 to FP32 ([48])
[2m2026-09-06T02:11:10.064488Z[0m [32m INFO[0m [2mspark_model::weight_map::model_a[0m[2m:[0m dense_keep_f32: promoting model.language_model.layers.41.linear_attn.dt_bias from BF16 to FP32 ([48])
[2m2026-09-06T02:11:10.065353Z[0m [32m INFO[0m [2mspark_model::layers::qwen3_ssm::init[0m[2m:[0m GDN state spine: gated_delta_rule_chunk_delta_h_vfused
[2m2026-09-06T02:11:10.065400Z[0m [32m INFO[0m [2mspark_model::weight_loader::qwen35_dense[0m[2m:[0m SSM[model.language_model.layers.41] native FP8 GDN: qkvz+out_proj block-scaled FP8 (no NVFP4 requant; prefill+decode via w8a16)
[2m2026-09-06T02:11:10.072080Z[0m [32m INFO[0m [2mspark_model::weight_map::model_a[0m[2m:[0m dense_keep_f32: promoting model.language_model.layers.42.linear_attn.A_log from BF16 to FP32 ([48])
[2m2026-09-06T02:11:10.072128Z[0m [32m INFO[0m [2mspark_model::weight_map::model_a[0m[2m:[0m dense_keep_f32: promoting model.language_model.layers.42.linear_attn.dt_bias from BF16 to FP32 ([48])
[2m2026-09-06T02:11:10.073123Z[0m [32m INFO[0m [2mspark_model::layers::qwen3_ssm::init[0m[2m:[0m GDN state spine: gated_delta_rule_chunk_delta_h_vfused
[2m2026-09-06T02:11:10.073176Z[0m [32m INFO[0m [2mspark_model::weight_loader::qwen35_dense[0m[2m:[0m SSM[model.language_model.layers.42] native FP8 GDN: qkvz+out_proj block-scaled FP8 (no NVFP4 requant; prefill+decode via w8a16)
[2m2026-09-06T02:11:10.092412Z[0m [32m INFO[0m [2mspark_model::weight_map::model_a[0m[2m:[0m dense_keep_f32: promoting model.language_model.layers.44.linear_attn.A_log from BF16 to FP32 ([48])
[2m2026-09-06T02:11:10.092466Z[0m [32m INFO[0m [2mspark_model::weight_map::model_a[0m[2m:[0m dense_keep_f32: promoting model.language_model.layers.44.linear_attn.dt_bias from BF16 to FP32 ([48])
[2m2026-09-06T02:11:10.093464Z[0m [32m INFO[0m [2mspark_model::layers::qwen3_ssm::init[0m[2m:[0m GDN state spine: gated_delta_rule_chunk_delta_h_vfused
[2m2026-09-06T02:11:10.093514Z[0m [32m INFO[0m [2mspark_model::weight_loader::qwen35_dense[0m[2m:[0m SSM[model.language_model.layers.44] native FP8 GDN: qkvz+out_proj block-scaled FP8 (no NVFP4 requant; prefill+decode via w8a16)
[2m2026-09-06T02:11:10.100074Z[0m [32m INFO[0m [2mspark_model::weight_map::model_a[0m[2m:[0m dense_keep_f32: promoting model.language_model.layers.45.linear_attn.A_log from BF16 to FP32 ([48])
[2m2026-09-06T02:11:10.100118Z[0m [32m INFO[0m [2mspark_model::weight_map::model_a[0m[2m:[0m dense_keep_f32: promoting model.language_model.layers.45.linear_attn.dt_bias from BF16 to FP32 ([48])
[2m2026-09-06T02:11:10.101000Z[0m [32m INFO[0m [2mspark_model::layers::qwen3_ssm::init[0m[2m:[0m GDN state spine: gated_delta_rule_chunk_delta_h_vfused
[2m2026-09-06T02:11:10.101048Z[0m [32m INFO[0m [2mspark_model::weight_loader::qwen35_dense[0m[2m:[0m SSM[model.language_model.layers.45] native FP8 GDN: qkvz+out_proj block-scaled FP8 (no NVFP4 requant; prefill+decode via w8a16)
[2m2026-09-06T02:11:10.107721Z[0m [32m INFO[0m [2mspark_model::weight_map::model_a[0m[2m:[0m dense_keep_f32: promoting model.language_model.layers.46.linear_attn.A_log from BF16 to FP32 ([48])
[2m2026-09-06T02:11:10.107773Z[0m [32m INFO[0m [2mspark_model::weight_map::model_a[0m[2m:[0m dense_keep_f32: promoting model.language_model.layers.46.linear_attn.dt_bias from BF16 to FP32 ([48])
[2m2026-09-06T02:11:10.108807Z[0m [32m INFO[0m [2mspark_model::layers::qwen3_ssm::init[0m[2m:[0m GDN state spine: gated_delta_rule_chunk_delta_h_vfused
[2m2026-09-06T02:11:10.108856Z[0m [32m INFO[0m [2mspark_model::weight_loader::qwen35_dense[0m[2m:[0m SSM[model.language_model.layers.46] native FP8 GDN: qkvz+out_proj block-scaled FP8 (no NVFP4 requant; prefill+decode via w8a16)
[2m2026-09-06T02:11:10.128258Z[0m [32m INFO[0m [2mspark_model::weight_map::model_a[0m[2m:[0m dense_keep_f32: promoting model.language_model.layers.48.linear_attn.A_log from BF16 to FP32 ([48])
[2m2026-09-06T02:11:10.128311Z[0m [32m INFO[0m [2mspark_model::weight_map::model_a[0m[2m:[0m dense_keep_f32: promoting model.language_model.layers.48.linear_attn.dt_bias from BF16 to FP32 ([48])
[2m2026-09-06T02:11:10.129220Z[0m [32m INFO[0m [2mspark_model::layers::qwen3_ssm::init[0m[2m:[0m GDN state spine: gated_delta_rule_chunk_delta_h_vfused
[2m2026-09-06T02:11:10.129269Z[0m [32m INFO[0m [2mspark_model::weight_loader::qwen35_dense[0m[2m:[0m SSM[model.language_model.layers.48] native FP8 GDN: qkvz+out_proj block-scaled FP8 (no NVFP4 requant; prefill+decode via w8a16)
[2m2026-09-06T02:11:10.135894Z[0m [32m INFO[0m [2mspark_model::weight_map::model_a[0m[2m:[0m dense_keep_f32: promoting model.language_model.layers.49.linear_attn.A_log from BF16 to FP32 ([48])
[2m2026-09-06T02:11:10.135938Z[0m [32m INFO[0m [2mspark_model::weight_map::model_a[0m[2m:[0m dense_keep_f32: promoting model.language_model.layers.49.linear_attn.dt_bias from BF16 to FP32 ([48])
[2m2026-09-06T02:11:10.136967Z[0m [32m INFO[0m [2mspark_model::layers::qwen3_ssm::init[0m[2m:[0m GDN state spine: gated_delta_rule_chunk_delta_h_vfused
[2m2026-09-06T02:11:10.137016Z[0m [32m INFO[0m [2mspark_model::weight_loader::qwen35_dense[0m[2m:[0m SSM[model.language_model.layers.49] native FP8 GDN: qkvz+out_proj block-scaled FP8 (no NVFP4 requant; prefill+decode via w8a16)
[2m2026-09-06T02:11:10.143641Z[0m [32m INFO[0m [2mspark_model::weight_map::model_a[0m[2m:[0m dense_keep_f32: promoting model.language_model.layers.50.linear_attn.A_log from BF16 to FP32 ([48])
[2m2026-09-06T02:11:10.143688Z[0m [32m INFO[0m [2mspark_model::weight_map::model_a[0m[2m:[0m dense_keep_f32: promoting model.language_model.layers.50.linear_attn.dt_bias from BF16 to FP32 ([48])
[2m2026-09-06T02:11:10.144592Z[0m [32m INFO[0m [2mspark_model::layers::qwen3_ssm::init[0m[2m:[0m GDN state spine: gated_delta_rule_chunk_delta_h_vfused
[2m2026-09-06T02:11:10.144639Z[0m [32m INFO[0m [2mspark_model::weight_loader::qwen35_dense[0m[2m:[0m SSM[model.language_model.layers.50] native FP8 GDN: qkvz+out_proj block-scaled FP8 (no NVFP4 requant; prefill+decode via w8a16)
[2m2026-09-06T02:11:10.164070Z[0m [32m INFO[0m [2mspark_model::weight_map::model_a[0m[2m:[0m dense_keep_f32: promoting model.language_model.layers.52.linear_attn.A_log from BF16 to FP32 ([48])
[2m2026-09-06T02:11:10.164126Z[0m [32m INFO[0m [2mspark_model::weight_map::model_a[0m[2m:[0m dense_keep_f32: promoting model.language_model.layers.52.linear_attn.dt_bias from BF16 to FP32 ([48])
[2m2026-09-06T02:11:10.165044Z[0m [32m INFO[0m [2mspark_model::layers::qwen3_ssm::init[0m[2m:[0m GDN state spine: gated_delta_rule_chunk_delta_h_vfused
[2m2026-09-06T02:11:10.165094Z[0m [32m INFO[0m [2mspark_model::weight_loader::qwen35_dense[0m[2m:[0m SSM[model.language_model.layers.52] native FP8 GDN: qkvz+out_proj block-scaled FP8 (no NVFP4 requant; prefill+decode via w8a16)
[2m2026-09-06T02:11:10.171739Z[0m [32m INFO[0m [2mspark_model::weight_map::model_a[0m[2m:[0m dense_keep_f32: promoting model.language_model.layers.53.linear_attn.A_log from BF16 to FP32 ([48])
[2m2026-09-06T02:11:10.171792Z[0m [32m INFO[0m [2mspark_model::weight_map::model_a[0m[2m:[0m dense_keep_f32: promoting model.language_model.layers.53.linear_attn.dt_bias from BF16 to FP32 ([48])
[2m2026-09-06T02:11:10.172824Z[0m [32m INFO[0m [2mspark_model::layers::qwen3_ssm::init[0m[2m:[0m GDN state spine: gated_delta_rule_chunk_delta_h_vfused
[2m2026-09-06T02:11:10.172874Z[0m [32m INFO[0m [2mspark_model::weight_loader::qwen35_dense[0m[2m:[0m SSM[model.language_model.layers.53] native FP8 GDN: qkvz+out_proj block-scaled FP8 (no NVFP4 requant; prefill+decode via w8a16)
[2m2026-09-06T02:11:10.179487Z[0m [32m INFO[0m [2mspark_model::weight_map::model_a[0m[2m:[0m dense_keep_f32: promoting model.language_model.layers.54.linear_attn.A_log from BF16 to FP32 ([48])
[2m2026-09-06T02:11:10.179532Z[0m [32m INFO[0m [2mspark_model::weight_map::model_a[0m[2m:[0m dense_keep_f32: promoting model.language_model.layers.54.linear_attn.dt_bias from BF16 to FP32 ([48])
[2m2026-09-06T02:11:10.180439Z[0m [32m INFO[0m [2mspark_model::layers::qwen3_ssm::init[0m[2m:[0m GDN state spine: gated_delta_rule_chunk_delta_h_vfused
[2m2026-09-06T02:11:10.180487Z[0m [32m INFO[0m [2mspark_model::weight_loader::qwen35_dense[0m[2m:[0m SSM[model.language_model.layers.54] native FP8 GDN: qkvz+out_proj block-scaled FP8 (no NVFP4 requant; prefill+decode via w8a16)
[2m2026-09-06T02:11:10.199870Z[0m [32m INFO[0m [2mspark_model::weight_map::model_a[0m[2m:[0m dense_keep_f32: promoting model.language_model.layers.56.linear_attn.A_log from BF16 to FP32 ([48])
[2m2026-09-06T02:11:10.199923Z[0m [32m INFO[0m [2mspark_model::weight_map::model_a[0m[2m:[0m dense_keep_f32: promoting model.language_model.layers.56.linear_attn.dt_bias from BF16 to FP32 ([48])
[2m2026-09-06T02:11:10.200797Z[0m [32m INFO[0m [2mspark_model::layers::qwen3_ssm::init[0m[2m:[0m GDN state spine: gated_delta_rule_chunk_delta_h_vfused
[2m2026-09-06T02:11:10.200846Z[0m [32m INFO[0m [2mspark_model::weight_loader::qwen35_dense[0m[2m:[0m SSM[model.language_model.layers.56] native FP8 GDN: qkvz+out_proj block-scaled FP8 (no NVFP4 requant; prefill+decode via w8a16)
[2m2026-09-06T02:11:10.207479Z[0m [32m INFO[0m [2mspark_model::weight_map::model_a[0m[2m:[0m dense_keep_f32: promoting model.language_model.layers.57.linear_attn.A_log from BF16 to FP32 ([48])
[2m2026-09-06T02:11:10.207526Z[0m [32m INFO[0m [2mspark_model::weight_map::model_a[0m[2m:[0m dense_keep_f32: promoting model.language_model.layers.57.linear_attn.dt_bias from BF16 to FP32 ([48])
[2m2026-09-06T02:11:10.208535Z[0m [32m INFO[0m [2mspark_model::layers::qwen3_ssm::init[0m[2m:[0m GDN state spine: gated_delta_rule_chunk_delta_h_vfused
[2m2026-09-06T02:11:10.208584Z[0m [32m INFO[0m [2mspark_model::weight_loader::qwen35_dense[0m[2m:[0m SSM[model.language_model.layers.57] native FP8 GDN: qkvz+out_proj block-scaled FP8 (no NVFP4 requant; prefill+decode via w8a16)
[2m2026-09-06T02:11:10.215207Z[0m [32m INFO[0m [2mspark_model::weight_map::model_a[0m[2m:[0m dense_keep_f32: promoting model.language_model.layers.58.linear_attn.A_log from BF16 to FP32 ([48])
[2m2026-09-06T02:11:10.215254Z[0m [32m INFO[0m [2mspark_model::weight_map::model_a[0m[2m:[0m dense_keep_f32: promoting model.language_model.layers.58.linear_attn.dt_bias from BF16 to FP32 ([48])
[2m2026-09-06T02:11:10.216119Z[0m [32m INFO[0m [2mspark_model::layers::qwen3_ssm::init[0m[2m:[0m GDN state spine: gated_delta_rule_chunk_delta_h_vfused
[2m2026-09-06T02:11:10.216170Z[0m [32m INFO[0m [2mspark_model::weight_loader::qwen35_dense[0m[2m:[0m SSM[model.language_model.layers.58] native FP8 GDN: qkvz+out_proj block-scaled FP8 (no NVFP4 requant; prefill+decode via w8a16)
[2m2026-09-06T02:11:10.228948Z[0m [32m INFO[0m [2mspark_model::weight_loader::qwen35_dense[0m[2m:[0m Loaded layers 0..60
[2m2026-09-06T02:11:10.235551Z[0m [32m INFO[0m [2mspark_model::weight_map::model_a[0m[2m:[0m dense_keep_f32: promoting model.language_model.layers.60.linear_attn.A_log from BF16 to FP32 ([48])
[2m2026-09-06T02:11:10.235611Z[0m [32m INFO[0m [2mspark_model::weight_map::model_a[0m[2m:[0m dense_keep_f32: promoting model.language_model.layers.60.linear_attn.dt_bias from BF16 to FP32 ([48])
[2m2026-09-06T02:11:10.236686Z[0m [32m INFO[0m [2mspark_model::layers::qwen3_ssm::init[0m[2m:[0m GDN state spine: gated_delta_rule_chunk_delta_h_vfused
[2m2026-09-06T02:11:10.236736Z[0m [32m INFO[0m [2mspark_model::weight_loader::qwen35_dense[0m[2m:[0m SSM[model.language_model.layers.60] native FP8 GDN: qkvz+out_proj block-scaled FP8 (no NVFP4 requant; prefill+decode via w8a16)
[2m2026-09-06T02:11:10.243429Z[0m [32m INFO[0m [2mspark_model::weight_map::model_a[0m[2m:[0m dense_keep_f32: promoting model.language_model.layers.61.linear_attn.A_log from BF16 to FP32 ([48])
[2m2026-09-06T02:11:10.243476Z[0m [32m INFO[0m [2mspark_model::weight_map::model_a[0m[2m:[0m dense_keep_f32: promoting model.language_model.layers.61.linear_attn.dt_bias from BF16 to FP32 ([48])
[2m2026-09-06T02:11:10.244416Z[0m [32m INFO[0m [2mspark_model::layers::qwen3_ssm::init[0m[2m:[0m GDN state spine: gated_delta_rule_chunk_delta_h_vfused
[2m2026-09-06T02:11:10.244464Z[0m [32m INFO[0m [2mspark_model::weight_loader::qwen35_dense[0m[2m:[0m SSM[model.language_model.layers.61] native FP8 GDN: qkvz+out_proj block-scaled FP8 (no NVFP4 requant; prefill+decode via w8a16)
[2m2026-09-06T02:11:10.251070Z[0m [32m INFO[0m [2mspark_model::weight_map::model_a[0m[2m:[0m dense_keep_f32: promoting model.language_model.layers.62.linear_attn.A_log from BF16 to FP32 ([48])
[2m2026-09-06T02:11:10.251114Z[0m [32m INFO[0m [2mspark_model::weight_map::model_a[0m[2m:[0m dense_keep_f32: promoting model.language_model.layers.62.linear_attn.dt_bias from BF16 to FP32 ([48])
[2m2026-09-06T02:11:10.252176Z[0m [32m INFO[0m [2mspark_model::layers::qwen3_ssm::init[0m[2m:[0m GDN state spine: gated_delta_rule_chunk_delta_h_vfused
[2m2026-09-06T02:11:10.252225Z[0m [32m INFO[0m [2mspark_model::weight_loader::qwen35_dense[0m[2m:[0m SSM[model.language_model.layers.62] native FP8 GDN: qkvz+out_proj block-scaled FP8 (no NVFP4 requant; prefill+decode via w8a16)
[2m2026-09-06T02:11:10.264997Z[0m [32m INFO[0m [2mspark_model::weight_loader::qwen35_dense[0m[2m:[0m Qwen3.5 dense weight loader: 64 layers (16 attention, 48 SSM, dense FFN)
[2m2026-09-06T02:11:10.265071Z[0m [32m INFO[0m [2mspark_model::factory::build[0m[2m:[0m Layer construction: 27.97 GB consumed (53.09 GB free -> 25.13 GB free) across 64 layers, 437.0 MB/layer average
[2m2026-09-06T02:11:10.265082Z[0m [32m INFO[0m [2mspark_model::weight_loader::qwen35_dense[0m[2m:[0m Loading dense MTP weights (variant=Fp8Dequanted, hidden=5120, inter=17408)
[2m2026-09-06T02:11:10.265971Z[0m [32m INFO[0m [2mspark_model::weight_loader::qwen35_dense[0m[2m:[0m Dense MTP head ready (FP8 e4m3 projections + dense gate/up/down MLP)
[2m2026-09-06T02:11:10.266108Z[0m [33m WARN[0m [2mspark_model::layers::vision_encoder::enc_impl::init[0m[2m:[0m Vision encoder capacity 16384 patches (2048x2048 px) — the resolved area bound wanted 65536 patches, clamped: the ViT score matrix is O(patches^2) and 65536 would need ~24.0 GB of scratch. Lower --vision-max-pixels to reclaim memory, or raise CEILING_MAX_PATCHES only alongside tiled ViT attention.
[2m2026-09-06T02:11:10.270597Z[0m [32m INFO[0m [2mspark_model::weight_loader::qwen35[0m[2m:[0m Qwen3.6 vision encoder loaded: depth=27, hidden=1152, heads=16, FP8-blocks>=4
[2m2026-09-06T02:11:10.270608Z[0m [32m INFO[0m [2mspark_model::quant_format[0m[2m:[0m QuantFormat: fp8 (block-scaled), 0 ignored module(s)
[2m2026-09-06T02:11:10.270616Z[0m [32m INFO[0m [2mspark_model::factory::lm_head_setup[0m[2m:[0m LM head kept as BF16 (skip NVFP4 quantization per model config)
[2m2026-09-06T02:11:10.273499Z[0m [32m INFO[0m [2mspark_runtime::buffers[0m[2m:[0m Buffer arena: 8196 tokens × 3663.7 MB total (attn_out=96.0MB, ssm_deint=256.1MB, kv_lora_rank=0)
[2m2026-09-06T02:11:10.273590Z[0m [32m INFO[0m [2mspark_model::factory::build[0m[2m:[0m KV budget self-relative (ledger): Atlas-own 58.1 GB live in the alloc ledger; 2.0 GB of co-tenant/page-cache use excluded (set ATLAS_KV_EXTERNAL_RESERVE_GB to override)
[2m2026-09-06T02:11:10.273598Z[0m [32m INFO[0m [2mspark_model::factory::build[0m[2m:[0m KV cache: 79.2 GB total × 90% util = 71.3 GB budget; 58.1 GB pre-KV + 8.5 GB reserve → 4.6 GB for KV → 7612 blocks × 16 tok/block = 121792 max KV tokens
[2m2026-09-06T02:11:10.277181Z[0m [32m INFO[0m [2mspark_runtime::kv_cache::paged_impl[0m[2m:[0m KV cache: 7612 blocks × 16 layers (4 high-precision) = 4.6 GB total (mixed dtype)
[2m2026-09-06T02:11:10.277364Z[0m [32m INFO[0m [2mspark_model::model::drafter_context[0m[2m:[0m MTP drafter context: prefill=ON carry=ON (default). Disable both with ATLAS_NO_MTP_DRAFTER_CONTEXT=1.
[2m2026-09-06T02:11:10.277374Z[0m [32m INFO[0m [2mspark_model::model::impl_a1[0m[2m:[0m TransformerModel: 64 layers, vocab=248077, hidden=5120
[2m2026-09-06T02:11:10.278096Z[0m [32m INFO[0m [2mspark_model::model::ssm_pool[0m[2m:[0m SSM state pool: 4 slots × 48 layers = 606 MB
[2m2026-09-06T02:11:10.298386Z[0m [32m INFO[0m [2mspark_model::model::ssm_snapshot[0m[2m:[0m SSM snapshot pool: Marconi 16 slots (2424 MB), decode-rollback 8 slots × 4 seqs (4848 MB), 48 layers
[2m2026-09-06T02:11:10.298408Z[0m [32m INFO[0m [2mspark_model::model::impl_a1[0m[2m:[0m Marconi intermediate checkpoints: every 256 blocks (4096 tokens at block_size=16)
[2m2026-09-06T02:11:10.298507Z[0m [32m INFO[0m [2mspark_model::model::impl_a1_init[0m[2m:[0m MTP weights available (1 module(s)) but --speculative not set, skipping MTP head construction
[2m2026-09-06T02:11:10.299877Z[0m [32m INFO[0m [2mspark_model::model::impl_a1[0m[2m:[0m Pinned metadata staging: 996 KB
[2m2026-09-06T02:11:10.300490Z[0m [32m INFO[0m [2mspark_model::model::impl_a1_init[0m[2m:[0m GDN prefill buffers: 355 MB for 8196 tokens (chunked SSM prefill)
[2m2026-09-06T02:11:10.301463Z[0m [32m INFO[0m [2mspark_model::factory::build[0m[2m:[0m GPU allocation ledger: 76.13 GB live across 65 sites
[2m2026-09-06T02:11:10.301469Z[0m [32m INFO[0m [2mspark_model::factory::build[0m[2m:[0m     29436.7 MB  x1606  crates/spark-runtime/src/fast_weights/mod.rs:413
[2m2026-09-06T02:11:10.301472Z[0m [32m INFO[0m [2mspark_model::factory::build[0m[2m:[0m      8960.0 MB  x256   crates/spark-model/src/weight_map/loaders_fp8.rs:229
[2m2026-09-06T02:11:10.301475Z[0m [32m INFO[0m [2mspark_model::factory::build[0m[2m:[0m      8960.0 MB  x256   crates/spark-model/src/weight_map/quantized.rs:261
[2m2026-09-06T02:11:10.301477Z[0m [32m INFO[0m [2mspark_model::factory::build[0m[2m:[0m      4608.0 MB  x48    crates/spark-model/src/model/ssm_snapshot.rs:180
[2m2026-09-06T02:11:10.301479Z[0m [32m INFO[0m [2mspark_model::factory::build[0m[2m:[0m      3840.0 MB  x48    crates/spark-model/src/weight_loader/qwen35_dense.rs:135
[2m2026-09-06T02:11:10.301482Z[0m [32m INFO[0m [2mspark_model::factory::build[0m[2m:[0m      2378.8 MB  x16    crates/spark-runtime/src/kv_cache/paged_impl.rs:27
[2m2026-09-06T02:11:10.301484Z[0m [32m INFO[0m [2mspark_model::factory::build[0m[2m:[0m      2378.8 MB  x16    crates/spark-runtime/src/kv_cache/paged_impl.rs:28
[2m2026-09-06T02:11:10.301487Z[0m [32m INFO[0m [2mspark_model::factory::build[0m[2m:[0m      2304.0 MB  x48    crates/spark-model/src/model/ssm_snapshot.rs:165
[2m2026-09-06T02:11:10.301489Z[0m [32m INFO[0m [2mspark_model::factory::build[0m[2m:[0m      1600.0 MB  x64    crates/spark-model/src/weight_map/quantized.rs:643
[2m2026-09-06T02:11:10.301492Z[0m [32m INFO[0m [2mspark_model::factory::build[0m[2m:[0m      1120.0 MB  x256   crates/spark-model/src/weight_map/loaders_fp8.rs:230
[2m2026-09-06T02:11:10.301494Z[0m [32m INFO[0m [2mspark_model::factory::build[0m[2m:[0m      1120.0 MB  x256   crates/spark-model/src/weight_map/quantized.rs:262
[2m2026-09-06T02:11:10.301500Z[0m [32m INFO[0m [2mspark_model::factory::build[0m[2m:[0m       757.5 MB  x2     crates/spark-model/src/model/ssm_pool.rs:149
[2m2026-09-06T02:11:10.301503Z[0m [32m INFO[0m [2mspark_model::factory::build[0m[2m:[0m      5140.1 MB  across 53 smaller sites
[2m2026-09-06T02:11:10.301505Z[0m [32m INFO[0m [2mspark_model::factory::build[0m[2m:[0m   ── by file ──
[2m2026-09-06T02:11:10.301508Z[0m [32m INFO[0m [2mspark_model::factory::build[0m[2m:[0m     29436.7 MB  x1606  crates/spark-runtime/src/fast_weights/mod.rs
[2m2026-09-06T02:11:10.301510Z[0m [32m INFO[0m [2mspark_model::factory::build[0m[2m:[0m     11680.4 MB  x640   crates/spark-model/src/weight_map/quantized.rs
[2m2026-09-06T02:11:10.301512Z[0m [32m INFO[0m [2mspark_model::factory::build[0m[2m:[0m     10084.7 MB  x1072  crates/spark-model/src/weight_map/loaders_fp8.rs
[2m2026-09-06T02:11:10.301515Z[0m [32m INFO[0m [2mspark_model::factory::build[0m[2m:[0m      7272.2 MB  x193   crates/spark-model/src/model/ssm_snapshot.rs
[2m2026-09-06T02:11:10.301517Z[0m [32m INFO[0m [2mspark_model::factory::build[0m[2m:[0m      4757.5 MB  x32    crates/spark-runtime/src/kv_cache/paged_impl.rs
[2m2026-09-06T02:11:10.301519Z[0m [32m INFO[0m [2mspark_model::factory::build[0m[2m:[0m      3840.9 MB  x96    crates/spark-model/src/weight_loader/qwen35_dense.rs
[2m2026-09-06T02:11:10.301522Z[0m [32m INFO[0m [2mspark_model::factory::build[0m[2m:[0m      3663.7 MB  x34    crates/spark-runtime/src/buffers.rs
[2m2026-09-06T02:11:10.301524Z[0m [32m INFO[0m [2mspark_model::factory::build[0m[2m:[0m       757.5 MB  x2     crates/spark-model/src/model/ssm_pool.rs
[2m2026-09-06T02:11:10.301526Z[0m [32m INFO[0m [2mspark_model::factory::build[0m[2m:[0m       710.0 MB  x7     crates/spark-model/src/weight_map/quant_helpers.rs
[2m2026-09-06T02:11:10.301529Z[0m [32m INFO[0m [2mspark_model::factory::build[0m[2m:[0m       355.2 MB  x4     crates/spark-model/src/model/impl_a1_init.rs
[2m2026-09-06T02:11:10.301531Z[0m [32m INFO[0m [2mspark_model::factory::build[0m[2m:[0m        45.0 MB  x48    crates/spark-model/src/weight_map/fp8_lut.rs
[2m2026-09-06T02:11:10.301533Z[0m [32m INFO[0m [2mspark_model::factory::build[0m[2m:[0m         0.0 MB  x4     crates/spark-model/src/model/impl_a1.rs
[2m2026-09-06T02:11:10.301547Z[0m [32m INFO[0m [2mspark_model::factory::build[0m[2m:[0m util pledge honored: 70.9 GB tracked live within the 71.3 GB budget (0.4 GB pledge headroom)
[2m2026-09-06T02:11:10.376021Z[0m [32m INFO[0m [2mspark::main_modules::serve_phases::kernel_gate[0m[2m:[0m 
┌─ Kernel load audit ─ 181 kernels embedded · set-hash f46919654977 ─
│ MODULE (operation)                 PTX-HASH       RESOLUTION           SHADOWED
│ ────────────────────────────────────────────────────────────────────────────────────
│ argmax                             a3d8f119da7a   used                 N
│ bf16_add                           c545be6b71cf   -                    N
│ causal_conv1d                      7ab0b25e6e35   used                 N
│ dense_gemv_bf16_batch2             e1f4168736fb   used                 N
│ dense_gemv_bf16_batchm             81909bd83184   used                 N
│ dense_gemv_fp8w_batch2             a567517f18dc   used                 N
│ dequant_fp8_blockscaled_bf16       7ca785f6615b   used                 N
│ dequant_gguf_bf16                  3ea7d0fc8c6f   used                 N
│ dequant_nvfp4_bf16                 f19c898469a3   used                 N
│ dflash2                            505e703883e7   -                    N
│ e2m1                               ee092f6a0007   -                    N
│ embed_from_argmax                  33d7f5f7f9ec   used                 N
│ fp8_gemm_t_blockscaled             e38442d64e75   used                 N
│ fp8_gemv_rt                        3eaa87894534   -                    N
│ fused_k_norm_rope_cache            274a231d8067   used                 N
│ gated_delta_rule                   e468368f89d0   used                 N
│ gated_delta_rule_fla               b314a4eac529   used                 N
│ gated_delta_rule_persistent        15477a7a1949   used                 N
│ gated_delta_rule_regresident       fc021d4f0478   used                 N
│ gated_delta_rule_snap              4986925d1f05   used                 N
│ gated_delta_rule_wy                1f709adb59e1   used                 N
│ gated_delta_rule_wy17              5710cd8277c5   used                 N
│ gated_delta_rule_wy2_resident      5ef790286dd4   used                 N
│ gated_delta_rule_wy2_resident_f16  6241545d5063   used                 N
│ gated_delta_rule_wy3               f9c827f61f90   used                 N
│ gated_delta_rule_wy3_f16           89fc19007532   used                 N
│ gated_delta_rule_wy3_resident      fca8d31d0845   used                 N
│ gated_delta_rule_wy3_resident_f16  b5e49523c387   used                 N
│ gated_delta_rule_wy4               564b543b338f   used                 N
│ gated_delta_rule_wy4_f16           89c1fed78a9f   used                 N
│ gated_delta_rule_wy64_prefill      d3decc3327aa   used                 N
│ gated_delta_rule_wy_f16            51c86719c030   used                 N
│ gated_delta_rule_wyn               cdc277e13c48   used                 N
│ gdn_verify_fused_conv_kn           66bd2cc1acf2   used                 N
│ gdn_verify_fused_conv_kn_f32       73446979a530   used                 N
│ gdn_verify_fused_k2                32f1b2749c62   used                 N
│ gemm                               0efe3af7944d   used                 N
│ gemm_splitk                        0c472718bd89   used                 N
│ gemm_tc                            c9cd4a74aa86   used                 N
│ gemv                               98694eec2dfa   used                 N
│ gemv_fp8w                          64caf0b46229   used                 N
│ inferspark_decode                  5135eced3f7f   -                    N
│ inferspark_prefill                 cf58fea48707   used                 N
│ inferspark_prefill_h128            b8e20d30cc9b   -                    N
│ inferspark_prefill_paged_512       f9c2777dc77d   -                    N
│ inferspark_prefill_paged_batched   e3e19bfa20a2   used                 N
│ inferspark_prefill_paged_fp8_batched dabea5428b89   used                 N
│ inferspark_prefill_paged_nvfp4_batched 9728f96cbb4d   used                 N
│ inferspark_prefill_v47             a75c748d0c9f   -                    N
│ kv_cache                           2b4e52b6d337   -                    N
│ lora_bgmv                          c92ad2a0e2bc   -                    N
│ mamba2_ssd_chunk                   39635a3f8333   -                    N
│ mamba2_ssm                         ab9f97ce499b   -                    N
│ metadata_fill                      1d5bf751196c   used                 N
│ moe                                c0c4cff565f5   -                    N
│ moe_bf16_grouped_gemm              07cb1657897f   -                    N
│ moe_decode_atomic_c4               0b21e7b32872   -                    N
│ moe_expert_gemv                    bc99a28c1fbe   -                    N
│ moe_expert_gemv_fused              fcb5c21d01e5   -                    N
│ moe_fp8_grouped_gemm               b7cc6e252b3e   -                    N
│ moe_fused_batch2                   5c35a6941de7   -                    N
│ moe_fused_batch3                   f63c53f276e3   -                    N
│ moe_gate_topk                      a8fd3c3b3db9   -                    N
│ moe_hash_route                     4c9092b0b5bd   -                    N
│ moe_lora_gather_bgmv               fe7e1af640f6   -                    N
│ moe_lora_grouped_down              197182c49d84   -                    N
│ moe_prefill                        97146a516b9b   -                    N
│ moe_relu2_fused                    a72403bf6dd7   -                    N
│ moe_shared_expert_fused            b68db854cf10   -                    N
│ moe_shared_expert_fused_batch2_t   b83c587dd066   -                    N
│ moe_shared_expert_fused_batch3_t   141b291be42d   -                    N
│ moe_shared_expert_fused_bf16       110548889e0f   -                    N
│ moe_shared_expert_fused_bf16_batch2 e562ae77741f   -                    N
│ moe_shared_expert_fused_fp8        9ee897f90bf4   -                    N
│ moe_shared_expert_fused_fp8_batch2 b4c0ae76cd35   -                    N
│ moe_shared_expert_fused_fp8_batch2_t 152d4f318a09   -                    N
│ moe_shared_expert_fused_fp8_batch3 fbba7016b029   -                    N
│ moe_shared_expert_fused_fp8_batch3_t 0387c0d01bd7   -                    N
│ moe_shared_expert_fused_fp8_t      8542d58d5a49   -                    N
│ moe_shared_expert_fused_t          90de732f2498   -                    N
│ moe_silu_mul                       944a461c9c33   used                 N
│ moe_sorted                         4e3692d4b59c   -                    N
│ moe_topk                           ceaf62b9ee78   -                    N
│ moe_topk_sig                       c9078eb548f0   -                    N
│ moe_topk_softmax_bias              9e33f60b21f0   -                    N
│ moe_topk_sqrt                      55316962d0f0   -                    N
│ moe_transpose_batched              548c1c368da1   -                    N
│ moe_w4a16                          cb75cb278ecc   -                    Y (1 dropped)
│ moe_w8a8_grouped_gemm              2ab8b585f13a   -                    N
│ nemotron_moe_prefill               7d611384a880   -                    N
│ nllb_encoder                       9c06ebec859c   -                    N
│ norm                               39583f167b56   used                 N
│ nvfp4_mmq                          1b9de36da8d7   ** lookup FAILED **  N
│ paged_decode                       f9cf37f937a3   used                 N
│ paged_decode_bf16k_turbo2v         ae57e28ccf0a   -                    N
│ paged_decode_bf16k_turbo2v_128     c72279607077   -                    N
│ paged_decode_bf16k_turbo3v         0a00279aedf6   -                    N
│ paged_decode_bf16k_turbo3v_128     cf4f70644d26   -                    N
│ paged_decode_bf16k_turbo4v         f10fe0d153c6   -                    N
│ paged_decode_bf16k_turbo4v_128     084f13d8a3bc   -                    N
│ paged_decode_fp8                   e5acd87bc335   used                 N
│ paged_decode_fp8k_turbo2v          73568425d01b   -                    N
│ paged_decode_fp8k_turbo2v_128      f95969bfa730   -                    N
│ paged_decode_fp8k_turbo3v          7875a2251caf   -                    N
│ paged_decode_fp8k_turbo3v_128      c27da47baf4a   -                    N
│ paged_decode_fp8k_turbo4v          be5202228465   -                    N
│ paged_decode_fp8k_turbo4v_128      16c05e5cad14   -                    N
│ paged_decode_nvfp4                 2075fb3fac85   -                    N
│ paged_decode_turbo2                f4e19492e218   -                    N
│ paged_decode_turbo2_128            81cdb2be29f6   -                    N
│ paged_decode_turbo3                31ad1778a26f   -                    N
│ paged_decode_turbo3_128            dc2ff01c04f1   -                    N
│ paged_decode_turbo3k_turbo8v       3e8243b1561a   -                    N
│ paged_decode_turbo3k_turbo8v_128   80b7daca9986   -                    N
│ paged_decode_turbo4                195bbebc87b0   -                    N
│ paged_decode_turbo4_128            121f53435ee4   -                    N
│ paged_decode_turbo4_512            e53a1bd3d8a8   -                    N
│ paged_decode_turbo4k_turbo3v       ddd70af4c1be   -                    N
│ paged_decode_turbo4k_turbo3v_128   4eac023391a7   -                    N
│ paged_decode_turbo4k_turbo8v       7e4af1d8d58f   -                    N
│ paged_decode_turbo4k_turbo8v_128   d6129769be1d   -                    N
│ paged_decode_turbo8                a3cebd74bed2   -                    N
│ paged_decode_turbo8_128            a7811959aad6   -                    N
│ paged_decode_turbo8_512            d85b7e70ef63   -                    N
│ per_token_group_quant_fp8          60432b374f77   used                 N
│ prefill_fp8kv                      1723bd8cece8   -                    N
│ prefill_paged                      16ac23f76bca   used                 N
│ prefill_paged_bf16k_turbo2v        5632304dc8ff   used                 N
│ prefill_paged_bf16k_turbo3v        10bba38b0548   used                 N
│ prefill_paged_bf16k_turbo4v        1677758ae47a   used                 N
│ prefill_paged_fp8                  c28e747ccf9f   used                 N
│ prefill_paged_fp8k_turbo2v         2df8caa3927b   used                 N
│ prefill_paged_fp8k_turbo3v         2d57552506fb   used                 N
│ prefill_paged_fp8k_turbo4v         c2166490c6d3   used                 N
│ prefill_paged_indirect             33ce2f69ec12   -                    N
│ prefill_paged_nvfp4                ce0d8d9a60d3   used                 N
│ prefill_paged_turbo2               a9a23e2b3d03   used                 N
│ prefill_paged_turbo3               ce0017962e68   used                 N
│ prefill_paged_turbo3k_turbo8v      1f1892971511   used                 N
│ prefill_paged_turbo4               7c58b7ce9229   used                 N
│ prefill_paged_turbo4k_turbo3v      12db335dcfdd   used                 N
│ prefill_paged_turbo4k_turbo8v      081397cc5fb8   used                 N
│ prefill_paged_turbo8               e45bf3407a1b   used                 N
│ q2_0_gemv                          d94e369bebea   -                    N
│ q2_0_gemv_vec                      461e4edb18bb   used                 N
│ q2_0_mmq                           ef4567863bc7   -                    N
│ q4k_mmq                            25c10c146dcb   used                 N
│ q4k_quantize                       6867acf16579   used                 N
│ quant_rowwise_fp8                  1e626b8a3a25   -                    N
│ quantize_bf16_to_fp8_blockscaled   68ebed9e2706   -                    N
│ quantize_nvfp4                     225759ad81f9   used                 N
│ relu2                              9ca7d0d89bcb   -                    N
│ reshape_and_cache                  1ff39b18cce3   used                 N
│ reshape_and_cache_turbo            5bd3666c2efb   -                    N
│ residual_add                       6f5cda944230   used                 N
│ rms_norm_vanilla                   afca074afa31   -                    N
│ rope                               0c9e11777609   used                 N
│ rope_mrope_interleaved             3ad05b8ad684   used                 N
│ ssm_h_dtype                        71fc4ec62b4a   used                 N
│ ssm_preprocess                     be3ce7f5576c   used                 N
│ ssm_state_norm                     d360f511d031   used                 N
│ token_overlay                      36b987f13fe3   used                 N
│ tq_plus_innerq_apply               f386b419370d   used                 N
│ transpose_u8                       231b85b903d6   used                 N
│ vector_add                         c5307a23277d   -                    N
│ vision_encoder                     5d5643ec9948   used                 N
│ w4a16                              dc01c5df5ddf   used                 Y (1 dropped)
│ w4a16_fp8_ldmab                    26f1c1f2dd4e   -                    N
│ w4a16_gemv                         2f285c75f86d   used                 N
│ w4a16_gemv_fused                   9e9778cd14d2   used                 N
│ w4a16_v2                           46f16f6526e7   -                    N
│ w4a4                               2134e3b65912   ** lookup FAILED **  N
│ w8a16_gemm                         e974f7e0d13f   used                 N
│ w8a16_gemm_pipelined               15f207518fa6   used                 N
│ w8a16_gemm_t                       60091e2746f7   used                 N
│ w8a16_gemm_t_m128                  7ff753cd8aa3   used                 N
│ w8a16_gemv                         55805d4299d9   used                 N
│ w8a16_gemv_batch4                  a5a48306d4d1   used                 N
│ w8a16_gemv_fused                   646930a34817   used                 N
│ wht_bf16                           4a07ee00eb6c   used                 N
│ widen_block_scale_f32              6db3bf165dfa   used                 N
└─

15 kernel(s) declared expected-absent in this target's MODEL.toml [expected_absent] (no action):
    nvfp4_mmq::atlas_nvfp4_mmq128_nc, nvfp4_mmq::atlas_nvfp4_mmq128_wc, nvfp4_mmq::atlas_nvfp4_mmq16_nc, nvfp4_mmq::atlas_nvfp4_mmq16_wc, nvfp4_mmq::atlas_nvfp4_mmq32_nc, nvfp4_mmq::atlas_nvfp4_mmq32_wc, nvfp4_mmq::atlas_nvfp4_mmq64_nc, nvfp4_mmq::atlas_nvfp4_mmq64_wc, nvfp4_mmq::atlas_nvfp4_quantize_bf16, nvfp4_mmq::atlas_nvfp4_repack, nvfp4_mmq::atlas_nvfp4_scale_bf16, nvfp4_mmq::atlas_nvfp4_silu_mul_quant, nvfp4_mmq::atlas_nvfp4_silu_mul_scaled, w4a4::w4a4_gemm, w4a4::w4a4_gemm_mfast

[2m2026-09-06T02:11:10.377659Z[0m [32m INFO[0m [2mspark::main_modules::serve_phases::runtime[0m[2m:[0m EOS tokens (from generation_config.json): [248046, 248044]
[2m2026-09-06T02:11:10.377682Z[0m [32m INFO[0m [2mspark::main_modules::serve_phases::runtime[0m[2m:[0m Default sampling: temperature=1, top_k=20, top_p=0.95, top_n_sigma=1, min_p=0
[2m2026-09-06T02:11:10.706775Z[0m [32m INFO[0m [2mspark::tokenizer::jinja_helpers[0m[2m:[0m Loaded Jinja chat template from tokenizer_config.json (8964 chars)
[2m2026-09-06T02:11:10.707399Z[0m [32m INFO[0m [2mspark::tokenizer::chat_impl[0m[2m:[0m Loaded tokenizer from /workspace/atlas-rental/hf38/hub/models--Qwen--Qwen3.8-27B-FP8/snapshots/017b9c7af6b5689d5dd426a76e0bc077eb5ca20a/tokenizer.json
[2m2026-09-06T02:11:10.764798Z[0m [32m INFO[0m [2mspark::main_modules::serve_phases::tokenizer_runtime[0m[2m:[0m Reasoning parser: qwen (auto-detected from model_type 'qwen3_5')
[2m2026-09-06T02:11:10.764989Z[0m [32m INFO[0m [2mspark::main_modules::serve_phases::tokenizer_runtime[0m[2m:[0m Code-fence token: 71093 (``` — F2 fence guard active)
[2m2026-09-06T02:11:10.913889Z[0m [32m INFO[0m [2mspark::main_modules::serve_phases::tokenizer_runtime[0m[2m:[0m Numeric-token mask: 10/248077 ids classified as digit-runs (digit-normalized content-loop path active)
[2m2026-09-06T02:11:11.060763Z[0m [32m INFO[0m [2mspark::main_modules::serve_phases::tokenizer_runtime[0m[2m:[0m Boundary-token mask: 620/248077 ids end in a newline / sentence boundary (Phase-C rollback-to-boundary active)
[2m2026-09-06T02:11:11.212113Z[0m [32m INFO[0m [2mspark::main_modules::serve_phases::tokenizer_runtime[0m[2m:[0m Mid-word token mask: 241519/248077 ids end in alphanumeric (mid-word </think> defer active during thinking)
[2m2026-09-06T02:11:11.212123Z[0m [32m INFO[0m [2mspark::main_modules::serve_phases::tokenizer_runtime[0m[2m:[0m Thinking end token: 248069 (</think>)
[2m2026-09-06T02:11:11.212126Z[0m [32m INFO[0m [2mspark::main_modules::serve_phases::tokenizer_runtime[0m[2m:[0m Thinking start token: 248068 (<think>)
[2m2026-09-06T02:11:11.212141Z[0m [32m INFO[0m [2mspark::main_modules::serve_phases::tokenizer_runtime[0m[2m:[0m ChatML role-boundary hard stop: <|im_start|> (id 248045) registered
[2m2026-09-06T02:11:11.212151Z[0m [32m INFO[0m [2mspark::main_modules::serve_phases::tokenizer_runtime[0m[2m:[0m Tool-response hard stop: <tool_response> (id 248066) registered
[2m2026-09-06T02:11:11.212217Z[0m [32m INFO[0m [2mspark::main_modules::serve_phases::tokenizer_runtime[0m[2m:[0m Tool call start token: 248058 (<tool_call>)
[2m2026-09-06T02:11:11.212225Z[0m [32m INFO[0m [2mspark::main_modules::serve_phases::tokenizer_runtime[0m[2m:[0m Tool call end token: 248059 (</tool_call>)
[2m2026-09-06T02:11:11.487502Z[0m [32m INFO[0m [2mspark::grammar::engine[0m[2m:[0m Grammar: detected tokenizer vocab_type=byte_level, add_prefix_space=false
[2m2026-09-06T02:11:11.727536Z[0m [32m INFO[0m [2mspark::main_modules::serve_phases::tokenizer_runtime[0m[2m:[0m Grammar engine initialized (vocab_size=248077, vocab_type=auto-detected from tokenizer)
[2m2026-09-06T02:11:11.727778Z[0m [32m INFO[0m [2mspark::main_modules::serve_load[0m[2m:[0m Scheduling policy: SLAI (TBT deadline=100ms)
[2m2026-09-06T02:11:11.727934Z[0m [32m INFO[0m [2mspark::main_modules::serve_phases::runtime[0m[2m:[0m Tool call parser: qwen3_coder (auto-detected from model_type 'qwen3_5')
[2m2026-09-06T02:11:11.727942Z[0m [32m INFO[0m [2mspark::main_modules::serve_phases::runtime[0m[2m:[0m Tool call parser: 'qwen3_coder' has registered XGrammar grammar — constrained decoding ENABLED for tool requests
[2m2026-09-06T02:11:11.727949Z[0m [32m INFO[0m [2mspark::main_modules::serve_phases::runtime[0m[2m:[0m Response store: max_entries=10000, ttl=86400s, persist=memory-only
[2m2026-09-06T02:11:11.727961Z[0m [32m INFO[0m [2mspark::main_modules::serve_phases::runtime[0m[2m:[0m Model behavior: max_thinking_budget=2048, thinking_default=true
[2m2026-09-06T02:11:11.727965Z[0m [32m INFO[0m [2mspark::main_modules::serve_phases::runtime[0m[2m:[0m Model behavior: content-loop watchdog ENABLED (period-2…64 repetition detector)
[2m2026-09-06T02:11:11.727968Z[0m [32m INFO[0m [2mspark::main_modules::serve_phases::runtime[0m[2m:[0m Model behavior: watchdog rollback+re-steer ENABLED (cap 2 per sequence)
[2m2026-09-06T02:11:11.727972Z[0m [32m INFO[0m [2mspark::main_modules::serve_phases::runtime[0m[2m:[0m --disable-thinking set: thinking is forced OFF for every request
[2m2026-09-06T02:11:11.728171Z[0m [32m INFO[0m [2mspark::scheduler[0m[2m:[0m Scheduler started (batched mode, max_batch=4, mtp=false, ngram=false, num_drafts=0, policy=slai, chunked_prefill=true, max_prefill_tokens=8192)
[2m2026-09-06T02:11:11.728988Z[0m [32m INFO[0m [2mspark::scheduler[0m[2m:[0m Swap space: 3 GB at /tmp/atlas-swap-205039
[2m2026-09-06T02:11:11.730322Z[0m [33m WARN[0m [2mspark::main_modules::serve_router[0m[2m:[0m Atlas is listening on 0.0.0.0:8888 — reachable from any host on the network. If this machine is on a shared LAN or has a public IP, pass --bind 127.0.0.1 (or set --require-auth and a real firewall) before accepting traffic.
[2m2026-09-06T02:11:11.730448Z[0m [32m INFO[0m [2mspark::main_modules::serve_router[0m[2m:[0m Server live and ready at 127.0.0.1:8888 running Qwen/Qwen3.8-27B-FP8
[2m2026-09-06T02:11:12.409947Z[0m [32m INFO[0m [2mspark::api::chat::prepare[0m[2m:[0m Request: model=Qwen/Qwen3.8-27B-FP8, messages=1, tools=0, tools_active=false, tool_choice=None, stream=false, temp=Some(0.0), max_tokens=1, freq_pen=Some(0.0), rep_pen=None
[2m2026-09-06T02:11:12.410283Z[0m [32m INFO[0m [2mspark::tokenizer::chat_impl[0m[2m:[0m Jinja rendered (71 chars): "<|im_start|>user\nhi<|im_end|>\n<|im_start|>assistant\n<think>\n\n</think>\n\n"
[2m2026-09-06T02:11:12.410718Z[0m [32m INFO[0m [2mspark::api::chat[0m[2m:[0m Session 0xad17a500a5cd2703: 13 prompt tokens, tools=false (0 defined)
[2m2026-09-06T02:11:12.410769Z[0m [32m INFO[0m [2mspark::api::chat::sampling_setup[0m[2m:[0m sampling resolved (first request): temp=0.000 top_p=0.950 top_k=20 min_p=0.0000 top_n_sigma=1.0000 rep_pen=1.000 (core_preset=false)
[2m2026-09-06T02:11:12.411540Z[0m [32m INFO[0m [2mspark::scheduler::prefill_a_step[0m[2m:[0m Chunked prefill start: 13 prompt tokens, chunk_size=13, max_tokens=1
[2m2026-09-06T02:11:12.413838Z[0m [32m INFO[0m [2mspark_model::layers::qwen3_ssm::trait_prefill_recur[0m[2m:[0m GDN prefill: FLA chunked path ACTIVE (baked default: recompute_wu → chunk_delta_h_ksplit → chunk_fwd_o)
[2m2026-09-06T02:11:12.445383Z[0m [32m INFO[0m [2mspark_model::layers::fp8_calibration[0m[2m:[0m FP8 KV scale frozen on first observe (13 tok, headroom=2.0): k_scale=0.064453 (max=14.44), v_scale=0.038225 (max=8.56) — constant for all entries
[2m2026-09-06T02:11:12.456747Z[0m [32m INFO[0m [2mspark_model::layers::fp8_calibration[0m[2m:[0m FP8 KV scale frozen on first observe (13 tok, headroom=2.0): k_scale=0.079799 (max=17.88), v_scale=0.026228 (max=5.88) — constant for all entries
[2m2026-09-06T02:11:12.468077Z[0m [32m INFO[0m [2mspark_model::layers::fp8_calibration[0m[2m:[0m FP8 KV scale frozen on first observe (13 tok, headroom=2.0): k_scale=0.080915 (max=18.12), v_scale=0.025949 (max=5.81) — constant for all entries
[2m2026-09-06T02:11:12.479389Z[0m [32m INFO[0m [2mspark_model::layers::fp8_calibration[0m[2m:[0m FP8 KV scale frozen on first observe (13 tok, headroom=2.0): k_scale=0.090402 (max=20.25), v_scale=0.061663 (max=13.81) — constant for all entries
[2m2026-09-06T02:11:12.490694Z[0m [32m INFO[0m [2mspark_model::layers::fp8_calibration[0m[2m:[0m FP8 KV scale frozen on first observe (13 tok, headroom=2.0): k_scale=0.096540 (max=21.62), v_scale=0.123326 (max=27.62) — constant for all entries
[2m2026-09-06T02:11:12.502022Z[0m [32m INFO[0m [2mspark_model::layers::fp8_calibration[0m[2m:[0m FP8 KV scale frozen on first observe (13 tok, headroom=2.0): k_scale=0.102679 (max=23.00), v_scale=0.189732 (max=42.50) — constant for all entries
[2m2026-09-06T02:11:12.512968Z[0m [32m INFO[0m [2mspark_model::layers::fp8_calibration[0m[2m:[0m FP8 KV scale frozen on first observe (13 tok, headroom=2.0): k_scale=0.088170 (max=19.75), v_scale=0.169643 (max=38.00) — constant for all entries
[2m2026-09-06T02:11:12.523882Z[0m [32m INFO[0m [2mspark_model::layers::fp8_calibration[0m[2m:[0m FP8 KV scale frozen on first observe (13 tok, headroom=2.0): k_scale=0.093192 (max=20.88), v_scale=0.142857 (max=32.00) — constant for all entries
[2m2026-09-06T02:11:12.534785Z[0m [32m INFO[0m [2mspark_model::layers::fp8_calibration[0m[2m:[0m FP8 KV scale frozen on first observe (13 tok, headroom=2.0): k_scale=0.089286 (max=20.00), v_scale=0.228795 (max=51.25) — constant for all entries
[2m2026-09-06T02:11:12.545688Z[0m [32m INFO[0m [2mspark_model::layers::fp8_calibration[0m[2m:[0m FP8 KV scale frozen on first observe (13 tok, headroom=2.0): k_scale=0.078125 (max=17.50), v_scale=0.220982 (max=49.50) — constant for all entries
[2m2026-09-06T02:11:12.556594Z[0m [32m INFO[0m [2mspark_model::layers::fp8_calibration[0m[2m:[0m FP8 KV scale frozen on first observe (13 tok, headroom=2.0): k_scale=0.074777 (max=16.75), v_scale=0.216518 (max=48.50) — constant for all entries
[2m2026-09-06T02:11:12.567506Z[0m [32m INFO[0m [2mspark_model::layers::fp8_calibration[0m[2m:[0m FP8 KV scale frozen on first observe (13 tok, headroom=2.0): k_scale=0.067522 (max=15.12), v_scale=0.128348 (max=28.75) — constant for all entries
[2m2026-09-06T02:11:12.593057Z[0m [32m INFO[0m [2mspark::scheduler::prefill_a_step[0m[2m:[0m Prefill first token: 9419
[2m2026-09-06T02:11:12.593084Z[0m [32m INFO[0m [2mspark::scheduler::mtp_accept_debug[0m[2m:[0m Done: 1 tokens (length) 61827.6 tok/s, TTFT=181.5ms, serial=0.00 mtp=0.00 p1=0.000 mean_na=0.000 tok_step=1.000 regime_reprobes=0
[2m2026-09-06T02:11:13.352093Z[0m [32m INFO[0m [2mspark::api::chat::prepare[0m[2m:[0m Request: model=Qwen/Qwen3.8-27B-FP8, messages=2, tools=0, tools_active=false, tool_choice=None, stream=false, temp=Some(0.0), max_tokens=32, freq_pen=None, rep_pen=None
[2m2026-09-06T02:11:13.352461Z[0m [32m INFO[0m [2mspark::tokenizer::chat_impl[0m[2m:[0m Jinja rendered (248 chars): " answer. No explanation, reasoning, tags or punctuation.<|im_end|>\n<|im_start|>user\nRequest nonce: e222bca22f704280b946011992a0a18b\nWhat is 17 * 23?<|im_end|>\n<|im_start|>assistant\n<think>\n\n</think>\n\n"
[2m2026-09-06T02:11:13.353267Z[0m [32m INFO[0m [2mspark::api::chat[0m[2m:[0m Session 0x4d658ad089d79e6b: 78 prompt tokens, tools=false (0 defined)
[2m2026-09-06T02:11:13.353706Z[0m [32m INFO[0m [2mspark::scheduler::prefill_a_step[0m[2m:[0m Chunked prefill start: 78 prompt tokens, chunk_size=78, max_tokens=32
[2m2026-09-06T02:11:13.500705Z[0m [32m INFO[0m [2mspark_model::model::trait_impl::prefill_b::save_checkpoint[0m[2m:[0m Intermediate SSM checkpoint saved at token 48 (snapshot_id 0, block 3)
[2m2026-09-06T02:11:13.554226Z[0m [32m INFO[0m [2mspark_model::model::trait_impl::prefill_b::finalize_last[0m[2m:[0m Saved SSM snapshot 1 for 78 tokens (5 blocks) [chunk]
[2m2026-09-06T02:11:13.678956Z[0m [32m INFO[0m [2mspark::scheduler::prefill_a_step[0m[2m:[0m Prefill first token: 18
[2m2026-09-06T02:11:13.678967Z[0m [32m INFO[0m [2mspark::scheduler::phase_start_prefills[0m[2m:[0m Prefilled (single chunk): seq_len=78, remaining=31
[2m2026-09-06T02:11:13.679003Z[0m [32m INFO[0m [2mspark_model::model::trait_impl::decode_a[0m[2m:[0m FP8 calibration frozen — re-enabling CUDA graphs
[2m2026-09-06T02:11:13.679008Z[0m [32m INFO[0m [2mspark_model::model::trait_impl::decode_a[0m[2m:[0m CUDA graph capture: starting for 64 layers
[2m2026-09-06T02:11:13.681630Z[0m [32m INFO[0m [2mspark_model::model::trait_impl::decode_a[0m[2m:[0m CUDA graph captured successfully for slot=0 (handle=138476525625184)
[2m2026-09-06T02:11:13.744635Z[0m [32m INFO[0m [2mspark::scheduler::mtp_accept_debug[0m[2m:[0m Done: 4 tokens (stop) 60.9 tok/s, TTFT=325.3ms, serial=1.00 mtp=0.00 p1=0.000 mean_na=0.000 tok_step=1.000 regime_reprobes=0
[2m2026-09-06T02:11:13.744981Z[0m [32m INFO[0m [2mspark_model::model::trait_impl::decode_checkpoint[0m[2m:[0m Saved finish-leaf SSM snapshot 2 for 81 tokens
[2m2026-09-06T02:11:13.981549Z[0m [32m INFO[0m [2mspark::api::chat::prepare[0m[2m:[0m Request: model=Qwen/Qwen3.8-27B-FP8, messages=2, tools=0, tools_active=false, tool_choice=None, stream=false, temp=Some(0.0), max_tokens=32, freq_pen=None, rep_pen=None
[2m2026-09-06T02:11:13.981838Z[0m [32m INFO[0m [2mspark::tokenizer::chat_impl[0m[2m:[0m Jinja rendered (248 chars): " answer. No explanation, reasoning, tags or punctuation.<|im_end|>\n<|im_start|>user\nRequest nonce: 94094b783f0946c3a8c5d102fdd65c92\nWhat is 83 * 31?<|im_end|>\n<|im_start|>assistant\n<think>\n\n</think>\n\n"
[2m2026-09-06T02:11:13.982593Z[0m [32m INFO[0m [2mspark::api::chat[0m[2m:[0m Session 0x91406df58dbfb4ac: 79 prompt tokens, tools=false (0 defined)
[2m2026-09-06T02:11:13.983061Z[0m [32m INFO[0m [2mspark::scheduler::prefill_a_step[0m[2m:[0m Chunked prefill start: 79 prompt tokens, chunk_size=79, max_tokens=32
[2m2026-09-06T02:11:13.983107Z[0m [32m INFO[0m [2mspark::api::chat::prepare[0m[2m:[0m Request: model=Qwen/Qwen3.8-27B-FP8, messages=2, tools=0, tools_active=false, tool_choice=None, stream=false, temp=Some(0.0), max_tokens=32, freq_pen=None, rep_pen=None
[2m2026-09-06T02:11:13.983424Z[0m [32m INFO[0m [2mspark::tokenizer::chat_impl[0m[2m:[0m Jinja rendered (248 chars): " answer. No explanation, reasoning, tags or punctuation.<|im_end|>\n<|im_start|>user\nRequest nonce: 57df2785454e46f9a9fae30e8afc0cc7\nWhat is 79 * 29?<|im_end|>\n<|im_start|>assistant\n<think>\n\n</think>\n\n"
[2m2026-09-06T02:11:13.984094Z[0m [32m INFO[0m [2mspark::api::chat[0m[2m:[0m Session 0xb38025721f6172e9: 75 prompt tokens, tools=false (0 defined)
[2m2026-09-06T02:11:13.984834Z[0m [32m INFO[0m [2mspark_model::model::trait_impl::prefill_b::prefix_lookup[0m[2m:[0m Prefix cache hit: 16 tokens (1 blocks) but no SSM snapshot — recomputing all KV
[2m2026-09-06T02:11:13.986085Z[0m [32m INFO[0m [2mspark::api::chat::prepare[0m[2m:[0m Request: model=Qwen/Qwen3.8-27B-FP8, messages=2, tools=0, tools_active=false, tool_choice=None, stream=false, temp=Some(0.0), max_tokens=32, freq_pen=None, rep_pen=None
[2m2026-09-06T02:11:13.986399Z[0m [32m INFO[0m [2mspark::tokenizer::chat_impl[0m[2m:[0m Jinja rendered (248 chars): " answer. No explanation, reasoning, tags or punctuation.<|im_end|>\n<|im_start|>user\nRequest nonce: 94443c81c49c40a1a5ad04b0127d6604\nWhat is 73 * 23?<|im_end|>\n<|im_start|>assistant\n<think>\n\n</think>\n\n"
[2m2026-09-06T02:11:13.986824Z[0m [32m INFO[0m [2mspark::api::chat::prepare[0m[2m:[0m Request: model=Qwen/Qwen3.8-27B-FP8, messages=2, tools=0, tools_active=false, tool_choice=None, stream=false, temp=Some(0.0), max_tokens=32, freq_pen=None, rep_pen=None
[2m2026-09-06T02:11:13.986892Z[0m [32m INFO[0m [2mspark::api::chat::prepare[0m[2m:[0m Request: model=Qwen/Qwen3.8-27B-FP8, messages=2, tools=0, tools_active=false, tool_choice=None, stream=false, temp=Some(0.0), max_tokens=32, freq_pen=None, rep_pen=None
[2m2026-09-06T02:11:13.987014Z[0m [32m INFO[0m [2mspark::api::chat[0m[2m:[0m Session 0xfdf640817c154905: 79 prompt tokens, tools=false (0 defined)
[2m2026-09-06T02:11:13.987030Z[0m [32m INFO[0m [2mspark::tokenizer::chat_impl[0m[2m:[0m Jinja rendered (248 chars): " answer. No explanation, reasoning, tags or punctuation.<|im_end|>\n<|im_start|>user\nRequest nonce: 69971e37198c4c4bbc275b2f19074414\nWhat is 67 * 17?<|im_end|>\n<|im_start|>assistant\n<think>\n\n</think>\n\n"
[2m2026-09-06T02:11:13.987128Z[0m [32m INFO[0m [2mspark::tokenizer::chat_impl[0m[2m:[0m Jinja rendered (248 chars): " answer. No explanation, reasoning, tags or punctuation.<|im_end|>\n<|im_start|>user\nRequest nonce: ef312f37ab7b44aeaddd379ea5bd5d8a\nWhat is 71 * 19?<|im_end|>\n<|im_start|>assistant\n<think>\n\n</think>\n\n"
[2m2026-09-06T02:11:13.987465Z[0m [32m INFO[0m [2mspark::api::chat[0m[2m:[0m Session 0xe9d913c17d82e440: 78 prompt tokens, tools=false (0 defined)
[2m2026-09-06T02:11:13.987876Z[0m [32m INFO[0m [2mspark::api::chat[0m[2m:[0m Session 0xd64573014d6c498b: 72 prompt tokens, tools=false (0 defined)
[2m2026-09-06T02:11:13.990819Z[0m [32m INFO[0m [2mspark::api::chat::prepare[0m[2m:[0m Request: model=Qwen/Qwen3.8-27B-FP8, messages=2, tools=0, tools_active=false, tool_choice=None, stream=false, temp=Some(0.0), max_tokens=32, freq_pen=None, rep_pen=None
[2m2026-09-06T02:11:13.991129Z[0m [32m INFO[0m [2mspark::tokenizer::chat_impl[0m[2m:[0m Jinja rendered (248 chars): " answer. No explanation, reasoning, tags or punctuation.<|im_end|>\n<|im_start|>user\nRequest nonce: 121756efa0a342b7b60f5279e9de65a1\nWhat is 59 * 11?<|im_end|>\n<|im_start|>assistant\n<think>\n\n</think>\n\n"
[2m2026-09-06T02:11:13.991798Z[0m [32m INFO[0m [2mspark::api::chat::prepare[0m[2m:[0m Request: model=Qwen/Qwen3.8-27B-FP8, messages=2, tools=0, tools_active=false, tool_choice=None, stream=false, temp=Some(0.0), max_tokens=32, freq_pen=None, rep_pen=None
[2m2026-09-06T02:11:13.991877Z[0m [32m INFO[0m [2mspark::api::chat[0m[2m:[0m Session 0xad40b2745e6fe01: 77 prompt tokens, tools=false (0 defined)
[2m2026-09-06T02:11:13.992079Z[0m [32m INFO[0m [2mspark::tokenizer::chat_impl[0m[2m:[0m Jinja rendered (248 chars): " answer. No explanation, reasoning, tags or punctuation.<|im_end|>\n<|im_start|>user\nRequest nonce: fda0d551f65f49c29bb3da684203f73e\nWhat is 61 * 13?<|im_end|>\n<|im_start|>assistant\n<think>\n\n</think>\n\n"
[2m2026-09-06T02:11:13.992778Z[0m [32m INFO[0m [2mspark::api::chat[0m[2m:[0m Session 0x9aa8db7f5f4fc8cc: 76 prompt tokens, tools=false (0 defined)
[2m2026-09-06T02:11:14.004724Z[0m [32m INFO[0m [2mspark::api::chat::prepare[0m[2m:[0m Request: model=Qwen/Qwen3.8-27B-FP8, messages=2, tools=0, tools_active=false, tool_choice=None, stream=false, temp=Some(0.0), max_tokens=32, freq_pen=None, rep_pen=None
[2m2026-09-06T02:11:14.005001Z[0m [32m INFO[0m [2mspark::tokenizer::chat_impl[0m[2m:[0m Jinja rendered (248 chars): " answer. No explanation, reasoning, tags or punctuation.<|im_end|>\n<|im_start|>user\nRequest nonce: fba7752b0dae40a894fe23328b5787fb\nWhat is 47 * 23?<|im_end|>\n<|im_start|>assistant\n<think>\n\n</think>\n\n"
[2m2026-09-06T02:11:14.005708Z[0m [32m INFO[0m [2mspark::api::chat[0m[2m:[0m Session 0xfe88d5e7a2244edf: 74 prompt tokens, tools=false (0 defined)
[2m2026-09-06T02:11:14.008815Z[0m [32m INFO[0m [2mspark::api::chat::prepare[0m[2m:[0m Request: model=Qwen/Qwen3.8-27B-FP8, messages=2, tools=0, tools_active=false, tool_choice=None, stream=false, temp=Some(0.0), max_tokens=32, freq_pen=None, rep_pen=None
[2m2026-09-06T02:11:14.009109Z[0m [32m INFO[0m [2mspark::tokenizer::chat_impl[0m[2m:[0m Jinja rendered (248 chars): " answer. No explanation, reasoning, tags or punctuation.<|im_end|>\n<|im_start|>user\nRequest nonce: 3f81d28c5c5e4882a65ecae8e91eaa22\nWhat is 29 * 13?<|im_end|>\n<|im_start|>assistant\n<think>\n\n</think>\n\n"
[2m2026-09-06T02:11:14.009114Z[0m [32m INFO[0m [2mspark::api::chat::prepare[0m[2m:[0m Request: model=Qwen/Qwen3.8-27B-FP8, messages=2, tools=0, tools_active=false, tool_choice=None, stream=false, temp=Some(0.0), max_tokens=32, freq_pen=None, rep_pen=None
[2m2026-09-06T02:11:14.009429Z[0m [32m INFO[0m [2mspark::tokenizer::chat_impl[0m[2m:[0m Jinja rendered (248 chars): " answer. No explanation, reasoning, tags or punctuation.<|im_end|>\n<|im_start|>user\nRequest nonce: b81616c9cd914ff2b8cc5fa17f0caa3b\nWhat is 37 * 17?<|im_end|>\n<|im_start|>assistant\n<think>\n\n</think>\n\n"
[2m2026-09-06T02:11:14.009786Z[0m [32m INFO[0m [2mspark::api::chat[0m[2m:[0m Session 0x8984f5645a2aaf6a: 77 prompt tokens, tools=false (0 defined)
[2m2026-09-06T02:11:14.009925Z[0m [32m INFO[0m [2mspark::api::chat::prepare[0m[2m:[0m Request: model=Qwen/Qwen3.8-27B-FP8, messages=2, tools=0, tools_active=false, tool_choice=None, stream=false, temp=Some(0.0), max_tokens=32, freq_pen=None, rep_pen=None
[2m2026-09-06T02:11:14.009979Z[0m [32m INFO[0m [2mspark::api::chat[0m[2m:[0m Session 0x2b0f10da8c3ac0ac: 73 prompt tokens, tools=false (0 defined)
[2m2026-09-06T02:11:14.010131Z[0m [32m INFO[0m [2mspark::api::chat::prepare[0m[2m:[0m Request: model=Qwen/Qwen3.8-27B-FP8, messages=2, tools=0, tools_active=false, tool_choice=None, stream=false, temp=Some(0.0), max_tokens=32, freq_pen=None, rep_pen=None
[2m2026-09-06T02:11:14.010209Z[0m [32m INFO[0m [2mspark::tokenizer::chat_impl[0m[2m:[0m Jinja rendered (248 chars): " answer. No explanation, reasoning, tags or punctuation.<|im_end|>\n<|im_start|>user\nRequest nonce: a86d9d92710844b3993316c3c6a3c7aa\nWhat is 17 * 23?<|im_end|>\n<|im_start|>assistant\n<think>\n\n</think>\n\n"
[2m2026-09-06T02:11:14.010444Z[0m [32m INFO[0m [2mspark::tokenizer::chat_impl[0m[2m:[0m Jinja rendered (248 chars): " answer. No explanation, reasoning, tags or punctuation.<|im_end|>\n<|im_start|>user\nRequest nonce: 03af02f8e1b34c66b57cf34cf240b30c\nWhat is 23 * 19?<|im_end|>\n<|im_start|>assistant\n<think>\n\n</think>\n\n"
[2m2026-09-06T02:11:14.010600Z[0m [32m INFO[0m [2mspark::api::chat::prepare[0m[2m:[0m Request: model=Qwen/Qwen3.8-27B-FP8, messages=2, tools=0, tools_active=false, tool_choice=None, stream=false, temp=Some(0.0), max_tokens=32, freq_pen=None, rep_pen=None
[2m2026-09-06T02:11:14.010879Z[0m [32m INFO[0m [2mspark::tokenizer::chat_impl[0m[2m:[0m Jinja rendered (247 chars): "r answer. No explanation, reasoning, tags or punctuation.<|im_end|>\n<|im_start|>user\nRequest nonce: 15be23cc540a44d7a3353f8521b4eb28\nWhat is 31 * 7?<|im_end|>\n<|im_start|>assistant\n<think>\n\n</think>\n\n"
[2m2026-09-06T02:11:14.010970Z[0m [32m INFO[0m [2mspark::api::chat::prepare[0m[2m:[0m Request: model=Qwen/Qwen3.8-27B-FP8, messages=2, tools=0, tools_active=false, tool_choice=None, stream=false, temp=Some(0.0), max_tokens=32, freq_pen=None, rep_pen=None
[2m2026-09-06T02:11:14.010978Z[0m [32m INFO[0m [2mspark::api::chat[0m[2m:[0m Session 0x71506648080eff3: 77 prompt tokens, tools=false (0 defined)
[2m2026-09-06T02:11:14.011012Z[0m [32m INFO[0m [2mspark::api::chat[0m[2m:[0m Session 0xfb57bae6d277d7a7: 78 prompt tokens, tools=false (0 defined)
[2m2026-09-06T02:11:14.011029Z[0m [32m INFO[0m [2mspark::api::chat::prepare[0m[2m:[0m Request: model=Qwen/Qwen3.8-27B-FP8, messages=2, tools=0, tools_active=false, tool_choice=None, stream=false, temp=Some(0.0), max_tokens=32, freq_pen=None, rep_pen=None
[2m2026-09-06T02:11:14.011115Z[0m [32m INFO[0m [2mspark::tokenizer::chat_impl[0m[2m:[0m Jinja rendered (248 chars): " answer. No explanation, reasoning, tags or punctuation.<|im_end|>\n<|im_start|>user\nRequest nonce: a0cacf7c7faa4e88adf2362e797a3dd2\nWhat is 41 * 11?<|im_end|>\n<|im_start|>assistant\n<think>\n\n</think>\n\n"
[2m2026-09-06T02:11:14.011112Z[0m [32m INFO[0m [2mspark::api::chat::prepare[0m[2m:[0m Request: model=Qwen/Qwen3.8-27B-FP8, messages=2, tools=0, tools_active=false, tool_choice=None, stream=false, temp=Some(0.0), max_tokens=32, freq_pen=None, rep_pen=None
[2m2026-09-06T02:11:14.011279Z[0m [32m INFO[0m [2mspark_model::model::trait_impl::prefill_b::save_checkpoint[0m[2m:[0m Intermediate SSM checkpoint saved at token 48 (snapshot_id 3, block 3)
[2m2026-09-06T02:11:14.011378Z[0m [32m INFO[0m [2mspark::tokenizer::chat_impl[0m[2m:[0m Jinja rendered (247 chars): "r answer. No explanation, reasoning, tags or punctuation.<|im_end|>\n<|im_start|>user\nRequest nonce: bf95062cfe91444291c134ba67b91921\nWhat is 53 * 7?<|im_end|>\n<|im_start|>assistant\n<think>\n\n</think>\n\n"
[2m2026-09-06T02:11:14.011437Z[0m [32m INFO[0m [2mspark::tokenizer::chat_impl[0m[2m:[0m Jinja rendered (248 chars): " answer. No explanation, reasoning, tags or punctuation.<|im_end|>\n<|im_start|>user\nRequest nonce: 27f3645377ca4cb3aa5dc417348c3fea\nWhat is 43 * 19?<|im_end|>\n<|im_start|>assistant\n<think>\n\n</think>\n\n"
[2m2026-09-06T02:11:14.011541Z[0m [32m INFO[0m [2mspark::api::chat[0m[2m:[0m Session 0x4f5e40dd77f030b4: 76 prompt tokens, tools=false (0 defined)
[2m2026-09-06T02:11:14.011621Z[0m [32m INFO[0m [2mspark::api::chat[0m[2m:[0m Session 0xf63fe181fb0c52e5: 73 prompt tokens, tools=false (0 defined)
[2m2026-09-06T02:11:14.012240Z[0m [32m INFO[0m [2mspark::api::chat[0m[2m:[0m Session 0x85875401674de5c2: 75 prompt tokens, tools=false (0 defined)
[2m2026-09-06T02:11:14.012333Z[0m [32m INFO[0m [2mspark::api::chat[0m[2m:[0m Session 0xcc6fd60a56288e4c: 74 prompt tokens, tools=false (0 defined)
[2m2026-09-06T02:11:14.182880Z[0m [32m INFO[0m [2mspark_model::model::trait_impl::prefill_b::finalize_last[0m[2m:[0m Saved SSM snapshot 4 for 79 tokens (5 blocks) [chunk]
[2m2026-09-06T02:11:14.307281Z[0m [32m INFO[0m [2mspark::scheduler::prefill_a_step[0m[2m:[0m Prefill first token: 17
[2m2026-09-06T02:11:14.307294Z[0m [32m INFO[0m [2mspark::scheduler::phase_start_prefills[0m[2m:[0m Prefilled (single chunk): seq_len=79, remaining=31
[2m2026-09-06T02:11:14.327656Z[0m [32m INFO[0m [2mspark::scheduler::prefill_a_step[0m[2m:[0m Chunked prefill start: 72 prompt tokens, chunk_size=72, max_tokens=32
[2m2026-09-06T02:11:14.328767Z[0m [32m INFO[0m [2mspark_model::model::trait_impl::prefill_b::prefix_lookup[0m[2m:[0m Prefix cache hit: 16 tokens (1 blocks) but no SSM snapshot — recomputing all KV
[2m2026-09-06T02:11:14.354251Z[0m [32m INFO[0m [2mspark_model::model::trait_impl::prefill_b::save_checkpoint[0m[2m:[0m Intermediate SSM checkpoint saved at token 48 (snapshot_id 5, block 3)
[2m2026-09-06T02:11:14.526938Z[0m [32m INFO[0m [2mspark_model::model::trait_impl::prefill_b::finalize_last[0m[2m:[0m Saved SSM snapshot 6 for 72 tokens (5 blocks) [chunk]
[2m2026-09-06T02:11:14.651669Z[0m [32m INFO[0m [2mspark::scheduler::prefill_a_step[0m[2m:[0m Prefill first token: 16
[2m2026-09-06T02:11:14.651676Z[0m [32m INFO[0m [2mspark::scheduler::phase_start_prefills[0m[2m:[0m Prefilled (single chunk): seq_len=72, remaining=31
[2m2026-09-06T02:11:14.651680Z[0m [32m INFO[0m [2mspark::scheduler::prefill_a_step[0m[2m:[0m Chunked prefill start: 73 prompt tokens, chunk_size=73, max_tokens=32
[2m2026-09-06T02:11:14.652788Z[0m [32m INFO[0m [2mspark_model::model::trait_impl::prefill_b::prefix_lookup[0m[2m:[0m Prefix cache hit: 16 tokens (1 blocks) but no SSM snapshot — recomputing all KV
[2m2026-09-06T02:11:14.678278Z[0m [32m INFO[0m [2mspark_model::model::trait_impl::prefill_b::save_checkpoint[0m[2m:[0m Intermediate SSM checkpoint saved at token 48 (snapshot_id 7, block 3)
[2m2026-09-06T02:11:14.846840Z[0m [32m INFO[0m [2mspark_model::model::trait_impl::prefill_b::finalize_last[0m[2m:[0m Saved SSM snapshot 8 for 73 tokens (5 blocks) [chunk]
[2m2026-09-06T02:11:14.972263Z[0m [32m INFO[0m [2mspark::scheduler::prefill_a_step[0m[2m:[0m Prefill first token: 21
[2m2026-09-06T02:11:14.972271Z[0m [32m INFO[0m [2mspark::scheduler::phase_start_prefills[0m[2m:[0m Prefilled (single chunk): seq_len=73, remaining=31
[2m2026-09-06T02:11:14.972275Z[0m [32m INFO[0m [2mspark::scheduler::prefill_a_step[0m[2m:[0m Chunked prefill start: 73 prompt tokens, chunk_size=73, max_tokens=32
[2m2026-09-06T02:11:14.973371Z[0m [32m INFO[0m [2mspark_model::model::trait_impl::prefill_b::prefix_lookup[0m[2m:[0m Prefix cache hit: 16 tokens (1 blocks) but no SSM snapshot — recomputing all KV
[2m2026-09-06T02:11:14.998855Z[0m [32m INFO[0m [2mspark_model::model::trait_impl::prefill_b::save_checkpoint[0m[2m:[0m Intermediate SSM checkpoint saved at token 48 (snapshot_id 9, block 3)
[2m2026-09-06T02:11:15.167455Z[0m [32m INFO[0m [2mspark_model::model::trait_impl::prefill_b::finalize_last[0m[2m:[0m Saved SSM snapshot 10 for 73 tokens (5 blocks) [chunk]
[2m2026-09-06T02:11:15.293056Z[0m [32m INFO[0m [2mspark::scheduler::prefill_a_step[0m[2m:[0m Prefill first token: 19
[2m2026-09-06T02:11:15.293063Z[0m [32m INFO[0m [2mspark::scheduler::phase_start_prefills[0m[2m:[0m Prefilled (single chunk): seq_len=73, remaining=31
[2m2026-09-06T02:11:15.293210Z[0m [32m INFO[0m [2mspark_model::layers::qwen3_ssm::trait_decode_multi_seq::ssm_batched[0m[2m:[0m SSM batched projections ACTIVE — QKVZ/out_proj read once per step
[2m2026-09-06T02:11:15.293642Z[0m [32m INFO[0m [2mspark_model::layers::qwen3_ssm::trait_decode_multi_seq::ssm_batched[0m[2m:[0m ATLAS_SSM_DETAIL n=4: input_norm=12us qkvz=96us recurrent_ba=46us recurrent_conv=42us recurrent_gdn=101us recurrent_norm=37us recurrent_total_tail=1us out_proj=44us post_norm=12us
[2m2026-09-06T02:11:15.293932Z[0m [32m INFO[0m [2mspark_model::layers::qwen3_ssm::trait_decode_multi_seq[0m[2m:[0m ATLAS_SSM_MS_PROFILE n=4: mixer=441us moe_residual=282us
[2m2026-09-06T02:11:15.294341Z[0m [32m INFO[0m [2mspark_model::layers::qwen3_ssm::trait_decode_multi_seq::ssm_batched[0m[2m:[0m ATLAS_SSM_DETAIL n=4: input_norm=11us qkvz=87us recurrent_ba=45us recurrent_conv=40us recurrent_gdn=100us recurrent_norm=36us recurrent_total_tail=1us out_proj=43us post_norm=11us
[2m2026-09-06T02:11:15.294629Z[0m [32m INFO[0m [2mspark_model::layers::qwen3_ssm::trait_decode_multi_seq[0m[2m:[0m ATLAS_SSM_MS_PROFILE n=4: mixer=406us moe_residual=280us
[2m2026-09-06T02:11:15.295037Z[0m [32m INFO[0m [2mspark_model::layers::qwen3_ssm::trait_decode_multi_seq::ssm_batched[0m[2m:[0m ATLAS_SSM_DETAIL n=4: input_norm=11us qkvz=87us recurrent_ba=45us recurrent_conv=40us recurrent_gdn=100us recurrent_norm=36us recurrent_total_tail=1us out_proj=43us post_norm=11us
[2m2026-09-06T02:11:15.295331Z[0m [32m INFO[0m [2mspark_model::layers::qwen3_ssm::trait_decode_multi_seq[0m[2m:[0m ATLAS_SSM_MS_PROFILE n=4: mixer=405us moe_residual=287us
[2m2026-09-06T02:11:15.296416Z[0m [32m INFO[0m [2mspark_model::layers::qwen3_ssm::trait_decode_multi_seq::ssm_batched[0m[2m:[0m ATLAS_SSM_DETAIL n=4: input_norm=11us qkvz=87us recurrent_ba=45us recurrent_conv=43us recurrent_gdn=100us recurrent_norm=37us recurrent_total_tail=1us out_proj=43us post_norm=11us
[2m2026-09-06T02:11:15.296702Z[0m [32m INFO[0m [2mspark_model::layers::qwen3_ssm::trait_decode_multi_seq[0m[2m:[0m ATLAS_SSM_MS_PROFILE n=4: mixer=406us moe_residual=279us
[2m2026-09-06T02:11:15.297107Z[0m [32m INFO[0m [2mspark_model::layers::qwen3_ssm::trait_decode_multi_seq::ssm_batched[0m[2m:[0m ATLAS_SSM_DETAIL n=4: input_norm=11us qkvz=87us recurrent_ba=45us recurrent_conv=40us recurrent_gdn=99us recurrent_norm=36us recurrent_total_tail=1us out_proj=43us post_norm=11us
[2m2026-09-06T02:11:15.297393Z[0m [32m INFO[0m [2mspark_model::layers::qwen3_ssm::trait_decode_multi_seq[0m[2m:[0m ATLAS_SSM_MS_PROFILE n=4: mixer=402us moe_residual=279us
[2m2026-09-06T02:11:15.297802Z[0m [32m INFO[0m [2mspark_model::layers::qwen3_ssm::trait_decode_multi_seq::ssm_batched[0m[2m:[0m ATLAS_SSM_DETAIL n=4: input_norm=11us qkvz=87us recurrent_ba=45us recurrent_conv=40us recurrent_gdn=98us recurrent_norm=36us recurrent_total_tail=1us out_proj=43us post_norm=11us
[2m2026-09-06T02:11:15.298096Z[0m [32m INFO[0m [2mspark_model::layers::qwen3_ssm::trait_decode_multi_seq[0m[2m:[0m ATLAS_SSM_MS_PROFILE n=4: mixer=400us moe_residual=288us
[2m2026-09-06T02:11:15.299188Z[0m [32m INFO[0m [2mspark_model::layers::qwen3_ssm::trait_decode_multi_seq::ssm_batched[0m[2m:[0m ATLAS_SSM_DETAIL n=4: input_norm=11us qkvz=88us recurrent_ba=45us recurrent_conv=40us recurrent_gdn=106us recurrent_norm=36us recurrent_total_tail=1us out_proj=43us post_norm=12us
[2m2026-09-06T02:11:15.299477Z[0m [32m INFO[0m [2mspark_model::layers::qwen3_ssm::trait_decode_multi_seq[0m[2m:[0m ATLAS_SSM_MS_PROFILE n=4: mixer=409us moe_residual=281us
[2m2026-09-06T02:11:15.299882Z[0m [32m INFO[0m [2mspark_model::layers::qwen3_ssm::trait_decode_multi_seq::ssm_batched[0m[2m:[0m ATLAS_SSM_DETAIL n=4: input_norm=11us qkvz=87us recurrent_ba=45us recurrent_conv=40us recurrent_gdn=99us recurrent_norm=36us recurrent_total_tail=1us out_proj=43us post_norm=11us
[2m2026-09-06T02:11:15.300168Z[0m [32m INFO[0m [2mspark_model::layers::qwen3_ssm::trait_decode_multi_seq[0m[2m:[0m ATLAS_SSM_MS_PROFILE n=4: mixer=402us moe_residual=280us
[2m2026-09-06T02:11:15.300574Z[0m [32m INFO[0m [2mspark_model::layers::qwen3_ssm::trait_decode_multi_seq::ssm_batched[0m[2m:[0m ATLAS_SSM_DETAIL n=4: input_norm=11us qkvz=88us recurrent_ba=45us recurrent_conv=40us recurrent_gdn=99us recurrent_norm=36us recurrent_total_tail=1us out_proj=43us post_norm=11us
[2m2026-09-06T02:11:15.300860Z[0m [32m INFO[0m [2mspark_model::layers::qwen3_ssm::trait_decode_multi_seq[0m[2m:[0m ATLAS_SSM_MS_PROFILE n=4: mixer=402us moe_residual=280us
[2m2026-09-06T02:11:15.301941Z[0m [32m INFO[0m [2mspark_model::layers::qwen3_ssm::trait_decode_multi_seq::ssm_batched[0m[2m:[0m ATLAS_SSM_DETAIL n=4: input_norm=10us qkvz=87us recurrent_ba=45us recurrent_conv=40us recurrent_gdn=98us recurrent_norm=36us recurrent_total_tail=1us out_proj=43us post_norm=11us
[2m2026-09-06T02:11:15.302228Z[0m [32m INFO[0m [2mspark_model::layers::qwen3_ssm::trait_decode_multi_seq[0m[2m:[0m ATLAS_SSM_MS_PROFILE n=4: mixer=400us moe_residual=280us
[2m2026-09-06T02:11:15.302631Z[0m [32m INFO[0m [2mspark_model::layers::qwen3_ssm::trait_decode_multi_seq::ssm_batched[0m[2m:[0m ATLAS_SSM_DETAIL n=4: input_norm=11us qkvz=87us recurrent_ba=45us recurrent_conv=40us recurrent_gdn=99us recurrent_norm=36us recurrent_total_tail=1us out_proj=43us post_norm=11us
[2m2026-09-06T02:11:15.302917Z[0m [32m INFO[0m [2mspark_model::layers::qwen3_ssm::trait_decode_multi_seq[0m[2m:[0m ATLAS_SSM_MS_PROFILE n=4: mixer=399us moe_residual=279us
[2m2026-09-06T02:11:15.303322Z[0m [32m INFO[0m [2mspark_model::layers::qwen3_ssm::trait_decode_multi_seq::ssm_batched[0m[2m:[0m ATLAS_SSM_DETAIL n=4: input_norm=11us qkvz=87us recurrent_ba=45us recurrent_conv=40us recurrent_gdn=101us recurrent_norm=36us recurrent_total_tail=1us out_proj=43us post_norm=11us
[2m2026-09-06T02:11:15.303607Z[0m [32m INFO[0m [2mspark_model::layers::qwen3_ssm::trait_decode_multi_seq[0m[2m:[0m ATLAS_SSM_MS_PROFILE n=4: mixer=403us moe_residual=278us
[2m2026-09-06T02:11:15.304691Z[0m [32m INFO[0m [2mspark_model::layers::qwen3_ssm::trait_decode_multi_seq::ssm_batched[0m[2m:[0m ATLAS_SSM_DETAIL n=4: input_norm=10us qkvz=87us recurrent_ba=45us recurrent_conv=40us recurrent_gdn=99us recurrent_norm=36us recurrent_total_tail=1us out_proj=43us post_norm=12us
[2m2026-09-06T02:11:15.304976Z[0m [32m INFO[0m [2mspark_model::layers::qwen3_ssm::trait_decode_multi_seq[0m[2m:[0m ATLAS_SSM_MS_PROFILE n=4: mixer=399us moe_residual=278us
[2m2026-09-06T02:11:15.305381Z[0m [32m INFO[0m [2mspark_model::layers::qwen3_ssm::trait_decode_multi_seq::ssm_batched[0m[2m:[0m ATLAS_SSM_DETAIL n=4: input_norm=11us qkvz=87us recurrent_ba=45us recurrent_conv=40us recurrent_gdn=100us recurrent_norm=36us recurrent_total_tail=1us out_proj=42us post_norm=11us
[2m2026-09-06T02:11:15.305668Z[0m [32m INFO[0m [2mspark_model::layers::qwen3_ssm::trait_decode_multi_seq[0m[2m:[0m ATLAS_SSM_MS_PROFILE n=4: mixer=400us moe_residual=280us
[2m2026-09-06T02:11:15.306068Z[0m [32m INFO[0m [2mspark_model::layers::qwen3_ssm::trait_decode_multi_seq::ssm_batched[0m[2m:[0m ATLAS_SSM_DETAIL n=4: input_norm=11us qkvz=87us recurrent_ba=44us recurrent_conv=40us recurrent_gdn=98us recurrent_norm=36us recurrent_total_tail=1us out_proj=43us post_norm=11us
[2m2026-09-06T02:11:15.306355Z[0m [32m INFO[0m [2mspark_model::layers::qwen3_ssm::trait_decode_multi_seq[0m[2m:[0m ATLAS_SSM_MS_PROFILE n=4: mixer=398us moe_residual=281us
[2m2026-09-06T02:11:15.307435Z[0m [32m INFO[0m [2mspark_model::layers::qwen3_ssm::trait_decode_multi_seq::ssm_batched[0m[2m:[0m ATLAS_SSM_DETAIL n=4: input_norm=10us qkvz=87us recurrent_ba=44us recurrent_conv=40us recurrent_gdn=100us recurrent_norm=36us recurrent_total_tail=1us out_proj=43us post_norm=11us
[2m2026-09-06T02:11:15.307721Z[0m [32m INFO[0m [2mspark_model::layers::qwen3_ssm::trait_decode_multi_seq[0m[2m:[0m ATLAS_SSM_MS_PROFILE n=4: mixer=400us moe_residual=279us
[2m2026-09-06T02:11:15.308121Z[0m [32m INFO[0m [2mspark_model::layers::qwen3_ssm::trait_decode_multi_seq::ssm_batched[0m[2m:[0m ATLAS_SSM_DETAIL n=4: input_norm=10us qkvz=87us recurrent_ba=45us recurrent_conv=40us recurrent_gdn=99us recurrent_norm=36us recurrent_total_tail=1us out_proj=43us post_norm=11us
[2m2026-09-06T02:11:15.308412Z[0m [32m INFO[0m [2mspark_model::layers::qwen3_ssm::trait_decode_multi_seq[0m[2m:[0m ATLAS_SSM_MS_PROFILE n=4: mixer=397us moe_residual=285us
[2m2026-09-06T02:11:15.308813Z[0m [32m INFO[0m [2mspark_model::layers::qwen3_ssm::trait_decode_multi_seq::ssm_batched[0m[2m:[0m ATLAS_SSM_DETAIL n=4: input_norm=11us qkvz=87us recurrent_ba=44us recurrent_conv=40us recurrent_gdn=99us recurrent_norm=36us recurrent_total_tail=1us out_proj=43us post_norm=11us
[2m2026-09-06T02:11:15.309099Z[0m [32m INFO[0m [2mspark_model::layers::qwen3_ssm::trait_decode_multi_seq[0m[2m:[0m ATLAS_SSM_MS_PROFILE n=4: mixer=397us moe_residual=279us
[2m2026-09-06T02:11:15.310175Z[0m [32m INFO[0m [2mspark_model::layers::qwen3_ssm::trait_decode_multi_seq::ssm_batched[0m[2m:[0m ATLAS_SSM_DETAIL n=4: input_norm=11us qkvz=87us recurrent_ba=45us recurrent_conv=41us recurrent_gdn=100us recurrent_norm=36us recurrent_total_tail=1us out_proj=43us post_norm=12us
[2m2026-09-06T02:11:15.310463Z[0m [32m INFO[0m [2mspark_model::layers::qwen3_ssm::trait_decode_multi_seq[0m[2m:[0m ATLAS_SSM_MS_PROFILE n=4: mixer=401us moe_residual=281us
[2m2026-09-06T02:11:15.310865Z[0m [32m INFO[0m [2mspark_model::layers::qwen3_ssm::trait_decode_multi_seq::ssm_batched[0m[2m:[0m ATLAS_SSM_DETAIL n=4: input_norm=11us qkvz=87us recurrent_ba=45us recurrent_conv=40us recurrent_gdn=100us recurrent_norm=36us recurrent_total_tail=1us out_proj=43us post_norm=11us
[2m2026-09-06T02:11:15.311157Z[0m [32m INFO[0m [2mspark_model::layers::qwen3_ssm::trait_decode_multi_seq[0m[2m:[0m ATLAS_SSM_MS_PROFILE n=4: mixer=399us moe_residual=286us
[2m2026-09-06T02:11:15.311557Z[0m [32m INFO[0m [2mspark_model::layers::qwen3_ssm::trait_decode_multi_seq::ssm_batched[0m[2m:[0m ATLAS_SSM_DETAIL n=4: input_norm=11us qkvz=87us recurrent_ba=43us recurrent_conv=40us recurrent_gdn=97us recurrent_norm=36us recurrent_total_tail=1us out_proj=42us post_norm=11us
[2m2026-09-06T02:11:15.311850Z[0m [32m INFO[0m [2mspark_model::layers::qwen3_ssm::trait_decode_multi_seq[0m[2m:[0m ATLAS_SSM_MS_PROFILE n=4: mixer=396us moe_residual=287us
[2m2026-09-06T02:11:15.312922Z[0m [32m INFO[0m [2mspark_model::layers::qwen3_ssm::trait_decode_multi_seq::ssm_batched[0m[2m:[0m ATLAS_SSM_DETAIL n=4: input_norm=11us qkvz=86us recurrent_ba=45us recurrent_conv=40us recurrent_gdn=98us recurrent_norm=36us recurrent_total_tail=1us out_proj=43us post_norm=11us
[2m2026-09-06T02:11:15.313213Z[0m [32m INFO[0m [2mspark_model::layers::qwen3_ssm::trait_decode_multi_seq[0m[2m:[0m ATLAS_SSM_MS_PROFILE n=4: mixer=402us moe_residual=278us
[2m2026-09-06T02:11:15.313617Z[0m [32m INFO[0m [2mspark_model::layers::qwen3_ssm::trait_decode_multi_seq::ssm_batched[0m[2m:[0m ATLAS_SSM_DETAIL n=4: input_norm=11us qkvz=87us recurrent_ba=44us recurrent_conv=40us recurrent_gdn=97us recurrent_norm=36us recurrent_total_tail=1us out_proj=47us post_norm=11us
[2m2026-09-06T02:11:15.313901Z[0m [32m INFO[0m [2mspark_model::layers::qwen3_ssm::trait_decode_multi_seq[0m[2m:[0m ATLAS_SSM_MS_PROFILE n=4: mixer=400us moe_residual=278us
[2m2026-09-06T02:11:15.314299Z[0m [32m INFO[0m [2mspark_model::layers::qwen3_ssm::trait_decode_multi_seq::ssm_batched[0m[2m:[0m ATLAS_SSM_DETAIL n=4: input_norm=11us qkvz=87us recurrent_ba=44us recurrent_conv=39us recurrent_gdn=99us recurrent_norm=36us recurrent_total_tail=1us out_proj=43us post_norm=11us
[2m2026-09-06T02:11:15.314588Z[0m [32m INFO[0m [2mspark_model::layers::qwen3_ssm::trait_decode_multi_seq[0m[2m:[0m ATLAS_SSM_MS_PROFILE n=4: mixer=396us moe_residual=282us
[2m2026-09-06T02:11:15.315673Z[0m [32m INFO[0m [2mspark_model::layers::qwen3_ssm::trait_decode_multi_seq::ssm_batched[0m[2m:[0m ATLAS_SSM_DETAIL n=4: input_norm=10us qkvz=87us recurrent_ba=45us recurrent_conv=40us recurrent_gdn=98us recurrent_norm=36us recurrent_total_tail=1us out_proj=43us post_norm=11us
[2m2026-09-06T02:11:15.315961Z[0m [32m INFO[0m [2mspark_model::layers::qwen3_ssm::trait_decode_multi_seq[0m[2m:[0m ATLAS_SSM_MS_PROFILE n=4: mixer=397us moe_residual=281us
[2m2026-09-06T02:11:15.316363Z[0m [32m INFO[0m [2mspark_model::layers::qwen3_ssm::trait_decode_multi_seq::ssm_batched[0m[2m:[0m ATLAS_SSM_DETAIL n=4: input_norm=11us qkvz=88us recurrent_ba=48us recurrent_conv=39us recurrent_gdn=97us recurrent_norm=35us recurrent_total_tail=1us out_proj=43us post_norm=11us
[2m2026-09-06T02:11:15.316651Z[0m [32m INFO[0m [2mspark_model::layers::qwen3_ssm::trait_decode_multi_seq[0m[2m:[0m ATLAS_SSM_MS_PROFILE n=4: mixer=400us moe_residual=281us
[2m2026-09-06T02:11:15.317051Z[0m [32m INFO[0m [2mspark_model::layers::qwen3_ssm::trait_decode_multi_seq::ssm_batched[0m[2m:[0m ATLAS_SSM_DETAIL n=4: input_norm=11us qkvz=87us recurrent_ba=45us recurrent_conv=40us recurrent_gdn=99us recurrent_norm=36us recurrent_total_tail=1us out_proj=43us post_norm=11us
[2m2026-09-06T02:11:15.317343Z[0m [32m INFO[0m [2mspark_model::layers::qwen3_ssm::trait_decode_multi_seq[0m[2m:[0m ATLAS_SSM_MS_PROFILE n=4: mixer=397us moe_residual=285us
[2m2026-09-06T02:11:15.318429Z[0m [32m INFO[0m [2mspark_model::layers::qwen3_ssm::trait_decode_multi_seq::ssm_batched[0m[2m:[0m ATLAS_SSM_DETAIL n=4: input_norm=10us qkvz=89us recurrent_ba=45us recurrent_conv=40us recurrent_gdn=96us recurrent_norm=36us recurrent_total_tail=1us out_proj=43us post_norm=11us
[2m2026-09-06T02:11:15.318719Z[0m [32m INFO[0m [2mspark_model::layers::qwen3_ssm::trait_decode_multi_seq[0m[2m:[0m ATLAS_SSM_MS_PROFILE n=4: mixer=399us moe_residual=284us
[2m2026-09-06T02:11:15.319118Z[0m [32m INFO[0m [2mspark_model::layers::qwen3_ssm::trait_decode_multi_seq::ssm_batched[0m[2m:[0m ATLAS_SSM_DETAIL n=4: input_norm=11us qkvz=87us recurrent_ba=44us recurrent_conv=39us recurrent_gdn=97us recurrent_norm=36us recurrent_total_tail=1us out_proj=43us post_norm=11us
[2m2026-09-06T02:11:15.319404Z[0m [32m INFO[0m [2mspark_model::layers::qwen3_ssm::trait_decode_multi_seq[0m[2m:[0m ATLAS_SSM_MS_PROFILE n=4: mixer=396us moe_residual=280us
[2m2026-09-06T02:11:15.319803Z[0m [32m INFO[0m [2mspark_model::layers::qwen3_ssm::trait_decode_multi_seq::ssm_batched[0m[2m:[0m ATLAS_SSM_DETAIL n=4: input_norm=10us qkvz=87us recurrent_ba=44us recurrent_conv=40us recurrent_gdn=98us recurrent_norm=36us recurrent_total_tail=1us out_proj=43us post_norm=11us
[2m2026-09-06T02:11:15.320091Z[0m [32m INFO[0m [2mspark_model::layers::qwen3_ssm::trait_decode_multi_seq[0m[2m:[0m ATLAS_SSM_MS_PROFILE n=4: mixer=397us moe_residual=281us
[2m2026-09-06T02:11:15.321168Z[0m [32m INFO[0m [2mspark_model::layers::qwen3_ssm::trait_decode_multi_seq::ssm_batched[0m[2m:[0m ATLAS_SSM_DETAIL n=4: input_norm=11us qkvz=87us recurrent_ba=48us recurrent_conv=39us recurrent_gdn=96us recurrent_norm=36us recurrent_total_tail=1us out_proj=43us post_norm=11us
[2m2026-09-06T02:11:15.321454Z[0m [32m INFO[0m [2mspark_model::layers::qwen3_ssm::trait_decode_multi_seq[0m[2m:[0m ATLAS_SSM_MS_PROFILE n=4: mixer=399us moe_residual=280us
[2m2026-09-06T02:11:15.321851Z[0m [32m INFO[0m [2mspark_model::layers::qwen3_ssm::trait_decode_multi_seq::ssm_batched[0m[2m:[0m ATLAS_SSM_DETAIL n=4: input_norm=10us qkvz=87us recurrent_ba=45us recurrent_conv=38us recurrent_gdn=97us recurrent_norm=36us recurrent_total_tail=1us out_proj=43us post_norm=11us
[2m2026-09-06T02:11:15.322137Z[0m [32m INFO[0m [2mspark_model::layers::qwen3_ssm::trait_decode_multi_seq[0m[2m:[0m ATLAS_SSM_MS_PROFILE n=4: mixer=393us moe_residual=281us
[2m2026-09-06T02:11:15.322535Z[0m [32m INFO[0m [2mspark_model::layers::qwen3_ssm::trait_decode_multi_seq::ssm_batched[0m[2m:[0m ATLAS_SSM_DETAIL n=4: input_norm=11us qkvz=88us recurrent_ba=42us recurrent_conv=40us recurrent_gdn=96us recurrent_norm=36us recurrent_total_tail=1us out_proj=43us post_norm=11us
[2m2026-09-06T02:11:15.322821Z[0m [32m INFO[0m [2mspark_model::layers::qwen3_ssm::trait_decode_multi_seq[0m[2m:[0m ATLAS_SSM_MS_PROFILE n=4: mixer=394us moe_residual=280us
[2m2026-09-06T02:11:15.323899Z[0m [32m INFO[0m [2mspark_model::layers::qwen3_ssm::trait_decode_multi_seq::ssm_batched[0m[2m:[0m ATLAS_SSM_DETAIL n=4: input_norm=10us qkvz=87us recurrent_ba=45us recurrent_conv=40us recurrent_gdn=97us recurrent_norm=36us recurrent_total_tail=1us out_proj=43us post_norm=11us
[2m2026-09-06T02:11:15.324187Z[0m [32m INFO[0m [2mspark_model::layers::qwen3_ssm::trait_decode_multi_seq[0m[2m:[0m ATLAS_SSM_MS_PROFILE n=4: mixer=396us moe_residual=281us
[2m2026-09-06T02:11:15.324584Z[0m [32m INFO[0m [2mspark_model::layers::qwen3_ssm::trait_decode_multi_seq::ssm_batched[0m[2m:[0m ATLAS_SSM_DETAIL n=4: input_norm=10us qkvz=87us recurrent_ba=45us recurrent_conv=40us recurrent_gdn=98us recurrent_norm=36us recurrent_total_tail=1us out_proj=43us post_norm=11us
[2m2026-09-06T02:11:15.324870Z[0m [32m INFO[0m [2mspark_model::layers::qwen3_ssm::trait_decode_multi_seq[0m[2m:[0m ATLAS_SSM_MS_PROFILE n=4: mixer=394us moe_residual=280us
[2m2026-09-06T02:11:15.325265Z[0m [32m INFO[0m [2mspark_model::layers::qwen3_ssm::trait_decode_multi_seq::ssm_batched[0m[2m:[0m ATLAS_SSM_DETAIL n=4: input_norm=10us qkvz=87us recurrent_ba=43us recurrent_conv=39us recurrent_gdn=98us recurrent_norm=35us recurrent_total_tail=1us out_proj=43us post_norm=11us
[2m2026-09-06T02:11:15.325551Z[0m [32m INFO[0m [2mspark_model::layers::qwen3_ssm::trait_decode_multi_seq[0m[2m:[0m ATLAS_SSM_MS_PROFILE n=4: mixer=393us moe_residual=280us
[2m2026-09-06T02:11:15.326624Z[0m [32m INFO[0m [2mspark_model::layers::qwen3_ssm::trait_decode_multi_seq::ssm_batched[0m[2m:[0m ATLAS_SSM_DETAIL n=4: input_norm=10us qkvz=87us recurrent_ba=45us recurrent_conv=40us recurrent_gdn=98us recurrent_norm=36us recurrent_total_tail=1us out_proj=43us post_norm=11us
[2m2026-09-06T02:11:15.326911Z[0m [32m INFO[0m [2mspark_model::layers::qwen3_ssm::trait_decode_multi_seq[0m[2m:[0m ATLAS_SSM_MS_PROFILE n=4: mixer=395us moe_residual=280us
[2m2026-09-06T02:11:15.327310Z[0m [32m INFO[0m [2mspark_model::layers::qwen3_ssm::trait_decode_multi_seq::ssm_batched[0m[2m:[0m ATLAS_SSM_DETAIL n=4: input_norm=10us qkvz=87us recurrent_ba=44us recurrent_conv=40us recurrent_gdn=97us recurrent_norm=38us recurrent_total_tail=1us out_proj=43us post_norm=11us
[2m2026-09-06T02:11:15.327597Z[0m [32m INFO[0m [2mspark_model::layers::qwen3_ssm::trait_decode_multi_seq[0m[2m:[0m ATLAS_SSM_MS_PROFILE n=4: mixer=397us moe_residual=280us
[2m2026-09-06T02:11:15.327996Z[0m [32m INFO[0m [2mspark_model::layers::qwen3_ssm::trait_decode_multi_seq::ssm_batched[0m[2m:[0m ATLAS_SSM_DETAIL n=4: input_norm=11us qkvz=87us recurrent_ba=45us recurrent_conv=39us recurrent_gdn=99us recurrent_norm=35us recurrent_total_tail=1us out_proj=42us post_norm=11us
[2m2026-09-06T02:11:15.328290Z[0m [32m INFO[0m [2mspark_model::layers::qwen3_ssm::trait_decode_multi_seq[0m[2m:[0m ATLAS_SSM_MS_PROFILE n=4: mixer=394us moe_residual=288us
[2m2026-09-06T02:11:15.329367Z[0m [32m INFO[0m [2mspark_model::layers::qwen3_ssm::trait_decode_multi_seq::ssm_batched[0m[2m:[0m ATLAS_SSM_DETAIL n=4: input_norm=10us qkvz=87us recurrent_ba=45us recurrent_conv=38us recurrent_gdn=98us recurrent_norm=37us recurrent_total_tail=1us out_proj=43us post_norm=11us
[2m2026-09-06T02:11:15.329661Z[0m [32m INFO[0m [2mspark_model::layers::qwen3_ssm::trait_decode_multi_seq[0m[2m:[0m ATLAS_SSM_MS_PROFILE n=4: mixer=397us moe_residual=288us
[2m2026-09-06T02:11:15.330058Z[0m [32m INFO[0m [2mspark_model::layers::qwen3_ssm::trait_decode_multi_seq::ssm_batched[0m[2m:[0m ATLAS_SSM_DETAIL n=4: input_norm=10us qkvz=87us recurrent_ba=44us recurrent_conv=39us recurrent_gdn=98us recurrent_norm=36us recurrent_total_tail=1us out_proj=43us post_norm=11us
[2m2026-09-06T02:11:15.330343Z[0m [32m INFO[0m [2mspark_model::layers::qwen3_ssm::trait_decode_multi_seq[0m[2m:[0m ATLAS_SSM_MS_PROFILE n=4: mixer=394us moe_residual=279us
[2m2026-09-06T02:11:15.330744Z[0m [32m INFO[0m [2mspark_model::layers::qwen3_ssm::trait_decode_multi_seq::ssm_batched[0m[2m:[0m ATLAS_SSM_DETAIL n=4: input_norm=11us qkvz=87us recurrent_ba=44us recurrent_conv=45us recurrent_gdn=96us recurrent_norm=36us recurrent_total_tail=1us out_proj=43us post_norm=11us
[2m2026-09-06T02:11:15.331029Z[0m [32m INFO[0m [2mspark_model::layers::qwen3_ssm::trait_decode_multi_seq[0m[2m:[0m ATLAS_SSM_MS_PROFILE n=4: mixer=398us moe_residual=279us
[2m2026-09-06T02:11:15.332098Z[0m [32m INFO[0m [2mspark_model::layers::qwen3_ssm::trait_decode_multi_seq::ssm_batched[0m[2m:[0m ATLAS_SSM_DETAIL n=4: input_norm=10us qkvz=87us recurrent_ba=44us recurrent_conv=40us recurrent_gdn=97us recurrent_norm=35us recurrent_total_tail=1us out_proj=43us post_norm=11us
[2m2026-09-06T02:11:15.332390Z[0m [32m INFO[0m [2mspark_model::layers::qwen3_ssm::trait_decode_multi_seq[0m[2m:[0m ATLAS_SSM_MS_PROFILE n=4: mixer=393us moe_residual=285us
[2m2026-09-06T02:11:15.332786Z[0m [32m INFO[0m [2mspark_model::layers::qwen3_ssm::trait_decode_multi_seq::ssm_batched[0m[2m:[0m ATLAS_SSM_DETAIL n=4: input_norm=11us qkvz=87us recurrent_ba=45us recurrent_conv=40us recurrent_gdn=98us recurrent_norm=35us recurrent_total_tail=1us out_proj=43us post_norm=11us
[2m2026-09-06T02:11:15.333070Z[0m [32m INFO[0m [2mspark_model::layers::qwen3_ssm::trait_decode_multi_seq[0m[2m:[0m ATLAS_SSM_MS_PROFILE n=4: mixer=393us moe_residual=278us
[2m2026-09-06T02:11:15.333466Z[0m [32m INFO[0m [2mspark_model::layers::qwen3_ssm::trait_decode_multi_seq::ssm_batched[0m[2m:[0m ATLAS_SSM_DETAIL n=4: input_norm=14us qkvz=87us recurrent_ba=42us recurrent_conv=39us recurrent_gdn=96us recurrent_norm=35us recurrent_total_tail=1us out_proj=42us post_norm=11us
[2m2026-09-06T02:11:15.333752Z[0m [32m INFO[0m [2mspark_model::layers::qwen3_ssm::trait_decode_multi_seq[0m[2m:[0m ATLAS_SSM_MS_PROFILE n=4: mixer=393us moe_residual=280us
[2m2026-09-06T02:11:15.334818Z[0m [32m INFO[0m [2mspark_model::layers::qwen3_ssm::trait_decode_multi_seq::ssm_batched[0m[2m:[0m ATLAS_SSM_DETAIL n=4: input_norm=10us qkvz=87us recurrent_ba=44us recurrent_conv=40us recurrent_gdn=96us recurrent_norm=34us recurrent_total_tail=1us out_proj=43us post_norm=11us
[2m2026-09-06T02:11:15.335104Z[0m [32m INFO[0m [2mspark_model::layers::qwen3_ssm::trait_decode_multi_seq[0m[2m:[0m ATLAS_SSM_MS_PROFILE n=4: mixer=392us moe_residual=279us
[2m2026-09-06T02:11:15.335497Z[0m [32m INFO[0m [2mspark_model::layers::qwen3_ssm::trait_decode_multi_seq::ssm_batched[0m[2m:[0m ATLAS_SSM_DETAIL n=4: input_norm=10us qkvz=87us recurrent_ba=43us recurrent_conv=39us recurrent_gdn=97us recurrent_norm=35us recurrent_total_tail=1us out_proj=43us post_norm=11us
[2m2026-09-06T02:11:15.335791Z[0m [32m INFO[0m [2mspark_model::layers::qwen3_ssm::trait_decode_multi_seq[0m[2m:[0m ATLAS_SSM_MS_PROFILE n=4: mixer=392us moe_residual=287us
[2m2026-09-06T02:11:15.336186Z[0m [32m INFO[0m [2mspark_model::layers::qwen3_ssm::trait_decode_multi_seq::ssm_batched[0m[2m:[0m ATLAS_SSM_DETAIL n=4: input_norm=10us qkvz=87us recurrent_ba=44us recurrent_conv=40us recurrent_gdn=97us recurrent_norm=36us recurrent_total_tail=1us out_proj=43us post_norm=11us
[2m2026-09-06T02:11:15.336479Z[0m [32m INFO[0m [2mspark_model::layers::qwen3_ssm::trait_decode_multi_seq[0m[2m:[0m ATLAS_SSM_MS_PROFILE n=4: mixer=392us moe_residual=286us
[2m2026-09-06T02:11:15.338102Z[0m [32m INFO[0m [2mspark_model::model::trait_impl::decode_a2[0m[2m:[0m ATLAS_MS_PROFILE n=4 padded_n=4: total=44753us  ssm=33013us(48L)  attn=10798us(16L)  head=942us  [per-tok 11.19ms]
[2m2026-09-06T02:11:15.347853Z[0m [32m INFO[0m [2mspark_model::layers::qwen3_ssm::trait_decode_multi_seq::ssm_batched[0m[2m:[0m ATLAS_SSM_DETAIL n=4: input_norm=13us qkvz=88us recurrent_ba=44us recurrent_conv=40us recurrent_gdn=97us recurrent_norm=38us recurrent_total_tail=1us out_proj=43us post_norm=11us
[2m2026-09-06T02:11:15.348150Z[0m [32m INFO[0m [2mspark_model::layers::qwen3_ssm::trait_decode_multi_seq[0m[2m:[0m ATLAS_SSM_MS_PROFILE n=4: mixer=418us moe_residual=280us
[2m2026-09-06T02:11:15.348549Z[0m [32m INFO[0m [2mspark_model::layers::qwen3_ssm::trait_decode_multi_seq::ssm_batched[0m[2m:[0m ATLAS_SSM_DETAIL n=4: input_norm=10us qkvz=87us recurrent_ba=44us recurrent_conv=40us recurrent_gdn=97us recurrent_norm=35us recurrent_total_tail=1us out_proj=43us post_norm=11us
[2m2026-09-06T02:11:15.348833Z[0m [32m INFO[0m [2mspark_model::layers::qwen3_ssm::trait_decode_multi_seq[0m[2m:[0m ATLAS_SSM_MS_PROFILE n=4: mixer=394us moe_residual=278us
[2m2026-09-06T02:11:15.349230Z[0m [32m INFO[0m [2mspark_model::layers::qwen3_ssm::trait_decode_multi_seq::ssm_batched[0m[2m:[0m ATLAS_SSM_DETAIL n=4: input_norm=10us qkvz=87us recurrent_ba=45us recurrent_conv=42us recurrent_gdn=96us recurrent_norm=35us recurrent_total_tail=1us out_proj=42us post_norm=11us
[2m2026-09-06T02:11:15.349524Z[0m [32m INFO[0m [2mspark_model::layers::qwen3_ssm::trait_decode_multi_seq[0m[2m:[0m ATLAS_SSM_MS_PROFILE n=4: mixer=395us moe_residual=287us
[2m2026-09-06T02:11:15.350596Z[0m [32m INFO[0m [2mspark_model::layers::qwen3_ssm::trait_decode_multi_seq::ssm_batched[0m[2m:[0m ATLAS_SSM_DETAIL n=4: input_norm=10us qkvz=88us recurrent_ba=43us recurrent_conv=39us recurrent_gdn=96us recurrent_norm=36us recurrent_total_tail=1us out_proj=43us post_norm=11us
[2m2026-09-06T02:11:15.350890Z[0m [32m INFO[0m [2mspark_model::layers::qwen3_ssm::trait_decode_multi_seq[0m[2m:[0m ATLAS_SSM_MS_PROFILE n=4: mixer=393us moe_residual=287us
[2m2026-09-06T02:11:15.351289Z[0m [32m INFO[0m [2mspark_model::layers::qwen3_ssm::trait_decode_multi_seq::ssm_batched[0m[2m:[0m ATLAS_SSM_DETAIL n=4: input_norm=10us qkvz=86us recurrent_ba=45us recurrent_conv=45us recurrent_gdn=96us recurrent_norm=36us recurrent_total_tail=1us out_proj=43us post_norm=11us
[2m2026-09-06T02:11:15.351576Z[0m [32m INFO[0m [2mspark_model::layers::qwen3_ssm::trait_decode_multi_seq[0m[2m:[0m ATLAS_SSM_MS_PROFILE n=4: mixer=397us moe_residual=281us
[2m2026-09-06T02:11:15.351970Z[0m [32m INFO[0m [2mspark_model::layers::qwen3_ssm::trait_decode_multi_seq::ssm_batched[0m[2m:[0m ATLAS_SSM_DETAIL n=4: input_norm=10us qkvz=87us recurrent_ba=44us recurrent_conv=40us recurrent_gdn=96us recurrent_norm=36us recurrent_total_tail=1us out_proj=42us post_norm=11us
[2m2026-09-06T02:11:15.352264Z[0m [32m INFO[0m [2mspark_model::layers::qwen3_ssm::trait_decode_multi_seq[0m[2m:[0m ATLAS_SSM_MS_PROFILE n=4: mixer=391us moe_residual=288us
[2m2026-09-06T02:11:15.353363Z[0m [32m INFO[0m [2mspark_model::layers::qwen3_ssm::trait_decode_multi_seq::ssm_batched[0m[2m:[0m ATLAS_SSM_DETAIL n=4: input_norm=11us qkvz=87us recurrent_ba=49us recurrent_conv=41us recurrent_gdn=100us recurrent_norm=37us recurrent_total_tail=1us out_proj=43us post_norm=12us
[2m2026-09-06T02:11:15.353652Z[0m [32m INFO[0m [2mspark_model::layers::qwen3_ssm::trait_decode_multi_seq[0m[2m:[0m ATLAS_SSM_MS_PROFILE n=4: mixer=414us moe_residual=281us
[2m2026-09-06T02:11:15.354063Z[0m [32m INFO[0m [2mspark_model::layers::qwen3_ssm::trait_decode_multi_seq::ssm_batched[0m[2m:[0m ATLAS_SSM_DETAIL n=4: input_norm=11us qkvz=88us recurrent_ba=45us recurrent_conv=41us recurrent_gdn=100us recurrent_norm=36us recurrent_total_tail=1us out_proj=43us post_norm=12us
[2m2026-09-06T02:11:15.354350Z[0m [32m INFO[0m [2mspark_model::layers::qwen3_ssm::trait_decode_multi_seq[0m[2m:[0m ATLAS_SSM_MS_PROFILE n=4: mixer=408us moe_residual=279us
[2m2026-09-06T02:11:15.354763Z[0m [32m INFO[0m [2mspark_model::layers::qwen3_ssm::trait_decode_multi_seq::ssm_batched[0m[2m:[0m ATLAS_SSM_DETAIL n=4: input_norm=11us qkvz=88us recurrent_ba=46us recurrent_conv=41us recurrent_gdn=100us recurrent_norm=38us recurrent_total_tail=1us out_proj=43us post_norm=12us
[2m2026-09-06T02:11:15.355051Z[0m [32m INFO[0m [2mspark_model::layers::qwen3_ssm::trait_decode_multi_seq[0m[2m:[0m ATLAS_SSM_MS_PROFILE n=4: mixer=409us moe_residual=281us
[2m2026-09-06T02:11:15.356142Z[0m [32m INFO[0m [2mspark_model::layers::qwen3_ssm::trait_decode_multi_seq::ssm_batched[0m[2m:[0m ATLAS_SSM_DETAIL n=4: input_norm=11us qkvz=88us recurrent_ba=46us recurrent_conv=43us recurrent_gdn=100us recurrent_norm=37us recurrent_total_tail=1us out_proj=43us post_norm=12us
[2m2026-09-06T02:11:15.356432Z[0m [32m INFO[0m [2mspark_model::layers::qwen3_ssm::trait_decode_multi_seq[0m[2m:[0m ATLAS_SSM_MS_PROFILE n=4: mixer=409us moe_residual=281us
[2m2026-09-06T02:11:15.356843Z[0m [32m INFO[0m [2mspark_model::layers::qwen3_ssm::trait_decode_multi_seq::ssm_batched[0m[2m:[0m ATLAS_SSM_DETAIL n=4: input_norm=11us qkvz=87us recurrent_ba=45us recurrent_conv=41us recurrent_gdn=100us recurrent_norm=36us recurrent_total_tail=1us out_proj=44us post_norm=12us
[2m2026-09-06T02:11:15.357131Z[0m [32m INFO[0m [2mspark_model::layers::qwen3_ssm::trait_decode_multi_seq[0m[2m:[0m ATLAS_SSM_MS_PROFILE n=4: mixer=408us moe_residual=281us
[2m2026-09-06T02:11:15.357547Z[0m [32m INFO[0m [2mspark_model::layers::qwen3_ssm::trait_decode_multi_seq::ssm_batched[0m[2m:[0m ATLAS_SSM_DETAIL n=4: input_norm=11us qkvz=88us recurrent_ba=45us recurrent_conv=41us recurrent_gdn=100us recurrent_norm=37us recurrent_total_tail=1us out_proj=43us post_norm=12us
[2m2026-09-06T02:11:15.357835Z[0m [32m INFO[0m [2mspark_model::layers::qwen3_ssm::trait_decode_multi_seq[0m[2m:[0m ATLAS_SSM_MS_PROFILE n=4: mixer=408us moe_residual=281us
[2m2026-09-06T02:11:15.358929Z[0m [32m INFO[0m [2mspark_model::layers::qwen3_ssm::trait_decode_multi_seq::ssm_batched[0m[2m:[0m ATLAS_SSM_DETAIL n=4: input_norm=11us qkvz=88us recurrent_ba=45us recurrent_conv=41us recurrent_gdn=100us recurrent_norm=37us recurrent_total_tail=1us out_proj=43us post_norm=12us
[2m2026-09-06T02:11:15.359216Z[0m [32m INFO[0m [2mspark_model::layers::qwen3_ssm::trait_decode_multi_seq[0m[2m:[0m ATLAS_SSM_MS_PROFILE n=4: mixer=408us moe_residual=279us
[2m2026-09-06T02:11:15.359629Z[0m [32m INFO[0m [2mspark_model::layers::qwen3_ssm::trait_decode_multi_seq::ssm_batched[0m[2m:[0m ATLAS_SSM_DETAIL n=4: input_norm=11us qkvz=88us recurrent_ba=45us recurrent_conv=41us recurrent_gdn=101us recurrent_norm=36us recurrent_total_tail=1us out_proj=43us post_norm=12us
[2m2026-09-06T02:11:15.359916Z[0m [32m INFO[0m [2mspark_model::layers::qwen3_ssm::trait_decode_multi_seq[0m[2m:[0m ATLAS_SSM_MS_PROFILE n=4: mixer=409us moe_residual=280us
[2m2026-09-06T02:11:15.360331Z[0m [32m INFO[0m [2mspark_model::layers::qwen3_ssm::trait_decode_multi_seq::ssm_batched[0m[2m:[0m ATLAS_SSM_DETAIL n=4: input_norm=11us qkvz=87us recurrent_ba=45us recurrent_conv=41us recurrent_gdn=103us recurrent_norm=37us recurrent_total_tail=1us out_proj=44us post_norm=12us
[2m2026-09-06T02:11:15.360622Z[0m [32m INFO[0m [2mspark_model::layers::qwen3_ssm::trait_decode_multi_seq[0m[2m:[0m ATLAS_SSM_MS_PROFILE n=4: mixer=415us moe_residual=281us
[2m2026-09-06T02:11:15.361715Z[0m [32m INFO[0m [2mspark_model::layers::qwen3_ssm::trait_decode_multi_seq::ssm_batched[0m[2m:[0m ATLAS_SSM_DETAIL n=4: input_norm=11us qkvz=88us recurrent_ba=45us recurrent_conv=41us recurrent_gdn=100us recurrent_norm=37us recurrent_total_tail=1us out_proj=43us post_norm=12us
[2m2026-09-06T02:11:15.362003Z[0m [32m INFO[0m [2mspark_model::layers::qwen3_ssm::trait_decode_multi_seq[0m[2m:[0m ATLAS_SSM_MS_PROFILE n=4: mixer=411us moe_residual=280us
[2m2026-09-06T02:11:15.362416Z[0m [32m INFO[0m [2mspark_model::layers::qwen3_ssm::trait_decode_multi_seq::ssm_batched[0m[2m:[0m ATLAS_SSM_DETAIL n=4: input_norm=11us qkvz=88us recurrent_ba=45us recurrent_conv=41us recurrent_gdn=100us recurrent_norm=36us recurrent_total_tail=1us out_proj=43us post_norm=12us
[2m2026-09-06T02:11:15.362711Z[0m [32m INFO[0m [2mspark_model::layers::qwen3_ssm::trait_decode_multi_seq[0m[2m:[0m ATLAS_SSM_MS_PROFILE n=4: mixer=411us moe_residual=287us
[2m2026-09-06T02:11:15.363122Z[0m [32m INFO[0m [2mspark_model::layers::qwen3_ssm::trait_decode_multi_seq::ssm_batched[0m[2m:[0m ATLAS_SSM_DETAIL n=4: input_norm=11us qkvz=88us recurrent_ba=45us recurrent_conv=41us recurrent_gdn=100us recurrent_norm=37us recurrent_total_tail=1us out_proj=43us post_norm=11us
[2m2026-09-06T02:11:15.363417Z[0m [32m INFO[0m [2mspark_model::layers::qwen3_ssm::trait_decode_multi_seq[0m[2m:[0m ATLAS_SSM_MS_PROFILE n=4: mixer=408us moe_residual=287us
[2m2026-09-06T02:11:15.364503Z[0m [32m INFO[0m [2mspark_model::layers::qwen3_ssm::trait_decode_multi_seq::ssm_batched[0m[2m:[0m ATLAS_SSM_DETAIL n=4: input_norm=11us qkvz=88us recurrent_ba=45us recurrent_conv=41us recurrent_gdn=100us recurrent_norm=37us recurrent_total_tail=1us out_proj=43us post_norm=11us
[2m2026-09-06T02:11:15.364792Z[0m [32m INFO[0m [2mspark_model::layers::qwen3_ssm::trait_decode_multi_seq[0m[2m:[0m ATLAS_SSM_MS_PROFILE n=4: mixer=407us moe_residual=281us
[2m2026-09-06T02:11:15.365208Z[0m [32m INFO[0m [2mspark_model::layers::qwen3_ssm::trait_decode_multi_seq::ssm_batched[0m[2m:[0m ATLAS_SSM_DETAIL n=4: input_norm=15us qkvz=88us recurrent_ba=45us recurrent_conv=40us recurrent_gdn=103us recurrent_norm=36us recurrent_total_tail=1us out_proj=44us post_norm=12us
[2m2026-09-06T02:11:15.365495Z[0m [32m INFO[0m [2mspark_model::layers::qwen3_ssm::trait_decode_multi_seq[0m[2m:[0m ATLAS_SSM_MS_PROFILE n=4: mixer=414us moe_residual=280us
[2m2026-09-06T02:11:15.365904Z[0m [32m INFO[0m [2mspark_model::layers::qwen3_ssm::trait_decode_multi_seq::ssm_batched[0m[2m:[0m ATLAS_SSM_DETAIL n=4: input_norm=11us qkvz=88us recurrent_ba=46us recurrent_conv=41us recurrent_gdn=100us recurrent_norm=37us recurrent_total_tail=1us out_proj=43us post_norm=11us
[2m2026-09-06T02:11:15.366196Z[0m [32m INFO[0m [2mspark_model::layers::qwen3_ssm::trait_decode_multi_seq[0m[2m:[0m ATLAS_SSM_MS_PROFILE n=4: mixer=406us moe_residual=286us
[2m2026-09-06T02:11:15.367281Z[0m [32m INFO[0m [2mspark_model::layers::qwen3_ssm::trait_decode_multi_seq::ssm_batched[0m[2m:[0m ATLAS_SSM_DETAIL n=4: input_norm=11us qkvz=87us recurrent_ba=45us recurrent_conv=41us recurrent_gdn=100us recurrent_norm=36us recurrent_total_tail=1us out_proj=43us post_norm=11us
[2m2026-09-06T02:11:15.367570Z[0m [32m INFO[0m [2mspark_model::layers::qwen3_ssm::trait_decode_multi_seq[0m[2m:[0m ATLAS_SSM_MS_PROFILE n=4: mixer=407us moe_residual=280us
[2m2026-09-06T02:11:15.367977Z[0m [32m INFO[0m [2mspark_model::layers::qwen3_ssm::trait_decode_multi_seq::ssm_batched[0m[2m:[0m ATLAS_SSM_DETAIL n=4: input_norm=11us qkvz=87us recurrent_ba=45us recurrent_conv=40us recurrent_gdn=100us recurrent_norm=36us recurrent_total_tail=1us out_proj=43us post_norm=11us
[2m2026-09-06T02:11:15.368264Z[0m [32m INFO[0m [2mspark_model::layers::qwen3_ssm::trait_decode_multi_seq[0m[2m:[0m ATLAS_SSM_MS_PROFILE n=4: mixer=406us moe_residual=279us
[2m2026-09-06T02:11:15.368747Z[0m [32m INFO[0m [2mspark_model::layers::qwen3_ssm::trait_decode_multi_seq::ssm_batched[0m[2m:[0m ATLAS_SSM_DETAIL n=4: input_norm=11us qkvz=88us recurrent_ba=45us recurrent_conv=41us recurrent_gdn=100us recurrent_norm=36us recurrent_total_tail=1us out_proj=43us post_norm=11us
[2m2026-09-06T02:11:15.369034Z[0m [32m INFO[0m [2mspark_model::layers::qwen3_ssm::trait_decode_multi_seq[0m[2m:[0m ATLAS_SSM_MS_PROFILE n=4: mixer=406us moe_residual=280us
[2m2026-09-06T02:11:15.370125Z[0m [32m INFO[0m [2mspark_model::layers::qwen3_ssm::trait_decode_multi_seq::ssm_batched[0m[2m:[0m ATLAS_SSM_DETAIL n=4: input_norm=11us qkvz=88us recurrent_ba=45us recurrent_conv=41us recurrent_gdn=100us recurrent_norm=37us recurrent_total_tail=1us out_proj=43us post_norm=12us
[2m2026-09-06T02:11:15.370417Z[0m [32m INFO[0m [2mspark_model::layers::qwen3_ssm::trait_decode_multi_seq[0m[2m:[0m ATLAS_SSM_MS_PROFILE n=4: mixer=407us moe_residual=284us
[2m2026-09-06T02:11:15.370825Z[0m [32m INFO[0m [2mspark_model::layers::qwen3_ssm::trait_decode_multi_seq::ssm_batched[0m[2m:[0m ATLAS_SSM_DETAIL n=4: input_norm=11us qkvz=88us recurrent_ba=46us recurrent_conv=40us recurrent_gdn=99us recurrent_norm=36us recurrent_total_tail=1us out_proj=43us post_norm=12us
[2m2026-09-06T02:11:15.371114Z[0m [32m INFO[0m [2mspark_model::layers::qwen3_ssm::trait_decode_multi_seq[0m[2m:[0m ATLAS_SSM_MS_PROFILE n=4: mixer=405us moe_residual=282us
[2m2026-09-06T02:11:15.371524Z[0m [32m INFO[0m [2mspark_model::layers::qwen3_ssm::trait_decode_multi_seq::ssm_batched[0m[2m:[0m ATLAS_SSM_DETAIL n=4: input_norm=14us qkvz=88us recurrent_ba=45us recurrent_conv=40us recurrent_gdn=100us recurrent_norm=36us recurrent_total_tail=1us out_proj=43us post_norm=11us
[2m2026-09-06T02:11:15.371819Z[0m [32m INFO[0m [2mspark_model::layers::qwen3_ssm::trait_decode_multi_seq[0m[2m:[0m ATLAS_SSM_MS_PROFILE n=4: mixer=408us moe_residual=287us
[2m2026-09-06T02:11:15.372906Z[0m [32m INFO[0m [2mspark_model::layers::qwen3_ssm::trait_decode_multi_seq::ssm_batched[0m[2m:[0m ATLAS_SSM_DETAIL n=4: input_norm=11us qkvz=87us recurrent_ba=45us recurrent_conv=40us recurrent_gdn=100us recurrent_norm=36us recurrent_total_tail=1us out_proj=43us post_norm=12us
[2m2026-09-06T02:11:15.373200Z[0m [32m INFO[0m [2mspark_model::layers::qwen3_ssm::trait_decode_multi_seq[0m[2m:[0m ATLAS_SSM_MS_PROFILE n=4: mixer=407us moe_residual=286us
[2m2026-09-06T02:11:15.373609Z[0m [32m INFO[0m [2mspark_model::layers::qwen3_ssm::trait_decode_multi_seq::ssm_batched[0m[2m:[0m ATLAS_SSM_DETAIL n=4: input_norm=11us qkvz=88us recurrent_ba=46us recurrent_conv=41us recurrent_gdn=100us recurrent_norm=36us recurrent_total_tail=1us out_proj=43us post_norm=11us
[2m2026-09-06T02:11:15.373897Z[0m [32m INFO[0m [2mspark_model::layers::qwen3_ssm::trait_decode_multi_seq[0m[2m:[0m ATLAS_SSM_MS_PROFILE n=4: mixer=405us moe_residual=281us
[2m2026-09-06T02:11:15.374303Z[0m [32m INFO[0m [2mspark_model::layers::qwen3_ssm::trait_decode_multi_seq::ssm_batched[0m[2m:[0m ATLAS_SSM_DETAIL n=4: input_norm=11us qkvz=88us recurrent_ba=45us recurrent_conv=40us recurrent_gdn=100us recurrent_norm=36us recurrent_total_tail=1us out_proj=43us post_norm=11us
[2m2026-09-06T02:11:15.374591Z[0m [32m INFO[0m [2mspark_model::layers::qwen3_ssm::trait_decode_multi_seq[0m[2m:[0m ATLAS_SSM_MS_PROFILE n=4: mixer=404us moe_residual=280us
[2m2026-09-06T02:11:15.375676Z[0m [32m INFO[0m [2mspark_model::layers::qwen3_ssm::trait_decode_multi_seq::ssm_batched[0m[2m:[0m ATLAS_SSM_DETAIL n=4: input_norm=11us qkvz=87us recurrent_ba=45us recurrent_conv=40us recurrent_gdn=100us recurrent_norm=36us recurrent_total_tail=1us out_proj=43us post_norm=11us
[2m2026-09-06T02:11:15.375963Z[0m [32m INFO[0m [2mspark_model::layers::qwen3_ssm::trait_decode_multi_seq[0m[2m:[0m ATLAS_SSM_MS_PROFILE n=4: mixer=404us moe_residual=280us
[2m2026-09-06T02:11:15.376371Z[0m [32m INFO[0m [2mspark_model::layers::qwen3_ssm::trait_decode_multi_seq::ssm_batched[0m[2m:[0m ATLAS_SSM_DETAIL n=4: input_norm=10us qkvz=87us recurrent_ba=45us recurrent_conv=40us recurrent_gdn=99us recurrent_norm=39us recurrent_total_tail=1us out_proj=43us post_norm=11us
[2m2026-09-06T02:11:15.376658Z[0m [32m INFO[0m [2mspark_model::layers::qwen3_ssm::trait_decode_multi_seq[0m[2m:[0m ATLAS_SSM_MS_PROFILE n=4: mixer=404us moe_residual=280us
[2m2026-09-06T02:11:15.377067Z[0m [32m INFO[0m [2mspark_model::layers::qwen3_ssm::trait_decode_multi_seq::ssm_batched[0m[2m:[0m ATLAS_SSM_DETAIL n=4: input_norm=11us qkvz=87us recurrent_ba=45us recurrent_conv=40us recurrent_gdn=100us recurrent_norm=36us recurrent_total_tail=1us out_proj=47us post_norm=11us
[2m2026-09-06T02:11:15.377353Z[0m [32m INFO[0m [2mspark_model::layers::qwen3_ssm::trait_decode_multi_seq[0m[2m:[0m ATLAS_SSM_MS_PROFILE n=4: mixer=406us moe_residual=280us
[2m2026-09-06T02:11:15.378436Z[0m [32m INFO[0m [2mspark_model::layers::qwen3_ssm::trait_decode_multi_seq::ssm_batched[0m[2m:[0m ATLAS_SSM_DETAIL n=4: input_norm=11us qkvz=87us recurrent_ba=45us recurrent_conv=40us recurrent_gdn=99us recurrent_norm=36us recurrent_total_tail=1us out_proj=43us post_norm=11us
[2m2026-09-06T02:11:15.378729Z[0m [32m INFO[0m [2mspark_model::layers::qwen3_ssm::trait_decode_multi_seq[0m[2m:[0m ATLAS_SSM_MS_PROFILE n=4: mixer=402us moe_residual=286us
[2m2026-09-06T02:11:15.379136Z[0m [32m INFO[0m [2mspark_model::layers::qwen3_ssm::trait_decode_multi_seq::ssm_batched[0m[2m:[0m ATLAS_SSM_DETAIL n=4: input_norm=11us qkvz=87us recurrent_ba=45us recurrent_conv=40us recurrent_gdn=98us recurrent_norm=36us recurrent_total_tail=1us out_proj=43us post_norm=11us
[2m2026-09-06T02:11:15.379424Z[0m [32m INFO[0m [2mspark_model::layers::qwen3_ssm::trait_decode_multi_seq[0m[2m:[0m ATLAS_SSM_MS_PROFILE n=4: mixer=405us moe_residual=280us
[2m2026-09-06T02:11:15.379833Z[0m [32m INFO[0m [2mspark_model::layers::qwen3_ssm::trait_decode_multi_seq::ssm_batched[0m[2m:[0m ATLAS_SSM_DETAIL n=4: input_norm=11us qkvz=91us recurrent_ba=45us recurrent_conv=41us recurrent_gdn=99us recurrent_norm=36us recurrent_total_tail=1us out_proj=43us post_norm=11us
[2m2026-09-06T02:11:15.380119Z[0m [32m INFO[0m [2mspark_model::layers::qwen3_ssm::trait_decode_multi_seq[0m[2m:[0m ATLAS_SSM_MS_PROFILE n=4: mixer=406us moe_residual=280us
[2m2026-09-06T02:11:15.381205Z[0m [32m INFO[0m [2mspark_model::layers::qwen3_ssm::trait_decode_multi_seq::ssm_batched[0m[2m:[0m ATLAS_SSM_DETAIL n=4: input_norm=11us qkvz=87us recurrent_ba=45us recurrent_conv=40us recurrent_gdn=100us recurrent_norm=40us recurrent_total_tail=1us out_proj=43us post_norm=11us
[2m2026-09-06T02:11:15.381493Z[0m [32m INFO[0m [2mspark_model::layers::qwen3_ssm::trait_decode_multi_seq[0m[2m:[0m ATLAS_SSM_MS_PROFILE n=4: mixer=405us moe_residual=281us
[2m2026-09-06T02:11:15.381896Z[0m [32m INFO[0m [2mspark_model::layers::qwen3_ssm::trait_decode_multi_seq::ssm_batched[0m[2m:[0m ATLAS_SSM_DETAIL n=4: input_norm=11us qkvz=87us recurrent_ba=45us recurrent_conv=40us recurrent_gdn=99us recurrent_norm=36us recurrent_total_tail=1us out_proj=43us post_norm=11us
[2m2026-09-06T02:11:15.382182Z[0m [32m INFO[0m [2mspark_model::layers::qwen3_ssm::trait_decode_multi_seq[0m[2m:[0m ATLAS_SSM_MS_PROFILE n=4: mixer=399us moe_residual=280us
[2m2026-09-06T02:11:15.382588Z[0m [32m INFO[0m [2mspark_model::layers::qwen3_ssm::trait_decode_multi_seq::ssm_batched[0m[2m:[0m ATLAS_SSM_DETAIL n=4: input_norm=11us qkvz=87us recurrent_ba=45us recurrent_conv=40us recurrent_gdn=100us recurrent_norm=36us recurrent_total_tail=1us out_proj=43us post_norm=11us
[2m2026-09-06T02:11:15.382882Z[0m [32m INFO[0m [2mspark_model::layers::qwen3_ssm::trait_decode_multi_seq[0m[2m:[0m ATLAS_SSM_MS_PROFILE n=4: mixer=401us moe_residual=288us
[2m2026-09-06T02:11:15.383971Z[0m [32m INFO[0m [2mspark_model::layers::qwen3_ssm::trait_decode_multi_seq::ssm_batched[0m[2m:[0m ATLAS_SSM_DETAIL n=4: input_norm=11us qkvz=87us recurrent_ba=45us recurrent_conv=40us recurrent_gdn=99us recurrent_norm=36us recurrent_total_tail=1us out_proj=43us post_norm=12us
[2m2026-09-06T02:11:15.384266Z[0m [32m INFO[0m [2mspark_model::layers::qwen3_ssm::trait_decode_multi_seq[0m[2m:[0m ATLAS_SSM_MS_PROFILE n=4: mixer=403us moe_residual=288us
[2m2026-09-06T02:11:15.384670Z[0m [32m INFO[0m [2mspark_model::layers::qwen3_ssm::trait_decode_multi_seq::ssm_batched[0m[2m:[0m ATLAS_SSM_DETAIL n=4: input_norm=11us qkvz=87us recurrent_ba=45us recurrent_conv=41us recurrent_gdn=98us recurrent_norm=36us recurrent_total_tail=1us out_proj=43us post_norm=11us
[2m2026-09-06T02:11:15.384963Z[0m [32m INFO[0m [2mspark_model::layers::qwen3_ssm::trait_decode_multi_seq[0m[2m:[0m ATLAS_SSM_MS_PROFILE n=4: mixer=399us moe_residual=288us
[2m2026-09-06T02:11:15.385368Z[0m [32m INFO[0m [2mspark_model::layers::qwen3_ssm::trait_decode_multi_seq::ssm_batched[0m[2m:[0m ATLAS_SSM_DETAIL n=4: input_norm=11us qkvz=87us recurrent_ba=45us recurrent_conv=40us recurrent_gdn=99us recurrent_norm=36us recurrent_total_tail=1us out_proj=43us post_norm=11us
[2m2026-09-06T02:11:15.385655Z[0m [32m INFO[0m [2mspark_model::layers::qwen3_ssm::trait_decode_multi_seq[0m[2m:[0m ATLAS_SSM_MS_PROFILE n=4: mixer=403us moe_residual=279us
[2m2026-09-06T02:11:15.386739Z[0m [32m INFO[0m [2mspark_model::layers::qwen3_ssm::trait_decode_multi_seq::ssm_batched[0m[2m:[0m ATLAS_SSM_DETAIL n=4: input_norm=10us qkvz=87us recurrent_ba=45us recurrent_conv=40us recurrent_gdn=99us recurrent_norm=36us recurrent_total_tail=1us out_proj=43us post_norm=11us
[2m2026-09-06T02:11:15.387026Z[0m [32m INFO[0m [2mspark_model::layers::qwen3_ssm::trait_decode_multi_seq[0m[2m:[0m ATLAS_SSM_MS_PROFILE n=4: mixer=399us moe_residual=280us
[2m2026-09-06T02:11:15.387431Z[0m [32m INFO[0m [2mspark_model::layers::qwen3_ssm::trait_decode_multi_seq::ssm_batched[0m[2m:[0m ATLAS_SSM_DETAIL n=4: input_norm=11us qkvz=89us recurrent_ba=45us recurrent_conv=40us recurrent_gdn=97us recurrent_norm=36us recurrent_total_tail=1us out_proj=43us post_norm=12us
[2m2026-09-06T02:11:15.387717Z[0m [32m INFO[0m [2mspark_model::layers::qwen3_ssm::trait_decode_multi_seq[0m[2m:[0m ATLAS_SSM_MS_PROFILE n=4: mixer=402us moe_residual=280us
[2m2026-09-06T02:11:15.388118Z[0m [32m INFO[0m [2mspark_model::layers::qwen3_ssm::trait_decode_multi_seq::ssm_batched[0m[2m:[0m ATLAS_SSM_DETAIL n=4: input_norm=10us qkvz=88us recurrent_ba=45us recurrent_conv=40us recurrent_gdn=97us recurrent_norm=36us recurrent_total_tail=1us out_proj=43us post_norm=11us
[2m2026-09-06T02:11:15.388406Z[0m [32m INFO[0m [2mspark_model::layers::qwen3_ssm::trait_decode_multi_seq[0m[2m:[0m ATLAS_SSM_MS_PROFILE n=4: mixer=398us moe_residual=282us
[2m2026-09-06T02:11:15.389490Z[0m [32m INFO[0m [2mspark_model::layers::qwen3_ssm::trait_decode_multi_seq::ssm_batched[0m[2m:[0m ATLAS_SSM_DETAIL n=4: input_norm=11us qkvz=87us recurrent_ba=45us recurrent_conv=42us recurrent_gdn=99us recurrent_norm=36us recurrent_total_tail=1us out_proj=42us post_norm=11us
[2m2026-09-06T02:11:15.389782Z[0m [32m INFO[0m [2mspark_model::layers::qwen3_ssm::trait_decode_multi_seq[0m[2m:[0m ATLAS_SSM_MS_PROFILE n=4: mixer=402us moe_residual=286us
[2m2026-09-06T02:11:15.390182Z[0m [32m INFO[0m [2mspark_model::layers::qwen3_ssm::trait_decode_multi_seq::ssm_batched[0m[2m:[0m ATLAS_SSM_DETAIL n=4: input_norm=11us qkvz=88us recurrent_ba=45us recurrent_conv=40us recurrent_gdn=99us recurrent_norm=36us recurrent_total_tail=1us out_proj=43us post_norm=11us
[2m2026-09-06T02:11:15.390471Z[0m [32m INFO[0m [2mspark_model::layers::qwen3_ssm::trait_decode_multi_seq[0m[2m:[0m ATLAS_SSM_MS_PROFILE n=4: mixer=398us moe_residual=282us
[2m2026-09-06T02:11:15.390873Z[0m [32m INFO[0m [2mspark_model::layers::qwen3_ssm::trait_decode_multi_seq::ssm_batched[0m[2m:[0m ATLAS_SSM_DETAIL n=4: input_norm=10us qkvz=87us recurrent_ba=45us recurrent_conv=40us recurrent_gdn=99us recurrent_norm=36us recurrent_total_tail=1us out_proj=43us post_norm=11us
[2m2026-09-06T02:11:15.391161Z[0m [32m INFO[0m [2mspark_model::layers::qwen3_ssm::trait_decode_multi_seq[0m[2m:[0m ATLAS_SSM_MS_PROFILE n=4: mixer=401us moe_residual=280us
[2m2026-09-06T02:11:15.392784Z[0m [32m INFO[0m [2mspark_model::model::trait_impl::decode_a2[0m[2m:[0m ATLAS_MS_PROFILE n=4 padded_n=4: total=45189us  ssm=33420us(48L)  attn=10830us(16L)  head=939us  [per-tok 11.30ms]
[2m2026-09-06T02:11:15.398785Z[0m [32m INFO[0m [2mspark_model::layers::qwen3_ssm::trait_decode_multi_seq::ssm_batched[0m[2m:[0m ATLAS_SSM_DETAIL n=4: input_norm=16us qkvz=90us recurrent_ba=47us recurrent_conv=42us recurrent_gdn=100us recurrent_norm=37us recurrent_total_tail=1us out_proj=44us post_norm=12us
[2m2026-09-06T02:11:15.399099Z[0m [32m INFO[0m [2mspark_model::layers::qwen3_ssm::trait_decode_multi_seq[0m[2m:[0m ATLAS_SSM_MS_PROFILE n=4: mixer=453us moe_residual=283us
[2m2026-09-06T02:11:15.399509Z[0m [32m INFO[0m [2mspark_model::layers::qwen3_ssm::trait_decode_multi_seq::ssm_batched[0m[2m:[0m ATLAS_SSM_DETAIL n=4: input_norm=11us qkvz=88us recurrent_ba=45us recurrent_conv=40us recurrent_gdn=100us recurrent_norm=36us recurrent_total_tail=1us out_proj=43us post_norm=12us
[2m2026-09-06T02:11:15.399796Z[0m [32m INFO[0m [2mspark_model::layers::qwen3_ssm::trait_decode_multi_seq[0m[2m:[0m ATLAS_SSM_MS_PROFILE n=4: mixer=406us moe_residual=279us
[2m2026-09-06T02:11:15.400206Z[0m [32m INFO[0m [2mspark_model::layers::qwen3_ssm::trait_decode_multi_seq::ssm_batched[0m[2m:[0m ATLAS_SSM_DETAIL n=4: input_norm=11us qkvz=87us recurrent_ba=45us recurrent_conv=41us recurrent_gdn=100us recurrent_norm=40us recurrent_total_tail=1us out_proj=43us post_norm=12us
[2m2026-09-06T02:11:15.400501Z[0m [32m INFO[0m [2mspark_model::layers::qwen3_ssm::trait_decode_multi_seq[0m[2m:[0m ATLAS_SSM_MS_PROFILE n=4: mixer=408us moe_residual=288us
[2m2026-09-06T02:11:15.401590Z[0m [32m INFO[0m [2mspark_model::layers::qwen3_ssm::trait_decode_multi_seq::ssm_batched[0m[2m:[0m ATLAS_SSM_DETAIL n=4: input_norm=11us qkvz=87us recurrent_ba=45us recurrent_conv=40us recurrent_gdn=100us recurrent_norm=36us recurrent_total_tail=1us out_proj=43us post_norm=11us
[2m2026-09-06T02:11:15.401876Z[0m [32m INFO[0m [2mspark_model::layers::qwen3_ssm::trait_decode_multi_seq[0m[2m:[0m ATLAS_SSM_MS_PROFILE n=4: mixer=404us moe_residual=279us
[2m2026-09-06T02:11:15.402281Z[0m [32m INFO[0m [2mspark_model::layers::qwen3_ssm::trait_decode_multi_seq::ssm_batched[0m[2m:[0m ATLAS_SSM_DETAIL n=4: input_norm=11us qkvz=87us recurrent_ba=45us recurrent_conv=40us recurrent_gdn=100us recurrent_norm=36us recurrent_total_tail=1us out_proj=43us post_norm=11us
[2m2026-09-06T02:11:15.402568Z[0m [32m INFO[0m [2mspark_model::layers::qwen3_ssm::trait_decode_multi_seq[0m[2m:[0m ATLAS_SSM_MS_PROFILE n=4: mixer=402us moe_residual=280us
[2m2026-09-06T02:11:15.402972Z[0m [32m INFO[0m [2mspark_model::layers::qwen3_ssm::trait_decode_multi_seq::ssm_batched[0m[2m:[0m ATLAS_SSM_DETAIL n=4: input_norm=11us qkvz=87us recurrent_ba=45us recurrent_conv=40us recurrent_gdn=100us recurrent_norm=36us recurrent_total_tail=1us out_proj=43us post_norm=12us
[2m2026-09-06T02:11:15.403269Z[0m [32m INFO[0m [2mspark_model::layers::qwen3_ssm::trait_decode_multi_seq[0m[2m:[0m ATLAS_SSM_MS_PROFILE n=4: mixer=401us moe_residual=291us
[2m2026-09-06T02:11:15.404392Z[0m [32m INFO[0m [2mspark_model::layers::qwen3_ssm::trait_decode_multi_seq::ssm_batched[0m[2m:[0m ATLAS_SSM_DETAIL n=4: input_norm=11us qkvz=92us recurrent_ba=45us recurrent_conv=41us recurrent_gdn=100us recurrent_norm=36us recurrent_total_tail=1us out_proj=45us post_norm=11us
[2m2026-09-06T02:11:15.404692Z[0m [32m INFO[0m [2mspark_model::layers::qwen3_ssm::trait_decode_multi_seq[0m[2m:[0m ATLAS_SSM_MS_PROFILE n=4: mixer=413us moe_residual=293us
[2m2026-09-06T02:11:15.405112Z[0m [32m INFO[0m [2mspark_model::layers::qwen3_ssm::trait_decode_multi_seq::ssm_batched[0m[2m:[0m ATLAS_SSM_DETAIL n=4: input_norm=11us qkvz=92us recurrent_ba=45us recurrent_conv=40us recurrent_gdn=100us recurrent_norm=36us recurrent_total_tail=1us out_proj=45us post_norm=12us
[2m2026-09-06T02:11:15.405410Z[0m [32m INFO[0m [2mspark_model::layers::qwen3_ssm::trait_decode_multi_seq[0m[2m:[0m ATLAS_SSM_MS_PROFILE n=4: mixer=410us moe_residual=291us
[2m2026-09-06T02:11:15.405848Z[0m [32m INFO[0m [2mspark_model::layers::qwen3_ssm::trait_decode_multi_seq::ssm_batched[0m[2m:[0m ATLAS_SSM_DETAIL n=4: input_norm=11us qkvz=92us recurrent_ba=49us recurrent_conv=44us recurrent_gdn=104us recurrent_norm=40us recurrent_total_tail=2us out_proj=46us post_norm=12us
[2m2026-09-06T02:11:15.406151Z[0m [32m INFO[0m [2mspark_model::layers::qwen3_ssm::trait_decode_multi_seq[0m[2m:[0m ATLAS_SSM_MS_PROFILE n=4: mixer=433us moe_residual=295us
[2m2026-09-06T02:11:15.407292Z[0m [32m INFO[0m [2mspark_model::layers::qwen3_ssm::trait_decode_multi_seq::ssm_batched[0m[2m:[0m ATLAS_SSM_DETAIL n=4: input_norm=12us qkvz=93us recurrent_ba=49us recurrent_conv=44us recurrent_gdn=105us recurrent_norm=40us recurrent_total_tail=1us out_proj=46us post_norm=13us
[2m2026-09-06T02:11:15.407596Z[0m [32m INFO[0m [2mspark_model::layers::qwen3_ssm::trait_decode_multi_seq[0m[2m:[0m ATLAS_SSM_MS_PROFILE n=4: mixer=434us moe_residual=295us
[2m2026-09-06T02:11:15.408032Z[0m [32m INFO[0m [2mspark_model::layers::qwen3_ssm::trait_decode_multi_seq::ssm_batched[0m[2m:[0m ATLAS_SSM_DETAIL n=4: input_norm=12us qkvz=92us recurrent_ba=49us recurrent_conv=44us recurrent_gdn=104us recurrent_norm=41us recurrent_total_tail=1us out_proj=46us post_norm=12us
[2m2026-09-06T02:11:15.408334Z[0m [32m INFO[0m [2mspark_model::layers::qwen3_ssm::trait_decode_multi_seq[0m[2m:[0m ATLAS_SSM_MS_PROFILE n=4: mixer=433us moe_residual=293us
[2m2026-09-06T02:11:15.408771Z[0m [32m INFO[0m [2mspark_model::layers::qwen3_ssm::trait_decode_multi_seq::ssm_batched[0m[2m:[0m ATLAS_SSM_DETAIL n=4: input_norm=12us qkvz=93us recurrent_ba=49us recurrent_conv=44us recurrent_gdn=104us recurrent_norm=40us recurrent_total_tail=1us out_proj=46us post_norm=13us
[2m2026-09-06T02:11:15.409073Z[0m [32m INFO[0m [2mspark_model::layers::qwen3_ssm::trait_decode_multi_seq[0m[2m:[0m ATLAS_SSM_MS_PROFILE n=4: mixer=433us moe_residual=293us
[2m2026-09-06T02:11:15.410213Z[0m [32m INFO[0m [2mspark_model::layers::qwen3_ssm::trait_decode_multi_seq::ssm_batched[0m[2m:[0m ATLAS_SSM_DETAIL n=4: input_norm=12us qkvz=92us recurrent_ba=49us recurrent_conv=44us recurrent_gdn=106us recurrent_norm=40us recurrent_total_tail=1us out_proj=45us post_norm=12us
[2m2026-09-06T02:11:15.410516Z[0m [32m INFO[0m [2mspark_model::layers::qwen3_ssm::trait_decode_multi_seq[0m[2m:[0m ATLAS_SSM_MS_PROFILE n=4: mixer=434us moe_residual=293us
[2m2026-09-06T02:11:15.410950Z[0m [32m INFO[0m [2mspark_model::layers::qwen3_ssm::trait_decode_multi_seq::ssm_batched[0m[2m:[0m ATLAS_SSM_DETAIL n=4: input_norm=12us qkvz=92us recurrent_ba=49us recurrent_conv=45us recurrent_gdn=104us recurrent_norm=40us recurrent_total_tail=1us out_proj=46us post_norm=12us
[2m2026-09-06T02:11:15.411254Z[0m [32m INFO[0m [2mspark_model::layers::qwen3_ssm::trait_decode_multi_seq[0m[2m:[0m ATLAS_SSM_MS_PROFILE n=4: mixer=431us moe_residual=295us
[2m2026-09-06T02:11:15.411692Z[0m [32m INFO[0m [2mspark_model::layers::qwen3_ssm::trait_decode_multi_seq::ssm_batched[0m[2m:[0m ATLAS_SSM_DETAIL n=4: input_norm=12us qkvz=93us recurrent_ba=49us recurrent_conv=45us recurrent_gdn=105us recurrent_norm=40us recurrent_total_tail=1us out_proj=46us post_norm=13us
[2m2026-09-06T02:11:15.411994Z[0m [32m INFO[0m [2mspark_model::layers::qwen3_ssm::trait_decode_multi_seq[0m[2m:[0m ATLAS_SSM_MS_PROFILE n=4: mixer=434us moe_residual=294us
[2m2026-09-06T02:11:15.413132Z[0m [32m INFO[0m [2mspark_model::layers::qwen3_ssm::trait_decode_multi_seq::ssm_batched[0m[2m:[0m ATLAS_SSM_DETAIL n=4: input_norm=12us qkvz=93us recurrent_ba=49us recurrent_conv=44us recurrent_gdn=104us recurrent_norm=40us recurrent_total_tail=1us out_proj=46us post_norm=12us
[2m2026-09-06T02:11:15.413442Z[0m [32m INFO[0m [2mspark_model::layers::qwen3_ssm::trait_decode_multi_seq[0m[2m:[0m ATLAS_SSM_MS_PROFILE n=4: mixer=441us moe_residual=292us
[2m2026-09-06T02:11:15.413877Z[0m [32m INFO[0m [2mspark_model::layers::qwen3_ssm::trait_decode_multi_seq::ssm_batched[0m[2m:[0m ATLAS_SSM_DETAIL n=4: input_norm=12us qkvz=93us recurrent_ba=49us recurrent_conv=44us recurrent_gdn=104us recurrent_norm=41us recurrent_total_tail=1us out_proj=46us post_norm=12us
[2m2026-09-06T02:11:15.414178Z[0m [32m INFO[0m [2mspark_model::layers::qwen3_ssm::trait_decode_multi_seq[0m[2m:[0m ATLAS_SSM_MS_PROFILE n=4: mixer=432us moe_residual=294us
[2m2026-09-06T02:11:15.414614Z[0m [32m INFO[0m [2mspark_model::layers::qwen3_ssm::trait_decode_multi_seq::ssm_batched[0m[2m:[0m ATLAS_SSM_DETAIL n=4: input_norm=12us qkvz=92us recurrent_ba=49us recurrent_conv=44us recurrent_gdn=104us recurrent_norm=40us recurrent_total_tail=2us out_proj=46us post_norm=12us
[2m2026-09-06T02:11:15.414917Z[0m [32m INFO[0m [2mspark_model::layers::qwen3_ssm::trait_decode_multi_seq[0m[2m:[0m ATLAS_SSM_MS_PROFILE n=4: mixer=431us moe_residual=295us
[2m2026-09-06T02:11:15.416055Z[0m [32m INFO[0m [2mspark_model::layers::qwen3_ssm::trait_decode_multi_seq::ssm_batched[0m[2m:[0m ATLAS_SSM_DETAIL n=4: input_norm=12us qkvz=92us recurrent_ba=49us recurrent_conv=44us recurrent_gdn=103us recurrent_norm=40us recurrent_total_tail=1us out_proj=46us post_norm=12us
[2m2026-09-06T02:11:15.416360Z[0m [32m INFO[0m [2mspark_model::layers::qwen3_ssm::trait_decode_multi_seq[0m[2m:[0m ATLAS_SSM_MS_PROFILE n=4: mixer=432us moe_residual=295us
[2m2026-09-06T02:11:15.416789Z[0m [32m INFO[0m [2mspark_model::layers::qwen3_ssm::trait_decode_multi_seq::ssm_batched[0m[2m:[0m ATLAS_SSM_DETAIL n=4: input_norm=11us qkvz=92us recurrent_ba=48us recurrent_conv=43us recurrent_gdn=102us recurrent_norm=40us recurrent_total_tail=1us out_proj=46us post_norm=12us
[2m2026-09-06T02:11:15.417090Z[0m [32m INFO[0m [2mspark_model::layers::qwen3_ssm::trait_decode_multi_seq[0m[2m:[0m ATLAS_SSM_MS_PROFILE n=4: mixer=425us moe_residual=294us
[2m2026-09-06T02:11:15.417519Z[0m [32m INFO[0m [2mspark_model::layers::qwen3_ssm::trait_decode_multi_seq::ssm_batched[0m[2m:[0m ATLAS_SSM_DETAIL n=4: input_norm=12us qkvz=93us recurrent_ba=48us recurrent_conv=43us recurrent_gdn=103us recurrent_norm=40us recurrent_total_tail=1us out_proj=45us post_norm=13us
[2m2026-09-06T02:11:15.417821Z[0m [32m INFO[0m [2mspark_model::layers::qwen3_ssm::trait_decode_multi_seq[0m[2m:[0m ATLAS_SSM_MS_PROFILE n=4: mixer=427us moe_residual=293us
[2m2026-09-06T02:11:15.418953Z[0m [32m INFO[0m [2mspark_model::layers::qwen3_ssm::trait_decode_multi_seq::ssm_batched[0m[2m:[0m ATLAS_SSM_DETAIL n=4: input_norm=12us qkvz=92us recurrent_ba=49us recurrent_conv=44us recurrent_gdn=103us recurrent_norm=40us recurrent_total_tail=1us out_proj=45us post_norm=12us
[2m2026-09-06T02:11:15.419254Z[0m [32m INFO[0m [2mspark_model::layers::qwen3_ssm::trait_decode_multi_seq[0m[2m:[0m ATLAS_SSM_MS_PROFILE n=4: mixer=428us moe_residual=293us
[2m2026-09-06T02:11:15.419685Z[0m [32m INFO[0m [2mspark_model::layers::qwen3_ssm::trait_decode_multi_seq::ssm_batched[0m[2m:[0m ATLAS_SSM_DETAIL n=4: input_norm=12us qkvz=93us recurrent_ba=47us recurrent_conv=44us recurrent_gdn=103us recurrent_norm=40us recurrent_total_tail=1us out_proj=46us post_norm=12us
[2m2026-09-06T02:11:15.419986Z[0m [32m INFO[0m [2mspark_model::layers::qwen3_ssm::trait_decode_multi_seq[0m[2m:[0m ATLAS_SSM_MS_PROFILE n=4: mixer=427us moe_residual=293us
[2m2026-09-06T02:11:15.420419Z[0m [32m INFO[0m [2mspark_model::layers::qwen3_ssm::trait_decode_multi_seq::ssm_batched[0m[2m:[0m ATLAS_SSM_DETAIL n=4: input_norm=12us qkvz=93us recurrent_ba=49us recurrent_conv=44us recurrent_gdn=106us recurrent_norm=40us recurrent_total_tail=1us out_proj=45us post_norm=12us
[2m2026-09-06T02:11:15.420724Z[0m [32m INFO[0m [2mspark_model::layers::qwen3_ssm::trait_decode_multi_seq[0m[2m:[0m ATLAS_SSM_MS_PROFILE n=4: mixer=432us moe_residual=294us
[2m2026-09-06T02:11:15.421858Z[0m [32m INFO[0m [2mspark_model::layers::qwen3_ssm::trait_decode_multi_seq::ssm_batched[0m[2m:[0m ATLAS_SSM_DETAIL n=4: input_norm=11us qkvz=92us recurrent_ba=49us recurrent_conv=43us recurrent_gdn=104us recurrent_norm=40us recurrent_total_tail=1us out_proj=45us post_norm=12us
[2m2026-09-06T02:11:15.422162Z[0m [32m INFO[0m [2mspark_model::layers::qwen3_ssm::trait_decode_multi_seq[0m[2m:[0m ATLAS_SSM_MS_PROFILE n=4: mixer=427us moe_residual=294us
[2m2026-09-06T02:11:15.422592Z[0m [32m INFO[0m [2mspark_model::layers::qwen3_ssm::trait_decode_multi_seq::ssm_batched[0m[2m:[0m ATLAS_SSM_DETAIL n=4: input_norm=12us qkvz=92us recurrent_ba=48us recurrent_conv=43us recurrent_gdn=104us recurrent_norm=40us recurrent_total_tail=1us out_proj=46us post_norm=12us
[2m2026-09-06T02:11:15.422894Z[0m [32m INFO[0m [2mspark_model::layers::qwen3_ssm::trait_decode_multi_seq[0m[2m:[0m ATLAS_SSM_MS_PROFILE n=4: mixer=426us moe_residual=295us
[2m2026-09-06T02:11:15.423325Z[0m [32m INFO[0m [2mspark_model::layers::qwen3_ssm::trait_decode_multi_seq::ssm_batched[0m[2m:[0m ATLAS_SSM_DETAIL n=4: input_norm=11us qkvz=92us recurrent_ba=48us recurrent_conv=43us recurrent_gdn=104us recurrent_norm=43us recurrent_total_tail=1us out_proj=45us post_norm=12us
[2m2026-09-06T02:11:15.423628Z[0m [32m INFO[0m [2mspark_model::layers::qwen3_ssm::trait_decode_multi_seq[0m[2m:[0m ATLAS_SSM_MS_PROFILE n=4: mixer=430us moe_residual=293us
[2m2026-09-06T02:11:15.424766Z[0m [32m INFO[0m [2mspark_model::layers::qwen3_ssm::trait_decode_multi_seq::ssm_batched[0m[2m:[0m ATLAS_SSM_DETAIL n=4: input_norm=12us qkvz=93us recurrent_ba=49us recurrent_conv=43us recurrent_gdn=104us recurrent_norm=40us recurrent_total_tail=1us out_proj=46us post_norm=12us
[2m2026-09-06T02:11:15.425068Z[0m [32m INFO[0m [2mspark_model::layers::qwen3_ssm::trait_decode_multi_seq[0m[2m:[0m ATLAS_SSM_MS_PROFILE n=4: mixer=429us moe_residual=293us
[2m2026-09-06T02:11:15.425495Z[0m [32m INFO[0m [2mspark_model::layers::qwen3_ssm::trait_decode_multi_seq::ssm_batched[0m[2m:[0m ATLAS_SSM_DETAIL n=4: input_norm=12us qkvz=92us recurrent_ba=48us recurrent_conv=44us recurrent_gdn=101us recurrent_norm=40us recurrent_total_tail=1us out_proj=45us post_norm=12us
[2m2026-09-06T02:11:15.425798Z[0m [32m INFO[0m [2mspark_model::layers::qwen3_ssm::trait_decode_multi_seq[0m[2m:[0m ATLAS_SSM_MS_PROFILE n=4: mixer=426us moe_residual=293us
[2m2026-09-06T02:11:15.426237Z[0m [32m INFO[0m [2mspark_model::layers::qwen3_ssm::trait_decode_multi_seq::ssm_batched[0m[2m:[0m ATLAS_SSM_DETAIL n=4: input_norm=18us qkvz=92us recurrent_ba=49us recurrent_conv=48us recurrent_gdn=103us recurrent_norm=40us recurrent_total_tail=1us out_proj=45us post_norm=12us
[2m2026-09-06T02:11:15.426540Z[0m [32m INFO[0m [2mspark_model::layers::qwen3_ssm::trait_decode_multi_seq[0m[2m:[0m ATLAS_SSM_MS_PROFILE n=4: mixer=437us moe_residual=294us
[2m2026-09-06T02:11:15.427676Z[0m [32m INFO[0m [2mspark_model::layers::qwen3_ssm::trait_decode_multi_seq::ssm_batched[0m[2m:[0m ATLAS_SSM_DETAIL n=4: input_norm=11us qkvz=92us recurrent_ba=49us recurrent_conv=42us recurrent_gdn=102us recurrent_norm=38us recurrent_total_tail=1us out_proj=43us post_norm=12us
[2m2026-09-06T02:11:15.427978Z[0m [32m INFO[0m [2mspark_model::layers::qwen3_ssm::trait_decode_multi_seq[0m[2m:[0m ATLAS_SSM_MS_PROFILE n=4: mixer=421us moe_residual=294us
[2m2026-09-06T02:11:15.428402Z[0m [32m INFO[0m [2mspark_model::layers::qwen3_ssm::trait_decode_multi_seq::ssm_batched[0m[2m:[0m ATLAS_SSM_DETAIL n=4: input_norm=12us qkvz=92us recurrent_ba=47us recurrent_conv=43us recurrent_gdn=102us recurrent_norm=40us recurrent_total_tail=1us out_proj=45us post_norm=12us
[2m2026-09-06T02:11:15.428704Z[0m [32m INFO[0m [2mspark_model::layers::qwen3_ssm::trait_decode_multi_seq[0m[2m:[0m ATLAS_SSM_MS_PROFILE n=4: mixer=422us moe_residual=294us
[2m2026-09-06T02:11:15.429128Z[0m [32m INFO[0m [2mspark_model::layers::qwen3_ssm::trait_decode_multi_seq::ssm_batched[0m[2m:[0m ATLAS_SSM_DETAIL n=4: input_norm=11us qkvz=92us recurrent_ba=47us recurrent_conv=42us recurrent_gdn=102us recurrent_norm=39us recurrent_total_tail=1us out_proj=45us post_norm=12us
[2m2026-09-06T02:11:15.429433Z[0m [32m INFO[0m [2mspark_model::layers::qwen3_ssm::trait_decode_multi_seq[0m[2m:[0m ATLAS_SSM_MS_PROFILE n=4: mixer=422us moe_residual=294us
[2m2026-09-06T02:11:15.430564Z[0m [32m INFO[0m [2mspark_model::layers::qwen3_ssm::trait_decode_multi_seq::ssm_batched[0m[2m:[0m ATLAS_SSM_DETAIL n=4: input_norm=11us qkvz=93us recurrent_ba=48us recurrent_conv=41us recurrent_gdn=103us recurrent_norm=40us recurrent_total_tail=1us out_proj=45us post_norm=12us
[2m2026-09-06T02:11:15.430863Z[0m [32m INFO[0m [2mspark_model::layers::qwen3_ssm::trait_decode_multi_seq[0m[2m:[0m ATLAS_SSM_MS_PROFILE n=4: mixer=424us moe_residual=291us
[2m2026-09-06T02:11:15.431288Z[0m [32m INFO[0m [2mspark_model::layers::qwen3_ssm::trait_decode_multi_seq::ssm_batched[0m[2m:[0m ATLAS_SSM_DETAIL n=4: input_norm=11us qkvz=92us recurrent_ba=46us recurrent_conv=43us recurrent_gdn=104us recurrent_norm=38us recurrent_total_tail=1us out_proj=45us post_norm=12us
[2m2026-09-06T02:11:15.431591Z[0m [32m INFO[0m [2mspark_model::layers::qwen3_ssm::trait_decode_multi_seq[0m[2m:[0m ATLAS_SSM_MS_PROFILE n=4: mixer=422us moe_residual=294us
[2m2026-09-06T02:11:15.432016Z[0m [32m INFO[0m [2mspark_model::layers::qwen3_ssm::trait_decode_multi_seq::ssm_batched[0m[2m:[0m ATLAS_SSM_DETAIL n=4: input_norm=12us qkvz=92us recurrent_ba=48us recurrent_conv=43us recurrent_gdn=101us recurrent_norm=39us recurrent_total_tail=1us out_proj=45us post_norm=12us
[2m2026-09-06T02:11:15.432317Z[0m [32m INFO[0m [2mspark_model::layers::qwen3_ssm::trait_decode_multi_seq[0m[2m:[0m ATLAS_SSM_MS_PROFILE n=4: mixer=422us moe_residual=294us
[2m2026-09-06T02:11:15.433451Z[0m [32m INFO[0m [2mspark_model::layers::qwen3_ssm::trait_decode_multi_seq::ssm_batched[0m[2m:[0m ATLAS_SSM_DETAIL n=4: input_norm=11us qkvz=96us recurrent_ba=48us recurrent_conv=42us recurrent_gdn=102us recurrent_norm=38us recurrent_total_tail=1us out_proj=45us post_norm=12us
[2m2026-09-06T02:11:15.433752Z[0m [32m INFO[0m [2mspark_model::layers::qwen3_ssm::trait_decode_multi_seq[0m[2m:[0m ATLAS_SSM_MS_PROFILE n=4: mixer=425us moe_residual=293us
[2m2026-09-06T02:11:15.434175Z[0m [32m INFO[0m [2mspark_model::layers::qwen3_ssm::trait_decode_multi_seq::ssm_batched[0m[2m:[0m ATLAS_SSM_DETAIL n=4: input_norm=11us qkvz=92us recurrent_ba=48us recurrent_conv=41us recurrent_gdn=101us recurrent_norm=39us recurrent_total_tail=1us out_proj=45us post_norm=12us
[2m2026-09-06T02:11:15.434475Z[0m [32m INFO[0m [2mspark_model::layers::qwen3_ssm::trait_decode_multi_seq[0m[2m:[0m ATLAS_SSM_MS_PROFILE n=4: mixer=421us moe_residual=292us
[2m2026-09-06T02:11:15.434899Z[0m [32m INFO[0m [2mspark_model::layers::qwen3_ssm::trait_decode_multi_seq::ssm_batched[0m[2m:[0m ATLAS_SSM_DETAIL n=4: input_norm=11us qkvz=92us recurrent_ba=46us recurrent_conv=42us recurrent_gdn=103us recurrent_norm=39us recurrent_total_tail=1us out_proj=45us post_norm=12us
[2m2026-09-06T02:11:15.435205Z[0m [32m INFO[0m [2mspark_model::layers::qwen3_ssm::trait_decode_multi_seq[0m[2m:[0m ATLAS_SSM_MS_PROFILE n=4: mixer=421us moe_residual=298us
[2m2026-09-06T02:11:15.436341Z[0m [32m INFO[0m [2mspark_model::layers::qwen3_ssm::trait_decode_multi_seq::ssm_batched[0m[2m:[0m ATLAS_SSM_DETAIL n=4: input_norm=11us qkvz=93us recurrent_ba=48us recurrent_conv=43us recurrent_gdn=103us recurrent_norm=38us recurrent_total_tail=1us out_proj=46us post_norm=12us
[2m2026-09-06T02:11:15.436648Z[0m [32m INFO[0m [2mspark_model::layers::qwen3_ssm::trait_decode_multi_seq[0m[2m:[0m ATLAS_SSM_MS_PROFILE n=4: mixer=425us moe_residual=298us
[2m2026-09-06T02:11:15.437073Z[0m [32m INFO[0m [2mspark_model::layers::qwen3_ssm::trait_decode_multi_seq::ssm_batched[0m[2m:[0m ATLAS_SSM_DETAIL n=4: input_norm=11us qkvz=92us recurrent_ba=48us recurrent_conv=43us recurrent_gdn=101us recurrent_norm=40us recurrent_total_tail=1us out_proj=45us post_norm=12us
[2m2026-09-06T02:11:15.437377Z[0m [32m INFO[0m [2mspark_model::layers::qwen3_ssm::trait_decode_multi_seq[0m[2m:[0m ATLAS_SSM_MS_PROFILE n=4: mixer=424us moe_residual=295us
[2m2026-09-06T02:11:15.437801Z[0m [32m INFO[0m [2mspark_model::layers::qwen3_ssm::trait_decode_multi_seq::ssm_batched[0m[2m:[0m ATLAS_SSM_DETAIL n=4: input_norm=11us qkvz=93us recurrent_ba=46us recurrent_conv=42us recurrent_gdn=102us recurrent_norm=38us recurrent_total_tail=1us out_proj=45us post_norm=12us
[2m2026-09-06T02:11:15.438101Z[0m [32m INFO[0m [2mspark_model::layers::qwen3_ssm::trait_decode_multi_seq[0m[2m:[0m ATLAS_SSM_MS_PROFILE n=4: mixer=419us moe_residual=293us
[2m2026-09-06T02:11:15.439233Z[0m [32m INFO[0m [2mspark_model::layers::qwen3_ssm::trait_decode_multi_seq::ssm_batched[0m[2m:[0m ATLAS_SSM_DETAIL n=4: input_norm=11us qkvz=92us recurrent_ba=45us recurrent_conv=41us recurrent_gdn=105us recurrent_norm=37us recurrent_total_tail=1us out_proj=46us post_norm=12us
[2m2026-09-06T02:11:15.439535Z[0m [32m INFO[0m [2mspark_model::layers::qwen3_ssm::trait_decode_multi_seq[0m[2m:[0m ATLAS_SSM_MS_PROFILE n=4: mixer=421us moe_residual=294us
[2m2026-09-06T02:11:15.439956Z[0m [32m INFO[0m [2mspark_model::layers::qwen3_ssm::trait_decode_multi_seq::ssm_batched[0m[2m:[0m ATLAS_SSM_DETAIL n=4: input_norm=11us qkvz=92us recurrent_ba=46us recurrent_conv=40us recurrent_gdn=102us recurrent_norm=38us recurrent_total_tail=1us out_proj=45us post_norm=12us
[2m2026-09-06T02:11:15.440258Z[0m [32m INFO[0m [2mspark_model::layers::qwen3_ssm::trait_decode_multi_seq[0m[2m:[0m ATLAS_SSM_MS_PROFILE n=4: mixer=418us moe_residual=295us
[2m2026-09-06T02:11:15.440678Z[0m [32m INFO[0m [2mspark_model::layers::qwen3_ssm::trait_decode_multi_seq::ssm_batched[0m[2m:[0m ATLAS_SSM_DETAIL n=4: input_norm=11us qkvz=92us recurrent_ba=45us recurrent_conv=42us recurrent_gdn=100us recurrent_norm=36us recurrent_total_tail=1us out_proj=45us post_norm=12us
[2m2026-09-06T02:11:15.440981Z[0m [32m INFO[0m [2mspark_model::layers::qwen3_ssm::trait_decode_multi_seq[0m[2m:[0m ATLAS_SSM_MS_PROFILE n=4: mixer=416us moe_residual=296us
[2m2026-09-06T02:11:15.442109Z[0m [32m INFO[0m [2mspark_model::layers::qwen3_ssm::trait_decode_multi_seq::ssm_batched[0m[2m:[0m ATLAS_SSM_DETAIL n=4: input_norm=11us qkvz=93us recurrent_ba=46us recurrent_conv=41us recurrent_gdn=101us recurrent_norm=38us recurrent_total_tail=1us out_proj=46us post_norm=12us
[2m2026-09-06T02:11:15.442411Z[0m [32m INFO[0m [2mspark_model::layers::qwen3_ssm::trait_decode_multi_seq[0m[2m:[0m ATLAS_SSM_MS_PROFILE n=4: mixer=420us moe_residual=294us
[2m2026-09-06T02:11:15.442835Z[0m [32m INFO[0m [2mspark_model::layers::qwen3_ssm::trait_decode_multi_seq::ssm_batched[0m[2m:[0m ATLAS_SSM_DETAIL n=4: input_norm=11us qkvz=92us recurrent_ba=47us recurrent_conv=41us recurrent_gdn=101us recurrent_norm=38us recurrent_total_tail=1us out_proj=45us post_norm=12us
[2m2026-09-06T02:11:15.443138Z[0m [32m INFO[0m [2mspark_model::layers::qwen3_ssm::trait_decode_multi_seq[0m[2m:[0m ATLAS_SSM_MS_PROFILE n=4: mixer=419us moe_residual=296us
[2m2026-09-06T02:11:15.443559Z[0m [32m INFO[0m [2mspark_model::layers::qwen3_ssm::trait_decode_multi_seq::ssm_batched[0m[2m:[0m ATLAS_SSM_DETAIL n=4: input_norm=11us qkvz=93us recurrent_ba=45us recurrent_conv=42us recurrent_gdn=101us recurrent_norm=36us recurrent_total_tail=1us out_proj=45us post_norm=12us
[2m2026-09-06T02:11:15.443862Z[0m [32m INFO[0m [2mspark_model::layers::qwen3_ssm::trait_decode_multi_seq[0m[2m:[0m ATLAS_SSM_MS_PROFILE n=4: mixer=417us moe_residual=296us
[2m2026-09-06T02:11:15.445539Z[0m [32m INFO[0m [2mspark_model::model::trait_impl::decode_a2[0m[2m:[0m ATLAS_MS_PROFILE n=4 padded_n=4: total=47026us  ssm=34832us(48L)  attn=11232us(16L)  head=962us  [per-tok 11.76ms]
[2m2026-09-06T02:11:15.449859Z[0m [32m INFO[0m [2mspark::scheduler::mtp_accept_debug[0m[2m:[0m Done: 5 tokens (stop) 4.4 tok/s, TTFT=324.2ms, serial=1.00 mtp=0.00 p1=0.000 mean_na=0.000 tok_step=1.000 regime_reprobes=0
[2m2026-09-06T02:11:15.450325Z[0m [32m INFO[0m [2mspark_model::model::trait_impl::decode_checkpoint[0m[2m:[0m Saved finish-leaf SSM snapshot 11 for 83 tokens
[2m2026-09-06T02:11:15.450647Z[0m [32m INFO[0m [2mspark::scheduler::mtp_accept_debug[0m[2m:[0m Done: 4 tokens (stop) 8.4 tok/s, TTFT=320.6ms, serial=1.00 mtp=0.00 p1=0.000 mean_na=0.000 tok_step=1.000 regime_reprobes=0
[2m2026-09-06T02:11:15.451029Z[0m [32m INFO[0m [2mspark_model::model::trait_impl::decode_checkpoint[0m[2m:[0m Saved finish-leaf SSM snapshot 12 for 76 tokens
[2m2026-09-06T02:11:15.451316Z[0m [32m INFO[0m [2mspark::scheduler::mtp_accept_debug[0m[2m:[0m Done: 4 tokens (stop) 25.3 tok/s, TTFT=320.8ms, serial=1.00 mtp=0.00 p1=0.000 mean_na=0.000 tok_step=1.000 regime_reprobes=0
[2m2026-09-06T02:11:15.451691Z[0m [32m INFO[0m [2mspark_model::model::trait_impl::decode_checkpoint[0m[2m:[0m Saved finish-leaf SSM snapshot 13 for 76 tokens
[2m2026-09-06T02:11:15.452356Z[0m [32m INFO[0m [2mspark::scheduler::prefill_a_step[0m[2m:[0m Chunked prefill start: 74 prompt tokens, chunk_size=74, max_tokens=32
[2m2026-09-06T02:11:15.453541Z[0m [32m INFO[0m [2mspark_model::model::trait_impl::prefill_b::prefix_lookup[0m[2m:[0m Prefix cache hit: 16 tokens (1 blocks) but no SSM snapshot — recomputing all KV
[2m2026-09-06T02:11:15.479949Z[0m [32m INFO[0m [2mspark_model::model::trait_impl::prefill_b::save_checkpoint[0m[2m:[0m Intermediate SSM checkpoint saved at token 48 (snapshot_id 14, block 3)
[2m2026-09-06T02:11:15.653416Z[0m [32m INFO[0m [2mspark_model::model::trait_impl::prefill_b::finalize_last[0m[2m:[0m Saved SSM snapshot 15 for 74 tokens (5 blocks) [chunk]
[2m2026-09-06T02:11:15.779309Z[0m [32m INFO[0m [2mspark::scheduler::prefill_a_step[0m[2m:[0m Prefill first token: 16
[2m2026-09-06T02:11:15.779318Z[0m [32m INFO[0m [2mspark::scheduler::phase_start_prefills[0m[2m:[0m Prefilled (single chunk): seq_len=74, remaining=31
[2m2026-09-06T02:11:15.779322Z[0m [32m INFO[0m [2mspark::scheduler::prefill_a_step[0m[2m:[0m Chunked prefill start: 74 prompt tokens, chunk_size=74, max_tokens=32
[2m2026-09-06T02:11:15.780424Z[0m [32m INFO[0m [2mspark_model::model::trait_impl::prefill_b::prefix_lookup[0m[2m:[0m Prefix cache hit: 16 tokens (1 blocks) but no SSM snapshot — recomputing all KV
[2m2026-09-06T02:11:15.805924Z[0m [32m INFO[0m [2mspark_model::model::trait_impl::prefill_b::save_checkpoint[0m[2m:[0m Intermediate SSM checkpoint saved at token 48 (snapshot_id 0, block 3)
[2m2026-09-06T02:11:15.974543Z[0m [32m INFO[0m [2mspark_model::model::trait_impl::prefill_b::finalize_last[0m[2m:[0m Saved SSM snapshot 1 for 74 tokens (5 blocks) [chunk]
[2m2026-09-06T02:11:16.100051Z[0m [32m INFO[0m [2mspark::scheduler::prefill_a_step[0m[2m:[0m Prefill first token: 23
[2m2026-09-06T02:11:16.100058Z[0m [32m INFO[0m [2mspark::scheduler::phase_start_prefills[0m[2m:[0m Prefilled (single chunk): seq_len=74, remaining=31
[2m2026-09-06T02:11:16.100062Z[0m [32m INFO[0m [2mspark::scheduler::prefill_a_step[0m[2m:[0m Chunked prefill start: 75 prompt tokens, chunk_size=75, max_tokens=32
[2m2026-09-06T02:11:16.101154Z[0m [32m INFO[0m [2mspark_model::model::trait_impl::prefill_b::prefix_lookup[0m[2m:[0m Prefix cache hit: 16 tokens (1 blocks) but no SSM snapshot — recomputing all KV
[2m2026-09-06T02:11:16.126636Z[0m [32m INFO[0m [2mspark_model::model::trait_impl::prefill_b::save_checkpoint[0m[2m:[0m Intermediate SSM checkpoint saved at token 48 (snapshot_id 2, block 3)
[2m2026-09-06T02:11:16.295193Z[0m [32m INFO[0m [2mspark_model::model::trait_impl::prefill_b::finalize_last[0m[2m:[0m Saved SSM snapshot 5 for 75 tokens (5 blocks) [chunk]
[2m2026-09-06T02:11:16.420385Z[0m [32m INFO[0m [2mspark::scheduler::prefill_a_step[0m[2m:[0m Prefill first token: 17
[2m2026-09-06T02:11:16.420392Z[0m [32m INFO[0m [2mspark::scheduler::phase_start_prefills[0m[2m:[0m Prefilled (single chunk): seq_len=75, remaining=31
[2m2026-09-06T02:11:16.420851Z[0m [32m INFO[0m [2mspark_model::layers::qwen3_ssm::trait_decode_multi_seq::ssm_batched[0m[2m:[0m ATLAS_SSM_DETAIL n=4: input_norm=12us qkvz=90us recurrent_ba=46us recurrent_conv=40us recurrent_gdn=98us recurrent_norm=35us recurrent_total_tail=1us out_proj=43us post_norm=11us
[2m2026-09-06T02:11:16.421138Z[0m [32m INFO[0m [2mspark_model::layers::qwen3_ssm::trait_decode_multi_seq[0m[2m:[0m ATLAS_SSM_MS_PROFILE n=4: mixer=409us moe_residual=280us
[2m2026-09-06T02:11:16.421538Z[0m [32m INFO[0m [2mspark_model::layers::qwen3_ssm::trait_decode_multi_seq::ssm_batched[0m[2m:[0m ATLAS_SSM_DETAIL n=4: input_norm=11us qkvz=87us recurrent_ba=45us recurrent_conv=38us recurrent_gdn=96us recurrent_norm=36us recurrent_total_tail=1us out_proj=44us post_norm=11us
[2m2026-09-06T02:11:16.421824Z[0m [32m INFO[0m [2mspark_model::layers::qwen3_ssm::trait_decode_multi_seq[0m[2m:[0m ATLAS_SSM_MS_PROFILE n=4: mixer=395us moe_residual=280us
[2m2026-09-06T02:11:16.422217Z[0m [32m INFO[0m [2mspark_model::layers::qwen3_ssm::trait_decode_multi_seq::ssm_batched[0m[2m:[0m ATLAS_SSM_DETAIL n=4: input_norm=10us qkvz=87us recurrent_ba=43us recurrent_conv=39us recurrent_gdn=98us recurrent_norm=36us recurrent_total_tail=1us out_proj=41us post_norm=11us
[2m2026-09-06T02:11:16.422506Z[0m [32m INFO[0m [2mspark_model::layers::qwen3_ssm::trait_decode_multi_seq[0m[2m:[0m ATLAS_SSM_MS_PROFILE n=4: mixer=391us moe_residual=283us
[2m2026-09-06T02:11:16.423580Z[0m [32m INFO[0m [2mspark_model::layers::qwen3_ssm::trait_decode_multi_seq::ssm_batched[0m[2m:[0m ATLAS_SSM_DETAIL n=4: input_norm=10us qkvz=87us recurrent_ba=44us recurrent_conv=38us recurrent_gdn=96us recurrent_norm=35us recurrent_total_tail=1us out_proj=43us post_norm=11us
[2m2026-09-06T02:11:16.423866Z[0m [32m INFO[0m [2mspark_model::layers::qwen3_ssm::trait_decode_multi_seq[0m[2m:[0m ATLAS_SSM_MS_PROFILE n=4: mixer=392us moe_residual=279us
[2m2026-09-06T02:11:16.424263Z[0m [32m INFO[0m [2mspark_model::layers::qwen3_ssm::trait_decode_multi_seq::ssm_batched[0m[2m:[0m ATLAS_SSM_DETAIL n=4: input_norm=10us qkvz=87us recurrent_ba=44us recurrent_conv=40us recurrent_gdn=97us recurrent_norm=36us recurrent_total_tail=1us out_proj=43us post_norm=11us
[2m2026-09-06T02:11:16.424548Z[0m [32m INFO[0m [2mspark_model::layers::qwen3_ssm::trait_decode_multi_seq[0m[2m:[0m ATLAS_SSM_MS_PROFILE n=4: mixer=394us moe_residual=279us
[2m2026-09-06T02:11:16.424940Z[0m [32m INFO[0m [2mspark_model::layers::qwen3_ssm::trait_decode_multi_seq::ssm_batched[0m[2m:[0m ATLAS_SSM_DETAIL n=4: input_norm=10us qkvz=87us recurrent_ba=45us recurrent_conv=38us recurrent_gdn=96us recurrent_norm=36us recurrent_total_tail=1us out_proj=41us post_norm=11us
[2m2026-09-06T02:11:16.425229Z[0m [32m INFO[0m [2mspark_model::layers::qwen3_ssm::trait_decode_multi_seq[0m[2m:[0m ATLAS_SSM_MS_PROFILE n=4: mixer=389us moe_residual=282us
[2m2026-09-06T02:11:16.426306Z[0m [32m INFO[0m [2mspark_model::layers::qwen3_ssm::trait_decode_multi_seq::ssm_batched[0m[2m:[0m ATLAS_SSM_DETAIL n=4: input_norm=11us qkvz=87us recurrent_ba=44us recurrent_conv=39us recurrent_gdn=97us recurrent_norm=36us recurrent_total_tail=1us out_proj=43us post_norm=11us
[2m2026-09-06T02:11:16.426595Z[0m [32m INFO[0m [2mspark_model::layers::qwen3_ssm::trait_decode_multi_seq[0m[2m:[0m ATLAS_SSM_MS_PROFILE n=4: mixer=395us moe_residual=282us
[2m2026-09-06T02:11:16.426990Z[0m [32m INFO[0m [2mspark_model::layers::qwen3_ssm::trait_decode_multi_seq::ssm_batched[0m[2m:[0m ATLAS_SSM_DETAIL n=4: input_norm=11us qkvz=87us recurrent_ba=43us recurrent_conv=39us recurrent_gdn=96us recurrent_norm=36us recurrent_total_tail=1us out_proj=43us post_norm=11us
[2m2026-09-06T02:11:16.427276Z[0m [32m INFO[0m [2mspark_model::layers::qwen3_ssm::trait_decode_multi_seq[0m[2m:[0m ATLAS_SSM_MS_PROFILE n=4: mixer=393us moe_residual=280us
[2m2026-09-06T02:11:16.427678Z[0m [32m INFO[0m [2mspark_model::layers::qwen3_ssm::trait_decode_multi_seq::ssm_batched[0m[2m:[0m ATLAS_SSM_DETAIL n=4: input_norm=10us qkvz=87us recurrent_ba=43us recurrent_conv=40us recurrent_gdn=98us recurrent_norm=35us recurrent_total_tail=1us out_proj=43us post_norm=11us
[2m2026-09-06T02:11:16.427963Z[0m [32m INFO[0m [2mspark_model::layers::qwen3_ssm::trait_decode_multi_seq[0m[2m:[0m ATLAS_SSM_MS_PROFILE n=4: mixer=393us moe_residual=279us
[2m2026-09-06T02:11:16.429039Z[0m [32m INFO[0m [2mspark_model::layers::qwen3_ssm::trait_decode_multi_seq::ssm_batched[0m[2m:[0m ATLAS_SSM_DETAIL n=4: input_norm=10us qkvz=87us recurrent_ba=43us recurrent_conv=40us recurrent_gdn=96us recurrent_norm=35us recurrent_total_tail=1us out_proj=42us post_norm=11us
[2m2026-09-06T02:11:16.429326Z[0m [32m INFO[0m [2mspark_model::layers::qwen3_ssm::trait_decode_multi_seq[0m[2m:[0m ATLAS_SSM_MS_PROFILE n=4: mixer=392us moe_residual=281us
[2m2026-09-06T02:11:16.429720Z[0m [32m INFO[0m [2mspark_model::layers::qwen3_ssm::trait_decode_multi_seq::ssm_batched[0m[2m:[0m ATLAS_SSM_DETAIL n=4: input_norm=10us qkvz=87us recurrent_ba=44us recurrent_conv=38us recurrent_gdn=96us recurrent_norm=36us recurrent_total_tail=1us out_proj=43us post_norm=11us
[2m2026-09-06T02:11:16.430011Z[0m [32m INFO[0m [2mspark_model::layers::qwen3_ssm::trait_decode_multi_seq[0m[2m:[0m ATLAS_SSM_MS_PROFILE n=4: mixer=390us moe_residual=285us
[2m2026-09-06T02:11:16.430408Z[0m [32m INFO[0m [2mspark_model::layers::qwen3_ssm::trait_decode_multi_seq::ssm_batched[0m[2m:[0m ATLAS_SSM_DETAIL n=4: input_norm=10us qkvz=87us recurrent_ba=44us recurrent_conv=40us recurrent_gdn=97us recurrent_norm=36us recurrent_total_tail=1us out_proj=43us post_norm=11us
[2m2026-09-06T02:11:16.430693Z[0m [32m INFO[0m [2mspark_model::layers::qwen3_ssm::trait_decode_multi_seq[0m[2m:[0m ATLAS_SSM_MS_PROFILE n=4: mixer=395us moe_residual=278us
[2m2026-09-06T02:11:16.431768Z[0m [32m INFO[0m [2mspark_model::layers::qwen3_ssm::trait_decode_multi_seq::ssm_batched[0m[2m:[0m ATLAS_SSM_DETAIL n=4: input_norm=11us qkvz=87us recurrent_ba=42us recurrent_conv=40us recurrent_gdn=96us recurrent_norm=34us recurrent_total_tail=1us out_proj=42us post_norm=11us
[2m2026-09-06T02:11:16.432054Z[0m [32m INFO[0m [2mspark_model::layers::qwen3_ssm::trait_decode_multi_seq[0m[2m:[0m ATLAS_SSM_MS_PROFILE n=4: mixer=392us moe_residual=279us
[2m2026-09-06T02:11:16.432447Z[0m [32m INFO[0m [2mspark_model::layers::qwen3_ssm::trait_decode_multi_seq::ssm_batched[0m[2m:[0m ATLAS_SSM_DETAIL n=4: input_norm=10us qkvz=87us recurrent_ba=44us recurrent_conv=39us recurrent_gdn=96us recurrent_norm=34us recurrent_total_tail=1us out_proj=42us post_norm=11us
[2m2026-09-06T02:11:16.432736Z[0m [32m INFO[0m [2mspark_model::layers::qwen3_ssm::trait_decode_multi_seq[0m[2m:[0m ATLAS_SSM_MS_PROFILE n=4: mixer=392us moe_residual=282us
[2m2026-09-06T02:11:16.433128Z[0m [32m INFO[0m [2mspark_model::layers::qwen3_ssm::trait_decode_multi_seq::ssm_batched[0m[2m:[0m ATLAS_SSM_DETAIL n=4: input_norm=10us qkvz=86us recurrent_ba=43us recurrent_conv=39us recurrent_gdn=96us recurrent_norm=36us recurrent_total_tail=1us out_proj=43us post_norm=11us
[2m2026-09-06T02:11:16.433416Z[0m [32m INFO[0m [2mspark_model::layers::qwen3_ssm::trait_decode_multi_seq[0m[2m:[0m ATLAS_SSM_MS_PROFILE n=4: mixer=392us moe_residual=280us
[2m2026-09-06T02:11:16.434495Z[0m [32m INFO[0m [2mspark_model::layers::qwen3_ssm::trait_decode_multi_seq::ssm_batched[0m[2m:[0m ATLAS_SSM_DETAIL n=4: input_norm=10us qkvz=87us recurrent_ba=44us recurrent_conv=39us recurrent_gdn=96us recurrent_norm=35us recurrent_total_tail=1us out_proj=42us post_norm=11us
[2m2026-09-06T02:11:16.434785Z[0m [32m INFO[0m [2mspark_model::layers::qwen3_ssm::trait_decode_multi_seq[0m[2m:[0m ATLAS_SSM_MS_PROFILE n=4: mixer=392us moe_residual=284us
[2m2026-09-06T02:11:16.435182Z[0m [32m INFO[0m [2mspark_model::layers::qwen3_ssm::trait_decode_multi_seq::ssm_batched[0m[2m:[0m ATLAS_SSM_DETAIL n=4: input_norm=10us qkvz=87us recurrent_ba=45us recurrent_conv=38us recurrent_gdn=97us recurrent_norm=35us recurrent_total_tail=1us out_proj=44us post_norm=11us
[2m2026-09-06T02:11:16.435466Z[0m [32m INFO[0m [2mspark_model::layers::qwen3_ssm::trait_decode_multi_seq[0m[2m:[0m ATLAS_SSM_MS_PROFILE n=4: mixer=392us moe_residual=278us
[2m2026-09-06T02:11:16.435859Z[0m [32m INFO[0m [2mspark_model::layers::qwen3_ssm::trait_decode_multi_seq::ssm_batched[0m[2m:[0m ATLAS_SSM_DETAIL n=4: input_norm=10us qkvz=87us recurrent_ba=41us recurrent_conv=38us recurrent_gdn=96us recurrent_norm=36us recurrent_total_tail=1us out_proj=43us post_norm=11us
[2m2026-09-06T02:11:16.436144Z[0m [32m INFO[0m [2mspark_model::layers::qwen3_ssm::trait_decode_multi_seq[0m[2m:[0m ATLAS_SSM_MS_PROFILE n=4: mixer=390us moe_residual=280us
[2m2026-09-06T02:11:16.437213Z[0m [32m INFO[0m [2mspark_model::layers::qwen3_ssm::trait_decode_multi_seq::ssm_batched[0m[2m:[0m ATLAS_SSM_DETAIL n=4: input_norm=10us qkvz=87us recurrent_ba=43us recurrent_conv=40us recurrent_gdn=96us recurrent_norm=36us recurrent_total_tail=1us out_proj=42us post_norm=11us
[2m2026-09-06T02:11:16.437500Z[0m [32m INFO[0m [2mspark_model::layers::qwen3_ssm::trait_decode_multi_seq[0m[2m:[0m ATLAS_SSM_MS_PROFILE n=4: mixer=392us moe_residual=281us
[2m2026-09-06T02:11:16.437894Z[0m [32m INFO[0m [2mspark_model::layers::qwen3_ssm::trait_decode_multi_seq::ssm_batched[0m[2m:[0m ATLAS_SSM_DETAIL n=4: input_norm=10us qkvz=86us recurrent_ba=44us recurrent_conv=40us recurrent_gdn=96us recurrent_norm=34us recurrent_total_tail=1us out_proj=43us post_norm=11us
[2m2026-09-06T02:11:16.438179Z[0m [32m INFO[0m [2mspark_model::layers::qwen3_ssm::trait_decode_multi_seq[0m[2m:[0m ATLAS_SSM_MS_PROFILE n=4: mixer=391us moe_residual=280us
[2m2026-09-06T02:11:16.438576Z[0m [32m INFO[0m [2mspark_model::layers::qwen3_ssm::trait_decode_multi_seq::ssm_batched[0m[2m:[0m ATLAS_SSM_DETAIL n=4: input_norm=10us qkvz=87us recurrent_ba=42us recurrent_conv=39us recurrent_gdn=96us recurrent_norm=35us recurrent_total_tail=1us out_proj=42us post_norm=14us
[2m2026-09-06T02:11:16.438862Z[0m [32m INFO[0m [2mspark_model::layers::qwen3_ssm::trait_decode_multi_seq[0m[2m:[0m ATLAS_SSM_MS_PROFILE n=4: mixer=393us moe_residual=281us
[2m2026-09-06T02:11:16.439934Z[0m [32m INFO[0m [2mspark_model::layers::qwen3_ssm::trait_decode_multi_seq::ssm_batched[0m[2m:[0m ATLAS_SSM_DETAIL n=4: input_norm=10us qkvz=87us recurrent_ba=42us recurrent_conv=40us recurrent_gdn=96us recurrent_norm=35us recurrent_total_tail=1us out_proj=43us post_norm=11us
[2m2026-09-06T02:11:16.440225Z[0m [32m INFO[0m [2mspark_model::layers::qwen3_ssm::trait_decode_multi_seq[0m[2m:[0m ATLAS_SSM_MS_PROFILE n=4: mixer=393us moe_residual=285us
[2m2026-09-06T02:11:16.440621Z[0m [32m INFO[0m [2mspark_model::layers::qwen3_ssm::trait_decode_multi_seq::ssm_batched[0m[2m:[0m ATLAS_SSM_DETAIL n=4: input_norm=10us qkvz=87us recurrent_ba=45us recurrent_conv=40us recurrent_gdn=97us recurrent_norm=35us recurrent_total_tail=1us out_proj=43us post_norm=11us
[2m2026-09-06T02:11:16.440906Z[0m [32m INFO[0m [2mspark_model::layers::qwen3_ssm::trait_decode_multi_seq[0m[2m:[0m ATLAS_SSM_MS_PROFILE n=4: mixer=392us moe_residual=280us
[2m2026-09-06T02:11:16.441305Z[0m [32m INFO[0m [2mspark_model::layers::qwen3_ssm::trait_decode_multi_seq::ssm_batched[0m[2m:[0m ATLAS_SSM_DETAIL n=4: input_norm=11us qkvz=87us recurrent_ba=47us recurrent_conv=39us recurrent_gdn=97us recurrent_norm=36us recurrent_total_tail=1us out_proj=43us post_norm=11us
[2m2026-09-06T02:11:16.441596Z[0m [32m INFO[0m [2mspark_model::layers::qwen3_ssm::trait_decode_multi_seq[0m[2m:[0m ATLAS_SSM_MS_PROFILE n=4: mixer=396us moe_residual=285us
[2m2026-09-06T02:11:16.442671Z[0m [32m INFO[0m [2mspark_model::layers::qwen3_ssm::trait_decode_multi_seq::ssm_batched[0m[2m:[0m ATLAS_SSM_DETAIL n=4: input_norm=11us qkvz=87us recurrent_ba=44us recurrent_conv=40us recurrent_gdn=97us recurrent_norm=36us recurrent_total_tail=1us out_proj=43us post_norm=11us
[2m2026-09-06T02:11:16.442959Z[0m [32m INFO[0m [2mspark_model::layers::qwen3_ssm::trait_decode_multi_seq[0m[2m:[0m ATLAS_SSM_MS_PROFILE n=4: mixer=395us moe_residual=279us
[2m2026-09-06T02:11:16.443353Z[0m [32m INFO[0m [2mspark_model::layers::qwen3_ssm::trait_decode_multi_seq::ssm_batched[0m[2m:[0m ATLAS_SSM_DETAIL n=4: input_norm=10us qkvz=87us recurrent_ba=44us recurrent_conv=40us recurrent_gdn=97us recurrent_norm=36us recurrent_total_tail=1us out_proj=43us post_norm=11us
[2m2026-09-06T02:11:16.443640Z[0m [32m INFO[0m [2mspark_model::layers::qwen3_ssm::trait_decode_multi_seq[0m[2m:[0m ATLAS_SSM_MS_PROFILE n=4: mixer=392us moe_residual=281us
[2m2026-09-06T02:11:16.444034Z[0m [32m INFO[0m [2mspark_model::layers::qwen3_ssm::trait_decode_multi_seq::ssm_batched[0m[2m:[0m ATLAS_SSM_DETAIL n=4: input_norm=10us qkvz=87us recurrent_ba=45us recurrent_conv=40us recurrent_gdn=97us recurrent_norm=36us recurrent_total_tail=1us out_proj=42us post_norm=10us
[2m2026-09-06T02:11:16.444318Z[0m [32m INFO[0m [2mspark_model::layers::qwen3_ssm::trait_decode_multi_seq[0m[2m:[0m ATLAS_SSM_MS_PROFILE n=4: mixer=391us moe_residual=279us
[2m2026-09-06T02:11:16.445392Z[0m [32m INFO[0m [2mspark_model::layers::qwen3_ssm::trait_decode_multi_seq::ssm_batched[0m[2m:[0m ATLAS_SSM_DETAIL n=4: input_norm=10us qkvz=87us recurrent_ba=44us recurrent_conv=40us recurrent_gdn=97us recurrent_norm=36us recurrent_total_tail=1us out_proj=43us post_norm=11us
[2m2026-09-06T02:11:16.445678Z[0m [32m INFO[0m [2mspark_model::layers::qwen3_ssm::trait_decode_multi_seq[0m[2m:[0m ATLAS_SSM_MS_PROFILE n=4: mixer=392us moe_residual=279us
[2m2026-09-06T02:11:16.446071Z[0m [32m INFO[0m [2mspark_model::layers::qwen3_ssm::trait_decode_multi_seq::ssm_batched[0m[2m:[0m ATLAS_SSM_DETAIL n=4: input_norm=10us qkvz=87us recurrent_ba=44us recurrent_conv=38us recurrent_gdn=96us recurrent_norm=35us recurrent_total_tail=1us out_proj=43us post_norm=11us
[2m2026-09-06T02:11:16.446358Z[0m [32m INFO[0m [2mspark_model::layers::qwen3_ssm::trait_decode_multi_seq[0m[2m:[0m ATLAS_SSM_MS_PROFILE n=4: mixer=390us moe_residual=281us
[2m2026-09-06T02:11:16.446752Z[0m [32m INFO[0m [2mspark_model::layers::qwen3_ssm::trait_decode_multi_seq::ssm_batched[0m[2m:[0m ATLAS_SSM_DETAIL n=4: input_norm=11us qkvz=87us recurrent_ba=43us recurrent_conv=38us recurrent_gdn=96us recurrent_norm=36us recurrent_total_tail=1us out_proj=43us post_norm=11us
[2m2026-09-06T02:11:16.447043Z[0m [32m INFO[0m [2mspark_model::layers::qwen3_ssm::trait_decode_multi_seq[0m[2m:[0m ATLAS_SSM_MS_PROFILE n=4: mixer=391us moe_residual=285us
[2m2026-09-06T02:11:16.448119Z[0m [32m INFO[0m [2mspark_model::layers::qwen3_ssm::trait_decode_multi_seq::ssm_batched[0m[2m:[0m ATLAS_SSM_DETAIL n=4: input_norm=11us qkvz=87us recurrent_ba=44us recurrent_conv=39us recurrent_gdn=96us recurrent_norm=36us recurrent_total_tail=1us out_proj=43us post_norm=11us
[2m2026-09-06T02:11:16.448405Z[0m [32m INFO[0m [2mspark_model::layers::qwen3_ssm::trait_decode_multi_seq[0m[2m:[0m ATLAS_SSM_MS_PROFILE n=4: mixer=393us moe_residual=279us
[2m2026-09-06T02:11:16.448800Z[0m [32m INFO[0m [2mspark_model::layers::qwen3_ssm::trait_decode_multi_seq::ssm_batched[0m[2m:[0m ATLAS_SSM_DETAIL n=4: input_norm=11us qkvz=87us recurrent_ba=44us recurrent_conv=38us recurrent_gdn=97us recurrent_norm=34us recurrent_total_tail=1us out_proj=43us post_norm=11us
[2m2026-09-06T02:11:16.449084Z[0m [32m INFO[0m [2mspark_model::layers::qwen3_ssm::trait_decode_multi_seq[0m[2m:[0m ATLAS_SSM_MS_PROFILE n=4: mixer=391us moe_residual=279us
[2m2026-09-06T02:11:16.449477Z[0m [32m INFO[0m [2mspark_model::layers::qwen3_ssm::trait_decode_multi_seq::ssm_batched[0m[2m:[0m ATLAS_SSM_DETAIL n=4: input_norm=10us qkvz=87us recurrent_ba=44us recurrent_conv=38us recurrent_gdn=96us recurrent_norm=35us recurrent_total_tail=1us out_proj=43us post_norm=11us
[2m2026-09-06T02:11:16.449767Z[0m [32m INFO[0m [2mspark_model::layers::qwen3_ssm::trait_decode_multi_seq[0m[2m:[0m ATLAS_SSM_MS_PROFILE n=4: mixer=392us moe_residual=282us
[2m2026-09-06T02:11:16.450837Z[0m [32m INFO[0m [2mspark_model::layers::qwen3_ssm::trait_decode_multi_seq::ssm_batched[0m[2m:[0m ATLAS_SSM_DETAIL n=4: input_norm=10us qkvz=87us recurrent_ba=44us recurrent_conv=39us recurrent_gdn=96us recurrent_norm=35us recurrent_total_tail=1us out_proj=42us post_norm=11us
[2m2026-09-06T02:11:16.451123Z[0m [32m INFO[0m [2mspark_model::layers::qwen3_ssm::trait_decode_multi_seq[0m[2m:[0m ATLAS_SSM_MS_PROFILE n=4: mixer=392us moe_residual=280us
[2m2026-09-06T02:11:16.451519Z[0m [32m INFO[0m [2mspark_model::layers::qwen3_ssm::trait_decode_multi_seq::ssm_batched[0m[2m:[0m ATLAS_SSM_DETAIL n=4: input_norm=12us qkvz=87us recurrent_ba=45us recurrent_conv=39us recurrent_gdn=96us recurrent_norm=36us recurrent_total_tail=1us out_proj=43us post_norm=11us
[2m2026-09-06T02:11:16.451804Z[0m [32m INFO[0m [2mspark_model::layers::qwen3_ssm::trait_decode_multi_seq[0m[2m:[0m ATLAS_SSM_MS_PROFILE n=4: mixer=394us moe_residual=279us
[2m2026-09-06T02:11:16.452197Z[0m [32m INFO[0m [2mspark_model::layers::qwen3_ssm::trait_decode_multi_seq::ssm_batched[0m[2m:[0m ATLAS_SSM_DETAIL n=4: input_norm=10us qkvz=87us recurrent_ba=43us recurrent_conv=38us recurrent_gdn=96us recurrent_norm=35us recurrent_total_tail=1us out_proj=43us post_norm=11us
[2m2026-09-06T02:11:16.452483Z[0m [32m INFO[0m [2mspark_model::layers::qwen3_ssm::trait_decode_multi_seq[0m[2m:[0m ATLAS_SSM_MS_PROFILE n=4: mixer=391us moe_residual=280us
[2m2026-09-06T02:11:16.453554Z[0m [32m INFO[0m [2mspark_model::layers::qwen3_ssm::trait_decode_multi_seq::ssm_batched[0m[2m:[0m ATLAS_SSM_DETAIL n=4: input_norm=10us qkvz=87us recurrent_ba=43us recurrent_conv=39us recurrent_gdn=96us recurrent_norm=36us recurrent_total_tail=1us out_proj=43us post_norm=11us
[2m2026-09-06T02:11:16.453840Z[0m [32m INFO[0m [2mspark_model::layers::qwen3_ssm::trait_decode_multi_seq[0m[2m:[0m ATLAS_SSM_MS_PROFILE n=4: mixer=391us moe_residual=280us
[2m2026-09-06T02:11:16.454236Z[0m [32m INFO[0m [2mspark_model::layers::qwen3_ssm::trait_decode_multi_seq::ssm_batched[0m[2m:[0m ATLAS_SSM_DETAIL n=4: input_norm=11us qkvz=87us recurrent_ba=43us recurrent_conv=41us recurrent_gdn=97us recurrent_norm=35us recurrent_total_tail=1us out_proj=43us post_norm=11us
[2m2026-09-06T02:11:16.454522Z[0m [32m INFO[0m [2mspark_model::layers::qwen3_ssm::trait_decode_multi_seq[0m[2m:[0m ATLAS_SSM_MS_PROFILE n=4: mixer=394us moe_residual=280us
[2m2026-09-06T02:11:16.454917Z[0m [32m INFO[0m [2mspark_model::layers::qwen3_ssm::trait_decode_multi_seq::ssm_batched[0m[2m:[0m ATLAS_SSM_DETAIL n=4: input_norm=10us qkvz=87us recurrent_ba=44us recurrent_conv=40us recurrent_gdn=97us recurrent_norm=36us recurrent_total_tail=1us out_proj=43us post_norm=11us
[2m2026-09-06T02:11:16.455210Z[0m [32m INFO[0m [2mspark_model::layers::qwen3_ssm::trait_decode_multi_seq[0m[2m:[0m ATLAS_SSM_MS_PROFILE n=4: mixer=392us moe_residual=288us
[2m2026-09-06T02:11:16.456287Z[0m [32m INFO[0m [2mspark_model::layers::qwen3_ssm::trait_decode_multi_seq::ssm_batched[0m[2m:[0m ATLAS_SSM_DETAIL n=4: input_norm=10us qkvz=87us recurrent_ba=43us recurrent_conv=42us recurrent_gdn=97us recurrent_norm=33us recurrent_total_tail=1us out_proj=43us post_norm=11us
[2m2026-09-06T02:11:16.456580Z[0m [32m INFO[0m [2mspark_model::layers::qwen3_ssm::trait_decode_multi_seq[0m[2m:[0m ATLAS_SSM_MS_PROFILE n=4: mixer=395us moe_residual=286us
[2m2026-09-06T02:11:16.456974Z[0m [32m INFO[0m [2mspark_model::layers::qwen3_ssm::trait_decode_multi_seq::ssm_batched[0m[2m:[0m ATLAS_SSM_DETAIL n=4: input_norm=10us qkvz=87us recurrent_ba=44us recurrent_conv=39us recurrent_gdn=98us recurrent_norm=36us recurrent_total_tail=1us out_proj=43us post_norm=11us
[2m2026-09-06T02:11:16.457261Z[0m [32m INFO[0m [2mspark_model::layers::qwen3_ssm::trait_decode_multi_seq[0m[2m:[0m ATLAS_SSM_MS_PROFILE n=4: mixer=391us moe_residual=281us
[2m2026-09-06T02:11:16.457658Z[0m [32m INFO[0m [2mspark_model::layers::qwen3_ssm::trait_decode_multi_seq::ssm_batched[0m[2m:[0m ATLAS_SSM_DETAIL n=4: input_norm=10us qkvz=87us recurrent_ba=44us recurrent_conv=40us recurrent_gdn=96us recurrent_norm=36us recurrent_total_tail=1us out_proj=43us post_norm=11us
[2m2026-09-06T02:11:16.457943Z[0m [32m INFO[0m [2mspark_model::layers::qwen3_ssm::trait_decode_multi_seq[0m[2m:[0m ATLAS_SSM_MS_PROFILE n=4: mixer=392us moe_residual=280us
[2m2026-09-06T02:11:16.459020Z[0m [32m INFO[0m [2mspark_model::layers::qwen3_ssm::trait_decode_multi_seq::ssm_batched[0m[2m:[0m ATLAS_SSM_DETAIL n=4: input_norm=10us qkvz=87us recurrent_ba=44us recurrent_conv=39us recurrent_gdn=97us recurrent_norm=35us recurrent_total_tail=1us out_proj=43us post_norm=11us
[2m2026-09-06T02:11:16.459305Z[0m [32m INFO[0m [2mspark_model::layers::qwen3_ssm::trait_decode_multi_seq[0m[2m:[0m ATLAS_SSM_MS_PROFILE n=4: mixer=392us moe_residual=279us
[2m2026-09-06T02:11:16.459700Z[0m [32m INFO[0m [2mspark_model::layers::qwen3_ssm::trait_decode_multi_seq::ssm_batched[0m[2m:[0m ATLAS_SSM_DETAIL n=4: input_norm=10us qkvz=87us recurrent_ba=45us recurrent_conv=38us recurrent_gdn=97us recurrent_norm=36us recurrent_total_tail=1us out_proj=43us post_norm=11us
[2m2026-09-06T02:11:16.459985Z[0m [32m INFO[0m [2mspark_model::layers::qwen3_ssm::trait_decode_multi_seq[0m[2m:[0m ATLAS_SSM_MS_PROFILE n=4: mixer=391us moe_residual=279us
[2m2026-09-06T02:11:16.460377Z[0m [32m INFO[0m [2mspark_model::layers::qwen3_ssm::trait_decode_multi_seq::ssm_batched[0m[2m:[0m ATLAS_SSM_DETAIL n=4: input_norm=10us qkvz=86us recurrent_ba=43us recurrent_conv=40us recurrent_gdn=96us recurrent_norm=35us recurrent_total_tail=1us out_proj=43us post_norm=11us
[2m2026-09-06T02:11:16.460671Z[0m [32m INFO[0m [2mspark_model::layers::qwen3_ssm::trait_decode_multi_seq[0m[2m:[0m ATLAS_SSM_MS_PROFILE n=4: mixer=390us moe_residual=287us
[2m2026-09-06T02:11:16.461739Z[0m [32m INFO[0m [2mspark_model::layers::qwen3_ssm::trait_decode_multi_seq::ssm_batched[0m[2m:[0m ATLAS_SSM_DETAIL n=4: input_norm=10us qkvz=87us recurrent_ba=42us recurrent_conv=39us recurrent_gdn=97us recurrent_norm=36us recurrent_total_tail=1us out_proj=43us post_norm=11us
[2m2026-09-06T02:11:16.462025Z[0m [32m INFO[0m [2mspark_model::layers::qwen3_ssm::trait_decode_multi_seq[0m[2m:[0m ATLAS_SSM_MS_PROFILE n=4: mixer=392us moe_residual=280us
[2m2026-09-06T02:11:16.462422Z[0m [32m INFO[0m [2mspark_model::layers::qwen3_ssm::trait_decode_multi_seq::ssm_batched[0m[2m:[0m ATLAS_SSM_DETAIL n=4: input_norm=10us qkvz=87us recurrent_ba=45us recurrent_conv=39us recurrent_gdn=96us recurrent_norm=35us recurrent_total_tail=1us out_proj=43us post_norm=11us
[2m2026-09-06T02:11:16.462709Z[0m [32m INFO[0m [2mspark_model::layers::qwen3_ssm::trait_decode_multi_seq[0m[2m:[0m ATLAS_SSM_MS_PROFILE n=4: mixer=394us moe_residual=281us
[2m2026-09-06T02:11:16.463103Z[0m [32m INFO[0m [2mspark_model::layers::qwen3_ssm::trait_decode_multi_seq::ssm_batched[0m[2m:[0m ATLAS_SSM_DETAIL n=4: input_norm=10us qkvz=87us recurrent_ba=42us recurrent_conv=39us recurrent_gdn=96us recurrent_norm=36us recurrent_total_tail=1us out_proj=43us post_norm=11us
[2m2026-09-06T02:11:16.463389Z[0m [32m INFO[0m [2mspark_model::layers::qwen3_ssm::trait_decode_multi_seq[0m[2m:[0m ATLAS_SSM_MS_PROFILE n=4: mixer=391us moe_residual=281us
[2m2026-09-06T02:11:16.465011Z[0m [32m INFO[0m [2mspark_model::model::trait_impl::decode_a2[0m[2m:[0m ATLAS_MS_PROFILE n=4 padded_n=4: total=44432us  ssm=32667us(48L)  attn=10825us(16L)  head=940us  [per-tok 11.11ms]
[2m2026-09-06T02:11:16.468744Z[0m [32m INFO[0m [2mspark::scheduler::mtp_accept_debug[0m[2m:[0m Done: 5 tokens (stop) 2.8 tok/s, TTFT=324.0ms, serial=1.00 mtp=0.00 p1=0.000 mean_na=0.000 tok_step=1.000 regime_reprobes=0
[2m2026-09-06T02:11:16.469095Z[0m [32m INFO[0m [2mspark_model::model::trait_impl::decode_checkpoint[0m[2m:[0m Saved finish-leaf SSM snapshot 6 for 76 tokens
[2m2026-09-06T02:11:16.469852Z[0m [32m INFO[0m [2mspark::scheduler::prefill_a_step[0m[2m:[0m Chunked prefill start: 75 prompt tokens, chunk_size=75, max_tokens=32
[2m2026-09-06T02:11:16.470954Z[0m [32m INFO[0m [2mspark_model::model::trait_impl::prefill_b::prefix_lookup[0m[2m:[0m Prefix cache hit: 16 tokens (1 blocks) but no SSM snapshot — recomputing all KV
[2m2026-09-06T02:11:16.496444Z[0m [32m INFO[0m [2mspark_model::model::trait_impl::prefill_b::save_checkpoint[0m[2m:[0m Intermediate SSM checkpoint saved at token 48 (snapshot_id 3, block 3)
[2m2026-09-06T02:11:16.667236Z[0m [32m INFO[0m [2mspark_model::model::trait_impl::prefill_b::finalize_last[0m[2m:[0m Saved SSM snapshot 4 for 75 tokens (5 blocks) [chunk]
[2m2026-09-06T02:11:16.794194Z[0m [32m INFO[0m [2mspark::scheduler::prefill_a_step[0m[2m:[0m Prefill first token: 18
[2m2026-09-06T02:11:16.794203Z[0m [32m INFO[0m [2mspark::scheduler::phase_start_prefills[0m[2m:[0m Prefilled (single chunk): seq_len=75, remaining=31
[2m2026-09-06T02:11:16.794664Z[0m [32m INFO[0m [2mspark_model::layers::qwen3_ssm::trait_decode_multi_seq::ssm_batched[0m[2m:[0m ATLAS_SSM_DETAIL n=4: input_norm=12us qkvz=90us recurrent_ba=46us recurrent_conv=40us recurrent_gdn=98us recurrent_norm=37us recurrent_total_tail=1us out_proj=43us post_norm=11us
[2m2026-09-06T02:11:16.794952Z[0m [32m INFO[0m [2mspark_model::layers::qwen3_ssm::trait_decode_multi_seq[0m[2m:[0m ATLAS_SSM_MS_PROFILE n=4: mixer=410us moe_residual=281us
[2m2026-09-06T02:11:16.795353Z[0m [32m INFO[0m [2mspark_model::layers::qwen3_ssm::trait_decode_multi_seq::ssm_batched[0m[2m:[0m ATLAS_SSM_DETAIL n=4: input_norm=10us qkvz=88us recurrent_ba=47us recurrent_conv=39us recurrent_gdn=97us recurrent_norm=36us recurrent_total_tail=1us out_proj=43us post_norm=11us
[2m2026-09-06T02:11:16.795641Z[0m [32m INFO[0m [2mspark_model::layers::qwen3_ssm::trait_decode_multi_seq[0m[2m:[0m ATLAS_SSM_MS_PROFILE n=4: mixer=399us moe_residual=281us
[2m2026-09-06T02:11:16.796037Z[0m [32m INFO[0m [2mspark_model::layers::qwen3_ssm::trait_decode_multi_seq::ssm_batched[0m[2m:[0m ATLAS_SSM_DETAIL n=4: input_norm=10us qkvz=87us recurrent_ba=44us recurrent_conv=40us recurrent_gdn=96us recurrent_norm=36us recurrent_total_tail=1us out_proj=43us post_norm=11us
[2m2026-09-06T02:11:16.796326Z[0m [32m INFO[0m [2mspark_model::layers::qwen3_ssm::trait_decode_multi_seq[0m[2m:[0m ATLAS_SSM_MS_PROFILE n=4: mixer=393us moe_residual=283us
[2m2026-09-06T02:11:16.797400Z[0m [32m INFO[0m [2mspark_model::layers::qwen3_ssm::trait_decode_multi_seq::ssm_batched[0m[2m:[0m ATLAS_SSM_DETAIL n=4: input_norm=10us qkvz=87us recurrent_ba=43us recurrent_conv=41us recurrent_gdn=96us recurrent_norm=36us recurrent_total_tail=1us out_proj=43us post_norm=11us
[2m2026-09-06T02:11:16.797694Z[0m [32m INFO[0m [2mspark_model::layers::qwen3_ssm::trait_decode_multi_seq[0m[2m:[0m ATLAS_SSM_MS_PROFILE n=4: mixer=394us moe_residual=287us
[2m2026-09-06T02:11:16.798090Z[0m [32m INFO[0m [2mspark_model::layers::qwen3_ssm::trait_decode_multi_seq::ssm_batched[0m[2m:[0m ATLAS_SSM_DETAIL n=4: input_norm=11us qkvz=87us recurrent_ba=44us recurrent_conv=39us recurrent_gdn=97us recurrent_norm=36us recurrent_total_tail=1us out_proj=43us post_norm=11us
[2m2026-09-06T02:11:16.798375Z[0m [32m INFO[0m [2mspark_model::layers::qwen3_ssm::trait_decode_multi_seq[0m[2m:[0m ATLAS_SSM_MS_PROFILE n=4: mixer=393us moe_residual=279us
[2m2026-09-06T02:11:16.798772Z[0m [32m INFO[0m [2mspark_model::layers::qwen3_ssm::trait_decode_multi_seq::ssm_batched[0m[2m:[0m ATLAS_SSM_DETAIL n=4: input_norm=11us qkvz=87us recurrent_ba=43us recurrent_conv=39us recurrent_gdn=97us recurrent_norm=36us recurrent_total_tail=1us out_proj=43us post_norm=11us
[2m2026-09-06T02:11:16.799065Z[0m [32m INFO[0m [2mspark_model::layers::qwen3_ssm::trait_decode_multi_seq[0m[2m:[0m ATLAS_SSM_MS_PROFILE n=4: mixer=393us moe_residual=288us
[2m2026-09-06T02:11:16.800138Z[0m [32m INFO[0m [2mspark_model::layers::qwen3_ssm::trait_decode_multi_seq::ssm_batched[0m[2m:[0m ATLAS_SSM_DETAIL n=4: input_norm=10us qkvz=87us recurrent_ba=44us recurrent_conv=40us recurrent_gdn=97us recurrent_norm=35us recurrent_total_tail=1us out_proj=43us post_norm=14us
[2m2026-09-06T02:11:16.800431Z[0m [32m INFO[0m [2mspark_model::layers::qwen3_ssm::trait_decode_multi_seq[0m[2m:[0m ATLAS_SSM_MS_PROFILE n=4: mixer=402us moe_residual=282us
[2m2026-09-06T02:11:16.800829Z[0m [32m INFO[0m [2mspark_model::layers::qwen3_ssm::trait_decode_multi_seq::ssm_batched[0m[2m:[0m ATLAS_SSM_DETAIL n=4: input_norm=10us qkvz=87us recurrent_ba=45us recurrent_conv=40us recurrent_gdn=97us recurrent_norm=36us recurrent_total_tail=1us out_proj=43us post_norm=11us
[2m2026-09-06T02:11:16.801115Z[0m [32m INFO[0m [2mspark_model::layers::qwen3_ssm::trait_decode_multi_seq[0m[2m:[0m ATLAS_SSM_MS_PROFILE n=4: mixer=395us moe_residual=280us
[2m2026-09-06T02:11:16.801514Z[0m [32m INFO[0m [2mspark_model::layers::qwen3_ssm::trait_decode_multi_seq::ssm_batched[0m[2m:[0m ATLAS_SSM_DETAIL n=4: input_norm=14us qkvz=88us recurrent_ba=44us recurrent_conv=39us recurrent_gdn=96us recurrent_norm=36us recurrent_total_tail=1us out_proj=43us post_norm=11us
[2m2026-09-06T02:11:16.801802Z[0m [32m INFO[0m [2mspark_model::layers::qwen3_ssm::trait_decode_multi_seq[0m[2m:[0m ATLAS_SSM_MS_PROFILE n=4: mixer=397us moe_residual=281us
[2m2026-09-06T02:11:16.802876Z[0m [32m INFO[0m [2mspark_model::layers::qwen3_ssm::trait_decode_multi_seq::ssm_batched[0m[2m:[0m ATLAS_SSM_DETAIL n=4: input_norm=10us qkvz=87us recurrent_ba=45us recurrent_conv=39us recurrent_gdn=96us recurrent_norm=35us recurrent_total_tail=1us out_proj=43us post_norm=11us
[2m2026-09-06T02:11:16.803169Z[0m [32m INFO[0m [2mspark_model::layers::qwen3_ssm::trait_decode_multi_seq[0m[2m:[0m ATLAS_SSM_MS_PROFILE n=4: mixer=393us moe_residual=287us
[2m2026-09-06T02:11:16.803562Z[0m [32m INFO[0m [2mspark_model::layers::qwen3_ssm::trait_decode_multi_seq::ssm_batched[0m[2m:[0m ATLAS_SSM_DETAIL n=4: input_norm=10us qkvz=87us recurrent_ba=42us recurrent_conv=38us recurrent_gdn=97us recurrent_norm=36us recurrent_total_tail=1us out_proj=42us post_norm=11us
[2m2026-09-06T02:11:16.803846Z[0m [32m INFO[0m [2mspark_model::layers::qwen3_ssm::trait_decode_multi_seq[0m[2m:[0m ATLAS_SSM_MS_PROFILE n=4: mixer=389us moe_residual=278us
[2m2026-09-06T02:11:16.804241Z[0m [32m INFO[0m [2mspark_model::layers::qwen3_ssm::trait_decode_multi_seq::ssm_batched[0m[2m:[0m ATLAS_SSM_DETAIL n=4: input_norm=10us qkvz=87us recurrent_ba=45us recurrent_conv=40us recurrent_gdn=96us recurrent_norm=36us recurrent_total_tail=1us out_proj=42us post_norm=11us
[2m2026-09-06T02:11:16.804527Z[0m [32m INFO[0m [2mspark_model::layers::qwen3_ssm::trait_decode_multi_seq[0m[2m:[0m ATLAS_SSM_MS_PROFILE n=4: mixer=392us moe_residual=280us
[2m2026-09-06T02:11:16.805599Z[0m [32m INFO[0m [2mspark_model::layers::qwen3_ssm::trait_decode_multi_seq::ssm_batched[0m[2m:[0m ATLAS_SSM_DETAIL n=4: input_norm=10us qkvz=87us recurrent_ba=44us recurrent_conv=38us recurrent_gdn=98us recurrent_norm=35us recurrent_total_tail=1us out_proj=43us post_norm=11us
[2m2026-09-06T02:11:16.805886Z[0m [32m INFO[0m [2mspark_model::layers::qwen3_ssm::trait_decode_multi_seq[0m[2m:[0m ATLAS_SSM_MS_PROFILE n=4: mixer=394us moe_residual=280us
[2m2026-09-06T02:11:16.806286Z[0m [32m INFO[0m [2mspark_model::layers::qwen3_ssm::trait_decode_multi_seq::ssm_batched[0m[2m:[0m ATLAS_SSM_DETAIL n=4: input_norm=11us qkvz=87us recurrent_ba=44us recurrent_conv=39us recurrent_gdn=100us recurrent_norm=36us recurrent_total_tail=1us out_proj=43us post_norm=11us
[2m2026-09-06T02:11:16.806578Z[0m [32m INFO[0m [2mspark_model::layers::qwen3_ssm::trait_decode_multi_seq[0m[2m:[0m ATLAS_SSM_MS_PROFILE n=4: mixer=397us moe_residual=286us
[2m2026-09-06T02:11:16.806972Z[0m [32m INFO[0m [2mspark_model::layers::qwen3_ssm::trait_decode_multi_seq::ssm_batched[0m[2m:[0m ATLAS_SSM_DETAIL n=4: input_norm=10us qkvz=88us recurrent_ba=43us recurrent_conv=38us recurrent_gdn=96us recurrent_norm=35us recurrent_total_tail=1us out_proj=43us post_norm=11us
[2m2026-09-06T02:11:16.807261Z[0m [32m INFO[0m [2mspark_model::layers::qwen3_ssm::trait_decode_multi_seq[0m[2m:[0m ATLAS_SSM_MS_PROFILE n=4: mixer=393us moe_residual=281us
[2m2026-09-06T02:11:16.808330Z[0m [32m INFO[0m [2mspark_model::layers::qwen3_ssm::trait_decode_multi_seq::ssm_batched[0m[2m:[0m ATLAS_SSM_DETAIL n=4: input_norm=10us qkvz=87us recurrent_ba=44us recurrent_conv=38us recurrent_gdn=97us recurrent_norm=35us recurrent_total_tail=1us out_proj=43us post_norm=11us
[2m2026-09-06T02:11:16.808615Z[0m [32m INFO[0m [2mspark_model::layers::qwen3_ssm::trait_decode_multi_seq[0m[2m:[0m ATLAS_SSM_MS_PROFILE n=4: mixer=393us moe_residual=279us
[2m2026-09-06T02:11:16.809010Z[0m [32m INFO[0m [2mspark_model::layers::qwen3_ssm::trait_decode_multi_seq::ssm_batched[0m[2m:[0m ATLAS_SSM_DETAIL n=4: input_norm=10us qkvz=87us recurrent_ba=44us recurrent_conv=37us recurrent_gdn=97us recurrent_norm=36us recurrent_total_tail=1us out_proj=43us post_norm=11us
[2m2026-09-06T02:11:16.809299Z[0m [32m INFO[0m [2mspark_model::layers::qwen3_ssm::trait_decode_multi_seq[0m[2m:[0m ATLAS_SSM_MS_PROFILE n=4: mixer=391us moe_residual=284us
[2m2026-09-06T02:11:16.809694Z[0m [32m INFO[0m [2mspark_model::layers::qwen3_ssm::trait_decode_multi_seq::ssm_batched[0m[2m:[0m ATLAS_SSM_DETAIL n=4: input_norm=10us qkvz=87us recurrent_ba=43us recurrent_conv=38us recurrent_gdn=96us recurrent_norm=35us recurrent_total_tail=1us out_proj=43us post_norm=11us
[2m2026-09-06T02:11:16.809984Z[0m [32m INFO[0m [2mspark_model::layers::qwen3_ssm::trait_decode_multi_seq[0m[2m:[0m ATLAS_SSM_MS_PROFILE n=4: mixer=390us moe_residual=285us
[2m2026-09-06T02:11:16.811056Z[0m [32m INFO[0m [2mspark_model::layers::qwen3_ssm::trait_decode_multi_seq::ssm_batched[0m[2m:[0m ATLAS_SSM_DETAIL n=4: input_norm=10us qkvz=87us recurrent_ba=45us recurrent_conv=39us recurrent_gdn=97us recurrent_norm=36us recurrent_total_tail=1us out_proj=43us post_norm=11us
[2m2026-09-06T02:11:16.811344Z[0m [32m INFO[0m [2mspark_model::layers::qwen3_ssm::trait_decode_multi_seq[0m[2m:[0m ATLAS_SSM_MS_PROFILE n=4: mixer=393us moe_residual=281us
[2m2026-09-06T02:11:16.811738Z[0m [32m INFO[0m [2mspark_model::layers::qwen3_ssm::trait_decode_multi_seq::ssm_batched[0m[2m:[0m ATLAS_SSM_DETAIL n=4: input_norm=11us qkvz=87us recurrent_ba=43us recurrent_conv=39us recurrent_gdn=97us recurrent_norm=35us recurrent_total_tail=1us out_proj=42us post_norm=11us
[2m2026-09-06T02:11:16.812023Z[0m [32m INFO[0m [2mspark_model::layers::qwen3_ssm::trait_decode_multi_seq[0m[2m:[0m ATLAS_SSM_MS_PROFILE n=4: mixer=390us moe_residual=280us
[2m2026-09-06T02:11:16.812419Z[0m [32m INFO[0m [2mspark_model::layers::qwen3_ssm::trait_decode_multi_seq::ssm_batched[0m[2m:[0m ATLAS_SSM_DETAIL n=4: input_norm=10us qkvz=87us recurrent_ba=46us recurrent_conv=39us recurrent_gdn=96us recurrent_norm=35us recurrent_total_tail=1us out_proj=43us post_norm=11us
[2m2026-09-06T02:11:16.812710Z[0m [32m INFO[0m [2mspark_model::layers::qwen3_ssm::trait_decode_multi_seq[0m[2m:[0m ATLAS_SSM_MS_PROFILE n=4: mixer=394us moe_residual=285us
[2m2026-09-06T02:11:16.813779Z[0m [32m INFO[0m [2mspark_model::layers::qwen3_ssm::trait_decode_multi_seq::ssm_batched[0m[2m:[0m ATLAS_SSM_DETAIL n=4: input_norm=10us qkvz=87us recurrent_ba=45us recurrent_conv=39us recurrent_gdn=97us recurrent_norm=36us recurrent_total_tail=1us out_proj=42us post_norm=11us
[2m2026-09-06T02:11:16.814064Z[0m [32m INFO[0m [2mspark_model::layers::qwen3_ssm::trait_decode_multi_seq[0m[2m:[0m ATLAS_SSM_MS_PROFILE n=4: mixer=392us moe_residual=279us
[2m2026-09-06T02:11:16.814458Z[0m [32m INFO[0m [2mspark_model::layers::qwen3_ssm::trait_decode_multi_seq::ssm_batched[0m[2m:[0m ATLAS_SSM_DETAIL n=4: input_norm=10us qkvz=87us recurrent_ba=43us recurrent_conv=38us recurrent_gdn=97us recurrent_norm=36us recurrent_total_tail=1us out_proj=43us post_norm=11us
[2m2026-09-06T02:11:16.814745Z[0m [32m INFO[0m [2mspark_model::layers::qwen3_ssm::trait_decode_multi_seq[0m[2m:[0m ATLAS_SSM_MS_PROFILE n=4: mixer=392us moe_residual=280us
[2m2026-09-06T02:11:16.815141Z[0m [32m INFO[0m [2mspark_model::layers::qwen3_ssm::trait_decode_multi_seq::ssm_batched[0m[2m:[0m ATLAS_SSM_DETAIL n=4: input_norm=10us qkvz=87us recurrent_ba=43us recurrent_conv=40us recurrent_gdn=98us recurrent_norm=36us recurrent_total_tail=1us out_proj=43us post_norm=11us
[2m2026-09-06T02:11:16.815432Z[0m [32m INFO[0m [2mspark_model::layers::qwen3_ssm::trait_decode_multi_seq[0m[2m:[0m ATLAS_SSM_MS_PROFILE n=4: mixer=394us moe_residual=284us
[2m2026-09-06T02:11:16.816512Z[0m [32m INFO[0m [2mspark_model::layers::qwen3_ssm::trait_decode_multi_seq::ssm_batched[0m[2m:[0m ATLAS_SSM_DETAIL n=4: input_norm=11us qkvz=87us recurrent_ba=45us recurrent_conv=38us recurrent_gdn=97us recurrent_norm=36us recurrent_total_tail=1us out_proj=43us post_norm=11us
[2m2026-09-06T02:11:16.816797Z[0m [32m INFO[0m [2mspark_model::layers::qwen3_ssm::trait_decode_multi_seq[0m[2m:[0m ATLAS_SSM_MS_PROFILE n=4: mixer=393us moe_residual=279us
[2m2026-09-06T02:11:16.817193Z[0m [32m INFO[0m [2mspark_model::layers::qwen3_ssm::trait_decode_multi_seq::ssm_batched[0m[2m:[0m ATLAS_SSM_DETAIL n=4: input_norm=10us qkvz=87us recurrent_ba=43us recurrent_conv=37us recurrent_gdn=96us recurrent_norm=36us recurrent_total_tail=4us out_proj=43us post_norm=11us
[2m2026-09-06T02:11:16.817482Z[0m [32m INFO[0m [2mspark_model::layers::qwen3_ssm::trait_decode_multi_seq[0m[2m:[0m ATLAS_SSM_MS_PROFILE n=4: mixer=393us moe_residual=283us
[2m2026-09-06T02:11:16.817876Z[0m [32m INFO[0m [2mspark_model::layers::qwen3_ssm::trait_decode_multi_seq::ssm_batched[0m[2m:[0m ATLAS_SSM_DETAIL n=4: input_norm=10us qkvz=87us recurrent_ba=42us recurrent_conv=40us recurrent_gdn=97us recurrent_norm=36us recurrent_total_tail=1us out_proj=43us post_norm=11us
[2m2026-09-06T02:11:16.818161Z[0m [32m INFO[0m [2mspark_model::layers::qwen3_ssm::trait_decode_multi_seq[0m[2m:[0m ATLAS_SSM_MS_PROFILE n=4: mixer=391us moe_residual=280us
[2m2026-09-06T02:11:16.819230Z[0m [32m INFO[0m [2mspark_model::layers::qwen3_ssm::trait_decode_multi_seq::ssm_batched[0m[2m:[0m ATLAS_SSM_DETAIL n=4: input_norm=10us qkvz=87us recurrent_ba=43us recurrent_conv=40us recurrent_gdn=96us recurrent_norm=35us recurrent_total_tail=1us out_proj=43us post_norm=11us
[2m2026-09-06T02:11:16.819523Z[0m [32m INFO[0m [2mspark_model::layers::qwen3_ssm::trait_decode_multi_seq[0m[2m:[0m ATLAS_SSM_MS_PROFILE n=4: mixer=392us moe_residual=287us
[2m2026-09-06T02:11:16.819917Z[0m [32m INFO[0m [2mspark_model::layers::qwen3_ssm::trait_decode_multi_seq::ssm_batched[0m[2m:[0m ATLAS_SSM_DETAIL n=4: input_norm=10us qkvz=87us recurrent_ba=44us recurrent_conv=37us recurrent_gdn=97us recurrent_norm=36us recurrent_total_tail=1us out_proj=42us post_norm=11us
[2m2026-09-06T02:11:16.820202Z[0m [32m INFO[0m [2mspark_model::layers::qwen3_ssm::trait_decode_multi_seq[0m[2m:[0m ATLAS_SSM_MS_PROFILE n=4: mixer=390us moe_residual=280us
[2m2026-09-06T02:11:16.820598Z[0m [32m INFO[0m [2mspark_model::layers::qwen3_ssm::trait_decode_multi_seq::ssm_batched[0m[2m:[0m ATLAS_SSM_DETAIL n=4: input_norm=10us qkvz=87us recurrent_ba=43us recurrent_conv=38us recurrent_gdn=97us recurrent_norm=36us recurrent_total_tail=1us out_proj=43us post_norm=11us
[2m2026-09-06T02:11:16.820884Z[0m [32m INFO[0m [2mspark_model::layers::qwen3_ssm::trait_decode_multi_seq[0m[2m:[0m ATLAS_SSM_MS_PROFILE n=4: mixer=392us moe_residual=280us
[2m2026-09-06T02:11:16.821953Z[0m [32m INFO[0m [2mspark_model::layers::qwen3_ssm::trait_decode_multi_seq::ssm_batched[0m[2m:[0m ATLAS_SSM_DETAIL n=4: input_norm=11us qkvz=87us recurrent_ba=45us recurrent_conv=38us recurrent_gdn=96us recurrent_norm=36us recurrent_total_tail=1us out_proj=43us post_norm=11us
[2m2026-09-06T02:11:16.822240Z[0m [32m INFO[0m [2mspark_model::layers::qwen3_ssm::trait_decode_multi_seq[0m[2m:[0m ATLAS_SSM_MS_PROFILE n=4: mixer=392us moe_residual=281us
[2m2026-09-06T02:11:16.822636Z[0m [32m INFO[0m [2mspark_model::layers::qwen3_ssm::trait_decode_multi_seq::ssm_batched[0m[2m:[0m ATLAS_SSM_DETAIL n=4: input_norm=10us qkvz=87us recurrent_ba=42us recurrent_conv=39us recurrent_gdn=97us recurrent_norm=36us recurrent_total_tail=1us out_proj=43us post_norm=11us
[2m2026-09-06T02:11:16.822921Z[0m [32m INFO[0m [2mspark_model::layers::qwen3_ssm::trait_decode_multi_seq[0m[2m:[0m ATLAS_SSM_MS_PROFILE n=4: mixer=391us moe_residual=279us
[2m2026-09-06T02:11:16.823316Z[0m [32m INFO[0m [2mspark_model::layers::qwen3_ssm::trait_decode_multi_seq::ssm_batched[0m[2m:[0m ATLAS_SSM_DETAIL n=4: input_norm=11us qkvz=87us recurrent_ba=42us recurrent_conv=38us recurrent_gdn=101us recurrent_norm=35us recurrent_total_tail=1us out_proj=42us post_norm=11us
[2m2026-09-06T02:11:16.823604Z[0m [32m INFO[0m [2mspark_model::layers::qwen3_ssm::trait_decode_multi_seq[0m[2m:[0m ATLAS_SSM_MS_PROFILE n=4: mixer=393us moe_residual=282us
[2m2026-09-06T02:11:16.824671Z[0m [32m INFO[0m [2mspark_model::layers::qwen3_ssm::trait_decode_multi_seq::ssm_batched[0m[2m:[0m ATLAS_SSM_DETAIL n=4: input_norm=10us qkvz=87us recurrent_ba=44us recurrent_conv=39us recurrent_gdn=96us recurrent_norm=36us recurrent_total_tail=1us out_proj=42us post_norm=11us
[2m2026-09-06T02:11:16.824957Z[0m [32m INFO[0m [2mspark_model::layers::qwen3_ssm::trait_decode_multi_seq[0m[2m:[0m ATLAS_SSM_MS_PROFILE n=4: mixer=391us moe_residual=280us
[2m2026-09-06T02:11:16.825354Z[0m [32m INFO[0m [2mspark_model::layers::qwen3_ssm::trait_decode_multi_seq::ssm_batched[0m[2m:[0m ATLAS_SSM_DETAIL n=4: input_norm=10us qkvz=87us recurrent_ba=46us recurrent_conv=39us recurrent_gdn=97us recurrent_norm=36us recurrent_total_tail=1us out_proj=43us post_norm=11us
[2m2026-09-06T02:11:16.825641Z[0m [32m INFO[0m [2mspark_model::layers::qwen3_ssm::trait_decode_multi_seq[0m[2m:[0m ATLAS_SSM_MS_PROFILE n=4: mixer=395us moe_residual=280us
[2m2026-09-06T02:11:16.826034Z[0m [32m INFO[0m [2mspark_model::layers::qwen3_ssm::trait_decode_multi_seq::ssm_batched[0m[2m:[0m ATLAS_SSM_DETAIL n=4: input_norm=10us qkvz=87us recurrent_ba=42us recurrent_conv=40us recurrent_gdn=96us recurrent_norm=35us recurrent_total_tail=1us out_proj=42us post_norm=11us
[2m2026-09-06T02:11:16.826326Z[0m [32m INFO[0m [2mspark_model::layers::qwen3_ssm::trait_decode_multi_seq[0m[2m:[0m ATLAS_SSM_MS_PROFILE n=4: mixer=391us moe_residual=287us
[2m2026-09-06T02:11:16.827400Z[0m [32m INFO[0m [2mspark_model::layers::qwen3_ssm::trait_decode_multi_seq::ssm_batched[0m[2m:[0m ATLAS_SSM_DETAIL n=4: input_norm=10us qkvz=87us recurrent_ba=45us recurrent_conv=40us recurrent_gdn=96us recurrent_norm=36us recurrent_total_tail=1us out_proj=43us post_norm=11us
[2m2026-09-06T02:11:16.827687Z[0m [32m INFO[0m [2mspark_model::layers::qwen3_ssm::trait_decode_multi_seq[0m[2m:[0m ATLAS_SSM_MS_PROFILE n=4: mixer=394us moe_residual=281us
[2m2026-09-06T02:11:16.828084Z[0m [32m INFO[0m [2mspark_model::layers::qwen3_ssm::trait_decode_multi_seq::ssm_batched[0m[2m:[0m ATLAS_SSM_DETAIL n=4: input_norm=10us qkvz=87us recurrent_ba=45us recurrent_conv=38us recurrent_gdn=98us recurrent_norm=36us recurrent_total_tail=1us out_proj=43us post_norm=11us
[2m2026-09-06T02:11:16.828369Z[0m [32m INFO[0m [2mspark_model::layers::qwen3_ssm::trait_decode_multi_seq[0m[2m:[0m ATLAS_SSM_MS_PROFILE n=4: mixer=394us moe_residual=280us
[2m2026-09-06T02:11:16.828766Z[0m [32m INFO[0m [2mspark_model::layers::qwen3_ssm::trait_decode_multi_seq::ssm_batched[0m[2m:[0m ATLAS_SSM_DETAIL n=4: input_norm=10us qkvz=87us recurrent_ba=44us recurrent_conv=40us recurrent_gdn=96us recurrent_norm=36us recurrent_total_tail=1us out_proj=43us post_norm=11us
[2m2026-09-06T02:11:16.829054Z[0m [32m INFO[0m [2mspark_model::layers::qwen3_ssm::trait_decode_multi_seq[0m[2m:[0m ATLAS_SSM_MS_PROFILE n=4: mixer=393us moe_residual=283us
[2m2026-09-06T02:11:16.830126Z[0m [32m INFO[0m [2mspark_model::layers::qwen3_ssm::trait_decode_multi_seq::ssm_batched[0m[2m:[0m ATLAS_SSM_DETAIL n=4: input_norm=10us qkvz=87us recurrent_ba=44us recurrent_conv=39us recurrent_gdn=96us recurrent_norm=34us recurrent_total_tail=1us out_proj=43us post_norm=11us
[2m2026-09-06T02:11:16.830419Z[0m [32m INFO[0m [2mspark_model::layers::qwen3_ssm::trait_decode_multi_seq[0m[2m:[0m ATLAS_SSM_MS_PROFILE n=4: mixer=397us moe_residual=282us
[2m2026-09-06T02:11:16.830812Z[0m [32m INFO[0m [2mspark_model::layers::qwen3_ssm::trait_decode_multi_seq::ssm_batched[0m[2m:[0m ATLAS_SSM_DETAIL n=4: input_norm=10us qkvz=87us recurrent_ba=43us recurrent_conv=38us recurrent_gdn=97us recurrent_norm=36us recurrent_total_tail=1us out_proj=42us post_norm=11us
[2m2026-09-06T02:11:16.831100Z[0m [32m INFO[0m [2mspark_model::layers::qwen3_ssm::trait_decode_multi_seq[0m[2m:[0m ATLAS_SSM_MS_PROFILE n=4: mixer=390us moe_residual=282us
[2m2026-09-06T02:11:16.831493Z[0m [32m INFO[0m [2mspark_model::layers::qwen3_ssm::trait_decode_multi_seq::ssm_batched[0m[2m:[0m ATLAS_SSM_DETAIL n=4: input_norm=10us qkvz=87us recurrent_ba=43us recurrent_conv=39us recurrent_gdn=96us recurrent_norm=34us recurrent_total_tail=1us out_proj=43us post_norm=11us
[2m2026-09-06T02:11:16.831778Z[0m [32m INFO[0m [2mspark_model::layers::qwen3_ssm::trait_decode_multi_seq[0m[2m:[0m ATLAS_SSM_MS_PROFILE n=4: mixer=391us moe_residual=278us
[2m2026-09-06T02:11:16.832847Z[0m [32m INFO[0m [2mspark_model::layers::qwen3_ssm::trait_decode_multi_seq::ssm_batched[0m[2m:[0m ATLAS_SSM_DETAIL n=4: input_norm=10us qkvz=87us recurrent_ba=45us recurrent_conv=39us recurrent_gdn=96us recurrent_norm=35us recurrent_total_tail=1us out_proj=43us post_norm=11us
[2m2026-09-06T02:11:16.833139Z[0m [32m INFO[0m [2mspark_model::layers::qwen3_ssm::trait_decode_multi_seq[0m[2m:[0m ATLAS_SSM_MS_PROFILE n=4: mixer=394us moe_residual=286us
[2m2026-09-06T02:11:16.833533Z[0m [32m INFO[0m [2mspark_model::layers::qwen3_ssm::trait_decode_multi_seq::ssm_batched[0m[2m:[0m ATLAS_SSM_DETAIL n=4: input_norm=10us qkvz=87us recurrent_ba=42us recurrent_conv=38us recurrent_gdn=97us recurrent_norm=36us recurrent_total_tail=1us out_proj=43us post_norm=11us
[2m2026-09-06T02:11:16.833818Z[0m [32m INFO[0m [2mspark_model::layers::qwen3_ssm::trait_decode_multi_seq[0m[2m:[0m ATLAS_SSM_MS_PROFILE n=4: mixer=391us moe_residual=279us
[2m2026-09-06T02:11:16.834210Z[0m [32m INFO[0m [2mspark_model::layers::qwen3_ssm::trait_decode_multi_seq::ssm_batched[0m[2m:[0m ATLAS_SSM_DETAIL n=4: input_norm=11us qkvz=87us recurrent_ba=43us recurrent_conv=38us recurrent_gdn=96us recurrent_norm=35us recurrent_total_tail=1us out_proj=42us post_norm=11us
[2m2026-09-06T02:11:16.834496Z[0m [32m INFO[0m [2mspark_model::layers::qwen3_ssm::trait_decode_multi_seq[0m[2m:[0m ATLAS_SSM_MS_PROFILE n=4: mixer=390us moe_residual=280us
[2m2026-09-06T02:11:16.835567Z[0m [32m INFO[0m [2mspark_model::layers::qwen3_ssm::trait_decode_multi_seq::ssm_batched[0m[2m:[0m ATLAS_SSM_DETAIL n=4: input_norm=10us qkvz=87us recurrent_ba=45us recurrent_conv=38us recurrent_gdn=96us recurrent_norm=36us recurrent_total_tail=1us out_proj=42us post_norm=11us
[2m2026-09-06T02:11:16.835852Z[0m [32m INFO[0m [2mspark_model::layers::qwen3_ssm::trait_decode_multi_seq[0m[2m:[0m ATLAS_SSM_MS_PROFILE n=4: mixer=393us moe_residual=279us
[2m2026-09-06T02:11:16.836251Z[0m [32m INFO[0m [2mspark_model::layers::qwen3_ssm::trait_decode_multi_seq::ssm_batched[0m[2m:[0m ATLAS_SSM_DETAIL n=4: input_norm=10us qkvz=87us recurrent_ba=45us recurrent_conv=39us recurrent_gdn=98us recurrent_norm=39us recurrent_total_tail=1us out_proj=42us post_norm=11us
[2m2026-09-06T02:11:16.836537Z[0m [32m INFO[0m [2mspark_model::layers::qwen3_ssm::trait_decode_multi_seq[0m[2m:[0m ATLAS_SSM_MS_PROFILE n=4: mixer=397us moe_residual=279us
[2m2026-09-06T02:11:16.836931Z[0m [32m INFO[0m [2mspark_model::layers::qwen3_ssm::trait_decode_multi_seq::ssm_batched[0m[2m:[0m ATLAS_SSM_DETAIL n=4: input_norm=10us qkvz=87us recurrent_ba=43us recurrent_conv=40us recurrent_gdn=96us recurrent_norm=36us recurrent_total_tail=1us out_proj=43us post_norm=11us
[2m2026-09-06T02:11:16.837226Z[0m [32m INFO[0m [2mspark_model::layers::qwen3_ssm::trait_decode_multi_seq[0m[2m:[0m ATLAS_SSM_MS_PROFILE n=4: mixer=393us moe_residual=288us
[2m2026-09-06T02:11:16.838854Z[0m [32m INFO[0m [2mspark_model::model::trait_impl::decode_a2[0m[2m:[0m ATLAS_MS_PROFILE n=4 padded_n=4: total=44454us  ssm=32730us(48L)  attn=10784us(16L)  head=940us  [per-tok 11.11ms]
[2m2026-09-06T02:11:16.843017Z[0m [32m INFO[0m [2mspark_model::layers::qwen3_ssm::trait_decode_multi_seq::ssm_batched[0m[2m:[0m ATLAS_SSM_DETAIL n=4: input_norm=15us qkvz=89us recurrent_ba=46us recurrent_conv=40us recurrent_gdn=97us recurrent_norm=36us recurrent_total_tail=1us out_proj=43us post_norm=11us
[2m2026-09-06T02:11:16.843326Z[0m [32m INFO[0m [2mspark_model::layers::qwen3_ssm::trait_decode_multi_seq[0m[2m:[0m ATLAS_SSM_MS_PROFILE n=4: mixer=435us moe_residual=282us
[2m2026-09-06T02:11:16.843731Z[0m [32m INFO[0m [2mspark_model::layers::qwen3_ssm::trait_decode_multi_seq::ssm_batched[0m[2m:[0m ATLAS_SSM_DETAIL n=4: input_norm=11us qkvz=87us recurrent_ba=45us recurrent_conv=39us recurrent_gdn=96us recurrent_norm=38us recurrent_total_tail=1us out_proj=43us post_norm=11us
[2m2026-09-06T02:11:16.844016Z[0m [32m INFO[0m [2mspark_model::layers::qwen3_ssm::trait_decode_multi_seq[0m[2m:[0m ATLAS_SSM_MS_PROFILE n=4: mixer=399us moe_residual=279us
[2m2026-09-06T02:11:16.844413Z[0m [32m INFO[0m [2mspark_model::layers::qwen3_ssm::trait_decode_multi_seq::ssm_batched[0m[2m:[0m ATLAS_SSM_DETAIL n=4: input_norm=10us qkvz=87us recurrent_ba=46us recurrent_conv=39us recurrent_gdn=96us recurrent_norm=36us recurrent_total_tail=1us out_proj=43us post_norm=11us
[2m2026-09-06T02:11:16.844705Z[0m [32m INFO[0m [2mspark_model::layers::qwen3_ssm::trait_decode_multi_seq[0m[2m:[0m ATLAS_SSM_MS_PROFILE n=4: mixer=394us moe_residual=286us
[2m2026-09-06T02:11:16.845785Z[0m [32m INFO[0m [2mspark_model::layers::qwen3_ssm::trait_decode_multi_seq::ssm_batched[0m[2m:[0m ATLAS_SSM_DETAIL n=4: input_norm=11us qkvz=87us recurrent_ba=45us recurrent_conv=40us recurrent_gdn=98us recurrent_norm=36us recurrent_total_tail=1us out_proj=43us post_norm=11us
[2m2026-09-06T02:11:16.846078Z[0m [32m INFO[0m [2mspark_model::layers::qwen3_ssm::trait_decode_multi_seq[0m[2m:[0m ATLAS_SSM_MS_PROFILE n=4: mixer=394us moe_residual=287us
[2m2026-09-06T02:11:16.846476Z[0m [32m INFO[0m [2mspark_model::layers::qwen3_ssm::trait_decode_multi_seq::ssm_batched[0m[2m:[0m ATLAS_SSM_DETAIL n=4: input_norm=10us qkvz=91us recurrent_ba=44us recurrent_conv=37us recurrent_gdn=96us recurrent_norm=35us recurrent_total_tail=1us out_proj=43us post_norm=11us
[2m2026-09-06T02:11:16.846761Z[0m [32m INFO[0m [2mspark_model::layers::qwen3_ssm::trait_decode_multi_seq[0m[2m:[0m ATLAS_SSM_MS_PROFILE n=4: mixer=395us moe_residual=279us
[2m2026-09-06T02:11:16.847156Z[0m [32m INFO[0m [2mspark_model::layers::qwen3_ssm::trait_decode_multi_seq::ssm_batched[0m[2m:[0m ATLAS_SSM_DETAIL n=4: input_norm=10us qkvz=87us recurrent_ba=45us recurrent_conv=40us recurrent_gdn=96us recurrent_norm=35us recurrent_total_tail=1us out_proj=43us post_norm=11us
[2m2026-09-06T02:11:16.847443Z[0m [32m INFO[0m [2mspark_model::layers::qwen3_ssm::trait_decode_multi_seq[0m[2m:[0m ATLAS_SSM_MS_PROFILE n=4: mixer=392us moe_residual=281us
[2m2026-09-06T02:11:16.848518Z[0m [32m INFO[0m [2mspark_model::layers::qwen3_ssm::trait_decode_multi_seq::ssm_batched[0m[2m:[0m ATLAS_SSM_DETAIL n=4: input_norm=12us qkvz=87us recurrent_ba=44us recurrent_conv=39us recurrent_gdn=97us recurrent_norm=35us recurrent_total_tail=1us out_proj=43us post_norm=11us
[2m2026-09-06T02:11:16.848812Z[0m [32m INFO[0m [2mspark_model::layers::qwen3_ssm::trait_decode_multi_seq[0m[2m:[0m ATLAS_SSM_MS_PROFILE n=4: mixer=394us moe_residual=288us
[2m2026-09-06T02:11:16.849214Z[0m [32m INFO[0m [2mspark_model::layers::qwen3_ssm::trait_decode_multi_seq::ssm_batched[0m[2m:[0m ATLAS_SSM_DETAIL n=4: input_norm=10us qkvz=87us recurrent_ba=46us recurrent_conv=40us recurrent_gdn=98us recurrent_norm=36us recurrent_total_tail=1us out_proj=43us post_norm=12us
[2m2026-09-06T02:11:16.849508Z[0m [32m INFO[0m [2mspark_model::layers::qwen3_ssm::trait_decode_multi_seq[0m[2m:[0m ATLAS_SSM_MS_PROFILE n=4: mixer=407us moe_residual=280us
[2m2026-09-06T02:11:16.849913Z[0m [32m INFO[0m [2mspark_model::layers::qwen3_ssm::trait_decode_multi_seq::ssm_batched[0m[2m:[0m ATLAS_SSM_DETAIL n=4: input_norm=11us qkvz=87us recurrent_ba=45us recurrent_conv=41us recurrent_gdn=100us recurrent_norm=36us recurrent_total_tail=1us out_proj=43us post_norm=11us
[2m2026-09-06T02:11:16.850201Z[0m [32m INFO[0m [2mspark_model::layers::qwen3_ssm::trait_decode_multi_seq[0m[2m:[0m ATLAS_SSM_MS_PROFILE n=4: mixer=402us moe_residual=282us
[2m2026-09-06T02:11:16.851291Z[0m [32m INFO[0m [2mspark_model::layers::qwen3_ssm::trait_decode_multi_seq::ssm_batched[0m[2m:[0m ATLAS_SSM_DETAIL n=4: input_norm=11us qkvz=88us recurrent_ba=45us recurrent_conv=42us recurrent_gdn=100us recurrent_norm=36us recurrent_total_tail=1us out_proj=44us post_norm=11us
[2m2026-09-06T02:11:16.851579Z[0m [32m INFO[0m [2mspark_model::layers::qwen3_ssm::trait_decode_multi_seq[0m[2m:[0m ATLAS_SSM_MS_PROFILE n=4: mixer=406us moe_residual=282us
[2m2026-09-06T02:11:16.851983Z[0m [32m INFO[0m [2mspark_model::layers::qwen3_ssm::trait_decode_multi_seq::ssm_batched[0m[2m:[0m ATLAS_SSM_DETAIL n=4: input_norm=11us qkvz=87us recurrent_ba=45us recurrent_conv=40us recurrent_gdn=99us recurrent_norm=36us recurrent_total_tail=1us out_proj=43us post_norm=11us
[2m2026-09-06T02:11:16.852269Z[0m [32m INFO[0m [2mspark_model::layers::qwen3_ssm::trait_decode_multi_seq[0m[2m:[0m ATLAS_SSM_MS_PROFILE n=4: mixer=401us moe_residual=279us
[2m2026-09-06T02:11:16.852674Z[0m [32m INFO[0m [2mspark_model::layers::qwen3_ssm::trait_decode_multi_seq::ssm_batched[0m[2m:[0m ATLAS_SSM_DETAIL n=4: input_norm=11us qkvz=88us recurrent_ba=45us recurrent_conv=40us recurrent_gdn=100us recurrent_norm=36us recurrent_total_tail=1us out_proj=43us post_norm=11us
[2m2026-09-06T02:11:16.852961Z[0m [32m INFO[0m [2mspark_model::layers::qwen3_ssm::trait_decode_multi_seq[0m[2m:[0m ATLAS_SSM_MS_PROFILE n=4: mixer=402us moe_residual=280us
[2m2026-09-06T02:11:16.854051Z[0m [32m INFO[0m [2mspark_model::layers::qwen3_ssm::trait_decode_multi_seq::ssm_batched[0m[2m:[0m ATLAS_SSM_DETAIL n=4: input_norm=11us qkvz=87us recurrent_ba=45us recurrent_conv=41us recurrent_gdn=98us recurrent_norm=36us recurrent_total_tail=1us out_proj=43us post_norm=11us
[2m2026-09-06T02:11:16.854338Z[0m [32m INFO[0m [2mspark_model::layers::qwen3_ssm::trait_decode_multi_seq[0m[2m:[0m ATLAS_SSM_MS_PROFILE n=4: mixer=402us moe_residual=280us
[2m2026-09-06T02:11:16.854744Z[0m [32m INFO[0m [2mspark_model::layers::qwen3_ssm::trait_decode_multi_seq::ssm_batched[0m[2m:[0m ATLAS_SSM_DETAIL n=4: input_norm=11us qkvz=88us recurrent_ba=45us recurrent_conv=40us recurrent_gdn=98us recurrent_norm=36us recurrent_total_tail=1us out_proj=43us post_norm=12us
[2m2026-09-06T02:11:16.855036Z[0m [32m INFO[0m [2mspark_model::layers::qwen3_ssm::trait_decode_multi_seq[0m[2m:[0m ATLAS_SSM_MS_PROFILE n=4: mixer=402us moe_residual=286us
[2m2026-09-06T02:11:16.855441Z[0m [32m INFO[0m [2mspark_model::layers::qwen3_ssm::trait_decode_multi_seq::ssm_batched[0m[2m:[0m ATLAS_SSM_DETAIL n=4: input_norm=11us qkvz=87us recurrent_ba=45us recurrent_conv=40us recurrent_gdn=99us recurrent_norm=36us recurrent_total_tail=1us out_proj=44us post_norm=11us
[2m2026-09-06T02:11:16.855728Z[0m [32m INFO[0m [2mspark_model::layers::qwen3_ssm::trait_decode_multi_seq[0m[2m:[0m ATLAS_SSM_MS_PROFILE n=4: mixer=402us moe_residual=280us
[2m2026-09-06T02:11:16.856811Z[0m [32m INFO[0m [2mspark_model::layers::qwen3_ssm::trait_decode_multi_seq::ssm_batched[0m[2m:[0m ATLAS_SSM_DETAIL n=4: input_norm=11us qkvz=88us recurrent_ba=44us recurrent_conv=40us recurrent_gdn=100us recurrent_norm=36us recurrent_total_tail=1us out_proj=43us post_norm=11us
[2m2026-09-06T02:11:16.857102Z[0m [32m INFO[0m [2mspark_model::layers::qwen3_ssm::trait_decode_multi_seq[0m[2m:[0m ATLAS_SSM_MS_PROFILE n=4: mixer=406us moe_residual=280us
[2m2026-09-06T02:11:16.857506Z[0m [32m INFO[0m [2mspark_model::layers::qwen3_ssm::trait_decode_multi_seq::ssm_batched[0m[2m:[0m ATLAS_SSM_DETAIL n=4: input_norm=11us qkvz=87us recurrent_ba=45us recurrent_conv=41us recurrent_gdn=98us recurrent_norm=36us recurrent_total_tail=1us out_proj=44us post_norm=11us
[2m2026-09-06T02:11:16.857794Z[0m [32m INFO[0m [2mspark_model::layers::qwen3_ssm::trait_decode_multi_seq[0m[2m:[0m ATLAS_SSM_MS_PROFILE n=4: mixer=402us moe_residual=280us
[2m2026-09-06T02:11:16.858198Z[0m [32m INFO[0m [2mspark_model::layers::qwen3_ssm::trait_decode_multi_seq::ssm_batched[0m[2m:[0m ATLAS_SSM_DETAIL n=4: input_norm=11us qkvz=87us recurrent_ba=45us recurrent_conv=40us recurrent_gdn=100us recurrent_norm=36us recurrent_total_tail=1us out_proj=43us post_norm=11us
[2m2026-09-06T02:11:16.858492Z[0m [32m INFO[0m [2mspark_model::layers::qwen3_ssm::trait_decode_multi_seq[0m[2m:[0m ATLAS_SSM_MS_PROFILE n=4: mixer=402us moe_residual=287us
[2m2026-09-06T02:11:16.859569Z[0m [32m INFO[0m [2mspark_model::layers::qwen3_ssm::trait_decode_multi_seq::ssm_batched[0m[2m:[0m ATLAS_SSM_DETAIL n=4: input_norm=11us qkvz=87us recurrent_ba=45us recurrent_conv=41us recurrent_gdn=99us recurrent_norm=36us recurrent_total_tail=1us out_proj=44us post_norm=11us
[2m2026-09-06T02:11:16.859863Z[0m [32m INFO[0m [2mspark_model::layers::qwen3_ssm::trait_decode_multi_seq[0m[2m:[0m ATLAS_SSM_MS_PROFILE n=4: mixer=403us moe_residual=286us
[2m2026-09-06T02:11:16.860265Z[0m [32m INFO[0m [2mspark_model::layers::qwen3_ssm::trait_decode_multi_seq::ssm_batched[0m[2m:[0m ATLAS_SSM_DETAIL n=4: input_norm=11us qkvz=88us recurrent_ba=45us recurrent_conv=40us recurrent_gdn=98us recurrent_norm=36us recurrent_total_tail=1us out_proj=43us post_norm=11us
[2m2026-09-06T02:11:16.860560Z[0m [32m INFO[0m [2mspark_model::layers::qwen3_ssm::trait_decode_multi_seq[0m[2m:[0m ATLAS_SSM_MS_PROFILE n=4: mixer=400us moe_residual=288us
[2m2026-09-06T02:11:16.860963Z[0m [32m INFO[0m [2mspark_model::layers::qwen3_ssm::trait_decode_multi_seq::ssm_batched[0m[2m:[0m ATLAS_SSM_DETAIL n=4: input_norm=11us qkvz=87us recurrent_ba=45us recurrent_conv=43us recurrent_gdn=98us recurrent_norm=36us recurrent_total_tail=1us out_proj=43us post_norm=11us
[2m2026-09-06T02:11:16.861251Z[0m [32m INFO[0m [2mspark_model::layers::qwen3_ssm::trait_decode_multi_seq[0m[2m:[0m ATLAS_SSM_MS_PROFILE n=4: mixer=401us moe_residual=282us
[2m2026-09-06T02:11:16.862328Z[0m [32m INFO[0m [2mspark_model::layers::qwen3_ssm::trait_decode_multi_seq::ssm_batched[0m[2m:[0m ATLAS_SSM_DETAIL n=4: input_norm=11us qkvz=87us recurrent_ba=45us recurrent_conv=40us recurrent_gdn=98us recurrent_norm=36us recurrent_total_tail=1us out_proj=43us post_norm=11us
[2m2026-09-06T02:11:16.862614Z[0m [32m INFO[0m [2mspark_model::layers::qwen3_ssm::trait_decode_multi_seq[0m[2m:[0m ATLAS_SSM_MS_PROFILE n=4: mixer=399us moe_residual=280us
[2m2026-09-06T02:11:16.863016Z[0m [32m INFO[0m [2mspark_model::layers::qwen3_ssm::trait_decode_multi_seq::ssm_batched[0m[2m:[0m ATLAS_SSM_DETAIL n=4: input_norm=11us qkvz=87us recurrent_ba=45us recurrent_conv=40us recurrent_gdn=96us recurrent_norm=36us recurrent_total_tail=1us out_proj=43us post_norm=11us
[2m2026-09-06T02:11:16.863302Z[0m [32m INFO[0m [2mspark_model::layers::qwen3_ssm::trait_decode_multi_seq[0m[2m:[0m ATLAS_SSM_MS_PROFILE n=4: mixer=398us moe_residual=280us
[2m2026-09-06T02:11:16.863704Z[0m [32m INFO[0m [2mspark_model::layers::qwen3_ssm::trait_decode_multi_seq::ssm_batched[0m[2m:[0m ATLAS_SSM_DETAIL n=4: input_norm=11us qkvz=87us recurrent_ba=45us recurrent_conv=40us recurrent_gdn=100us recurrent_norm=36us recurrent_total_tail=1us out_proj=43us post_norm=11us
[2m2026-09-06T02:11:16.863990Z[0m [32m INFO[0m [2mspark_model::layers::qwen3_ssm::trait_decode_multi_seq[0m[2m:[0m ATLAS_SSM_MS_PROFILE n=4: mixer=398us moe_residual=280us
[2m2026-09-06T02:11:16.865078Z[0m [32m INFO[0m [2mspark_model::layers::qwen3_ssm::trait_decode_multi_seq::ssm_batched[0m[2m:[0m ATLAS_SSM_DETAIL n=4: input_norm=11us qkvz=87us recurrent_ba=45us recurrent_conv=40us recurrent_gdn=99us recurrent_norm=36us recurrent_total_tail=1us out_proj=43us post_norm=11us
[2m2026-09-06T02:11:16.865364Z[0m [32m INFO[0m [2mspark_model::layers::qwen3_ssm::trait_decode_multi_seq[0m[2m:[0m ATLAS_SSM_MS_PROFILE n=4: mixer=398us moe_residual=280us
[2m2026-09-06T02:11:16.865766Z[0m [32m INFO[0m [2mspark_model::layers::qwen3_ssm::trait_decode_multi_seq::ssm_batched[0m[2m:[0m ATLAS_SSM_DETAIL n=4: input_norm=11us qkvz=87us recurrent_ba=44us recurrent_conv=40us recurrent_gdn=97us recurrent_norm=36us recurrent_total_tail=1us out_proj=43us post_norm=11us
[2m2026-09-06T02:11:16.866053Z[0m [32m INFO[0m [2mspark_model::layers::qwen3_ssm::trait_decode_multi_seq[0m[2m:[0m ATLAS_SSM_MS_PROFILE n=4: mixer=398us moe_residual=280us
[2m2026-09-06T02:11:16.866455Z[0m [32m INFO[0m [2mspark_model::layers::qwen3_ssm::trait_decode_multi_seq::ssm_batched[0m[2m:[0m ATLAS_SSM_DETAIL n=4: input_norm=11us qkvz=87us recurrent_ba=45us recurrent_conv=39us recurrent_gdn=99us recurrent_norm=36us recurrent_total_tail=1us out_proj=43us post_norm=11us
[2m2026-09-06T02:11:16.866741Z[0m [32m INFO[0m [2mspark_model::layers::qwen3_ssm::trait_decode_multi_seq[0m[2m:[0m ATLAS_SSM_MS_PROFILE n=4: mixer=401us moe_residual=279us
[2m2026-09-06T02:11:16.867826Z[0m [32m INFO[0m [2mspark_model::layers::qwen3_ssm::trait_decode_multi_seq::ssm_batched[0m[2m:[0m ATLAS_SSM_DETAIL n=4: input_norm=11us qkvz=88us recurrent_ba=45us recurrent_conv=40us recurrent_gdn=98us recurrent_norm=36us recurrent_total_tail=1us out_proj=43us post_norm=11us
[2m2026-09-06T02:11:16.868117Z[0m [32m INFO[0m [2mspark_model::layers::qwen3_ssm::trait_decode_multi_seq[0m[2m:[0m ATLAS_SSM_MS_PROFILE n=4: mixer=400us moe_residual=284us
[2m2026-09-06T02:11:16.868518Z[0m [32m INFO[0m [2mspark_model::layers::qwen3_ssm::trait_decode_multi_seq::ssm_batched[0m[2m:[0m ATLAS_SSM_DETAIL n=4: input_norm=11us qkvz=87us recurrent_ba=45us recurrent_conv=40us recurrent_gdn=98us recurrent_norm=36us recurrent_total_tail=1us out_proj=43us post_norm=11us
[2m2026-09-06T02:11:16.868805Z[0m [32m INFO[0m [2mspark_model::layers::qwen3_ssm::trait_decode_multi_seq[0m[2m:[0m ATLAS_SSM_MS_PROFILE n=4: mixer=398us moe_residual=280us
[2m2026-09-06T02:11:16.869207Z[0m [32m INFO[0m [2mspark_model::layers::qwen3_ssm::trait_decode_multi_seq::ssm_batched[0m[2m:[0m ATLAS_SSM_DETAIL n=4: input_norm=11us qkvz=87us recurrent_ba=45us recurrent_conv=40us recurrent_gdn=100us recurrent_norm=36us recurrent_total_tail=1us out_proj=43us post_norm=11us
[2m2026-09-06T02:11:16.869494Z[0m [32m INFO[0m [2mspark_model::layers::qwen3_ssm::trait_decode_multi_seq[0m[2m:[0m ATLAS_SSM_MS_PROFILE n=4: mixer=400us moe_residual=280us
[2m2026-09-06T02:11:16.870577Z[0m [32m INFO[0m [2mspark_model::layers::qwen3_ssm::trait_decode_multi_seq::ssm_batched[0m[2m:[0m ATLAS_SSM_DETAIL n=4: input_norm=11us qkvz=87us recurrent_ba=46us recurrent_conv=40us recurrent_gdn=98us recurrent_norm=36us recurrent_total_tail=1us out_proj=43us post_norm=11us
[2m2026-09-06T02:11:16.870863Z[0m [32m INFO[0m [2mspark_model::layers::qwen3_ssm::trait_decode_multi_seq[0m[2m:[0m ATLAS_SSM_MS_PROFILE n=4: mixer=399us moe_residual=279us
[2m2026-09-06T02:11:16.871262Z[0m [32m INFO[0m [2mspark_model::layers::qwen3_ssm::trait_decode_multi_seq::ssm_batched[0m[2m:[0m ATLAS_SSM_DETAIL n=4: input_norm=10us qkvz=87us recurrent_ba=44us recurrent_conv=40us recurrent_gdn=99us recurrent_norm=36us recurrent_total_tail=1us out_proj=43us post_norm=11us
[2m2026-09-06T02:11:16.871550Z[0m [32m INFO[0m [2mspark_model::layers::qwen3_ssm::trait_decode_multi_seq[0m[2m:[0m ATLAS_SSM_MS_PROFILE n=4: mixer=397us moe_residual=281us
[2m2026-09-06T02:11:16.871948Z[0m [32m INFO[0m [2mspark_model::layers::qwen3_ssm::trait_decode_multi_seq::ssm_batched[0m[2m:[0m ATLAS_SSM_DETAIL n=4: input_norm=11us qkvz=88us recurrent_ba=44us recurrent_conv=40us recurrent_gdn=98us recurrent_norm=36us recurrent_total_tail=1us out_proj=43us post_norm=11us
[2m2026-09-06T02:11:16.872247Z[0m [32m INFO[0m [2mspark_model::layers::qwen3_ssm::trait_decode_multi_seq[0m[2m:[0m ATLAS_SSM_MS_PROFILE n=4: mixer=407us moe_residual=281us
[2m2026-09-06T02:11:16.873335Z[0m [32m INFO[0m [2mspark_model::layers::qwen3_ssm::trait_decode_multi_seq::ssm_batched[0m[2m:[0m ATLAS_SSM_DETAIL n=4: input_norm=15us qkvz=88us recurrent_ba=45us recurrent_conv=40us recurrent_gdn=97us recurrent_norm=36us recurrent_total_tail=1us out_proj=43us post_norm=11us
[2m2026-09-06T02:11:16.873627Z[0m [32m INFO[0m [2mspark_model::layers::qwen3_ssm::trait_decode_multi_seq[0m[2m:[0m ATLAS_SSM_MS_PROFILE n=4: mixer=402us moe_residual=285us
[2m2026-09-06T02:11:16.874025Z[0m [32m INFO[0m [2mspark_model::layers::qwen3_ssm::trait_decode_multi_seq::ssm_batched[0m[2m:[0m ATLAS_SSM_DETAIL n=4: input_norm=10us qkvz=87us recurrent_ba=45us recurrent_conv=40us recurrent_gdn=97us recurrent_norm=36us recurrent_total_tail=1us out_proj=44us post_norm=11us
[2m2026-09-06T02:11:16.874312Z[0m [32m INFO[0m [2mspark_model::layers::qwen3_ssm::trait_decode_multi_seq[0m[2m:[0m ATLAS_SSM_MS_PROFILE n=4: mixer=395us moe_residual=281us
[2m2026-09-06T02:11:16.874711Z[0m [32m INFO[0m [2mspark_model::layers::qwen3_ssm::trait_decode_multi_seq::ssm_batched[0m[2m:[0m ATLAS_SSM_DETAIL n=4: input_norm=10us qkvz=88us recurrent_ba=45us recurrent_conv=38us recurrent_gdn=96us recurrent_norm=36us recurrent_total_tail=1us out_proj=43us post_norm=11us
[2m2026-09-06T02:11:16.874997Z[0m [32m INFO[0m [2mspark_model::layers::qwen3_ssm::trait_decode_multi_seq[0m[2m:[0m ATLAS_SSM_MS_PROFILE n=4: mixer=395us moe_residual=280us
[2m2026-09-06T02:11:16.876074Z[0m [32m INFO[0m [2mspark_model::layers::qwen3_ssm::trait_decode_multi_seq::ssm_batched[0m[2m:[0m ATLAS_SSM_DETAIL n=4: input_norm=11us qkvz=87us recurrent_ba=44us recurrent_conv=40us recurrent_gdn=97us recurrent_norm=36us recurrent_total_tail=1us out_proj=43us post_norm=11us
[2m2026-09-06T02:11:16.876361Z[0m [32m INFO[0m [2mspark_model::layers::qwen3_ssm::trait_decode_multi_seq[0m[2m:[0m ATLAS_SSM_MS_PROFILE n=4: mixer=395us moe_residual=280us
[2m2026-09-06T02:11:16.876760Z[0m [32m INFO[0m [2mspark_model::layers::qwen3_ssm::trait_decode_multi_seq::ssm_batched[0m[2m:[0m ATLAS_SSM_DETAIL n=4: input_norm=10us qkvz=87us recurrent_ba=45us recurrent_conv=40us recurrent_gdn=99us recurrent_norm=36us recurrent_total_tail=1us out_proj=43us post_norm=11us
[2m2026-09-06T02:11:16.877045Z[0m [32m INFO[0m [2mspark_model::layers::qwen3_ssm::trait_decode_multi_seq[0m[2m:[0m ATLAS_SSM_MS_PROFILE n=4: mixer=395us moe_residual=279us
[2m2026-09-06T02:11:16.877442Z[0m [32m INFO[0m [2mspark_model::layers::qwen3_ssm::trait_decode_multi_seq::ssm_batched[0m[2m:[0m ATLAS_SSM_DETAIL n=4: input_norm=10us qkvz=88us recurrent_ba=43us recurrent_conv=40us recurrent_gdn=97us recurrent_norm=36us recurrent_total_tail=1us out_proj=43us post_norm=11us
[2m2026-09-06T02:11:16.877731Z[0m [32m INFO[0m [2mspark_model::layers::qwen3_ssm::trait_decode_multi_seq[0m[2m:[0m ATLAS_SSM_MS_PROFILE n=4: mixer=395us moe_residual=282us
[2m2026-09-06T02:11:16.878810Z[0m [32m INFO[0m [2mspark_model::layers::qwen3_ssm::trait_decode_multi_seq::ssm_batched[0m[2m:[0m ATLAS_SSM_DETAIL n=4: input_norm=10us qkvz=87us recurrent_ba=45us recurrent_conv=40us recurrent_gdn=97us recurrent_norm=36us recurrent_total_tail=1us out_proj=43us post_norm=11us
[2m2026-09-06T02:11:16.879099Z[0m [32m INFO[0m [2mspark_model::layers::qwen3_ssm::trait_decode_multi_seq[0m[2m:[0m ATLAS_SSM_MS_PROFILE n=4: mixer=396us moe_residual=283us
[2m2026-09-06T02:11:16.879498Z[0m [32m INFO[0m [2mspark_model::layers::qwen3_ssm::trait_decode_multi_seq::ssm_batched[0m[2m:[0m ATLAS_SSM_DETAIL n=4: input_norm=10us qkvz=87us recurrent_ba=43us recurrent_conv=40us recurrent_gdn=98us recurrent_norm=36us recurrent_total_tail=1us out_proj=43us post_norm=11us
[2m2026-09-06T02:11:16.879793Z[0m [32m INFO[0m [2mspark_model::layers::qwen3_ssm::trait_decode_multi_seq[0m[2m:[0m ATLAS_SSM_MS_PROFILE n=4: mixer=398us moe_residual=287us
[2m2026-09-06T02:11:16.880196Z[0m [32m INFO[0m [2mspark_model::layers::qwen3_ssm::trait_decode_multi_seq::ssm_batched[0m[2m:[0m ATLAS_SSM_DETAIL n=4: input_norm=10us qkvz=87us recurrent_ba=45us recurrent_conv=40us recurrent_gdn=98us recurrent_norm=39us recurrent_total_tail=1us out_proj=43us post_norm=11us
[2m2026-09-06T02:11:16.880484Z[0m [32m INFO[0m [2mspark_model::layers::qwen3_ssm::trait_decode_multi_seq[0m[2m:[0m ATLAS_SSM_MS_PROFILE n=4: mixer=401us moe_residual=281us
[2m2026-09-06T02:11:16.881558Z[0m [32m INFO[0m [2mspark_model::layers::qwen3_ssm::trait_decode_multi_seq::ssm_batched[0m[2m:[0m ATLAS_SSM_DETAIL n=4: input_norm=10us qkvz=87us recurrent_ba=44us recurrent_conv=40us recurrent_gdn=97us recurrent_norm=36us recurrent_total_tail=1us out_proj=43us post_norm=11us
[2m2026-09-06T02:11:16.881844Z[0m [32m INFO[0m [2mspark_model::layers::qwen3_ssm::trait_decode_multi_seq[0m[2m:[0m ATLAS_SSM_MS_PROFILE n=4: mixer=394us moe_residual=280us
[2m2026-09-06T02:11:16.882241Z[0m [32m INFO[0m [2mspark_model::layers::qwen3_ssm::trait_decode_multi_seq::ssm_batched[0m[2m:[0m ATLAS_SSM_DETAIL n=4: input_norm=10us qkvz=87us recurrent_ba=43us recurrent_conv=40us recurrent_gdn=97us recurrent_norm=39us recurrent_total_tail=1us out_proj=41us post_norm=11us
[2m2026-09-06T02:11:16.882526Z[0m [32m INFO[0m [2mspark_model::layers::qwen3_ssm::trait_decode_multi_seq[0m[2m:[0m ATLAS_SSM_MS_PROFILE n=4: mixer=395us moe_residual=278us
[2m2026-09-06T02:11:16.882924Z[0m [32m INFO[0m [2mspark_model::layers::qwen3_ssm::trait_decode_multi_seq::ssm_batched[0m[2m:[0m ATLAS_SSM_DETAIL n=4: input_norm=10us qkvz=87us recurrent_ba=45us recurrent_conv=40us recurrent_gdn=97us recurrent_norm=36us recurrent_total_tail=1us out_proj=43us post_norm=11us
[2m2026-09-06T02:11:16.883217Z[0m [32m INFO[0m [2mspark_model::layers::qwen3_ssm::trait_decode_multi_seq[0m[2m:[0m ATLAS_SSM_MS_PROFILE n=4: mixer=395us moe_residual=287us
[2m2026-09-06T02:11:16.884289Z[0m [32m INFO[0m [2mspark_model::layers::qwen3_ssm::trait_decode_multi_seq::ssm_batched[0m[2m:[0m ATLAS_SSM_DETAIL n=4: input_norm=11us qkvz=87us recurrent_ba=43us recurrent_conv=40us recurrent_gdn=96us recurrent_norm=36us recurrent_total_tail=1us out_proj=42us post_norm=11us
[2m2026-09-06T02:11:16.884575Z[0m [32m INFO[0m [2mspark_model::layers::qwen3_ssm::trait_decode_multi_seq[0m[2m:[0m ATLAS_SSM_MS_PROFILE n=4: mixer=394us moe_residual=280us
[2m2026-09-06T02:11:16.884970Z[0m [32m INFO[0m [2mspark_model::layers::qwen3_ssm::trait_decode_multi_seq::ssm_batched[0m[2m:[0m ATLAS_SSM_DETAIL n=4: input_norm=11us qkvz=87us recurrent_ba=44us recurrent_conv=40us recurrent_gdn=96us recurrent_norm=35us recurrent_total_tail=1us out_proj=43us post_norm=11us
[2m2026-09-06T02:11:16.885261Z[0m [32m INFO[0m [2mspark_model::layers::qwen3_ssm::trait_decode_multi_seq[0m[2m:[0m ATLAS_SSM_MS_PROFILE n=4: mixer=392us moe_residual=285us
[2m2026-09-06T02:11:16.885656Z[0m [32m INFO[0m [2mspark_model::layers::qwen3_ssm::trait_decode_multi_seq::ssm_batched[0m[2m:[0m ATLAS_SSM_DETAIL n=4: input_norm=10us qkvz=87us recurrent_ba=44us recurrent_conv=38us recurrent_gdn=97us recurrent_norm=35us recurrent_total_tail=1us out_proj=43us post_norm=11us
[2m2026-09-06T02:11:16.885943Z[0m [32m INFO[0m [2mspark_model::layers::qwen3_ssm::trait_decode_multi_seq[0m[2m:[0m ATLAS_SSM_MS_PROFILE n=4: mixer=391us moe_residual=281us
[2m2026-09-06T02:11:16.887568Z[0m [32m INFO[0m [2mspark_model::model::trait_impl::decode_a2[0m[2m:[0m ATLAS_MS_PROFILE n=4 padded_n=4: total=44823us  ssm=33044us(48L)  attn=10840us(16L)  head=939us  [per-tok 11.21ms]
[2m2026-09-06T02:11:16.891430Z[0m [32m INFO[0m [2mspark::scheduler::mtp_accept_debug[0m[2m:[0m Done: 4 tokens (stop) 5.1 tok/s, TTFT=320.7ms, serial=1.00 mtp=0.00 p1=0.000 mean_na=0.000 tok_step=1.000 regime_reprobes=0
[2m2026-09-06T02:11:16.891820Z[0m [32m INFO[0m [2mspark_model::model::trait_impl::decode_checkpoint[0m[2m:[0m Saved finish-leaf SSM snapshot 11 for 77 tokens
[2m2026-09-06T02:11:16.892554Z[0m [32m INFO[0m [2mspark::scheduler::prefill_a_step[0m[2m:[0m Chunked prefill start: 76 prompt tokens, chunk_size=76, max_tokens=32
[2m2026-09-06T02:11:16.893686Z[0m [32m INFO[0m [2mspark_model::model::trait_impl::prefill_b::prefix_lookup[0m[2m:[0m Prefix cache hit: 16 tokens (1 blocks) but no SSM snapshot — recomputing all KV
[2m2026-09-06T02:11:16.919764Z[0m [32m INFO[0m [2mspark_model::model::trait_impl::prefill_b::save_checkpoint[0m[2m:[0m Intermediate SSM checkpoint saved at token 48 (snapshot_id 7, block 3)
[2m2026-09-06T02:11:17.091836Z[0m [32m INFO[0m [2mspark_model::model::trait_impl::prefill_b::finalize_last[0m[2m:[0m Saved SSM snapshot 8 for 76 tokens (5 blocks) [chunk]
[2m2026-09-06T02:11:17.217190Z[0m [32m INFO[0m [2mspark::scheduler::prefill_a_step[0m[2m:[0m Prefill first token: 22
[2m2026-09-06T02:11:17.217199Z[0m [32m INFO[0m [2mspark::scheduler::phase_start_prefills[0m[2m:[0m Prefilled (single chunk): seq_len=76, remaining=31
[2m2026-09-06T02:11:17.217657Z[0m [32m INFO[0m [2mspark_model::layers::qwen3_ssm::trait_decode_multi_seq::ssm_batched[0m[2m:[0m ATLAS_SSM_DETAIL n=4: input_norm=12us qkvz=90us recurrent_ba=46us recurrent_conv=40us recurrent_gdn=97us recurrent_norm=36us recurrent_total_tail=1us out_proj=43us post_norm=11us
[2m2026-09-06T02:11:17.217944Z[0m [32m INFO[0m [2mspark_model::layers::qwen3_ssm::trait_decode_multi_seq[0m[2m:[0m ATLAS_SSM_MS_PROFILE n=4: mixer=409us moe_residual=280us
[2m2026-09-06T02:11:17.218343Z[0m [32m INFO[0m [2mspark_model::layers::qwen3_ssm::trait_decode_multi_seq::ssm_batched[0m[2m:[0m ATLAS_SSM_DETAIL n=4: input_norm=10us qkvz=87us recurrent_ba=44us recurrent_conv=40us recurrent_gdn=97us recurrent_norm=36us recurrent_total_tail=1us out_proj=42us post_norm=11us
[2m2026-09-06T02:11:17.218629Z[0m [32m INFO[0m [2mspark_model::layers::qwen3_ssm::trait_decode_multi_seq[0m[2m:[0m ATLAS_SSM_MS_PROFILE n=4: mixer=397us moe_residual=279us
[2m2026-09-06T02:11:17.219025Z[0m [32m INFO[0m [2mspark_model::layers::qwen3_ssm::trait_decode_multi_seq::ssm_batched[0m[2m:[0m ATLAS_SSM_DETAIL n=4: input_norm=11us qkvz=87us recurrent_ba=43us recurrent_conv=38us recurrent_gdn=98us recurrent_norm=35us recurrent_total_tail=1us out_proj=43us post_norm=11us
[2m2026-09-06T02:11:17.219319Z[0m [32m INFO[0m [2mspark_model::layers::qwen3_ssm::trait_decode_multi_seq[0m[2m:[0m ATLAS_SSM_MS_PROFILE n=4: mixer=392us moe_residual=288us
[2m2026-09-06T02:11:17.220397Z[0m [32m INFO[0m [2mspark_model::layers::qwen3_ssm::trait_decode_multi_seq::ssm_batched[0m[2m:[0m ATLAS_SSM_DETAIL n=4: input_norm=10us qkvz=87us recurrent_ba=44us recurrent_conv=38us recurrent_gdn=99us recurrent_norm=36us recurrent_total_tail=1us out_proj=43us post_norm=11us
[2m2026-09-06T02:11:17.220690Z[0m [32m INFO[0m [2mspark_model::layers::qwen3_ssm::trait_decode_multi_seq[0m[2m:[0m ATLAS_SSM_MS_PROFILE n=4: mixer=395us moe_residual=286us
[2m2026-09-06T02:11:17.221085Z[0m [32m INFO[0m [2mspark_model::layers::qwen3_ssm::trait_decode_multi_seq::ssm_batched[0m[2m:[0m ATLAS_SSM_DETAIL n=4: input_norm=11us qkvz=87us recurrent_ba=43us recurrent_conv=39us recurrent_gdn=96us recurrent_norm=36us recurrent_total_tail=1us out_proj=43us post_norm=11us
[2m2026-09-06T02:11:17.221371Z[0m [32m INFO[0m [2mspark_model::layers::qwen3_ssm::trait_decode_multi_seq[0m[2m:[0m ATLAS_SSM_MS_PROFILE n=4: mixer=392us moe_residual=280us
[2m2026-09-06T02:11:17.221766Z[0m [32m INFO[0m [2mspark_model::layers::qwen3_ssm::trait_decode_multi_seq::ssm_batched[0m[2m:[0m ATLAS_SSM_DETAIL n=4: input_norm=10us qkvz=87us recurrent_ba=44us recurrent_conv=39us recurrent_gdn=96us recurrent_norm=36us recurrent_total_tail=1us out_proj=43us post_norm=11us
[2m2026-09-06T02:11:17.222057Z[0m [32m INFO[0m [2mspark_model::layers::qwen3_ssm::trait_decode_multi_seq[0m[2m:[0m ATLAS_SSM_MS_PROFILE n=4: mixer=395us moe_residual=281us
[2m2026-09-06T02:11:17.223125Z[0m [32m INFO[0m [2mspark_model::layers::qwen3_ssm::trait_decode_multi_seq::ssm_batched[0m[2m:[0m ATLAS_SSM_DETAIL n=4: input_norm=10us qkvz=86us recurrent_ba=44us recurrent_conv=39us recurrent_gdn=97us recurrent_norm=36us recurrent_total_tail=1us out_proj=42us post_norm=11us
[2m2026-09-06T02:11:17.223418Z[0m [32m INFO[0m [2mspark_model::layers::qwen3_ssm::trait_decode_multi_seq[0m[2m:[0m ATLAS_SSM_MS_PROFILE n=4: mixer=393us moe_residual=287us
[2m2026-09-06T02:11:17.223812Z[0m [32m INFO[0m [2mspark_model::layers::qwen3_ssm::trait_decode_multi_seq::ssm_batched[0m[2m:[0m ATLAS_SSM_DETAIL n=4: input_norm=11us qkvz=87us recurrent_ba=42us recurrent_conv=38us recurrent_gdn=96us recurrent_norm=36us recurrent_total_tail=1us out_proj=42us post_norm=11us
[2m2026-09-06T02:11:17.224096Z[0m [32m INFO[0m [2mspark_model::layers::qwen3_ssm::trait_decode_multi_seq[0m[2m:[0m ATLAS_SSM_MS_PROFILE n=4: mixer=390us moe_residual=278us
[2m2026-09-06T02:11:17.224489Z[0m [32m INFO[0m [2mspark_model::layers::qwen3_ssm::trait_decode_multi_seq::ssm_batched[0m[2m:[0m ATLAS_SSM_DETAIL n=4: input_norm=10us qkvz=87us recurrent_ba=44us recurrent_conv=37us recurrent_gdn=96us recurrent_norm=36us recurrent_total_tail=1us out_proj=43us post_norm=11us
[2m2026-09-06T02:11:17.224774Z[0m [32m INFO[0m [2mspark_model::layers::qwen3_ssm::trait_decode_multi_seq[0m[2m:[0m ATLAS_SSM_MS_PROFILE n=4: mixer=391us moe_residual=279us
[2m2026-09-06T02:11:17.225841Z[0m [32m INFO[0m [2mspark_model::layers::qwen3_ssm::trait_decode_multi_seq::ssm_batched[0m[2m:[0m ATLAS_SSM_DETAIL n=4: input_norm=10us qkvz=87us recurrent_ba=45us recurrent_conv=37us recurrent_gdn=96us recurrent_norm=36us recurrent_total_tail=1us out_proj=43us post_norm=11us
[2m2026-09-06T02:11:17.226128Z[0m [32m INFO[0m [2mspark_model::layers::qwen3_ssm::trait_decode_multi_seq[0m[2m:[0m ATLAS_SSM_MS_PROFILE n=4: mixer=392us moe_residual=282us
[2m2026-09-06T02:11:17.226524Z[0m [32m INFO[0m [2mspark_model::layers::qwen3_ssm::trait_decode_multi_seq::ssm_batched[0m[2m:[0m ATLAS_SSM_DETAIL n=4: input_norm=11us qkvz=87us recurrent_ba=43us recurrent_conv=39us recurrent_gdn=96us recurrent_norm=35us recurrent_total_tail=1us out_proj=42us post_norm=11us
[2m2026-09-06T02:11:17.226809Z[0m [32m INFO[0m [2mspark_model::layers::qwen3_ssm::trait_decode_multi_seq[0m[2m:[0m ATLAS_SSM_MS_PROFILE n=4: mixer=391us moe_residual=278us
[2m2026-09-06T02:11:17.227205Z[0m [32m INFO[0m [2mspark_model::layers::qwen3_ssm::trait_decode_multi_seq::ssm_batched[0m[2m:[0m ATLAS_SSM_DETAIL n=4: input_norm=10us qkvz=87us recurrent_ba=43us recurrent_conv=39us recurrent_gdn=100us recurrent_norm=35us recurrent_total_tail=1us out_proj=42us post_norm=11us
[2m2026-09-06T02:11:17.227490Z[0m [32m INFO[0m [2mspark_model::layers::qwen3_ssm::trait_decode_multi_seq[0m[2m:[0m ATLAS_SSM_MS_PROFILE n=4: mixer=394us moe_residual=279us
[2m2026-09-06T02:11:17.228566Z[0m [32m INFO[0m [2mspark_model::layers::qwen3_ssm::trait_decode_multi_seq::ssm_batched[0m[2m:[0m ATLAS_SSM_DETAIL n=4: input_norm=10us qkvz=87us recurrent_ba=45us recurrent_conv=40us recurrent_gdn=96us recurrent_norm=35us recurrent_total_tail=1us out_proj=42us post_norm=11us
[2m2026-09-06T02:11:17.228852Z[0m [32m INFO[0m [2mspark_model::layers::qwen3_ssm::trait_decode_multi_seq[0m[2m:[0m ATLAS_SSM_MS_PROFILE n=4: mixer=392us moe_residual=279us
[2m2026-09-06T02:11:17.229251Z[0m [32m INFO[0m [2mspark_model::layers::qwen3_ssm::trait_decode_multi_seq::ssm_batched[0m[2m:[0m ATLAS_SSM_DETAIL n=4: input_norm=10us qkvz=87us recurrent_ba=46us recurrent_conv=37us recurrent_gdn=97us recurrent_norm=35us recurrent_total_tail=1us out_proj=43us post_norm=13us
[2m2026-09-06T02:11:17.229545Z[0m [32m INFO[0m [2mspark_model::layers::qwen3_ssm::trait_decode_multi_seq[0m[2m:[0m ATLAS_SSM_MS_PROFILE n=4: mixer=397us moe_residual=286us
[2m2026-09-06T02:11:17.229941Z[0m [32m INFO[0m [2mspark_model::layers::qwen3_ssm::trait_decode_multi_seq::ssm_batched[0m[2m:[0m ATLAS_SSM_DETAIL n=4: input_norm=10us qkvz=87us recurrent_ba=44us recurrent_conv=40us recurrent_gdn=96us recurrent_norm=36us recurrent_total_tail=1us out_proj=43us post_norm=11us
[2m2026-09-06T02:11:17.230227Z[0m [32m INFO[0m [2mspark_model::layers::qwen3_ssm::trait_decode_multi_seq[0m[2m:[0m ATLAS_SSM_MS_PROFILE n=4: mixer=391us moe_residual=280us
[2m2026-09-06T02:11:17.231296Z[0m [32m INFO[0m [2mspark_model::layers::qwen3_ssm::trait_decode_multi_seq::ssm_batched[0m[2m:[0m ATLAS_SSM_DETAIL n=4: input_norm=10us qkvz=87us recurrent_ba=46us recurrent_conv=38us recurrent_gdn=97us recurrent_norm=35us recurrent_total_tail=1us out_proj=43us post_norm=11us
[2m2026-09-06T02:11:17.231587Z[0m [32m INFO[0m [2mspark_model::layers::qwen3_ssm::trait_decode_multi_seq[0m[2m:[0m ATLAS_SSM_MS_PROFILE n=4: mixer=393us moe_residual=284us
[2m2026-09-06T02:11:17.231980Z[0m [32m INFO[0m [2mspark_model::layers::qwen3_ssm::trait_decode_multi_seq::ssm_batched[0m[2m:[0m ATLAS_SSM_DETAIL n=4: input_norm=10us qkvz=87us recurrent_ba=43us recurrent_conv=38us recurrent_gdn=96us recurrent_norm=35us recurrent_total_tail=1us out_proj=42us post_norm=11us
[2m2026-09-06T02:11:17.232266Z[0m [32m INFO[0m [2mspark_model::layers::qwen3_ssm::trait_decode_multi_seq[0m[2m:[0m ATLAS_SSM_MS_PROFILE n=4: mixer=390us moe_residual=280us
[2m2026-09-06T02:11:17.232660Z[0m [32m INFO[0m [2mspark_model::layers::qwen3_ssm::trait_decode_multi_seq::ssm_batched[0m[2m:[0m ATLAS_SSM_DETAIL n=4: input_norm=10us qkvz=87us recurrent_ba=43us recurrent_conv=38us recurrent_gdn=98us recurrent_norm=35us recurrent_total_tail=1us out_proj=41us post_norm=11us
[2m2026-09-06T02:11:17.232946Z[0m [32m INFO[0m [2mspark_model::layers::qwen3_ssm::trait_decode_multi_seq[0m[2m:[0m ATLAS_SSM_MS_PROFILE n=4: mixer=391us moe_residual=280us
[2m2026-09-06T02:11:17.234011Z[0m [32m INFO[0m [2mspark_model::layers::qwen3_ssm::trait_decode_multi_seq::ssm_batched[0m[2m:[0m ATLAS_SSM_DETAIL n=4: input_norm=11us qkvz=87us recurrent_ba=42us recurrent_conv=39us recurrent_gdn=96us recurrent_norm=35us recurrent_total_tail=1us out_proj=43us post_norm=11us
[2m2026-09-06T02:11:17.234298Z[0m [32m INFO[0m [2mspark_model::layers::qwen3_ssm::trait_decode_multi_seq[0m[2m:[0m ATLAS_SSM_MS_PROFILE n=4: mixer=391us moe_residual=280us
[2m2026-09-06T02:11:17.234694Z[0m [32m INFO[0m [2mspark_model::layers::qwen3_ssm::trait_decode_multi_seq::ssm_batched[0m[2m:[0m ATLAS_SSM_DETAIL n=4: input_norm=11us qkvz=87us recurrent_ba=44us recurrent_conv=39us recurrent_gdn=97us recurrent_norm=35us recurrent_total_tail=1us out_proj=42us post_norm=11us
[2m2026-09-06T02:11:17.234980Z[0m [32m INFO[0m [2mspark_model::layers::qwen3_ssm::trait_decode_multi_seq[0m[2m:[0m ATLAS_SSM_MS_PROFILE n=4: mixer=393us moe_residual=279us
[2m2026-09-06T02:11:17.235375Z[0m [32m INFO[0m [2mspark_model::layers::qwen3_ssm::trait_decode_multi_seq::ssm_batched[0m[2m:[0m ATLAS_SSM_DETAIL n=4: input_norm=10us qkvz=87us recurrent_ba=45us recurrent_conv=38us recurrent_gdn=98us recurrent_norm=35us recurrent_total_tail=1us out_proj=43us post_norm=11us
[2m2026-09-06T02:11:17.235666Z[0m [32m INFO[0m [2mspark_model::layers::qwen3_ssm::trait_decode_multi_seq[0m[2m:[0m ATLAS_SSM_MS_PROFILE n=4: mixer=393us moe_residual=285us
[2m2026-09-06T02:11:17.236741Z[0m [32m INFO[0m [2mspark_model::layers::qwen3_ssm::trait_decode_multi_seq::ssm_batched[0m[2m:[0m ATLAS_SSM_DETAIL n=4: input_norm=10us qkvz=87us recurrent_ba=45us recurrent_conv=39us recurrent_gdn=98us recurrent_norm=35us recurrent_total_tail=1us out_proj=43us post_norm=11us
[2m2026-09-06T02:11:17.237027Z[0m [32m INFO[0m [2mspark_model::layers::qwen3_ssm::trait_decode_multi_seq[0m[2m:[0m ATLAS_SSM_MS_PROFILE n=4: mixer=394us moe_residual=279us
[2m2026-09-06T02:11:17.237425Z[0m [32m INFO[0m [2mspark_model::layers::qwen3_ssm::trait_decode_multi_seq::ssm_batched[0m[2m:[0m ATLAS_SSM_DETAIL n=4: input_norm=10us qkvz=90us recurrent_ba=44us recurrent_conv=39us recurrent_gdn=98us recurrent_norm=36us recurrent_total_tail=1us out_proj=42us post_norm=11us
[2m2026-09-06T02:11:17.237713Z[0m [32m INFO[0m [2mspark_model::layers::qwen3_ssm::trait_decode_multi_seq[0m[2m:[0m ATLAS_SSM_MS_PROFILE n=4: mixer=398us moe_residual=279us
[2m2026-09-06T02:11:17.238108Z[0m [32m INFO[0m [2mspark_model::layers::qwen3_ssm::trait_decode_multi_seq::ssm_batched[0m[2m:[0m ATLAS_SSM_DETAIL n=4: input_norm=11us qkvz=87us recurrent_ba=44us recurrent_conv=39us recurrent_gdn=96us recurrent_norm=35us recurrent_total_tail=1us out_proj=43us post_norm=11us
[2m2026-09-06T02:11:17.238398Z[0m [32m INFO[0m [2mspark_model::layers::qwen3_ssm::trait_decode_multi_seq[0m[2m:[0m ATLAS_SSM_MS_PROFILE n=4: mixer=392us moe_residual=285us
[2m2026-09-06T02:11:17.239478Z[0m [32m INFO[0m [2mspark_model::layers::qwen3_ssm::trait_decode_multi_seq::ssm_batched[0m[2m:[0m ATLAS_SSM_DETAIL n=4: input_norm=10us qkvz=87us recurrent_ba=44us recurrent_conv=39us recurrent_gdn=97us recurrent_norm=35us recurrent_total_tail=1us out_proj=43us post_norm=11us
[2m2026-09-06T02:11:17.239765Z[0m [32m INFO[0m [2mspark_model::layers::qwen3_ssm::trait_decode_multi_seq[0m[2m:[0m ATLAS_SSM_MS_PROFILE n=4: mixer=393us moe_residual=280us
[2m2026-09-06T02:11:17.240159Z[0m [32m INFO[0m [2mspark_model::layers::qwen3_ssm::trait_decode_multi_seq::ssm_batched[0m[2m:[0m ATLAS_SSM_DETAIL n=4: input_norm=10us qkvz=87us recurrent_ba=43us recurrent_conv=38us recurrent_gdn=97us recurrent_norm=36us recurrent_total_tail=1us out_proj=43us post_norm=11us
[2m2026-09-06T02:11:17.240446Z[0m [32m INFO[0m [2mspark_model::layers::qwen3_ssm::trait_decode_multi_seq[0m[2m:[0m ATLAS_SSM_MS_PROFILE n=4: mixer=393us moe_residual=280us
[2m2026-09-06T02:11:17.240841Z[0m [32m INFO[0m [2mspark_model::layers::qwen3_ssm::trait_decode_multi_seq::ssm_batched[0m[2m:[0m ATLAS_SSM_DETAIL n=4: input_norm=11us qkvz=87us recurrent_ba=44us recurrent_conv=38us recurrent_gdn=98us recurrent_norm=36us recurrent_total_tail=1us out_proj=42us post_norm=11us
[2m2026-09-06T02:11:17.241128Z[0m [32m INFO[0m [2mspark_model::layers::qwen3_ssm::trait_decode_multi_seq[0m[2m:[0m ATLAS_SSM_MS_PROFILE n=4: mixer=392us moe_residual=281us
[2m2026-09-06T02:11:17.242204Z[0m [32m INFO[0m [2mspark_model::layers::qwen3_ssm::trait_decode_multi_seq::ssm_batched[0m[2m:[0m ATLAS_SSM_DETAIL n=4: input_norm=10us qkvz=87us recurrent_ba=45us recurrent_conv=38us recurrent_gdn=99us recurrent_norm=36us recurrent_total_tail=1us out_proj=42us post_norm=11us
[2m2026-09-06T02:11:17.242497Z[0m [32m INFO[0m [2mspark_model::layers::qwen3_ssm::trait_decode_multi_seq[0m[2m:[0m ATLAS_SSM_MS_PROFILE n=4: mixer=395us moe_residual=286us
[2m2026-09-06T02:11:17.242889Z[0m [32m INFO[0m [2mspark_model::layers::qwen3_ssm::trait_decode_multi_seq::ssm_batched[0m[2m:[0m ATLAS_SSM_DETAIL n=4: input_norm=11us qkvz=87us recurrent_ba=43us recurrent_conv=39us recurrent_gdn=96us recurrent_norm=36us recurrent_total_tail=1us out_proj=42us post_norm=11us
[2m2026-09-06T02:11:17.243173Z[0m [32m INFO[0m [2mspark_model::layers::qwen3_ssm::trait_decode_multi_seq[0m[2m:[0m ATLAS_SSM_MS_PROFILE n=4: mixer=389us moe_residual=279us
[2m2026-09-06T02:11:17.243568Z[0m [32m INFO[0m [2mspark_model::layers::qwen3_ssm::trait_decode_multi_seq::ssm_batched[0m[2m:[0m ATLAS_SSM_DETAIL n=4: input_norm=10us qkvz=87us recurrent_ba=44us recurrent_conv=40us recurrent_gdn=96us recurrent_norm=36us recurrent_total_tail=1us out_proj=43us post_norm=11us
[2m2026-09-06T02:11:17.243855Z[0m [32m INFO[0m [2mspark_model::layers::qwen3_ssm::trait_decode_multi_seq[0m[2m:[0m ATLAS_SSM_MS_PROFILE n=4: mixer=391us moe_residual=281us
[2m2026-09-06T02:11:17.244926Z[0m [32m INFO[0m [2mspark_model::layers::qwen3_ssm::trait_decode_multi_seq::ssm_batched[0m[2m:[0m ATLAS_SSM_DETAIL n=4: input_norm=10us qkvz=87us recurrent_ba=45us recurrent_conv=38us recurrent_gdn=96us recurrent_norm=36us recurrent_total_tail=1us out_proj=43us post_norm=11us
[2m2026-09-06T02:11:17.245214Z[0m [32m INFO[0m [2mspark_model::layers::qwen3_ssm::trait_decode_multi_seq[0m[2m:[0m ATLAS_SSM_MS_PROFILE n=4: mixer=393us moe_residual=280us
[2m2026-09-06T02:11:17.245606Z[0m [32m INFO[0m [2mspark_model::layers::qwen3_ssm::trait_decode_multi_seq::ssm_batched[0m[2m:[0m ATLAS_SSM_DETAIL n=4: input_norm=10us qkvz=87us recurrent_ba=42us recurrent_conv=37us recurrent_gdn=97us recurrent_norm=35us recurrent_total_tail=1us out_proj=42us post_norm=11us
[2m2026-09-06T02:11:17.245890Z[0m [32m INFO[0m [2mspark_model::layers::qwen3_ssm::trait_decode_multi_seq[0m[2m:[0m ATLAS_SSM_MS_PROFILE n=4: mixer=388us moe_residual=279us
[2m2026-09-06T02:11:17.246286Z[0m [32m INFO[0m [2mspark_model::layers::qwen3_ssm::trait_decode_multi_seq::ssm_batched[0m[2m:[0m ATLAS_SSM_DETAIL n=4: input_norm=10us qkvz=87us recurrent_ba=44us recurrent_conv=40us recurrent_gdn=96us recurrent_norm=36us recurrent_total_tail=1us out_proj=43us post_norm=11us
[2m2026-09-06T02:11:17.246579Z[0m [32m INFO[0m [2mspark_model::layers::qwen3_ssm::trait_decode_multi_seq[0m[2m:[0m ATLAS_SSM_MS_PROFILE n=4: mixer=394us moe_residual=287us
[2m2026-09-06T02:11:17.247649Z[0m [32m INFO[0m [2mspark_model::layers::qwen3_ssm::trait_decode_multi_seq::ssm_batched[0m[2m:[0m ATLAS_SSM_DETAIL n=4: input_norm=10us qkvz=87us recurrent_ba=44us recurrent_conv=39us recurrent_gdn=97us recurrent_norm=36us recurrent_total_tail=1us out_proj=43us post_norm=11us
[2m2026-09-06T02:11:17.247936Z[0m [32m INFO[0m [2mspark_model::layers::qwen3_ssm::trait_decode_multi_seq[0m[2m:[0m ATLAS_SSM_MS_PROFILE n=4: mixer=393us moe_residual=281us
[2m2026-09-06T02:11:17.248332Z[0m [32m INFO[0m [2mspark_model::layers::qwen3_ssm::trait_decode_multi_seq::ssm_batched[0m[2m:[0m ATLAS_SSM_DETAIL n=4: input_norm=11us qkvz=87us recurrent_ba=45us recurrent_conv=38us recurrent_gdn=98us recurrent_norm=36us recurrent_total_tail=1us out_proj=43us post_norm=11us
[2m2026-09-06T02:11:17.248618Z[0m [32m INFO[0m [2mspark_model::layers::qwen3_ssm::trait_decode_multi_seq[0m[2m:[0m ATLAS_SSM_MS_PROFILE n=4: mixer=393us moe_residual=279us
[2m2026-09-06T02:11:17.249011Z[0m [32m INFO[0m [2mspark_model::layers::qwen3_ssm::trait_decode_multi_seq::ssm_batched[0m[2m:[0m ATLAS_SSM_DETAIL n=4: input_norm=10us qkvz=87us recurrent_ba=43us recurrent_conv=40us recurrent_gdn=96us recurrent_norm=35us recurrent_total_tail=1us out_proj=43us post_norm=11us
[2m2026-09-06T02:11:17.249297Z[0m [32m INFO[0m [2mspark_model::layers::qwen3_ssm::trait_decode_multi_seq[0m[2m:[0m ATLAS_SSM_MS_PROFILE n=4: mixer=390us moe_residual=281us
[2m2026-09-06T02:11:17.250370Z[0m [32m INFO[0m [2mspark_model::layers::qwen3_ssm::trait_decode_multi_seq::ssm_batched[0m[2m:[0m ATLAS_SSM_DETAIL n=4: input_norm=10us qkvz=87us recurrent_ba=43us recurrent_conv=39us recurrent_gdn=96us recurrent_norm=38us recurrent_total_tail=1us out_proj=42us post_norm=11us
[2m2026-09-06T02:11:17.250657Z[0m [32m INFO[0m [2mspark_model::layers::qwen3_ssm::trait_decode_multi_seq[0m[2m:[0m ATLAS_SSM_MS_PROFILE n=4: mixer=393us moe_residual=281us
[2m2026-09-06T02:11:17.251052Z[0m [32m INFO[0m [2mspark_model::layers::qwen3_ssm::trait_decode_multi_seq::ssm_batched[0m[2m:[0m ATLAS_SSM_DETAIL n=4: input_norm=10us qkvz=87us recurrent_ba=44us recurrent_conv=39us recurrent_gdn=96us recurrent_norm=36us recurrent_total_tail=1us out_proj=43us post_norm=11us
[2m2026-09-06T02:11:17.251337Z[0m [32m INFO[0m [2mspark_model::layers::qwen3_ssm::trait_decode_multi_seq[0m[2m:[0m ATLAS_SSM_MS_PROFILE n=4: mixer=392us moe_residual=279us
[2m2026-09-06T02:11:17.251734Z[0m [32m INFO[0m [2mspark_model::layers::qwen3_ssm::trait_decode_multi_seq::ssm_batched[0m[2m:[0m ATLAS_SSM_DETAIL n=4: input_norm=10us qkvz=87us recurrent_ba=43us recurrent_conv=39us recurrent_gdn=98us recurrent_norm=36us recurrent_total_tail=1us out_proj=43us post_norm=11us
[2m2026-09-06T02:11:17.252027Z[0m [32m INFO[0m [2mspark_model::layers::qwen3_ssm::trait_decode_multi_seq[0m[2m:[0m ATLAS_SSM_MS_PROFILE n=4: mixer=394us moe_residual=286us
[2m2026-09-06T02:11:17.253099Z[0m [32m INFO[0m [2mspark_model::layers::qwen3_ssm::trait_decode_multi_seq::ssm_batched[0m[2m:[0m ATLAS_SSM_DETAIL n=4: input_norm=10us qkvz=87us recurrent_ba=44us recurrent_conv=37us recurrent_gdn=97us recurrent_norm=36us recurrent_total_tail=1us out_proj=43us post_norm=11us
[2m2026-09-06T02:11:17.253387Z[0m [32m INFO[0m [2mspark_model::layers::qwen3_ssm::trait_decode_multi_seq[0m[2m:[0m ATLAS_SSM_MS_PROFILE n=4: mixer=393us moe_residual=281us
[2m2026-09-06T02:11:17.253782Z[0m [32m INFO[0m [2mspark_model::layers::qwen3_ssm::trait_decode_multi_seq::ssm_batched[0m[2m:[0m ATLAS_SSM_DETAIL n=4: input_norm=10us qkvz=87us recurrent_ba=43us recurrent_conv=39us recurrent_gdn=97us recurrent_norm=35us recurrent_total_tail=1us out_proj=43us post_norm=11us
[2m2026-09-06T02:11:17.254069Z[0m [32m INFO[0m [2mspark_model::layers::qwen3_ssm::trait_decode_multi_seq[0m[2m:[0m ATLAS_SSM_MS_PROFILE n=4: mixer=392us moe_residual=281us
[2m2026-09-06T02:11:17.254462Z[0m [32m INFO[0m [2mspark_model::layers::qwen3_ssm::trait_decode_multi_seq::ssm_batched[0m[2m:[0m ATLAS_SSM_DETAIL n=4: input_norm=10us qkvz=87us recurrent_ba=43us recurrent_conv=39us recurrent_gdn=97us recurrent_norm=36us recurrent_total_tail=1us out_proj=43us post_norm=11us
[2m2026-09-06T02:11:17.254748Z[0m [32m INFO[0m [2mspark_model::layers::qwen3_ssm::trait_decode_multi_seq[0m[2m:[0m ATLAS_SSM_MS_PROFILE n=4: mixer=392us moe_residual=278us
[2m2026-09-06T02:11:17.255815Z[0m [32m INFO[0m [2mspark_model::layers::qwen3_ssm::trait_decode_multi_seq::ssm_batched[0m[2m:[0m ATLAS_SSM_DETAIL n=4: input_norm=10us qkvz=87us recurrent_ba=44us recurrent_conv=38us recurrent_gdn=97us recurrent_norm=33us recurrent_total_tail=1us out_proj=43us post_norm=11us
[2m2026-09-06T02:11:17.256100Z[0m [32m INFO[0m [2mspark_model::layers::qwen3_ssm::trait_decode_multi_seq[0m[2m:[0m ATLAS_SSM_MS_PROFILE n=4: mixer=391us moe_residual=279us
[2m2026-09-06T02:11:17.256491Z[0m [32m INFO[0m [2mspark_model::layers::qwen3_ssm::trait_decode_multi_seq::ssm_batched[0m[2m:[0m ATLAS_SSM_DETAIL n=4: input_norm=10us qkvz=87us recurrent_ba=44us recurrent_conv=39us recurrent_gdn=96us recurrent_norm=36us recurrent_total_tail=1us out_proj=41us post_norm=11us
[2m2026-09-06T02:11:17.256777Z[0m [32m INFO[0m [2mspark_model::layers::qwen3_ssm::trait_decode_multi_seq[0m[2m:[0m ATLAS_SSM_MS_PROFILE n=4: mixer=388us moe_residual=280us
[2m2026-09-06T02:11:17.257170Z[0m [32m INFO[0m [2mspark_model::layers::qwen3_ssm::trait_decode_multi_seq::ssm_batched[0m[2m:[0m ATLAS_SSM_DETAIL n=4: input_norm=10us qkvz=87us recurrent_ba=43us recurrent_conv=38us recurrent_gdn=96us recurrent_norm=35us recurrent_total_tail=1us out_proj=42us post_norm=11us
[2m2026-09-06T02:11:17.257456Z[0m [32m INFO[0m [2mspark_model::layers::qwen3_ssm::trait_decode_multi_seq[0m[2m:[0m ATLAS_SSM_MS_PROFILE n=4: mixer=391us moe_residual=280us
[2m2026-09-06T02:11:17.258523Z[0m [32m INFO[0m [2mspark_model::layers::qwen3_ssm::trait_decode_multi_seq::ssm_batched[0m[2m:[0m ATLAS_SSM_DETAIL n=4: input_norm=10us qkvz=87us recurrent_ba=43us recurrent_conv=37us recurrent_gdn=96us recurrent_norm=36us recurrent_total_tail=1us out_proj=43us post_norm=11us
[2m2026-09-06T02:11:17.258810Z[0m [32m INFO[0m [2mspark_model::layers::qwen3_ssm::trait_decode_multi_seq[0m[2m:[0m ATLAS_SSM_MS_PROFILE n=4: mixer=390us moe_residual=281us
[2m2026-09-06T02:11:17.259206Z[0m [32m INFO[0m [2mspark_model::layers::qwen3_ssm::trait_decode_multi_seq::ssm_batched[0m[2m:[0m ATLAS_SSM_DETAIL n=4: input_norm=11us qkvz=87us recurrent_ba=44us recurrent_conv=38us recurrent_gdn=97us recurrent_norm=36us recurrent_total_tail=1us out_proj=43us post_norm=11us
[2m2026-09-06T02:11:17.259492Z[0m [32m INFO[0m [2mspark_model::layers::qwen3_ssm::trait_decode_multi_seq[0m[2m:[0m ATLAS_SSM_MS_PROFILE n=4: mixer=393us moe_residual=280us
[2m2026-09-06T02:11:17.259888Z[0m [32m INFO[0m [2mspark_model::layers::qwen3_ssm::trait_decode_multi_seq::ssm_batched[0m[2m:[0m ATLAS_SSM_DETAIL n=4: input_norm=10us qkvz=87us recurrent_ba=44us recurrent_conv=39us recurrent_gdn=98us recurrent_norm=35us recurrent_total_tail=1us out_proj=43us post_norm=11us
[2m2026-09-06T02:11:17.260176Z[0m [32m INFO[0m [2mspark_model::layers::qwen3_ssm::trait_decode_multi_seq[0m[2m:[0m ATLAS_SSM_MS_PROFILE n=4: mixer=392us moe_residual=282us
[2m2026-09-06T02:11:17.261796Z[0m [32m INFO[0m [2mspark_model::model::trait_impl::decode_a2[0m[2m:[0m ATLAS_MS_PROFILE n=4 padded_n=4: total=44400us  ssm=32681us(48L)  attn=10778us(16L)  head=941us  [per-tok 11.10ms]
[2m2026-09-06T02:11:17.265789Z[0m [32m INFO[0m [2mspark::scheduler::mtp_accept_debug[0m[2m:[0m Done: 5 tokens (stop) 5.9 tok/s, TTFT=320.3ms, serial=1.00 mtp=0.00 p1=0.000 mean_na=0.000 tok_step=1.000 regime_reprobes=0
[2m2026-09-06T02:11:17.266151Z[0m [32m INFO[0m [2mspark_model::model::trait_impl::decode_checkpoint[0m[2m:[0m Saved finish-leaf SSM snapshot 12 for 79 tokens
[2m2026-09-06T02:11:17.266515Z[0m [32m INFO[0m [2mspark::scheduler::mtp_accept_debug[0m[2m:[0m Done: 5 tokens (stop) 3.4 tok/s, TTFT=327.0ms, serial=1.00 mtp=0.00 p1=0.000 mean_na=0.000 tok_step=1.000 regime_reprobes=0
[2m2026-09-06T02:11:17.266808Z[0m [32m INFO[0m [2mspark_model::model::trait_impl::decode_checkpoint[0m[2m:[0m Saved finish-leaf SSM snapshot 9 for 78 tokens
[2m2026-09-06T02:11:17.267193Z[0m [32m INFO[0m [2mspark::scheduler::mtp_accept_debug[0m[2m:[0m Done: 4 tokens (stop) 8.5 tok/s, TTFT=324.3ms, serial=1.00 mtp=0.00 p1=0.000 mean_na=0.000 tok_step=1.000 regime_reprobes=0
[2m2026-09-06T02:11:17.267531Z[0m [32m INFO[0m [2mspark_model::model::trait_impl::decode_checkpoint[0m[2m:[0m Saved finish-leaf SSM snapshot 10 for 78 tokens
[2m2026-09-06T02:11:17.268245Z[0m [32m INFO[0m [2mspark::scheduler::prefill_a_step[0m[2m:[0m Chunked prefill start: 76 prompt tokens, chunk_size=76, max_tokens=32
[2m2026-09-06T02:11:17.269406Z[0m [32m INFO[0m [2mspark_model::model::trait_impl::prefill_b::prefix_lookup[0m[2m:[0m Prefix cache hit: 16 tokens (1 blocks) but no SSM snapshot — recomputing all KV
[2m2026-09-06T02:11:17.294874Z[0m [32m INFO[0m [2mspark_model::model::trait_impl::prefill_b::save_checkpoint[0m[2m:[0m Intermediate SSM checkpoint saved at token 48 (snapshot_id 13, block 3)
[2m2026-09-06T02:11:17.465635Z[0m [32m INFO[0m [2mspark_model::model::trait_impl::prefill_b::finalize_last[0m[2m:[0m Saved SSM snapshot 6 for 76 tokens (5 blocks) [chunk]
[2m2026-09-06T02:11:17.592781Z[0m [32m INFO[0m [2mspark::scheduler::prefill_a_step[0m[2m:[0m Prefill first token: 17
[2m2026-09-06T02:11:17.592790Z[0m [32m INFO[0m [2mspark::scheduler::phase_start_prefills[0m[2m:[0m Prefilled (single chunk): seq_len=76, remaining=31
[2m2026-09-06T02:11:17.592794Z[0m [32m INFO[0m [2mspark::scheduler::prefill_a_step[0m[2m:[0m Chunked prefill start: 77 prompt tokens, chunk_size=77, max_tokens=32
[2m2026-09-06T02:11:17.593896Z[0m [32m INFO[0m [2mspark_model::model::trait_impl::prefill_b::prefix_lookup[0m[2m:[0m Prefix cache hit: 16 tokens (1 blocks) but no SSM snapshot — recomputing all KV
[2m2026-09-06T02:11:17.619436Z[0m [32m INFO[0m [2mspark_model::model::trait_impl::prefill_b::save_checkpoint[0m[2m:[0m Intermediate SSM checkpoint saved at token 48 (snapshot_id 0, block 3)
[2m2026-09-06T02:11:17.787856Z[0m [32m INFO[0m [2mspark_model::model::trait_impl::prefill_b::finalize_last[0m[2m:[0m Saved SSM snapshot 1 for 77 tokens (5 blocks) [chunk]
[2m2026-09-06T02:11:17.912571Z[0m [32m INFO[0m [2mspark::scheduler::prefill_a_step[0m[2m:[0m Prefill first token: 21
[2m2026-09-06T02:11:17.912578Z[0m [32m INFO[0m [2mspark::scheduler::phase_start_prefills[0m[2m:[0m Prefilled (single chunk): seq_len=77, remaining=31
[2m2026-09-06T02:11:17.912582Z[0m [32m INFO[0m [2mspark::scheduler::prefill_a_step[0m[2m:[0m Chunked prefill start: 77 prompt tokens, chunk_size=77, max_tokens=32
[2m2026-09-06T02:11:17.913679Z[0m [32m INFO[0m [2mspark_model::model::trait_impl::prefill_b::prefix_lookup[0m[2m:[0m Prefix cache hit: 16 tokens (1 blocks) but no SSM snapshot — recomputing all KV
[2m2026-09-06T02:11:17.939164Z[0m [32m INFO[0m [2mspark_model::model::trait_impl::prefill_b::save_checkpoint[0m[2m:[0m Intermediate SSM checkpoint saved at token 48 (snapshot_id 11, block 3)
[2m2026-09-06T02:11:18.107575Z[0m [32m INFO[0m [2mspark_model::model::trait_impl::prefill_b::finalize_last[0m[2m:[0m Saved SSM snapshot 7 for 77 tokens (5 blocks) [chunk]
[2m2026-09-06T02:11:18.232237Z[0m [32m INFO[0m [2mspark::scheduler::prefill_a_step[0m[2m:[0m Prefill first token: 18
[2m2026-09-06T02:11:18.232244Z[0m [32m INFO[0m [2mspark::scheduler::phase_start_prefills[0m[2m:[0m Prefilled (single chunk): seq_len=77, remaining=31
[2m2026-09-06T02:11:18.232700Z[0m [32m INFO[0m [2mspark_model::layers::qwen3_ssm::trait_decode_multi_seq::ssm_batched[0m[2m:[0m ATLAS_SSM_DETAIL n=4: input_norm=12us qkvz=90us recurrent_ba=45us recurrent_conv=40us recurrent_gdn=98us recurrent_norm=36us recurrent_total_tail=1us out_proj=43us post_norm=11us
[2m2026-09-06T02:11:18.232988Z[0m [32m INFO[0m [2mspark_model::layers::qwen3_ssm::trait_decode_multi_seq[0m[2m:[0m ATLAS_SSM_MS_PROFILE n=4: mixer=408us moe_residual=280us
[2m2026-09-06T02:11:18.233386Z[0m [32m INFO[0m [2mspark_model::layers::qwen3_ssm::trait_decode_multi_seq::ssm_batched[0m[2m:[0m ATLAS_SSM_DETAIL n=4: input_norm=10us qkvz=87us recurrent_ba=45us recurrent_conv=39us recurrent_gdn=98us recurrent_norm=36us recurrent_total_tail=1us out_proj=43us post_norm=11us
[2m2026-09-06T02:11:18.233674Z[0m [32m INFO[0m [2mspark_model::layers::qwen3_ssm::trait_decode_multi_seq[0m[2m:[0m ATLAS_SSM_MS_PROFILE n=4: mixer=397us moe_residual=280us
[2m2026-09-06T02:11:18.234069Z[0m [32m INFO[0m [2mspark_model::layers::qwen3_ssm::trait_decode_multi_seq::ssm_batched[0m[2m:[0m ATLAS_SSM_DETAIL n=4: input_norm=10us qkvz=88us recurrent_ba=43us recurrent_conv=39us recurrent_gdn=97us recurrent_norm=35us recurrent_total_tail=1us out_proj=43us post_norm=11us
[2m2026-09-06T02:11:18.234363Z[0m [32m INFO[0m [2mspark_model::layers::qwen3_ssm::trait_decode_multi_seq[0m[2m:[0m ATLAS_SSM_MS_PROFILE n=4: mixer=392us moe_residual=288us
[2m2026-09-06T02:11:18.235437Z[0m [32m INFO[0m [2mspark_model::layers::qwen3_ssm::trait_decode_multi_seq::ssm_batched[0m[2m:[0m ATLAS_SSM_DETAIL n=4: input_norm=10us qkvz=87us recurrent_ba=43us recurrent_conv=38us recurrent_gdn=96us recurrent_norm=35us recurrent_total_tail=1us out_proj=43us post_norm=11us
[2m2026-09-06T02:11:18.235723Z[0m [32m INFO[0m [2mspark_model::layers::qwen3_ssm::trait_decode_multi_seq[0m[2m:[0m ATLAS_SSM_MS_PROFILE n=4: mixer=392us moe_residual=280us
[2m2026-09-06T02:11:18.236120Z[0m [32m INFO[0m [2mspark_model::layers::qwen3_ssm::trait_decode_multi_seq::ssm_batched[0m[2m:[0m ATLAS_SSM_DETAIL n=4: input_norm=10us qkvz=87us recurrent_ba=44us recurrent_conv=40us recurrent_gdn=97us recurrent_norm=36us recurrent_total_tail=1us out_proj=43us post_norm=11us
[2m2026-09-06T02:11:18.236405Z[0m [32m INFO[0m [2mspark_model::layers::qwen3_ssm::trait_decode_multi_seq[0m[2m:[0m ATLAS_SSM_MS_PROFILE n=4: mixer=393us moe_residual=280us
[2m2026-09-06T02:11:18.236801Z[0m [32m INFO[0m [2mspark_model::layers::qwen3_ssm::trait_decode_multi_seq::ssm_batched[0m[2m:[0m ATLAS_SSM_DETAIL n=4: input_norm=10us qkvz=87us recurrent_ba=44us recurrent_conv=38us recurrent_gdn=97us recurrent_norm=35us recurrent_total_tail=1us out_proj=43us post_norm=11us
[2m2026-09-06T02:11:18.237088Z[0m [32m INFO[0m [2mspark_model::layers::qwen3_ssm::trait_decode_multi_seq[0m[2m:[0m ATLAS_SSM_MS_PROFILE n=4: mixer=392us moe_residual=282us
[2m2026-09-06T02:11:18.238163Z[0m [32m INFO[0m [2mspark_model::layers::qwen3_ssm::trait_decode_multi_seq::ssm_batched[0m[2m:[0m ATLAS_SSM_DETAIL n=4: input_norm=10us qkvz=87us recurrent_ba=43us recurrent_conv=40us recurrent_gdn=96us recurrent_norm=36us recurrent_total_tail=1us out_proj=43us post_norm=11us
[2m2026-09-06T02:11:18.238456Z[0m [32m INFO[0m [2mspark_model::layers::qwen3_ssm::trait_decode_multi_seq[0m[2m:[0m ATLAS_SSM_MS_PROFILE n=4: mixer=399us moe_residual=281us
[2m2026-09-06T02:11:18.238851Z[0m [32m INFO[0m [2mspark_model::layers::qwen3_ssm::trait_decode_multi_seq::ssm_batched[0m[2m:[0m ATLAS_SSM_DETAIL n=4: input_norm=10us qkvz=87us recurrent_ba=45us recurrent_conv=39us recurrent_gdn=97us recurrent_norm=36us recurrent_total_tail=1us out_proj=43us post_norm=11us
[2m2026-09-06T02:11:18.239139Z[0m [32m INFO[0m [2mspark_model::layers::qwen3_ssm::trait_decode_multi_seq[0m[2m:[0m ATLAS_SSM_MS_PROFILE n=4: mixer=392us moe_residual=282us
[2m2026-09-06T02:11:18.239536Z[0m [32m INFO[0m [2mspark_model::layers::qwen3_ssm::trait_decode_multi_seq::ssm_batched[0m[2m:[0m ATLAS_SSM_DETAIL n=4: input_norm=10us qkvz=87us recurrent_ba=45us recurrent_conv=39us recurrent_gdn=96us recurrent_norm=36us recurrent_total_tail=1us out_proj=43us post_norm=11us
[2m2026-09-06T02:11:18.239825Z[0m [32m INFO[0m [2mspark_model::layers::qwen3_ssm::trait_decode_multi_seq[0m[2m:[0m ATLAS_SSM_MS_PROFILE n=4: mixer=393us moe_residual=283us
[2m2026-09-06T02:11:18.240902Z[0m [32m INFO[0m [2mspark_model::layers::qwen3_ssm::trait_decode_multi_seq::ssm_batched[0m[2m:[0m ATLAS_SSM_DETAIL n=4: input_norm=10us qkvz=87us recurrent_ba=43us recurrent_conv=40us recurrent_gdn=97us recurrent_norm=36us recurrent_total_tail=1us out_proj=43us post_norm=11us
[2m2026-09-06T02:11:18.241194Z[0m [32m INFO[0m [2mspark_model::layers::qwen3_ssm::trait_decode_multi_seq[0m[2m:[0m ATLAS_SSM_MS_PROFILE n=4: mixer=394us moe_residual=287us
[2m2026-09-06T02:11:18.241589Z[0m [32m INFO[0m [2mspark_model::layers::qwen3_ssm::trait_decode_multi_seq::ssm_batched[0m[2m:[0m ATLAS_SSM_DETAIL n=4: input_norm=10us qkvz=87us recurrent_ba=44us recurrent_conv=39us recurrent_gdn=96us recurrent_norm=36us recurrent_total_tail=1us out_proj=42us post_norm=11us
[2m2026-09-06T02:11:18.241875Z[0m [32m INFO[0m [2mspark_model::layers::qwen3_ssm::trait_decode_multi_seq[0m[2m:[0m ATLAS_SSM_MS_PROFILE n=4: mixer=391us moe_residual=280us
[2m2026-09-06T02:11:18.242271Z[0m [32m INFO[0m [2mspark_model::layers::qwen3_ssm::trait_decode_multi_seq::ssm_batched[0m[2m:[0m ATLAS_SSM_DETAIL n=4: input_norm=10us qkvz=87us recurrent_ba=45us recurrent_conv=39us recurrent_gdn=97us recurrent_norm=36us recurrent_total_tail=1us out_proj=43us post_norm=11us
[2m2026-09-06T02:11:18.242558Z[0m [32m INFO[0m [2mspark_model::layers::qwen3_ssm::trait_decode_multi_seq[0m[2m:[0m ATLAS_SSM_MS_PROFILE n=4: mixer=394us moe_residual=280us
[2m2026-09-06T02:11:18.243627Z[0m [32m INFO[0m [2mspark_model::layers::qwen3_ssm::trait_decode_multi_seq::ssm_batched[0m[2m:[0m ATLAS_SSM_DETAIL n=4: input_norm=10us qkvz=87us recurrent_ba=42us recurrent_conv=40us recurrent_gdn=97us recurrent_norm=35us recurrent_total_tail=1us out_proj=43us post_norm=11us
[2m2026-09-06T02:11:18.243914Z[0m [32m INFO[0m [2mspark_model::layers::qwen3_ssm::trait_decode_multi_seq[0m[2m:[0m ATLAS_SSM_MS_PROFILE n=4: mixer=391us moe_residual=280us
[2m2026-09-06T02:11:18.244309Z[0m [32m INFO[0m [2mspark_model::layers::qwen3_ssm::trait_decode_multi_seq::ssm_batched[0m[2m:[0m ATLAS_SSM_DETAIL n=4: input_norm=10us qkvz=87us recurrent_ba=44us recurrent_conv=40us recurrent_gdn=97us recurrent_norm=36us recurrent_total_tail=1us out_proj=43us post_norm=11us
[2m2026-09-06T02:11:18.244596Z[0m [32m INFO[0m [2mspark_model::layers::qwen3_ssm::trait_decode_multi_seq[0m[2m:[0m ATLAS_SSM_MS_PROFILE n=4: mixer=393us moe_residual=280us
[2m2026-09-06T02:11:18.244990Z[0m [32m INFO[0m [2mspark_model::layers::qwen3_ssm::trait_decode_multi_seq::ssm_batched[0m[2m:[0m ATLAS_SSM_DETAIL n=4: input_norm=10us qkvz=87us recurrent_ba=43us recurrent_conv=39us recurrent_gdn=97us recurrent_norm=35us recurrent_total_tail=1us out_proj=43us post_norm=11us
[2m2026-09-06T02:11:18.245278Z[0m [32m INFO[0m [2mspark_model::layers::qwen3_ssm::trait_decode_multi_seq[0m[2m:[0m ATLAS_SSM_MS_PROFILE n=4: mixer=393us moe_residual=280us
[2m2026-09-06T02:11:18.246355Z[0m [32m INFO[0m [2mspark_model::layers::qwen3_ssm::trait_decode_multi_seq::ssm_batched[0m[2m:[0m ATLAS_SSM_DETAIL n=4: input_norm=10us qkvz=87us recurrent_ba=47us recurrent_conv=39us recurrent_gdn=98us recurrent_norm=36us recurrent_total_tail=1us out_proj=43us post_norm=11us
[2m2026-09-06T02:11:18.246641Z[0m [32m INFO[0m [2mspark_model::layers::qwen3_ssm::trait_decode_multi_seq[0m[2m:[0m ATLAS_SSM_MS_PROFILE n=4: mixer=396us moe_residual=280us
[2m2026-09-06T02:11:18.247034Z[0m [32m INFO[0m [2mspark_model::layers::qwen3_ssm::trait_decode_multi_seq::ssm_batched[0m[2m:[0m ATLAS_SSM_DETAIL n=4: input_norm=10us qkvz=87us recurrent_ba=43us recurrent_conv=39us recurrent_gdn=96us recurrent_norm=35us recurrent_total_tail=1us out_proj=43us post_norm=11us
[2m2026-09-06T02:11:18.247318Z[0m [32m INFO[0m [2mspark_model::layers::qwen3_ssm::trait_decode_multi_seq[0m[2m:[0m ATLAS_SSM_MS_PROFILE n=4: mixer=390us moe_residual=278us
[2m2026-09-06T02:11:18.247712Z[0m [32m INFO[0m [2mspark_model::layers::qwen3_ssm::trait_decode_multi_seq::ssm_batched[0m[2m:[0m ATLAS_SSM_DETAIL n=4: input_norm=10us qkvz=87us recurrent_ba=43us recurrent_conv=38us recurrent_gdn=96us recurrent_norm=35us recurrent_total_tail=1us out_proj=42us post_norm=11us
[2m2026-09-06T02:11:18.247997Z[0m [32m INFO[0m [2mspark_model::layers::qwen3_ssm::trait_decode_multi_seq[0m[2m:[0m ATLAS_SSM_MS_PROFILE n=4: mixer=390us moe_residual=279us
[2m2026-09-06T02:11:18.249066Z[0m [32m INFO[0m [2mspark_model::layers::qwen3_ssm::trait_decode_multi_seq::ssm_batched[0m[2m:[0m ATLAS_SSM_DETAIL n=4: input_norm=11us qkvz=87us recurrent_ba=43us recurrent_conv=38us recurrent_gdn=96us recurrent_norm=36us recurrent_total_tail=1us out_proj=43us post_norm=11us
[2m2026-09-06T02:11:18.249358Z[0m [32m INFO[0m [2mspark_model::layers::qwen3_ssm::trait_decode_multi_seq[0m[2m:[0m ATLAS_SSM_MS_PROFILE n=4: mixer=393us moe_residual=286us
[2m2026-09-06T02:11:18.249754Z[0m [32m INFO[0m [2mspark_model::layers::qwen3_ssm::trait_decode_multi_seq::ssm_batched[0m[2m:[0m ATLAS_SSM_DETAIL n=4: input_norm=10us qkvz=87us recurrent_ba=44us recurrent_conv=40us recurrent_gdn=96us recurrent_norm=36us recurrent_total_tail=1us out_proj=43us post_norm=11us
[2m2026-09-06T02:11:18.250039Z[0m [32m INFO[0m [2mspark_model::layers::qwen3_ssm::trait_decode_multi_seq[0m[2m:[0m ATLAS_SSM_MS_PROFILE n=4: mixer=392us moe_residual=279us
[2m2026-09-06T02:11:18.250434Z[0m [32m INFO[0m [2mspark_model::layers::qwen3_ssm::trait_decode_multi_seq::ssm_batched[0m[2m:[0m ATLAS_SSM_DETAIL n=4: input_norm=10us qkvz=87us recurrent_ba=44us recurrent_conv=39us recurrent_gdn=97us recurrent_norm=36us recurrent_total_tail=1us out_proj=43us post_norm=11us
[2m2026-09-06T02:11:18.250720Z[0m [32m INFO[0m [2mspark_model::layers::qwen3_ssm::trait_decode_multi_seq[0m[2m:[0m ATLAS_SSM_MS_PROFILE n=4: mixer=393us moe_residual=280us
[2m2026-09-06T02:11:18.251791Z[0m [32m INFO[0m [2mspark_model::layers::qwen3_ssm::trait_decode_multi_seq::ssm_batched[0m[2m:[0m ATLAS_SSM_DETAIL n=4: input_norm=10us qkvz=87us recurrent_ba=42us recurrent_conv=39us recurrent_gdn=97us recurrent_norm=36us recurrent_total_tail=1us out_proj=42us post_norm=11us
[2m2026-09-06T02:11:18.252075Z[0m [32m INFO[0m [2mspark_model::layers::qwen3_ssm::trait_decode_multi_seq[0m[2m:[0m ATLAS_SSM_MS_PROFILE n=4: mixer=391us moe_residual=279us
[2m2026-09-06T02:11:18.252468Z[0m [32m INFO[0m [2mspark_model::layers::qwen3_ssm::trait_decode_multi_seq::ssm_batched[0m[2m:[0m ATLAS_SSM_DETAIL n=4: input_norm=10us qkvz=87us recurrent_ba=43us recurrent_conv=38us recurrent_gdn=96us recurrent_norm=34us recurrent_total_tail=1us out_proj=43us post_norm=11us
[2m2026-09-06T02:11:18.252755Z[0m [32m INFO[0m [2mspark_model::layers::qwen3_ssm::trait_decode_multi_seq[0m[2m:[0m ATLAS_SSM_MS_PROFILE n=4: mixer=391us moe_residual=281us
[2m2026-09-06T02:11:18.253153Z[0m [32m INFO[0m [2mspark_model::layers::qwen3_ssm::trait_decode_multi_seq::ssm_batched[0m[2m:[0m ATLAS_SSM_DETAIL n=4: input_norm=10us qkvz=87us recurrent_ba=45us recurrent_conv=37us recurrent_gdn=97us recurrent_norm=36us recurrent_total_tail=1us out_proj=43us post_norm=11us
[2m2026-09-06T02:11:18.253444Z[0m [32m INFO[0m [2mspark_model::layers::qwen3_ssm::trait_decode_multi_seq[0m[2m:[0m ATLAS_SSM_MS_PROFILE n=4: mixer=393us moe_residual=285us
[2m2026-09-06T02:11:18.254517Z[0m [32m INFO[0m [2mspark_model::layers::qwen3_ssm::trait_decode_multi_seq::ssm_batched[0m[2m:[0m ATLAS_SSM_DETAIL n=4: input_norm=11us qkvz=87us recurrent_ba=45us recurrent_conv=38us recurrent_gdn=96us recurrent_norm=36us recurrent_total_tail=1us out_proj=43us post_norm=11us
[2m2026-09-06T02:11:18.254802Z[0m [32m INFO[0m [2mspark_model::layers::qwen3_ssm::trait_decode_multi_seq[0m[2m:[0m ATLAS_SSM_MS_PROFILE n=4: mixer=393us moe_residual=278us
[2m2026-09-06T02:11:18.255198Z[0m [32m INFO[0m [2mspark_model::layers::qwen3_ssm::trait_decode_multi_seq::ssm_batched[0m[2m:[0m ATLAS_SSM_DETAIL n=4: input_norm=11us qkvz=87us recurrent_ba=45us recurrent_conv=40us recurrent_gdn=97us recurrent_norm=35us recurrent_total_tail=1us out_proj=42us post_norm=11us
[2m2026-09-06T02:11:18.255490Z[0m [32m INFO[0m [2mspark_model::layers::qwen3_ssm::trait_decode_multi_seq[0m[2m:[0m ATLAS_SSM_MS_PROFILE n=4: mixer=393us moe_residual=286us
[2m2026-09-06T02:11:18.255884Z[0m [32m INFO[0m [2mspark_model::layers::qwen3_ssm::trait_decode_multi_seq::ssm_batched[0m[2m:[0m ATLAS_SSM_DETAIL n=4: input_norm=10us qkvz=87us recurrent_ba=43us recurrent_conv=38us recurrent_gdn=96us recurrent_norm=36us recurrent_total_tail=1us out_proj=43us post_norm=11us
[2m2026-09-06T02:11:18.256170Z[0m [32m INFO[0m [2mspark_model::layers::qwen3_ssm::trait_decode_multi_seq[0m[2m:[0m ATLAS_SSM_MS_PROFILE n=4: mixer=391us moe_residual=280us
[2m2026-09-06T02:11:18.257252Z[0m [32m INFO[0m [2mspark_model::layers::qwen3_ssm::trait_decode_multi_seq::ssm_batched[0m[2m:[0m ATLAS_SSM_DETAIL n=4: input_norm=10us qkvz=87us recurrent_ba=44us recurrent_conv=38us recurrent_gdn=97us recurrent_norm=39us recurrent_total_tail=1us out_proj=43us post_norm=11us
[2m2026-09-06T02:11:18.257537Z[0m [32m INFO[0m [2mspark_model::layers::qwen3_ssm::trait_decode_multi_seq[0m[2m:[0m ATLAS_SSM_MS_PROFILE n=4: mixer=396us moe_residual=279us
[2m2026-09-06T02:11:18.257933Z[0m [32m INFO[0m [2mspark_model::layers::qwen3_ssm::trait_decode_multi_seq::ssm_batched[0m[2m:[0m ATLAS_SSM_DETAIL n=4: input_norm=10us qkvz=87us recurrent_ba=44us recurrent_conv=39us recurrent_gdn=98us recurrent_norm=35us recurrent_total_tail=1us out_proj=43us post_norm=11us
[2m2026-09-06T02:11:18.258220Z[0m [32m INFO[0m [2mspark_model::layers::qwen3_ssm::trait_decode_multi_seq[0m[2m:[0m ATLAS_SSM_MS_PROFILE n=4: mixer=393us moe_residual=281us
[2m2026-09-06T02:11:18.258615Z[0m [32m INFO[0m [2mspark_model::layers::qwen3_ssm::trait_decode_multi_seq::ssm_batched[0m[2m:[0m ATLAS_SSM_DETAIL n=4: input_norm=10us qkvz=88us recurrent_ba=42us recurrent_conv=38us recurrent_gdn=97us recurrent_norm=36us recurrent_total_tail=1us out_proj=43us post_norm=11us
[2m2026-09-06T02:11:18.258902Z[0m [32m INFO[0m [2mspark_model::layers::qwen3_ssm::trait_decode_multi_seq[0m[2m:[0m ATLAS_SSM_MS_PROFILE n=4: mixer=391us moe_residual=281us
[2m2026-09-06T02:11:18.259977Z[0m [32m INFO[0m [2mspark_model::layers::qwen3_ssm::trait_decode_multi_seq::ssm_batched[0m[2m:[0m ATLAS_SSM_DETAIL n=4: input_norm=11us qkvz=87us recurrent_ba=43us recurrent_conv=40us recurrent_gdn=97us recurrent_norm=36us recurrent_total_tail=1us out_proj=42us post_norm=11us
[2m2026-09-06T02:11:18.260270Z[0m [32m INFO[0m [2mspark_model::layers::qwen3_ssm::trait_decode_multi_seq[0m[2m:[0m ATLAS_SSM_MS_PROFILE n=4: mixer=393us moe_residual=286us
[2m2026-09-06T02:11:18.260665Z[0m [32m INFO[0m [2mspark_model::layers::qwen3_ssm::trait_decode_multi_seq::ssm_batched[0m[2m:[0m ATLAS_SSM_DETAIL n=4: input_norm=10us qkvz=87us recurrent_ba=44us recurrent_conv=38us recurrent_gdn=98us recurrent_norm=33us recurrent_total_tail=1us out_proj=43us post_norm=11us
[2m2026-09-06T02:11:18.260957Z[0m [32m INFO[0m [2mspark_model::layers::qwen3_ssm::trait_decode_multi_seq[0m[2m:[0m ATLAS_SSM_MS_PROFILE n=4: mixer=393us moe_residual=284us
[2m2026-09-06T02:11:18.261352Z[0m [32m INFO[0m [2mspark_model::layers::qwen3_ssm::trait_decode_multi_seq::ssm_batched[0m[2m:[0m ATLAS_SSM_DETAIL n=4: input_norm=10us qkvz=87us recurrent_ba=46us recurrent_conv=39us recurrent_gdn=96us recurrent_norm=35us recurrent_total_tail=1us out_proj=43us post_norm=11us
[2m2026-09-06T02:11:18.261641Z[0m [32m INFO[0m [2mspark_model::layers::qwen3_ssm::trait_decode_multi_seq[0m[2m:[0m ATLAS_SSM_MS_PROFILE n=4: mixer=392us moe_residual=283us
[2m2026-09-06T02:11:18.262711Z[0m [32m INFO[0m [2mspark_model::layers::qwen3_ssm::trait_decode_multi_seq::ssm_batched[0m[2m:[0m ATLAS_SSM_DETAIL n=4: input_norm=11us qkvz=87us recurrent_ba=42us recurrent_conv=40us recurrent_gdn=96us recurrent_norm=35us recurrent_total_tail=1us out_proj=43us post_norm=11us
[2m2026-09-06T02:11:18.262997Z[0m [32m INFO[0m [2mspark_model::layers::qwen3_ssm::trait_decode_multi_seq[0m[2m:[0m ATLAS_SSM_MS_PROFILE n=4: mixer=391us moe_residual=280us
[2m2026-09-06T02:11:18.263391Z[0m [32m INFO[0m [2mspark_model::layers::qwen3_ssm::trait_decode_multi_seq::ssm_batched[0m[2m:[0m ATLAS_SSM_DETAIL n=4: input_norm=10us qkvz=87us recurrent_ba=43us recurrent_conv=38us recurrent_gdn=97us recurrent_norm=35us recurrent_total_tail=1us out_proj=43us post_norm=11us
[2m2026-09-06T02:11:18.263677Z[0m [32m INFO[0m [2mspark_model::layers::qwen3_ssm::trait_decode_multi_seq[0m[2m:[0m ATLAS_SSM_MS_PROFILE n=4: mixer=392us moe_residual=280us
[2m2026-09-06T02:11:18.264072Z[0m [32m INFO[0m [2mspark_model::layers::qwen3_ssm::trait_decode_multi_seq::ssm_batched[0m[2m:[0m ATLAS_SSM_DETAIL n=4: input_norm=10us qkvz=87us recurrent_ba=43us recurrent_conv=38us recurrent_gdn=97us recurrent_norm=36us recurrent_total_tail=1us out_proj=43us post_norm=11us
[2m2026-09-06T02:11:18.264358Z[0m [32m INFO[0m [2mspark_model::layers::qwen3_ssm::trait_decode_multi_seq[0m[2m:[0m ATLAS_SSM_MS_PROFILE n=4: mixer=392us moe_residual=281us
[2m2026-09-06T02:11:18.265432Z[0m [32m INFO[0m [2mspark_model::layers::qwen3_ssm::trait_decode_multi_seq::ssm_batched[0m[2m:[0m ATLAS_SSM_DETAIL n=4: input_norm=10us qkvz=87us recurrent_ba=42us recurrent_conv=39us recurrent_gdn=97us recurrent_norm=35us recurrent_total_tail=1us out_proj=42us post_norm=11us
[2m2026-09-06T02:11:18.265719Z[0m [32m INFO[0m [2mspark_model::layers::qwen3_ssm::trait_decode_multi_seq[0m[2m:[0m ATLAS_SSM_MS_PROFILE n=4: mixer=392us moe_residual=281us
[2m2026-09-06T02:11:18.266113Z[0m [32m INFO[0m [2mspark_model::layers::qwen3_ssm::trait_decode_multi_seq::ssm_batched[0m[2m:[0m ATLAS_SSM_DETAIL n=4: input_norm=10us qkvz=87us recurrent_ba=44us recurrent_conv=40us recurrent_gdn=97us recurrent_norm=34us recurrent_total_tail=1us out_proj=43us post_norm=11us
[2m2026-09-06T02:11:18.266398Z[0m [32m INFO[0m [2mspark_model::layers::qwen3_ssm::trait_decode_multi_seq[0m[2m:[0m ATLAS_SSM_MS_PROFILE n=4: mixer=391us moe_residual=280us
[2m2026-09-06T02:11:18.266793Z[0m [32m INFO[0m [2mspark_model::layers::qwen3_ssm::trait_decode_multi_seq::ssm_batched[0m[2m:[0m ATLAS_SSM_DETAIL n=4: input_norm=11us qkvz=87us recurrent_ba=41us recurrent_conv=38us recurrent_gdn=96us recurrent_norm=36us recurrent_total_tail=1us out_proj=43us post_norm=11us
[2m2026-09-06T02:11:18.267088Z[0m [32m INFO[0m [2mspark_model::layers::qwen3_ssm::trait_decode_multi_seq[0m[2m:[0m ATLAS_SSM_MS_PROFILE n=4: mixer=391us moe_residual=289us
[2m2026-09-06T02:11:18.268165Z[0m [32m INFO[0m [2mspark_model::layers::qwen3_ssm::trait_decode_multi_seq::ssm_batched[0m[2m:[0m ATLAS_SSM_DETAIL n=4: input_norm=10us qkvz=87us recurrent_ba=44us recurrent_conv=39us recurrent_gdn=97us recurrent_norm=33us recurrent_total_tail=1us out_proj=44us post_norm=11us
[2m2026-09-06T02:11:18.268455Z[0m [32m INFO[0m [2mspark_model::layers::qwen3_ssm::trait_decode_multi_seq[0m[2m:[0m ATLAS_SSM_MS_PROFILE n=4: mixer=395us moe_residual=281us
[2m2026-09-06T02:11:18.268848Z[0m [32m INFO[0m [2mspark_model::layers::qwen3_ssm::trait_decode_multi_seq::ssm_batched[0m[2m:[0m ATLAS_SSM_DETAIL n=4: input_norm=10us qkvz=87us recurrent_ba=44us recurrent_conv=38us recurrent_gdn=97us recurrent_norm=36us recurrent_total_tail=1us out_proj=43us post_norm=11us
[2m2026-09-06T02:11:18.269136Z[0m [32m INFO[0m [2mspark_model::layers::qwen3_ssm::trait_decode_multi_seq[0m[2m:[0m ATLAS_SSM_MS_PROFILE n=4: mixer=391us moe_residual=282us
[2m2026-09-06T02:11:18.269530Z[0m [32m INFO[0m [2mspark_model::layers::qwen3_ssm::trait_decode_multi_seq::ssm_batched[0m[2m:[0m ATLAS_SSM_DETAIL n=4: input_norm=11us qkvz=87us recurrent_ba=42us recurrent_conv=39us recurrent_gdn=96us recurrent_norm=36us recurrent_total_tail=1us out_proj=42us post_norm=11us
[2m2026-09-06T02:11:18.269814Z[0m [32m INFO[0m [2mspark_model::layers::qwen3_ssm::trait_decode_multi_seq[0m[2m:[0m ATLAS_SSM_MS_PROFILE n=4: mixer=390us moe_residual=279us
[2m2026-09-06T02:11:18.270892Z[0m [32m INFO[0m [2mspark_model::layers::qwen3_ssm::trait_decode_multi_seq::ssm_batched[0m[2m:[0m ATLAS_SSM_DETAIL n=4: input_norm=10us qkvz=87us recurrent_ba=42us recurrent_conv=40us recurrent_gdn=97us recurrent_norm=36us recurrent_total_tail=1us out_proj=43us post_norm=11us
[2m2026-09-06T02:11:18.271178Z[0m [32m INFO[0m [2mspark_model::layers::qwen3_ssm::trait_decode_multi_seq[0m[2m:[0m ATLAS_SSM_MS_PROFILE n=4: mixer=391us moe_residual=280us
[2m2026-09-06T02:11:18.271573Z[0m [32m INFO[0m [2mspark_model::layers::qwen3_ssm::trait_decode_multi_seq::ssm_batched[0m[2m:[0m ATLAS_SSM_DETAIL n=4: input_norm=10us qkvz=87us recurrent_ba=45us recurrent_conv=39us recurrent_gdn=96us recurrent_norm=36us recurrent_total_tail=1us out_proj=43us post_norm=11us
[2m2026-09-06T02:11:18.271859Z[0m [32m INFO[0m [2mspark_model::layers::qwen3_ssm::trait_decode_multi_seq[0m[2m:[0m ATLAS_SSM_MS_PROFILE n=4: mixer=392us moe_residual=280us
[2m2026-09-06T02:11:18.272252Z[0m [32m INFO[0m [2mspark_model::layers::qwen3_ssm::trait_decode_multi_seq::ssm_batched[0m[2m:[0m ATLAS_SSM_DETAIL n=4: input_norm=10us qkvz=86us recurrent_ba=43us recurrent_conv=38us recurrent_gdn=96us recurrent_norm=37us recurrent_total_tail=1us out_proj=42us post_norm=11us
[2m2026-09-06T02:11:18.272539Z[0m [32m INFO[0m [2mspark_model::layers::qwen3_ssm::trait_decode_multi_seq[0m[2m:[0m ATLAS_SSM_MS_PROFILE n=4: mixer=390us moe_residual=281us
[2m2026-09-06T02:11:18.273609Z[0m [32m INFO[0m [2mspark_model::layers::qwen3_ssm::trait_decode_multi_seq::ssm_batched[0m[2m:[0m ATLAS_SSM_DETAIL n=4: input_norm=10us qkvz=87us recurrent_ba=43us recurrent_conv=40us recurrent_gdn=97us recurrent_norm=36us recurrent_total_tail=1us out_proj=43us post_norm=11us
[2m2026-09-06T02:11:18.273897Z[0m [32m INFO[0m [2mspark_model::layers::qwen3_ssm::trait_decode_multi_seq[0m[2m:[0m ATLAS_SSM_MS_PROFILE n=4: mixer=392us moe_residual=282us
[2m2026-09-06T02:11:18.274295Z[0m [32m INFO[0m [2mspark_model::layers::qwen3_ssm::trait_decode_multi_seq::ssm_batched[0m[2m:[0m ATLAS_SSM_DETAIL n=4: input_norm=10us qkvz=87us recurrent_ba=46us recurrent_conv=40us recurrent_gdn=98us recurrent_norm=36us recurrent_total_tail=1us out_proj=43us post_norm=11us
[2m2026-09-06T02:11:18.274581Z[0m [32m INFO[0m [2mspark_model::layers::qwen3_ssm::trait_decode_multi_seq[0m[2m:[0m ATLAS_SSM_MS_PROFILE n=4: mixer=396us moe_residual=280us
[2m2026-09-06T02:11:18.274975Z[0m [32m INFO[0m [2mspark_model::layers::qwen3_ssm::trait_decode_multi_seq::ssm_batched[0m[2m:[0m ATLAS_SSM_DETAIL n=4: input_norm=10us qkvz=87us recurrent_ba=44us recurrent_conv=39us recurrent_gdn=96us recurrent_norm=36us recurrent_total_tail=1us out_proj=43us post_norm=11us
[2m2026-09-06T02:11:18.275263Z[0m [32m INFO[0m [2mspark_model::layers::qwen3_ssm::trait_decode_multi_seq[0m[2m:[0m ATLAS_SSM_MS_PROFILE n=4: mixer=391us moe_residual=282us
[2m2026-09-06T02:11:18.276890Z[0m [32m INFO[0m [2mspark_model::model::trait_impl::decode_a2[0m[2m:[0m ATLAS_MS_PROFILE n=4 padded_n=4: total=44456us  ssm=32696us(48L)  attn=10820us(16L)  head=940us  [per-tok 11.11ms]
[2m2026-09-06T02:11:18.280972Z[0m [32m INFO[0m [2mspark_model::layers::qwen3_ssm::trait_decode_multi_seq::ssm_batched[0m[2m:[0m ATLAS_SSM_DETAIL n=4: input_norm=15us qkvz=89us recurrent_ba=46us recurrent_conv=40us recurrent_gdn=98us recurrent_norm=37us recurrent_total_tail=1us out_proj=43us post_norm=11us
[2m2026-09-06T02:11:18.281280Z[0m [32m INFO[0m [2mspark_model::layers::qwen3_ssm::trait_decode_multi_seq[0m[2m:[0m ATLAS_SSM_MS_PROFILE n=4: mixer=437us moe_residual=280us
[2m2026-09-06T02:11:18.281681Z[0m [32m INFO[0m [2mspark_model::layers::qwen3_ssm::trait_decode_multi_seq::ssm_batched[0m[2m:[0m ATLAS_SSM_DETAIL n=4: input_norm=11us qkvz=87us recurrent_ba=44us recurrent_conv=40us recurrent_gdn=97us recurrent_norm=35us recurrent_total_tail=1us out_proj=42us post_norm=11us
[2m2026-09-06T02:11:18.281965Z[0m [32m INFO[0m [2mspark_model::layers::qwen3_ssm::trait_decode_multi_seq[0m[2m:[0m ATLAS_SSM_MS_PROFILE n=4: mixer=395us moe_residual=279us
[2m2026-09-06T02:11:18.282365Z[0m [32m INFO[0m [2mspark_model::layers::qwen3_ssm::trait_decode_multi_seq::ssm_batched[0m[2m:[0m ATLAS_SSM_DETAIL n=4: input_norm=10us qkvz=87us recurrent_ba=45us recurrent_conv=38us recurrent_gdn=96us recurrent_norm=36us recurrent_total_tail=1us out_proj=42us post_norm=11us
[2m2026-09-06T02:11:18.282659Z[0m [32m INFO[0m [2mspark_model::layers::qwen3_ssm::trait_decode_multi_seq[0m[2m:[0m ATLAS_SSM_MS_PROFILE n=4: mixer=398us moe_residual=287us
[2m2026-09-06T02:11:18.283732Z[0m [32m INFO[0m [2mspark_model::layers::qwen3_ssm::trait_decode_multi_seq::ssm_batched[0m[2m:[0m ATLAS_SSM_DETAIL n=4: input_norm=10us qkvz=87us recurrent_ba=43us recurrent_conv=39us recurrent_gdn=102us recurrent_norm=35us recurrent_total_tail=1us out_proj=43us post_norm=11us
[2m2026-09-06T02:11:18.284019Z[0m [32m INFO[0m [2mspark_model::layers::qwen3_ssm::trait_decode_multi_seq[0m[2m:[0m ATLAS_SSM_MS_PROFILE n=4: mixer=398us moe_residual=280us
[2m2026-09-06T02:11:18.284411Z[0m [32m INFO[0m [2mspark_model::layers::qwen3_ssm::trait_decode_multi_seq::ssm_batched[0m[2m:[0m ATLAS_SSM_DETAIL n=4: input_norm=10us qkvz=87us recurrent_ba=44us recurrent_conv=38us recurrent_gdn=96us recurrent_norm=34us recurrent_total_tail=1us out_proj=41us post_norm=11us
[2m2026-09-06T02:11:18.284698Z[0m [32m INFO[0m [2mspark_model::layers::qwen3_ssm::trait_decode_multi_seq[0m[2m:[0m ATLAS_SSM_MS_PROFILE n=4: mixer=390us moe_residual=280us
[2m2026-09-06T02:11:18.285092Z[0m [32m INFO[0m [2mspark_model::layers::qwen3_ssm::trait_decode_multi_seq::ssm_batched[0m[2m:[0m ATLAS_SSM_DETAIL n=4: input_norm=10us qkvz=87us recurrent_ba=44us recurrent_conv=39us recurrent_gdn=97us recurrent_norm=35us recurrent_total_tail=1us out_proj=43us post_norm=11us
[2m2026-09-06T02:11:18.285384Z[0m [32m INFO[0m [2mspark_model::layers::qwen3_ssm::trait_decode_multi_seq[0m[2m:[0m ATLAS_SSM_MS_PROFILE n=4: mixer=391us moe_residual=287us
[2m2026-09-06T02:11:18.286464Z[0m [32m INFO[0m [2mspark_model::layers::qwen3_ssm::trait_decode_multi_seq::ssm_batched[0m[2m:[0m ATLAS_SSM_DETAIL n=4: input_norm=10us qkvz=88us recurrent_ba=45us recurrent_conv=40us recurrent_gdn=99us recurrent_norm=36us recurrent_total_tail=1us out_proj=43us post_norm=11us
[2m2026-09-06T02:11:18.286754Z[0m [32m INFO[0m [2mspark_model::layers::qwen3_ssm::trait_decode_multi_seq[0m[2m:[0m ATLAS_SSM_MS_PROFILE n=4: mixer=404us moe_residual=281us
[2m2026-09-06T02:11:18.287160Z[0m [32m INFO[0m [2mspark_model::layers::qwen3_ssm::trait_decode_multi_seq::ssm_batched[0m[2m:[0m ATLAS_SSM_DETAIL n=4: input_norm=11us qkvz=87us recurrent_ba=44us recurrent_conv=40us recurrent_gdn=100us recurrent_norm=36us recurrent_total_tail=1us out_proj=43us post_norm=11us
[2m2026-09-06T02:11:18.287463Z[0m [32m INFO[0m [2mspark_model::layers::qwen3_ssm::trait_decode_multi_seq[0m[2m:[0m ATLAS_SSM_MS_PROFILE n=4: mixer=413us moe_residual=286us
[2m2026-09-06T02:11:18.287867Z[0m [32m INFO[0m [2mspark_model::layers::qwen3_ssm::trait_decode_multi_seq::ssm_batched[0m[2m:[0m ATLAS_SSM_DETAIL n=4: input_norm=11us qkvz=88us recurrent_ba=45us recurrent_conv=40us recurrent_gdn=100us recurrent_norm=36us recurrent_total_tail=1us out_proj=43us post_norm=11us
[2m2026-09-06T02:11:18.288154Z[0m [32m INFO[0m [2mspark_model::layers::qwen3_ssm::trait_decode_multi_seq[0m[2m:[0m ATLAS_SSM_MS_PROFILE n=4: mixer=401us moe_residual=280us
[2m2026-09-06T02:11:18.289233Z[0m [32m INFO[0m [2mspark_model::layers::qwen3_ssm::trait_decode_multi_seq::ssm_batched[0m[2m:[0m ATLAS_SSM_DETAIL n=4: input_norm=10us qkvz=87us recurrent_ba=45us recurrent_conv=40us recurrent_gdn=100us recurrent_norm=36us recurrent_total_tail=1us out_proj=43us post_norm=11us
[2m2026-09-06T02:11:18.289528Z[0m [32m INFO[0m [2mspark_model::layers::qwen3_ssm::trait_decode_multi_seq[0m[2m:[0m ATLAS_SSM_MS_PROFILE n=4: mixer=403us moe_residual=287us
[2m2026-09-06T02:11:18.289933Z[0m [32m INFO[0m [2mspark_model::layers::qwen3_ssm::trait_decode_multi_seq::ssm_batched[0m[2m:[0m ATLAS_SSM_DETAIL n=4: input_norm=10us qkvz=88us recurrent_ba=45us recurrent_conv=40us recurrent_gdn=100us recurrent_norm=36us recurrent_total_tail=1us out_proj=43us post_norm=11us
[2m2026-09-06T02:11:18.290218Z[0m [32m INFO[0m [2mspark_model::layers::qwen3_ssm::trait_decode_multi_seq[0m[2m:[0m ATLAS_SSM_MS_PROFILE n=4: mixer=403us moe_residual=279us
[2m2026-09-06T02:11:18.290627Z[0m [32m INFO[0m [2mspark_model::layers::qwen3_ssm::trait_decode_multi_seq::ssm_batched[0m[2m:[0m ATLAS_SSM_DETAIL n=4: input_norm=10us qkvz=88us recurrent_ba=45us recurrent_conv=41us recurrent_gdn=100us recurrent_norm=36us recurrent_total_tail=1us out_proj=44us post_norm=11us
[2m2026-09-06T02:11:18.290914Z[0m [32m INFO[0m [2mspark_model::layers::qwen3_ssm::trait_decode_multi_seq[0m[2m:[0m ATLAS_SSM_MS_PROFILE n=4: mixer=404us moe_residual=280us
[2m2026-09-06T02:11:18.291997Z[0m [32m INFO[0m [2mspark_model::layers::qwen3_ssm::trait_decode_multi_seq::ssm_batched[0m[2m:[0m ATLAS_SSM_DETAIL n=4: input_norm=11us qkvz=87us recurrent_ba=45us recurrent_conv=40us recurrent_gdn=98us recurrent_norm=36us recurrent_total_tail=1us out_proj=43us post_norm=12us
[2m2026-09-06T02:11:18.292285Z[0m [32m INFO[0m [2mspark_model::layers::qwen3_ssm::trait_decode_multi_seq[0m[2m:[0m ATLAS_SSM_MS_PROFILE n=4: mixer=403us moe_residual=280us
[2m2026-09-06T02:11:18.292691Z[0m [32m INFO[0m [2mspark_model::layers::qwen3_ssm::trait_decode_multi_seq::ssm_batched[0m[2m:[0m ATLAS_SSM_DETAIL n=4: input_norm=11us qkvz=88us recurrent_ba=45us recurrent_conv=40us recurrent_gdn=100us recurrent_norm=36us recurrent_total_tail=1us out_proj=43us post_norm=11us
[2m2026-09-06T02:11:18.292982Z[0m [32m INFO[0m [2mspark_model::layers::qwen3_ssm::trait_decode_multi_seq[0m[2m:[0m ATLAS_SSM_MS_PROFILE n=4: mixer=402us moe_residual=285us
[2m2026-09-06T02:11:18.293395Z[0m [32m INFO[0m [2mspark_model::layers::qwen3_ssm::trait_decode_multi_seq::ssm_batched[0m[2m:[0m ATLAS_SSM_DETAIL n=4: input_norm=11us qkvz=88us recurrent_ba=45us recurrent_conv=48us recurrent_gdn=99us recurrent_norm=36us recurrent_total_tail=1us out_proj=43us post_norm=11us
[2m2026-09-06T02:11:18.293683Z[0m [32m INFO[0m [2mspark_model::layers::qwen3_ssm::trait_decode_multi_seq[0m[2m:[0m ATLAS_SSM_MS_PROFILE n=4: mixer=411us moe_residual=280us
[2m2026-09-06T02:11:18.294766Z[0m [32m INFO[0m [2mspark_model::layers::qwen3_ssm::trait_decode_multi_seq::ssm_batched[0m[2m:[0m ATLAS_SSM_DETAIL n=4: input_norm=10us qkvz=87us recurrent_ba=46us recurrent_conv=41us recurrent_gdn=100us recurrent_norm=36us recurrent_total_tail=1us out_proj=43us post_norm=12us
[2m2026-09-06T02:11:18.295054Z[0m [32m INFO[0m [2mspark_model::layers::qwen3_ssm::trait_decode_multi_seq[0m[2m:[0m ATLAS_SSM_MS_PROFILE n=4: mixer=403us moe_residual=281us
[2m2026-09-06T02:11:18.295463Z[0m [32m INFO[0m [2mspark_model::layers::qwen3_ssm::trait_decode_multi_seq::ssm_batched[0m[2m:[0m ATLAS_SSM_DETAIL n=4: input_norm=11us qkvz=88us recurrent_ba=45us recurrent_conv=40us recurrent_gdn=100us recurrent_norm=36us recurrent_total_tail=1us out_proj=43us post_norm=11us
[2m2026-09-06T02:11:18.295750Z[0m [32m INFO[0m [2mspark_model::layers::qwen3_ssm::trait_decode_multi_seq[0m[2m:[0m ATLAS_SSM_MS_PROFILE n=4: mixer=403us moe_residual=280us
[2m2026-09-06T02:11:18.296154Z[0m [32m INFO[0m [2mspark_model::layers::qwen3_ssm::trait_decode_multi_seq::ssm_batched[0m[2m:[0m ATLAS_SSM_DETAIL n=4: input_norm=11us qkvz=87us recurrent_ba=45us recurrent_conv=40us recurrent_gdn=99us recurrent_norm=36us recurrent_total_tail=1us out_proj=43us post_norm=11us
[2m2026-09-06T02:11:18.296440Z[0m [32m INFO[0m [2mspark_model::layers::qwen3_ssm::trait_decode_multi_seq[0m[2m:[0m ATLAS_SSM_MS_PROFILE n=4: mixer=401us moe_residual=279us
[2m2026-09-06T02:11:18.297514Z[0m [32m INFO[0m [2mspark_model::layers::qwen3_ssm::trait_decode_multi_seq::ssm_batched[0m[2m:[0m ATLAS_SSM_DETAIL n=4: input_norm=11us qkvz=89us recurrent_ba=45us recurrent_conv=40us recurrent_gdn=98us recurrent_norm=36us recurrent_total_tail=1us out_proj=43us post_norm=11us
[2m2026-09-06T02:11:18.297802Z[0m [32m INFO[0m [2mspark_model::layers::qwen3_ssm::trait_decode_multi_seq[0m[2m:[0m ATLAS_SSM_MS_PROFILE n=4: mixer=400us moe_residual=281us
[2m2026-09-06T02:11:18.298207Z[0m [32m INFO[0m [2mspark_model::layers::qwen3_ssm::trait_decode_multi_seq::ssm_batched[0m[2m:[0m ATLAS_SSM_DETAIL n=4: input_norm=11us qkvz=87us recurrent_ba=45us recurrent_conv=40us recurrent_gdn=101us recurrent_norm=36us recurrent_total_tail=1us out_proj=44us post_norm=12us
[2m2026-09-06T02:11:18.298500Z[0m [32m INFO[0m [2mspark_model::layers::qwen3_ssm::trait_decode_multi_seq[0m[2m:[0m ATLAS_SSM_MS_PROFILE n=4: mixer=403us moe_residual=286us
[2m2026-09-06T02:11:18.298901Z[0m [32m INFO[0m [2mspark_model::layers::qwen3_ssm::trait_decode_multi_seq::ssm_batched[0m[2m:[0m ATLAS_SSM_DETAIL n=4: input_norm=11us qkvz=88us recurrent_ba=45us recurrent_conv=40us recurrent_gdn=98us recurrent_norm=36us recurrent_total_tail=1us out_proj=43us post_norm=11us
[2m2026-09-06T02:11:18.299188Z[0m [32m INFO[0m [2mspark_model::layers::qwen3_ssm::trait_decode_multi_seq[0m[2m:[0m ATLAS_SSM_MS_PROFILE n=4: mixer=397us moe_residual=281us
[2m2026-09-06T02:11:18.300264Z[0m [32m INFO[0m [2mspark_model::layers::qwen3_ssm::trait_decode_multi_seq::ssm_batched[0m[2m:[0m ATLAS_SSM_DETAIL n=4: input_norm=10us qkvz=88us recurrent_ba=45us recurrent_conv=40us recurrent_gdn=98us recurrent_norm=36us recurrent_total_tail=1us out_proj=43us post_norm=11us
[2m2026-09-06T02:11:18.300551Z[0m [32m INFO[0m [2mspark_model::layers::qwen3_ssm::trait_decode_multi_seq[0m[2m:[0m ATLAS_SSM_MS_PROFILE n=4: mixer=399us moe_residual=280us
[2m2026-09-06T02:11:18.300952Z[0m [32m INFO[0m [2mspark_model::layers::qwen3_ssm::trait_decode_multi_seq::ssm_batched[0m[2m:[0m ATLAS_SSM_DETAIL n=4: input_norm=11us qkvz=88us recurrent_ba=45us recurrent_conv=40us recurrent_gdn=99us recurrent_norm=36us recurrent_total_tail=1us out_proj=43us post_norm=11us
[2m2026-09-06T02:11:18.301238Z[0m [32m INFO[0m [2mspark_model::layers::qwen3_ssm::trait_decode_multi_seq[0m[2m:[0m ATLAS_SSM_MS_PROFILE n=4: mixer=398us moe_residual=280us
[2m2026-09-06T02:11:18.301639Z[0m [32m INFO[0m [2mspark_model::layers::qwen3_ssm::trait_decode_multi_seq::ssm_batched[0m[2m:[0m ATLAS_SSM_DETAIL n=4: input_norm=11us qkvz=87us recurrent_ba=45us recurrent_conv=40us recurrent_gdn=100us recurrent_norm=36us recurrent_total_tail=1us out_proj=43us post_norm=11us
[2m2026-09-06T02:11:18.301931Z[0m [32m INFO[0m [2mspark_model::layers::qwen3_ssm::trait_decode_multi_seq[0m[2m:[0m ATLAS_SSM_MS_PROFILE n=4: mixer=397us moe_residual=286us
[2m2026-09-06T02:11:18.303009Z[0m [32m INFO[0m [2mspark_model::layers::qwen3_ssm::trait_decode_multi_seq::ssm_batched[0m[2m:[0m ATLAS_SSM_DETAIL n=4: input_norm=11us qkvz=88us recurrent_ba=45us recurrent_conv=40us recurrent_gdn=99us recurrent_norm=36us recurrent_total_tail=1us out_proj=43us post_norm=11us
[2m2026-09-06T02:11:18.303306Z[0m [32m INFO[0m [2mspark_model::layers::qwen3_ssm::trait_decode_multi_seq[0m[2m:[0m ATLAS_SSM_MS_PROFILE n=4: mixer=400us moe_residual=290us
[2m2026-09-06T02:11:18.303716Z[0m [32m INFO[0m [2mspark_model::layers::qwen3_ssm::trait_decode_multi_seq::ssm_batched[0m[2m:[0m ATLAS_SSM_DETAIL n=4: input_norm=11us qkvz=92us recurrent_ba=45us recurrent_conv=40us recurrent_gdn=100us recurrent_norm=36us recurrent_total_tail=1us out_proj=44us post_norm=11us
[2m2026-09-06T02:11:18.304015Z[0m [32m INFO[0m [2mspark_model::layers::qwen3_ssm::trait_decode_multi_seq[0m[2m:[0m ATLAS_SSM_MS_PROFILE n=4: mixer=406us moe_residual=294us
[2m2026-09-06T02:11:18.304429Z[0m [32m INFO[0m [2mspark_model::layers::qwen3_ssm::trait_decode_multi_seq::ssm_batched[0m[2m:[0m ATLAS_SSM_DETAIL n=4: input_norm=11us qkvz=92us recurrent_ba=48us recurrent_conv=40us recurrent_gdn=100us recurrent_norm=36us recurrent_total_tail=1us out_proj=45us post_norm=11us
[2m2026-09-06T02:11:18.304729Z[0m [32m INFO[0m [2mspark_model::layers::qwen3_ssm::trait_decode_multi_seq[0m[2m:[0m ATLAS_SSM_MS_PROFILE n=4: mixer=411us moe_residual=293us
[2m2026-09-06T02:11:18.305841Z[0m [32m INFO[0m [2mspark_model::layers::qwen3_ssm::trait_decode_multi_seq::ssm_batched[0m[2m:[0m ATLAS_SSM_DETAIL n=4: input_norm=10us qkvz=91us recurrent_ba=45us recurrent_conv=40us recurrent_gdn=99us recurrent_norm=36us recurrent_total_tail=1us out_proj=45us post_norm=11us
[2m2026-09-06T02:11:18.306140Z[0m [32m INFO[0m [2mspark_model::layers::qwen3_ssm::trait_decode_multi_seq[0m[2m:[0m ATLAS_SSM_MS_PROFILE n=4: mixer=407us moe_residual=292us
[2m2026-09-06T02:11:18.306551Z[0m [32m INFO[0m [2mspark_model::layers::qwen3_ssm::trait_decode_multi_seq::ssm_batched[0m[2m:[0m ATLAS_SSM_DETAIL n=4: input_norm=11us qkvz=92us recurrent_ba=45us recurrent_conv=40us recurrent_gdn=100us recurrent_norm=36us recurrent_total_tail=1us out_proj=45us post_norm=11us
[2m2026-09-06T02:11:18.306850Z[0m [32m INFO[0m [2mspark_model::layers::qwen3_ssm::trait_decode_multi_seq[0m[2m:[0m ATLAS_SSM_MS_PROFILE n=4: mixer=407us moe_residual=293us
[2m2026-09-06T02:11:18.307256Z[0m [32m INFO[0m [2mspark_model::layers::qwen3_ssm::trait_decode_multi_seq::ssm_batched[0m[2m:[0m ATLAS_SSM_DETAIL n=4: input_norm=11us qkvz=91us recurrent_ba=45us recurrent_conv=40us recurrent_gdn=99us recurrent_norm=36us recurrent_total_tail=1us out_proj=44us post_norm=11us
[2m2026-09-06T02:11:18.307555Z[0m [32m INFO[0m [2mspark_model::layers::qwen3_ssm::trait_decode_multi_seq[0m[2m:[0m ATLAS_SSM_MS_PROFILE n=4: mixer=404us moe_residual=293us
[2m2026-09-06T02:11:18.308665Z[0m [32m INFO[0m [2mspark_model::layers::qwen3_ssm::trait_decode_multi_seq::ssm_batched[0m[2m:[0m ATLAS_SSM_DETAIL n=4: input_norm=11us qkvz=91us recurrent_ba=45us recurrent_conv=40us recurrent_gdn=100us recurrent_norm=36us recurrent_total_tail=1us out_proj=45us post_norm=11us
[2m2026-09-06T02:11:18.308965Z[0m [32m INFO[0m [2mspark_model::layers::qwen3_ssm::trait_decode_multi_seq[0m[2m:[0m ATLAS_SSM_MS_PROFILE n=4: mixer=404us moe_residual=293us
[2m2026-09-06T02:11:18.309371Z[0m [32m INFO[0m [2mspark_model::layers::qwen3_ssm::trait_decode_multi_seq::ssm_batched[0m[2m:[0m ATLAS_SSM_DETAIL n=4: input_norm=10us qkvz=91us recurrent_ba=45us recurrent_conv=40us recurrent_gdn=100us recurrent_norm=37us recurrent_total_tail=1us out_proj=44us post_norm=11us
[2m2026-09-06T02:11:18.309670Z[0m [32m INFO[0m [2mspark_model::layers::qwen3_ssm::trait_decode_multi_seq[0m[2m:[0m ATLAS_SSM_MS_PROFILE n=4: mixer=404us moe_residual=292us
[2m2026-09-06T02:11:18.310076Z[0m [32m INFO[0m [2mspark_model::layers::qwen3_ssm::trait_decode_multi_seq::ssm_batched[0m[2m:[0m ATLAS_SSM_DETAIL n=4: input_norm=11us qkvz=92us recurrent_ba=45us recurrent_conv=40us recurrent_gdn=99us recurrent_norm=36us recurrent_total_tail=1us out_proj=44us post_norm=11us
[2m2026-09-06T02:11:18.310377Z[0m [32m INFO[0m [2mspark_model::layers::qwen3_ssm::trait_decode_multi_seq[0m[2m:[0m ATLAS_SSM_MS_PROFILE n=4: mixer=405us moe_residual=294us
[2m2026-09-06T02:11:18.311489Z[0m [32m INFO[0m [2mspark_model::layers::qwen3_ssm::trait_decode_multi_seq::ssm_batched[0m[2m:[0m ATLAS_SSM_DETAIL n=4: input_norm=10us qkvz=92us recurrent_ba=45us recurrent_conv=40us recurrent_gdn=97us recurrent_norm=36us recurrent_total_tail=1us out_proj=44us post_norm=11us
[2m2026-09-06T02:11:18.311789Z[0m [32m INFO[0m [2mspark_model::layers::qwen3_ssm::trait_decode_multi_seq[0m[2m:[0m ATLAS_SSM_MS_PROFILE n=4: mixer=404us moe_residual=293us
[2m2026-09-06T02:11:18.312197Z[0m [32m INFO[0m [2mspark_model::layers::qwen3_ssm::trait_decode_multi_seq::ssm_batched[0m[2m:[0m ATLAS_SSM_DETAIL n=4: input_norm=11us qkvz=91us recurrent_ba=45us recurrent_conv=40us recurrent_gdn=98us recurrent_norm=38us recurrent_total_tail=1us out_proj=44us post_norm=11us
[2m2026-09-06T02:11:18.312495Z[0m [32m INFO[0m [2mspark_model::layers::qwen3_ssm::trait_decode_multi_seq[0m[2m:[0m ATLAS_SSM_MS_PROFILE n=4: mixer=405us moe_residual=292us
[2m2026-09-06T02:11:18.312908Z[0m [32m INFO[0m [2mspark_model::layers::qwen3_ssm::trait_decode_multi_seq::ssm_batched[0m[2m:[0m ATLAS_SSM_DETAIL n=4: input_norm=11us qkvz=91us recurrent_ba=45us recurrent_conv=41us recurrent_gdn=104us recurrent_norm=36us recurrent_total_tail=1us out_proj=45us post_norm=12us
[2m2026-09-06T02:11:18.313205Z[0m [32m INFO[0m [2mspark_model::layers::qwen3_ssm::trait_decode_multi_seq[0m[2m:[0m ATLAS_SSM_MS_PROFILE n=4: mixer=409us moe_residual=291us
[2m2026-09-06T02:11:18.314318Z[0m [32m INFO[0m [2mspark_model::layers::qwen3_ssm::trait_decode_multi_seq::ssm_batched[0m[2m:[0m ATLAS_SSM_DETAIL n=4: input_norm=11us qkvz=91us recurrent_ba=46us recurrent_conv=40us recurrent_gdn=99us recurrent_norm=36us recurrent_total_tail=1us out_proj=45us post_norm=11us
[2m2026-09-06T02:11:18.314618Z[0m [32m INFO[0m [2mspark_model::layers::qwen3_ssm::trait_decode_multi_seq[0m[2m:[0m ATLAS_SSM_MS_PROFILE n=4: mixer=406us moe_residual=293us
[2m2026-09-06T02:11:18.315024Z[0m [32m INFO[0m [2mspark_model::layers::qwen3_ssm::trait_decode_multi_seq::ssm_batched[0m[2m:[0m ATLAS_SSM_DETAIL n=4: input_norm=10us qkvz=91us recurrent_ba=45us recurrent_conv=40us recurrent_gdn=100us recurrent_norm=36us recurrent_total_tail=1us out_proj=44us post_norm=11us
[2m2026-09-06T02:11:18.315321Z[0m [32m INFO[0m [2mspark_model::layers::qwen3_ssm::trait_decode_multi_seq[0m[2m:[0m ATLAS_SSM_MS_PROFILE n=4: mixer=403us moe_residual=292us
[2m2026-09-06T02:11:18.315728Z[0m [32m INFO[0m [2mspark_model::layers::qwen3_ssm::trait_decode_multi_seq::ssm_batched[0m[2m:[0m ATLAS_SSM_DETAIL n=4: input_norm=11us qkvz=91us recurrent_ba=45us recurrent_conv=40us recurrent_gdn=100us recurrent_norm=36us recurrent_total_tail=1us out_proj=44us post_norm=11us
[2m2026-09-06T02:11:18.316029Z[0m [32m INFO[0m [2mspark_model::layers::qwen3_ssm::trait_decode_multi_seq[0m[2m:[0m ATLAS_SSM_MS_PROFILE n=4: mixer=403us moe_residual=294us
[2m2026-09-06T02:11:18.317148Z[0m [32m INFO[0m [2mspark_model::layers::qwen3_ssm::trait_decode_multi_seq::ssm_batched[0m[2m:[0m ATLAS_SSM_DETAIL n=4: input_norm=11us qkvz=92us recurrent_ba=45us recurrent_conv=40us recurrent_gdn=100us recurrent_norm=36us recurrent_total_tail=1us out_proj=45us post_norm=14us
[2m2026-09-06T02:11:18.317449Z[0m [32m INFO[0m [2mspark_model::layers::qwen3_ssm::trait_decode_multi_seq[0m[2m:[0m ATLAS_SSM_MS_PROFILE n=4: mixer=409us moe_residual=294us
[2m2026-09-06T02:11:18.317855Z[0m [32m INFO[0m [2mspark_model::layers::qwen3_ssm::trait_decode_multi_seq::ssm_batched[0m[2m:[0m ATLAS_SSM_DETAIL n=4: input_norm=10us qkvz=91us recurrent_ba=44us recurrent_conv=42us recurrent_gdn=99us recurrent_norm=36us recurrent_total_tail=1us out_proj=45us post_norm=11us
[2m2026-09-06T02:11:18.318157Z[0m [32m INFO[0m [2mspark_model::layers::qwen3_ssm::trait_decode_multi_seq[0m[2m:[0m ATLAS_SSM_MS_PROFILE n=4: mixer=405us moe_residual=294us
[2m2026-09-06T02:11:18.318561Z[0m [32m INFO[0m [2mspark_model::layers::qwen3_ssm::trait_decode_multi_seq::ssm_batched[0m[2m:[0m ATLAS_SSM_DETAIL n=4: input_norm=11us qkvz=91us recurrent_ba=44us recurrent_conv=40us recurrent_gdn=100us recurrent_norm=36us recurrent_total_tail=1us out_proj=45us post_norm=11us
[2m2026-09-06T02:11:18.318858Z[0m [32m INFO[0m [2mspark_model::layers::qwen3_ssm::trait_decode_multi_seq[0m[2m:[0m ATLAS_SSM_MS_PROFILE n=4: mixer=401us moe_residual=291us
[2m2026-09-06T02:11:18.319968Z[0m [32m INFO[0m [2mspark_model::layers::qwen3_ssm::trait_decode_multi_seq::ssm_batched[0m[2m:[0m ATLAS_SSM_DETAIL n=4: input_norm=11us qkvz=92us recurrent_ba=45us recurrent_conv=39us recurrent_gdn=99us recurrent_norm=36us recurrent_total_tail=1us out_proj=45us post_norm=11us
[2m2026-09-06T02:11:18.320267Z[0m [32m INFO[0m [2mspark_model::layers::qwen3_ssm::trait_decode_multi_seq[0m[2m:[0m ATLAS_SSM_MS_PROFILE n=4: mixer=403us moe_residual=293us
[2m2026-09-06T02:11:18.320673Z[0m [32m INFO[0m [2mspark_model::layers::qwen3_ssm::trait_decode_multi_seq::ssm_batched[0m[2m:[0m ATLAS_SSM_DETAIL n=4: input_norm=11us qkvz=91us recurrent_ba=44us recurrent_conv=40us recurrent_gdn=99us recurrent_norm=36us recurrent_total_tail=1us out_proj=44us post_norm=11us
[2m2026-09-06T02:11:18.320970Z[0m [32m INFO[0m [2mspark_model::layers::qwen3_ssm::trait_decode_multi_seq[0m[2m:[0m ATLAS_SSM_MS_PROFILE n=4: mixer=402us moe_residual=292us
[2m2026-09-06T02:11:18.321379Z[0m [32m INFO[0m [2mspark_model::layers::qwen3_ssm::trait_decode_multi_seq::ssm_batched[0m[2m:[0m ATLAS_SSM_DETAIL n=4: input_norm=10us qkvz=91us recurrent_ba=45us recurrent_conv=40us recurrent_gdn=99us recurrent_norm=40us recurrent_total_tail=1us out_proj=45us post_norm=11us
[2m2026-09-06T02:11:18.321677Z[0m [32m INFO[0m [2mspark_model::layers::qwen3_ssm::trait_decode_multi_seq[0m[2m:[0m ATLAS_SSM_MS_PROFILE n=4: mixer=406us moe_residual=292us
[2m2026-09-06T02:11:18.322784Z[0m [32m INFO[0m [2mspark_model::layers::qwen3_ssm::trait_decode_multi_seq::ssm_batched[0m[2m:[0m ATLAS_SSM_DETAIL n=4: input_norm=11us qkvz=91us recurrent_ba=43us recurrent_conv=39us recurrent_gdn=101us recurrent_norm=36us recurrent_total_tail=1us out_proj=45us post_norm=11us
[2m2026-09-06T02:11:18.323083Z[0m [32m INFO[0m [2mspark_model::layers::qwen3_ssm::trait_decode_multi_seq[0m[2m:[0m ATLAS_SSM_MS_PROFILE n=4: mixer=404us moe_residual=293us
[2m2026-09-06T02:11:18.323486Z[0m [32m INFO[0m [2mspark_model::layers::qwen3_ssm::trait_decode_multi_seq::ssm_batched[0m[2m:[0m ATLAS_SSM_DETAIL n=4: input_norm=10us qkvz=91us recurrent_ba=45us recurrent_conv=39us recurrent_gdn=98us recurrent_norm=36us recurrent_total_tail=1us out_proj=44us post_norm=11us
[2m2026-09-06T02:11:18.323793Z[0m [32m INFO[0m [2mspark_model::layers::qwen3_ssm::trait_decode_multi_seq[0m[2m:[0m ATLAS_SSM_MS_PROFILE n=4: mixer=401us moe_residual=300us
[2m2026-09-06T02:11:18.324197Z[0m [32m INFO[0m [2mspark_model::layers::qwen3_ssm::trait_decode_multi_seq::ssm_batched[0m[2m:[0m ATLAS_SSM_DETAIL n=4: input_norm=10us qkvz=91us recurrent_ba=45us recurrent_conv=40us recurrent_gdn=100us recurrent_norm=36us recurrent_total_tail=1us out_proj=44us post_norm=11us
[2m2026-09-06T02:11:18.324497Z[0m [32m INFO[0m [2mspark_model::layers::qwen3_ssm::trait_decode_multi_seq[0m[2m:[0m ATLAS_SSM_MS_PROFILE n=4: mixer=402us moe_residual=294us
[2m2026-09-06T02:11:18.326165Z[0m [32m INFO[0m [2mspark_model::model::trait_impl::decode_a2[0m[2m:[0m ATLAS_MS_PROFILE n=4 padded_n=4: total=45462us  ssm=33513us(48L)  attn=10991us(16L)  head=958us  [per-tok 11.37ms]
[2m2026-09-06T02:11:18.329882Z[0m [32m INFO[0m [2mspark::scheduler::mtp_accept_debug[0m[2m:[0m Done: 4 tokens (stop) 3.6 tok/s, TTFT=324.6ms, serial=1.00 mtp=0.00 p1=0.000 mean_na=0.000 tok_step=1.000 regime_reprobes=0
[2m2026-09-06T02:11:18.330270Z[0m [32m INFO[0m [2mspark_model::model::trait_impl::decode_checkpoint[0m[2m:[0m Saved finish-leaf SSM snapshot 8 for 79 tokens
[2m2026-09-06T02:11:18.330999Z[0m [32m INFO[0m [2mspark::scheduler::prefill_a_step[0m[2m:[0m Chunked prefill start: 77 prompt tokens, chunk_size=77, max_tokens=32
[2m2026-09-06T02:11:18.332117Z[0m [32m INFO[0m [2mspark_model::model::trait_impl::prefill_b::prefix_lookup[0m[2m:[0m Prefix cache hit: 16 tokens (1 blocks) but no SSM snapshot — recomputing all KV
[2m2026-09-06T02:11:18.358536Z[0m [32m INFO[0m [2mspark_model::model::trait_impl::prefill_b::save_checkpoint[0m[2m:[0m Intermediate SSM checkpoint saved at token 48 (snapshot_id 2, block 3)
[2m2026-09-06T02:11:18.530689Z[0m [32m INFO[0m [2mspark_model::model::trait_impl::prefill_b::finalize_last[0m[2m:[0m Saved SSM snapshot 5 for 77 tokens (5 blocks) [chunk]
[2m2026-09-06T02:11:18.655458Z[0m [32m INFO[0m [2mspark::scheduler::prefill_a_step[0m[2m:[0m Prefill first token: 19
[2m2026-09-06T02:11:18.655467Z[0m [32m INFO[0m [2mspark::scheduler::phase_start_prefills[0m[2m:[0m Prefilled (single chunk): seq_len=77, remaining=31
[2m2026-09-06T02:11:18.655922Z[0m [32m INFO[0m [2mspark_model::layers::qwen3_ssm::trait_decode_multi_seq::ssm_batched[0m[2m:[0m ATLAS_SSM_DETAIL n=4: input_norm=12us qkvz=90us recurrent_ba=44us recurrent_conv=41us recurrent_gdn=99us recurrent_norm=36us recurrent_total_tail=1us out_proj=43us post_norm=11us
[2m2026-09-06T02:11:18.656210Z[0m [32m INFO[0m [2mspark_model::layers::qwen3_ssm::trait_decode_multi_seq[0m[2m:[0m ATLAS_SSM_MS_PROFILE n=4: mixer=408us moe_residual=282us
[2m2026-09-06T02:11:18.656609Z[0m [32m INFO[0m [2mspark_model::layers::qwen3_ssm::trait_decode_multi_seq::ssm_batched[0m[2m:[0m ATLAS_SSM_DETAIL n=4: input_norm=10us qkvz=87us recurrent_ba=44us recurrent_conv=39us recurrent_gdn=96us recurrent_norm=36us recurrent_total_tail=1us out_proj=43us post_norm=11us
[2m2026-09-06T02:11:18.656900Z[0m [32m INFO[0m [2mspark_model::layers::qwen3_ssm::trait_decode_multi_seq[0m[2m:[0m ATLAS_SSM_MS_PROFILE n=4: mixer=394us moe_residual=285us
[2m2026-09-06T02:11:18.657298Z[0m [32m INFO[0m [2mspark_model::layers::qwen3_ssm::trait_decode_multi_seq::ssm_batched[0m[2m:[0m ATLAS_SSM_DETAIL n=4: input_norm=10us qkvz=87us recurrent_ba=45us recurrent_conv=40us recurrent_gdn=98us recurrent_norm=36us recurrent_total_tail=1us out_proj=43us post_norm=11us
[2m2026-09-06T02:11:18.657592Z[0m [32m INFO[0m [2mspark_model::layers::qwen3_ssm::trait_decode_multi_seq[0m[2m:[0m ATLAS_SSM_MS_PROFILE n=4: mixer=396us moe_residual=288us
[2m2026-09-06T02:11:18.658661Z[0m [32m INFO[0m [2mspark_model::layers::qwen3_ssm::trait_decode_multi_seq::ssm_batched[0m[2m:[0m ATLAS_SSM_DETAIL n=4: input_norm=10us qkvz=87us recurrent_ba=43us recurrent_conv=40us recurrent_gdn=96us recurrent_norm=35us recurrent_total_tail=1us out_proj=43us post_norm=11us
[2m2026-09-06T02:11:18.658948Z[0m [32m INFO[0m [2mspark_model::layers::qwen3_ssm::trait_decode_multi_seq[0m[2m:[0m ATLAS_SSM_MS_PROFILE n=4: mixer=393us moe_residual=280us
[2m2026-09-06T02:11:18.659344Z[0m [32m INFO[0m [2mspark_model::layers::qwen3_ssm::trait_decode_multi_seq::ssm_batched[0m[2m:[0m ATLAS_SSM_DETAIL n=4: input_norm=10us qkvz=87us recurrent_ba=45us recurrent_conv=40us recurrent_gdn=96us recurrent_norm=36us recurrent_total_tail=1us out_proj=43us post_norm=11us
[2m2026-09-06T02:11:18.659632Z[0m [32m INFO[0m [2mspark_model::layers::qwen3_ssm::trait_decode_multi_seq[0m[2m:[0m ATLAS_SSM_MS_PROFILE n=4: mixer=395us moe_residual=280us
[2m2026-09-06T02:11:18.660027Z[0m [32m INFO[0m [2mspark_model::layers::qwen3_ssm::trait_decode_multi_seq::ssm_batched[0m[2m:[0m ATLAS_SSM_DETAIL n=4: input_norm=10us qkvz=87us recurrent_ba=45us recurrent_conv=40us recurrent_gdn=96us recurrent_norm=36us recurrent_total_tail=1us out_proj=43us post_norm=11us
[2m2026-09-06T02:11:18.660320Z[0m [32m INFO[0m [2mspark_model::layers::qwen3_ssm::trait_decode_multi_seq[0m[2m:[0m ATLAS_SSM_MS_PROFILE n=4: mixer=392us moe_residual=287us
[2m2026-09-06T02:11:18.661399Z[0m [32m INFO[0m [2mspark_model::layers::qwen3_ssm::trait_decode_multi_seq::ssm_batched[0m[2m:[0m ATLAS_SSM_DETAIL n=4: input_norm=10us qkvz=87us recurrent_ba=44us recurrent_conv=39us recurrent_gdn=100us recurrent_norm=36us recurrent_total_tail=1us out_proj=43us post_norm=11us
[2m2026-09-06T02:11:18.661693Z[0m [32m INFO[0m [2mspark_model::layers::qwen3_ssm::trait_decode_multi_seq[0m[2m:[0m ATLAS_SSM_MS_PROFILE n=4: mixer=398us moe_residual=287us
[2m2026-09-06T02:11:18.662086Z[0m [32m INFO[0m [2mspark_model::layers::qwen3_ssm::trait_decode_multi_seq::ssm_batched[0m[2m:[0m ATLAS_SSM_DETAIL n=4: input_norm=10us qkvz=87us recurrent_ba=43us recurrent_conv=37us recurrent_gdn=97us recurrent_norm=36us recurrent_total_tail=1us out_proj=43us post_norm=11us
[2m2026-09-06T02:11:18.662370Z[0m [32m INFO[0m [2mspark_model::layers::qwen3_ssm::trait_decode_multi_seq[0m[2m:[0m ATLAS_SSM_MS_PROFILE n=4: mixer=391us moe_residual=278us
[2m2026-09-06T02:11:18.662766Z[0m [32m INFO[0m [2mspark_model::layers::qwen3_ssm::trait_decode_multi_seq::ssm_batched[0m[2m:[0m ATLAS_SSM_DETAIL n=4: input_norm=10us qkvz=87us recurrent_ba=44us recurrent_conv=39us recurrent_gdn=98us recurrent_norm=36us recurrent_total_tail=1us out_proj=43us post_norm=11us
[2m2026-09-06T02:11:18.663050Z[0m [32m INFO[0m [2mspark_model::layers::qwen3_ssm::trait_decode_multi_seq[0m[2m:[0m ATLAS_SSM_MS_PROFILE n=4: mixer=392us moe_residual=279us
[2m2026-09-06T02:11:18.664127Z[0m [32m INFO[0m [2mspark_model::layers::qwen3_ssm::trait_decode_multi_seq::ssm_batched[0m[2m:[0m ATLAS_SSM_DETAIL n=4: input_norm=10us qkvz=87us recurrent_ba=44us recurrent_conv=39us recurrent_gdn=96us recurrent_norm=36us recurrent_total_tail=1us out_proj=42us post_norm=11us
[2m2026-09-06T02:11:18.664418Z[0m [32m INFO[0m [2mspark_model::layers::qwen3_ssm::trait_decode_multi_seq[0m[2m:[0m ATLAS_SSM_MS_PROFILE n=4: mixer=395us moe_residual=282us
[2m2026-09-06T02:11:18.664814Z[0m [32m INFO[0m [2mspark_model::layers::qwen3_ssm::trait_decode_multi_seq::ssm_batched[0m[2m:[0m ATLAS_SSM_DETAIL n=4: input_norm=11us qkvz=87us recurrent_ba=45us recurrent_conv=39us recurrent_gdn=96us recurrent_norm=36us recurrent_total_tail=1us out_proj=43us post_norm=11us
[2m2026-09-06T02:11:18.665099Z[0m [32m INFO[0m [2mspark_model::layers::qwen3_ssm::trait_decode_multi_seq[0m[2m:[0m ATLAS_SSM_MS_PROFILE n=4: mixer=392us moe_residual=279us
[2m2026-09-06T02:11:18.665494Z[0m [32m INFO[0m [2mspark_model::layers::qwen3_ssm::trait_decode_multi_seq::ssm_batched[0m[2m:[0m ATLAS_SSM_DETAIL n=4: input_norm=10us qkvz=87us recurrent_ba=44us recurrent_conv=40us recurrent_gdn=97us recurrent_norm=36us recurrent_total_tail=1us out_proj=43us post_norm=11us
[2m2026-09-06T02:11:18.665781Z[0m [32m INFO[0m [2mspark_model::layers::qwen3_ssm::trait_decode_multi_seq[0m[2m:[0m ATLAS_SSM_MS_PROFILE n=4: mixer=393us moe_residual=281us
[2m2026-09-06T02:11:18.666854Z[0m [32m INFO[0m [2mspark_model::layers::qwen3_ssm::trait_decode_multi_seq::ssm_batched[0m[2m:[0m ATLAS_SSM_DETAIL n=4: input_norm=10us qkvz=87us recurrent_ba=45us recurrent_conv=38us recurrent_gdn=97us recurrent_norm=36us recurrent_total_tail=1us out_proj=43us post_norm=11us
[2m2026-09-06T02:11:18.667140Z[0m [32m INFO[0m [2mspark_model::layers::qwen3_ssm::trait_decode_multi_seq[0m[2m:[0m ATLAS_SSM_MS_PROFILE n=4: mixer=393us moe_residual=280us
[2m2026-09-06T02:11:18.667533Z[0m [32m INFO[0m [2mspark_model::layers::qwen3_ssm::trait_decode_multi_seq::ssm_batched[0m[2m:[0m ATLAS_SSM_DETAIL n=4: input_norm=10us qkvz=87us recurrent_ba=42us recurrent_conv=39us recurrent_gdn=97us recurrent_norm=35us recurrent_total_tail=1us out_proj=42us post_norm=11us
[2m2026-09-06T02:11:18.667817Z[0m [32m INFO[0m [2mspark_model::layers::qwen3_ssm::trait_decode_multi_seq[0m[2m:[0m ATLAS_SSM_MS_PROFILE n=4: mixer=389us moe_residual=279us
[2m2026-09-06T02:11:18.668211Z[0m [32m INFO[0m [2mspark_model::layers::qwen3_ssm::trait_decode_multi_seq::ssm_batched[0m[2m:[0m ATLAS_SSM_DETAIL n=4: input_norm=10us qkvz=87us recurrent_ba=44us recurrent_conv=37us recurrent_gdn=96us recurrent_norm=35us recurrent_total_tail=1us out_proj=43us post_norm=11us
[2m2026-09-06T02:11:18.668500Z[0m [32m INFO[0m [2mspark_model::layers::qwen3_ssm::trait_decode_multi_seq[0m[2m:[0m ATLAS_SSM_MS_PROFILE n=4: mixer=393us moe_residual=281us
[2m2026-09-06T02:11:18.669571Z[0m [32m INFO[0m [2mspark_model::layers::qwen3_ssm::trait_decode_multi_seq::ssm_batched[0m[2m:[0m ATLAS_SSM_DETAIL n=4: input_norm=10us qkvz=87us recurrent_ba=43us recurrent_conv=39us recurrent_gdn=98us recurrent_norm=34us recurrent_total_tail=1us out_proj=43us post_norm=11us
[2m2026-09-06T02:11:18.669856Z[0m [32m INFO[0m [2mspark_model::layers::qwen3_ssm::trait_decode_multi_seq[0m[2m:[0m ATLAS_SSM_MS_PROFILE n=4: mixer=392us moe_residual=279us
[2m2026-09-06T02:11:18.670252Z[0m [32m INFO[0m [2mspark_model::layers::qwen3_ssm::trait_decode_multi_seq::ssm_batched[0m[2m:[0m ATLAS_SSM_DETAIL n=4: input_norm=11us qkvz=86us recurrent_ba=44us recurrent_conv=38us recurrent_gdn=96us recurrent_norm=38us recurrent_total_tail=1us out_proj=43us post_norm=11us
[2m2026-09-06T02:11:18.670546Z[0m [32m INFO[0m [2mspark_model::layers::qwen3_ssm::trait_decode_multi_seq[0m[2m:[0m ATLAS_SSM_MS_PROFILE n=4: mixer=393us moe_residual=288us
[2m2026-09-06T02:11:18.670940Z[0m [32m INFO[0m [2mspark_model::layers::qwen3_ssm::trait_decode_multi_seq::ssm_batched[0m[2m:[0m ATLAS_SSM_DETAIL n=4: input_norm=10us qkvz=87us recurrent_ba=43us recurrent_conv=39us recurrent_gdn=96us recurrent_norm=36us recurrent_total_tail=1us out_proj=43us post_norm=11us
[2m2026-09-06T02:11:18.671230Z[0m [32m INFO[0m [2mspark_model::layers::qwen3_ssm::trait_decode_multi_seq[0m[2m:[0m ATLAS_SSM_MS_PROFILE n=4: mixer=391us moe_residual=285us
[2m2026-09-06T02:11:18.672306Z[0m [32m INFO[0m [2mspark_model::layers::qwen3_ssm::trait_decode_multi_seq::ssm_batched[0m[2m:[0m ATLAS_SSM_DETAIL n=4: input_norm=10us qkvz=87us recurrent_ba=42us recurrent_conv=39us recurrent_gdn=96us recurrent_norm=35us recurrent_total_tail=1us out_proj=42us post_norm=11us
[2m2026-09-06T02:11:18.672594Z[0m [32m INFO[0m [2mspark_model::layers::qwen3_ssm::trait_decode_multi_seq[0m[2m:[0m ATLAS_SSM_MS_PROFILE n=4: mixer=394us moe_residual=282us
[2m2026-09-06T02:11:18.672987Z[0m [32m INFO[0m [2mspark_model::layers::qwen3_ssm::trait_decode_multi_seq::ssm_batched[0m[2m:[0m ATLAS_SSM_DETAIL n=4: input_norm=10us qkvz=87us recurrent_ba=44us recurrent_conv=38us recurrent_gdn=97us recurrent_norm=36us recurrent_total_tail=1us out_proj=43us post_norm=11us
[2m2026-09-06T02:11:18.673273Z[0m [32m INFO[0m [2mspark_model::layers::qwen3_ssm::trait_decode_multi_seq[0m[2m:[0m ATLAS_SSM_MS_PROFILE n=4: mixer=391us moe_residual=280us
[2m2026-09-06T02:11:18.673668Z[0m [32m INFO[0m [2mspark_model::layers::qwen3_ssm::trait_decode_multi_seq::ssm_batched[0m[2m:[0m ATLAS_SSM_DETAIL n=4: input_norm=10us qkvz=87us recurrent_ba=45us recurrent_conv=38us recurrent_gdn=97us recurrent_norm=36us recurrent_total_tail=1us out_proj=43us post_norm=11us
[2m2026-09-06T02:11:18.673959Z[0m [32m INFO[0m [2mspark_model::layers::qwen3_ssm::trait_decode_multi_seq[0m[2m:[0m ATLAS_SSM_MS_PROFILE n=4: mixer=392us moe_residual=285us
[2m2026-09-06T02:11:18.675028Z[0m [32m INFO[0m [2mspark_model::layers::qwen3_ssm::trait_decode_multi_seq::ssm_batched[0m[2m:[0m ATLAS_SSM_DETAIL n=4: input_norm=10us qkvz=87us recurrent_ba=43us recurrent_conv=39us recurrent_gdn=97us recurrent_norm=36us recurrent_total_tail=1us out_proj=43us post_norm=11us
[2m2026-09-06T02:11:18.675314Z[0m [32m INFO[0m [2mspark_model::layers::qwen3_ssm::trait_decode_multi_seq[0m[2m:[0m ATLAS_SSM_MS_PROFILE n=4: mixer=391us moe_residual=280us
[2m2026-09-06T02:11:18.675708Z[0m [32m INFO[0m [2mspark_model::layers::qwen3_ssm::trait_decode_multi_seq::ssm_batched[0m[2m:[0m ATLAS_SSM_DETAIL n=4: input_norm=10us qkvz=87us recurrent_ba=44us recurrent_conv=40us recurrent_gdn=96us recurrent_norm=35us recurrent_total_tail=1us out_proj=43us post_norm=11us
[2m2026-09-06T02:11:18.675996Z[0m [32m INFO[0m [2mspark_model::layers::qwen3_ssm::trait_decode_multi_seq[0m[2m:[0m ATLAS_SSM_MS_PROFILE n=4: mixer=392us moe_residual=281us
[2m2026-09-06T02:11:18.676390Z[0m [32m INFO[0m [2mspark_model::layers::qwen3_ssm::trait_decode_multi_seq::ssm_batched[0m[2m:[0m ATLAS_SSM_DETAIL n=4: input_norm=10us qkvz=87us recurrent_ba=45us recurrent_conv=39us recurrent_gdn=97us recurrent_norm=35us recurrent_total_tail=1us out_proj=43us post_norm=11us
[2m2026-09-06T02:11:18.676677Z[0m [32m INFO[0m [2mspark_model::layers::qwen3_ssm::trait_decode_multi_seq[0m[2m:[0m ATLAS_SSM_MS_PROFILE n=4: mixer=392us moe_residual=280us
[2m2026-09-06T02:11:18.677748Z[0m [32m INFO[0m [2mspark_model::layers::qwen3_ssm::trait_decode_multi_seq::ssm_batched[0m[2m:[0m ATLAS_SSM_DETAIL n=4: input_norm=10us qkvz=87us recurrent_ba=43us recurrent_conv=39us recurrent_gdn=98us recurrent_norm=36us recurrent_total_tail=1us out_proj=42us post_norm=11us
[2m2026-09-06T02:11:18.678040Z[0m [32m INFO[0m [2mspark_model::layers::qwen3_ssm::trait_decode_multi_seq[0m[2m:[0m ATLAS_SSM_MS_PROFILE n=4: mixer=392us moe_residual=286us
[2m2026-09-06T02:11:18.678435Z[0m [32m INFO[0m [2mspark_model::layers::qwen3_ssm::trait_decode_multi_seq::ssm_batched[0m[2m:[0m ATLAS_SSM_DETAIL n=4: input_norm=10us qkvz=87us recurrent_ba=43us recurrent_conv=38us recurrent_gdn=96us recurrent_norm=36us recurrent_total_tail=1us out_proj=43us post_norm=11us
[2m2026-09-06T02:11:18.678721Z[0m [32m INFO[0m [2mspark_model::layers::qwen3_ssm::trait_decode_multi_seq[0m[2m:[0m ATLAS_SSM_MS_PROFILE n=4: mixer=392us moe_residual=280us
[2m2026-09-06T02:11:18.679117Z[0m [32m INFO[0m [2mspark_model::layers::qwen3_ssm::trait_decode_multi_seq::ssm_batched[0m[2m:[0m ATLAS_SSM_DETAIL n=4: input_norm=10us qkvz=87us recurrent_ba=45us recurrent_conv=39us recurrent_gdn=96us recurrent_norm=36us recurrent_total_tail=1us out_proj=43us post_norm=11us
[2m2026-09-06T02:11:18.679401Z[0m [32m INFO[0m [2mspark_model::layers::qwen3_ssm::trait_decode_multi_seq[0m[2m:[0m ATLAS_SSM_MS_PROFILE n=4: mixer=393us moe_residual=279us
[2m2026-09-06T02:11:18.680469Z[0m [32m INFO[0m [2mspark_model::layers::qwen3_ssm::trait_decode_multi_seq::ssm_batched[0m[2m:[0m ATLAS_SSM_DETAIL n=4: input_norm=10us qkvz=86us recurrent_ba=44us recurrent_conv=39us recurrent_gdn=96us recurrent_norm=36us recurrent_total_tail=1us out_proj=42us post_norm=11us
[2m2026-09-06T02:11:18.680760Z[0m [32m INFO[0m [2mspark_model::layers::qwen3_ssm::trait_decode_multi_seq[0m[2m:[0m ATLAS_SSM_MS_PROFILE n=4: mixer=390us moe_residual=285us
[2m2026-09-06T02:11:18.681154Z[0m [32m INFO[0m [2mspark_model::layers::qwen3_ssm::trait_decode_multi_seq::ssm_batched[0m[2m:[0m ATLAS_SSM_DETAIL n=4: input_norm=11us qkvz=87us recurrent_ba=43us recurrent_conv=38us recurrent_gdn=96us recurrent_norm=35us recurrent_total_tail=1us out_proj=43us post_norm=11us
[2m2026-09-06T02:11:18.681440Z[0m [32m INFO[0m [2mspark_model::layers::qwen3_ssm::trait_decode_multi_seq[0m[2m:[0m ATLAS_SSM_MS_PROFILE n=4: mixer=391us moe_residual=280us
[2m2026-09-06T02:11:18.681834Z[0m [32m INFO[0m [2mspark_model::layers::qwen3_ssm::trait_decode_multi_seq::ssm_batched[0m[2m:[0m ATLAS_SSM_DETAIL n=4: input_norm=10us qkvz=87us recurrent_ba=44us recurrent_conv=40us recurrent_gdn=97us recurrent_norm=36us recurrent_total_tail=1us out_proj=42us post_norm=11us
[2m2026-09-06T02:11:18.682128Z[0m [32m INFO[0m [2mspark_model::layers::qwen3_ssm::trait_decode_multi_seq[0m[2m:[0m ATLAS_SSM_MS_PROFILE n=4: mixer=392us moe_residual=288us
[2m2026-09-06T02:11:18.683214Z[0m [32m INFO[0m [2mspark_model::layers::qwen3_ssm::trait_decode_multi_seq::ssm_batched[0m[2m:[0m ATLAS_SSM_DETAIL n=4: input_norm=10us qkvz=87us recurrent_ba=44us recurrent_conv=39us recurrent_gdn=108us recurrent_norm=35us recurrent_total_tail=1us out_proj=43us post_norm=11us
[2m2026-09-06T02:11:18.683501Z[0m [32m INFO[0m [2mspark_model::layers::qwen3_ssm::trait_decode_multi_seq[0m[2m:[0m ATLAS_SSM_MS_PROFILE n=4: mixer=404us moe_residual=279us
[2m2026-09-06T02:11:18.683893Z[0m [32m INFO[0m [2mspark_model::layers::qwen3_ssm::trait_decode_multi_seq::ssm_batched[0m[2m:[0m ATLAS_SSM_DETAIL n=4: input_norm=10us qkvz=86us recurrent_ba=42us recurrent_conv=39us recurrent_gdn=97us recurrent_norm=36us recurrent_total_tail=1us out_proj=43us post_norm=11us
[2m2026-09-06T02:11:18.684178Z[0m [32m INFO[0m [2mspark_model::layers::qwen3_ssm::trait_decode_multi_seq[0m[2m:[0m ATLAS_SSM_MS_PROFILE n=4: mixer=389us moe_residual=279us
[2m2026-09-06T02:11:18.684574Z[0m [32m INFO[0m [2mspark_model::layers::qwen3_ssm::trait_decode_multi_seq::ssm_batched[0m[2m:[0m ATLAS_SSM_DETAIL n=4: input_norm=11us qkvz=87us recurrent_ba=44us recurrent_conv=39us recurrent_gdn=96us recurrent_norm=34us recurrent_total_tail=1us out_proj=43us post_norm=11us
[2m2026-09-06T02:11:18.684867Z[0m [32m INFO[0m [2mspark_model::layers::qwen3_ssm::trait_decode_multi_seq[0m[2m:[0m ATLAS_SSM_MS_PROFILE n=4: mixer=391us moe_residual=287us
[2m2026-09-06T02:11:18.685936Z[0m [32m INFO[0m [2mspark_model::layers::qwen3_ssm::trait_decode_multi_seq::ssm_batched[0m[2m:[0m ATLAS_SSM_DETAIL n=4: input_norm=11us qkvz=87us recurrent_ba=45us recurrent_conv=39us recurrent_gdn=96us recurrent_norm=35us recurrent_total_tail=1us out_proj=43us post_norm=11us
[2m2026-09-06T02:11:18.686222Z[0m [32m INFO[0m [2mspark_model::layers::qwen3_ssm::trait_decode_multi_seq[0m[2m:[0m ATLAS_SSM_MS_PROFILE n=4: mixer=392us moe_residual=280us
[2m2026-09-06T02:11:18.686617Z[0m [32m INFO[0m [2mspark_model::layers::qwen3_ssm::trait_decode_multi_seq::ssm_batched[0m[2m:[0m ATLAS_SSM_DETAIL n=4: input_norm=10us qkvz=86us recurrent_ba=44us recurrent_conv=39us recurrent_gdn=98us recurrent_norm=35us recurrent_total_tail=1us out_proj=43us post_norm=11us
[2m2026-09-06T02:11:18.686908Z[0m [32m INFO[0m [2mspark_model::layers::qwen3_ssm::trait_decode_multi_seq[0m[2m:[0m ATLAS_SSM_MS_PROFILE n=4: mixer=390us moe_residual=286us
[2m2026-09-06T02:11:18.687304Z[0m [32m INFO[0m [2mspark_model::layers::qwen3_ssm::trait_decode_multi_seq::ssm_batched[0m[2m:[0m ATLAS_SSM_DETAIL n=4: input_norm=10us qkvz=87us recurrent_ba=48us recurrent_conv=38us recurrent_gdn=96us recurrent_norm=36us recurrent_total_tail=1us out_proj=42us post_norm=11us
[2m2026-09-06T02:11:18.687591Z[0m [32m INFO[0m [2mspark_model::layers::qwen3_ssm::trait_decode_multi_seq[0m[2m:[0m ATLAS_SSM_MS_PROFILE n=4: mixer=394us moe_residual=281us
[2m2026-09-06T02:11:18.688671Z[0m [32m INFO[0m [2mspark_model::layers::qwen3_ssm::trait_decode_multi_seq::ssm_batched[0m[2m:[0m ATLAS_SSM_DETAIL n=4: input_norm=10us qkvz=87us recurrent_ba=44us recurrent_conv=42us recurrent_gdn=97us recurrent_norm=35us recurrent_total_tail=1us out_proj=43us post_norm=11us
[2m2026-09-06T02:11:18.688958Z[0m [32m INFO[0m [2mspark_model::layers::qwen3_ssm::trait_decode_multi_seq[0m[2m:[0m ATLAS_SSM_MS_PROFILE n=4: mixer=396us moe_residual=281us
[2m2026-09-06T02:11:18.689353Z[0m [32m INFO[0m [2mspark_model::layers::qwen3_ssm::trait_decode_multi_seq::ssm_batched[0m[2m:[0m ATLAS_SSM_DETAIL n=4: input_norm=10us qkvz=87us recurrent_ba=44us recurrent_conv=38us recurrent_gdn=97us recurrent_norm=36us recurrent_total_tail=1us out_proj=43us post_norm=11us
[2m2026-09-06T02:11:18.689638Z[0m [32m INFO[0m [2mspark_model::layers::qwen3_ssm::trait_decode_multi_seq[0m[2m:[0m ATLAS_SSM_MS_PROFILE n=4: mixer=392us moe_residual=279us
[2m2026-09-06T02:11:18.690032Z[0m [32m INFO[0m [2mspark_model::layers::qwen3_ssm::trait_decode_multi_seq::ssm_batched[0m[2m:[0m ATLAS_SSM_DETAIL n=4: input_norm=10us qkvz=87us recurrent_ba=45us recurrent_conv=38us recurrent_gdn=96us recurrent_norm=34us recurrent_total_tail=1us out_proj=43us post_norm=11us
[2m2026-09-06T02:11:18.690324Z[0m [32m INFO[0m [2mspark_model::layers::qwen3_ssm::trait_decode_multi_seq[0m[2m:[0m ATLAS_SSM_MS_PROFILE n=4: mixer=391us moe_residual=287us
[2m2026-09-06T02:11:18.691401Z[0m [32m INFO[0m [2mspark_model::layers::qwen3_ssm::trait_decode_multi_seq::ssm_batched[0m[2m:[0m ATLAS_SSM_DETAIL n=4: input_norm=11us qkvz=87us recurrent_ba=44us recurrent_conv=40us recurrent_gdn=96us recurrent_norm=35us recurrent_total_tail=1us out_proj=42us post_norm=11us
[2m2026-09-06T02:11:18.691689Z[0m [32m INFO[0m [2mspark_model::layers::qwen3_ssm::trait_decode_multi_seq[0m[2m:[0m ATLAS_SSM_MS_PROFILE n=4: mixer=392us moe_residual=282us
[2m2026-09-06T02:11:18.692082Z[0m [32m INFO[0m [2mspark_model::layers::qwen3_ssm::trait_decode_multi_seq::ssm_batched[0m[2m:[0m ATLAS_SSM_DETAIL n=4: input_norm=10us qkvz=87us recurrent_ba=45us recurrent_conv=39us recurrent_gdn=96us recurrent_norm=34us recurrent_total_tail=1us out_proj=43us post_norm=11us
[2m2026-09-06T02:11:18.692374Z[0m [32m INFO[0m [2mspark_model::layers::qwen3_ssm::trait_decode_multi_seq[0m[2m:[0m ATLAS_SSM_MS_PROFILE n=4: mixer=390us moe_residual=286us
[2m2026-09-06T02:11:18.692768Z[0m [32m INFO[0m [2mspark_model::layers::qwen3_ssm::trait_decode_multi_seq::ssm_batched[0m[2m:[0m ATLAS_SSM_DETAIL n=4: input_norm=10us qkvz=87us recurrent_ba=45us recurrent_conv=39us recurrent_gdn=96us recurrent_norm=35us recurrent_total_tail=1us out_proj=43us post_norm=11us
[2m2026-09-06T02:11:18.693054Z[0m [32m INFO[0m [2mspark_model::layers::qwen3_ssm::trait_decode_multi_seq[0m[2m:[0m ATLAS_SSM_MS_PROFILE n=4: mixer=390us moe_residual=280us
[2m2026-09-06T02:11:18.694131Z[0m [32m INFO[0m [2mspark_model::layers::qwen3_ssm::trait_decode_multi_seq::ssm_batched[0m[2m:[0m ATLAS_SSM_DETAIL n=4: input_norm=10us qkvz=86us recurrent_ba=44us recurrent_conv=38us recurrent_gdn=97us recurrent_norm=35us recurrent_total_tail=1us out_proj=43us post_norm=11us
[2m2026-09-06T02:11:18.694426Z[0m [32m INFO[0m [2mspark_model::layers::qwen3_ssm::trait_decode_multi_seq[0m[2m:[0m ATLAS_SSM_MS_PROFILE n=4: mixer=396us moe_residual=286us
[2m2026-09-06T02:11:18.694820Z[0m [32m INFO[0m [2mspark_model::layers::qwen3_ssm::trait_decode_multi_seq::ssm_batched[0m[2m:[0m ATLAS_SSM_DETAIL n=4: input_norm=10us qkvz=87us recurrent_ba=45us recurrent_conv=39us recurrent_gdn=96us recurrent_norm=36us recurrent_total_tail=1us out_proj=43us post_norm=11us
[2m2026-09-06T02:11:18.695105Z[0m [32m INFO[0m [2mspark_model::layers::qwen3_ssm::trait_decode_multi_seq[0m[2m:[0m ATLAS_SSM_MS_PROFILE n=4: mixer=391us moe_residual=280us
[2m2026-09-06T02:11:18.695500Z[0m [32m INFO[0m [2mspark_model::layers::qwen3_ssm::trait_decode_multi_seq::ssm_batched[0m[2m:[0m ATLAS_SSM_DETAIL n=4: input_norm=10us qkvz=88us recurrent_ba=45us recurrent_conv=38us recurrent_gdn=96us recurrent_norm=36us recurrent_total_tail=1us out_proj=43us post_norm=11us
[2m2026-09-06T02:11:18.695788Z[0m [32m INFO[0m [2mspark_model::layers::qwen3_ssm::trait_decode_multi_seq[0m[2m:[0m ATLAS_SSM_MS_PROFILE n=4: mixer=393us moe_residual=282us
[2m2026-09-06T02:11:18.696863Z[0m [32m INFO[0m [2mspark_model::layers::qwen3_ssm::trait_decode_multi_seq::ssm_batched[0m[2m:[0m ATLAS_SSM_DETAIL n=4: input_norm=11us qkvz=87us recurrent_ba=44us recurrent_conv=40us recurrent_gdn=97us recurrent_norm=36us recurrent_total_tail=1us out_proj=42us post_norm=11us
[2m2026-09-06T02:11:18.697149Z[0m [32m INFO[0m [2mspark_model::layers::qwen3_ssm::trait_decode_multi_seq[0m[2m:[0m ATLAS_SSM_MS_PROFILE n=4: mixer=394us moe_residual=279us
[2m2026-09-06T02:11:18.697543Z[0m [32m INFO[0m [2mspark_model::layers::qwen3_ssm::trait_decode_multi_seq::ssm_batched[0m[2m:[0m ATLAS_SSM_DETAIL n=4: input_norm=11us qkvz=86us recurrent_ba=44us recurrent_conv=39us recurrent_gdn=96us recurrent_norm=35us recurrent_total_tail=1us out_proj=43us post_norm=11us
[2m2026-09-06T02:11:18.697836Z[0m [32m INFO[0m [2mspark_model::layers::qwen3_ssm::trait_decode_multi_seq[0m[2m:[0m ATLAS_SSM_MS_PROFILE n=4: mixer=391us moe_residual=287us
[2m2026-09-06T02:11:18.698228Z[0m [32m INFO[0m [2mspark_model::layers::qwen3_ssm::trait_decode_multi_seq::ssm_batched[0m[2m:[0m ATLAS_SSM_DETAIL n=4: input_norm=10us qkvz=87us recurrent_ba=43us recurrent_conv=38us recurrent_gdn=96us recurrent_norm=36us recurrent_total_tail=1us out_proj=43us post_norm=10us
[2m2026-09-06T02:11:18.698518Z[0m [32m INFO[0m [2mspark_model::layers::qwen3_ssm::trait_decode_multi_seq[0m[2m:[0m ATLAS_SSM_MS_PROFILE n=4: mixer=391us moe_residual=282us
[2m2026-09-06T02:11:18.700141Z[0m [32m INFO[0m [2mspark_model::model::trait_impl::decode_a2[0m[2m:[0m ATLAS_MS_PROFILE n=4 padded_n=4: total=44483us  ssm=32735us(48L)  attn=10809us(16L)  head=939us  [per-tok 11.12ms]
[2m2026-09-06T02:11:18.703987Z[0m [32m INFO[0m [2mspark::scheduler::mtp_accept_debug[0m[2m:[0m Done: 4 tokens (stop) 3.6 tok/s, TTFT=324.5ms, serial=1.00 mtp=0.00 p1=0.000 mean_na=0.000 tok_step=1.000 regime_reprobes=0
[2m2026-09-06T02:11:18.704344Z[0m [32m INFO[0m [2mspark_model::model::trait_impl::decode_checkpoint[0m[2m:[0m Saved finish-leaf SSM snapshot 12 for 79 tokens
[2m2026-09-06T02:11:18.704711Z[0m [32m INFO[0m [2mspark::scheduler::mtp_accept_debug[0m[2m:[0m Done: 4 tokens (stop) 5.0 tok/s, TTFT=319.8ms, serial=1.00 mtp=0.00 p1=0.000 mean_na=0.000 tok_step=1.000 regime_reprobes=0
[2m2026-09-06T02:11:18.704997Z[0m [32m INFO[0m [2mspark_model::model::trait_impl::decode_checkpoint[0m[2m:[0m Saved finish-leaf SSM snapshot 14 for 80 tokens
[2m2026-09-06T02:11:18.705382Z[0m [32m INFO[0m [2mspark::scheduler::mtp_accept_debug[0m[2m:[0m Done: 4 tokens (stop) 8.5 tok/s, TTFT=319.7ms, serial=1.00 mtp=0.00 p1=0.000 mean_na=0.000 tok_step=1.000 regime_reprobes=0
[2m2026-09-06T02:11:18.705672Z[0m [32m INFO[0m [2mspark_model::model::trait_impl::decode_checkpoint[0m[2m:[0m Saved finish-leaf SSM snapshot 15 for 80 tokens
[2m2026-09-06T02:11:18.706444Z[0m [32m INFO[0m [2mspark::scheduler::prefill_a_step[0m[2m:[0m Chunked prefill start: 78 prompt tokens, chunk_size=78, max_tokens=32
[2m2026-09-06T02:11:18.707557Z[0m [32m INFO[0m [2mspark_model::model::trait_impl::prefill_b::prefix_lookup[0m[2m:[0m Prefix cache hit: 16 tokens (1 blocks) but no SSM snapshot — recomputing all KV
[2m2026-09-06T02:11:18.733029Z[0m [32m INFO[0m [2mspark_model::model::trait_impl::prefill_b::save_checkpoint[0m[2m:[0m Intermediate SSM checkpoint saved at token 48 (snapshot_id 9, block 3)
[2m2026-09-06T02:11:18.905002Z[0m [32m INFO[0m [2mspark_model::model::trait_impl::prefill_b::finalize_last[0m[2m:[0m Saved SSM snapshot 3 for 78 tokens (5 blocks) [chunk]
[2m2026-09-06T02:11:19.030335Z[0m [32m INFO[0m [2mspark::scheduler::prefill_a_step[0m[2m:[0m Prefill first token: 16
[2m2026-09-06T02:11:19.030345Z[0m [32m INFO[0m [2mspark::scheduler::phase_start_prefills[0m[2m:[0m Prefilled (single chunk): seq_len=78, remaining=31
[2m2026-09-06T02:11:19.030348Z[0m [32m INFO[0m [2mspark::scheduler::prefill_a_step[0m[2m:[0m Chunked prefill start: 78 prompt tokens, chunk_size=78, max_tokens=32
[2m2026-09-06T02:11:19.031448Z[0m [32m INFO[0m [2mspark_model::model::trait_impl::prefill_b::prefix_lookup[0m[2m:[0m Prefix cache hit: 16 tokens (1 blocks) but no SSM snapshot — recomputing all KV
[2m2026-09-06T02:11:19.056926Z[0m [32m INFO[0m [2mspark_model::model::trait_impl::prefill_b::save_checkpoint[0m[2m:[0m Intermediate SSM checkpoint saved at token 48 (snapshot_id 4, block 3)
[2m2026-09-06T02:11:19.225374Z[0m [32m INFO[0m [2mspark_model::model::trait_impl::prefill_b::finalize_last[0m[2m:[0m Saved SSM snapshot 10 for 78 tokens (5 blocks) [chunk]
[2m2026-09-06T02:11:19.350068Z[0m [32m INFO[0m [2mspark::scheduler::prefill_a_step[0m[2m:[0m Prefill first token: 18
[2m2026-09-06T02:11:19.350075Z[0m [32m INFO[0m [2mspark::scheduler::phase_start_prefills[0m[2m:[0m Prefilled (single chunk): seq_len=78, remaining=31
[2m2026-09-06T02:11:19.350078Z[0m [32m INFO[0m [2mspark::scheduler::prefill_a_step[0m[2m:[0m Chunked prefill start: 79 prompt tokens, chunk_size=79, max_tokens=32
[2m2026-09-06T02:11:19.351178Z[0m [32m INFO[0m [2mspark_model::model::trait_impl::prefill_b::prefix_lookup[0m[2m:[0m Prefix cache hit: 16 tokens (1 blocks) but no SSM snapshot — recomputing all KV
[2m2026-09-06T02:11:19.376657Z[0m [32m INFO[0m [2mspark_model::model::trait_impl::prefill_b::save_checkpoint[0m[2m:[0m Intermediate SSM checkpoint saved at token 48 (snapshot_id 8, block 3)
[2m2026-09-06T02:11:19.545038Z[0m [32m INFO[0m [2mspark_model::model::trait_impl::prefill_b::finalize_last[0m[2m:[0m Saved SSM snapshot 2 for 79 tokens (5 blocks) [chunk]
[2m2026-09-06T02:11:19.669496Z[0m [32m INFO[0m [2mspark::scheduler::prefill_a_step[0m[2m:[0m Prefill first token: 16
[2m2026-09-06T02:11:19.669504Z[0m [32m INFO[0m [2mspark::scheduler::phase_start_prefills[0m[2m:[0m Prefilled (single chunk): seq_len=79, remaining=31
[2m2026-09-06T02:11:19.669957Z[0m [32m INFO[0m [2mspark_model::layers::qwen3_ssm::trait_decode_multi_seq::ssm_batched[0m[2m:[0m ATLAS_SSM_DETAIL n=4: input_norm=11us qkvz=90us recurrent_ba=46us recurrent_conv=39us recurrent_gdn=98us recurrent_norm=37us recurrent_total_tail=1us out_proj=43us post_norm=11us
[2m2026-09-06T02:11:19.670245Z[0m [32m INFO[0m [2mspark_model::layers::qwen3_ssm::trait_decode_multi_seq[0m[2m:[0m ATLAS_SSM_MS_PROFILE n=4: mixer=407us moe_residual=280us
[2m2026-09-06T02:11:19.670644Z[0m [32m INFO[0m [2mspark_model::layers::qwen3_ssm::trait_decode_multi_seq::ssm_batched[0m[2m:[0m ATLAS_SSM_DETAIL n=4: input_norm=11us qkvz=87us recurrent_ba=44us recurrent_conv=39us recurrent_gdn=97us recurrent_norm=36us recurrent_total_tail=1us out_proj=43us post_norm=11us
[2m2026-09-06T02:11:19.670930Z[0m [32m INFO[0m [2mspark_model::layers::qwen3_ssm::trait_decode_multi_seq[0m[2m:[0m ATLAS_SSM_MS_PROFILE n=4: mixer=395us moe_residual=280us
[2m2026-09-06T02:11:19.671326Z[0m [32m INFO[0m [2mspark_model::layers::qwen3_ssm::trait_decode_multi_seq::ssm_batched[0m[2m:[0m ATLAS_SSM_DETAIL n=4: input_norm=10us qkvz=87us recurrent_ba=45us recurrent_conv=39us recurrent_gdn=98us recurrent_norm=36us recurrent_total_tail=1us out_proj=42us post_norm=11us
[2m2026-09-06T02:11:19.671620Z[0m [32m INFO[0m [2mspark_model::layers::qwen3_ssm::trait_decode_multi_seq[0m[2m:[0m ATLAS_SSM_MS_PROFILE n=4: mixer=393us moe_residual=288us
[2m2026-09-06T02:11:19.672697Z[0m [32m INFO[0m [2mspark_model::layers::qwen3_ssm::trait_decode_multi_seq::ssm_batched[0m[2m:[0m ATLAS_SSM_DETAIL n=4: input_norm=10us qkvz=87us recurrent_ba=45us recurrent_conv=38us recurrent_gdn=96us recurrent_norm=36us recurrent_total_tail=1us out_proj=43us post_norm=11us
[2m2026-09-06T02:11:19.672983Z[0m [32m INFO[0m [2mspark_model::layers::qwen3_ssm::trait_decode_multi_seq[0m[2m:[0m ATLAS_SSM_MS_PROFILE n=4: mixer=394us moe_residual=280us
[2m2026-09-06T02:11:19.673379Z[0m [32m INFO[0m [2mspark_model::layers::qwen3_ssm::trait_decode_multi_seq::ssm_batched[0m[2m:[0m ATLAS_SSM_DETAIL n=4: input_norm=10us qkvz=87us recurrent_ba=42us recurrent_conv=39us recurrent_gdn=99us recurrent_norm=36us recurrent_total_tail=1us out_proj=43us post_norm=11us
[2m2026-09-06T02:11:19.673663Z[0m [32m INFO[0m [2mspark_model::layers::qwen3_ssm::trait_decode_multi_seq[0m[2m:[0m ATLAS_SSM_MS_PROFILE n=4: mixer=394us moe_residual=278us
[2m2026-09-06T02:11:19.674057Z[0m [32m INFO[0m [2mspark_model::layers::qwen3_ssm::trait_decode_multi_seq::ssm_batched[0m[2m:[0m ATLAS_SSM_DETAIL n=4: input_norm=10us qkvz=87us recurrent_ba=42us recurrent_conv=40us recurrent_gdn=96us recurrent_norm=34us recurrent_total_tail=1us out_proj=43us post_norm=11us
[2m2026-09-06T02:11:19.674344Z[0m [32m INFO[0m [2mspark_model::layers::qwen3_ssm::trait_decode_multi_seq[0m[2m:[0m ATLAS_SSM_MS_PROFILE n=4: mixer=390us moe_residual=282us
[2m2026-09-06T02:11:19.675416Z[0m [32m INFO[0m [2mspark_model::layers::qwen3_ssm::trait_decode_multi_seq::ssm_batched[0m[2m:[0m ATLAS_SSM_DETAIL n=4: input_norm=10us qkvz=87us recurrent_ba=44us recurrent_conv=40us recurrent_gdn=96us recurrent_norm=36us recurrent_total_tail=1us out_proj=43us post_norm=11us
[2m2026-09-06T02:11:19.675713Z[0m [32m INFO[0m [2mspark_model::layers::qwen3_ssm::trait_decode_multi_seq[0m[2m:[0m ATLAS_SSM_MS_PROFILE n=4: mixer=397us moe_residual=286us
[2m2026-09-06T02:11:19.676107Z[0m [32m INFO[0m [2mspark_model::layers::qwen3_ssm::trait_decode_multi_seq::ssm_batched[0m[2m:[0m ATLAS_SSM_DETAIL n=4: input_norm=10us qkvz=87us recurrent_ba=44us recurrent_conv=39us recurrent_gdn=96us recurrent_norm=35us recurrent_total_tail=1us out_proj=42us post_norm=11us
[2m2026-09-06T02:11:19.676392Z[0m [32m INFO[0m [2mspark_model::layers::qwen3_ssm::trait_decode_multi_seq[0m[2m:[0m ATLAS_SSM_MS_PROFILE n=4: mixer=390us moe_residual=280us
[2m2026-09-06T02:11:19.676785Z[0m [32m INFO[0m [2mspark_model::layers::qwen3_ssm::trait_decode_multi_seq::ssm_batched[0m[2m:[0m ATLAS_SSM_DETAIL n=4: input_norm=10us qkvz=87us recurrent_ba=43us recurrent_conv=39us recurrent_gdn=96us recurrent_norm=36us recurrent_total_tail=1us out_proj=43us post_norm=11us
[2m2026-09-06T02:11:19.677077Z[0m [32m INFO[0m [2mspark_model::layers::qwen3_ssm::trait_decode_multi_seq[0m[2m:[0m ATLAS_SSM_MS_PROFILE n=4: mixer=390us moe_residual=286us
[2m2026-09-06T02:11:19.678148Z[0m [32m INFO[0m [2mspark_model::layers::qwen3_ssm::trait_decode_multi_seq::ssm_batched[0m[2m:[0m ATLAS_SSM_DETAIL n=4: input_norm=10us qkvz=87us recurrent_ba=44us recurrent_conv=38us recurrent_gdn=96us recurrent_norm=36us recurrent_total_tail=1us out_proj=44us post_norm=13us
[2m2026-09-06T02:11:19.678434Z[0m [32m INFO[0m [2mspark_model::layers::qwen3_ssm::trait_decode_multi_seq[0m[2m:[0m ATLAS_SSM_MS_PROFILE n=4: mixer=395us moe_residual=280us
[2m2026-09-06T02:11:19.678827Z[0m [32m INFO[0m [2mspark_model::layers::qwen3_ssm::trait_decode_multi_seq::ssm_batched[0m[2m:[0m ATLAS_SSM_DETAIL n=4: input_norm=10us qkvz=88us recurrent_ba=43us recurrent_conv=39us recurrent_gdn=97us recurrent_norm=34us recurrent_total_tail=1us out_proj=43us post_norm=11us
[2m2026-09-06T02:11:19.679114Z[0m [32m INFO[0m [2mspark_model::layers::qwen3_ssm::trait_decode_multi_seq[0m[2m:[0m ATLAS_SSM_MS_PROFILE n=4: mixer=390us moe_residual=281us
[2m2026-09-06T02:11:19.679511Z[0m [32m INFO[0m [2mspark_model::layers::qwen3_ssm::trait_decode_multi_seq::ssm_batched[0m[2m:[0m ATLAS_SSM_DETAIL n=4: input_norm=12us qkvz=87us recurrent_ba=42us recurrent_conv=43us recurrent_gdn=96us recurrent_norm=36us recurrent_total_tail=1us out_proj=43us post_norm=11us
[2m2026-09-06T02:11:19.679797Z[0m [32m INFO[0m [2mspark_model::layers::qwen3_ssm::trait_decode_multi_seq[0m[2m:[0m ATLAS_SSM_MS_PROFILE n=4: mixer=395us moe_residual=279us
[2m2026-09-06T02:11:19.680864Z[0m [32m INFO[0m [2mspark_model::layers::qwen3_ssm::trait_decode_multi_seq::ssm_batched[0m[2m:[0m ATLAS_SSM_DETAIL n=4: input_norm=10us qkvz=87us recurrent_ba=43us recurrent_conv=40us recurrent_gdn=96us recurrent_norm=35us recurrent_total_tail=1us out_proj=43us post_norm=11us
[2m2026-09-06T02:11:19.681151Z[0m [32m INFO[0m [2mspark_model::layers::qwen3_ssm::trait_decode_multi_seq[0m[2m:[0m ATLAS_SSM_MS_PROFILE n=4: mixer=391us moe_residual=280us
[2m2026-09-06T02:11:19.681546Z[0m [32m INFO[0m [2mspark_model::layers::qwen3_ssm::trait_decode_multi_seq::ssm_batched[0m[2m:[0m ATLAS_SSM_DETAIL n=4: input_norm=10us qkvz=88us recurrent_ba=45us recurrent_conv=38us recurrent_gdn=96us recurrent_norm=34us recurrent_total_tail=1us out_proj=42us post_norm=11us
[2m2026-09-06T02:11:19.681830Z[0m [32m INFO[0m [2mspark_model::layers::qwen3_ssm::trait_decode_multi_seq[0m[2m:[0m ATLAS_SSM_MS_PROFILE n=4: mixer=391us moe_residual=279us
[2m2026-09-06T02:11:19.682225Z[0m [32m INFO[0m [2mspark_model::layers::qwen3_ssm::trait_decode_multi_seq::ssm_batched[0m[2m:[0m ATLAS_SSM_DETAIL n=4: input_norm=10us qkvz=87us recurrent_ba=44us recurrent_conv=39us recurrent_gdn=98us recurrent_norm=36us recurrent_total_tail=1us out_proj=42us post_norm=11us
[2m2026-09-06T02:11:19.682511Z[0m [32m INFO[0m [2mspark_model::layers::qwen3_ssm::trait_decode_multi_seq[0m[2m:[0m ATLAS_SSM_MS_PROFILE n=4: mixer=393us moe_residual=279us
[2m2026-09-06T02:11:19.683583Z[0m [32m INFO[0m [2mspark_model::layers::qwen3_ssm::trait_decode_multi_seq::ssm_batched[0m[2m:[0m ATLAS_SSM_DETAIL n=4: input_norm=11us qkvz=87us recurrent_ba=45us recurrent_conv=37us recurrent_gdn=96us recurrent_norm=35us recurrent_total_tail=1us out_proj=43us post_norm=11us
[2m2026-09-06T02:11:19.683869Z[0m [32m INFO[0m [2mspark_model::layers::qwen3_ssm::trait_decode_multi_seq[0m[2m:[0m ATLAS_SSM_MS_PROFILE n=4: mixer=392us moe_residual=279us
[2m2026-09-06T02:11:19.684270Z[0m [32m INFO[0m [2mspark_model::layers::qwen3_ssm::trait_decode_multi_seq::ssm_batched[0m[2m:[0m ATLAS_SSM_DETAIL n=4: input_norm=10us qkvz=87us recurrent_ba=42us recurrent_conv=39us recurrent_gdn=105us recurrent_norm=34us recurrent_total_tail=1us out_proj=43us post_norm=11us
[2m2026-09-06T02:11:19.684555Z[0m [32m INFO[0m [2mspark_model::layers::qwen3_ssm::trait_decode_multi_seq[0m[2m:[0m ATLAS_SSM_MS_PROFILE n=4: mixer=400us moe_residual=278us
[2m2026-09-06T02:11:19.684949Z[0m [32m INFO[0m [2mspark_model::layers::qwen3_ssm::trait_decode_multi_seq::ssm_batched[0m[2m:[0m ATLAS_SSM_DETAIL n=4: input_norm=10us qkvz=87us recurrent_ba=45us recurrent_conv=38us recurrent_gdn=96us recurrent_norm=36us recurrent_total_tail=1us out_proj=43us post_norm=10us
[2m2026-09-06T02:11:19.685235Z[0m [32m INFO[0m [2mspark_model::layers::qwen3_ssm::trait_decode_multi_seq[0m[2m:[0m ATLAS_SSM_MS_PROFILE n=4: mixer=391us moe_residual=280us
[2m2026-09-06T02:11:19.686300Z[0m [32m INFO[0m [2mspark_model::layers::qwen3_ssm::trait_decode_multi_seq::ssm_batched[0m[2m:[0m ATLAS_SSM_DETAIL n=4: input_norm=10us qkvz=86us recurrent_ba=45us recurrent_conv=38us recurrent_gdn=97us recurrent_norm=36us recurrent_total_tail=1us out_proj=42us post_norm=11us
[2m2026-09-06T02:11:19.686587Z[0m [32m INFO[0m [2mspark_model::layers::qwen3_ssm::trait_decode_multi_seq[0m[2m:[0m ATLAS_SSM_MS_PROFILE n=4: mixer=390us moe_residual=280us
[2m2026-09-06T02:11:19.686981Z[0m [32m INFO[0m [2mspark_model::layers::qwen3_ssm::trait_decode_multi_seq::ssm_batched[0m[2m:[0m ATLAS_SSM_DETAIL n=4: input_norm=10us qkvz=87us recurrent_ba=44us recurrent_conv=38us recurrent_gdn=97us recurrent_norm=35us recurrent_total_tail=1us out_proj=43us post_norm=11us
[2m2026-09-06T02:11:19.687267Z[0m [32m INFO[0m [2mspark_model::layers::qwen3_ssm::trait_decode_multi_seq[0m[2m:[0m ATLAS_SSM_MS_PROFILE n=4: mixer=392us moe_residual=280us
[2m2026-09-06T02:11:19.687661Z[0m [32m INFO[0m [2mspark_model::layers::qwen3_ssm::trait_decode_multi_seq::ssm_batched[0m[2m:[0m ATLAS_SSM_DETAIL n=4: input_norm=10us qkvz=87us recurrent_ba=44us recurrent_conv=39us recurrent_gdn=96us recurrent_norm=35us recurrent_total_tail=1us out_proj=43us post_norm=11us
[2m2026-09-06T02:11:19.687946Z[0m [32m INFO[0m [2mspark_model::layers::qwen3_ssm::trait_decode_multi_seq[0m[2m:[0m ATLAS_SSM_MS_PROFILE n=4: mixer=390us moe_residual=280us
[2m2026-09-06T02:11:19.689014Z[0m [32m INFO[0m [2mspark_model::layers::qwen3_ssm::trait_decode_multi_seq::ssm_batched[0m[2m:[0m ATLAS_SSM_DETAIL n=4: input_norm=10us qkvz=87us recurrent_ba=42us recurrent_conv=39us recurrent_gdn=99us recurrent_norm=36us recurrent_total_tail=1us out_proj=43us post_norm=11us
[2m2026-09-06T02:11:19.689301Z[0m [32m INFO[0m [2mspark_model::layers::qwen3_ssm::trait_decode_multi_seq[0m[2m:[0m ATLAS_SSM_MS_PROFILE n=4: mixer=395us moe_residual=280us
[2m2026-09-06T02:11:19.689695Z[0m [32m INFO[0m [2mspark_model::layers::qwen3_ssm::trait_decode_multi_seq::ssm_batched[0m[2m:[0m ATLAS_SSM_DETAIL n=4: input_norm=11us qkvz=87us recurrent_ba=44us recurrent_conv=39us recurrent_gdn=97us recurrent_norm=35us recurrent_total_tail=1us out_proj=43us post_norm=11us
[2m2026-09-06T02:11:19.689981Z[0m [32m INFO[0m [2mspark_model::layers::qwen3_ssm::trait_decode_multi_seq[0m[2m:[0m ATLAS_SSM_MS_PROFILE n=4: mixer=391us moe_residual=279us
[2m2026-09-06T02:11:19.690374Z[0m [32m INFO[0m [2mspark_model::layers::qwen3_ssm::trait_decode_multi_seq::ssm_batched[0m[2m:[0m ATLAS_SSM_DETAIL n=4: input_norm=10us qkvz=87us recurrent_ba=42us recurrent_conv=39us recurrent_gdn=97us recurrent_norm=35us recurrent_total_tail=1us out_proj=43us post_norm=11us
[2m2026-09-06T02:11:19.690663Z[0m [32m INFO[0m [2mspark_model::layers::qwen3_ssm::trait_decode_multi_seq[0m[2m:[0m ATLAS_SSM_MS_PROFILE n=4: mixer=393us moe_residual=281us
[2m2026-09-06T02:11:19.691735Z[0m [32m INFO[0m [2mspark_model::layers::qwen3_ssm::trait_decode_multi_seq::ssm_batched[0m[2m:[0m ATLAS_SSM_DETAIL n=4: input_norm=10us qkvz=87us recurrent_ba=44us recurrent_conv=38us recurrent_gdn=97us recurrent_norm=35us recurrent_total_tail=1us out_proj=42us post_norm=11us
[2m2026-09-06T02:11:19.692022Z[0m [32m INFO[0m [2mspark_model::layers::qwen3_ssm::trait_decode_multi_seq[0m[2m:[0m ATLAS_SSM_MS_PROFILE n=4: mixer=392us moe_residual=281us
[2m2026-09-06T02:11:19.692418Z[0m [32m INFO[0m [2mspark_model::layers::qwen3_ssm::trait_decode_multi_seq::ssm_batched[0m[2m:[0m ATLAS_SSM_DETAIL n=4: input_norm=11us qkvz=87us recurrent_ba=44us recurrent_conv=37us recurrent_gdn=96us recurrent_norm=34us recurrent_total_tail=1us out_proj=43us post_norm=11us
[2m2026-09-06T02:11:19.692712Z[0m [32m INFO[0m [2mspark_model::layers::qwen3_ssm::trait_decode_multi_seq[0m[2m:[0m ATLAS_SSM_MS_PROFILE n=4: mixer=393us moe_residual=288us
[2m2026-09-06T02:11:19.693107Z[0m [32m INFO[0m [2mspark_model::layers::qwen3_ssm::trait_decode_multi_seq::ssm_batched[0m[2m:[0m ATLAS_SSM_DETAIL n=4: input_norm=10us qkvz=87us recurrent_ba=43us recurrent_conv=39us recurrent_gdn=96us recurrent_norm=36us recurrent_total_tail=1us out_proj=42us post_norm=11us
[2m2026-09-06T02:11:19.693398Z[0m [32m INFO[0m [2mspark_model::layers::qwen3_ssm::trait_decode_multi_seq[0m[2m:[0m ATLAS_SSM_MS_PROFILE n=4: mixer=391us moe_residual=285us
[2m2026-09-06T02:11:19.694472Z[0m [32m INFO[0m [2mspark_model::layers::qwen3_ssm::trait_decode_multi_seq::ssm_batched[0m[2m:[0m ATLAS_SSM_DETAIL n=4: input_norm=10us qkvz=87us recurrent_ba=44us recurrent_conv=37us recurrent_gdn=96us recurrent_norm=36us recurrent_total_tail=1us out_proj=44us post_norm=11us
[2m2026-09-06T02:11:19.694759Z[0m [32m INFO[0m [2mspark_model::layers::qwen3_ssm::trait_decode_multi_seq[0m[2m:[0m ATLAS_SSM_MS_PROFILE n=4: mixer=393us moe_residual=280us
[2m2026-09-06T02:11:19.695155Z[0m [32m INFO[0m [2mspark_model::layers::qwen3_ssm::trait_decode_multi_seq::ssm_batched[0m[2m:[0m ATLAS_SSM_DETAIL n=4: input_norm=11us qkvz=87us recurrent_ba=43us recurrent_conv=39us recurrent_gdn=97us recurrent_norm=36us recurrent_total_tail=1us out_proj=43us post_norm=11us
[2m2026-09-06T02:11:19.695441Z[0m [32m INFO[0m [2mspark_model::layers::qwen3_ssm::trait_decode_multi_seq[0m[2m:[0m ATLAS_SSM_MS_PROFILE n=4: mixer=393us moe_residual=280us
[2m2026-09-06T02:11:19.695836Z[0m [32m INFO[0m [2mspark_model::layers::qwen3_ssm::trait_decode_multi_seq::ssm_batched[0m[2m:[0m ATLAS_SSM_DETAIL n=4: input_norm=10us qkvz=87us recurrent_ba=42us recurrent_conv=40us recurrent_gdn=99us recurrent_norm=35us recurrent_total_tail=1us out_proj=43us post_norm=11us
[2m2026-09-06T02:11:19.696121Z[0m [32m INFO[0m [2mspark_model::layers::qwen3_ssm::trait_decode_multi_seq[0m[2m:[0m ATLAS_SSM_MS_PROFILE n=4: mixer=392us moe_residual=280us
[2m2026-09-06T02:11:19.697194Z[0m [32m INFO[0m [2mspark_model::layers::qwen3_ssm::trait_decode_multi_seq::ssm_batched[0m[2m:[0m ATLAS_SSM_DETAIL n=4: input_norm=10us qkvz=87us recurrent_ba=44us recurrent_conv=38us recurrent_gdn=97us recurrent_norm=38us recurrent_total_tail=1us out_proj=43us post_norm=11us
[2m2026-09-06T02:11:19.697480Z[0m [32m INFO[0m [2mspark_model::layers::qwen3_ssm::trait_decode_multi_seq[0m[2m:[0m ATLAS_SSM_MS_PROFILE n=4: mixer=394us moe_residual=280us
[2m2026-09-06T02:11:19.697874Z[0m [32m INFO[0m [2mspark_model::layers::qwen3_ssm::trait_decode_multi_seq::ssm_batched[0m[2m:[0m ATLAS_SSM_DETAIL n=4: input_norm=10us qkvz=87us recurrent_ba=44us recurrent_conv=39us recurrent_gdn=97us recurrent_norm=36us recurrent_total_tail=1us out_proj=43us post_norm=11us
[2m2026-09-06T02:11:19.698164Z[0m [32m INFO[0m [2mspark_model::layers::qwen3_ssm::trait_decode_multi_seq[0m[2m:[0m ATLAS_SSM_MS_PROFILE n=4: mixer=395us moe_residual=280us
[2m2026-09-06T02:11:19.698558Z[0m [32m INFO[0m [2mspark_model::layers::qwen3_ssm::trait_decode_multi_seq::ssm_batched[0m[2m:[0m ATLAS_SSM_DETAIL n=4: input_norm=10us qkvz=87us recurrent_ba=42us recurrent_conv=39us recurrent_gdn=96us recurrent_norm=35us recurrent_total_tail=1us out_proj=43us post_norm=11us
[2m2026-09-06T02:11:19.698850Z[0m [32m INFO[0m [2mspark_model::layers::qwen3_ssm::trait_decode_multi_seq[0m[2m:[0m ATLAS_SSM_MS_PROFILE n=4: mixer=390us moe_residual=286us
[2m2026-09-06T02:11:19.699921Z[0m [32m INFO[0m [2mspark_model::layers::qwen3_ssm::trait_decode_multi_seq::ssm_batched[0m[2m:[0m ATLAS_SSM_DETAIL n=4: input_norm=11us qkvz=87us recurrent_ba=43us recurrent_conv=39us recurrent_gdn=97us recurrent_norm=36us recurrent_total_tail=1us out_proj=43us post_norm=11us
[2m2026-09-06T02:11:19.700207Z[0m [32m INFO[0m [2mspark_model::layers::qwen3_ssm::trait_decode_multi_seq[0m[2m:[0m ATLAS_SSM_MS_PROFILE n=4: mixer=395us moe_residual=280us
[2m2026-09-06T02:11:19.700601Z[0m [32m INFO[0m [2mspark_model::layers::qwen3_ssm::trait_decode_multi_seq::ssm_batched[0m[2m:[0m ATLAS_SSM_DETAIL n=4: input_norm=10us qkvz=87us recurrent_ba=42us recurrent_conv=39us recurrent_gdn=97us recurrent_norm=34us recurrent_total_tail=1us out_proj=43us post_norm=11us
[2m2026-09-06T02:11:19.700886Z[0m [32m INFO[0m [2mspark_model::layers::qwen3_ssm::trait_decode_multi_seq[0m[2m:[0m ATLAS_SSM_MS_PROFILE n=4: mixer=390us moe_residual=279us
[2m2026-09-06T02:11:19.701283Z[0m [32m INFO[0m [2mspark_model::layers::qwen3_ssm::trait_decode_multi_seq::ssm_batched[0m[2m:[0m ATLAS_SSM_DETAIL n=4: input_norm=10us qkvz=87us recurrent_ba=45us recurrent_conv=40us recurrent_gdn=99us recurrent_norm=35us recurrent_total_tail=1us out_proj=42us post_norm=11us
[2m2026-09-06T02:11:19.701571Z[0m [32m INFO[0m [2mspark_model::layers::qwen3_ssm::trait_decode_multi_seq[0m[2m:[0m ATLAS_SSM_MS_PROFILE n=4: mixer=395us moe_residual=282us
[2m2026-09-06T02:11:19.702640Z[0m [32m INFO[0m [2mspark_model::layers::qwen3_ssm::trait_decode_multi_seq::ssm_batched[0m[2m:[0m ATLAS_SSM_DETAIL n=4: input_norm=10us qkvz=87us recurrent_ba=43us recurrent_conv=38us recurrent_gdn=96us recurrent_norm=34us recurrent_total_tail=1us out_proj=42us post_norm=11us
[2m2026-09-06T02:11:19.702925Z[0m [32m INFO[0m [2mspark_model::layers::qwen3_ssm::trait_decode_multi_seq[0m[2m:[0m ATLAS_SSM_MS_PROFILE n=4: mixer=389us moe_residual=279us
[2m2026-09-06T02:11:19.703324Z[0m [32m INFO[0m [2mspark_model::layers::qwen3_ssm::trait_decode_multi_seq::ssm_batched[0m[2m:[0m ATLAS_SSM_DETAIL n=4: input_norm=10us qkvz=88us recurrent_ba=45us recurrent_conv=39us recurrent_gdn=99us recurrent_norm=36us recurrent_total_tail=1us out_proj=44us post_norm=11us
[2m2026-09-06T02:11:19.703622Z[0m [32m INFO[0m [2mspark_model::layers::qwen3_ssm::trait_decode_multi_seq[0m[2m:[0m ATLAS_SSM_MS_PROFILE n=4: mixer=396us moe_residual=292us
[2m2026-09-06T02:11:19.704024Z[0m [32m INFO[0m [2mspark_model::layers::qwen3_ssm::trait_decode_multi_seq::ssm_batched[0m[2m:[0m ATLAS_SSM_DETAIL n=4: input_norm=11us qkvz=91us recurrent_ba=44us recurrent_conv=38us recurrent_gdn=98us recurrent_norm=35us recurrent_total_tail=1us out_proj=45us post_norm=11us
[2m2026-09-06T02:11:19.704331Z[0m [32m INFO[0m [2mspark_model::layers::qwen3_ssm::trait_decode_multi_seq[0m[2m:[0m ATLAS_SSM_MS_PROFILE n=4: mixer=399us moe_residual=301us
[2m2026-09-06T02:11:19.705439Z[0m [32m INFO[0m [2mspark_model::layers::qwen3_ssm::trait_decode_multi_seq::ssm_batched[0m[2m:[0m ATLAS_SSM_DETAIL n=4: input_norm=10us qkvz=91us recurrent_ba=44us recurrent_conv=39us recurrent_gdn=99us recurrent_norm=35us recurrent_total_tail=1us out_proj=45us post_norm=11us
[2m2026-09-06T02:11:19.705741Z[0m [32m INFO[0m [2mspark_model::layers::qwen3_ssm::trait_decode_multi_seq[0m[2m:[0m ATLAS_SSM_MS_PROFILE n=4: mixer=402us moe_residual=294us
[2m2026-09-06T02:11:19.706144Z[0m [32m INFO[0m [2mspark_model::layers::qwen3_ssm::trait_decode_multi_seq::ssm_batched[0m[2m:[0m ATLAS_SSM_DETAIL n=4: input_norm=10us qkvz=91us recurrent_ba=45us recurrent_conv=38us recurrent_gdn=100us recurrent_norm=35us recurrent_total_tail=1us out_proj=44us post_norm=11us
[2m2026-09-06T02:11:19.706443Z[0m [32m INFO[0m [2mspark_model::layers::qwen3_ssm::trait_decode_multi_seq[0m[2m:[0m ATLAS_SSM_MS_PROFILE n=4: mixer=400us moe_residual=293us
[2m2026-09-06T02:11:19.706846Z[0m [32m INFO[0m [2mspark_model::layers::qwen3_ssm::trait_decode_multi_seq::ssm_batched[0m[2m:[0m ATLAS_SSM_DETAIL n=4: input_norm=11us qkvz=91us recurrent_ba=43us recurrent_conv=40us recurrent_gdn=99us recurrent_norm=36us recurrent_total_tail=1us out_proj=44us post_norm=11us
[2m2026-09-06T02:11:19.707143Z[0m [32m INFO[0m [2mspark_model::layers::qwen3_ssm::trait_decode_multi_seq[0m[2m:[0m ATLAS_SSM_MS_PROFILE n=4: mixer=400us moe_residual=292us
[2m2026-09-06T02:11:19.708245Z[0m [32m INFO[0m [2mspark_model::layers::qwen3_ssm::trait_decode_multi_seq::ssm_batched[0m[2m:[0m ATLAS_SSM_DETAIL n=4: input_norm=10us qkvz=91us recurrent_ba=44us recurrent_conv=39us recurrent_gdn=99us recurrent_norm=36us recurrent_total_tail=1us out_proj=44us post_norm=11us
[2m2026-09-06T02:11:19.708543Z[0m [32m INFO[0m [2mspark_model::layers::qwen3_ssm::trait_decode_multi_seq[0m[2m:[0m ATLAS_SSM_MS_PROFILE n=4: mixer=399us moe_residual=292us
[2m2026-09-06T02:11:19.708945Z[0m [32m INFO[0m [2mspark_model::layers::qwen3_ssm::trait_decode_multi_seq::ssm_batched[0m[2m:[0m ATLAS_SSM_DETAIL n=4: input_norm=10us qkvz=91us recurrent_ba=44us recurrent_conv=39us recurrent_gdn=100us recurrent_norm=36us recurrent_total_tail=1us out_proj=45us post_norm=11us
[2m2026-09-06T02:11:19.709242Z[0m [32m INFO[0m [2mspark_model::layers::qwen3_ssm::trait_decode_multi_seq[0m[2m:[0m ATLAS_SSM_MS_PROFILE n=4: mixer=399us moe_residual=292us
[2m2026-09-06T02:11:19.709645Z[0m [32m INFO[0m [2mspark_model::layers::qwen3_ssm::trait_decode_multi_seq::ssm_batched[0m[2m:[0m ATLAS_SSM_DETAIL n=4: input_norm=10us qkvz=92us recurrent_ba=44us recurrent_conv=40us recurrent_gdn=98us recurrent_norm=36us recurrent_total_tail=1us out_proj=45us post_norm=11us
[2m2026-09-06T02:11:19.709945Z[0m [32m INFO[0m [2mspark_model::layers::qwen3_ssm::trait_decode_multi_seq[0m[2m:[0m ATLAS_SSM_MS_PROFILE n=4: mixer=399us moe_residual=294us
[2m2026-09-06T02:11:19.711048Z[0m [32m INFO[0m [2mspark_model::layers::qwen3_ssm::trait_decode_multi_seq::ssm_batched[0m[2m:[0m ATLAS_SSM_DETAIL n=4: input_norm=11us qkvz=91us recurrent_ba=45us recurrent_conv=40us recurrent_gdn=99us recurrent_norm=36us recurrent_total_tail=1us out_proj=45us post_norm=11us
[2m2026-09-06T02:11:19.711346Z[0m [32m INFO[0m [2mspark_model::layers::qwen3_ssm::trait_decode_multi_seq[0m[2m:[0m ATLAS_SSM_MS_PROFILE n=4: mixer=402us moe_residual=292us
[2m2026-09-06T02:11:19.711749Z[0m [32m INFO[0m [2mspark_model::layers::qwen3_ssm::trait_decode_multi_seq::ssm_batched[0m[2m:[0m ATLAS_SSM_DETAIL n=4: input_norm=10us qkvz=91us recurrent_ba=43us recurrent_conv=40us recurrent_gdn=100us recurrent_norm=36us recurrent_total_tail=1us out_proj=44us post_norm=11us
[2m2026-09-06T02:11:19.712046Z[0m [32m INFO[0m [2mspark_model::layers::qwen3_ssm::trait_decode_multi_seq[0m[2m:[0m ATLAS_SSM_MS_PROFILE n=4: mixer=399us moe_residual=292us
[2m2026-09-06T02:11:19.712450Z[0m [32m INFO[0m [2mspark_model::layers::qwen3_ssm::trait_decode_multi_seq::ssm_batched[0m[2m:[0m ATLAS_SSM_DETAIL n=4: input_norm=10us qkvz=91us recurrent_ba=45us recurrent_conv=40us recurrent_gdn=98us recurrent_norm=36us recurrent_total_tail=1us out_proj=44us post_norm=11us
[2m2026-09-06T02:11:19.712749Z[0m [32m INFO[0m [2mspark_model::layers::qwen3_ssm::trait_decode_multi_seq[0m[2m:[0m ATLAS_SSM_MS_PROFILE n=4: mixer=401us moe_residual=292us
[2m2026-09-06T02:11:19.714416Z[0m [32m INFO[0m [2mspark_model::model::trait_impl::decode_a2[0m[2m:[0m ATLAS_MS_PROFILE n=4 padded_n=4: total=44723us  ssm=32891us(48L)  attn=10875us(16L)  head=957us  [per-tok 11.18ms]
[2m2026-09-06T02:11:19.718697Z[0m [32m INFO[0m [2mspark_model::layers::qwen3_ssm::trait_decode_multi_seq::ssm_batched[0m[2m:[0m ATLAS_SSM_DETAIL n=4: input_norm=15us qkvz=93us recurrent_ba=51us recurrent_conv=41us recurrent_gdn=100us recurrent_norm=34us recurrent_total_tail=1us out_proj=45us post_norm=12us
[2m2026-09-06T02:11:19.719018Z[0m [32m INFO[0m [2mspark_model::layers::qwen3_ssm::trait_decode_multi_seq[0m[2m:[0m ATLAS_SSM_MS_PROFILE n=4: mixer=446us moe_residual=294us
[2m2026-09-06T02:11:19.719429Z[0m [32m INFO[0m [2mspark_model::layers::qwen3_ssm::trait_decode_multi_seq::ssm_batched[0m[2m:[0m ATLAS_SSM_DETAIL n=4: input_norm=11us qkvz=91us recurrent_ba=44us recurrent_conv=40us recurrent_gdn=99us recurrent_norm=35us recurrent_total_tail=1us out_proj=45us post_norm=11us
[2m2026-09-06T02:11:19.719729Z[0m [32m INFO[0m [2mspark_model::layers::qwen3_ssm::trait_decode_multi_seq[0m[2m:[0m ATLAS_SSM_MS_PROFILE n=4: mixer=407us moe_residual=293us
[2m2026-09-06T02:11:19.720144Z[0m [32m INFO[0m [2mspark_model::layers::qwen3_ssm::trait_decode_multi_seq::ssm_batched[0m[2m:[0m ATLAS_SSM_DETAIL n=4: input_norm=11us qkvz=92us recurrent_ba=46us recurrent_conv=40us recurrent_gdn=101us recurrent_norm=36us recurrent_total_tail=1us out_proj=45us post_norm=12us
[2m2026-09-06T02:11:19.720452Z[0m [32m INFO[0m [2mspark_model::layers::qwen3_ssm::trait_decode_multi_seq[0m[2m:[0m ATLAS_SSM_MS_PROFILE n=4: mixer=412us moe_residual=300us
[2m2026-09-06T02:11:19.721573Z[0m [32m INFO[0m [2mspark_model::layers::qwen3_ssm::trait_decode_multi_seq::ssm_batched[0m[2m:[0m ATLAS_SSM_DETAIL n=4: input_norm=11us qkvz=92us recurrent_ba=45us recurrent_conv=41us recurrent_gdn=101us recurrent_norm=36us recurrent_total_tail=1us out_proj=45us post_norm=11us
[2m2026-09-06T02:11:19.721873Z[0m [32m INFO[0m [2mspark_model::layers::qwen3_ssm::trait_decode_multi_seq[0m[2m:[0m ATLAS_SSM_MS_PROFILE n=4: mixer=413us moe_residual=293us
[2m2026-09-06T02:11:19.722290Z[0m [32m INFO[0m [2mspark_model::layers::qwen3_ssm::trait_decode_multi_seq::ssm_batched[0m[2m:[0m ATLAS_SSM_DETAIL n=4: input_norm=11us qkvz=91us recurrent_ba=45us recurrent_conv=40us recurrent_gdn=103us recurrent_norm=36us recurrent_total_tail=1us out_proj=45us post_norm=12us
[2m2026-09-06T02:11:19.722590Z[0m [32m INFO[0m [2mspark_model::layers::qwen3_ssm::trait_decode_multi_seq[0m[2m:[0m ATLAS_SSM_MS_PROFILE n=4: mixer=415us moe_residual=293us
[2m2026-09-06T02:11:19.723005Z[0m [32m INFO[0m [2mspark_model::layers::qwen3_ssm::trait_decode_multi_seq::ssm_batched[0m[2m:[0m ATLAS_SSM_DETAIL n=4: input_norm=11us qkvz=92us recurrent_ba=45us recurrent_conv=41us recurrent_gdn=100us recurrent_norm=36us recurrent_total_tail=1us out_proj=45us post_norm=12us
[2m2026-09-06T02:11:19.723306Z[0m [32m INFO[0m [2mspark_model::layers::qwen3_ssm::trait_decode_multi_seq[0m[2m:[0m ATLAS_SSM_MS_PROFILE n=4: mixer=412us moe_residual=294us
[2m2026-09-06T02:11:19.724430Z[0m [32m INFO[0m [2mspark_model::layers::qwen3_ssm::trait_decode_multi_seq::ssm_batched[0m[2m:[0m ATLAS_SSM_DETAIL n=4: input_norm=11us qkvz=92us recurrent_ba=45us recurrent_conv=41us recurrent_gdn=100us recurrent_norm=36us recurrent_total_tail=1us out_proj=45us post_norm=12us
[2m2026-09-06T02:11:19.724731Z[0m [32m INFO[0m [2mspark_model::layers::qwen3_ssm::trait_decode_multi_seq[0m[2m:[0m ATLAS_SSM_MS_PROFILE n=4: mixer=413us moe_residual=293us
[2m2026-09-06T02:11:19.725144Z[0m [32m INFO[0m [2mspark_model::layers::qwen3_ssm::trait_decode_multi_seq::ssm_batched[0m[2m:[0m ATLAS_SSM_DETAIL n=4: input_norm=11us qkvz=92us recurrent_ba=45us recurrent_conv=40us recurrent_gdn=100us recurrent_norm=36us recurrent_total_tail=1us out_proj=45us post_norm=12us
[2m2026-09-06T02:11:19.725445Z[0m [32m INFO[0m [2mspark_model::layers::qwen3_ssm::trait_decode_multi_seq[0m[2m:[0m ATLAS_SSM_MS_PROFILE n=4: mixer=411us moe_residual=293us
[2m2026-09-06T02:11:19.725864Z[0m [32m INFO[0m [2mspark_model::layers::qwen3_ssm::trait_decode_multi_seq::ssm_batched[0m[2m:[0m ATLAS_SSM_DETAIL n=4: input_norm=11us qkvz=92us recurrent_ba=46us recurrent_conv=40us recurrent_gdn=100us recurrent_norm=36us recurrent_total_tail=1us out_proj=45us post_norm=11us
[2m2026-09-06T02:11:19.726165Z[0m [32m INFO[0m [2mspark_model::layers::qwen3_ssm::trait_decode_multi_seq[0m[2m:[0m ATLAS_SSM_MS_PROFILE n=4: mixer=410us moe_residual=294us
[2m2026-09-06T02:11:19.727286Z[0m [32m INFO[0m [2mspark_model::layers::qwen3_ssm::trait_decode_multi_seq::ssm_batched[0m[2m:[0m ATLAS_SSM_DETAIL n=4: input_norm=11us qkvz=91us recurrent_ba=45us recurrent_conv=40us recurrent_gdn=100us recurrent_norm=36us recurrent_total_tail=1us out_proj=45us post_norm=12us
[2m2026-09-06T02:11:19.727587Z[0m [32m INFO[0m [2mspark_model::layers::qwen3_ssm::trait_decode_multi_seq[0m[2m:[0m ATLAS_SSM_MS_PROFILE n=4: mixer=411us moe_residual=293us
[2m2026-09-06T02:11:19.728000Z[0m [32m INFO[0m [2mspark_model::layers::qwen3_ssm::trait_decode_multi_seq::ssm_batched[0m[2m:[0m ATLAS_SSM_DETAIL n=4: input_norm=11us qkvz=91us recurrent_ba=46us recurrent_conv=41us recurrent_gdn=100us recurrent_norm=36us recurrent_total_tail=1us out_proj=45us post_norm=11us
[2m2026-09-06T02:11:19.728300Z[0m [32m INFO[0m [2mspark_model::layers::qwen3_ssm::trait_decode_multi_seq[0m[2m:[0m ATLAS_SSM_MS_PROFILE n=4: mixer=410us moe_residual=293us
[2m2026-09-06T02:11:19.728714Z[0m [32m INFO[0m [2mspark_model::layers::qwen3_ssm::trait_decode_multi_seq::ssm_batched[0m[2m:[0m ATLAS_SSM_DETAIL n=4: input_norm=11us qkvz=92us recurrent_ba=45us recurrent_conv=40us recurrent_gdn=100us recurrent_norm=36us recurrent_total_tail=1us out_proj=45us post_norm=11us
[2m2026-09-06T02:11:19.729011Z[0m [32m INFO[0m [2mspark_model::layers::qwen3_ssm::trait_decode_multi_seq[0m[2m:[0m ATLAS_SSM_MS_PROFILE n=4: mixer=410us moe_residual=291us
[2m2026-09-06T02:11:19.730140Z[0m [32m INFO[0m [2mspark_model::layers::qwen3_ssm::trait_decode_multi_seq::ssm_batched[0m[2m:[0m ATLAS_SSM_DETAIL n=4: input_norm=11us qkvz=92us recurrent_ba=45us recurrent_conv=40us recurrent_gdn=100us recurrent_norm=36us recurrent_total_tail=1us out_proj=43us post_norm=13us
[2m2026-09-06T02:11:19.730439Z[0m [32m INFO[0m [2mspark_model::layers::qwen3_ssm::trait_decode_multi_seq[0m[2m:[0m ATLAS_SSM_MS_PROFILE n=4: mixer=411us moe_residual=292us
[2m2026-09-06T02:11:19.730849Z[0m [32m INFO[0m [2mspark_model::layers::qwen3_ssm::trait_decode_multi_seq::ssm_batched[0m[2m:[0m ATLAS_SSM_DETAIL n=4: input_norm=11us qkvz=91us recurrent_ba=45us recurrent_conv=40us recurrent_gdn=100us recurrent_norm=36us recurrent_total_tail=1us out_proj=45us post_norm=11us
[2m2026-09-06T02:11:19.731148Z[0m [32m INFO[0m [2mspark_model::layers::qwen3_ssm::trait_decode_multi_seq[0m[2m:[0m ATLAS_SSM_MS_PROFILE n=4: mixer=406us moe_residual=293us
[2m2026-09-06T02:11:19.731557Z[0m [32m INFO[0m [2mspark_model::layers::qwen3_ssm::trait_decode_multi_seq::ssm_batched[0m[2m:[0m ATLAS_SSM_DETAIL n=4: input_norm=11us qkvz=92us recurrent_ba=45us recurrent_conv=40us recurrent_gdn=100us recurrent_norm=36us recurrent_total_tail=1us out_proj=44us post_norm=11us
[2m2026-09-06T02:11:19.731856Z[0m [32m INFO[0m [2mspark_model::layers::qwen3_ssm::trait_decode_multi_seq[0m[2m:[0m ATLAS_SSM_MS_PROFILE n=4: mixer=405us moe_residual=293us
[2m2026-09-06T02:11:19.732974Z[0m [32m INFO[0m [2mspark_model::layers::qwen3_ssm::trait_decode_multi_seq::ssm_batched[0m[2m:[0m ATLAS_SSM_DETAIL n=4: input_norm=11us qkvz=91us recurrent_ba=45us recurrent_conv=40us recurrent_gdn=101us recurrent_norm=36us recurrent_total_tail=1us out_proj=44us post_norm=12us
[2m2026-09-06T02:11:19.733272Z[0m [32m INFO[0m [2mspark_model::layers::qwen3_ssm::trait_decode_multi_seq[0m[2m:[0m ATLAS_SSM_MS_PROFILE n=4: mixer=409us moe_residual=291us
[2m2026-09-06T02:11:19.733685Z[0m [32m INFO[0m [2mspark_model::layers::qwen3_ssm::trait_decode_multi_seq::ssm_batched[0m[2m:[0m ATLAS_SSM_DETAIL n=4: input_norm=11us qkvz=91us recurrent_ba=45us recurrent_conv=40us recurrent_gdn=100us recurrent_norm=36us recurrent_total_tail=1us out_proj=44us post_norm=11us
[2m2026-09-06T02:11:19.733983Z[0m [32m INFO[0m [2mspark_model::layers::qwen3_ssm::trait_decode_multi_seq[0m[2m:[0m ATLAS_SSM_MS_PROFILE n=4: mixer=406us moe_residual=292us
[2m2026-09-06T02:11:19.734391Z[0m [32m INFO[0m [2mspark_model::layers::qwen3_ssm::trait_decode_multi_seq::ssm_batched[0m[2m:[0m ATLAS_SSM_DETAIL n=4: input_norm=11us qkvz=91us recurrent_ba=45us recurrent_conv=41us recurrent_gdn=99us recurrent_norm=36us recurrent_total_tail=1us out_proj=45us post_norm=11us
[2m2026-09-06T02:11:19.734689Z[0m [32m INFO[0m [2mspark_model::layers::qwen3_ssm::trait_decode_multi_seq[0m[2m:[0m ATLAS_SSM_MS_PROFILE n=4: mixer=406us moe_residual=291us
[2m2026-09-06T02:11:19.735805Z[0m [32m INFO[0m [2mspark_model::layers::qwen3_ssm::trait_decode_multi_seq::ssm_batched[0m[2m:[0m ATLAS_SSM_DETAIL n=4: input_norm=11us qkvz=91us recurrent_ba=45us recurrent_conv=40us recurrent_gdn=100us recurrent_norm=36us recurrent_total_tail=1us out_proj=44us post_norm=11us
[2m2026-09-06T02:11:19.736105Z[0m [32m INFO[0m [2mspark_model::layers::qwen3_ssm::trait_decode_multi_seq[0m[2m:[0m ATLAS_SSM_MS_PROFILE n=4: mixer=406us moe_residual=293us
[2m2026-09-06T02:11:19.736514Z[0m [32m INFO[0m [2mspark_model::layers::qwen3_ssm::trait_decode_multi_seq::ssm_batched[0m[2m:[0m ATLAS_SSM_DETAIL n=4: input_norm=11us qkvz=92us recurrent_ba=45us recurrent_conv=40us recurrent_gdn=100us recurrent_norm=36us recurrent_total_tail=1us out_proj=45us post_norm=11us
[2m2026-09-06T02:11:19.736812Z[0m [32m INFO[0m [2mspark_model::layers::qwen3_ssm::trait_decode_multi_seq[0m[2m:[0m ATLAS_SSM_MS_PROFILE n=4: mixer=407us moe_residual=291us
[2m2026-09-06T02:11:19.737222Z[0m [32m INFO[0m [2mspark_model::layers::qwen3_ssm::trait_decode_multi_seq::ssm_batched[0m[2m:[0m ATLAS_SSM_DETAIL n=4: input_norm=11us qkvz=92us recurrent_ba=45us recurrent_conv=40us recurrent_gdn=100us recurrent_norm=36us recurrent_total_tail=1us out_proj=45us post_norm=11us
[2m2026-09-06T02:11:19.737523Z[0m [32m INFO[0m [2mspark_model::layers::qwen3_ssm::trait_decode_multi_seq[0m[2m:[0m ATLAS_SSM_MS_PROFILE n=4: mixer=407us moe_residual=294us
[2m2026-09-06T02:11:19.738638Z[0m [32m INFO[0m [2mspark_model::layers::qwen3_ssm::trait_decode_multi_seq::ssm_batched[0m[2m:[0m ATLAS_SSM_DETAIL n=4: input_norm=11us qkvz=92us recurrent_ba=45us recurrent_conv=40us recurrent_gdn=100us recurrent_norm=36us recurrent_total_tail=1us out_proj=45us post_norm=11us
[2m2026-09-06T02:11:19.738937Z[0m [32m INFO[0m [2mspark_model::layers::qwen3_ssm::trait_decode_multi_seq[0m[2m:[0m ATLAS_SSM_MS_PROFILE n=4: mixer=408us moe_residual=292us
[2m2026-09-06T02:11:19.739350Z[0m [32m INFO[0m [2mspark_model::layers::qwen3_ssm::trait_decode_multi_seq::ssm_batched[0m[2m:[0m ATLAS_SSM_DETAIL n=4: input_norm=11us qkvz=92us recurrent_ba=45us recurrent_conv=43us recurrent_gdn=100us recurrent_norm=36us recurrent_total_tail=1us out_proj=45us post_norm=11us
[2m2026-09-06T02:11:19.739649Z[0m [32m INFO[0m [2mspark_model::layers::qwen3_ssm::trait_decode_multi_seq[0m[2m:[0m ATLAS_SSM_MS_PROFILE n=4: mixer=411us moe_residual=292us
[2m2026-09-06T02:11:19.740059Z[0m [32m INFO[0m [2mspark_model::layers::qwen3_ssm::trait_decode_multi_seq::ssm_batched[0m[2m:[0m ATLAS_SSM_DETAIL n=4: input_norm=11us qkvz=92us recurrent_ba=45us recurrent_conv=40us recurrent_gdn=100us recurrent_norm=36us recurrent_total_tail=1us out_proj=45us post_norm=11us
[2m2026-09-06T02:11:19.740357Z[0m [32m INFO[0m [2mspark_model::layers::qwen3_ssm::trait_decode_multi_seq[0m[2m:[0m ATLAS_SSM_MS_PROFILE n=4: mixer=406us moe_residual=292us
[2m2026-09-06T02:11:19.741474Z[0m [32m INFO[0m [2mspark_model::layers::qwen3_ssm::trait_decode_multi_seq::ssm_batched[0m[2m:[0m ATLAS_SSM_DETAIL n=4: input_norm=11us qkvz=92us recurrent_ba=44us recurrent_conv=40us recurrent_gdn=100us recurrent_norm=36us recurrent_total_tail=1us out_proj=44us post_norm=11us
[2m2026-09-06T02:11:19.741776Z[0m [32m INFO[0m [2mspark_model::layers::qwen3_ssm::trait_decode_multi_seq[0m[2m:[0m ATLAS_SSM_MS_PROFILE n=4: mixer=406us moe_residual=293us
[2m2026-09-06T02:11:19.742181Z[0m [32m INFO[0m [2mspark_model::layers::qwen3_ssm::trait_decode_multi_seq::ssm_batched[0m[2m:[0m ATLAS_SSM_DETAIL n=4: input_norm=11us qkvz=90us recurrent_ba=45us recurrent_conv=40us recurrent_gdn=100us recurrent_norm=36us recurrent_total_tail=1us out_proj=45us post_norm=11us
[2m2026-09-06T02:11:19.742483Z[0m [32m INFO[0m [2mspark_model::layers::qwen3_ssm::trait_decode_multi_seq[0m[2m:[0m ATLAS_SSM_MS_PROFILE n=4: mixer=404us moe_residual=295us
[2m2026-09-06T02:11:19.742897Z[0m [32m INFO[0m [2mspark_model::layers::qwen3_ssm::trait_decode_multi_seq::ssm_batched[0m[2m:[0m ATLAS_SSM_DETAIL n=4: input_norm=10us qkvz=91us recurrent_ba=45us recurrent_conv=40us recurrent_gdn=105us recurrent_norm=36us recurrent_total_tail=1us out_proj=45us post_norm=11us
[2m2026-09-06T02:11:19.743195Z[0m [32m INFO[0m [2mspark_model::layers::qwen3_ssm::trait_decode_multi_seq[0m[2m:[0m ATLAS_SSM_MS_PROFILE n=4: mixer=411us moe_residual=292us
[2m2026-09-06T02:11:19.744312Z[0m [32m INFO[0m [2mspark_model::layers::qwen3_ssm::trait_decode_multi_seq::ssm_batched[0m[2m:[0m ATLAS_SSM_DETAIL n=4: input_norm=10us qkvz=91us recurrent_ba=45us recurrent_conv=40us recurrent_gdn=100us recurrent_norm=38us recurrent_total_tail=1us out_proj=45us post_norm=11us
[2m2026-09-06T02:11:19.744611Z[0m [32m INFO[0m [2mspark_model::layers::qwen3_ssm::trait_decode_multi_seq[0m[2m:[0m ATLAS_SSM_MS_PROFILE n=4: mixer=407us moe_residual=291us
[2m2026-09-06T02:11:19.745016Z[0m [32m INFO[0m [2mspark_model::layers::qwen3_ssm::trait_decode_multi_seq::ssm_batched[0m[2m:[0m ATLAS_SSM_DETAIL n=4: input_norm=10us qkvz=91us recurrent_ba=45us recurrent_conv=40us recurrent_gdn=100us recurrent_norm=36us recurrent_total_tail=1us out_proj=44us post_norm=11us
[2m2026-09-06T02:11:19.745315Z[0m [32m INFO[0m [2mspark_model::layers::qwen3_ssm::trait_decode_multi_seq[0m[2m:[0m ATLAS_SSM_MS_PROFILE n=4: mixer=403us moe_residual=292us
[2m2026-09-06T02:11:19.745724Z[0m [32m INFO[0m [2mspark_model::layers::qwen3_ssm::trait_decode_multi_seq::ssm_batched[0m[2m:[0m ATLAS_SSM_DETAIL n=4: input_norm=11us qkvz=91us recurrent_ba=45us recurrent_conv=40us recurrent_gdn=99us recurrent_norm=36us recurrent_total_tail=1us out_proj=45us post_norm=12us
[2m2026-09-06T02:11:19.746023Z[0m [32m INFO[0m [2mspark_model::layers::qwen3_ssm::trait_decode_multi_seq[0m[2m:[0m ATLAS_SSM_MS_PROFILE n=4: mixer=406us moe_residual=293us
[2m2026-09-06T02:11:19.747139Z[0m [32m INFO[0m [2mspark_model::layers::qwen3_ssm::trait_decode_multi_seq::ssm_batched[0m[2m:[0m ATLAS_SSM_DETAIL n=4: input_norm=11us qkvz=92us recurrent_ba=45us recurrent_conv=40us recurrent_gdn=100us recurrent_norm=36us recurrent_total_tail=1us out_proj=44us post_norm=12us
[2m2026-09-06T02:11:19.747438Z[0m [32m INFO[0m [2mspark_model::layers::qwen3_ssm::trait_decode_multi_seq[0m[2m:[0m ATLAS_SSM_MS_PROFILE n=4: mixer=405us moe_residual=292us
[2m2026-09-06T02:11:19.747846Z[0m [32m INFO[0m [2mspark_model::layers::qwen3_ssm::trait_decode_multi_seq::ssm_batched[0m[2m:[0m ATLAS_SSM_DETAIL n=4: input_norm=11us qkvz=91us recurrent_ba=45us recurrent_conv=42us recurrent_gdn=100us recurrent_norm=36us recurrent_total_tail=1us out_proj=44us post_norm=11us
[2m2026-09-06T02:11:19.748144Z[0m [32m INFO[0m [2mspark_model::layers::qwen3_ssm::trait_decode_multi_seq[0m[2m:[0m ATLAS_SSM_MS_PROFILE n=4: mixer=404us moe_residual=292us
[2m2026-09-06T02:11:19.748549Z[0m [32m INFO[0m [2mspark_model::layers::qwen3_ssm::trait_decode_multi_seq::ssm_batched[0m[2m:[0m ATLAS_SSM_DETAIL n=4: input_norm=10us qkvz=91us recurrent_ba=45us recurrent_conv=40us recurrent_gdn=99us recurrent_norm=36us recurrent_total_tail=1us out_proj=45us post_norm=11us
[2m2026-09-06T02:11:19.748850Z[0m [32m INFO[0m [2mspark_model::layers::qwen3_ssm::trait_decode_multi_seq[0m[2m:[0m ATLAS_SSM_MS_PROFILE n=4: mixer=403us moe_residual=294us
[2m2026-09-06T02:11:19.749970Z[0m [32m INFO[0m [2mspark_model::layers::qwen3_ssm::trait_decode_multi_seq::ssm_batched[0m[2m:[0m ATLAS_SSM_DETAIL n=4: input_norm=11us qkvz=92us recurrent_ba=45us recurrent_conv=40us recurrent_gdn=100us recurrent_norm=35us recurrent_total_tail=1us out_proj=44us post_norm=11us
[2m2026-09-06T02:11:19.750275Z[0m [32m INFO[0m [2mspark_model::layers::qwen3_ssm::trait_decode_multi_seq[0m[2m:[0m ATLAS_SSM_MS_PROFILE n=4: mixer=405us moe_residual=298us
[2m2026-09-06T02:11:19.750683Z[0m [32m INFO[0m [2mspark_model::layers::qwen3_ssm::trait_decode_multi_seq::ssm_batched[0m[2m:[0m ATLAS_SSM_DETAIL n=4: input_norm=11us qkvz=91us recurrent_ba=45us recurrent_conv=40us recurrent_gdn=100us recurrent_norm=36us recurrent_total_tail=1us out_proj=45us post_norm=11us
[2m2026-09-06T02:11:19.750982Z[0m [32m INFO[0m [2mspark_model::layers::qwen3_ssm::trait_decode_multi_seq[0m[2m:[0m ATLAS_SSM_MS_PROFILE n=4: mixer=405us moe_residual=293us
[2m2026-09-06T02:11:19.751389Z[0m [32m INFO[0m [2mspark_model::layers::qwen3_ssm::trait_decode_multi_seq::ssm_batched[0m[2m:[0m ATLAS_SSM_DETAIL n=4: input_norm=10us qkvz=92us recurrent_ba=45us recurrent_conv=40us recurrent_gdn=100us recurrent_norm=36us recurrent_total_tail=1us out_proj=44us post_norm=11us
[2m2026-09-06T02:11:19.751686Z[0m [32m INFO[0m [2mspark_model::layers::qwen3_ssm::trait_decode_multi_seq[0m[2m:[0m ATLAS_SSM_MS_PROFILE n=4: mixer=405us moe_residual=290us
[2m2026-09-06T02:11:19.752799Z[0m [32m INFO[0m [2mspark_model::layers::qwen3_ssm::trait_decode_multi_seq::ssm_batched[0m[2m:[0m ATLAS_SSM_DETAIL n=4: input_norm=11us qkvz=91us recurrent_ba=45us recurrent_conv=40us recurrent_gdn=100us recurrent_norm=36us recurrent_total_tail=1us out_proj=44us post_norm=11us
[2m2026-09-06T02:11:19.753098Z[0m [32m INFO[0m [2mspark_model::layers::qwen3_ssm::trait_decode_multi_seq[0m[2m:[0m ATLAS_SSM_MS_PROFILE n=4: mixer=403us moe_residual=293us
[2m2026-09-06T02:11:19.753504Z[0m [32m INFO[0m [2mspark_model::layers::qwen3_ssm::trait_decode_multi_seq::ssm_batched[0m[2m:[0m ATLAS_SSM_DETAIL n=4: input_norm=11us qkvz=92us recurrent_ba=45us recurrent_conv=40us recurrent_gdn=99us recurrent_norm=36us recurrent_total_tail=1us out_proj=44us post_norm=11us
[2m2026-09-06T02:11:19.753802Z[0m [32m INFO[0m [2mspark_model::layers::qwen3_ssm::trait_decode_multi_seq[0m[2m:[0m ATLAS_SSM_MS_PROFILE n=4: mixer=403us moe_residual=291us
[2m2026-09-06T02:11:19.754206Z[0m [32m INFO[0m [2mspark_model::layers::qwen3_ssm::trait_decode_multi_seq::ssm_batched[0m[2m:[0m ATLAS_SSM_DETAIL n=4: input_norm=11us qkvz=91us recurrent_ba=45us recurrent_conv=40us recurrent_gdn=100us recurrent_norm=36us recurrent_total_tail=1us out_proj=44us post_norm=11us
[2m2026-09-06T02:11:19.754506Z[0m [32m INFO[0m [2mspark_model::layers::qwen3_ssm::trait_decode_multi_seq[0m[2m:[0m ATLAS_SSM_MS_PROFILE n=4: mixer=402us moe_residual=293us
[2m2026-09-06T02:11:19.755622Z[0m [32m INFO[0m [2mspark_model::layers::qwen3_ssm::trait_decode_multi_seq::ssm_batched[0m[2m:[0m ATLAS_SSM_DETAIL n=4: input_norm=11us qkvz=91us recurrent_ba=45us recurrent_conv=40us recurrent_gdn=100us recurrent_norm=35us recurrent_total_tail=1us out_proj=45us post_norm=11us
[2m2026-09-06T02:11:19.755925Z[0m [32m INFO[0m [2mspark_model::layers::qwen3_ssm::trait_decode_multi_seq[0m[2m:[0m ATLAS_SSM_MS_PROFILE n=4: mixer=405us moe_residual=295us
[2m2026-09-06T02:11:19.756328Z[0m [32m INFO[0m [2mspark_model::layers::qwen3_ssm::trait_decode_multi_seq::ssm_batched[0m[2m:[0m ATLAS_SSM_DETAIL n=4: input_norm=11us qkvz=91us recurrent_ba=44us recurrent_conv=40us recurrent_gdn=98us recurrent_norm=36us recurrent_total_tail=1us out_proj=45us post_norm=11us
[2m2026-09-06T02:11:19.756629Z[0m [32m INFO[0m [2mspark_model::layers::qwen3_ssm::trait_decode_multi_seq[0m[2m:[0m ATLAS_SSM_MS_PROFILE n=4: mixer=401us moe_residual=294us
[2m2026-09-06T02:11:19.757034Z[0m [32m INFO[0m [2mspark_model::layers::qwen3_ssm::trait_decode_multi_seq::ssm_batched[0m[2m:[0m ATLAS_SSM_DETAIL n=4: input_norm=11us qkvz=91us recurrent_ba=44us recurrent_conv=40us recurrent_gdn=99us recurrent_norm=36us recurrent_total_tail=1us out_proj=45us post_norm=11us
[2m2026-09-06T02:11:19.757331Z[0m [32m INFO[0m [2mspark_model::layers::qwen3_ssm::trait_decode_multi_seq[0m[2m:[0m ATLAS_SSM_MS_PROFILE n=4: mixer=400us moe_residual=291us
[2m2026-09-06T02:11:19.758442Z[0m [32m INFO[0m [2mspark_model::layers::qwen3_ssm::trait_decode_multi_seq::ssm_batched[0m[2m:[0m ATLAS_SSM_DETAIL n=4: input_norm=11us qkvz=91us recurrent_ba=44us recurrent_conv=39us recurrent_gdn=98us recurrent_norm=36us recurrent_total_tail=1us out_proj=44us post_norm=11us
[2m2026-09-06T02:11:19.758741Z[0m [32m INFO[0m [2mspark_model::layers::qwen3_ssm::trait_decode_multi_seq[0m[2m:[0m ATLAS_SSM_MS_PROFILE n=4: mixer=402us moe_residual=293us
[2m2026-09-06T02:11:19.759147Z[0m [32m INFO[0m [2mspark_model::layers::qwen3_ssm::trait_decode_multi_seq::ssm_batched[0m[2m:[0m ATLAS_SSM_DETAIL n=4: input_norm=10us qkvz=91us recurrent_ba=45us recurrent_conv=40us recurrent_gdn=99us recurrent_norm=36us recurrent_total_tail=1us out_proj=45us post_norm=14us
[2m2026-09-06T02:11:19.759445Z[0m [32m INFO[0m [2mspark_model::layers::qwen3_ssm::trait_decode_multi_seq[0m[2m:[0m ATLAS_SSM_MS_PROFILE n=4: mixer=404us moe_residual=291us
[2m2026-09-06T02:11:19.759851Z[0m [32m INFO[0m [2mspark_model::layers::qwen3_ssm::trait_decode_multi_seq::ssm_batched[0m[2m:[0m ATLAS_SSM_DETAIL n=4: input_norm=10us qkvz=91us recurrent_ba=45us recurrent_conv=40us recurrent_gdn=100us recurrent_norm=36us recurrent_total_tail=1us out_proj=45us post_norm=11us
[2m2026-09-06T02:11:19.760151Z[0m [32m INFO[0m [2mspark_model::layers::qwen3_ssm::trait_decode_multi_seq[0m[2m:[0m ATLAS_SSM_MS_PROFILE n=4: mixer=403us moe_residual=294us
[2m2026-09-06T02:11:19.761265Z[0m [32m INFO[0m [2mspark_model::layers::qwen3_ssm::trait_decode_multi_seq::ssm_batched[0m[2m:[0m ATLAS_SSM_DETAIL n=4: input_norm=10us qkvz=91us recurrent_ba=45us recurrent_conv=39us recurrent_gdn=102us recurrent_norm=36us recurrent_total_tail=1us out_proj=44us post_norm=11us
[2m2026-09-06T02:11:19.761563Z[0m [32m INFO[0m [2mspark_model::layers::qwen3_ssm::trait_decode_multi_seq[0m[2m:[0m ATLAS_SSM_MS_PROFILE n=4: mixer=404us moe_residual=292us
[2m2026-09-06T02:11:19.761967Z[0m [32m INFO[0m [2mspark_model::layers::qwen3_ssm::trait_decode_multi_seq::ssm_batched[0m[2m:[0m ATLAS_SSM_DETAIL n=4: input_norm=10us qkvz=91us recurrent_ba=45us recurrent_conv=40us recurrent_gdn=98us recurrent_norm=36us recurrent_total_tail=1us out_proj=45us post_norm=11us
[2m2026-09-06T02:11:19.762266Z[0m [32m INFO[0m [2mspark_model::layers::qwen3_ssm::trait_decode_multi_seq[0m[2m:[0m ATLAS_SSM_MS_PROFILE n=4: mixer=400us moe_residual=294us
[2m2026-09-06T02:11:19.762671Z[0m [32m INFO[0m [2mspark_model::layers::qwen3_ssm::trait_decode_multi_seq::ssm_batched[0m[2m:[0m ATLAS_SSM_DETAIL n=4: input_norm=11us qkvz=91us recurrent_ba=45us recurrent_conv=37us recurrent_gdn=98us recurrent_norm=36us recurrent_total_tail=1us out_proj=45us post_norm=11us
[2m2026-09-06T02:11:19.762970Z[0m [32m INFO[0m [2mspark_model::layers::qwen3_ssm::trait_decode_multi_seq[0m[2m:[0m ATLAS_SSM_MS_PROFILE n=4: mixer=400us moe_residual=293us
[2m2026-09-06T02:11:19.764637Z[0m [32m INFO[0m [2mspark_model::model::trait_impl::decode_a2[0m[2m:[0m ATLAS_MS_PROFILE n=4 padded_n=4: total=46219us  ssm=33971us(48L)  attn=11292us(16L)  head=956us  [per-tok 11.55ms]
[2m2026-09-06T02:11:19.768448Z[0m [32m INFO[0m [2mspark::scheduler::mtp_accept_debug[0m[2m:[0m Done: 4 tokens (stop) 3.6 tok/s, TTFT=324.5ms, serial=1.00 mtp=0.00 p1=0.000 mean_na=0.000 tok_step=1.000 regime_reprobes=0
[2m2026-09-06T02:11:19.769295Z[0m [32m INFO[0m [2mspark_model::model::trait_impl::decode_checkpoint[0m[2m:[0m Saved finish-leaf SSM snapshot 5 for 80 tokens
[2m2026-09-06T02:11:19.771454Z[0m [32m INFO[0m [2mspark_model::layers::qwen3_ssm::trait_decode_multi_seq::ssm_batched[0m[2m:[0m ATLAS_SSM_DETAIL n=4: input_norm=25us qkvz=101us recurrent_ba=76us recurrent_conv=60us recurrent_gdn=118us recurrent_norm=55us recurrent_total_tail=2us out_proj=49us post_norm=16us
[2m2026-09-06T02:11:19.771775Z[0m [32m INFO[0m [2mspark_model::layers::qwen3_ssm::trait_decode_multi_seq[0m[2m:[0m ATLAS_SSM_MS_PROFILE n=4: mixer=566us moe_residual=298us
[2m2026-09-06T02:11:19.772296Z[0m [32m INFO[0m [2mspark_model::layers::qwen3_ssm::trait_decode_multi_seq::ssm_batched[0m[2m:[0m ATLAS_SSM_DETAIL n=4: input_norm=16us qkvz=96us recurrent_ba=60us recurrent_conv=59us recurrent_gdn=114us recurrent_norm=57us recurrent_total_tail=2us out_proj=49us post_norm=15us
[2m2026-09-06T02:11:19.772608Z[0m [32m INFO[0m [2mspark_model::layers::qwen3_ssm::trait_decode_multi_seq[0m[2m:[0m ATLAS_SSM_MS_PROFILE n=4: mixer=517us moe_residual=296us
[2m2026-09-06T02:11:19.773117Z[0m [32m INFO[0m [2mspark_model::layers::qwen3_ssm::trait_decode_multi_seq::ssm_batched[0m[2m:[0m ATLAS_SSM_DETAIL n=4: input_norm=15us qkvz=95us recurrent_ba=62us recurrent_conv=56us recurrent_gdn=116us recurrent_norm=52us recurrent_total_tail=2us out_proj=48us post_norm=15us
[2m2026-09-06T02:11:19.773439Z[0m [32m INFO[0m [2mspark_model::layers::qwen3_ssm::trait_decode_multi_seq[0m[2m:[0m ATLAS_SSM_MS_PROFILE n=4: mixer=505us moe_residual=308us
[2m2026-09-06T02:11:19.774657Z[0m [32m INFO[0m [2mspark_model::layers::qwen3_ssm::trait_decode_multi_seq::ssm_batched[0m[2m:[0m ATLAS_SSM_DETAIL n=4: input_norm=15us qkvz=95us recurrent_ba=61us recurrent_conv=56us recurrent_gdn=115us recurrent_norm=52us recurrent_total_tail=2us out_proj=49us post_norm=15us
[2m2026-09-06T02:11:19.774968Z[0m [32m INFO[0m [2mspark_model::layers::qwen3_ssm::trait_decode_multi_seq[0m[2m:[0m ATLAS_SSM_MS_PROFILE n=4: mixer=503us moe_residual=295us
[2m2026-09-06T02:11:19.775477Z[0m [32m INFO[0m [2mspark_model::layers::qwen3_ssm::trait_decode_multi_seq::ssm_batched[0m[2m:[0m ATLAS_SSM_DETAIL n=4: input_norm=15us qkvz=96us recurrent_ba=60us recurrent_conv=56us recurrent_gdn=120us recurrent_norm=52us recurrent_total_tail=2us out_proj=48us post_norm=15us
[2m2026-09-06T02:11:19.775790Z[0m [32m INFO[0m [2mspark_model::layers::qwen3_ssm::trait_decode_multi_seq[0m[2m:[0m ATLAS_SSM_MS_PROFILE n=4: mixer=508us moe_residual=297us
[2m2026-09-06T02:11:19.776301Z[0m [32m INFO[0m [2mspark_model::layers::qwen3_ssm::trait_decode_multi_seq::ssm_batched[0m[2m:[0m ATLAS_SSM_DETAIL n=4: input_norm=14us qkvz=95us recurrent_ba=61us recurrent_conv=56us recurrent_gdn=115us recurrent_norm=59us recurrent_total_tail=2us out_proj=48us post_norm=15us
[2m2026-09-06T02:11:19.776615Z[0m [32m INFO[0m [2mspark_model::layers::qwen3_ssm::trait_decode_multi_seq[0m[2m:[0m ATLAS_SSM_MS_PROFILE n=4: mixer=509us moe_residual=299us
[2m2026-09-06T02:11:19.777832Z[0m [32m INFO[0m [2mspark_model::layers::qwen3_ssm::trait_decode_multi_seq::ssm_batched[0m[2m:[0m ATLAS_SSM_DETAIL n=4: input_norm=14us qkvz=96us recurrent_ba=60us recurrent_conv=56us recurrent_gdn=116us recurrent_norm=51us recurrent_total_tail=2us out_proj=48us post_norm=15us
[2m2026-09-06T02:11:19.778146Z[0m [32m INFO[0m [2mspark_model::layers::qwen3_ssm::trait_decode_multi_seq[0m[2m:[0m ATLAS_SSM_MS_PROFILE n=4: mixer=504us moe_residual=298us
[2m2026-09-06T02:11:19.778650Z[0m [32m INFO[0m [2mspark_model::layers::qwen3_ssm::trait_decode_multi_seq::ssm_batched[0m[2m:[0m ATLAS_SSM_DETAIL n=4: input_norm=15us qkvz=95us recurrent_ba=60us recurrent_conv=55us recurrent_gdn=115us recurrent_norm=51us recurrent_total_tail=2us out_proj=48us post_norm=15us
[2m2026-09-06T02:11:19.778961Z[0m [32m INFO[0m [2mspark_model::layers::qwen3_ssm::trait_decode_multi_seq[0m[2m:[0m ATLAS_SSM_MS_PROFILE n=4: mixer=498us moe_residual=297us
[2m2026-09-06T02:11:19.779465Z[0m [32m INFO[0m [2mspark_model::layers::qwen3_ssm::trait_decode_multi_seq::ssm_batched[0m[2m:[0m ATLAS_SSM_DETAIL n=4: input_norm=15us qkvz=95us recurrent_ba=60us recurrent_conv=56us recurrent_gdn=116us recurrent_norm=52us recurrent_total_tail=2us out_proj=48us post_norm=15us
[2m2026-09-06T02:11:19.779784Z[0m [32m INFO[0m [2mspark_model::layers::qwen3_ssm::trait_decode_multi_seq[0m[2m:[0m ATLAS_SSM_MS_PROFILE n=4: mixer=508us moe_residual=298us
[2m2026-09-06T02:11:19.780998Z[0m [32m INFO[0m [2mspark_model::layers::qwen3_ssm::trait_decode_multi_seq::ssm_batched[0m[2m:[0m ATLAS_SSM_DETAIL n=4: input_norm=14us qkvz=95us recurrent_ba=61us recurrent_conv=56us recurrent_gdn=114us recurrent_norm=51us recurrent_total_tail=2us out_proj=48us post_norm=15us
[2m2026-09-06T02:11:19.781312Z[0m [32m INFO[0m [2mspark_model::layers::qwen3_ssm::trait_decode_multi_seq[0m[2m:[0m ATLAS_SSM_MS_PROFILE n=4: mixer=500us moe_residual=299us
[2m2026-09-06T02:11:19.781818Z[0m [32m INFO[0m [2mspark_model::layers::qwen3_ssm::trait_decode_multi_seq::ssm_batched[0m[2m:[0m ATLAS_SSM_DETAIL n=4: input_norm=15us qkvz=96us recurrent_ba=59us recurrent_conv=55us recurrent_gdn=115us recurrent_norm=51us recurrent_total_tail=2us out_proj=48us post_norm=15us
[2m2026-09-06T02:11:19.782127Z[0m [32m INFO[0m [2mspark_model::layers::qwen3_ssm::trait_decode_multi_seq[0m[2m:[0m ATLAS_SSM_MS_PROFILE n=4: mixer=501us moe_residual=296us
[2m2026-09-06T02:11:19.782637Z[0m [32m INFO[0m [2mspark_model::layers::qwen3_ssm::trait_decode_multi_seq::ssm_batched[0m[2m:[0m ATLAS_SSM_DETAIL n=4: input_norm=15us qkvz=95us recurrent_ba=60us recurrent_conv=54us recurrent_gdn=114us recurrent_norm=51us recurrent_total_tail=2us out_proj=48us post_norm=15us
[2m2026-09-06T02:11:19.782948Z[0m [32m INFO[0m [2mspark_model::layers::qwen3_ssm::trait_decode_multi_seq[0m[2m:[0m ATLAS_SSM_MS_PROFILE n=4: mixer=500us moe_residual=296us
[2m2026-09-06T02:11:19.784183Z[0m [32m INFO[0m [2mspark_model::layers::qwen3_ssm::trait_decode_multi_seq::ssm_batched[0m[2m:[0m ATLAS_SSM_DETAIL n=4: input_norm=15us qkvz=96us recurrent_ba=61us recurrent_conv=57us recurrent_gdn=116us recurrent_norm=51us recurrent_total_tail=2us out_proj=68us post_norm=15us
[2m2026-09-06T02:11:19.784495Z[0m [32m INFO[0m [2mspark_model::layers::qwen3_ssm::trait_decode_multi_seq[0m[2m:[0m ATLAS_SSM_MS_PROFILE n=4: mixer=524us moe_residual=296us
[2m2026-09-06T02:11:19.784997Z[0m [32m INFO[0m [2mspark_model::layers::qwen3_ssm::trait_decode_multi_seq::ssm_batched[0m[2m:[0m ATLAS_SSM_DETAIL n=4: input_norm=15us qkvz=96us recurrent_ba=59us recurrent_conv=56us recurrent_gdn=115us recurrent_norm=51us recurrent_total_tail=2us out_proj=48us post_norm=15us
[2m2026-09-06T02:11:19.785308Z[0m [32m INFO[0m [2mspark_model::layers::qwen3_ssm::trait_decode_multi_seq[0m[2m:[0m ATLAS_SSM_MS_PROFILE n=4: mixer=498us moe_residual=298us
[2m2026-09-06T02:11:19.785817Z[0m [32m INFO[0m [2mspark_model::layers::qwen3_ssm::trait_decode_multi_seq::ssm_batched[0m[2m:[0m ATLAS_SSM_DETAIL n=4: input_norm=15us qkvz=95us recurrent_ba=61us recurrent_conv=56us recurrent_gdn=114us recurrent_norm=53us recurrent_total_tail=2us out_proj=49us post_norm=15us
[2m2026-09-06T02:11:19.786127Z[0m [32m INFO[0m [2mspark_model::layers::qwen3_ssm::trait_decode_multi_seq[0m[2m:[0m ATLAS_SSM_MS_PROFILE n=4: mixer=501us moe_residual=297us
[2m2026-09-06T02:11:19.787361Z[0m [32m INFO[0m [2mspark_model::layers::qwen3_ssm::trait_decode_multi_seq::ssm_batched[0m[2m:[0m ATLAS_SSM_DETAIL n=4: input_norm=14us qkvz=95us recurrent_ba=61us recurrent_conv=56us recurrent_gdn=117us recurrent_norm=52us recurrent_total_tail=2us out_proj=49us post_norm=15us
[2m2026-09-06T02:11:19.787673Z[0m [32m INFO[0m [2mspark_model::layers::qwen3_ssm::trait_decode_multi_seq[0m[2m:[0m ATLAS_SSM_MS_PROFILE n=4: mixer=511us moe_residual=297us
[2m2026-09-06T02:11:19.788177Z[0m [32m INFO[0m [2mspark_model::layers::qwen3_ssm::trait_decode_multi_seq::ssm_batched[0m[2m:[0m ATLAS_SSM_DETAIL n=4: input_norm=15us qkvz=96us recurrent_ba=60us recurrent_conv=54us recurrent_gdn=116us recurrent_norm=51us recurrent_total_tail=2us out_proj=48us post_norm=15us
[2m2026-09-06T02:11:19.788499Z[0m [32m INFO[0m [2mspark_model::layers::qwen3_ssm::trait_decode_multi_seq[0m[2m:[0m ATLAS_SSM_MS_PROFILE n=4: mixer=506us moe_residual=303us
[2m2026-09-06T02:11:19.789001Z[0m [32m INFO[0m [2mspark_model::layers::qwen3_ssm::trait_decode_multi_seq::ssm_batched[0m[2m:[0m ATLAS_SSM_DETAIL n=4: input_norm=15us qkvz=95us recurrent_ba=59us recurrent_conv=56us recurrent_gdn=116us recurrent_norm=51us recurrent_total_tail=2us out_proj=48us post_norm=15us
[2m2026-09-06T02:11:19.789311Z[0m [32m INFO[0m [2mspark_model::layers::qwen3_ssm::trait_decode_multi_seq[0m[2m:[0m ATLAS_SSM_MS_PROFILE n=4: mixer=497us moe_residual=297us
[2m2026-09-06T02:11:19.790530Z[0m [32m INFO[0m [2mspark_model::layers::qwen3_ssm::trait_decode_multi_seq::ssm_batched[0m[2m:[0m ATLAS_SSM_DETAIL n=4: input_norm=14us qkvz=96us recurrent_ba=60us recurrent_conv=57us recurrent_gdn=115us recurrent_norm=52us recurrent_total_tail=2us out_proj=49us post_norm=15us
[2m2026-09-06T02:11:19.790843Z[0m [32m INFO[0m [2mspark_model::layers::qwen3_ssm::trait_decode_multi_seq[0m[2m:[0m ATLAS_SSM_MS_PROFILE n=4: mixer=504us moe_residual=298us
[2m2026-09-06T02:11:19.791346Z[0m [32m INFO[0m [2mspark_model::layers::qwen3_ssm::trait_decode_multi_seq::ssm_batched[0m[2m:[0m ATLAS_SSM_DETAIL n=4: input_norm=14us qkvz=95us recurrent_ba=62us recurrent_conv=56us recurrent_gdn=114us recurrent_norm=51us recurrent_total_tail=2us out_proj=48us post_norm=15us
[2m2026-09-06T02:11:19.791656Z[0m [32m INFO[0m [2mspark_model::layers::qwen3_ssm::trait_decode_multi_seq[0m[2m:[0m ATLAS_SSM_MS_PROFILE n=4: mixer=500us moe_residual=295us
[2m2026-09-06T02:11:19.792159Z[0m [32m INFO[0m [2mspark_model::layers::qwen3_ssm::trait_decode_multi_seq::ssm_batched[0m[2m:[0m ATLAS_SSM_DETAIL n=4: input_norm=14us qkvz=96us recurrent_ba=58us recurrent_conv=55us recurrent_gdn=112us recurrent_norm=50us recurrent_total_tail=2us out_proj=55us post_norm=15us
[2m2026-09-06T02:11:19.792471Z[0m [32m INFO[0m [2mspark_model::layers::qwen3_ssm::trait_decode_multi_seq[0m[2m:[0m ATLAS_SSM_MS_PROFILE n=4: mixer=502us moe_residual=296us
[2m2026-09-06T02:11:19.793684Z[0m [32m INFO[0m [2mspark_model::layers::qwen3_ssm::trait_decode_multi_seq::ssm_batched[0m[2m:[0m ATLAS_SSM_DETAIL n=4: input_norm=15us qkvz=95us recurrent_ba=61us recurrent_conv=56us recurrent_gdn=114us recurrent_norm=52us recurrent_total_tail=2us out_proj=48us post_norm=15us
[2m2026-09-06T02:11:19.793996Z[0m [32m INFO[0m [2mspark_model::layers::qwen3_ssm::trait_decode_multi_seq[0m[2m:[0m ATLAS_SSM_MS_PROFILE n=4: mixer=502us moe_residual=297us
[2m2026-09-06T02:11:19.794481Z[0m [32m INFO[0m [2mspark_model::layers::qwen3_ssm::trait_decode_multi_seq::ssm_batched[0m[2m:[0m ATLAS_SSM_DETAIL n=4: input_norm=14us qkvz=95us recurrent_ba=57us recurrent_conv=53us recurrent_gdn=112us recurrent_norm=48us recurrent_total_tail=2us out_proj=47us post_norm=14us
[2m2026-09-06T02:11:19.794792Z[0m [32m INFO[0m [2mspark_model::layers::qwen3_ssm::trait_decode_multi_seq[0m[2m:[0m ATLAS_SSM_MS_PROFILE n=4: mixer=483us moe_residual=297us
[2m2026-09-06T02:11:19.795285Z[0m [32m INFO[0m [2mspark_model::layers::qwen3_ssm::trait_decode_multi_seq::ssm_batched[0m[2m:[0m ATLAS_SSM_DETAIL n=4: input_norm=14us qkvz=95us recurrent_ba=57us recurrent_conv=53us recurrent_gdn=112us recurrent_norm=55us recurrent_total_tail=2us out_proj=48us post_norm=14us
[2m2026-09-06T02:11:19.795594Z[0m [32m INFO[0m [2mspark_model::layers::qwen3_ssm::trait_decode_multi_seq[0m[2m:[0m ATLAS_SSM_MS_PROFILE n=4: mixer=491us moe_residual=295us
[2m2026-09-06T02:11:19.796793Z[0m [32m INFO[0m [2mspark_model::layers::qwen3_ssm::trait_decode_multi_seq::ssm_batched[0m[2m:[0m ATLAS_SSM_DETAIL n=4: input_norm=14us qkvz=95us recurrent_ba=57us recurrent_conv=53us recurrent_gdn=112us recurrent_norm=49us recurrent_total_tail=2us out_proj=48us post_norm=14us
[2m2026-09-06T02:11:19.797105Z[0m [32m INFO[0m [2mspark_model::layers::qwen3_ssm::trait_decode_multi_seq[0m[2m:[0m ATLAS_SSM_MS_PROFILE n=4: mixer=490us moe_residual=295us
[2m2026-09-06T02:11:19.797595Z[0m [32m INFO[0m [2mspark_model::layers::qwen3_ssm::trait_decode_multi_seq::ssm_batched[0m[2m:[0m ATLAS_SSM_DETAIL n=4: input_norm=19us qkvz=95us recurrent_ba=57us recurrent_conv=52us recurrent_gdn=112us recurrent_norm=48us recurrent_total_tail=2us out_proj=48us post_norm=14us
[2m2026-09-06T02:11:19.797904Z[0m [32m INFO[0m [2mspark_model::layers::qwen3_ssm::trait_decode_multi_seq[0m[2m:[0m ATLAS_SSM_MS_PROFILE n=4: mixer=488us moe_residual=296us
[2m2026-09-06T02:11:19.798393Z[0m [32m INFO[0m [2mspark_model::layers::qwen3_ssm::trait_decode_multi_seq::ssm_batched[0m[2m:[0m ATLAS_SSM_DETAIL n=4: input_norm=14us qkvz=94us recurrent_ba=56us recurrent_conv=52us recurrent_gdn=118us recurrent_norm=48us recurrent_total_tail=2us out_proj=47us post_norm=14us
[2m2026-09-06T02:11:19.798702Z[0m [32m INFO[0m [2mspark_model::layers::qwen3_ssm::trait_decode_multi_seq[0m[2m:[0m ATLAS_SSM_MS_PROFILE n=4: mixer=487us moe_residual=296us
[2m2026-09-06T02:11:19.799903Z[0m [32m INFO[0m [2mspark_model::layers::qwen3_ssm::trait_decode_multi_seq::ssm_batched[0m[2m:[0m ATLAS_SSM_DETAIL n=4: input_norm=14us qkvz=95us recurrent_ba=58us recurrent_conv=53us recurrent_gdn=112us recurrent_norm=49us recurrent_total_tail=2us out_proj=48us post_norm=14us
[2m2026-09-06T02:11:19.800214Z[0m [32m INFO[0m [2mspark_model::layers::qwen3_ssm::trait_decode_multi_seq[0m[2m:[0m ATLAS_SSM_MS_PROFILE n=4: mixer=488us moe_residual=297us
[2m2026-09-06T02:11:19.800704Z[0m [32m INFO[0m [2mspark_model::layers::qwen3_ssm::trait_decode_multi_seq::ssm_batched[0m[2m:[0m ATLAS_SSM_DETAIL n=4: input_norm=14us qkvz=94us recurrent_ba=57us recurrent_conv=52us recurrent_gdn=112us recurrent_norm=49us recurrent_total_tail=2us out_proj=48us post_norm=14us
[2m2026-09-06T02:11:19.801012Z[0m [32m INFO[0m [2mspark_model::layers::qwen3_ssm::trait_decode_multi_seq[0m[2m:[0m ATLAS_SSM_MS_PROFILE n=4: mixer=484us moe_residual=296us
[2m2026-09-06T02:11:19.801501Z[0m [32m INFO[0m [2mspark_model::layers::qwen3_ssm::trait_decode_multi_seq::ssm_batched[0m[2m:[0m ATLAS_SSM_DETAIL n=4: input_norm=14us qkvz=97us recurrent_ba=57us recurrent_conv=53us recurrent_gdn=112us recurrent_norm=48us recurrent_total_tail=2us out_proj=48us post_norm=15us
[2m2026-09-06T02:11:19.801812Z[0m [32m INFO[0m [2mspark_model::layers::qwen3_ssm::trait_decode_multi_seq[0m[2m:[0m ATLAS_SSM_MS_PROFILE n=4: mixer=486us moe_residual=298us
[2m2026-09-06T02:11:19.803014Z[0m [32m INFO[0m [2mspark_model::layers::qwen3_ssm::trait_decode_multi_seq::ssm_batched[0m[2m:[0m ATLAS_SSM_DETAIL n=4: input_norm=14us qkvz=95us recurrent_ba=57us recurrent_conv=52us recurrent_gdn=112us recurrent_norm=49us recurrent_total_tail=2us out_proj=48us post_norm=14us
[2m2026-09-06T02:11:19.803322Z[0m [32m INFO[0m [2mspark_model::layers::qwen3_ssm::trait_decode_multi_seq[0m[2m:[0m ATLAS_SSM_MS_PROFILE n=4: mixer=486us moe_residual=294us
[2m2026-09-06T02:11:19.803809Z[0m [32m INFO[0m [2mspark_model::layers::qwen3_ssm::trait_decode_multi_seq::ssm_batched[0m[2m:[0m ATLAS_SSM_DETAIL n=4: input_norm=14us qkvz=95us recurrent_ba=57us recurrent_conv=52us recurrent_gdn=112us recurrent_norm=48us recurrent_total_tail=2us out_proj=47us post_norm=14us
[2m2026-09-06T02:11:19.804117Z[0m [32m INFO[0m [2mspark_model::layers::qwen3_ssm::trait_decode_multi_seq[0m[2m:[0m ATLAS_SSM_MS_PROFILE n=4: mixer=481us moe_residual=297us
[2m2026-09-06T02:11:19.804607Z[0m [32m INFO[0m [2mspark_model::layers::qwen3_ssm::trait_decode_multi_seq::ssm_batched[0m[2m:[0m ATLAS_SSM_DETAIL n=4: input_norm=14us qkvz=95us recurrent_ba=58us recurrent_conv=51us recurrent_gdn=112us recurrent_norm=48us recurrent_total_tail=2us out_proj=47us post_norm=14us
[2m2026-09-06T02:11:19.804916Z[0m [32m INFO[0m [2mspark_model::layers::qwen3_ssm::trait_decode_multi_seq[0m[2m:[0m ATLAS_SSM_MS_PROFILE n=4: mixer=486us moe_residual=296us
[2m2026-09-06T02:11:19.806094Z[0m [32m INFO[0m [2mspark_model::layers::qwen3_ssm::trait_decode_multi_seq::ssm_batched[0m[2m:[0m ATLAS_SSM_DETAIL n=4: input_norm=13us qkvz=94us recurrent_ba=54us recurrent_conv=49us recurrent_gdn=108us recurrent_norm=47us recurrent_total_tail=2us out_proj=47us post_norm=13us
[2m2026-09-06T02:11:19.806403Z[0m [32m INFO[0m [2mspark_model::layers::qwen3_ssm::trait_decode_multi_seq[0m[2m:[0m ATLAS_SSM_MS_PROFILE n=4: mixer=467us moe_residual=297us
[2m2026-09-06T02:11:19.806877Z[0m [32m INFO[0m [2mspark_model::layers::qwen3_ssm::trait_decode_multi_seq::ssm_batched[0m[2m:[0m ATLAS_SSM_DETAIL n=4: input_norm=13us qkvz=94us recurrent_ba=55us recurrent_conv=51us recurrent_gdn=110us recurrent_norm=47us recurrent_total_tail=2us out_proj=46us post_norm=14us
[2m2026-09-06T02:11:19.807184Z[0m [32m INFO[0m [2mspark_model::layers::qwen3_ssm::trait_decode_multi_seq[0m[2m:[0m ATLAS_SSM_MS_PROFILE n=4: mixer=468us moe_residual=296us
[2m2026-09-06T02:11:19.807656Z[0m [32m INFO[0m [2mspark_model::layers::qwen3_ssm::trait_decode_multi_seq::ssm_batched[0m[2m:[0m ATLAS_SSM_DETAIL n=4: input_norm=13us qkvz=94us recurrent_ba=54us recurrent_conv=49us recurrent_gdn=111us recurrent_norm=47us recurrent_total_tail=2us out_proj=48us post_norm=14us
[2m2026-09-06T02:11:19.807971Z[0m [32m INFO[0m [2mspark_model::layers::qwen3_ssm::trait_decode_multi_seq[0m[2m:[0m ATLAS_SSM_MS_PROFILE n=4: mixer=468us moe_residual=304us
[2m2026-09-06T02:11:19.809156Z[0m [32m INFO[0m [2mspark_model::layers::qwen3_ssm::trait_decode_multi_seq::ssm_batched[0m[2m:[0m ATLAS_SSM_DETAIL n=4: input_norm=13us qkvz=94us recurrent_ba=56us recurrent_conv=50us recurrent_gdn=109us recurrent_norm=48us recurrent_total_tail=2us out_proj=53us post_norm=14us
[2m2026-09-06T02:11:19.809465Z[0m [32m INFO[0m [2mspark_model::layers::qwen3_ssm::trait_decode_multi_seq[0m[2m:[0m ATLAS_SSM_MS_PROFILE n=4: mixer=476us moe_residual=296us
[2m2026-09-06T02:11:19.809935Z[0m [32m INFO[0m [2mspark_model::layers::qwen3_ssm::trait_decode_multi_seq::ssm_batched[0m[2m:[0m ATLAS_SSM_DETAIL n=4: input_norm=13us qkvz=94us recurrent_ba=53us recurrent_conv=49us recurrent_gdn=109us recurrent_norm=47us recurrent_total_tail=2us out_proj=47us post_norm=13us
[2m2026-09-06T02:11:19.810241Z[0m [32m INFO[0m [2mspark_model::layers::qwen3_ssm::trait_decode_multi_seq[0m[2m:[0m ATLAS_SSM_MS_PROFILE n=4: mixer=466us moe_residual=296us
[2m2026-09-06T02:11:19.810715Z[0m [32m INFO[0m [2mspark_model::layers::qwen3_ssm::trait_decode_multi_seq::ssm_batched[0m[2m:[0m ATLAS_SSM_DETAIL n=4: input_norm=14us qkvz=94us recurrent_ba=54us recurrent_conv=50us recurrent_gdn=109us recurrent_norm=46us recurrent_total_tail=2us out_proj=47us post_norm=14us
[2m2026-09-06T02:11:19.811022Z[0m [32m INFO[0m [2mspark_model::layers::qwen3_ssm::trait_decode_multi_seq[0m[2m:[0m ATLAS_SSM_MS_PROFILE n=4: mixer=468us moe_residual=297us
[2m2026-09-06T02:11:19.812212Z[0m [32m INFO[0m [2mspark_model::layers::qwen3_ssm::trait_decode_multi_seq::ssm_batched[0m[2m:[0m ATLAS_SSM_DETAIL n=4: input_norm=13us qkvz=94us recurrent_ba=55us recurrent_conv=50us recurrent_gdn=109us recurrent_norm=51us recurrent_total_tail=2us out_proj=49us post_norm=14us
[2m2026-09-06T02:11:19.812523Z[0m [32m INFO[0m [2mspark_model::layers::qwen3_ssm::trait_decode_multi_seq[0m[2m:[0m ATLAS_SSM_MS_PROFILE n=4: mixer=476us moe_residual=297us
[2m2026-09-06T02:11:19.812994Z[0m [32m INFO[0m [2mspark_model::layers::qwen3_ssm::trait_decode_multi_seq::ssm_batched[0m[2m:[0m ATLAS_SSM_DETAIL n=4: input_norm=13us qkvz=95us recurrent_ba=55us recurrent_conv=49us recurrent_gdn=109us recurrent_norm=45us recurrent_total_tail=2us out_proj=47us post_norm=14us
[2m2026-09-06T02:11:19.813302Z[0m [32m INFO[0m [2mspark_model::layers::qwen3_ssm::trait_decode_multi_seq[0m[2m:[0m ATLAS_SSM_MS_PROFILE n=4: mixer=468us moe_residual=297us
[2m2026-09-06T02:11:19.813774Z[0m [32m INFO[0m [2mspark_model::layers::qwen3_ssm::trait_decode_multi_seq::ssm_batched[0m[2m:[0m ATLAS_SSM_DETAIL n=4: input_norm=14us qkvz=94us recurrent_ba=55us recurrent_conv=50us recurrent_gdn=108us recurrent_norm=46us recurrent_total_tail=2us out_proj=47us post_norm=14us
[2m2026-09-06T02:11:19.814082Z[0m [32m INFO[0m [2mspark_model::layers::qwen3_ssm::trait_decode_multi_seq[0m[2m:[0m ATLAS_SSM_MS_PROFILE n=4: mixer=470us moe_residual=295us
[2m2026-09-06T02:11:19.815258Z[0m [32m INFO[0m [2mspark_model::layers::qwen3_ssm::trait_decode_multi_seq::ssm_batched[0m[2m:[0m ATLAS_SSM_DETAIL n=4: input_norm=13us qkvz=94us recurrent_ba=54us recurrent_conv=49us recurrent_gdn=108us recurrent_norm=44us recurrent_total_tail=2us out_proj=45us post_norm=13us
[2m2026-09-06T02:11:19.815572Z[0m [32m INFO[0m [2mspark_model::layers::qwen3_ssm::trait_decode_multi_seq[0m[2m:[0m ATLAS_SSM_MS_PROFILE n=4: mixer=460us moe_residual=302us
[2m2026-09-06T02:11:19.816032Z[0m [32m INFO[0m [2mspark_model::layers::qwen3_ssm::trait_decode_multi_seq::ssm_batched[0m[2m:[0m ATLAS_SSM_DETAIL n=4: input_norm=13us qkvz=94us recurrent_ba=53us recurrent_conv=49us recurrent_gdn=107us recurrent_norm=44us recurrent_total_tail=2us out_proj=46us post_norm=13us
[2m2026-09-06T02:11:19.816336Z[0m [32m INFO[0m [2mspark_model::layers::qwen3_ssm::trait_decode_multi_seq[0m[2m:[0m ATLAS_SSM_MS_PROFILE n=4: mixer=457us moe_residual=294us
[2m2026-09-06T02:11:19.816800Z[0m [32m INFO[0m [2mspark_model::layers::qwen3_ssm::trait_decode_multi_seq::ssm_batched[0m[2m:[0m ATLAS_SSM_DETAIL n=4: input_norm=13us qkvz=94us recurrent_ba=53us recurrent_conv=48us recurrent_gdn=108us recurrent_norm=45us recurrent_total_tail=2us out_proj=47us post_norm=13us
[2m2026-09-06T02:11:19.817107Z[0m [32m INFO[0m [2mspark_model::layers::qwen3_ssm::trait_decode_multi_seq[0m[2m:[0m ATLAS_SSM_MS_PROFILE n=4: mixer=459us moe_residual=297us
[2m2026-09-06T02:11:19.818281Z[0m [32m INFO[0m [2mspark_model::layers::qwen3_ssm::trait_decode_multi_seq::ssm_batched[0m[2m:[0m ATLAS_SSM_DETAIL n=4: input_norm=13us qkvz=93us recurrent_ba=53us recurrent_conv=47us recurrent_gdn=108us recurrent_norm=49us recurrent_total_tail=2us out_proj=47us post_norm=13us
[2m2026-09-06T02:11:19.818587Z[0m [32m INFO[0m [2mspark_model::layers::qwen3_ssm::trait_decode_multi_seq[0m[2m:[0m ATLAS_SSM_MS_PROFILE n=4: mixer=462us moe_residual=295us
[2m2026-09-06T02:11:19.819047Z[0m [32m INFO[0m [2mspark_model::layers::qwen3_ssm::trait_decode_multi_seq::ssm_batched[0m[2m:[0m ATLAS_SSM_DETAIL n=4: input_norm=13us qkvz=94us recurrent_ba=53us recurrent_conv=49us recurrent_gdn=108us recurrent_norm=44us recurrent_total_tail=2us out_proj=47us post_norm=14us
[2m2026-09-06T02:11:19.819354Z[0m [32m INFO[0m [2mspark_model::layers::qwen3_ssm::trait_decode_multi_seq[0m[2m:[0m ATLAS_SSM_MS_PROFILE n=4: mixer=457us moe_residual=297us
[2m2026-09-06T02:11:19.819814Z[0m [32m INFO[0m [2mspark_model::layers::qwen3_ssm::trait_decode_multi_seq::ssm_batched[0m[2m:[0m ATLAS_SSM_DETAIL n=4: input_norm=13us qkvz=93us recurrent_ba=53us recurrent_conv=48us recurrent_gdn=108us recurrent_norm=44us recurrent_total_tail=2us out_proj=47us post_norm=13us
[2m2026-09-06T02:11:19.820120Z[0m [32m INFO[0m [2mspark_model::layers::qwen3_ssm::trait_decode_multi_seq[0m[2m:[0m ATLAS_SSM_MS_PROFILE n=4: mixer=455us moe_residual=295us
[2m2026-09-06T02:11:19.821805Z[0m [32m INFO[0m [2mspark_model::model::trait_impl::decode_a2[0m[2m:[0m ATLAS_MS_PROFILE n=3 padded_n=4: total=50697us  ssm=38420us(48L)  attn=11316us(16L)  head=961us  [per-tok 12.67ms]
[2m2026-09-06T02:11:19.825970Z[0m [32m INFO[0m [2mspark::scheduler::mtp_accept_debug[0m[2m:[0m Done: 4 tokens (stop) 8.4 tok/s, TTFT=319.7ms, serial=1.00 mtp=0.00 p1=0.000 mean_na=0.000 tok_step=1.000 regime_reprobes=0
[2m2026-09-06T02:11:19.826680Z[0m [32m INFO[0m [2mspark_model::model::trait_impl::decode_checkpoint[0m[2m:[0m Saved finish-leaf SSM snapshot 13 for 81 tokens
[2m2026-09-06T02:11:19.828054Z[0m [32m INFO[0m [2mspark_model::layers::qwen3_ssm::trait_decode_multi_seq::ssm_batched[0m[2m:[0m ATLAS_SSM_DETAIL n=2: input_norm=23us qkvz=79us recurrent_ba=32us recurrent_conv=28us recurrent_gdn=57us recurrent_norm=24us recurrent_total_tail=2us out_proj=38us post_norm=15us
[2m2026-09-06T02:11:19.828302Z[0m [32m INFO[0m [2mspark_model::layers::qwen3_ssm::trait_decode_multi_seq[0m[2m:[0m ATLAS_SSM_MS_PROFILE n=2: mixer=356us moe_residual=219us
[2m2026-09-06T02:11:19.828612Z[0m [32m INFO[0m [2mspark_model::layers::qwen3_ssm::trait_decode_multi_seq::ssm_batched[0m[2m:[0m ATLAS_SSM_DETAIL n=2: input_norm=14us qkvz=72us recurrent_ba=28us recurrent_conv=26us recurrent_gdn=55us recurrent_norm=24us recurrent_total_tail=2us out_proj=37us post_norm=14us
[2m2026-09-06T02:11:19.828839Z[0m [32m INFO[0m [2mspark_model::layers::qwen3_ssm::trait_decode_multi_seq[0m[2m:[0m ATLAS_SSM_MS_PROFILE n=2: mixer=303us moe_residual=216us
[2m2026-09-06T02:11:19.829148Z[0m [32m INFO[0m [2mspark_model::layers::qwen3_ssm::trait_decode_multi_seq::ssm_batched[0m[2m:[0m ATLAS_SSM_DETAIL n=2: input_norm=13us qkvz=72us recurrent_ba=28us recurrent_conv=24us recurrent_gdn=54us recurrent_norm=24us recurrent_total_tail=2us out_proj=38us post_norm=20us
[2m2026-09-06T02:11:19.829377Z[0m [32m INFO[0m [2mspark_model::layers::qwen3_ssm::trait_decode_multi_seq[0m[2m:[0m ATLAS_SSM_MS_PROFILE n=2: mixer=306us moe_residual=216us
[2m2026-09-06T02:11:19.830122Z[0m [32m INFO[0m [2mspark_model::layers::qwen3_ssm::trait_decode_multi_seq::ssm_batched[0m[2m:[0m ATLAS_SSM_DETAIL n=2: input_norm=13us qkvz=72us recurrent_ba=29us recurrent_conv=26us recurrent_gdn=56us recurrent_norm=24us recurrent_total_tail=2us out_proj=37us post_norm=14us
[2m2026-09-06T02:11:19.830357Z[0m [32m INFO[0m [2mspark_model::layers::qwen3_ssm::trait_decode_multi_seq[0m[2m:[0m ATLAS_SSM_MS_PROFILE n=2: mixer=306us moe_residual=217us
[2m2026-09-06T02:11:19.830661Z[0m [32m INFO[0m [2mspark_model::layers::qwen3_ssm::trait_decode_multi_seq::ssm_batched[0m[2m:[0m ATLAS_SSM_DETAIL n=2: input_norm=14us qkvz=72us recurrent_ba=29us recurrent_conv=25us recurrent_gdn=55us recurrent_norm=23us recurrent_total_tail=2us out_proj=37us post_norm=14us
[2m2026-09-06T02:11:19.830889Z[0m [32m INFO[0m [2mspark_model::layers::qwen3_ssm::trait_decode_multi_seq[0m[2m:[0m ATLAS_SSM_MS_PROFILE n=2: mixer=299us moe_residual=216us
[2m2026-09-06T02:11:19.831198Z[0m [32m INFO[0m [2mspark_model::layers::qwen3_ssm::trait_decode_multi_seq::ssm_batched[0m[2m:[0m ATLAS_SSM_DETAIL n=2: input_norm=13us qkvz=72us recurrent_ba=29us recurrent_conv=25us recurrent_gdn=55us recurrent_norm=22us recurrent_total_tail=2us out_proj=38us post_norm=14us
[2m2026-09-06T02:11:19.831428Z[0m [32m INFO[0m [2mspark_model::layers::qwen3_ssm::trait_decode_multi_seq[0m[2m:[0m ATLAS_SSM_MS_PROFILE n=2: mixer=307us moe_residual=217us
[2m2026-09-06T02:11:19.832172Z[0m [32m INFO[0m [2mspark_model::layers::qwen3_ssm::trait_decode_multi_seq::ssm_batched[0m[2m:[0m ATLAS_SSM_DETAIL n=2: input_norm=13us qkvz=71us recurrent_ba=28us recurrent_conv=25us recurrent_gdn=54us recurrent_norm=23us recurrent_total_tail=2us out_proj=38us post_norm=14us
[2m2026-09-06T02:11:19.832400Z[0m [32m INFO[0m [2mspark_model::layers::qwen3_ssm::trait_decode_multi_seq[0m[2m:[0m ATLAS_SSM_MS_PROFILE n=2: mixer=300us moe_residual=216us
[2m2026-09-06T02:11:19.832703Z[0m [32m INFO[0m [2mspark_model::layers::qwen3_ssm::trait_decode_multi_seq::ssm_batched[0m[2m:[0m ATLAS_SSM_DETAIL n=2: input_norm=14us qkvz=72us recurrent_ba=28us recurrent_conv=25us recurrent_gdn=54us recurrent_norm=23us recurrent_total_tail=2us out_proj=38us post_norm=14us
[2m2026-09-06T02:11:19.832929Z[0m [32m INFO[0m [2mspark_model::layers::qwen3_ssm::trait_decode_multi_seq[0m[2m:[0m ATLAS_SSM_MS_PROFILE n=2: mixer=298us moe_residual=215us
[2m2026-09-06T02:11:19.833238Z[0m [32m INFO[0m [2mspark_model::layers::qwen3_ssm::trait_decode_multi_seq::ssm_batched[0m[2m:[0m ATLAS_SSM_DETAIL n=2: input_norm=13us qkvz=71us recurrent_ba=28us recurrent_conv=29us recurrent_gdn=55us recurrent_norm=28us recurrent_total_tail=2us out_proj=37us post_norm=14us
[2m2026-09-06T02:11:19.833469Z[0m [32m INFO[0m [2mspark_model::layers::qwen3_ssm::trait_decode_multi_seq[0m[2m:[0m ATLAS_SSM_MS_PROFILE n=2: mixer=310us moe_residual=216us
[2m2026-09-06T02:11:19.834213Z[0m [32m INFO[0m [2mspark_model::layers::qwen3_ssm::trait_decode_multi_seq::ssm_batched[0m[2m:[0m ATLAS_SSM_DETAIL n=2: input_norm=13us qkvz=71us recurrent_ba=28us recurrent_conv=25us recurrent_gdn=56us recurrent_norm=23us recurrent_total_tail=2us out_proj=37us post_norm=14us
[2m2026-09-06T02:11:19.834441Z[0m [32m INFO[0m [2mspark_model::layers::qwen3_ssm::trait_decode_multi_seq[0m[2m:[0m ATLAS_SSM_MS_PROFILE n=2: mixer=300us moe_residual=216us
[2m2026-09-06T02:11:19.834742Z[0m [32m INFO[0m [2mspark_model::layers::qwen3_ssm::trait_decode_multi_seq::ssm_batched[0m[2m:[0m ATLAS_SSM_DETAIL n=2: input_norm=13us qkvz=72us recurrent_ba=27us recurrent_conv=25us recurrent_gdn=55us recurrent_norm=24us recurrent_total_tail=2us out_proj=37us post_norm=14us
[2m2026-09-06T02:11:19.834970Z[0m [32m INFO[0m [2mspark_model::layers::qwen3_ssm::trait_decode_multi_seq[0m[2m:[0m ATLAS_SSM_MS_PROFILE n=2: mixer=297us moe_residual=217us
[2m2026-09-06T02:11:19.835278Z[0m [32m INFO[0m [2mspark_model::layers::qwen3_ssm::trait_decode_multi_seq::ssm_batched[0m[2m:[0m ATLAS_SSM_DETAIL n=2: input_norm=13us qkvz=72us recurrent_ba=28us recurrent_conv=25us recurrent_gdn=56us recurrent_norm=30us recurrent_total_tail=2us out_proj=37us post_norm=14us
[2m2026-09-06T02:11:19.835506Z[0m [32m INFO[0m [2mspark_model::layers::qwen3_ssm::trait_decode_multi_seq[0m[2m:[0m ATLAS_SSM_MS_PROFILE n=2: mixer=306us moe_residual=215us
[2m2026-09-06T02:11:19.836251Z[0m [32m INFO[0m [2mspark_model::layers::qwen3_ssm::trait_decode_multi_seq::ssm_batched[0m[2m:[0m ATLAS_SSM_DETAIL n=2: input_norm=13us qkvz=72us recurrent_ba=34us recurrent_conv=25us recurrent_gdn=54us recurrent_norm=23us recurrent_total_tail=2us out_proj=37us post_norm=13us
[2m2026-09-06T02:11:19.836479Z[0m [32m INFO[0m [2mspark_model::layers::qwen3_ssm::trait_decode_multi_seq[0m[2m:[0m ATLAS_SSM_MS_PROFILE n=2: mixer=304us moe_residual=216us
[2m2026-09-06T02:11:19.836780Z[0m [32m INFO[0m [2mspark_model::layers::qwen3_ssm::trait_decode_multi_seq::ssm_batched[0m[2m:[0m ATLAS_SSM_DETAIL n=2: input_norm=13us qkvz=72us recurrent_ba=28us recurrent_conv=26us recurrent_gdn=56us recurrent_norm=22us recurrent_total_tail=2us out_proj=37us post_norm=14us
[2m2026-09-06T02:11:19.837007Z[0m [32m INFO[0m [2mspark_model::layers::qwen3_ssm::trait_decode_multi_seq[0m[2m:[0m ATLAS_SSM_MS_PROFILE n=2: mixer=297us moe_residual=216us
[2m2026-09-06T02:11:19.837308Z[0m [32m INFO[0m [2mspark_model::layers::qwen3_ssm::trait_decode_multi_seq::ssm_batched[0m[2m:[0m ATLAS_SSM_DETAIL n=2: input_norm=13us qkvz=71us recurrent_ba=27us recurrent_conv=27us recurrent_gdn=55us recurrent_norm=22us recurrent_total_tail=2us out_proj=37us post_norm=13us
[2m2026-09-06T02:11:19.837536Z[0m [32m INFO[0m [2mspark_model::layers::qwen3_ssm::trait_decode_multi_seq[0m[2m:[0m ATLAS_SSM_MS_PROFILE n=2: mixer=299us moe_residual=216us
[2m2026-09-06T02:11:19.838282Z[0m [32m INFO[0m [2mspark_model::layers::qwen3_ssm::trait_decode_multi_seq::ssm_batched[0m[2m:[0m ATLAS_SSM_DETAIL n=2: input_norm=13us qkvz=72us recurrent_ba=27us recurrent_conv=26us recurrent_gdn=55us recurrent_norm=24us recurrent_total_tail=2us out_proj=37us post_norm=14us
[2m2026-09-06T02:11:19.838510Z[0m [32m INFO[0m [2mspark_model::layers::qwen3_ssm::trait_decode_multi_seq[0m[2m:[0m ATLAS_SSM_MS_PROFILE n=2: mixer=301us moe_residual=215us
[2m2026-09-06T02:11:19.838811Z[0m [32m INFO[0m [2mspark_model::layers::qwen3_ssm::trait_decode_multi_seq::ssm_batched[0m[2m:[0m ATLAS_SSM_DETAIL n=2: input_norm=13us qkvz=72us recurrent_ba=27us recurrent_conv=26us recurrent_gdn=55us recurrent_norm=24us recurrent_total_tail=2us out_proj=37us post_norm=14us
[2m2026-09-06T02:11:19.839045Z[0m [32m INFO[0m [2mspark_model::layers::qwen3_ssm::trait_decode_multi_seq[0m[2m:[0m ATLAS_SSM_MS_PROFILE n=2: mixer=306us moe_residual=215us
[2m2026-09-06T02:11:19.839346Z[0m [32m INFO[0m [2mspark_model::layers::qwen3_ssm::trait_decode_multi_seq::ssm_batched[0m[2m:[0m ATLAS_SSM_DETAIL n=2: input_norm=13us qkvz=72us recurrent_ba=29us recurrent_conv=26us recurrent_gdn=56us recurrent_norm=22us recurrent_total_tail=2us out_proj=38us post_norm=14us
[2m2026-09-06T02:11:19.839574Z[0m [32m INFO[0m [2mspark_model::layers::qwen3_ssm::trait_decode_multi_seq[0m[2m:[0m ATLAS_SSM_MS_PROFILE n=2: mixer=299us moe_residual=215us
[2m2026-09-06T02:11:19.840322Z[0m [32m INFO[0m [2mspark_model::layers::qwen3_ssm::trait_decode_multi_seq::ssm_batched[0m[2m:[0m ATLAS_SSM_DETAIL n=2: input_norm=13us qkvz=72us recurrent_ba=32us recurrent_conv=26us recurrent_gdn=55us recurrent_norm=23us recurrent_total_tail=2us out_proj=37us post_norm=14us
[2m2026-09-06T02:11:19.840550Z[0m [32m INFO[0m [2mspark_model::layers::qwen3_ssm::trait_decode_multi_seq[0m[2m:[0m ATLAS_SSM_MS_PROFILE n=2: mixer=305us moe_residual=216us
[2m2026-09-06T02:11:19.840851Z[0m [32m INFO[0m [2mspark_model::layers::qwen3_ssm::trait_decode_multi_seq::ssm_batched[0m[2m:[0m ATLAS_SSM_DETAIL n=2: input_norm=13us qkvz=71us recurrent_ba=28us recurrent_conv=25us recurrent_gdn=54us recurrent_norm=23us recurrent_total_tail=2us out_proj=37us post_norm=14us
[2m2026-09-06T02:11:19.841078Z[0m [32m INFO[0m [2mspark_model::layers::qwen3_ssm::trait_decode_multi_seq[0m[2m:[0m ATLAS_SSM_MS_PROFILE n=2: mixer=297us moe_residual=216us
[2m2026-09-06T02:11:19.841376Z[0m [32m INFO[0m [2mspark_model::layers::qwen3_ssm::trait_decode_multi_seq::ssm_batched[0m[2m:[0m ATLAS_SSM_DETAIL n=2: input_norm=13us qkvz=71us recurrent_ba=29us recurrent_conv=25us recurrent_gdn=54us recurrent_norm=23us recurrent_total_tail=2us out_proj=36us post_norm=14us
[2m2026-09-06T02:11:19.841604Z[0m [32m INFO[0m [2mspark_model::layers::qwen3_ssm::trait_decode_multi_seq[0m[2m:[0m ATLAS_SSM_MS_PROFILE n=2: mixer=296us moe_residual=215us
[2m2026-09-06T02:11:19.842346Z[0m [32m INFO[0m [2mspark_model::layers::qwen3_ssm::trait_decode_multi_seq::ssm_batched[0m[2m:[0m ATLAS_SSM_DETAIL n=2: input_norm=13us qkvz=72us recurrent_ba=29us recurrent_conv=25us recurrent_gdn=56us recurrent_norm=24us recurrent_total_tail=2us out_proj=37us post_norm=14us
[2m2026-09-06T02:11:19.842577Z[0m [32m INFO[0m [2mspark_model::layers::qwen3_ssm::trait_decode_multi_seq[0m[2m:[0m ATLAS_SSM_MS_PROFILE n=2: mixer=303us moe_residual=216us
[2m2026-09-06T02:11:19.842878Z[0m [32m INFO[0m [2mspark_model::layers::qwen3_ssm::trait_decode_multi_seq::ssm_batched[0m[2m:[0m ATLAS_SSM_DETAIL n=2: input_norm=14us qkvz=71us recurrent_ba=27us recurrent_conv=25us recurrent_gdn=55us recurrent_norm=23us recurrent_total_tail=2us out_proj=37us post_norm=14us
[2m2026-09-06T02:11:19.843104Z[0m [32m INFO[0m [2mspark_model::layers::qwen3_ssm::trait_decode_multi_seq[0m[2m:[0m ATLAS_SSM_MS_PROFILE n=2: mixer=297us moe_residual=216us
[2m2026-09-06T02:11:19.843409Z[0m [32m INFO[0m [2mspark_model::layers::qwen3_ssm::trait_decode_multi_seq::ssm_batched[0m[2m:[0m ATLAS_SSM_DETAIL n=2: input_norm=18us qkvz=72us recurrent_ba=27us recurrent_conv=25us recurrent_gdn=55us recurrent_norm=22us recurrent_total_tail=2us out_proj=37us post_norm=13us
[2m2026-09-06T02:11:19.843637Z[0m [32m INFO[0m [2mspark_model::layers::qwen3_ssm::trait_decode_multi_seq[0m[2m:[0m ATLAS_SSM_MS_PROFILE n=2: mixer=303us moe_residual=216us
[2m2026-09-06T02:11:19.844381Z[0m [32m INFO[0m [2mspark_model::layers::qwen3_ssm::trait_decode_multi_seq::ssm_batched[0m[2m:[0m ATLAS_SSM_DETAIL n=2: input_norm=13us qkvz=72us recurrent_ba=28us recurrent_conv=24us recurrent_gdn=56us recurrent_norm=23us recurrent_total_tail=2us out_proj=37us post_norm=13us
[2m2026-09-06T02:11:19.844610Z[0m [32m INFO[0m [2mspark_model::layers::qwen3_ssm::trait_decode_multi_seq[0m[2m:[0m ATLAS_SSM_MS_PROFILE n=2: mixer=299us moe_residual=216us
[2m2026-09-06T02:11:19.844916Z[0m [32m INFO[0m [2mspark_model::layers::qwen3_ssm::trait_decode_multi_seq::ssm_batched[0m[2m:[0m ATLAS_SSM_DETAIL n=2: input_norm=13us qkvz=72us recurrent_ba=29us recurrent_conv=25us recurrent_gdn=55us recurrent_norm=24us recurrent_total_tail=2us out_proj=38us post_norm=14us
[2m2026-09-06T02:11:19.845142Z[0m [32m INFO[0m [2mspark_model::layers::qwen3_ssm::trait_decode_multi_seq[0m[2m:[0m ATLAS_SSM_MS_PROFILE n=2: mixer=299us moe_residual=216us
[2m2026-09-06T02:11:19.845444Z[0m [32m INFO[0m [2mspark_model::layers::qwen3_ssm::trait_decode_multi_seq::ssm_batched[0m[2m:[0m ATLAS_SSM_DETAIL n=2: input_norm=13us qkvz=72us recurrent_ba=27us recurrent_conv=25us recurrent_gdn=55us recurrent_norm=22us recurrent_total_tail=2us out_proj=37us post_norm=14us
[2m2026-09-06T02:11:19.845671Z[0m [32m INFO[0m [2mspark_model::layers::qwen3_ssm::trait_decode_multi_seq[0m[2m:[0m ATLAS_SSM_MS_PROFILE n=2: mixer=296us moe_residual=216us
[2m2026-09-06T02:11:19.846416Z[0m [32m INFO[0m [2mspark_model::layers::qwen3_ssm::trait_decode_multi_seq::ssm_batched[0m[2m:[0m ATLAS_SSM_DETAIL n=2: input_norm=14us qkvz=72us recurrent_ba=28us recurrent_conv=26us recurrent_gdn=56us recurrent_norm=22us recurrent_total_tail=2us out_proj=37us post_norm=14us
[2m2026-09-06T02:11:19.846645Z[0m [32m INFO[0m [2mspark_model::layers::qwen3_ssm::trait_decode_multi_seq[0m[2m:[0m ATLAS_SSM_MS_PROFILE n=2: mixer=302us moe_residual=216us
[2m2026-09-06T02:11:19.846937Z[0m [32m INFO[0m [2mspark_model::layers::qwen3_ssm::trait_decode_multi_seq::ssm_batched[0m[2m:[0m ATLAS_SSM_DETAIL n=2: input_norm=13us qkvz=71us recurrent_ba=27us recurrent_conv=24us recurrent_gdn=54us recurrent_norm=22us recurrent_total_tail=2us out_proj=37us post_norm=13us
[2m2026-09-06T02:11:19.847162Z[0m [32m INFO[0m [2mspark_model::layers::qwen3_ssm::trait_decode_multi_seq[0m[2m:[0m ATLAS_SSM_MS_PROFILE n=2: mixer=289us moe_residual=215us
[2m2026-09-06T02:11:19.847455Z[0m [32m INFO[0m [2mspark_model::layers::qwen3_ssm::trait_decode_multi_seq::ssm_batched[0m[2m:[0m ATLAS_SSM_DETAIL n=2: input_norm=13us qkvz=71us recurrent_ba=27us recurrent_conv=24us recurrent_gdn=53us recurrent_norm=22us recurrent_total_tail=2us out_proj=36us post_norm=13us
[2m2026-09-06T02:11:19.847680Z[0m [32m INFO[0m [2mspark_model::layers::qwen3_ssm::trait_decode_multi_seq[0m[2m:[0m ATLAS_SSM_MS_PROFILE n=2: mixer=288us moe_residual=216us
[2m2026-09-06T02:11:19.848421Z[0m [32m INFO[0m [2mspark_model::layers::qwen3_ssm::trait_decode_multi_seq::ssm_batched[0m[2m:[0m ATLAS_SSM_DETAIL n=2: input_norm=13us qkvz=71us recurrent_ba=27us recurrent_conv=24us recurrent_gdn=54us recurrent_norm=22us recurrent_total_tail=2us out_proj=37us post_norm=13us
[2m2026-09-06T02:11:19.848649Z[0m [32m INFO[0m [2mspark_model::layers::qwen3_ssm::trait_decode_multi_seq[0m[2m:[0m ATLAS_SSM_MS_PROFILE n=2: mixer=293us moe_residual=216us
[2m2026-09-06T02:11:19.848942Z[0m [32m INFO[0m [2mspark_model::layers::qwen3_ssm::trait_decode_multi_seq::ssm_batched[0m[2m:[0m ATLAS_SSM_DETAIL n=2: input_norm=13us qkvz=71us recurrent_ba=27us recurrent_conv=25us recurrent_gdn=54us recurrent_norm=22us recurrent_total_tail=2us out_proj=37us post_norm=13us
[2m2026-09-06T02:11:19.849168Z[0m [32m INFO[0m [2mspark_model::layers::qwen3_ssm::trait_decode_multi_seq[0m[2m:[0m ATLAS_SSM_MS_PROFILE n=2: mixer=289us moe_residual=216us
[2m2026-09-06T02:11:19.849460Z[0m [32m INFO[0m [2mspark_model::layers::qwen3_ssm::trait_decode_multi_seq::ssm_batched[0m[2m:[0m ATLAS_SSM_DETAIL n=2: input_norm=13us qkvz=70us recurrent_ba=27us recurrent_conv=24us recurrent_gdn=54us recurrent_norm=22us recurrent_total_tail=2us out_proj=36us post_norm=13us
[2m2026-09-06T02:11:19.849684Z[0m [32m INFO[0m [2mspark_model::layers::qwen3_ssm::trait_decode_multi_seq[0m[2m:[0m ATLAS_SSM_MS_PROFILE n=2: mixer=287us moe_residual=215us
[2m2026-09-06T02:11:19.850426Z[0m [32m INFO[0m [2mspark_model::layers::qwen3_ssm::trait_decode_multi_seq::ssm_batched[0m[2m:[0m ATLAS_SSM_DETAIL n=2: input_norm=13us qkvz=71us recurrent_ba=27us recurrent_conv=24us recurrent_gdn=55us recurrent_norm=23us recurrent_total_tail=2us out_proj=37us post_norm=13us
[2m2026-09-06T02:11:19.850654Z[0m [32m INFO[0m [2mspark_model::layers::qwen3_ssm::trait_decode_multi_seq[0m[2m:[0m ATLAS_SSM_MS_PROFILE n=2: mixer=296us moe_residual=215us
[2m2026-09-06T02:11:19.850947Z[0m [32m INFO[0m [2mspark_model::layers::qwen3_ssm::trait_decode_multi_seq::ssm_batched[0m[2m:[0m ATLAS_SSM_DETAIL n=2: input_norm=13us qkvz=71us recurrent_ba=27us recurrent_conv=25us recurrent_gdn=54us recurrent_norm=22us recurrent_total_tail=2us out_proj=36us post_norm=13us
[2m2026-09-06T02:11:19.851172Z[0m [32m INFO[0m [2mspark_model::layers::qwen3_ssm::trait_decode_multi_seq[0m[2m:[0m ATLAS_SSM_MS_PROFILE n=2: mixer=289us moe_residual=215us
[2m2026-09-06T02:11:19.851467Z[0m [32m INFO[0m [2mspark_model::layers::qwen3_ssm::trait_decode_multi_seq::ssm_batched[0m[2m:[0m ATLAS_SSM_DETAIL n=2: input_norm=13us qkvz=71us recurrent_ba=27us recurrent_conv=24us recurrent_gdn=54us recurrent_norm=22us recurrent_total_tail=2us out_proj=37us post_norm=14us
[2m2026-09-06T02:11:19.851692Z[0m [32m INFO[0m [2mspark_model::layers::qwen3_ssm::trait_decode_multi_seq[0m[2m:[0m ATLAS_SSM_MS_PROFILE n=2: mixer=289us moe_residual=215us
[2m2026-09-06T02:11:19.852425Z[0m [32m INFO[0m [2mspark_model::layers::qwen3_ssm::trait_decode_multi_seq::ssm_batched[0m[2m:[0m ATLAS_SSM_DETAIL n=2: input_norm=13us qkvz=71us recurrent_ba=27us recurrent_conv=24us recurrent_gdn=54us recurrent_norm=22us recurrent_total_tail=2us out_proj=37us post_norm=13us
[2m2026-09-06T02:11:19.852652Z[0m [32m INFO[0m [2mspark_model::layers::qwen3_ssm::trait_decode_multi_seq[0m[2m:[0m ATLAS_SSM_MS_PROFILE n=2: mixer=290us moe_residual=216us
[2m2026-09-06T02:11:19.852944Z[0m [32m INFO[0m [2mspark_model::layers::qwen3_ssm::trait_decode_multi_seq::ssm_batched[0m[2m:[0m ATLAS_SSM_DETAIL n=2: input_norm=13us qkvz=71us recurrent_ba=27us recurrent_conv=24us recurrent_gdn=54us recurrent_norm=22us recurrent_total_tail=2us out_proj=36us post_norm=13us
[2m2026-09-06T02:11:19.853169Z[0m [32m INFO[0m [2mspark_model::layers::qwen3_ssm::trait_decode_multi_seq[0m[2m:[0m ATLAS_SSM_MS_PROFILE n=2: mixer=288us moe_residual=215us
[2m2026-09-06T02:11:19.853463Z[0m [32m INFO[0m [2mspark_model::layers::qwen3_ssm::trait_decode_multi_seq::ssm_batched[0m[2m:[0m ATLAS_SSM_DETAIL n=2: input_norm=13us qkvz=71us recurrent_ba=27us recurrent_conv=24us recurrent_gdn=54us recurrent_norm=22us recurrent_total_tail=2us out_proj=37us post_norm=13us
[2m2026-09-06T02:11:19.853688Z[0m [32m INFO[0m [2mspark_model::layers::qwen3_ssm::trait_decode_multi_seq[0m[2m:[0m ATLAS_SSM_MS_PROFILE n=2: mixer=289us moe_residual=215us
[2m2026-09-06T02:11:19.854427Z[0m [32m INFO[0m [2mspark_model::layers::qwen3_ssm::trait_decode_multi_seq::ssm_batched[0m[2m:[0m ATLAS_SSM_DETAIL n=2: input_norm=13us qkvz=72us recurrent_ba=27us recurrent_conv=24us recurrent_gdn=54us recurrent_norm=23us recurrent_total_tail=2us out_proj=36us post_norm=13us
[2m2026-09-06T02:11:19.854654Z[0m [32m INFO[0m [2mspark_model::layers::qwen3_ssm::trait_decode_multi_seq[0m[2m:[0m ATLAS_SSM_MS_PROFILE n=2: mixer=290us moe_residual=215us
[2m2026-09-06T02:11:19.854948Z[0m [32m INFO[0m [2mspark_model::layers::qwen3_ssm::trait_decode_multi_seq::ssm_batched[0m[2m:[0m ATLAS_SSM_DETAIL n=2: input_norm=13us qkvz=71us recurrent_ba=27us recurrent_conv=24us recurrent_gdn=54us recurrent_norm=22us recurrent_total_tail=2us out_proj=37us post_norm=14us
[2m2026-09-06T02:11:19.855174Z[0m [32m INFO[0m [2mspark_model::layers::qwen3_ssm::trait_decode_multi_seq[0m[2m:[0m ATLAS_SSM_MS_PROFILE n=2: mixer=290us moe_residual=216us
[2m2026-09-06T02:11:19.855467Z[0m [32m INFO[0m [2mspark_model::layers::qwen3_ssm::trait_decode_multi_seq::ssm_batched[0m[2m:[0m ATLAS_SSM_DETAIL n=2: input_norm=13us qkvz=71us recurrent_ba=27us recurrent_conv=24us recurrent_gdn=54us recurrent_norm=22us recurrent_total_tail=2us out_proj=37us post_norm=13us
[2m2026-09-06T02:11:19.855694Z[0m [32m INFO[0m [2mspark_model::layers::qwen3_ssm::trait_decode_multi_seq[0m[2m:[0m ATLAS_SSM_MS_PROFILE n=2: mixer=291us moe_residual=215us
[2m2026-09-06T02:11:19.856428Z[0m [32m INFO[0m [2mspark_model::layers::qwen3_ssm::trait_decode_multi_seq::ssm_batched[0m[2m:[0m ATLAS_SSM_DETAIL n=2: input_norm=13us qkvz=71us recurrent_ba=27us recurrent_conv=24us recurrent_gdn=54us recurrent_norm=22us recurrent_total_tail=2us out_proj=37us post_norm=13us
[2m2026-09-06T02:11:19.856654Z[0m [32m INFO[0m [2mspark_model::layers::qwen3_ssm::trait_decode_multi_seq[0m[2m:[0m ATLAS_SSM_MS_PROFILE n=2: mixer=291us moe_residual=215us
[2m2026-09-06T02:11:19.856944Z[0m [32m INFO[0m [2mspark_model::layers::qwen3_ssm::trait_decode_multi_seq::ssm_batched[0m[2m:[0m ATLAS_SSM_DETAIL n=2: input_norm=13us qkvz=71us recurrent_ba=27us recurrent_conv=24us recurrent_gdn=54us recurrent_norm=22us recurrent_total_tail=2us out_proj=36us post_norm=13us
[2m2026-09-06T02:11:19.857168Z[0m [32m INFO[0m [2mspark_model::layers::qwen3_ssm::trait_decode_multi_seq[0m[2m:[0m ATLAS_SSM_MS_PROFILE n=2: mixer=285us moe_residual=214us
[2m2026-09-06T02:11:19.857458Z[0m [32m INFO[0m [2mspark_model::layers::qwen3_ssm::trait_decode_multi_seq::ssm_batched[0m[2m:[0m ATLAS_SSM_DETAIL n=2: input_norm=12us qkvz=71us recurrent_ba=26us recurrent_conv=24us recurrent_gdn=54us recurrent_norm=22us recurrent_total_tail=2us out_proj=36us post_norm=13us
[2m2026-09-06T02:11:19.857681Z[0m [32m INFO[0m [2mspark_model::layers::qwen3_ssm::trait_decode_multi_seq[0m[2m:[0m ATLAS_SSM_MS_PROFILE n=2: mixer=285us moe_residual=214us
[2m2026-09-06T02:11:19.858414Z[0m [32m INFO[0m [2mspark_model::layers::qwen3_ssm::trait_decode_multi_seq::ssm_batched[0m[2m:[0m ATLAS_SSM_DETAIL n=2: input_norm=13us qkvz=71us recurrent_ba=27us recurrent_conv=24us recurrent_gdn=54us recurrent_norm=22us recurrent_total_tail=2us out_proj=37us post_norm=13us
[2m2026-09-06T02:11:19.858640Z[0m [32m INFO[0m [2mspark_model::layers::qwen3_ssm::trait_decode_multi_seq[0m[2m:[0m ATLAS_SSM_MS_PROFILE n=2: mixer=292us moe_residual=215us
[2m2026-09-06T02:11:19.858928Z[0m [32m INFO[0m [2mspark_model::layers::qwen3_ssm::trait_decode_multi_seq::ssm_batched[0m[2m:[0m ATLAS_SSM_DETAIL n=2: input_norm=13us qkvz=71us recurrent_ba=27us recurrent_conv=24us recurrent_gdn=54us recurrent_norm=22us recurrent_total_tail=2us out_proj=36us post_norm=13us
[2m2026-09-06T02:11:19.859153Z[0m [32m INFO[0m [2mspark_model::layers::qwen3_ssm::trait_decode_multi_seq[0m[2m:[0m ATLAS_SSM_MS_PROFILE n=2: mixer=284us moe_residual=215us
[2m2026-09-06T02:11:19.859441Z[0m [32m INFO[0m [2mspark_model::layers::qwen3_ssm::trait_decode_multi_seq::ssm_batched[0m[2m:[0m ATLAS_SSM_DETAIL n=2: input_norm=13us qkvz=71us recurrent_ba=26us recurrent_conv=24us recurrent_gdn=53us recurrent_norm=21us recurrent_total_tail=2us out_proj=36us post_norm=13us
[2m2026-09-06T02:11:19.859665Z[0m [32m INFO[0m [2mspark_model::layers::qwen3_ssm::trait_decode_multi_seq[0m[2m:[0m ATLAS_SSM_MS_PROFILE n=2: mixer=283us moe_residual=215us
[2m2026-09-06T02:11:19.860952Z[0m [32m INFO[0m [2mspark_model::model::trait_impl::decode_a2[0m[2m:[0m ATLAS_MS_PROFILE n=2 padded_n=2: total=33033us  ssm=25186us(48L)  attn=7011us(16L)  head=836us  [per-tok 16.52ms]
[2m2026-09-06T02:11:19.864244Z[0m [32m INFO[0m [2mspark::scheduler::mtp_accept_debug[0m[2m:[0m Done: 5 tokens (stop) 6.0 tok/s, TTFT=323.9ms, serial=1.00 mtp=0.00 p1=0.000 mean_na=0.000 tok_step=1.000 regime_reprobes=0
[2m2026-09-06T02:11:19.864830Z[0m [32m INFO[0m [2mspark_model::model::trait_impl::decode_checkpoint[0m[2m:[0m Saved finish-leaf SSM snapshot 6 for 82 tokens
[2m2026-09-06T02:11:19.865213Z[0m [32m INFO[0m [2mspark::scheduler::mtp_accept_debug[0m[2m:[0m Done: 5 tokens (stop) 25.5 tok/s, TTFT=319.4ms, serial=1.00 mtp=0.00 p1=0.000 mean_na=0.000 tok_step=1.000 regime_reprobes=0
[2m2026-09-06T02:11:19.865703Z[0m [32m INFO[0m [2mspark_model::model::trait_impl::decode_checkpoint[0m[2m:[0m Saved finish-leaf SSM snapshot 12 for 83 tokens
[2m2026-09-06T02:11:20.449018Z[0m [32m INFO[0m [2mspark::tui::shutdown[0m[2m:[0m Shutdown requested (SIGTERM) — draining in-flight requests
[2m2026-09-06T02:11:20.449221Z[0m [32m INFO[0m [2mspark::tui::shutdown[0m[2m:[0m Drain complete — no active requests
[2m2026-09-06T02:11:20.449290Z[0m [32m INFO[0m [2mspark::main_modules::serve_router[0m[2m:[0m Shutdown complete
[2m2026-09-06T02:11:20.528216Z[0m [33m WARN[0m [2mspark_runtime::cuda_backend[0m[2m:[0m sweep: 1980 allocation(s) totalling 28.01 GB had no owner; largest sites: crates/spark-model/src/weight_map/loaders_fp8.rs:229 (8960.0 MB x256), crates/spark-model/src/weight_map/quantized.rs:261 (8960.0 MB x256), crates/spark-model/src/weight_loader/qwen35_dense.rs:135 (3840.0 MB x48), crates/spark-model/src/weight_map/quantized.rs:643 (1600.0 MB x64), crates/spark-model/src/weight_map/quantized.rs:262 (1120.0 MB x256)
[2m2026-09-06T02:11:20.528305Z[0m [33m WARN[0m [2mspark_model::model::types[0m[2m:[0m teardown swept 1980 allocation(s) that no ModelResource released — they are reclaimed, but each one is memory whose owner is unaccounted for
[2m2026-09-06T02:11:20.528323Z[0m [32m INFO[0m [2mspark::scheduler[0m[2m:[0m Scheduler stopped
