=== campaign cell vllm.qwen3.6-35b-a3b-fp8.h100.lat.c1.specoff.thinkoff ===
engine:      vllm
model:       qwen3.6-35b-a3b-fp8 -> Qwen/Qwen3.6-35B-A3B-FP8
sku:         h100
workload:    lat  isl=1024 osl=256  C=1  reps=3 warmup=1
spec:        off     think: off
boot cap:    1800s
out:         /workspace/atlas-rental/results/qwen.vllm.b.lat.c1
client url:  http://127.0.0.1:8000

$ whole-cell deadline 2700s; cleanup grace 60s

--- stage 1/7 preflight ---
$ nvidia-smi -q > /workspace/atlas-rental/results/qwen.vllm.b.lat.c1/nvidia-smi-q.txt
$ df -h /workspace/atlas-rental/results/qwen.vllm.b.lat.c1 > /workspace/atlas-rental/results/qwen.vllm.b.lat.c1/df.txt
$ git -C /workspace/atlas-rental/src/atlas rev-parse HEAD
$ sha256sum /workspace/atlas-rental/src/atlas/bench/ladder38/harness_w55_conc_ladder.py

--- stage 2/7 serve ---
process_argv: ["/workspace/atlas-rental/vllm/bin/vllm", "serve", "/workspace/atlas-rental/hf/hub/models--Qwen--Qwen3.6-35B-A3B-FP8/snapshots/95a723d08a9490559dae23d0cff1d9466213d989", "--trust-remote-code", "--tensor-parallel-size", "1", "--enable-auto-tool-choice", "--tool-call-parser", "qwen3_xml", "--reasoning-parser", "qwen3", "--mm-encoder-tp-mode", "data", "--revision", "95a723d08a9490559dae23d0cff1d9466213d989", "--served-model-name", "Qwen/Qwen3.6-35B-A3B-FP8", "--port", "8000"]
process_environment: {"CUDA_VISIBLE_DEVICES": "0", "HF_HOME": "/workspace/atlas-rental/hf", "HF_HUB_CACHE": "/workspace/atlas-rental/hf/hub", "HF_HUB_OFFLINE": "1", "LD_LIBRARY_PATH": "/usr/local/nvidia/lib:/usr/local/nvidia/lib64:/usr/local/cuda/lib64", "SPT_NOENV": "1"}

--- stage 3/7 boot gate (cap 1800s) ---
$ bash /workspace/atlas-rental/src/atlas/bench/hopper_ab/time_to_ready.sh --url http://127.0.0.1:8000 --model Qwen/Qwen3.6-35B-A3B-FP8 --engine vllm --start-epoch <serve-start> --timeout-s 1800 --out /workspace/atlas-rental/results/qwen.vllm.b.lat.c1/boot.json
{
  "schema": 1,
  "engine": "vllm",
  "url": "http://127.0.0.1:8000",
  "model": "Qwen/Qwen3.6-35B-A3B-FP8",
  "start_epoch": 1788641570.0,
  "time_to_ready_s": 729.251,
  "first_token_s": 0.236,
  "polls": 718,
  "http_codes_seen": [
    "transport-error",
    "200"
  ],
  "timeout_s": 1800.0,
  "status": "ready",
  "passed": true,
  "http_exchanges": [
    {
      "path": "/health",
      "request_json": null,
      "response_status": null,
      "response_body": "",
      "response_complete": false
    },
    {
      "path": "/health",
      "request_json": null,
      "response_status": null,
      "response_body": "",
      "response_complete": false
    },
    {
      "path": "/health",
      "request_json": null,
      "response_status": null,
      "response_body": "",
      "response_complete": false
    },
    {
      "path": "/health",
      "request_json": null,
      "response_status": null,
      "response_body": "",
      "response_complete": false
    },
    {
      "path": "/health",
      "request_json": null,
      "response_status": null,
      "response_body": "",
      "response_complete": false
    },
    {
      "path": "/health",
      "request_json": null,
      "response_status": null,
      "response_body": "",
      "response_complete": false
    },
    {
      "path": "/health",
      "request_json": null,
      "response_status": null,
      "response_body": "",
      "response_complete": false
    },
    {
      "path": "/health",
      "request_json": null,
      "response_status": null,
      "response_body": "",
      "response_complete": false
    },
    {
      "path": "/health",
      "request_json": null,
      "response_status": null,
      "response_body": "",
      "response_complete": false
    },
    {
      "path": "/health",
      "request_json": null,
      "response_status": null,
      "response_body": "",
      "response_complete": false
    },
    {
      "path": "/health",
      "request_json": null,
      "response_status": null,
      "response_body": "",
      "response_complete": false
    },
    {
      "path": "/health",
      "request_json": null,
      "response_status": null,
      "response_body": "",
      "response_complete": false
    },
    {
      "path": "/health",
      "request_json": null,
      "response_status": null,
      "response_body": "",
      "response_complete": false
    },
    {
      "path": "/health",
      "request_json": null,
      "response_status": null,
      "response_body": "",
      "response_complete": false
    },
    {
      "path": "/health",
      "request_json": null,
      "response_status": null,
      "response_body": "",
      "response_complete": false
    },
    {
      "path": "/health",
      "request_json": null,
      "response_status": null,
      "response_body": "",
      "response_complete": false
    },
    {
      "path": "/health",
      "request_json": null,
      "response_status": null,
      "response_body": "",
      "response_complete": false
    },
    {
      "path": "/health",
      "request_json": null,
      "response_status": null,
      "response_body": "",
      "response_complete": false
    },
    {
      "path": "/health",
      "request_json": null,
      "response_status": null,
      "response_body": "",
      "response_complete": false
    },
    {
      "path": "/health",
      "request_json": null,
      "response_status": null,
      "response_body": "",
      "response_complete": false
    },
    {
      "path": "/health",
      "request_json": null,
      "response_status": null,
      "response_body": "",
      "response_complete": false
    },
    {
      "path": "/health",
      "request_json": null,
      "response_status": null,
      "response_body": "",
      "response_complete": false
    },
    {
      "path": "/health",
      "request_json": null,
      "response_status": null,
      "response_body": "",
      "response_complete": false
    },
    {
      "path": "/health",
      "request_json": null,
      "response_status": null,
      "response_body": "",
      "response_complete": false
    },
    {
      "path": "/health",
      "request_json": null,
      "response_status": null,
      "response_body": "",
      "response_complete": false
    },
    {
      "path": "/health",
      "request_json": null,
      "response_status": null,
      "response_body": "",
      "response_complete": false
    },
    {
      "path": "/health",
      "request_json": null,
      "response_status": null,
      "response_body": "",
      "response_complete": false
    },
    {
      "path": "/health",
      "request_json": null,
      "response_status": null,
      "response_body": "",
      "response_complete": false
    },
    {
      "path": "/health",
      "request_json": null,
      "response_status": null,
      "response_body": "",
      "response_complete": false
    },
    {
      "path": "/health",
      "request_json": null,
      "response_status": null,
      "response_body": "",
      "response_complete": false
    },
    {
      "path": "/health",
      "request_json": null,
      "response_status": null,
      "response_body": "",
      "response_complete": false
    },
    {
      "path": "/health",
      "request_json": null,
      "response_status": null,
      "response_body": "",
      "response_complete": false
    },
    {
      "path": "/health",
      "request_json": null,
      "response_status": null,
      "response_body": "",
      "response_complete": false
    },
    {
      "path": "/health",
      "request_json": null,
      "response_status": null,
      "response_body": "",
      "response_complete": false
    },
    {
      "path": "/health",
      "request_json": null,
      "response_status": null,
      "response_body": "",
      "response_complete": false
    },
    {
      "path": "/health",
      "request_json": null,
      "response_status": null,
      "response_body": "",
      "response_complete": false
    },
    {
      "path": "/health",
      "request_json": null,
      "response_status": null,
      "response_body": "",
      "response_complete": false
    },
    {
      "path": "/health",
      "request_json": null,
      "response_status": null,
      "response_body": "",
      "response_complete": false
    },
    {
      "path": "/health",
      "request_json": null,
      "response_status": null,
      "response_body": "",
      "response_complete": false
    },
    {
      "path": "/health",
      "request_json": null,
      "response_status": null,
      "response_body": "",
      "response_complete": false
    },
    {
      "path": "/health",
      "request_json": null,
      "response_status": null,
      "response_body": "",
      "response_complete": false
    },
    {
      "path": "/health",
      "request_json": null,
      "response_status": null,
      "response_body": "",
      "response_complete": false
    },
    {
      "path": "/health",
      "request_json": null,
      "response_status": null,
      "response_body": "",
      "response_complete": false
    },
    {
      "path": "/health",
      "request_json": null,
      "response_status": null,
      "response_body": "",
      "response_complete": false
    },
    {
      "path": "/health",
      "request_json": null,
      "response_status": null,
      "response_body": "",
      "response_complete": false
    },
    {
      "path": "/health",
      "request_json": null,
      "response_status": null,
      "response_body": "",
      "response_complete": false
    },
    {
      "path": "/health",
      "request_json": null,
      "response_status": null,
      "response_body": "",
      "response_complete": false
    },
    {
      "path": "/health",
      "request_json": null,
      "response_status": null,
      "response_body": "",
      "response_complete": false
    },
    {
      "path": "/health",
      "request_json": null,
      "response_status": null,
      "response_body": "",
      "response_complete": false
    },
    {
      "path": "/health",
      "request_json": null,
      "response_status": null,
      "response_body": "",
      "response_complete": false
    },
    {
      "path": "/health",
      "request_json": null,
      "response_status": null,
      "response_body": "",
      "response_complete": false
    },
    {
      "path": "/health",
      "request_json": null,
      "response_status": null,
      "response_body": "",
      "response_complete": false
    },
    {
      "path": "/health",
      "request_json": null,
      "response_status": null,
      "response_body": "",
      "response_complete": false
    },
    {
      "path": "/health",
      "request_json": null,
      "response_status": null,
      "response_body": "",
      "response_complete": false
    },
    {
      "path": "/health",
      "request_json": null,
      "response_status": null,
      "response_body": "",
      "response_complete": false
    },
    {
      "path": "/health",
      "request_json": null,
      "response_status": null,
      "response_body": "",
      "response_complete": false
    },
    {
      "path": "/health",
      "request_json": null,
      "response_status": null,
      "response_body": "",
      "response_complete": false
    },
    {
      "path": "/health",
      "request_json": null,
      "response_status": null,
      "response_body": "",
      "response_complete": false
    },
    {
      "path": "/health",
      "request_json": null,
      "response_status": null,
      "response_body": "",
      "response_complete": false
    },
    {
      "path": "/health",
      "request_json": null,
      "response_status": null,
      "response_body": "",
      "response_complete": false
    },
    {
      "path": "/health",
      "request_json": null,
      "response_status": null,
      "response_body": "",
      "response_complete": false
    },
    {
      "path": "/health",
      "request_json": null,
      "response_status": null,
      "response_body": "",
      "response_complete": false
    },
    {
      "path": "/health",
      "request_json": null,
      "response_status": null,
      "response_body": "",
      "response_complete": false
    },
    {
      "path": "/health",
      "request_json": null,
      "response_status": null,
      "response_body": "",
      "response_complete": false
    },
    {
      "path": "/health",
      "request_json": null,
      "response_status": null,
      "response_body": "",
      "response_complete": false
    },
    {
      "path": "/health",
      "request_json": null,
      "response_status": null,
      "response_body": "",
      "response_complete": false
    },
    {
      "path": "/health",
      "request_json": null,
      "response_status": null,
      "response_body": "",
      "response_complete": false
    },
    {
      "path": "/health",
      "request_json": null,
      "response_status": null,
      "response_body": "",
      "response_complete": false
    },
    {
      "path": "/health",
      "request_json": null,
      "response_status": null,
      "response_body": "",
      "response_complete": false
    },
    {
      "path": "/health",
      "request_json": null,
      "response_status": null,
      "response_body": "",
      "response_complete": false
    },
    {
      "path": "/health",
      "request_json": null,
      "response_status": null,
      "response_body": "",
      "response_complete": false
    },
    {
      "path": "/health",
      "request_json": null,
      "response_status": null,
      "response_body": "",
      "response_complete": false
    },
    {
      "path": "/health",
      "request_json": null,
      "response_status": null,
      "response_body": "",
      "response_complete": false
    },
    {
      "path": "/health",
      "request_json": null,
      "response_status": null,
      "response_body": "",
      "response_complete": false
    },
    {
      "path": "/health",
      "request_json": null,
      "response_status": null,
      "response_body": "",
      "response_complete": false
    },
    {
      "path": "/health",
      "request_json": null,
      "response_status": null,
      "response_body": "",
      "response_complete": false
    },
    {
      "path": "/health",
      "request_json": null,
      "response_status": null,
      "response_body": "",
      "response_complete": false
    },
    {
      "path": "/health",
      "request_json": null,
      "response_status": null,
      "response_body": "",
      "response_complete": false
    },
    {
      "path": "/health",
      "request_json": null,
      "response_status": null,
      "response_body": "",
      "response_complete": false
    },
    {
      "path": "/health",
      "request_json": null,
      "response_status": null,
      "response_body": "",
      "response_complete": false
    },
    {
      "path": "/health",
      "request_json": null,
      "response_status": null,
      "response_body": "",
      "response_complete": false
    },
    {
      "path": "/health",
      "request_json": null,
      "response_status": null,
      "response_body": "",
      "response_complete": false
    },
    {
      "path": "/health",
      "request_json": null,
      "response_status": null,
      "response_body": "",
      "response_complete": false
    },
    {
      "path": "/health",
      "request_json": null,
      "response_status": null,
      "response_body": "",
      "response_complete": false
    },
    {
      "path": "/health",
      "request_json": null,
      "response_status": null,
      "response_body": "",
      "response_complete": false
    },
    {
      "path": "/health",
      "request_json": null,
      "response_status": null,
      "response_body": "",
      "response_complete": false
    },
    {
      "path": "/health",
      "request_json": null,
      "response_status": null,
      "response_body": "",
      "response_complete": false
    },
    {
      "path": "/health",
      "request_json": null,
      "response_status": null,
      "response_body": "",
      "response_complete": false
    },
    {
      "path": "/health",
      "request_json": null,
      "response_status": null,
      "response_body": "",
      "response_complete": false
    },
    {
      "path": "/health",
      "request_json": null,
      "response_status": null,
      "response_body": "",
      "response_complete": false
    },
    {
      "path": "/health",
      "request_json": null,
      "response_status": null,
      "response_body": "",
      "response_complete": false
    },
    {
      "path": "/health",
      "request_json": null,
      "response_status": null,
      "response_body": "",
      "response_complete": false
    },
    {
      "path": "/health",
      "request_json": null,
      "response_status": null,
      "response_body": "",
      "response_complete": false
    },
    {
      "path": "/health",
      "request_json": null,
      "response_status": null,
      "response_body": "",
      "response_complete": false
    },
    {
      "path": "/health",
      "request_json": null,
      "response_status": null,
      "response_body": "",
      "response_complete": false
    },
    {
      "path": "/health",
      "request_json": null,
      "response_status": null,
      "response_body": "",
      "response_complete": false
    },
    {
      "path": "/health",
      "request_json": null,
      "response_status": null,
      "response_body": "",
      "response_complete": false
    },
    {
      "path": "/health",
      "request_json": null,
      "response_status": null,
      "response_body": "",
      "response_complete": false
    },
    {
      "path": "/health",
      "request_json": null,
      "response_status": null,
      "response_body": "",
      "response_complete": false
    },
    {
      "path": "/health",
      "request_json": null,
      "response_status": null,
      "response_body": "",
      "response_complete": false
    },
    {
      "path": "/health",
      "request_json": null,
      "response_status": null,
      "response_body": "",
      "response_complete": false
    },
    {
      "path": "/health",
      "request_json": null,
      "response_status": null,
      "response_body": "",
      "response_complete": false
    },
    {
      "path": "/health",
      "request_json": null,
      "response_status": null,
      "response_body": "",
      "response_complete": false
    },
    {
      "path": "/health",
      "request_json": null,
      "response_status": null,
      "response_body": "",
      "response_complete": false
    },
    {
      "path": "/health",
      "request_json": null,
      "response_status": null,
      "response_body": "",
      "response_complete": false
    },
    {
      "path": "/health",
      "request_json": null,
      "response_status": null,
      "response_body": "",
      "response_complete": false
    },
    {
      "path": "/health",
      "request_json": null,
      "response_status": null,
      "response_body": "",
      "response_complete": false
    },
    {
      "path": "/health",
      "request_json": null,
      "response_status": null,
      "response_body": "",
      "response_complete": false
    },
    {
      "path": "/health",
      "request_json": null,
      "response_status": null,
      "response_body": "",
      "response_complete": false
    },
    {
      "path": "/health",
      "request_json": null,
      "response_status": null,
      "response_body": "",
      "response_complete": false
    },
    {
      "path": "/health",
      "request_json": null,
      "response_status": null,
      "response_body": "",
      "response_complete": false
    },
    {
      "path": "/health",
      "request_json": null,
      "response_status": null,
      "response_body": "",
      "response_complete": false
    },
    {
      "path": "/health",
      "request_json": null,
      "response_status": null,
      "response_body": "",
      "response_complete": false
    },
    {
      "path": "/health",
      "request_json": null,
      "response_status": null,
      "response_body": "",
      "response_complete": false
    },
    {
      "path": "/health",
      "request_json": null,
      "response_status": null,
      "response_body": "",
      "response_complete": false
    },
    {
      "path": "/health",
      "request_json": null,
      "response_status": null,
      "response_body": "",
      "response_complete": false
    },
    {
      "path": "/health",
      "request_json": null,
      "response_status": null,
      "response_body": "",
      "response_complete": false
    },
    {
      "path": "/health",
      "request_json": null,
      "response_status": null,
      "response_body": "",
      "response_complete": false
    },
    {
      "path": "/health",
      "request_json": null,
      "response_status": null,
      "response_body": "",
      "response_complete": false
    },
    {
      "path": "/health",
      "request_json": null,
      "response_status": null,
      "response_body": "",
      "response_complete": false
    },
    {
      "path": "/health",
      "request_json": null,
      "response_status": null,
      "response_body": "",
      "response_complete": false
    },
    {
      "path": "/health",
      "request_json": null,
      "response_status": null,
      "response_body": "",
      "response_complete": false
    },
    {
      "path": "/health",
      "request_json": null,
      "response_status": null,
      "response_body": "",
      "response_complete": false
    },
    {
      "path": "/health",
      "request_json": null,
      "response_status": null,
      "response_body": "",
      "response_complete": false
    },
    {
      "path": "/health",
      "request_json": null,
      "response_status": null,
      "response_body": "",
      "response_complete": false
    },
    {
      "path": "/health",
      "request_json": null,
      "response_status": null,
      "response_body": "",
      "response_complete": false
    },
    {
      "path": "/health",
      "request_json": null,
      "response_status": null,
      "response_body": "",
      "response_complete": false
    },
    {
      "path": "/health",
      "request_json": null,
      "response_status": null,
      "response_body": "",
      "response_complete": false
    },
    {
      "path": "/health",
      "request_json": null,
      "response_status": null,
      "response_body": "",
      "response_complete": false
    },
    {
      "path": "/health",
      "request_json": null,
      "response_status": null,
      "response_body": "",
      "response_complete": false
    },
    {
      "path": "/health",
      "request_json": null,
      "response_status": null,
      "response_body": "",
      "response_complete": false
    },
    {
      "path": "/health",
      "request_json": null,
      "response_status": null,
      "response_body": "",
      "response_complete": false
    },
    {
      "path": "/health",
      "request_json": null,
      "response_status": null,
      "response_body": "",
      "response_complete": false
    },
    {
      "path": "/health",
      "request_json": null,
      "response_status": null,
      "response_body": "",
      "response_complete": false
    },
    {
      "path": "/health",
      "request_json": null,
      "response_status": null,
      "response_body": "",
      "response_complete": false
    },
    {
      "path": "/health",
      "request_json": null,
      "response_status": null,
      "response_body": "",
      "response_complete": false
    },
    {
      "path": "/health",
      "request_json": null,
      "response_status": null,
      "response_body": "",
      "response_complete": false
    },
    {
      "path": "/health",
      "request_json": null,
      "response_status": null,
      "response_body": "",
      "response_complete": false
    },
    {
      "path": "/health",
      "request_json": null,
      "response_status": null,
      "response_body": "",
      "response_complete": false
    },
    {
      "path": "/health",
      "request_json": null,
      "response_status": null,
      "response_body": "",
      "response_complete": false
    },
    {
      "path": "/health",
      "request_json": null,
      "response_status": null,
      "response_body": "",
      "response_complete": false
    },
    {
      "path": "/health",
      "request_json": null,
      "response_status": null,
      "response_body": "",
      "response_complete": false
    },
    {
      "path": "/health",
      "request_json": null,
      "response_status": null,
      "response_body": "",
      "response_complete": false
    },
    {
      "path": "/health",
      "request_json": null,
      "response_status": null,
      "response_body": "",
      "response_complete": false
    },
    {
      "path": "/health",
      "request_json": null,
      "response_status": null,
      "response_body": "",
      "response_complete": false
    },
    {
      "path": "/health",
      "request_json": null,
      "response_status": null,
      "response_body": "",
      "response_complete": false
    },
    {
      "path": "/health",
      "request_json": null,
      "response_status": null,
      "response_body": "",
      "response_complete": false
    },
    {
      "path": "/health",
      "request_json": null,
      "response_status": null,
      "response_body": "",
      "response_complete": false
    },
    {
      "path": "/health",
      "request_json": null,
      "response_status": null,
      "response_body": "",
      "response_complete": false
    },
    {
      "path": "/health",
      "request_json": null,
      "response_status": null,
      "response_body": "",
      "response_complete": false
    },
    {
      "path": "/health",
      "request_json": null,
      "response_status": null,
      "response_body": "",
      "response_complete": false
    },
    {
      "path": "/health",
      "request_json": null,
      "response_status": null,
      "response_body": "",
      "response_complete": false
    },
    {
      "path": "/health",
      "request_json": null,
      "response_status": null,
      "response_body": "",
      "response_complete": false
    },
    {
      "path": "/health",
      "request_json": null,
      "response_status": null,
      "response_body": "",
      "response_complete": false
    },
    {
      "path": "/health",
      "request_json": null,
      "response_status": null,
      "response_body": "",
      "response_complete": false
    },
    {
      "path": "/health",
      "request_json": null,
      "response_status": null,
      "response_body": "",
      "response_complete": false
    },
    {
      "path": "/health",
      "request_json": null,
      "response_status": null,
      "response_body": "",
      "response_complete": false
    },
    {
      "path": "/health",
      "request_json": null,
      "response_status": null,
      "response_body": "",
      "response_complete": false
    },
    {
      "path": "/health",
      "request_json": null,
      "response_status": null,
      "response_body": "",
      "response_complete": false
    },
    {
      "path": "/health",
      "request_json": null,
      "response_status": null,
      "response_body": "",
      "response_complete": false
    },
    {
      "path": "/health",
      "request_json": null,
      "response_status": null,
      "response_body": "",
      "response_complete": false
    },
    {
      "path": "/health",
      "request_json": null,
      "response_status": null,
      "response_body": "",
      "response_complete": false
    },
    {
      "path": "/health",
      "request_json": null,
      "response_status": null,
      "response_body": "",
      "response_complete": false
    },
    {
      "path": "/health",
      "request_json": null,
      "response_status": null,
      "response_body": "",
      "response_complete": false
    },
    {
      "path": "/health",
      "request_json": null,
      "response_status": null,
      "response_body": "",
      "response_complete": false
    },
    {
      "path": "/health",
      "request_json": null,
      "response_status": null,
      "response_body": "",
      "response_complete": false
    },
    {
      "path": "/health",
      "request_json": null,
      "response_status": null,
      "response_body": "",
      "response_complete": false
    },
    {
      "path": "/health",
      "request_json": null,
      "response_status": null,
      "response_body": "",
      "response_complete": false
    },
    {
      "path": "/health",
      "request_json": null,
      "response_status": null,
      "response_body": "",
      "response_complete": false
    },
    {
      "path": "/health",
      "request_json": null,
      "response_status": null,
      "response_body": "",
      "response_complete": false
    },
    {
      "path": "/health",
      "request_json": null,
      "response_status": null,
      "response_body": "",
      "response_complete": false
    },
    {
      "path": "/health",
      "request_json": null,
      "response_status": null,
      "response_body": "",
      "response_complete": false
    },
    {
      "path": "/health",
      "request_json": null,
      "response_status": null,
      "response_body": "",
      "response_complete": false
    },
    {
      "path": "/health",
      "request_json": null,
      "response_status": null,
      "response_body": "",
      "response_complete": false
    },
    {
      "path": "/health",
      "request_json": null,
      "response_status": null,
      "response_body": "",
      "response_complete": false
    },
    {
      "path": "/health",
      "request_json": null,
      "response_status": null,
      "response_body": "",
      "response_complete": false
    },
    {
      "path": "/health",
      "request_json": null,
      "response_status": null,
      "response_body": "",
      "response_complete": false
    },
    {
      "path": "/health",
      "request_json": null,
      "response_status": null,
      "response_body": "",
      "response_complete": false
    },
    {
      "path": "/health",
      "request_json": null,
      "response_status": null,
      "response_body": "",
      "response_complete": false
    },
    {
      "path": "/health",
      "request_json": null,
      "response_status": null,
      "response_body": "",
      "response_complete": false
    },
    {
      "path": "/health",
      "request_json": null,
      "response_status": null,
      "response_body": "",
      "response_complete": false
    },
    {
      "path": "/health",
      "request_json": null,
      "response_status": null,
      "response_body": "",
      "response_complete": false
    },
    {
      "path": "/health",
      "request_json": null,
      "response_status": null,
      "response_body": "",
      "response_complete": false
    },
    {
      "path": "/health",
      "request_json": null,
      "response_status": null,
      "response_body": "",
      "response_complete": false
    },
    {
      "path": "/health",
      "request_json": null,
      "response_status": null,
      "response_body": "",
      "response_complete": false
    },
    {
      "path": "/health",
      "request_json": null,
      "response_status": null,
      "response_body": "",
      "response_complete": false
    },
    {
      "path": "/health",
      "request_json": null,
      "response_status": null,
      "response_body": "",
      "response_complete": false
    },
    {
      "path": "/health",
      "request_json": null,
      "response_status": null,
      "response_body": "",
      "response_complete": false
    },
    {
      "path": "/health",
      "request_json": null,
      "response_status": null,
      "response_body": "",
      "response_complete": false
    },
    {
      "path": "/health",
      "request_json": null,
      "response_status": null,
      "response_body": "",
      "response_complete": false
    },
    {
      "path": "/health",
      "request_json": null,
      "response_status": null,
      "response_body": "",
      "response_complete": false
    },
    {
      "path": "/health",
      "request_json": null,
      "response_status": null,
      "response_body": "",
      "response_complete": false
    },
    {
      "path": "/health",
      "request_json": null,
      "response_status": null,
      "response_body": "",
      "response_complete": false
    },
    {
      "path": "/health",
      "request_json": null,
      "response_status": null,
      "response_body": "",
      "response_complete": false
    },
    {
      "path": "/health",
      "request_json": null,
      "response_status": null,
      "response_body": "",
      "response_complete": false
    },
    {
      "path": "/health",
      "request_json": null,
      "response_status": null,
      "response_body": "",
      "response_complete": false
    },
    {
      "path": "/health",
      "request_json": null,
      "response_status": null,
      "response_body": "",
      "response_complete": false
    },
    {
      "path": "/health",
      "request_json": null,
      "response_status": null,
      "response_body": "",
      "response_complete": false
    },
    {
      "path": "/health",
      "request_json": null,
      "response_status": null,
      "response_body": "",
      "response_complete": false
    },
    {
      "path": "/health",
      "request_json": null,
      "response_status": null,
      "response_body": "",
      "response_complete": false
    },
    {
      "path": "/health",
      "request_json": null,
      "response_status": null,
      "response_body": "",
      "response_complete": false
    },
    {
      "path": "/health",
      "request_json": null,
      "response_status": null,
      "response_body": "",
      "response_complete": false
    },
    {
      "path": "/health",
      "request_json": null,
      "response_status": null,
      "response_body": "",
      "response_complete": false
    },
    {
      "path": "/health",
      "request_json": null,
      "response_status": null,
      "response_body": "",
      "response_complete": false
    },
    {
      "path": "/health",
      "request_json": null,
      "response_status": null,
      "response_body": "",
      "response_complete": false
    },
    {
      "path": "/health",
      "request_json": null,
      "response_status": null,
      "response_body": "",
      "response_complete": false
    },
    {
      "path": "/health",
      "request_json": null,
      "response_status": null,
      "response_body": "",
      "response_complete": false
    },
    {
      "path": "/health",
      "request_json": null,
      "response_status": null,
      "response_body": "",
      "response_complete": false
    },
    {
      "path": "/health",
      "request_json": null,
      "response_status": null,
      "response_body": "",
      "response_complete": false
    },
    {
      "path": "/health",
      "request_json": null,
      "response_status": null,
      "response_body": "",
      "response_complete": false
    },
    {
      "path": "/health",
      "request_json": null,
      "response_status": null,
      "response_body": "",
      "response_complete": false
    },
    {
      "path": "/health",
      "request_json": null,
      "response_status": null,
      "response_body": "",
      "response_complete": false
    },
    {
      "path": "/health",
      "request_json": null,
      "response_status": null,
      "response_body": "",
      "response_complete": false
    },
    {
      "path": "/health",
      "request_json": null,
      "response_status": null,
      "response_body": "",
      "response_complete": false
    },
    {
      "path": "/health",
      "request_json": null,
      "response_status": null,
      "response_body": "",
      "response_complete": false
    },
    {
      "path": "/health",
      "request_json": null,
      "response_status": null,
      "response_body": "",
      "response_complete": false
    },
    {
      "path": "/health",
      "request_json": null,
      "response_status": null,
      "response_body": "",
      "response_complete": false
    },
    {
      "path": "/health",
      "request_json": null,
      "response_status": null,
      "response_body": "",
      "response_complete": false
    },
    {
      "path": "/health",
      "request_json": null,
      "response_status": null,
      "response_body": "",
      "response_complete": false
    },
    {
      "path": "/health",
      "request_json": null,
      "response_status": null,
      "response_body": "",
      "response_complete": false
    },
    {
      "path": "/health",
      "request_json": null,
      "response_status": null,
      "response_body": "",
      "response_complete": false
    },
    {
      "path": "/health",
      "request_json": null,
      "response_status": null,
      "response_body": "",
      "response_complete": false
    },
    {
      "path": "/health",
      "request_json": null,
      "response_status": null,
      "response_body": "",
      "response_complete": false
    },
    {
      "path": "/health",
      "request_json": null,
      "response_status": null,
      "response_body": "",
      "response_complete": false
    },
    {
      "path": "/health",
      "request_json": null,
      "response_status": null,
      "response_body": "",
      "response_complete": false
    },
    {
      "path": "/health",
      "request_json": null,
      "response_status": null,
      "response_body": "",
      "response_complete": false
    },
    {
      "path": "/health",
      "request_json": null,
      "response_status": null,
      "response_body": "",
      "response_complete": false
    },
    {
      "path": "/health",
      "request_json": null,
      "response_status": null,
      "response_body": "",
      "response_complete": false
    },
    {
      "path": "/health",
      "request_json": null,
      "response_status": null,
      "response_body": "",
      "response_complete": false
    },
    {
      "path": "/health",
      "request_json": null,
      "response_status": null,
      "response_body": "",
      "response_complete": false
    },
    {
      "path": "/health",
      "request_json": null,
      "response_status": null,
      "response_body": "",
      "response_complete": false
    },
    {
      "path": "/health",
      "request_json": null,
      "response_status": null,
      "response_body": "",
      "response_complete": false
    },
    {
      "path": "/health",
      "request_json": null,
      "response_status": null,
      "response_body": "",
      "response_complete": false
    },
    {
      "path": "/health",
      "request_json": null,
      "response_status": null,
      "response_body": "",
      "response_complete": false
    },
    {
      "path": "/health",
      "request_json": null,
      "response_status": null,
      "response_body": "",
      "response_complete": false
    },
    {
      "path": "/health",
      "request_json": null,
      "response_status": null,
      "response_body": "",
      "response_complete": false
    },
    {
      "path": "/health",
      "request_json": null,
      "response_status": null,
      "response_body": "",
      "response_complete": false
    },
    {
      "path": "/health",
      "request_json": null,
      "response_status": null,
      "response_body": "",
      "response_complete": false
    },
    {
      "path": "/health",
      "request_json": null,
      "response_status": null,
      "response_body": "",
      "response_complete": false
    },
    {
      "path": "/health",
      "request_json": null,
      "response_status": null,
      "response_body": "",
      "response_complete": false
    },
    {
      "path": "/health",
      "request_json": null,
      "response_status": null,
      "response_body": "",
      "response_complete": false
    },
    {
      "path": "/health",
      "request_json": null,
      "response_status": null,
      "response_body": "",
      "response_complete": false
    },
    {
      "path": "/health",
      "request_json": null,
      "response_status": null,
      "response_body": "",
      "response_complete": false
    },
    {
      "path": "/health",
      "request_json": null,
      "response_status": null,
      "response_body": "",
      "response_complete": false
    },
    {
      "path": "/health",
      "request_json": null,
      "response_status": null,
      "response_body": "",
      "response_complete": false
    },
    {
      "path": "/health",
      "request_json": null,
      "response_status": null,
      "response_body": "",
      "response_complete": false
    },
    {
      "path": "/health",
      "request_json": null,
      "response_status": null,
      "response_body": "",
      "response_complete": false
    },
    {
      "path": "/health",
      "request_json": null,
      "response_status": null,
      "response_body": "",
      "response_complete": false
    },
    {
      "path": "/health",
      "request_json": null,
      "response_status": null,
      "response_body": "",
      "response_complete": false
    },
    {
      "path": "/health",
      "request_json": null,
      "response_status": null,
      "response_body": "",
      "response_complete": false
    },
    {
      "path": "/health",
      "request_json": null,
      "response_status": null,
      "response_body": "",
      "response_complete": false
    },
    {
      "path": "/health",
      "request_json": null,
      "response_status": null,
      "response_body": "",
      "response_complete": false
    },
    {
      "path": "/health",
      "request_json": null,
      "response_status": null,
      "response_body": "",
      "response_complete": false
    },
    {
      "path": "/health",
      "request_json": null,
      "response_status": null,
      "response_body": "",
      "response_complete": false
    },
    {
      "path": "/health",
      "request_json": null,
      "response_status": null,
      "response_body": "",
      "response_complete": false
    },
    {
      "path": "/health",
      "request_json": null,
      "response_status": null,
      "response_body": "",
      "response_complete": false
    },
    {
      "path": "/health",
      "request_json": null,
      "response_status": null,
      "response_body": "",
      "response_complete": false
    },
    {
      "path": "/health",
      "request_json": null,
      "response_status": null,
      "response_body": "",
      "response_complete": false
    },
    {
      "path": "/health",
      "request_json": null,
      "response_status": null,
      "response_body": "",
      "response_complete": false
    },
    {
      "path": "/health",
      "request_json": null,
      "response_status": null,
      "response_body": "",
      "response_complete": false
    },
    {
      "path": "/health",
      "request_json": null,
      "response_status": null,
      "response_body": "",
      "response_complete": false
    },
    {
      "path": "/health",
      "request_json": null,
      "response_status": null,
      "response_body": "",
      "response_complete": false
    },
    {
      "path": "/health",
      "request_json": null,
      "response_status": null,
      "response_body": "",
      "response_complete": false
    },
    {
      "path": "/health",
      "request_json": null,
      "response_status": null,
      "response_body": "",
      "response_complete": false
    },
    {
      "path": "/health",
      "request_json": null,
      "response_status": null,
      "response_body": "",
      "response_complete": false
    },
    {
      "path": "/health",
      "request_json": null,
      "response_status": null,
      "response_body": "",
      "response_complete": false
    },
    {
      "path": "/health",
      "request_json": null,
      "response_status": null,
      "response_body": "",
      "response_complete": false
    },
    {
      "path": "/health",
      "request_json": null,
      "response_status": null,
      "response_body": "",
      "response_complete": false
    },
    {
      "path": "/health",
      "request_json": null,
      "response_status": null,
      "response_body": "",
      "response_complete": false
    },
    {
      "path": "/health",
      "request_json": null,
      "response_status": null,
      "response_body": "",
      "response_complete": false
    },
    {
      "path": "/health",
      "request_json": null,
      "response_status": null,
      "response_body": "",
      "response_complete": false
    },
    {
      "path": "/health",
      "request_json": null,
      "response_status": null,
      "response_body": "",
      "response_complete": false
    },
    {
      "path": "/health",
      "request_json": null,
      "response_status": null,
      "response_body": "",
      "response_complete": false
    },
    {
      "path": "/health",
      "request_json": null,
      "response_status": null,
      "response_body": "",
      "response_complete": false
    },
    {
      "path": "/health",
      "request_json": null,
      "response_status": null,
      "response_body": "",
      "response_complete": false
    },
    {
      "path": "/health",
      "request_json": null,
      "response_status": null,
      "response_body": "",
      "response_complete": false
    },
    {
      "path": "/health",
      "request_json": null,
      "response_status": null,
      "response_body": "",
      "response_complete": false
    },
    {
      "path": "/health",
      "request_json": null,
      "response_status": null,
      "response_body": "",
      "response_complete": false
    },
    {
      "path": "/health",
      "request_json": null,
      "response_status": null,
      "response_body": "",
      "response_complete": false
    },
    {
      "path": "/health",
      "request_json": null,
      "response_status": null,
      "response_body": "",
      "response_complete": false
    },
    {
      "path": "/health",
      "request_json": null,
      "response_status": null,
      "response_body": "",
      "response_complete": false
    },
    {
      "path": "/health",
      "request_json": null,
      "response_status": null,
      "response_body": "",
      "response_complete": false
    },
    {
      "path": "/health",
      "request_json": null,
      "response_status": null,
      "response_body": "",
      "response_complete": false
    },
    {
      "path": "/health",
      "request_json": null,
      "response_status": null,
      "response_body": "",
      "response_complete": false
    },
    {
      "path": "/health",
      "request_json": null,
      "response_status": null,
      "response_body": "",
      "response_complete": false
    },
    {
      "path": "/health",
      "request_json": null,
      "response_status": null,
      "response_body": "",
      "response_complete": false
    },
    {
      "path": "/health",
      "request_json": null,
      "response_status": null,
      "response_body": "",
      "response_complete": false
    },
    {
      "path": "/health",
      "request_json": null,
      "response_status": null,
      "response_body": "",
      "response_complete": false
    },
    {
      "path": "/health",
      "request_json": null,
      "response_status": null,
      "response_body": "",
      "response_complete": false
    },
    {
      "path": "/health",
      "request_json": null,
      "response_status": null,
      "response_body": "",
      "response_complete": false
    },
    {
      "path": "/health",
      "request_json": null,
      "response_status": null,
      "response_body": "",
      "response_complete": false
    },
    {
      "path": "/health",
      "request_json": null,
      "response_status": null,
      "response_body": "",
      "response_complete": false
    },
    {
      "path": "/health",
      "request_json": null,
      "response_status": null,
      "response_body": "",
      "response_complete": false
    },
    {
      "path": "/health",
      "request_json": null,
      "response_status": null,
      "response_body": "",
      "response_complete": false
    },
    {
      "path": "/health",
      "request_json": null,
      "response_status": null,
      "response_body": "",
      "response_complete": false
    },
    {
      "path": "/health",
      "request_json": null,
      "response_status": null,
      "response_body": "",
      "response_complete": false
    },
    {
      "path": "/health",
      "request_json": null,
      "response_status": null,
      "response_body": "",
      "response_complete": false
    },
    {
      "path": "/health",
      "request_json": null,
      "response_status": null,
      "response_body": "",
      "response_complete": false
    },
    {
      "path": "/health",
      "request_json": null,
      "response_status": null,
      "response_body": "",
      "response_complete": false
    },
    {
      "path": "/health",
      "request_json": null,
      "response_status": null,
      "response_body": "",
      "response_complete": false
    },
    {
      "path": "/health",
      "request_json": null,
      "response_status": null,
      "response_body": "",
      "response_complete": false
    },
    {
      "path": "/health",
      "request_json": null,
      "response_status": null,
      "response_body": "",
      "response_complete": false
    },
    {
      "path": "/health",
      "request_json": null,
      "response_status": null,
      "response_body": "",
      "response_complete": false
    },
    {
      "path": "/health",
      "request_json": null,
      "response_status": null,
      "response_body": "",
      "response_complete": false
    },
    {
      "path": "/health",
      "request_json": null,
      "response_status": null,
      "response_body": "",
      "response_complete": false
    },
    {
      "path": "/health",
      "request_json": null,
      "response_status": null,
      "response_body": "",
      "response_complete": false
    },
    {
      "path": "/health",
      "request_json": null,
      "response_status": null,
      "response_body": "",
      "response_complete": false
    },
    {
      "path": "/health",
      "request_json": null,
      "response_status": null,
      "response_body": "",
      "response_complete": false
    },
    {
      "path": "/health",
      "request_json": null,
      "response_status": null,
      "response_body": "",
      "response_complete": false
    },
    {
      "path": "/health",
      "request_json": null,
      "response_status": null,
      "response_body": "",
      "response_complete": false
    },
    {
      "path": "/health",
      "request_json": null,
      "response_status": null,
      "response_body": "",
      "response_complete": false
    },
    {
      "path": "/health",
      "request_json": null,
      "response_status": null,
      "response_body": "",
      "response_complete": false
    },
    {
      "path": "/health",
      "request_json": null,
      "response_status": null,
      "response_body": "",
      "response_complete": false
    },
    {
      "path": "/health",
      "request_json": null,
      "response_status": null,
      "response_body": "",
      "response_complete": false
    },
    {
      "path": "/health",
      "request_json": null,
      "response_status": null,
      "response_body": "",
      "response_complete": false
    },
    {
      "path": "/health",
      "request_json": null,
      "response_status": null,
      "response_body": "",
      "response_complete": false
    },
    {
      "path": "/health",
      "request_json": null,
      "response_status": null,
      "response_body": "",
      "response_complete": false
    },
    {
      "path": "/health",
      "request_json": null,
      "response_status": null,
      "response_body": "",
      "response_complete": false
    },
    {
      "path": "/health",
      "request_json": null,
      "response_status": null,
      "response_body": "",
      "response_complete": false
    },
    {
      "path": "/health",
      "request_json": null,
      "response_status": null,
      "response_body": "",
      "response_complete": false
    },
    {
      "path": "/health",
      "request_json": null,
      "response_status": null,
      "response_body": "",
      "response_complete": false
    },
    {
      "path": "/health",
      "request_json": null,
      "response_status": null,
      "response_body": "",
      "response_complete": false
    },
    {
      "path": "/health",
      "request_json": null,
      "response_status": null,
      "response_body": "",
      "response_complete": false
    },
    {
      "path": "/health",
      "request_json": null,
      "response_status": null,
      "response_body": "",
      "response_complete": false
    },
    {
      "path": "/health",
      "request_json": null,
      "response_status": null,
      "response_body": "",
      "response_complete": false
    },
    {
      "path": "/health",
      "request_json": null,
      "response_status": null,
      "response_body": "",
      "response_complete": false
    },
    {
      "path": "/health",
      "request_json": null,
      "response_status": null,
      "response_body": "",
      "response_complete": false
    },
    {
      "path": "/health",
      "request_json": null,
      "response_status": null,
      "response_body": "",
      "response_complete": false
    },
    {
      "path": "/health",
      "request_json": null,
      "response_status": null,
      "response_body": "",
      "response_complete": false
    },
    {
      "path": "/health",
      "request_json": null,
      "response_status": null,
      "response_body": "",
      "response_complete": false
    },
    {
      "path": "/health",
      "request_json": null,
      "response_status": null,
      "response_body": "",
      "response_complete": false
    },
    {
      "path": "/health",
      "request_json": null,
      "response_status": null,
      "response_body": "",
      "response_complete": false
    },
    {
      "path": "/health",
      "request_json": null,
      "response_status": null,
      "response_body": "",
      "response_complete": false
    },
    {
      "path": "/health",
      "request_json": null,
      "response_status": null,
      "response_body": "",
      "response_complete": false
    },
    {
      "path": "/health",
      "request_json": null,
      "response_status": null,
      "response_body": "",
      "response_complete": false
    },
    {
      "path": "/health",
      "request_json": null,
      "response_status": null,
      "response_body": "",
      "response_complete": false
    },
    {
      "path": "/health",
      "request_json": null,
      "response_status": null,
      "response_body": "",
      "response_complete": false
    },
    {
      "path": "/health",
      "request_json": null,
      "response_status": null,
      "response_body": "",
      "response_complete": false
    },
    {
      "path": "/health",
      "request_json": null,
      "response_status": null,
      "response_body": "",
      "response_complete": false
    },
    {
      "path": "/health",
      "request_json": null,
      "response_status": null,
      "response_body": "",
      "response_complete": false
    },
    {
      "path": "/health",
      "request_json": null,
      "response_status": null,
      "response_body": "",
      "response_complete": false
    },
    {
      "path": "/health",
      "request_json": null,
      "response_status": null,
      "response_body": "",
      "response_complete": false
    },
    {
      "path": "/health",
      "request_json": null,
      "response_status": null,
      "response_body": "",
      "response_complete": false
    },
    {
      "path": "/health",
      "request_json": null,
      "response_status": null,
      "response_body": "",
      "response_complete": false
    },
    {
      "path": "/health",
      "request_json": null,
      "response_status": null,
      "response_body": "",
      "response_complete": false
    },
    {
      "path": "/health",
      "request_json": null,
      "response_status": null,
      "response_body": "",
      "response_complete": false
    },
    {
      "path": "/health",
      "request_json": null,
      "response_status": null,
      "response_body": "",
      "response_complete": false
    },
    {
      "path": "/health",
      "request_json": null,
      "response_status": null,
      "response_body": "",
      "response_complete": false
    },
    {
      "path": "/health",
      "request_json": null,
      "response_status": null,
      "response_body": "",
      "response_complete": false
    },
    {
      "path": "/health",
      "request_json": null,
      "response_status": null,
      "response_body": "",
      "response_complete": false
    },
    {
      "path": "/health",
      "request_json": null,
      "response_status": null,
      "response_body": "",
      "response_complete": false
    },
    {
      "path": "/health",
      "request_json": null,
      "response_status": null,
      "response_body": "",
      "response_complete": false
    },
    {
      "path": "/health",
      "request_json": null,
      "response_status": null,
      "response_body": "",
      "response_complete": false
    },
    {
      "path": "/health",
      "request_json": null,
      "response_status": null,
      "response_body": "",
      "response_complete": false
    },
    {
      "path": "/health",
      "request_json": null,
      "response_status": null,
      "response_body": "",
      "response_complete": false
    },
    {
      "path": "/health",
      "request_json": null,
      "response_status": null,
      "response_body": "",
      "response_complete": false
    },
    {
      "path": "/health",
      "request_json": null,
      "response_status": null,
      "response_body": "",
      "response_complete": false
    },
    {
      "path": "/health",
      "request_json": null,
      "response_status": null,
      "response_body": "",
      "response_complete": false
    },
    {
      "path": "/health",
      "request_json": null,
      "response_status": null,
      "response_body": "",
      "response_complete": false
    },
    {
      "path": "/health",
      "request_json": null,
      "response_status": null,
      "response_body": "",
      "response_complete": false
    },
    {
      "path": "/health",
      "request_json": null,
      "response_status": null,
      "response_body": "",
      "response_complete": false
    },
    {
      "path": "/health",
      "request_json": null,
      "response_status": null,
      "response_body": "",
      "response_complete": false
    },
    {
      "path": "/health",
      "request_json": null,
      "response_status": null,
      "response_body": "",
      "response_complete": false
    },
    {
      "path": "/health",
      "request_json": null,
      "response_status": null,
      "response_body": "",
      "response_complete": false
    },
    {
      "path": "/health",
      "request_json": null,
      "response_status": null,
      "response_body": "",
      "response_complete": false
    },
    {
      "path": "/health",
      "request_json": null,
      "response_status": null,
      "response_body": "",
      "response_complete": false
    },
    {
      "path": "/health",
      "request_json": null,
      "response_status": null,
      "response_body": "",
      "response_complete": false
    },
    {
      "path": "/health",
      "request_json": null,
      "response_status": null,
      "response_body": "",
      "response_complete": false
    },
    {
      "path": "/health",
      "request_json": null,
      "response_status": null,
      "response_body": "",
      "response_complete": false
    },
    {
      "path": "/health",
      "request_json": null,
      "response_status": null,
      "response_body": "",
      "response_complete": false
    },
    {
      "path": "/health",
      "request_json": null,
      "response_status": null,
      "response_body": "",
      "response_complete": false
    },
    {
      "path": "/health",
      "request_json": null,
      "response_status": null,
      "response_body": "",
      "response_complete": false
    },
    {
      "path": "/health",
      "request_json": null,
      "response_status": null,
      "response_body": "",
      "response_complete": false
    },
    {
      "path": "/health",
      "request_json": null,
      "response_status": null,
      "response_body": "",
      "response_complete": false
    },
    {
      "path": "/health",
      "request_json": null,
      "response_status": null,
      "response_body": "",
      "response_complete": false
    },
    {
      "path": "/health",
      "request_json": null,
      "response_status": null,
      "response_body": "",
      "response_complete": false
    },
    {
      "path": "/health",
      "request_json": null,
      "response_status": null,
      "response_body": "",
      "response_complete": false
    },
    {
      "path": "/health",
      "request_json": null,
      "response_status": null,
      "response_body": "",
      "response_complete": false
    },
    {
      "path": "/health",
      "request_json": null,
      "response_status": null,
      "response_body": "",
      "response_complete": false
    },
    {
      "path": "/health",
      "request_json": null,
      "response_status": null,
      "response_body": "",
      "response_complete": false
    },
    {
      "path": "/health",
      "request_json": null,
      "response_status": null,
      "response_body": "",
      "response_complete": false
    },
    {
      "path": "/health",
      "request_json": null,
      "response_status": null,
      "response_body": "",
      "response_complete": false
    },
    {
      "path": "/health",
      "request_json": null,
      "response_status": null,
      "response_body": "",
      "response_complete": false
    },
    {
      "path": "/health",
      "request_json": null,
      "response_status": null,
      "response_body": "",
      "response_complete": false
    },
    {
      "path": "/health",
      "request_json": null,
      "response_status": null,
      "response_body": "",
      "response_complete": false
    },
    {
      "path": "/health",
      "request_json": null,
      "response_status": null,
      "response_body": "",
      "response_complete": false
    },
    {
      "path": "/health",
      "request_json": null,
      "response_status": null,
      "response_body": "",
      "response_complete": false
    },
    {
      "path": "/health",
      "request_json": null,
      "response_status": null,
      "response_body": "",
      "response_complete": false
    },
    {
      "path": "/health",
      "request_json": null,
      "response_status": null,
      "response_body": "",
      "response_complete": false
    },
    {
      "path": "/health",
      "request_json": null,
      "response_status": null,
      "response_body": "",
      "response_complete": false
    },
    {
      "path": "/health",
      "request_json": null,
      "response_status": null,
      "response_body": "",
      "response_complete": false
    },
    {
      "path": "/health",
      "request_json": null,
      "response_status": null,
      "response_body": "",
      "response_complete": false
    },
    {
      "path": "/health",
      "request_json": null,
      "response_status": null,
      "response_body": "",
      "response_complete": false
    },
    {
      "path": "/health",
      "request_json": null,
      "response_status": null,
      "response_body": "",
      "response_complete": false
    },
    {
      "path": "/health",
      "request_json": null,
      "response_status": null,
      "response_body": "",
      "response_complete": false
    },
    {
      "path": "/health",
      "request_json": null,
      "response_status": null,
      "response_body": "",
      "response_complete": false
    },
    {
      "path": "/health",
      "request_json": null,
      "response_status": null,
      "response_body": "",
      "response_complete": false
    },
    {
      "path": "/health",
      "request_json": null,
      "response_status": null,
      "response_body": "",
      "response_complete": false
    },
    {
      "path": "/health",
      "request_json": null,
      "response_status": null,
      "response_body": "",
      "response_complete": false
    },
    {
      "path": "/health",
      "request_json": null,
      "response_status": null,
      "response_body": "",
      "response_complete": false
    },
    {
      "path": "/health",
      "request_json": null,
      "response_status": null,
      "response_body": "",
      "response_complete": false
    },
    {
      "path": "/health",
      "request_json": null,
      "response_status": null,
      "response_body": "",
      "response_complete": false
    },
    {
      "path": "/health",
      "request_json": null,
      "response_status": null,
      "response_body": "",
      "response_complete": false
    },
    {
      "path": "/health",
      "request_json": null,
      "response_status": null,
      "response_body": "",
      "response_complete": false
    },
    {
      "path": "/health",
      "request_json": null,
      "response_status": null,
      "response_body": "",
      "response_complete": false
    },
    {
      "path": "/health",
      "request_json": null,
      "response_status": null,
      "response_body": "",
      "response_complete": false
    },
    {
      "path": "/health",
      "request_json": null,
      "response_status": null,
      "response_body": "",
      "response_complete": false
    },
    {
      "path": "/health",
      "request_json": null,
      "response_status": null,
      "response_body": "",
      "response_complete": false
    },
    {
      "path": "/health",
      "request_json": null,
      "response_status": null,
      "response_body": "",
      "response_complete": false
    },
    {
      "path": "/health",
      "request_json": null,
      "response_status": null,
      "response_body": "",
      "response_complete": false
    },
    {
      "path": "/health",
      "request_json": null,
      "response_status": null,
      "response_body": "",
      "response_complete": false
    },
    {
      "path": "/health",
      "request_json": null,
      "response_status": null,
      "response_body": "",
      "response_complete": false
    },
    {
      "path": "/health",
      "request_json": null,
      "response_status": null,
      "response_body": "",
      "response_complete": false
    },
    {
      "path": "/health",
      "request_json": null,
      "response_status": null,
      "response_body": "",
      "response_complete": false
    },
    {
      "path": "/health",
      "request_json": null,
      "response_status": null,
      "response_body": "",
      "response_complete": false
    },
    {
      "path": "/health",
      "request_json": null,
      "response_status": null,
      "response_body": "",
      "response_complete": false
    },
    {
      "path": "/health",
      "request_json": null,
      "response_status": null,
      "response_body": "",
      "response_complete": false
    },
    {
      "path": "/health",
      "request_json": null,
      "response_status": null,
      "response_body": "",
      "response_complete": false
    },
    {
      "path": "/health",
      "request_json": null,
      "response_status": null,
      "response_body": "",
      "response_complete": false
    },
    {
      "path": "/health",
      "request_json": null,
      "response_status": null,
      "response_body": "",
      "response_complete": false
    },
    {
      "path": "/health",
      "request_json": null,
      "response_status": null,
      "response_body": "",
      "response_complete": false
    },
    {
      "path": "/health",
      "request_json": null,
      "response_status": null,
      "response_body": "",
      "response_complete": false
    },
    {
      "path": "/health",
      "request_json": null,
      "response_status": null,
      "response_body": "",
      "response_complete": false
    },
    {
      "path": "/health",
      "request_json": null,
      "response_status": null,
      "response_body": "",
      "response_complete": false
    },
    {
      "path": "/health",
      "request_json": null,
      "response_status": null,
      "response_body": "",
      "response_complete": false
    },
    {
      "path": "/health",
      "request_json": null,
      "response_status": null,
      "response_body": "",
      "response_complete": false
    },
    {
      "path": "/health",
      "request_json": null,
      "response_status": null,
      "response_body": "",
      "response_complete": false
    },
    {
      "path": "/health",
      "request_json": null,
      "response_status": null,
      "response_body": "",
      "response_complete": false
    },
    {
      "path": "/health",
      "request_json": null,
      "response_status": null,
      "response_body": "",
      "response_complete": false
    },
    {
      "path": "/health",
      "request_json": null,
      "response_status": null,
      "response_body": "",
      "response_complete": false
    },
    {
      "path": "/health",
      "request_json": null,
      "response_status": null,
      "response_body": "",
      "response_complete": false
    },
    {
      "path": "/health",
      "request_json": null,
      "response_status": null,
      "response_body": "",
      "response_complete": false
    },
    {
      "path": "/health",
      "request_json": null,
      "response_status": null,
      "response_body": "",
      "response_complete": false
    },
    {
      "path": "/health",
      "request_json": null,
      "response_status": null,
      "response_body": "",
      "response_complete": false
    },
    {
      "path": "/health",
      "request_json": null,
      "response_status": null,
      "response_body": "",
      "response_complete": false
    },
    {
      "path": "/health",
      "request_json": null,
      "response_status": null,
      "response_body": "",
      "response_complete": false
    },
    {
      "path": "/health",
      "request_json": null,
      "response_status": null,
      "response_body": "",
      "response_complete": false
    },
    {
      "path": "/health",
      "request_json": null,
      "response_status": null,
      "response_body": "",
      "response_complete": false
    },
    {
      "path": "/health",
      "request_json": null,
      "response_status": null,
      "response_body": "",
      "response_complete": false
    },
    {
      "path": "/health",
      "request_json": null,
      "response_status": null,
      "response_body": "",
      "response_complete": false
    },
    {
      "path": "/health",
      "request_json": null,
      "response_status": null,
      "response_body": "",
      "response_complete": false
    },
    {
      "path": "/health",
      "request_json": null,
      "response_status": null,
      "response_body": "",
      "response_complete": false
    },
    {
      "path": "/health",
      "request_json": null,
      "response_status": null,
      "response_body": "",
      "response_complete": false
    },
    {
      "path": "/health",
      "request_json": null,
      "response_status": null,
      "response_body": "",
      "response_complete": false
    },
    {
      "path": "/health",
      "request_json": null,
      "response_status": null,
      "response_body": "",
      "response_complete": false
    },
    {
      "path": "/health",
      "request_json": null,
      "response_status": null,
      "response_body": "",
      "response_complete": false
    },
    {
      "path": "/health",
      "request_json": null,
      "response_status": null,
      "response_body": "",
      "response_complete": false
    },
    {
      "path": "/health",
      "request_json": null,
      "response_status": null,
      "response_body": "",
      "response_complete": false
    },
    {
      "path": "/health",
      "request_json": null,
      "response_status": null,
      "response_body": "",
      "response_complete": false
    },
    {
      "path": "/health",
      "request_json": null,
      "response_status": null,
      "response_body": "",
      "response_complete": false
    },
    {
      "path": "/health",
      "request_json": null,
      "response_status": null,
      "response_body": "",
      "response_complete": false
    },
    {
      "path": "/health",
      "request_json": null,
      "response_status": null,
      "response_body": "",
      "response_complete": false
    },
    {
      "path": "/health",
      "request_json": null,
      "response_status": null,
      "response_body": "",
      "response_complete": false
    },
    {
      "path": "/health",
      "request_json": null,
      "response_status": null,
      "response_body": "",
      "response_complete": false
    },
    {
      "path": "/health",
      "request_json": null,
      "response_status": null,
      "response_body": "",
      "response_complete": false
    },
    {
      "path": "/health",
      "request_json": null,
      "response_status": null,
      "response_body": "",
      "response_complete": false
    },
    {
      "path": "/health",
      "request_json": null,
      "response_status": null,
      "response_body": "",
      "response_complete": false
    },
    {
      "path": "/health",
      "request_json": null,
      "response_status": null,
      "response_body": "",
      "response_complete": false
    },
    {
      "path": "/health",
      "request_json": null,
      "response_status": null,
      "response_body": "",
      "response_complete": false
    },
    {
      "path": "/health",
      "request_json": null,
      "response_status": null,
      "response_body": "",
      "response_complete": false
    },
    {
      "path": "/health",
      "request_json": null,
      "response_status": null,
      "response_body": "",
      "response_complete": false
    },
    {
      "path": "/health",
      "request_json": null,
      "response_status": null,
      "response_body": "",
      "response_complete": false
    },
    {
      "path": "/health",
      "request_json": null,
      "response_status": null,
      "response_body": "",
      "response_complete": false
    },
    {
      "path": "/health",
      "request_json": null,
      "response_status": null,
      "response_body": "",
      "response_complete": false
    },
    {
      "path": "/health",
      "request_json": null,
      "response_status": null,
      "response_body": "",
      "response_complete": false
    },
    {
      "path": "/health",
      "request_json": null,
      "response_status": null,
      "response_body": "",
      "response_complete": false
    },
    {
      "path": "/health",
      "request_json": null,
      "response_status": null,
      "response_body": "",
      "response_complete": false
    },
    {
      "path": "/health",
      "request_json": null,
      "response_status": null,
      "response_body": "",
      "response_complete": false
    },
    {
      "path": "/health",
      "request_json": null,
      "response_status": null,
      "response_body": "",
      "response_complete": false
    },
    {
      "path": "/health",
      "request_json": null,
      "response_status": null,
      "response_body": "",
      "response_complete": false
    },
    {
      "path": "/health",
      "request_json": null,
      "response_status": null,
      "response_body": "",
      "response_complete": false
    },
    {
      "path": "/health",
      "request_json": null,
      "response_status": null,
      "response_body": "",
      "response_complete": false
    },
    {
      "path": "/health",
      "request_json": null,
      "response_status": null,
      "response_body": "",
      "response_complete": false
    },
    {
      "path": "/health",
      "request_json": null,
      "response_status": null,
      "response_body": "",
      "response_complete": false
    },
    {
      "path": "/health",
      "request_json": null,
      "response_status": null,
      "response_body": "",
      "response_complete": false
    },
    {
      "path": "/health",
      "request_json": null,
      "response_status": null,
      "response_body": "",
      "response_complete": false
    },
    {
      "path": "/health",
      "request_json": null,
      "response_status": null,
      "response_body": "",
      "response_complete": false
    },
    {
      "path": "/health",
      "request_json": null,
      "response_status": null,
      "response_body": "",
      "response_complete": false
    },
    {
      "path": "/health",
      "request_json": null,
      "response_status": null,
      "response_body": "",
      "response_complete": false
    },
    {
      "path": "/health",
      "request_json": null,
      "response_status": null,
      "response_body": "",
      "response_complete": false
    },
    {
      "path": "/health",
      "request_json": null,
      "response_status": null,
      "response_body": "",
      "response_complete": false
    },
    {
      "path": "/health",
      "request_json": null,
      "response_status": null,
      "response_body": "",
      "response_complete": false
    },
    {
      "path": "/health",
      "request_json": null,
      "response_status": null,
      "response_body": "",
      "response_complete": false
    },
    {
      "path": "/health",
      "request_json": null,
      "response_status": null,
      "response_body": "",
      "response_complete": false
    },
    {
      "path": "/health",
      "request_json": null,
      "response_status": null,
      "response_body": "",
      "response_complete": false
    },
    {
      "path": "/health",
      "request_json": null,
      "response_status": null,
      "response_body": "",
      "response_complete": false
    },
    {
      "path": "/health",
      "request_json": null,
      "response_status": null,
      "response_body": "",
      "response_complete": false
    },
    {
      "path": "/health",
      "request_json": null,
      "response_status": null,
      "response_body": "",
      "response_complete": false
    },
    {
      "path": "/health",
      "request_json": null,
      "response_status": null,
      "response_body": "",
      "response_complete": false
    },
    {
      "path": "/health",
      "request_json": null,
      "response_status": null,
      "response_body": "",
      "response_complete": false
    },
    {
      "path": "/health",
      "request_json": null,
      "response_status": null,
      "response_body": "",
      "response_complete": false
    },
    {
      "path": "/health",
      "request_json": null,
      "response_status": null,
      "response_body": "",
      "response_complete": false
    },
    {
      "path": "/health",
      "request_json": null,
      "response_status": null,
      "response_body": "",
      "response_complete": false
    },
    {
      "path": "/health",
      "request_json": null,
      "response_status": null,
      "response_body": "",
      "response_complete": false
    },
    {
      "path": "/health",
      "request_json": null,
      "response_status": null,
      "response_body": "",
      "response_complete": false
    },
    {
      "path": "/health",
      "request_json": null,
      "response_status": null,
      "response_body": "",
      "response_complete": false
    },
    {
      "path": "/health",
      "request_json": null,
      "response_status": null,
      "response_body": "",
      "response_complete": false
    },
    {
      "path": "/health",
      "request_json": null,
      "response_status": null,
      "response_body": "",
      "response_complete": false
    },
    {
      "path": "/health",
      "request_json": null,
      "response_status": null,
      "response_body": "",
      "response_complete": false
    },
    {
      "path": "/health",
      "request_json": null,
      "response_status": null,
      "response_body": "",
      "response_complete": false
    },
    {
      "path": "/health",
      "request_json": null,
      "response_status": null,
      "response_body": "",
      "response_complete": false
    },
    {
      "path": "/health",
      "request_json": null,
      "response_status": null,
      "response_body": "",
      "response_complete": false
    },
    {
      "path": "/health",
      "request_json": null,
      "response_status": null,
      "response_body": "",
      "response_complete": false
    },
    {
      "path": "/health",
      "request_json": null,
      "response_status": null,
      "response_body": "",
      "response_complete": false
    },
    {
      "path": "/health",
      "request_json": null,
      "response_status": null,
      "response_body": "",
      "response_complete": false
    },
    {
      "path": "/health",
      "request_json": null,
      "response_status": null,
      "response_body": "",
      "response_complete": false
    },
    {
      "path": "/health",
      "request_json": null,
      "response_status": null,
      "response_body": "",
      "response_complete": false
    },
    {
      "path": "/health",
      "request_json": null,
      "response_status": null,
      "response_body": "",
      "response_complete": false
    },
    {
      "path": "/health",
      "request_json": null,
      "response_status": null,
      "response_body": "",
      "response_complete": false
    },
    {
      "path": "/health",
      "request_json": null,
      "response_status": null,
      "response_body": "",
      "response_complete": false
    },
    {
      "path": "/health",
      "request_json": null,
      "response_status": null,
      "response_body": "",
      "response_complete": false
    },
    {
      "path": "/health",
      "request_json": null,
      "response_status": null,
      "response_body": "",
      "response_complete": false
    },
    {
      "path": "/health",
      "request_json": null,
      "response_status": null,
      "response_body": "",
      "response_complete": false
    },
    {
      "path": "/health",
      "request_json": null,
      "response_status": null,
      "response_body": "",
      "response_complete": false
    },
    {
      "path": "/health",
      "request_json": null,
      "response_status": null,
      "response_body": "",
      "response_complete": false
    },
    {
      "path": "/health",
      "request_json": null,
      "response_status": null,
      "response_body": "",
      "response_complete": false
    },
    {
      "path": "/health",
      "request_json": null,
      "response_status": null,
      "response_body": "",
      "response_complete": false
    },
    {
      "path": "/health",
      "request_json": null,
      "response_status": null,
      "response_body": "",
      "response_complete": false
    },
    {
      "path": "/health",
      "request_json": null,
      "response_status": null,
      "response_body": "",
      "response_complete": false
    },
    {
      "path": "/health",
      "request_json": null,
      "response_status": null,
      "response_body": "",
      "response_complete": false
    },
    {
      "path": "/health",
      "request_json": null,
      "response_status": null,
      "response_body": "",
      "response_complete": false
    },
    {
      "path": "/health",
      "request_json": null,
      "response_status": null,
      "response_body": "",
      "response_complete": false
    },
    {
      "path": "/health",
      "request_json": null,
      "response_status": null,
      "response_body": "",
      "response_complete": false
    },
    {
      "path": "/health",
      "request_json": null,
      "response_status": null,
      "response_body": "",
      "response_complete": false
    },
    {
      "path": "/health",
      "request_json": null,
      "response_status": null,
      "response_body": "",
      "response_complete": false
    },
    {
      "path": "/health",
      "request_json": null,
      "response_status": null,
      "response_body": "",
      "response_complete": false
    },
    {
      "path": "/health",
      "request_json": null,
      "response_status": null,
      "response_body": "",
      "response_complete": false
    },
    {
      "path": "/health",
      "request_json": null,
      "response_status": null,
      "response_body": "",
      "response_complete": false
    },
    {
      "path": "/health",
      "request_json": null,
      "response_status": null,
      "response_body": "",
      "response_complete": false
    },
    {
      "path": "/health",
      "request_json": null,
      "response_status": null,
      "response_body": "",
      "response_complete": false
    },
    {
      "path": "/health",
      "request_json": null,
      "response_status": null,
      "response_body": "",
      "response_complete": false
    },
    {
      "path": "/health",
      "request_json": null,
      "response_status": null,
      "response_body": "",
      "response_complete": false
    },
    {
      "path": "/health",
      "request_json": null,
      "response_status": null,
      "response_body": "",
      "response_complete": false
    },
    {
      "path": "/health",
      "request_json": null,
      "response_status": null,
      "response_body": "",
      "response_complete": false
    },
    {
      "path": "/health",
      "request_json": null,
      "response_status": null,
      "response_body": "",
      "response_complete": false
    },
    {
      "path": "/health",
      "request_json": null,
      "response_status": null,
      "response_body": "",
      "response_complete": false
    },
    {
      "path": "/health",
      "request_json": null,
      "response_status": null,
      "response_body": "",
      "response_complete": false
    },
    {
      "path": "/health",
      "request_json": null,
      "response_status": null,
      "response_body": "",
      "response_complete": false
    },
    {
      "path": "/health",
      "request_json": null,
      "response_status": null,
      "response_body": "",
      "response_complete": false
    },
    {
      "path": "/health",
      "request_json": null,
      "response_status": null,
      "response_body": "",
      "response_complete": false
    },
    {
      "path": "/health",
      "request_json": null,
      "response_status": null,
      "response_body": "",
      "response_complete": false
    },
    {
      "path": "/health",
      "request_json": null,
      "response_status": null,
      "response_body": "",
      "response_complete": false
    },
    {
      "path": "/health",
      "request_json": null,
      "response_status": null,
      "response_body": "",
      "response_complete": false
    },
    {
      "path": "/health",
      "request_json": null,
      "response_status": null,
      "response_body": "",
      "response_complete": false
    },
    {
      "path": "/health",
      "request_json": null,
      "response_status": null,
      "response_body": "",
      "response_complete": false
    },
    {
      "path": "/health",
      "request_json": null,
      "response_status": null,
      "response_body": "",
      "response_complete": false
    },
    {
      "path": "/health",
      "request_json": null,
      "response_status": null,
      "response_body": "",
      "response_complete": false
    },
    {
      "path": "/health",
      "request_json": null,
      "response_status": null,
      "response_body": "",
      "response_complete": false
    },
    {
      "path": "/health",
      "request_json": null,
      "response_status": null,
      "response_body": "",
      "response_complete": false
    },
    {
      "path": "/health",
      "request_json": null,
      "response_status": null,
      "response_body": "",
      "response_complete": false
    },
    {
      "path": "/health",
      "request_json": null,
      "response_status": null,
      "response_body": "",
      "response_complete": false
    },
    {
      "path": "/health",
      "request_json": null,
      "response_status": null,
      "response_body": "",
      "response_complete": false
    },
    {
      "path": "/health",
      "request_json": null,
      "response_status": null,
      "response_body": "",
      "response_complete": false
    },
    {
      "path": "/health",
      "request_json": null,
      "response_status": null,
      "response_body": "",
      "response_complete": false
    },
    {
      "path": "/health",
      "request_json": null,
      "response_status": null,
      "response_body": "",
      "response_complete": false
    },
    {
      "path": "/health",
      "request_json": null,
      "response_status": null,
      "response_body": "",
      "response_complete": false
    },
    {
      "path": "/health",
      "request_json": null,
      "response_status": null,
      "response_body": "",
      "response_complete": false
    },
    {
      "path": "/health",
      "request_json": null,
      "response_status": null,
      "response_body": "",
      "response_complete": false
    },
    {
      "path": "/health",
      "request_json": null,
      "response_status": null,
      "response_body": "",
      "response_complete": false
    },
    {
      "path": "/health",
      "request_json": null,
      "response_status": null,
      "response_body": "",
      "response_complete": false
    },
    {
      "path": "/health",
      "request_json": null,
      "response_status": null,
      "response_body": "",
      "response_complete": false
    },
    {
      "path": "/health",
      "request_json": null,
      "response_status": null,
      "response_body": "",
      "response_complete": false
    },
    {
      "path": "/health",
      "request_json": null,
      "response_status": null,
      "response_body": "",
      "response_complete": false
    },
    {
      "path": "/health",
      "request_json": null,
      "response_status": null,
      "response_body": "",
      "response_complete": false
    },
    {
      "path": "/health",
      "request_json": null,
      "response_status": null,
      "response_body": "",
      "response_complete": false
    },
    {
      "path": "/health",
      "request_json": null,
      "response_status": null,
      "response_body": "",
      "response_complete": false
    },
    {
      "path": "/health",
      "request_json": null,
      "response_status": null,
      "response_body": "",
      "response_complete": false
    },
    {
      "path": "/health",
      "request_json": null,
      "response_status": null,
      "response_body": "",
      "response_complete": false
    },
    {
      "path": "/health",
      "request_json": null,
      "response_status": null,
      "response_body": "",
      "response_complete": false
    },
    {
      "path": "/health",
      "request_json": null,
      "response_status": null,
      "response_body": "",
      "response_complete": false
    },
    {
      "path": "/health",
      "request_json": null,
      "response_status": null,
      "response_body": "",
      "response_complete": false
    },
    {
      "path": "/health",
      "request_json": null,
      "response_status": null,
      "response_body": "",
      "response_complete": false
    },
    {
      "path": "/health",
      "request_json": null,
      "response_status": null,
      "response_body": "",
      "response_complete": false
    },
    {
      "path": "/health",
      "request_json": null,
      "response_status": null,
      "response_body": "",
      "response_complete": false
    },
    {
      "path": "/health",
      "request_json": null,
      "response_status": null,
      "response_body": "",
      "response_complete": false
    },
    {
      "path": "/health",
      "request_json": null,
      "response_status": null,
      "response_body": "",
      "response_complete": false
    },
    {
      "path": "/health",
      "request_json": null,
      "response_status": null,
      "response_body": "",
      "response_complete": false
    },
    {
      "path": "/health",
      "request_json": null,
      "response_status": null,
      "response_body": "",
      "response_complete": false
    },
    {
      "path": "/health",
      "request_json": null,
      "response_status": null,
      "response_body": "",
      "response_complete": false
    },
    {
      "path": "/health",
      "request_json": null,
      "response_status": null,
      "response_body": "",
      "response_complete": false
    },
    {
      "path": "/health",
      "request_json": null,
      "response_status": null,
      "response_body": "",
      "response_complete": false
    },
    {
      "path": "/health",
      "request_json": null,
      "response_status": null,
      "response_body": "",
      "response_complete": false
    },
    {
      "path": "/health",
      "request_json": null,
      "response_status": null,
      "response_body": "",
      "response_complete": false
    },
    {
      "path": "/health",
      "request_json": null,
      "response_status": null,
      "response_body": "",
      "response_complete": false
    },
    {
      "path": "/health",
      "request_json": null,
      "response_status": null,
      "response_body": "",
      "response_complete": false
    },
    {
      "path": "/health",
      "request_json": null,
      "response_status": null,
      "response_body": "",
      "response_complete": false
    },
    {
      "path": "/health",
      "request_json": null,
      "response_status": null,
      "response_body": "",
      "response_complete": false
    },
    {
      "path": "/health",
      "request_json": null,
      "response_status": null,
      "response_body": "",
      "response_complete": false
    },
    {
      "path": "/health",
      "request_json": null,
      "response_status": null,
      "response_body": "",
      "response_complete": false
    },
    {
      "path": "/health",
      "request_json": null,
      "response_status": null,
      "response_body": "",
      "response_complete": false
    },
    {
      "path": "/health",
      "request_json": null,
      "response_status": null,
      "response_body": "",
      "response_complete": false
    },
    {
      "path": "/health",
      "request_json": null,
      "response_status": null,
      "response_body": "",
      "response_complete": false
    },
    {
      "path": "/health",
      "request_json": null,
      "response_status": null,
      "response_body": "",
      "response_complete": false
    },
    {
      "path": "/health",
      "request_json": null,
      "response_status": null,
      "response_body": "",
      "response_complete": false
    },
    {
      "path": "/health",
      "request_json": null,
      "response_status": null,
      "response_body": "",
      "response_complete": false
    },
    {
      "path": "/health",
      "request_json": null,
      "response_status": null,
      "response_body": "",
      "response_complete": false
    },
    {
      "path": "/health",
      "request_json": null,
      "response_status": null,
      "response_body": "",
      "response_complete": false
    },
    {
      "path": "/health",
      "request_json": null,
      "response_status": null,
      "response_body": "",
      "response_complete": false
    },
    {
      "path": "/health",
      "request_json": null,
      "response_status": null,
      "response_body": "",
      "response_complete": false
    },
    {
      "path": "/health",
      "request_json": null,
      "response_status": null,
      "response_body": "",
      "response_complete": false
    },
    {
      "path": "/health",
      "request_json": null,
      "response_status": null,
      "response_body": "",
      "response_complete": false
    },
    {
      "path": "/health",
      "request_json": null,
      "response_status": null,
      "response_body": "",
      "response_complete": false
    },
    {
      "path": "/health",
      "request_json": null,
      "response_status": null,
      "response_body": "",
      "response_complete": false
    },
    {
      "path": "/health",
      "request_json": null,
      "response_status": null,
      "response_body": "",
      "response_complete": false
    },
    {
      "path": "/health",
      "request_json": null,
      "response_status": null,
      "response_body": "",
      "response_complete": false
    },
    {
      "path": "/health",
      "request_json": null,
      "response_status": null,
      "response_body": "",
      "response_complete": false
    },
    {
      "path": "/health",
      "request_json": null,
      "response_status": null,
      "response_body": "",
      "response_complete": false
    },
    {
      "path": "/health",
      "request_json": null,
      "response_status": null,
      "response_body": "",
      "response_complete": false
    },
    {
      "path": "/health",
      "request_json": null,
      "response_status": null,
      "response_body": "",
      "response_complete": false
    },
    {
      "path": "/health",
      "request_json": null,
      "response_status": null,
      "response_body": "",
      "response_complete": false
    },
    {
      "path": "/health",
      "request_json": null,
      "response_status": null,
      "response_body": "",
      "response_complete": false
    },
    {
      "path": "/health",
      "request_json": null,
      "response_status": null,
      "response_body": "",
      "response_complete": false
    },
    {
      "path": "/health",
      "request_json": null,
      "response_status": null,
      "response_body": "",
      "response_complete": false
    },
    {
      "path": "/health",
      "request_json": null,
      "response_status": null,
      "response_body": "",
      "response_complete": false
    },
    {
      "path": "/health",
      "request_json": null,
      "response_status": null,
      "response_body": "",
      "response_complete": false
    },
    {
      "path": "/health",
      "request_json": null,
      "response_status": null,
      "response_body": "",
      "response_complete": false
    },
    {
      "path": "/health",
      "request_json": null,
      "response_status": null,
      "response_body": "",
      "response_complete": false
    },
    {
      "path": "/health",
      "request_json": null,
      "response_status": null,
      "response_body": "",
      "response_complete": false
    },
    {
      "path": "/health",
      "request_json": null,
      "response_status": null,
      "response_body": "",
      "response_complete": false
    },
    {
      "path": "/health",
      "request_json": null,
      "response_status": null,
      "response_body": "",
      "response_complete": false
    },
    {
      "path": "/health",
      "request_json": null,
      "response_status": null,
      "response_body": "",
      "response_complete": false
    },
    {
      "path": "/health",
      "request_json": null,
      "response_status": null,
      "response_body": "",
      "response_complete": false
    },
    {
      "path": "/health",
      "request_json": null,
      "response_status": null,
      "response_body": "",
      "response_complete": false
    },
    {
      "path": "/health",
      "request_json": null,
      "response_status": null,
      "response_body": "",
      "response_complete": false
    },
    {
      "path": "/health",
      "request_json": null,
      "response_status": null,
      "response_body": "",
      "response_complete": false
    },
    {
      "path": "/health",
      "request_json": null,
      "response_status": null,
      "response_body": "",
      "response_complete": false
    },
    {
      "path": "/health",
      "request_json": null,
      "response_status": null,
      "response_body": "",
      "response_complete": false
    },
    {
      "path": "/health",
      "request_json": null,
      "response_status": null,
      "response_body": "",
      "response_complete": false
    },
    {
      "path": "/health",
      "request_json": null,
      "response_status": null,
      "response_body": "",
      "response_complete": false
    },
    {
      "path": "/health",
      "request_json": null,
      "response_status": null,
      "response_body": "",
      "response_complete": false
    },
    {
      "path": "/health",
      "request_json": null,
      "response_status": null,
      "response_body": "",
      "response_complete": false
    },
    {
      "path": "/health",
      "request_json": null,
      "response_status": null,
      "response_body": "",
      "response_complete": false
    },
    {
      "path": "/health",
      "request_json": null,
      "response_status": null,
      "response_body": "",
      "response_complete": false
    },
    {
      "path": "/health",
      "request_json": null,
      "response_status": null,
      "response_body": "",
      "response_complete": false
    },
    {
      "path": "/health",
      "request_json": null,
      "response_status": null,
      "response_body": "",
      "response_complete": false
    },
    {
      "path": "/health",
      "request_json": null,
      "response_status": null,
      "response_body": "",
      "response_complete": false
    },
    {
      "path": "/health",
      "request_json": null,
      "response_status": null,
      "response_body": "",
      "response_complete": false
    },
    {
      "path": "/health",
      "request_json": null,
      "response_status": null,
      "response_body": "",
      "response_complete": false
    },
    {
      "path": "/health",
      "request_json": null,
      "response_status": null,
      "response_body": "",
      "response_complete": false
    },
    {
      "path": "/health",
      "request_json": null,
      "response_status": null,
      "response_body": "",
      "response_complete": false
    },
    {
      "path": "/health",
      "request_json": null,
      "response_status": null,
      "response_body": "",
      "response_complete": false
    },
    {
      "path": "/health",
      "request_json": null,
      "response_status": null,
      "response_body": "",
      "response_complete": false
    },
    {
      "path": "/health",
      "request_json": null,
      "response_status": null,
      "response_body": "",
      "response_complete": false
    },
    {
      "path": "/health",
      "request_json": null,
      "response_status": null,
      "response_body": "",
      "response_complete": false
    },
    {
      "path": "/health",
      "request_json": null,
      "response_status": null,
      "response_body": "",
      "response_complete": false
    },
    {
      "path": "/health",
      "request_json": null,
      "response_status": null,
      "response_body": "",
      "response_complete": false
    },
    {
      "path": "/health",
      "request_json": null,
      "response_status": null,
      "response_body": "",
      "response_complete": false
    },
    {
      "path": "/health",
      "request_json": null,
      "response_status": null,
      "response_body": "",
      "response_complete": false
    },
    {
      "path": "/health",
      "request_json": null,
      "response_status": null,
      "response_body": "",
      "response_complete": false
    },
    {
      "path": "/health",
      "request_json": null,
      "response_status": null,
      "response_body": "",
      "response_complete": false
    },
    {
      "path": "/health",
      "request_json": null,
      "response_status": null,
      "response_body": "",
      "response_complete": false
    },
    {
      "path": "/health",
      "request_json": null,
      "response_status": null,
      "response_body": "",
      "response_complete": false
    },
    {
      "path": "/health",
      "request_json": null,
      "response_status": null,
      "response_body": "",
      "response_complete": false
    },
    {
      "path": "/health",
      "request_json": null,
      "response_status": null,
      "response_body": "",
      "response_complete": false
    },
    {
      "path": "/health",
      "request_json": null,
      "response_status": null,
      "response_body": "",
      "response_complete": false
    },
    {
      "path": "/health",
      "request_json": null,
      "response_status": null,
      "response_body": "",
      "response_complete": false
    },
    {
      "path": "/health",
      "request_json": null,
      "response_status": null,
      "response_body": "",
      "response_complete": false
    },
    {
      "path": "/health",
      "request_json": null,
      "response_status": null,
      "response_body": "",
      "response_complete": false
    },
    {
      "path": "/health",
      "request_json": null,
      "response_status": null,
      "response_body": "",
      "response_complete": false
    },
    {
      "path": "/health",
      "request_json": null,
      "response_status": null,
      "response_body": "",
      "response_complete": false
    },
    {
      "path": "/health",
      "request_json": null,
      "response_status": null,
      "response_body": "",
      "response_complete": false
    },
    {
      "path": "/health",
      "request_json": null,
      "response_status": null,
      "response_body": "",
      "response_complete": false
    },
    {
      "path": "/health",
      "request_json": null,
      "response_status": null,
      "response_body": "",
      "response_complete": false
    },
    {
      "path": "/health",
      "request_json": null,
      "response_status": null,
      "response_body": "",
      "response_complete": false
    },
    {
      "path": "/health",
      "request_json": null,
      "response_status": null,
      "response_body": "",
      "response_complete": false
    },
    {
      "path": "/health",
      "request_json": null,
      "response_status": null,
      "response_body": "",
      "response_complete": false
    },
    {
      "path": "/health",
      "request_json": null,
      "response_status": null,
      "response_body": "",
      "response_complete": false
    },
    {
      "path": "/health",
      "request_json": null,
      "response_status": null,
      "response_body": "",
      "response_complete": false
    },
    {
      "path": "/health",
      "request_json": null,
      "response_status": null,
      "response_body": "",
      "response_complete": false
    },
    {
      "path": "/health",
      "request_json": null,
      "response_status": null,
      "response_body": "",
      "response_complete": false
    },
    {
      "path": "/health",
      "request_json": null,
      "response_status": null,
      "response_body": "",
      "response_complete": false
    },
    {
      "path": "/health",
      "request_json": null,
      "response_status": null,
      "response_body": "",
      "response_complete": false
    },
    {
      "path": "/health",
      "request_json": null,
      "response_status": null,
      "response_body": "",
      "response_complete": false
    },
    {
      "path": "/health",
      "request_json": null,
      "response_status": null,
      "response_body": "",
      "response_complete": false
    },
    {
      "path": "/health",
      "request_json": null,
      "response_status": null,
      "response_body": "",
      "response_complete": false
    },
    {
      "path": "/health",
      "request_json": null,
      "response_status": null,
      "response_body": "",
      "response_complete": false
    },
    {
      "path": "/health",
      "request_json": null,
      "response_status": null,
      "response_body": "",
      "response_complete": false
    },
    {
      "path": "/health",
      "request_json": null,
      "response_status": null,
      "response_body": "",
      "response_complete": false
    },
    {
      "path": "/health",
      "request_json": null,
      "response_status": null,
      "response_body": "",
      "response_complete": false
    },
    {
      "path": "/health",
      "request_json": null,
      "response_status": null,
      "response_body": "",
      "response_complete": false
    },
    {
      "path": "/health",
      "request_json": null,
      "response_status": null,
      "response_body": "",
      "response_complete": false
    },
    {
      "path": "/health",
      "request_json": null,
      "response_status": null,
      "response_body": "",
      "response_complete": false
    },
    {
      "path": "/health",
      "request_json": null,
      "response_status": null,
      "response_body": "",
      "response_complete": false
    },
    {
      "path": "/health",
      "request_json": null,
      "response_status": null,
      "response_body": "",
      "response_complete": false
    },
    {
      "path": "/health",
      "request_json": null,
      "response_status": null,
      "response_body": "",
      "response_complete": false
    },
    {
      "path": "/health",
      "request_json": null,
      "response_status": null,
      "response_body": "",
      "response_complete": false
    },
    {
      "path": "/health",
      "request_json": null,
      "response_status": null,
      "response_body": "",
      "response_complete": false
    },
    {
      "path": "/health",
      "request_json": null,
      "response_status": null,
      "response_body": "",
      "response_complete": false
    },
    {
      "path": "/health",
      "request_json": null,
      "response_status": null,
      "response_body": "",
      "response_complete": false
    },
    {
      "path": "/health",
      "request_json": null,
      "response_status": null,
      "response_body": "",
      "response_complete": false
    },
    {
      "path": "/health",
      "request_json": null,
      "response_status": null,
      "response_body": "",
      "response_complete": false
    },
    {
      "path": "/health",
      "request_json": null,
      "response_status": null,
      "response_body": "",
      "response_complete": false
    },
    {
      "path": "/health",
      "request_json": null,
      "response_status": null,
      "response_body": "",
      "response_complete": false
    },
    {
      "path": "/health",
      "request_json": null,
      "response_status": null,
      "response_body": "",
      "response_complete": false
    },
    {
      "path": "/health",
      "request_json": null,
      "response_status": null,
      "response_body": "",
      "response_complete": false
    },
    {
      "path": "/health",
      "request_json": null,
      "response_status": null,
      "response_body": "",
      "response_complete": false
    },
    {
      "path": "/health",
      "request_json": null,
      "response_status": null,
      "response_body": "",
      "response_complete": false
    },
    {
      "path": "/health",
      "request_json": null,
      "response_status": null,
      "response_body": "",
      "response_complete": false
    },
    {
      "path": "/health",
      "request_json": null,
      "response_status": null,
      "response_body": "",
      "response_complete": false
    },
    {
      "path": "/health",
      "request_json": null,
      "response_status": null,
      "response_body": "",
      "response_complete": false
    },
    {
      "path": "/health",
      "request_json": null,
      "response_status": null,
      "response_body": "",
      "response_complete": false
    },
    {
      "path": "/health",
      "request_json": null,
      "response_status": null,
      "response_body": "",
      "response_complete": false
    },
    {
      "path": "/health",
      "request_json": null,
      "response_status": null,
      "response_body": "",
      "response_complete": false
    },
    {
      "path": "/health",
      "request_json": null,
      "response_status": null,
      "response_body": "",
      "response_complete": false
    },
    {
      "path": "/health",
      "request_json": null,
      "response_status": null,
      "response_body": "",
      "response_complete": false
    },
    {
      "path": "/health",
      "request_json": null,
      "response_status": null,
      "response_body": "",
      "response_complete": false
    },
    {
      "path": "/health",
      "request_json": null,
      "response_status": null,
      "response_body": "",
      "response_complete": false
    },
    {
      "path": "/health",
      "request_json": null,
      "response_status": null,
      "response_body": "",
      "response_complete": false
    },
    {
      "path": "/health",
      "request_json": null,
      "response_status": null,
      "response_body": "",
      "response_complete": false
    },
    {
      "path": "/health",
      "request_json": null,
      "response_status": null,
      "response_body": "",
      "response_complete": false
    },
    {
      "path": "/health",
      "request_json": null,
      "response_status": null,
      "response_body": "",
      "response_complete": false
    },
    {
      "path": "/health",
      "request_json": null,
      "response_status": null,
      "response_body": "",
      "response_complete": false
    },
    {
      "path": "/health",
      "request_json": null,
      "response_status": null,
      "response_body": "",
      "response_complete": false
    },
    {
      "path": "/health",
      "request_json": null,
      "response_status": null,
      "response_body": "",
      "response_complete": false
    },
    {
      "path": "/health",
      "request_json": null,
      "response_status": null,
      "response_body": "",
      "response_complete": false
    },
    {
      "path": "/health",
      "request_json": null,
      "response_status": null,
      "response_body": "",
      "response_complete": false
    },
    {
      "path": "/health",
      "request_json": null,
      "response_status": null,
      "response_body": "",
      "response_complete": false
    },
    {
      "path": "/health",
      "request_json": null,
      "response_status": 200,
      "response_body": "",
      "response_complete": true
    },
    {
      "path": "/v1/chat/completions",
      "request_json": "{\"model\": \"Qwen/Qwen3.6-35B-A3B-FP8\", \"messages\": [{\"role\": \"user\", \"content\": \"hi\"}], \"max_tokens\": 1, \"temperature\": 0.0, \"seed\": 42, \"presence_penalty\": 0.0, \"frequency_penalty\": 0.0, \"chat_template_kwargs\": {\"enable_thinking\": false}}",
      "response_status": 200,
      "response_body": "{\"id\":\"chatcmpl-b025b963cee6b534\",\"object\":\"chat.completion\",\"created\":1788642299,\"model\":\"Qwen/Qwen3.6-35B-A3B-FP8\",\"choices\":[{\"index\":0,\"message\":{\"role\":\"assistant\",\"content\":\"Hello\",\"refusal\":null,\"annotations\":null,\"audio\":null,\"function_call\":null,\"reasoning\":null},\"logprobs\":null,\"finish_reason\":\"length\",\"stop_reason\":null,\"token_ids\":null,\"routed_experts\":null}],\"service_tier\":null,\"system_fingerprint\":\"vllm-0.28.0-f6d634ee\",\"usage\":{\"prompt_tokens\":13,\"total_tokens\":14,\"completion_tokens\":1,\"prompt_tokens_details\":null,\"completion_tokens_details\":{\"reasoning_tokens\":0}},\"prompt_logprobs\":null,\"prompt_token_ids\":null,\"prompt_text\":null,\"kv_transfer_params\":null,\"ec_transfer_params\":null,\"metrics\":null}",
      "response_complete": true
    }
  ],
  "last_health_curl_exit": 7,
  "total_s": 729.488
}

--- stage 4/7 coherency gate ---
$ python3 /workspace/atlas-rental/src/atlas/bench/hopper_ab/coherency_gate.py --url http://127.0.0.1:8000 --model Qwen/Qwen3.6-35B-A3B-FP8 --think off --out /workspace/atlas-rental/results/qwen.vllm.b.lat.c1/coherency.json
{
  "schema": 1,
  "url": "http://127.0.0.1:8000",
  "model": "Qwen/Qwen3.6-35B-A3B-FP8",
  "checked_utc": "2026-09-05T21:04:59Z",
  "request_policy": {
    "think": "off",
    "chat_template_kwargs": {
      "enable_thinking": false
    }
  },
  "check_request_policy": {
    "determinism_ok": {
      "think": "off",
      "chat_template_kwargs": {
        "enable_thinking": false
      }
    },
    "toolcall_ok": {
      "think": "off",
      "chat_template_kwargs": {
        "enable_thinking": false
      }
    },
    "think_leak_ok": {
      "think": "off",
      "chat_template_kwargs": {
        "enable_thinking": false
      }
    },
    "known_answer_ok": {
      "think": "off",
      "chat_template_kwargs": {
        "enable_thinking": false
      }
    }
  },
  "details": {
    "determinism_ok": "23 chars reproduced exactly, no degeneration signals",
    "toolcall_ok": "1 get_weather call(s), required argument types valid",
    "think_leak_ok": "116 chars, no leak signals",
    "known_answer_ok": "'391' OK; 'Tokyo' OK; 'rotaregirfer' FAIL (answer not stated: \"The word 'refrigerator' spelled backwards is: **rotarefiger**\\n\\n### Explanation o\")"
  },
  "http_exchanges": [
    {
      "check": "determinism_ok",
      "request_json": "{\"model\": \"Qwen/Qwen3.6-35B-A3B-FP8\", \"messages\": [{\"role\": \"user\", \"content\": \"List exactly five prime numbers greater than one hundred, comma separated, with no other words.\"}], \"temperature\": 0.0, \"seed\": 42, \"presence_penalty\": 0.0, \"frequency_penalty\": 0.0, \"max_tokens\": 256, \"chat_template_kwargs\": {\"enable_thinking\": false}}",
      "response_status": 200,
      "response_body": "{\"id\":\"chatcmpl-9ad23dff391dc54b\",\"object\":\"chat.completion\",\"created\":1788642299,\"model\":\"Qwen/Qwen3.6-35B-A3B-FP8\",\"choices\":[{\"index\":0,\"message\":{\"role\":\"assistant\",\"content\":\"101, 103, 107, 109, 113\",\"refusal\":null,\"annotations\":null,\"audio\":null,\"function_call\":null,\"reasoning\":null},\"logprobs\":null,\"finish_reason\":\"stop\",\"stop_reason\":null,\"token_ids\":null,\"routed_experts\":null}],\"service_tier\":null,\"system_fingerprint\":\"vllm-0.28.0-f6d634ee\",\"usage\":{\"prompt_tokens\":30,\"total_tokens\":54,\"completion_tokens\":24,\"prompt_tokens_details\":null,\"completion_tokens_details\":{\"reasoning_tokens\":0}},\"prompt_logprobs\":null,\"prompt_token_ids\":null,\"prompt_text\":null,\"kv_transfer_params\":null,\"ec_transfer_params\":null,\"metrics\":null}",
      "response_complete": true
    },
    {
      "check": "determinism_ok",
      "request_json": "{\"model\": \"Qwen/Qwen3.6-35B-A3B-FP8\", \"messages\": [{\"role\": \"user\", \"content\": \"List exactly five prime numbers greater than one hundred, comma separated, with no other words.\"}], \"temperature\": 0.0, \"seed\": 42, \"presence_penalty\": 0.0, \"frequency_penalty\": 0.0, \"max_tokens\": 256, \"chat_template_kwargs\": {\"enable_thinking\": false}}",
      "response_status": 200,
      "response_body": "{\"id\":\"chatcmpl-b38ed22bcc63c2cf\",\"object\":\"chat.completion\",\"created\":1788642300,\"model\":\"Qwen/Qwen3.6-35B-A3B-FP8\",\"choices\":[{\"index\":0,\"message\":{\"role\":\"assistant\",\"content\":\"101, 103, 107, 109, 113\",\"refusal\":null,\"annotations\":null,\"audio\":null,\"function_call\":null,\"reasoning\":null},\"logprobs\":null,\"finish_reason\":\"stop\",\"stop_reason\":null,\"token_ids\":null,\"routed_experts\":null}],\"service_tier\":null,\"system_fingerprint\":\"vllm-0.28.0-f6d634ee\",\"usage\":{\"prompt_tokens\":30,\"total_tokens\":54,\"completion_tokens\":24,\"prompt_tokens_details\":null,\"completion_tokens_details\":{\"reasoning_tokens\":0}},\"prompt_logprobs\":null,\"prompt_token_ids\":null,\"prompt_text\":null,\"kv_transfer_params\":null,\"ec_transfer_params\":null,\"metrics\":null}",
      "response_complete": true
    },
    {
      "check": "toolcall_ok",
      "request_json": "{\"model\": \"Qwen/Qwen3.6-35B-A3B-FP8\", \"messages\": [{\"role\": \"user\", \"content\": \"What is the weather in Reykjavik over the next three days? Use the tool.\"}], \"temperature\": 0.0, \"seed\": 42, \"presence_penalty\": 0.0, \"frequency_penalty\": 0.0, \"max_tokens\": 256, \"chat_template_kwargs\": {\"enable_thinking\": false}, \"tools\": [{\"type\": \"function\", \"function\": {\"name\": \"get_weather\", \"description\": \"Look up the current weather for a city.\", \"parameters\": {\"type\": \"object\", \"properties\": {\"city\": {\"type\": \"string\", \"description\": \"City name.\"}, \"days\": {\"type\": \"integer\", \"description\": \"Forecast horizon in days.\"}}, \"required\": [\"city\", \"days\"]}}}], \"tool_choice\": \"auto\"}",
      "response_status": 200,
      "response_body": "{\"id\":\"chatcmpl-bbd8f70026028094\",\"object\":\"chat.completion\",\"created\":1788642300,\"model\":\"Qwen/Qwen3.6-35B-A3B-FP8\",\"choices\":[{\"index\":0,\"message\":{\"role\":\"assistant\",\"content\":null,\"refusal\":null,\"annotations\":null,\"audio\":null,\"function_call\":null,\"tool_calls\":[{\"id\":\"chatcmpl-tool-b5332abca9b3e690\",\"type\":\"function\",\"function\":{\"name\":\"get_weather\",\"arguments\":\"{\\\"city\\\": \\\"Reykjavik\\\", \\\"days\\\": 3}\"}}],\"reasoning\":null},\"logprobs\":null,\"finish_reason\":\"tool_calls\",\"stop_reason\":null,\"token_ids\":null,\"routed_experts\":null}],\"service_tier\":null,\"system_fingerprint\":\"vllm-0.28.0-f6d634ee\",\"usage\":{\"prompt_tokens\":320,\"total_tokens\":361,\"completion_tokens\":41,\"prompt_tokens_details\":null,\"completion_tokens_details\":{\"reasoning_tokens\":0}},\"prompt_logprobs\":null,\"prompt_token_ids\":null,\"prompt_text\":null,\"kv_transfer_params\":null,\"ec_transfer_params\":null,\"metrics\":null}",
      "response_complete": true
    },
    {
      "check": "think_leak_ok",
      "request_json": "{\"model\": \"Qwen/Qwen3.6-35B-A3B-FP8\", \"messages\": [{\"role\": \"user\", \"content\": \"In one short sentence, say what a benchmark harness is for.\"}], \"temperature\": 0.0, \"seed\": 42, \"presence_penalty\": 0.0, \"frequency_penalty\": 0.0, \"max_tokens\": 256, \"chat_template_kwargs\": {\"enable_thinking\": false}}",
      "response_status": 200,
      "response_body": "{\"id\":\"chatcmpl-ad46a5fe4b8174d0\",\"object\":\"chat.completion\",\"created\":1788642300,\"model\":\"Qwen/Qwen3.6-35B-A3B-FP8\",\"choices\":[{\"index\":0,\"message\":{\"role\":\"assistant\",\"content\":\"A benchmark harness is used to automate the execution and measurement of performance tests for software or hardware.\",\"refusal\":null,\"annotations\":null,\"audio\":null,\"function_call\":null,\"reasoning\":null},\"logprobs\":null,\"finish_reason\":\"stop\",\"stop_reason\":null,\"token_ids\":null,\"routed_experts\":null}],\"service_tier\":null,\"system_fingerprint\":\"vllm-0.28.0-f6d634ee\",\"usage\":{\"prompt_tokens\":25,\"total_tokens\":45,\"completion_tokens\":20,\"prompt_tokens_details\":null,\"completion_tokens_details\":{\"reasoning_tokens\":0}},\"prompt_logprobs\":null,\"prompt_token_ids\":null,\"prompt_text\":null,\"kv_transfer_params\":null,\"ec_transfer_params\":null,\"metrics\":null}",
      "response_complete": true
    },
    {
      "check": "known_answer_ok",
      "request_json": "{\"model\": \"Qwen/Qwen3.6-35B-A3B-FP8\", \"messages\": [{\"role\": \"system\", \"content\": \"You are a careful, precise assistant. Answer the question directly and correctly. Work step by step when a question needs it, and state the final answer explicitly. Do not refuse or hedge on simple factual or arithmetic questions.\"}, {\"role\": \"user\", \"content\": \"What is 17 * 23? Reply with the number, then explain your working.\"}], \"temperature\": 0.0, \"seed\": 42, \"presence_penalty\": 0.0, \"frequency_penalty\": 0.0, \"max_tokens\": 256, \"chat_template_kwargs\": {\"enable_thinking\": false}}",
      "response_status": 200,
      "response_body": "{\"id\":\"chatcmpl-a6198f344ec71d60\",\"object\":\"chat.completion\",\"created\":1788642300,\"model\":\"Qwen/Qwen3.6-35B-A3B-FP8\",\"choices\":[{\"index\":0,\"message\":{\"role\":\"assistant\",\"content\":\"391\\n\\n**Working:**\\n\\nTo calculate $17 \\\\times 23$, we can use the standard multiplication method or break it down using the distributive property.\\n\\n**Method 1: Distributive Property**\\nBreak 23 into $20 + 3$:\\n$$17 \\\\times 23 = 17 \\\\times (20 + 3)$$\\n$$= (17 \\\\times 20) + (17 \\\\times 3)$$\\n\\nCalculate each part:\\n1.  $17 \\\\times 20 = 340$\\n2.  $17 \\\\times 3 = 51$\\n\\nAdd the results together:\\n$$340 + 51 = 391$$\\n\\n**Method 2: Standard Vertical Multiplication**\\n  17\\nx 23\\n----\\n  51  (3 * 17)\\n 340  (20 * 17)\\n----\\n 391\",\"refusal\":null,\"annotations\":null,\"audio\":null,\"function_call\":null,\"reasoning\":null},\"logprobs\":null,\"finish_reason\":\"stop\",\"stop_reason\":null,\"token_ids\":null,\"routed_experts\":null}],\"service_tier\":null,\"system_fingerprint\":\"vllm-0.28.0-f6d634ee\",\"usage\":{\"prompt_tokens\":81,\"total_tokens\":303,\"completion_tokens\":222,\"prompt_tokens_details\":null,\"completion_tokens_details\":{\"reasoning_tokens\":0}},\"prompt_logprobs\":null,\"prompt_token_ids\":null,\"prompt_text\":null,\"kv_transfer_params\":null,\"ec_transfer_params\":null,\"metrics\":null}",
      "response_complete": true
    },
    {
      "check": "known_answer_ok",
      "request_json": "{\"model\": \"Qwen/Qwen3.6-35B-A3B-FP8\", \"messages\": [{\"role\": \"system\", \"content\": \"You are a careful, precise assistant. Answer the question directly and correctly. Work step by step when a question needs it, and state the final answer explicitly. Do not refuse or hedge on simple factual or arithmetic questions.\"}, {\"role\": \"user\", \"content\": \"Name the capital city of Japan, then describe it in a few sentences.\"}], \"temperature\": 0.0, \"seed\": 42, \"presence_penalty\": 0.0, \"frequency_penalty\": 0.0, \"max_tokens\": 256, \"chat_template_kwargs\": {\"enable_thinking\": false}}",
      "response_status": 200,
      "response_body": "{\"id\":\"chatcmpl-82e7d0206e30d99f\",\"object\":\"chat.completion\",\"created\":1788642301,\"model\":\"Qwen/Qwen3.6-35B-A3B-FP8\",\"choices\":[{\"index\":0,\"message\":{\"role\":\"assistant\",\"content\":\"The capital city of Japan is **Tokyo**.\\n\\nTokyo is a sprawling metropolis that seamlessly blends ultramodern technology and neon-lit skyscrapers with traditional temples and quiet gardens. As the political, economic, and cultural center of the country, it is home to over 13 million people in its city proper and serves as the heart of the Greater Tokyo Area, the most populous metropolitan area in the world. The city is renowned for its efficient public transportation, world-class cuisine ranging from street food to Michelin-starred restaurants, and vibrant neighborhoods like Shibuya, Shinjuku, and Asakusa.\",\"refusal\":null,\"annotations\":null,\"audio\":null,\"function_call\":null,\"reasoning\":null},\"logprobs\":null,\"finish_reason\":\"stop\",\"stop_reason\":null,\"token_ids\":null,\"routed_experts\":null}],\"service_tier\":null,\"system_fingerprint\":\"vllm-0.28.0-f6d634ee\",\"usage\":{\"prompt_tokens\":76,\"total_tokens\":203,\"completion_tokens\":127,\"prompt_tokens_details\":null,\"completion_tokens_details\":{\"reasoning_tokens\":0}},\"prompt_logprobs\":null,\"prompt_token_ids\":null,\"prompt_text\":null,\"kv_transfer_params\":null,\"ec_transfer_params\":null,\"metrics\":null}",
      "response_complete": true
    },
    {
      "check": "known_answer_ok",
      "request_json": "{\"model\": \"Qwen/Qwen3.6-35B-A3B-FP8\", \"messages\": [{\"role\": \"system\", \"content\": \"You are a careful, precise assistant. Answer the question directly and correctly. Work step by step when a question needs it, and state the final answer explicitly. Do not refuse or hedge on simple factual or arithmetic questions.\"}, {\"role\": \"user\", \"content\": \"Spell the word 'refrigerator' backwards, then explain how you did it.\"}], \"temperature\": 0.0, \"seed\": 42, \"presence_penalty\": 0.0, \"frequency_penalty\": 0.0, \"max_tokens\": 256, \"chat_template_kwargs\": {\"enable_thinking\": false}}",
      "response_status": 200,
      "response_body": "{\"id\":\"chatcmpl-8834f28d3ec8b744\",\"object\":\"chat.completion\",\"created\":1788642302,\"model\":\"Qwen/Qwen3.6-35B-A3B-FP8\",\"choices\":[{\"index\":0,\"message\":{\"role\":\"assistant\",\"content\":\"The word 'refrigerator' spelled backwards is: **rotarefiger**\\n\\n### Explanation of the Process:\\n\\nTo spell the word backwards, I took the original word **refrigerator** and reversed the order of its letters, starting from the last letter and moving to the first.\\n\\nHere is the step-by-step breakdown:\\n\\n1.  **Original Word:** r - e - f - r - i - g - e - r - a - t - o - r\\n2.  **Reverse Order:**\\n    *   Last letter: **r**\\n    *   Second to last: **o**\\n    *   Third to last: **t**\\n    *   Fourth to last: **a**\\n    *   Fifth to last: **r**\\n    *   Sixth to last: **e**\\n    *   Seventh to last: **g**\\n    *   Eighth to last: **i**\\n    *   Ninth to last: **r**\\n    *   Tenth to last: **f**\\n    *   Eleventh to last: **e**\\n    *   First letter: **r**\\n\\n3.  **Combined Result:** r - o - t - a -\",\"refusal\":null,\"annotations\":null,\"audio\":null,\"function_call\":null,\"reasoning\":null},\"logprobs\":null,\"finish_reason\":\"length\",\"stop_reason\":null,\"token_ids\":null,\"routed_experts\":null}],\"service_tier\":null,\"system_fingerprint\":\"vllm-0.28.0-f6d634ee\",\"usage\":{\"prompt_tokens\":78,\"total_tokens\":334,\"completion_tokens\":256,\"prompt_tokens_details\":null,\"completion_tokens_details\":{\"reasoning_tokens\":0}},\"prompt_logprobs\":null,\"prompt_token_ids\":null,\"prompt_text\":null,\"kv_transfer_params\":null,\"ec_transfer_params\":null,\"metrics\":null}",
      "response_complete": true
    }
  ],
  "determinism_ok": true,
  "toolcall_ok": true,
  "think_leak_ok": true,
  "known_answer_ok": false,
  "passed": false
}
STAGE FAILED: coherency

--- stage 5/7 latency pack ---
$ python3 /workspace/atlas-rental/src/atlas/bench/ladder38/harness_w55_conc_ladder.py --url http://127.0.0.1:8000 --model Qwen/Qwen3.6-35B-A3B-FP8 --label vllm.qwen3.6-35b-a3b-fp8.h100.lat.c1.specoff.thinkoff --out /workspace/atlas-rental/results/qwen.vllm.b.lat.c1/ladder.json --concs 1 --reps 3 --isl 1024 --osl 256 --warmup 1 

--- stage 6/7 teardown ---

--- stage 7/7 assemble and validate ---
$ python3 /workspace/atlas-rental/src/atlas/bench/campaign/cell_assemble.py --engine vllm --model-key qwen3.6-35b-a3b-fp8 --sku h100 --workload lat --concurrency 1 --spec off --think off --out /workspace/atlas-rental/results/qwen.vllm.b.lat.c1/artifact.json --workloads /workspace/atlas-rental/src/atlas/bench/hopper_ab/workloads.json --atlas-recipes /workspace/atlas-rental/src/atlas/bench/campaign/atlas_recipes.json --vllm-recipes /workspace/atlas-rental/src/atlas/bench/campaign/vllm_recipes.json --client /workspace/atlas-rental/src/atlas/bench/ladder38/harness_w55_conc_ladder.py --serve-argv /workspace/atlas-rental/results/qwen.vllm.b.lat.c1/serve.argv --serve-env /workspace/atlas-rental/results/qwen.vllm.b.lat.c1/serve.env --nvidia-smi-q /workspace/atlas-rental/results/qwen.vllm.b.lat.c1/nvidia-smi-q.txt --boot-json /workspace/atlas-rental/results/qwen.vllm.b.lat.c1/boot.json --coherency-json /workspace/atlas-rental/results/qwen.vllm.b.lat.c1/coherency.json --ladder-json /workspace/atlas-rental/results/qwen.vllm.b.lat.c1/ladder.json --model-launch-process-json /workspace/atlas-rental/results/qwen.vllm.b.lat.c1/process-launch.json --model-launch-process-owner-json /workspace/atlas-rental/results/qwen.vllm.b.lat.c1/process-13863/owner.json --harness-git-sha 2b49ccdbdc86ebb7e6c5bbd976726092cce1deae --extra-note vLLM process environment has no verified immutable engine build identity; image_digest remains null --failing-stage coherency
$ python3 /workspace/atlas-rental/src/atlas/bench/campaign/validate_artifact.py /workspace/atlas-rental/results/qwen.vllm.b.lat.c1/artifact.json
# wrote /workspace/atlas-rental/results/qwen.vllm.b.lat.c1/artifact.json at 2026-09-05T21:05:04Z
VALID: /workspace/atlas-rental/results/qwen.vllm.b.lat.c1/artifact.json

=== vllm.qwen3.6-35b-a3b-fp8.h100.lat.c1.specoff.thinkoff: FAILED at stage 'coherency'; artifact written to /workspace/atlas-rental/results/qwen.vllm.b.lat.c1/artifact.json ===
