[2m2026-09-05T21:29:18.683474Z[0m [32m INFO[0m [2mspark::main_modules::serve[0m[2m:[0m Atlas Spark starting...
[2m2026-09-05T21:29:18.683568Z[0m [32m INFO[0m [2mspark::main_modules::serve[0m[2m:[0m Licensed under AGPL-3.0-only — see /LICENSE in this container
[2m2026-09-05T21:29:18.683713Z[0m [32m INFO[0m [2mspark::main_modules::serve_flags[0m[2m:[0m kernel flags: ssm_h_dtype=f32 gdn_fused_norm=false ssm_batched_recurrent=false exact_verify=false ssm_tail_midchunk=true mtp_gate=auto ssm_rollback_mode=Snapshot prefill_varlen_batch=false
[2m2026-09-05T21:29:18.683794Z[0m [32m INFO[0m [2mspark::model_resolver[0m[2m:[0m Model path: /workspace/atlas-rental/hf/hub/models--Qwen--Qwen3.6-35B-A3B-FP8/snapshots/95a723d08a9490559dae23d0cff1d9466213d989 (local directory)
[2m2026-09-05T21:29:18.683810Z[0m [32m INFO[0m [2mspark::main_modules::serve_load[0m[2m:[0m Port: 8888
[2m2026-09-05T21:29:18.683818Z[0m [32m INFO[0m [2mspark::main_modules::serve_load[0m[2m:[0m SSM decode h-state dtype: f32 (full precision) (--ssm-h-dtype)
[2m2026-09-05T21:29:18.684833Z[0m [32m INFO[0m [2mspark::main_modules::serve[0m[2m:[0m Vision area bound 16777216 px from /workspace/atlas-rental/hf/hub/models--Qwen--Qwen3.6-35B-A3B-FP8/snapshots/95a723d08a9490559dae23d0cff1d9466213d989/preprocessor_config.json (was: hard-coded 1280px long side)
[2m2026-09-05T21:29:18.684856Z[0m [32m INFO[0m [2mspark::main_modules::serve_load[0m[2m:[0m Vision area bound: 16777216 px (checkpoint processor config / ATLAS_VISION_MAX_PIXELS)
[2m2026-09-05T21:29:18.684865Z[0m [32m INFO[0m [2mspark::main_modules::serve_load[0m[2m:[0m Remote image fetching disabled (default); image_url parts carrying an http(s) URL are refused with a 400. Send base64 data: URIs, or pass --vision-allow-remote-images.
[2m2026-09-05T21:29:18.684883Z[0m [32m INFO[0m [2mspark::main_modules::serve_load[0m[2m:[0m Video decoding disabled (default). Animated GIF decodes in-process; every other container needs ffmpeg — pass --video-allow-ffmpeg to enable it.
[2m2026-09-05T21:29:18.684892Z[0m [32m INFO[0m [2mspark::main_modules::serve_load[0m[2m:[0m Quantization config: method="fp8", algo="", format="", 0 module(s) in ignore list
[2m2026-09-05T21:29:18.684903Z[0m [32m INFO[0m [2mspark::main_modules::serve_load[0m[2m:[0m Model config: 40 layers, 10 attention, 30 SSM, 256 experts, rope_theta=10000000, head_dim=256, rotary_dim=64
[2m2026-09-05T21:29:18.684953Z[0m [32m INFO[0m [2mspark::main_modules::serve_load[0m[2m:[0m Selected kernel target: (sm_90, qwen3.6-35b-a3b, nvfp4) (173 modules) — quant compat: kernel=nvfp4 model=fp8 OK
[2m2026-09-05T21:29:18.684988Z[0m [32m INFO[0m [2mspark::main_modules::serve_phases::config[0m[2m:[0m num_drafts: using MODEL.toml default_num_drafts=1 (K=2) — pass --num-drafts to override
[2m2026-09-05T21:29:19.062078Z[0m [32m INFO[0m [2mspark_runtime::cuda_backend::arch_preflight[0m[2m:[0m device CC 9.0, kernels built for sm_90a
[2m2026-09-05T21:29:19.372392Z[0m [32m INFO[0m [2mspark_runtime::cuda_backend[0m[2m:[0m AtlasCudaBackend initialized on GPU 0 with 173 PTX modules
[2m2026-09-05T21:29:19.372487Z[0m [32m INFO[0m [2mspark::main_modules::serve_phases::preflight[0m[2m:[0m GPU 0: 79.2 GB total, 78.6 GB free
[2m2026-09-05T21:29:19.372508Z[0m [32m INFO[0m [2mspark::main_modules::serve_phases::preflight[0m[2m:[0m Preflight reserve: inference=20924 MB, buffer_arena=7803 MB (pre-load free: 78.6 GB)
[2m2026-09-05T21:29:19.372520Z[0m [32m INFO[0m [2mspark::main_modules::serve_load[0m[2m:[0m OOM watchdog started (threshold: 2 GB, interval: 2s)
[2m2026-09-05T21:29:19.372525Z[0m [32m INFO[0m [2mspark::main_modules::serve_load[0m[2m:[0m OOM guard reserve: 4096 MB
[2m2026-09-05T21:29:19.372578Z[0m [32m INFO[0m [2mspark::main_modules::serve_phases::weights[0m[2m:[0m Using fast weight loader (O_DIRECT + pipelined read/copy)
[2m2026-09-05T21:29:19.581382Z[0m [32m INFO[0m [2mspark_runtime::fast_weights[0m[2m:[0m Fast-load pre-flight: 34.88 GB on-disk, 1.1x overhead = 36.63 GB peak, 78.56 GB free, 4.0 GB reserve (FP8: true)
[2m2026-09-05T21:29:19.582165Z[0m [32m INFO[0m [2mspark_runtime::fast_weights[0m[2m:[0m Fast-loading shard 1/42: layers-0.safetensors (1558 tensors)
[2m2026-09-05T21:29:20.490883Z[0m [32m INFO[0m [2mspark_runtime::fast_weights[0m[2m:[0m   Shard 1/42 done — GPU memory: 0.79 GB used, 77.78 GB free
[2m2026-09-05T21:29:20.498250Z[0m [32m INFO[0m [2mspark_runtime::fast_weights[0m[2m:[0m Fast-loading shard 2/42: layers-1.safetensors (1558 tensors)
[2m2026-09-05T21:29:21.581223Z[0m [32m INFO[0m [2mspark_runtime::fast_weights[0m[2m:[0m   Shard 2/42 done — GPU memory: 1.57 GB used, 76.99 GB free
[2m2026-09-05T21:29:21.587410Z[0m [32m INFO[0m [2mspark_runtime::fast_weights[0m[2m:[0m Fast-loading shard 3/42: layers-10.safetensors (1558 tensors)
[2m2026-09-05T21:29:22.234669Z[0m [32m INFO[0m [2mspark_runtime::fast_weights[0m[2m:[0m   Shard 3/42 done — GPU memory: 2.36 GB used, 76.20 GB free
[2m2026-09-05T21:29:22.237301Z[0m [32m INFO[0m [2mspark_runtime::fast_weights[0m[2m:[0m Fast-loading shard 4/42: layers-11.safetensors (1556 tensors)
[2m2026-09-05T21:29:23.186086Z[0m [32m INFO[0m [2mspark_runtime::fast_weights[0m[2m:[0m   Shard 4/42 done — GPU memory: 3.14 GB used, 75.42 GB free
[2m2026-09-05T21:29:23.188871Z[0m [32m INFO[0m [2mspark_runtime::fast_weights[0m[2m:[0m Fast-loading shard 5/42: layers-12.safetensors (1558 tensors)
[2m2026-09-05T21:29:23.949041Z[0m [32m INFO[0m [2mspark_runtime::fast_weights[0m[2m:[0m   Shard 5/42 done — GPU memory: 3.92 GB used, 74.64 GB free
[2m2026-09-05T21:29:23.951821Z[0m [32m INFO[0m [2mspark_runtime::fast_weights[0m[2m:[0m Fast-loading shard 6/42: layers-13.safetensors (1558 tensors)
[2m2026-09-05T21:29:24.616653Z[0m [32m INFO[0m [2mspark_runtime::fast_weights[0m[2m:[0m   Shard 6/42 done — GPU memory: 4.71 GB used, 73.85 GB free
[2m2026-09-05T21:29:24.619476Z[0m [32m INFO[0m [2mspark_runtime::fast_weights[0m[2m:[0m Fast-loading shard 7/42: layers-14.safetensors (1558 tensors)
[2m2026-09-05T21:29:25.332570Z[0m [32m INFO[0m [2mspark_runtime::fast_weights[0m[2m:[0m   Shard 7/42 done — GPU memory: 5.50 GB used, 73.07 GB free
[2m2026-09-05T21:29:25.335547Z[0m [32m INFO[0m [2mspark_runtime::fast_weights[0m[2m:[0m Fast-loading shard 8/42: layers-15.safetensors (1556 tensors)
[2m2026-09-05T21:29:26.102631Z[0m [32m INFO[0m [2mspark_runtime::fast_weights[0m[2m:[0m   Shard 8/42 done — GPU memory: 6.28 GB used, 72.29 GB free
[2m2026-09-05T21:29:26.105424Z[0m [32m INFO[0m [2mspark_runtime::fast_weights[0m[2m:[0m Fast-loading shard 9/42: layers-16.safetensors (1558 tensors)
[2m2026-09-05T21:29:26.775215Z[0m [32m INFO[0m [2mspark_runtime::fast_weights[0m[2m:[0m   Shard 9/42 done — GPU memory: 7.06 GB used, 71.50 GB free
[2m2026-09-05T21:29:26.777998Z[0m [32m INFO[0m [2mspark_runtime::fast_weights[0m[2m:[0m Fast-loading shard 10/42: layers-17.safetensors (1558 tensors)
[2m2026-09-05T21:29:27.457377Z[0m [32m INFO[0m [2mspark_runtime::fast_weights[0m[2m:[0m   Shard 10/42 done — GPU memory: 7.85 GB used, 70.72 GB free
[2m2026-09-05T21:29:27.467459Z[0m [32m INFO[0m [2mspark_runtime::fast_weights[0m[2m:[0m Fast-loading shard 11/42: layers-18.safetensors (1558 tensors)
[2m2026-09-05T21:29:28.147411Z[0m [32m INFO[0m [2mspark_runtime::fast_weights[0m[2m:[0m   Shard 11/42 done — GPU memory: 8.63 GB used, 69.93 GB free
[2m2026-09-05T21:29:28.150229Z[0m [32m INFO[0m [2mspark_runtime::fast_weights[0m[2m:[0m Fast-loading shard 12/42: layers-19.safetensors (1556 tensors)
[2m2026-09-05T21:29:28.851105Z[0m [32m INFO[0m [2mspark_runtime::fast_weights[0m[2m:[0m   Shard 12/42 done — GPU memory: 9.41 GB used, 69.15 GB free
[2m2026-09-05T21:29:28.854569Z[0m [32m INFO[0m [2mspark_runtime::fast_weights[0m[2m:[0m Fast-loading shard 13/42: layers-2.safetensors (1558 tensors)
[2m2026-09-05T21:29:29.563148Z[0m [32m INFO[0m [2mspark_runtime::fast_weights[0m[2m:[0m   Shard 13/42 done — GPU memory: 10.20 GB used, 68.36 GB free
[2m2026-09-05T21:29:29.565815Z[0m [32m INFO[0m [2mspark_runtime::fast_weights[0m[2m:[0m Fast-loading shard 14/42: layers-20.safetensors (1558 tensors)
[2m2026-09-05T21:29:30.215888Z[0m [32m INFO[0m [2mspark_runtime::fast_weights[0m[2m:[0m   Shard 14/42 done — GPU memory: 10.98 GB used, 67.58 GB free
[2m2026-09-05T21:29:30.225911Z[0m [32m INFO[0m [2mspark_runtime::fast_weights[0m[2m:[0m Fast-loading shard 15/42: layers-21.safetensors (1558 tensors)
[2m2026-09-05T21:29:30.777229Z[0m [32m INFO[0m [2mspark_runtime::fast_weights[0m[2m:[0m   Shard 15/42 done — GPU memory: 11.77 GB used, 66.79 GB free
[2m2026-09-05T21:29:30.779888Z[0m [32m INFO[0m [2mspark_runtime::fast_weights[0m[2m:[0m Fast-loading shard 16/42: layers-22.safetensors (1558 tensors)
[2m2026-09-05T21:29:31.406284Z[0m [32m INFO[0m [2mspark_runtime::fast_weights[0m[2m:[0m   Shard 16/42 done — GPU memory: 12.56 GB used, 66.01 GB free
[2m2026-09-05T21:29:31.409010Z[0m [32m INFO[0m [2mspark_runtime::fast_weights[0m[2m:[0m Fast-loading shard 17/42: layers-23.safetensors (1556 tensors)
[2m2026-09-05T21:29:32.052098Z[0m [32m INFO[0m [2mspark_runtime::fast_weights[0m[2m:[0m   Shard 17/42 done — GPU memory: 13.34 GB used, 65.23 GB free
[2m2026-09-05T21:29:32.054798Z[0m [32m INFO[0m [2mspark_runtime::fast_weights[0m[2m:[0m Fast-loading shard 18/42: layers-24.safetensors (1558 tensors)
[2m2026-09-05T21:29:32.680399Z[0m [32m INFO[0m [2mspark_runtime::fast_weights[0m[2m:[0m   Shard 18/42 done — GPU memory: 14.12 GB used, 64.44 GB free
[2m2026-09-05T21:29:32.683016Z[0m [32m INFO[0m [2mspark_runtime::fast_weights[0m[2m:[0m Fast-loading shard 19/42: layers-25.safetensors (1558 tensors)
[2m2026-09-05T21:29:33.392987Z[0m [32m INFO[0m [2mspark_runtime::fast_weights[0m[2m:[0m   Shard 19/42 done — GPU memory: 14.91 GB used, 63.65 GB free
[2m2026-09-05T21:29:33.395734Z[0m [32m INFO[0m [2mspark_runtime::fast_weights[0m[2m:[0m Fast-loading shard 20/42: layers-26.safetensors (1558 tensors)
[2m2026-09-05T21:29:34.035973Z[0m [32m INFO[0m [2mspark_runtime::fast_weights[0m[2m:[0m   Shard 20/42 done — GPU memory: 15.69 GB used, 62.87 GB free
[2m2026-09-05T21:29:34.038622Z[0m [32m INFO[0m [2mspark_runtime::fast_weights[0m[2m:[0m Fast-loading shard 21/42: layers-27.safetensors (1556 tensors)
[2m2026-09-05T21:29:34.713990Z[0m [32m INFO[0m [2mspark_runtime::fast_weights[0m[2m:[0m   Shard 21/42 done — GPU memory: 16.47 GB used, 62.09 GB free
[2m2026-09-05T21:29:34.716639Z[0m [32m INFO[0m [2mspark_runtime::fast_weights[0m[2m:[0m Fast-loading shard 22/42: layers-28.safetensors (1558 tensors)
[2m2026-09-05T21:29:35.417268Z[0m [32m INFO[0m [2mspark_runtime::fast_weights[0m[2m:[0m   Shard 22/42 done — GPU memory: 17.26 GB used, 61.31 GB free
[2m2026-09-05T21:29:35.419987Z[0m [32m INFO[0m [2mspark_runtime::fast_weights[0m[2m:[0m Fast-loading shard 23/42: layers-29.safetensors (1558 tensors)
[2m2026-09-05T21:29:36.125790Z[0m [32m INFO[0m [2mspark_runtime::fast_weights[0m[2m:[0m   Shard 23/42 done — GPU memory: 18.04 GB used, 60.52 GB free
[2m2026-09-05T21:29:36.129266Z[0m [32m INFO[0m [2mspark_runtime::fast_weights[0m[2m:[0m Fast-loading shard 24/42: layers-3.safetensors (1556 tensors)
[2m2026-09-05T21:29:36.716933Z[0m [32m INFO[0m [2mspark_runtime::fast_weights[0m[2m:[0m   Shard 24/42 done — GPU memory: 18.82 GB used, 59.74 GB free
[2m2026-09-05T21:29:36.719578Z[0m [32m INFO[0m [2mspark_runtime::fast_weights[0m[2m:[0m Fast-loading shard 25/42: layers-30.safetensors (1558 tensors)
[2m2026-09-05T21:29:37.424187Z[0m [32m INFO[0m [2mspark_runtime::fast_weights[0m[2m:[0m   Shard 25/42 done — GPU memory: 19.61 GB used, 58.95 GB free
[2m2026-09-05T21:29:37.426880Z[0m [32m INFO[0m [2mspark_runtime::fast_weights[0m[2m:[0m Fast-loading shard 26/42: layers-31.safetensors (1556 tensors)
[2m2026-09-05T21:29:38.131268Z[0m [32m INFO[0m [2mspark_runtime::fast_weights[0m[2m:[0m   Shard 26/42 done — GPU memory: 20.39 GB used, 58.17 GB free
[2m2026-09-05T21:29:38.133889Z[0m [32m INFO[0m [2mspark_runtime::fast_weights[0m[2m:[0m Fast-loading shard 27/42: layers-32.safetensors (1558 tensors)
[2m2026-09-05T21:29:38.750746Z[0m [32m INFO[0m [2mspark_runtime::fast_weights[0m[2m:[0m   Shard 27/42 done — GPU memory: 21.18 GB used, 57.39 GB free
[2m2026-09-05T21:29:38.753458Z[0m [32m INFO[0m [2mspark_runtime::fast_weights[0m[2m:[0m Fast-loading shard 28/42: layers-33.safetensors (1558 tensors)
[2m2026-09-05T21:29:39.407520Z[0m [32m INFO[0m [2mspark_runtime::fast_weights[0m[2m:[0m   Shard 28/42 done — GPU memory: 21.96 GB used, 56.60 GB free
[2m2026-09-05T21:29:39.417579Z[0m [32m INFO[0m [2mspark_runtime::fast_weights[0m[2m:[0m Fast-loading shard 29/42: layers-34.safetensors (1558 tensors)
[2m2026-09-05T21:29:40.096990Z[0m [32m INFO[0m [2mspark_runtime::fast_weights[0m[2m:[0m   Shard 29/42 done — GPU memory: 22.75 GB used, 55.81 GB free
[2m2026-09-05T21:29:40.099755Z[0m [32m INFO[0m [2mspark_runtime::fast_weights[0m[2m:[0m Fast-loading shard 30/42: layers-35.safetensors (1556 tensors)
[2m2026-09-05T21:29:40.804974Z[0m [32m INFO[0m [2mspark_runtime::fast_weights[0m[2m:[0m   Shard 30/42 done — GPU memory: 23.53 GB used, 55.04 GB free
[2m2026-09-05T21:29:40.807629Z[0m [32m INFO[0m [2mspark_runtime::fast_weights[0m[2m:[0m Fast-loading shard 31/42: layers-36.safetensors (1558 tensors)
[2m2026-09-05T21:29:41.534226Z[0m [32m INFO[0m [2mspark_runtime::fast_weights[0m[2m:[0m   Shard 31/42 done — GPU memory: 24.31 GB used, 54.25 GB free
[2m2026-09-05T21:29:41.536916Z[0m [32m INFO[0m [2mspark_runtime::fast_weights[0m[2m:[0m Fast-loading shard 32/42: layers-37.safetensors (1558 tensors)
[2m2026-09-05T21:29:42.216773Z[0m [32m INFO[0m [2mspark_runtime::fast_weights[0m[2m:[0m   Shard 32/42 done — GPU memory: 25.10 GB used, 53.46 GB free
[2m2026-09-05T21:29:42.219432Z[0m [32m INFO[0m [2mspark_runtime::fast_weights[0m[2m:[0m Fast-loading shard 33/42: layers-38.safetensors (1558 tensors)
[2m2026-09-05T21:29:42.874042Z[0m [32m INFO[0m [2mspark_runtime::fast_weights[0m[2m:[0m   Shard 33/42 done — GPU memory: 25.88 GB used, 52.68 GB free
[2m2026-09-05T21:29:42.876724Z[0m [32m INFO[0m [2mspark_runtime::fast_weights[0m[2m:[0m Fast-loading shard 34/42: layers-39.safetensors (1556 tensors)
[2m2026-09-05T21:29:43.488902Z[0m [32m INFO[0m [2mspark_runtime::fast_weights[0m[2m:[0m   Shard 34/42 done — GPU memory: 26.66 GB used, 51.90 GB free
[2m2026-09-05T21:29:43.492389Z[0m [32m INFO[0m [2mspark_runtime::fast_weights[0m[2m:[0m Fast-loading shard 35/42: layers-4.safetensors (1558 tensors)
[2m2026-09-05T21:29:44.263082Z[0m [32m INFO[0m [2mspark_runtime::fast_weights[0m[2m:[0m   Shard 35/42 done — GPU memory: 27.45 GB used, 51.11 GB free
[2m2026-09-05T21:29:44.265367Z[0m [32m INFO[0m [2mspark_runtime::fast_weights[0m[2m:[0m Fast-loading shard 36/42: layers-5.safetensors (1558 tensors)
[2m2026-09-05T21:29:44.972782Z[0m [32m INFO[0m [2mspark_runtime::fast_weights[0m[2m:[0m   Shard 36/42 done — GPU memory: 28.24 GB used, 50.33 GB free
[2m2026-09-05T21:29:44.975006Z[0m [32m INFO[0m [2mspark_runtime::fast_weights[0m[2m:[0m Fast-loading shard 37/42: layers-6.safetensors (1558 tensors)
[2m2026-09-05T21:29:45.802585Z[0m [32m INFO[0m [2mspark_runtime::fast_weights[0m[2m:[0m   Shard 37/42 done — GPU memory: 29.02 GB used, 49.54 GB free
[2m2026-09-05T21:29:45.804851Z[0m [32m INFO[0m [2mspark_runtime::fast_weights[0m[2m:[0m Fast-loading shard 38/42: layers-7.safetensors (1556 tensors)
[2m2026-09-05T21:29:46.501796Z[0m [32m INFO[0m [2mspark_runtime::fast_weights[0m[2m:[0m   Shard 38/42 done — GPU memory: 29.80 GB used, 48.76 GB free
[2m2026-09-05T21:29:46.504063Z[0m [32m INFO[0m [2mspark_runtime::fast_weights[0m[2m:[0m Fast-loading shard 39/42: layers-8.safetensors (1558 tensors)
[2m2026-09-05T21:29:47.241582Z[0m [32m INFO[0m [2mspark_runtime::fast_weights[0m[2m:[0m   Shard 39/42 done — GPU memory: 30.59 GB used, 47.98 GB free
[2m2026-09-05T21:29:47.243760Z[0m [32m INFO[0m [2mspark_runtime::fast_weights[0m[2m:[0m Fast-loading shard 40/42: layers-9.safetensors (1558 tensors)
[2m2026-09-05T21:29:47.941303Z[0m [32m INFO[0m [2mspark_runtime::fast_weights[0m[2m:[0m   Shard 40/42 done — GPU memory: 31.37 GB used, 47.19 GB free
[2m2026-09-05T21:29:47.942708Z[0m [32m INFO[0m [2mspark_runtime::fast_weights[0m[2m:[0m Fast-loading shard 41/42: mtp.safetensors (1560 tensors)
[2m2026-09-05T21:29:48.651081Z[0m [32m INFO[0m [2mspark_runtime::fast_weights[0m[2m:[0m   Shard 41/42 done — GPU memory: 32.17 GB used, 46.39 GB free
[2m2026-09-05T21:29:48.651983Z[0m [32m INFO[0m [2mspark_runtime::fast_weights[0m[2m:[0m Fast-loading shard 42/42: outside.safetensors (336 tensors)
[2m2026-09-05T21:29:49.955042Z[0m [32m INFO[0m [2mspark_runtime::fast_weights[0m[2m:[0m   Shard 42/42 done — GPU memory: 34.98 GB used, 43.59 GB free
[2m2026-09-05T21:29:49.955205Z[0m [32m INFO[0m [2mspark_runtime::fast_weights[0m[2m:[0m Fast-loaded 64196 weight tensors
[2m2026-09-05T21:29:49.971239Z[0m [32m INFO[0m [2mspark::main_modules::serve_phases::weights[0m[2m:[0m Loaded 64196 weight tensors
[2m2026-09-05T21:29:49.971268Z[0m [32m INFO[0m [2mspark_runtime::weights::prefix_detect[0m[2m:[0m Weight prefix: model.language_model
[2m2026-09-05T21:29:50.022465Z[0m [32m INFO[0m [2mspark_model::preflight[0m[2m:[0m Pre-flight checks passed
[2m2026-09-05T21:29:50.022485Z[0m [32m INFO[0m [2mspark_model::quant_format[0m[2m:[0m QuantFormat: fp8 (block-scaled), 0 ignored module(s)
[2m2026-09-05T21:29:50.022493Z[0m [32m INFO[0m [2mspark::main_modules::serve_load[0m[2m:[0m Quantization format: fp8-blockscaled (base variant Fp8Dequanted), ignored globs = 0
[2m2026-09-05T21:29:50.127306Z[0m [32m INFO[0m [2mspark_runtime::cublaslt[0m[2m:[0m cuBLASLt pre-warmed (handle + workspace + kernel images)
[2m2026-09-05T21:29:50.128113Z[0m [32m INFO[0m [2mspark::main_modules::serve_phases::preflight[0m[2m:[0m GDN chunked prefill reserve: 1032 MB (chunk_size=32768, max_seq_len=65536)
[2m2026-09-05T21:29:50.128123Z[0m [32m INFO[0m [2mspark::main_modules::serve_phases::preflight[0m[2m:[0m Weights: 34.88 GB, estimated free: 43.7 GB, actual free: 43.5 GB (reserve: 20924 MB)
[2m2026-09-05T21:29:50.128131Z[0m [32m INFO[0m [2mspark::main_modules::serve_phases::kv_cache[0m[2m:[0m Prefill config: ssm_prefill_chunk=32768, args.max_prefill_tokens=32768, prefill_budget=32768, max_batch_tokens=32800
[2m2026-09-05T21:29:50.128146Z[0m [32m INFO[0m [2mspark::main_modules::serve_phases::build[0m[2m:[0m Prefix caching: ENABLED (radix tree)
[2m2026-09-05T21:29:50.521056Z[0m [32m INFO[0m [2mspark::main_modules::serve_phases::config[0m[2m:[0m Capping vocab_size from 248320 to 248070 (tokenizer)
[2m2026-09-05T21:29:50.553903Z[0m [32m INFO[0m [2mspark::main_modules::serve_phases::kv_cache[0m[2m:[0m FP8 KV cache with online calibration (checkpoint ships no k/v scales): freezing per-tensor scales on the first observed tokens.
[2m2026-09-05T21:29:50.553921Z[0m [32m INFO[0m [2mspark::main_modules::kv_dtypes[0m[2m:[0m Selective boundary KV cache: 4/10 attention layers at bf16, rest at fp8
[2m2026-09-05T21:29:50.554335Z[0m [32m INFO[0m [2mspark_model::weight_loader::qwen35::load_layers[0m[2m:[0m Weight format: Fp8BlockScaled, NVFP4 variant: Fp8Dequanted, quant_format: Fp8
[2m2026-09-05T21:29:50.554376Z[0m [32m INFO[0m [2mspark_model::weight_loader::qwen35::load_layers[0m[2m:[0m FP8: skipping NVFP4 routed experts (FP8 fused MoE batch1/2/3 handles all dispatch)
[2m2026-09-05T21:29:50.554771Z[0m [32m INFO[0m [2mspark_model::weight_map::loaders_fp8[0m[2m:[0m quantize_to_nvfp4: n=512 k=2048 total=1048576 global_max=0.204102 scale2=0.00007593 grid1=1024
[2m2026-09-05T21:29:50.555296Z[0m [32m INFO[0m [2mspark_model::weight_map::loaders_fp8[0m[2m:[0m quantize_to_nvfp4: n=512 k=2048 total=1048576 global_max=0.135742 scale2=0.00005050 grid1=1024
[2m2026-09-05T21:29:50.555683Z[0m [32m INFO[0m [2mspark_model::weight_map::loaders_fp8[0m[2m:[0m quantize_to_nvfp4: n=2048 k=512 total=1048576 global_max=0.312500 scale2=0.00011626 grid1=1024
[2m2026-09-05T21:29:50.559265Z[0m [32m INFO[0m [2mspark_model::model::drafter_context[0m[2m:[0m MTP drafter context: prefill=ON carry=ON (default). Disable both with ATLAS_NO_MTP_DRAFTER_CONTEXT=1.
[2m2026-09-05T21:29:50.559284Z[0m [32m INFO[0m [2mspark_model::model::drafter_context[0m[2m:[0m MTP drafter context: prefill=ON carry=ON (default). Disable both with ATLAS_NO_MTP_DRAFTER_CONTEXT=1.
[2m2026-09-05T21:29:50.570487Z[0m [32m INFO[0m [2mspark_model::weight_loader::qwen35::load_layers[0m[2m:[0m Layer 0: MoE experts loaded as native FP8
[2m2026-09-05T21:29:50.570501Z[0m [32m INFO[0m [2mspark_model::weight_loader::qwen35::load_layers::linear_attn_arms[0m[2m:[0m Layer 0: loading SSM FP8 native (block-scaled decode + prefill)
[2m2026-09-05T21:29:50.570803Z[0m [32m INFO[0m [2mspark_model::weight_loader::qwen35::load_layers::linear_attn_arms[0m[2m:[0m Layer 0: SSM QKVZ FP8 [12288,2048] block-scaled, out_proj FP8 [2048,4096] block-scaled
[2m2026-09-05T21:29:50.570977Z[0m [32m INFO[0m [2mspark_model::weight_map::model_a[0m[2m:[0m dense_keep_f32: promoting model.language_model.layers.0.linear_attn.A_log from BF16 to FP32 ([32])
[2m2026-09-05T21:29:50.571014Z[0m [32m INFO[0m [2mspark_model::weight_map::model_a[0m[2m:[0m dense_keep_f32: promoting model.language_model.layers.0.linear_attn.dt_bias from BF16 to FP32 ([32])
[2m2026-09-05T21:29:50.573411Z[0m [32m INFO[0m [2mspark_model::layers::qwen3_ssm::init[0m[2m:[0m GDN state spine: gated_delta_rule_chunk_delta_h_vfused
[2m2026-09-05T21:29:50.579226Z[0m [32m INFO[0m [2mspark_model::weight_loader::qwen35::load_layers::linear_attn_arms[0m[2m:[0m Layer 0: SSM native FP8 — w8a16 decode + prefill
[2m2026-09-05T21:29:50.579294Z[0m [32m INFO[0m [2mspark_model::weight_loader::qwen35::load_layers[0m[2m:[0m Loaded layers 0..1 — 43.5 GB free
[2m2026-09-05T21:29:50.579303Z[0m [32m INFO[0m [2mspark_model::weight_loader::qwen35::load_layers[0m[2m:[0m FP8: skipping NVFP4 routed experts (FP8 fused MoE batch1/2/3 handles all dispatch)
[2m2026-09-05T21:29:50.579535Z[0m [32m INFO[0m [2mspark_model::weight_map::loaders_fp8[0m[2m:[0m quantize_to_nvfp4: n=512 k=2048 total=1048576 global_max=0.164062 scale2=0.00006104 grid1=1024
[2m2026-09-05T21:29:50.579855Z[0m [32m INFO[0m [2mspark_model::weight_map::loaders_fp8[0m[2m:[0m quantize_to_nvfp4: n=512 k=2048 total=1048576 global_max=0.179688 scale2=0.00006685 grid1=1024
[2m2026-09-05T21:29:50.591793Z[0m [32m INFO[0m [2mspark_model::weight_loader::qwen35::load_layers[0m[2m:[0m Layer 1: MoE experts loaded as native FP8
[2m2026-09-05T21:29:50.591810Z[0m [32m INFO[0m [2mspark_model::weight_loader::qwen35::load_layers::linear_attn_arms[0m[2m:[0m Layer 1: loading SSM FP8 native (block-scaled decode + prefill)
[2m2026-09-05T21:29:50.592075Z[0m [32m INFO[0m [2mspark_model::weight_loader::qwen35::load_layers::linear_attn_arms[0m[2m:[0m Layer 1: SSM QKVZ FP8 [12288,2048] block-scaled, out_proj FP8 [2048,4096] block-scaled
[2m2026-09-05T21:29:50.592239Z[0m [32m INFO[0m [2mspark_model::weight_map::model_a[0m[2m:[0m dense_keep_f32: promoting model.language_model.layers.1.linear_attn.A_log from BF16 to FP32 ([32])
[2m2026-09-05T21:29:50.592278Z[0m [32m INFO[0m [2mspark_model::weight_map::model_a[0m[2m:[0m dense_keep_f32: promoting model.language_model.layers.1.linear_attn.dt_bias from BF16 to FP32 ([32])
[2m2026-09-05T21:29:50.592372Z[0m [32m INFO[0m [2mspark_model::layers::qwen3_ssm::init[0m[2m:[0m GDN state spine: gated_delta_rule_chunk_delta_h_vfused
[2m2026-09-05T21:29:50.592427Z[0m [32m INFO[0m [2mspark_model::weight_loader::qwen35::load_layers::linear_attn_arms[0m[2m:[0m Layer 1: SSM native FP8 — w8a16 decode + prefill
[2m2026-09-05T21:29:50.592489Z[0m [32m INFO[0m [2mspark_model::weight_loader::qwen35::load_layers[0m[2m:[0m Loaded layers 0..2 — 43.5 GB free
[2m2026-09-05T21:29:50.592496Z[0m [32m INFO[0m [2mspark_model::weight_loader::qwen35::load_layers[0m[2m:[0m FP8: skipping NVFP4 routed experts (FP8 fused MoE batch1/2/3 handles all dispatch)
[2m2026-09-05T21:29:50.604770Z[0m [32m INFO[0m [2mspark_model::weight_loader::qwen35::load_layers[0m[2m:[0m Layer 2: MoE experts loaded as native FP8
[2m2026-09-05T21:29:50.604787Z[0m [32m INFO[0m [2mspark_model::weight_loader::qwen35::load_layers::linear_attn_arms[0m[2m:[0m Layer 2: loading SSM FP8 native (block-scaled decode + prefill)
[2m2026-09-05T21:29:50.605053Z[0m [32m INFO[0m [2mspark_model::weight_loader::qwen35::load_layers::linear_attn_arms[0m[2m:[0m Layer 2: SSM QKVZ FP8 [12288,2048] block-scaled, out_proj FP8 [2048,4096] block-scaled
[2m2026-09-05T21:29:50.605222Z[0m [32m INFO[0m [2mspark_model::weight_map::model_a[0m[2m:[0m dense_keep_f32: promoting model.language_model.layers.2.linear_attn.A_log from BF16 to FP32 ([32])
[2m2026-09-05T21:29:50.605258Z[0m [32m INFO[0m [2mspark_model::weight_map::model_a[0m[2m:[0m dense_keep_f32: promoting model.language_model.layers.2.linear_attn.dt_bias from BF16 to FP32 ([32])
[2m2026-09-05T21:29:50.605346Z[0m [32m INFO[0m [2mspark_model::layers::qwen3_ssm::init[0m[2m:[0m GDN state spine: gated_delta_rule_chunk_delta_h_vfused
[2m2026-09-05T21:29:50.605392Z[0m [32m INFO[0m [2mspark_model::weight_loader::qwen35::load_layers::linear_attn_arms[0m[2m:[0m Layer 2: SSM native FP8 — w8a16 decode + prefill
[2m2026-09-05T21:29:50.605448Z[0m [32m INFO[0m [2mspark_model::weight_loader::qwen35::load_layers[0m[2m:[0m Loaded layers 0..3 — 43.4 GB free
[2m2026-09-05T21:29:50.605454Z[0m [32m INFO[0m [2mspark_model::weight_loader::qwen35::load_layers[0m[2m:[0m FP8: skipping NVFP4 routed experts (FP8 fused MoE batch1/2/3 handles all dispatch)
[2m2026-09-05T21:29:50.617787Z[0m [32m INFO[0m [2mspark_model::weight_loader::qwen35::load_layers[0m[2m:[0m Layer 3: MoE experts loaded as native FP8
[2m2026-09-05T21:29:50.617805Z[0m [32m INFO[0m [2mspark_model::weight_loader::qwen35::load_layers[0m[2m:[0m Layer 3: loading attention FP8 native (zero-copy)
[2m2026-09-05T21:29:50.617928Z[0m [32m INFO[0m [2mspark_model::weight_loader::qwen35::load_layers[0m[2m:[0m Layer 3: FP8 Q/K/V/O loaded, 43.4 GB free
[2m2026-09-05T21:29:50.622152Z[0m [32m INFO[0m [2mspark_model::weight_loader::qwen35::load_layers[0m[2m:[0m Layer 3: FP8 weights transposed for fast prefill
[2m2026-09-05T21:29:50.622208Z[0m [32m INFO[0m [2mspark_model::weight_loader::qwen35::load_layers[0m[2m:[0m Loaded layers 0..4 — 43.4 GB free
[2m2026-09-05T21:29:50.622216Z[0m [32m INFO[0m [2mspark_model::weight_loader::qwen35::load_layers[0m[2m:[0m FP8: skipping NVFP4 routed experts (FP8 fused MoE batch1/2/3 handles all dispatch)
[2m2026-09-05T21:29:50.634581Z[0m [32m INFO[0m [2mspark_model::weight_loader::qwen35::load_layers[0m[2m:[0m Layer 4: MoE experts loaded as native FP8
[2m2026-09-05T21:29:50.634598Z[0m [32m INFO[0m [2mspark_model::weight_loader::qwen35::load_layers::linear_attn_arms[0m[2m:[0m Layer 4: loading SSM FP8 native (block-scaled decode + prefill)
[2m2026-09-05T21:29:50.634861Z[0m [32m INFO[0m [2mspark_model::weight_loader::qwen35::load_layers::linear_attn_arms[0m[2m:[0m Layer 4: SSM QKVZ FP8 [12288,2048] block-scaled, out_proj FP8 [2048,4096] block-scaled
[2m2026-09-05T21:29:50.635143Z[0m [32m INFO[0m [2mspark_model::weight_map::model_a[0m[2m:[0m dense_keep_f32: promoting model.language_model.layers.4.linear_attn.A_log from BF16 to FP32 ([32])
[2m2026-09-05T21:29:50.635180Z[0m [32m INFO[0m [2mspark_model::weight_map::model_a[0m[2m:[0m dense_keep_f32: promoting model.language_model.layers.4.linear_attn.dt_bias from BF16 to FP32 ([32])
[2m2026-09-05T21:29:50.635271Z[0m [32m INFO[0m [2mspark_model::layers::qwen3_ssm::init[0m[2m:[0m GDN state spine: gated_delta_rule_chunk_delta_h_vfused
[2m2026-09-05T21:29:50.635315Z[0m [32m INFO[0m [2mspark_model::weight_loader::qwen35::load_layers::linear_attn_arms[0m[2m:[0m Layer 4: SSM native FP8 — w8a16 decode + prefill
[2m2026-09-05T21:29:50.635367Z[0m [32m INFO[0m [2mspark_model::weight_loader::qwen35::load_layers[0m[2m:[0m Loaded layers 0..5 — 43.4 GB free
[2m2026-09-05T21:29:50.635374Z[0m [32m INFO[0m [2mspark_model::weight_loader::qwen35::load_layers[0m[2m:[0m FP8: skipping NVFP4 routed experts (FP8 fused MoE batch1/2/3 handles all dispatch)
[2m2026-09-05T21:29:50.647601Z[0m [32m INFO[0m [2mspark_model::weight_loader::qwen35::load_layers[0m[2m:[0m Layer 5: MoE experts loaded as native FP8
[2m2026-09-05T21:29:50.647619Z[0m [32m INFO[0m [2mspark_model::weight_loader::qwen35::load_layers::linear_attn_arms[0m[2m:[0m Layer 5: loading SSM FP8 native (block-scaled decode + prefill)
[2m2026-09-05T21:29:50.647881Z[0m [32m INFO[0m [2mspark_model::weight_loader::qwen35::load_layers::linear_attn_arms[0m[2m:[0m Layer 5: SSM QKVZ FP8 [12288,2048] block-scaled, out_proj FP8 [2048,4096] block-scaled
[2m2026-09-05T21:29:50.648038Z[0m [32m INFO[0m [2mspark_model::weight_map::model_a[0m[2m:[0m dense_keep_f32: promoting model.language_model.layers.5.linear_attn.A_log from BF16 to FP32 ([32])
[2m2026-09-05T21:29:50.648071Z[0m [32m INFO[0m [2mspark_model::weight_map::model_a[0m[2m:[0m dense_keep_f32: promoting model.language_model.layers.5.linear_attn.dt_bias from BF16 to FP32 ([32])
[2m2026-09-05T21:29:50.648157Z[0m [32m INFO[0m [2mspark_model::layers::qwen3_ssm::init[0m[2m:[0m GDN state spine: gated_delta_rule_chunk_delta_h_vfused
[2m2026-09-05T21:29:50.648200Z[0m [32m INFO[0m [2mspark_model::weight_loader::qwen35::load_layers::linear_attn_arms[0m[2m:[0m Layer 5: SSM native FP8 — w8a16 decode + prefill
[2m2026-09-05T21:29:50.648207Z[0m [32m INFO[0m [2mspark_model::weight_loader::qwen35::load_layers[0m[2m:[0m FP8: skipping NVFP4 routed experts (FP8 fused MoE batch1/2/3 handles all dispatch)
[2m2026-09-05T21:29:50.660473Z[0m [32m INFO[0m [2mspark_model::weight_loader::qwen35::load_layers[0m[2m:[0m Layer 6: MoE experts loaded as native FP8
[2m2026-09-05T21:29:50.660489Z[0m [32m INFO[0m [2mspark_model::weight_loader::qwen35::load_layers::linear_attn_arms[0m[2m:[0m Layer 6: loading SSM FP8 native (block-scaled decode + prefill)
[2m2026-09-05T21:29:50.660750Z[0m [32m INFO[0m [2mspark_model::weight_loader::qwen35::load_layers::linear_attn_arms[0m[2m:[0m Layer 6: SSM QKVZ FP8 [12288,2048] block-scaled, out_proj FP8 [2048,4096] block-scaled
[2m2026-09-05T21:29:50.660914Z[0m [32m INFO[0m [2mspark_model::weight_map::model_a[0m[2m:[0m dense_keep_f32: promoting model.language_model.layers.6.linear_attn.A_log from BF16 to FP32 ([32])
[2m2026-09-05T21:29:50.660947Z[0m [32m INFO[0m [2mspark_model::weight_map::model_a[0m[2m:[0m dense_keep_f32: promoting model.language_model.layers.6.linear_attn.dt_bias from BF16 to FP32 ([32])
[2m2026-09-05T21:29:50.661029Z[0m [32m INFO[0m [2mspark_model::layers::qwen3_ssm::init[0m[2m:[0m GDN state spine: gated_delta_rule_chunk_delta_h_vfused
[2m2026-09-05T21:29:50.661070Z[0m [32m INFO[0m [2mspark_model::weight_loader::qwen35::load_layers::linear_attn_arms[0m[2m:[0m Layer 6: SSM native FP8 — w8a16 decode + prefill
[2m2026-09-05T21:29:50.661076Z[0m [32m INFO[0m [2mspark_model::weight_loader::qwen35::load_layers[0m[2m:[0m FP8: skipping NVFP4 routed experts (FP8 fused MoE batch1/2/3 handles all dispatch)
[2m2026-09-05T21:29:50.673312Z[0m [32m INFO[0m [2mspark_model::weight_loader::qwen35::load_layers[0m[2m:[0m Layer 7: MoE experts loaded as native FP8
[2m2026-09-05T21:29:50.673328Z[0m [32m INFO[0m [2mspark_model::weight_loader::qwen35::load_layers[0m[2m:[0m Layer 7: loading attention FP8 native (zero-copy)
[2m2026-09-05T21:29:50.673447Z[0m [32m INFO[0m [2mspark_model::weight_loader::qwen35::load_layers[0m[2m:[0m Layer 7: FP8 Q/K/V/O loaded, 43.3 GB free
[2m2026-09-05T21:29:50.674478Z[0m [32m INFO[0m [2mspark_model::weight_loader::qwen35::load_layers[0m[2m:[0m Layer 7: FP8 weights transposed for fast prefill
[2m2026-09-05T21:29:50.674490Z[0m [32m INFO[0m [2mspark_model::weight_loader::qwen35::load_layers[0m[2m:[0m FP8: skipping NVFP4 routed experts (FP8 fused MoE batch1/2/3 handles all dispatch)
[2m2026-09-05T21:29:50.686803Z[0m [32m INFO[0m [2mspark_model::weight_loader::qwen35::load_layers[0m[2m:[0m Layer 8: MoE experts loaded as native FP8
[2m2026-09-05T21:29:50.686821Z[0m [32m INFO[0m [2mspark_model::weight_loader::qwen35::load_layers::linear_attn_arms[0m[2m:[0m Layer 8: loading SSM FP8 native (block-scaled decode + prefill)
[2m2026-09-05T21:29:50.687082Z[0m [32m INFO[0m [2mspark_model::weight_loader::qwen35::load_layers::linear_attn_arms[0m[2m:[0m Layer 8: SSM QKVZ FP8 [12288,2048] block-scaled, out_proj FP8 [2048,4096] block-scaled
[2m2026-09-05T21:29:50.687250Z[0m [32m INFO[0m [2mspark_model::weight_map::model_a[0m[2m:[0m dense_keep_f32: promoting model.language_model.layers.8.linear_attn.A_log from BF16 to FP32 ([32])
[2m2026-09-05T21:29:50.687287Z[0m [32m INFO[0m [2mspark_model::weight_map::model_a[0m[2m:[0m dense_keep_f32: promoting model.language_model.layers.8.linear_attn.dt_bias from BF16 to FP32 ([32])
[2m2026-09-05T21:29:50.687368Z[0m [32m INFO[0m [2mspark_model::layers::qwen3_ssm::init[0m[2m:[0m GDN state spine: gated_delta_rule_chunk_delta_h_vfused
[2m2026-09-05T21:29:50.687408Z[0m [32m INFO[0m [2mspark_model::weight_loader::qwen35::load_layers::linear_attn_arms[0m[2m:[0m Layer 8: SSM native FP8 — w8a16 decode + prefill
[2m2026-09-05T21:29:50.687415Z[0m [32m INFO[0m [2mspark_model::weight_loader::qwen35::load_layers[0m[2m:[0m FP8: skipping NVFP4 routed experts (FP8 fused MoE batch1/2/3 handles all dispatch)
[2m2026-09-05T21:29:50.699722Z[0m [32m INFO[0m [2mspark_model::weight_loader::qwen35::load_layers[0m[2m:[0m Layer 9: MoE experts loaded as native FP8
[2m2026-09-05T21:29:50.699739Z[0m [32m INFO[0m [2mspark_model::weight_loader::qwen35::load_layers::linear_attn_arms[0m[2m:[0m Layer 9: loading SSM FP8 native (block-scaled decode + prefill)
[2m2026-09-05T21:29:50.700002Z[0m [32m INFO[0m [2mspark_model::weight_loader::qwen35::load_layers::linear_attn_arms[0m[2m:[0m Layer 9: SSM QKVZ FP8 [12288,2048] block-scaled, out_proj FP8 [2048,4096] block-scaled
[2m2026-09-05T21:29:50.700282Z[0m [32m INFO[0m [2mspark_model::weight_map::model_a[0m[2m:[0m dense_keep_f32: promoting model.language_model.layers.9.linear_attn.A_log from BF16 to FP32 ([32])
[2m2026-09-05T21:29:50.700321Z[0m [32m INFO[0m [2mspark_model::weight_map::model_a[0m[2m:[0m dense_keep_f32: promoting model.language_model.layers.9.linear_attn.dt_bias from BF16 to FP32 ([32])
[2m2026-09-05T21:29:50.700403Z[0m [32m INFO[0m [2mspark_model::layers::qwen3_ssm::init[0m[2m:[0m GDN state spine: gated_delta_rule_chunk_delta_h_vfused
[2m2026-09-05T21:29:50.700443Z[0m [32m INFO[0m [2mspark_model::weight_loader::qwen35::load_layers::linear_attn_arms[0m[2m:[0m Layer 9: SSM native FP8 — w8a16 decode + prefill
[2m2026-09-05T21:29:50.700496Z[0m [32m INFO[0m [2mspark_model::weight_loader::qwen35::load_layers[0m[2m:[0m Loaded layers 0..10 — 43.2 GB free
[2m2026-09-05T21:29:50.700503Z[0m [32m INFO[0m [2mspark_model::weight_loader::qwen35::load_layers[0m[2m:[0m FP8: skipping NVFP4 routed experts (FP8 fused MoE batch1/2/3 handles all dispatch)
[2m2026-09-05T21:29:50.712829Z[0m [32m INFO[0m [2mspark_model::weight_loader::qwen35::load_layers[0m[2m:[0m Layer 10: MoE experts loaded as native FP8
[2m2026-09-05T21:29:50.712846Z[0m [32m INFO[0m [2mspark_model::weight_loader::qwen35::load_layers::linear_attn_arms[0m[2m:[0m Layer 10: loading SSM FP8 native (block-scaled decode + prefill)
[2m2026-09-05T21:29:50.713160Z[0m [32m INFO[0m [2mspark_model::weight_loader::qwen35::load_layers::linear_attn_arms[0m[2m:[0m Layer 10: SSM QKVZ FP8 [12288,2048] block-scaled, out_proj FP8 [2048,4096] block-scaled
[2m2026-09-05T21:29:50.713338Z[0m [32m INFO[0m [2mspark_model::weight_map::model_a[0m[2m:[0m dense_keep_f32: promoting model.language_model.layers.10.linear_attn.A_log from BF16 to FP32 ([32])
[2m2026-09-05T21:29:50.713372Z[0m [32m INFO[0m [2mspark_model::weight_map::model_a[0m[2m:[0m dense_keep_f32: promoting model.language_model.layers.10.linear_attn.dt_bias from BF16 to FP32 ([32])
[2m2026-09-05T21:29:50.713457Z[0m [32m INFO[0m [2mspark_model::layers::qwen3_ssm::init[0m[2m:[0m GDN state spine: gated_delta_rule_chunk_delta_h_vfused
[2m2026-09-05T21:29:50.713497Z[0m [32m INFO[0m [2mspark_model::weight_loader::qwen35::load_layers::linear_attn_arms[0m[2m:[0m Layer 10: SSM native FP8 — w8a16 decode + prefill
[2m2026-09-05T21:29:50.713504Z[0m [32m INFO[0m [2mspark_model::weight_loader::qwen35::load_layers[0m[2m:[0m FP8: skipping NVFP4 routed experts (FP8 fused MoE batch1/2/3 handles all dispatch)
[2m2026-09-05T21:29:50.725801Z[0m [32m INFO[0m [2mspark_model::weight_loader::qwen35::load_layers[0m[2m:[0m Layer 11: MoE experts loaded as native FP8
[2m2026-09-05T21:29:50.725820Z[0m [32m INFO[0m [2mspark_model::weight_loader::qwen35::load_layers[0m[2m:[0m Layer 11: loading attention FP8 native (zero-copy)
[2m2026-09-05T21:29:50.725940Z[0m [32m INFO[0m [2mspark_model::weight_loader::qwen35::load_layers[0m[2m:[0m Layer 11: FP8 Q/K/V/O loaded, 43.2 GB free
[2m2026-09-05T21:29:50.726983Z[0m [32m INFO[0m [2mspark_model::weight_loader::qwen35::load_layers[0m[2m:[0m Layer 11: FP8 weights transposed for fast prefill
[2m2026-09-05T21:29:50.726996Z[0m [32m INFO[0m [2mspark_model::weight_loader::qwen35::load_layers[0m[2m:[0m FP8: skipping NVFP4 routed experts (FP8 fused MoE batch1/2/3 handles all dispatch)
[2m2026-09-05T21:29:50.739366Z[0m [32m INFO[0m [2mspark_model::weight_loader::qwen35::load_layers[0m[2m:[0m Layer 12: MoE experts loaded as native FP8
[2m2026-09-05T21:29:50.739383Z[0m [32m INFO[0m [2mspark_model::weight_loader::qwen35::load_layers::linear_attn_arms[0m[2m:[0m Layer 12: loading SSM FP8 native (block-scaled decode + prefill)
[2m2026-09-05T21:29:50.739648Z[0m [32m INFO[0m [2mspark_model::weight_loader::qwen35::load_layers::linear_attn_arms[0m[2m:[0m Layer 12: SSM QKVZ FP8 [12288,2048] block-scaled, out_proj FP8 [2048,4096] block-scaled
[2m2026-09-05T21:29:50.739814Z[0m [32m INFO[0m [2mspark_model::weight_map::model_a[0m[2m:[0m dense_keep_f32: promoting model.language_model.layers.12.linear_attn.A_log from BF16 to FP32 ([32])
[2m2026-09-05T21:29:50.739847Z[0m [32m INFO[0m [2mspark_model::weight_map::model_a[0m[2m:[0m dense_keep_f32: promoting model.language_model.layers.12.linear_attn.dt_bias from BF16 to FP32 ([32])
[2m2026-09-05T21:29:50.739926Z[0m [32m INFO[0m [2mspark_model::layers::qwen3_ssm::init[0m[2m:[0m GDN state spine: gated_delta_rule_chunk_delta_h_vfused
[2m2026-09-05T21:29:50.739966Z[0m [32m INFO[0m [2mspark_model::weight_loader::qwen35::load_layers::linear_attn_arms[0m[2m:[0m Layer 12: SSM native FP8 — w8a16 decode + prefill
[2m2026-09-05T21:29:50.739973Z[0m [32m INFO[0m [2mspark_model::weight_loader::qwen35::load_layers[0m[2m:[0m FP8: skipping NVFP4 routed experts (FP8 fused MoE batch1/2/3 handles all dispatch)
[2m2026-09-05T21:29:50.752341Z[0m [32m INFO[0m [2mspark_model::weight_loader::qwen35::load_layers[0m[2m:[0m Layer 13: MoE experts loaded as native FP8
[2m2026-09-05T21:29:50.752359Z[0m [32m INFO[0m [2mspark_model::weight_loader::qwen35::load_layers::linear_attn_arms[0m[2m:[0m Layer 13: loading SSM FP8 native (block-scaled decode + prefill)
[2m2026-09-05T21:29:50.752619Z[0m [32m INFO[0m [2mspark_model::weight_loader::qwen35::load_layers::linear_attn_arms[0m[2m:[0m Layer 13: SSM QKVZ FP8 [12288,2048] block-scaled, out_proj FP8 [2048,4096] block-scaled
[2m2026-09-05T21:29:50.752793Z[0m [32m INFO[0m [2mspark_model::weight_map::model_a[0m[2m:[0m dense_keep_f32: promoting model.language_model.layers.13.linear_attn.A_log from BF16 to FP32 ([32])
[2m2026-09-05T21:29:50.752826Z[0m [32m INFO[0m [2mspark_model::weight_map::model_a[0m[2m:[0m dense_keep_f32: promoting model.language_model.layers.13.linear_attn.dt_bias from BF16 to FP32 ([32])
[2m2026-09-05T21:29:50.752905Z[0m [32m INFO[0m [2mspark_model::layers::qwen3_ssm::init[0m[2m:[0m GDN state spine: gated_delta_rule_chunk_delta_h_vfused
[2m2026-09-05T21:29:50.752945Z[0m [32m INFO[0m [2mspark_model::weight_loader::qwen35::load_layers::linear_attn_arms[0m[2m:[0m Layer 13: SSM native FP8 — w8a16 decode + prefill
[2m2026-09-05T21:29:50.752951Z[0m [32m INFO[0m [2mspark_model::weight_loader::qwen35::load_layers[0m[2m:[0m FP8: skipping NVFP4 routed experts (FP8 fused MoE batch1/2/3 handles all dispatch)
[2m2026-09-05T21:29:50.765236Z[0m [32m INFO[0m [2mspark_model::weight_loader::qwen35::load_layers[0m[2m:[0m Layer 14: MoE experts loaded as native FP8
[2m2026-09-05T21:29:50.765252Z[0m [32m INFO[0m [2mspark_model::weight_loader::qwen35::load_layers::linear_attn_arms[0m[2m:[0m Layer 14: loading SSM FP8 native (block-scaled decode + prefill)
[2m2026-09-05T21:29:50.765515Z[0m [32m INFO[0m [2mspark_model::weight_loader::qwen35::load_layers::linear_attn_arms[0m[2m:[0m Layer 14: SSM QKVZ FP8 [12288,2048] block-scaled, out_proj FP8 [2048,4096] block-scaled
[2m2026-09-05T21:29:50.765672Z[0m [32m INFO[0m [2mspark_model::weight_map::model_a[0m[2m:[0m dense_keep_f32: promoting model.language_model.layers.14.linear_attn.A_log from BF16 to FP32 ([32])
[2m2026-09-05T21:29:50.765705Z[0m [32m INFO[0m [2mspark_model::weight_map::model_a[0m[2m:[0m dense_keep_f32: promoting model.language_model.layers.14.linear_attn.dt_bias from BF16 to FP32 ([32])
[2m2026-09-05T21:29:50.765783Z[0m [32m INFO[0m [2mspark_model::layers::qwen3_ssm::init[0m[2m:[0m GDN state spine: gated_delta_rule_chunk_delta_h_vfused
[2m2026-09-05T21:29:50.765823Z[0m [32m INFO[0m [2mspark_model::weight_loader::qwen35::load_layers::linear_attn_arms[0m[2m:[0m Layer 14: SSM native FP8 — w8a16 decode + prefill
[2m2026-09-05T21:29:50.765829Z[0m [32m INFO[0m [2mspark_model::weight_loader::qwen35::load_layers[0m[2m:[0m FP8: skipping NVFP4 routed experts (FP8 fused MoE batch1/2/3 handles all dispatch)
[2m2026-09-05T21:29:50.778359Z[0m [32m INFO[0m [2mspark_model::weight_loader::qwen35::load_layers[0m[2m:[0m Layer 15: MoE experts loaded as native FP8
[2m2026-09-05T21:29:50.778379Z[0m [32m INFO[0m [2mspark_model::weight_loader::qwen35::load_layers[0m[2m:[0m Layer 15: loading attention FP8 native (zero-copy)
[2m2026-09-05T21:29:50.778492Z[0m [32m INFO[0m [2mspark_model::weight_loader::qwen35::load_layers[0m[2m:[0m Layer 15: FP8 Q/K/V/O loaded, 43.1 GB free
[2m2026-09-05T21:29:50.779474Z[0m [32m INFO[0m [2mspark_model::weight_loader::qwen35::load_layers[0m[2m:[0m Layer 15: FP8 weights transposed for fast prefill
[2m2026-09-05T21:29:50.779486Z[0m [32m INFO[0m [2mspark_model::weight_loader::qwen35::load_layers[0m[2m:[0m FP8: skipping NVFP4 routed experts (FP8 fused MoE batch1/2/3 handles all dispatch)
[2m2026-09-05T21:29:50.792168Z[0m [32m INFO[0m [2mspark_model::weight_loader::qwen35::load_layers[0m[2m:[0m Layer 16: MoE experts loaded as native FP8
[2m2026-09-05T21:29:50.792186Z[0m [32m INFO[0m [2mspark_model::weight_loader::qwen35::load_layers::linear_attn_arms[0m[2m:[0m Layer 16: loading SSM FP8 native (block-scaled decode + prefill)
[2m2026-09-05T21:29:50.792433Z[0m [32m INFO[0m [2mspark_model::weight_loader::qwen35::load_layers::linear_attn_arms[0m[2m:[0m Layer 16: SSM QKVZ FP8 [12288,2048] block-scaled, out_proj FP8 [2048,4096] block-scaled
[2m2026-09-05T21:29:50.792599Z[0m [32m INFO[0m [2mspark_model::weight_map::model_a[0m[2m:[0m dense_keep_f32: promoting model.language_model.layers.16.linear_attn.A_log from BF16 to FP32 ([32])
[2m2026-09-05T21:29:50.792639Z[0m [32m INFO[0m [2mspark_model::weight_map::model_a[0m[2m:[0m dense_keep_f32: promoting model.language_model.layers.16.linear_attn.dt_bias from BF16 to FP32 ([32])
[2m2026-09-05T21:29:50.792721Z[0m [32m INFO[0m [2mspark_model::layers::qwen3_ssm::init[0m[2m:[0m GDN state spine: gated_delta_rule_chunk_delta_h_vfused
[2m2026-09-05T21:29:50.792762Z[0m [32m INFO[0m [2mspark_model::weight_loader::qwen35::load_layers::linear_attn_arms[0m[2m:[0m Layer 16: SSM native FP8 — w8a16 decode + prefill
[2m2026-09-05T21:29:50.792769Z[0m [32m INFO[0m [2mspark_model::weight_loader::qwen35::load_layers[0m[2m:[0m FP8: skipping NVFP4 routed experts (FP8 fused MoE batch1/2/3 handles all dispatch)
[2m2026-09-05T21:29:50.805148Z[0m [32m INFO[0m [2mspark_model::weight_loader::qwen35::load_layers[0m[2m:[0m Layer 17: MoE experts loaded as native FP8
[2m2026-09-05T21:29:50.805165Z[0m [32m INFO[0m [2mspark_model::weight_loader::qwen35::load_layers::linear_attn_arms[0m[2m:[0m Layer 17: loading SSM FP8 native (block-scaled decode + prefill)
[2m2026-09-05T21:29:50.805428Z[0m [32m INFO[0m [2mspark_model::weight_loader::qwen35::load_layers::linear_attn_arms[0m[2m:[0m Layer 17: SSM QKVZ FP8 [12288,2048] block-scaled, out_proj FP8 [2048,4096] block-scaled
[2m2026-09-05T21:29:50.805593Z[0m [32m INFO[0m [2mspark_model::weight_map::model_a[0m[2m:[0m dense_keep_f32: promoting model.language_model.layers.17.linear_attn.A_log from BF16 to FP32 ([32])
[2m2026-09-05T21:29:50.805625Z[0m [32m INFO[0m [2mspark_model::weight_map::model_a[0m[2m:[0m dense_keep_f32: promoting model.language_model.layers.17.linear_attn.dt_bias from BF16 to FP32 ([32])
[2m2026-09-05T21:29:50.805704Z[0m [32m INFO[0m [2mspark_model::layers::qwen3_ssm::init[0m[2m:[0m GDN state spine: gated_delta_rule_chunk_delta_h_vfused
[2m2026-09-05T21:29:50.805743Z[0m [32m INFO[0m [2mspark_model::weight_loader::qwen35::load_layers::linear_attn_arms[0m[2m:[0m Layer 17: SSM native FP8 — w8a16 decode + prefill
[2m2026-09-05T21:29:50.805750Z[0m [32m INFO[0m [2mspark_model::weight_loader::qwen35::load_layers[0m[2m:[0m FP8: skipping NVFP4 routed experts (FP8 fused MoE batch1/2/3 handles all dispatch)
[2m2026-09-05T21:29:50.818081Z[0m [32m INFO[0m [2mspark_model::weight_loader::qwen35::load_layers[0m[2m:[0m Layer 18: MoE experts loaded as native FP8
[2m2026-09-05T21:29:50.818098Z[0m [32m INFO[0m [2mspark_model::weight_loader::qwen35::load_layers::linear_attn_arms[0m[2m:[0m Layer 18: loading SSM FP8 native (block-scaled decode + prefill)
[2m2026-09-05T21:29:50.818362Z[0m [32m INFO[0m [2mspark_model::weight_loader::qwen35::load_layers::linear_attn_arms[0m[2m:[0m Layer 18: SSM QKVZ FP8 [12288,2048] block-scaled, out_proj FP8 [2048,4096] block-scaled
[2m2026-09-05T21:29:50.818531Z[0m [32m INFO[0m [2mspark_model::weight_map::model_a[0m[2m:[0m dense_keep_f32: promoting model.language_model.layers.18.linear_attn.A_log from BF16 to FP32 ([32])
[2m2026-09-05T21:29:50.818564Z[0m [32m INFO[0m [2mspark_model::weight_map::model_a[0m[2m:[0m dense_keep_f32: promoting model.language_model.layers.18.linear_attn.dt_bias from BF16 to FP32 ([32])
[2m2026-09-05T21:29:50.818643Z[0m [32m INFO[0m [2mspark_model::layers::qwen3_ssm::init[0m[2m:[0m GDN state spine: gated_delta_rule_chunk_delta_h_vfused
[2m2026-09-05T21:29:50.818683Z[0m [32m INFO[0m [2mspark_model::weight_loader::qwen35::load_layers::linear_attn_arms[0m[2m:[0m Layer 18: SSM native FP8 — w8a16 decode + prefill
[2m2026-09-05T21:29:50.818690Z[0m [32m INFO[0m [2mspark_model::weight_loader::qwen35::load_layers[0m[2m:[0m FP8: skipping NVFP4 routed experts (FP8 fused MoE batch1/2/3 handles all dispatch)
[2m2026-09-05T21:29:50.831000Z[0m [32m INFO[0m [2mspark_model::weight_loader::qwen35::load_layers[0m[2m:[0m Layer 19: MoE experts loaded as native FP8
[2m2026-09-05T21:29:50.831016Z[0m [32m INFO[0m [2mspark_model::weight_loader::qwen35::load_layers[0m[2m:[0m Layer 19: loading attention FP8 native (zero-copy)
[2m2026-09-05T21:29:50.831150Z[0m [32m INFO[0m [2mspark_model::weight_loader::qwen35::load_layers[0m[2m:[0m Layer 19: FP8 Q/K/V/O loaded, 43.0 GB free
[2m2026-09-05T21:29:50.832162Z[0m [32m INFO[0m [2mspark_model::weight_loader::qwen35::load_layers[0m[2m:[0m Layer 19: FP8 weights transposed for fast prefill
[2m2026-09-05T21:29:50.832204Z[0m [32m INFO[0m [2mspark_model::weight_loader::qwen35::load_layers[0m[2m:[0m Loaded layers 0..20 — 43.0 GB free
[2m2026-09-05T21:29:50.832211Z[0m [32m INFO[0m [2mspark_model::weight_loader::qwen35::load_layers[0m[2m:[0m FP8: skipping NVFP4 routed experts (FP8 fused MoE batch1/2/3 handles all dispatch)
[2m2026-09-05T21:29:50.844671Z[0m [32m INFO[0m [2mspark_model::weight_loader::qwen35::load_layers[0m[2m:[0m Layer 20: MoE experts loaded as native FP8
[2m2026-09-05T21:29:50.844688Z[0m [32m INFO[0m [2mspark_model::weight_loader::qwen35::load_layers::linear_attn_arms[0m[2m:[0m Layer 20: loading SSM FP8 native (block-scaled decode + prefill)
[2m2026-09-05T21:29:50.844952Z[0m [32m INFO[0m [2mspark_model::weight_loader::qwen35::load_layers::linear_attn_arms[0m[2m:[0m Layer 20: SSM QKVZ FP8 [12288,2048] block-scaled, out_proj FP8 [2048,4096] block-scaled
[2m2026-09-05T21:29:50.845109Z[0m [32m INFO[0m [2mspark_model::weight_map::model_a[0m[2m:[0m dense_keep_f32: promoting model.language_model.layers.20.linear_attn.A_log from BF16 to FP32 ([32])
[2m2026-09-05T21:29:50.845149Z[0m [32m INFO[0m [2mspark_model::weight_map::model_a[0m[2m:[0m dense_keep_f32: promoting model.language_model.layers.20.linear_attn.dt_bias from BF16 to FP32 ([32])
[2m2026-09-05T21:29:50.845232Z[0m [32m INFO[0m [2mspark_model::layers::qwen3_ssm::init[0m[2m:[0m GDN state spine: gated_delta_rule_chunk_delta_h_vfused
[2m2026-09-05T21:29:50.845271Z[0m [32m INFO[0m [2mspark_model::weight_loader::qwen35::load_layers::linear_attn_arms[0m[2m:[0m Layer 20: SSM native FP8 — w8a16 decode + prefill
[2m2026-09-05T21:29:50.845278Z[0m [32m INFO[0m [2mspark_model::weight_loader::qwen35::load_layers[0m[2m:[0m FP8: skipping NVFP4 routed experts (FP8 fused MoE batch1/2/3 handles all dispatch)
[2m2026-09-05T21:29:50.857851Z[0m [32m INFO[0m [2mspark_model::weight_loader::qwen35::load_layers[0m[2m:[0m Layer 21: MoE experts loaded as native FP8
[2m2026-09-05T21:29:50.857869Z[0m [32m INFO[0m [2mspark_model::weight_loader::qwen35::load_layers::linear_attn_arms[0m[2m:[0m Layer 21: loading SSM FP8 native (block-scaled decode + prefill)
[2m2026-09-05T21:29:50.858101Z[0m [32m INFO[0m [2mspark_model::weight_loader::qwen35::load_layers::linear_attn_arms[0m[2m:[0m Layer 21: SSM QKVZ FP8 [12288,2048] block-scaled, out_proj FP8 [2048,4096] block-scaled
[2m2026-09-05T21:29:50.858271Z[0m [32m INFO[0m [2mspark_model::weight_map::model_a[0m[2m:[0m dense_keep_f32: promoting model.language_model.layers.21.linear_attn.A_log from BF16 to FP32 ([32])
[2m2026-09-05T21:29:50.858307Z[0m [32m INFO[0m [2mspark_model::weight_map::model_a[0m[2m:[0m dense_keep_f32: promoting model.language_model.layers.21.linear_attn.dt_bias from BF16 to FP32 ([32])
[2m2026-09-05T21:29:50.858389Z[0m [32m INFO[0m [2mspark_model::layers::qwen3_ssm::init[0m[2m:[0m GDN state spine: gated_delta_rule_chunk_delta_h_vfused
[2m2026-09-05T21:29:50.858430Z[0m [32m INFO[0m [2mspark_model::weight_loader::qwen35::load_layers::linear_attn_arms[0m[2m:[0m Layer 21: SSM native FP8 — w8a16 decode + prefill
[2m2026-09-05T21:29:50.858436Z[0m [32m INFO[0m [2mspark_model::weight_loader::qwen35::load_layers[0m[2m:[0m FP8: skipping NVFP4 routed experts (FP8 fused MoE batch1/2/3 handles all dispatch)
[2m2026-09-05T21:29:50.870771Z[0m [32m INFO[0m [2mspark_model::weight_loader::qwen35::load_layers[0m[2m:[0m Layer 22: MoE experts loaded as native FP8
[2m2026-09-05T21:29:50.870788Z[0m [32m INFO[0m [2mspark_model::weight_loader::qwen35::load_layers::linear_attn_arms[0m[2m:[0m Layer 22: loading SSM FP8 native (block-scaled decode + prefill)
[2m2026-09-05T21:29:50.871062Z[0m [32m INFO[0m [2mspark_model::weight_loader::qwen35::load_layers::linear_attn_arms[0m[2m:[0m Layer 22: SSM QKVZ FP8 [12288,2048] block-scaled, out_proj FP8 [2048,4096] block-scaled
[2m2026-09-05T21:29:50.871230Z[0m [32m INFO[0m [2mspark_model::weight_map::model_a[0m[2m:[0m dense_keep_f32: promoting model.language_model.layers.22.linear_attn.A_log from BF16 to FP32 ([32])
[2m2026-09-05T21:29:50.871265Z[0m [32m INFO[0m [2mspark_model::weight_map::model_a[0m[2m:[0m dense_keep_f32: promoting model.language_model.layers.22.linear_attn.dt_bias from BF16 to FP32 ([32])
[2m2026-09-05T21:29:50.871346Z[0m [32m INFO[0m [2mspark_model::layers::qwen3_ssm::init[0m[2m:[0m GDN state spine: gated_delta_rule_chunk_delta_h_vfused
[2m2026-09-05T21:29:50.871386Z[0m [32m INFO[0m [2mspark_model::weight_loader::qwen35::load_layers::linear_attn_arms[0m[2m:[0m Layer 22: SSM native FP8 — w8a16 decode + prefill
[2m2026-09-05T21:29:50.871392Z[0m [32m INFO[0m [2mspark_model::weight_loader::qwen35::load_layers[0m[2m:[0m FP8: skipping NVFP4 routed experts (FP8 fused MoE batch1/2/3 handles all dispatch)
[2m2026-09-05T21:29:50.883738Z[0m [32m INFO[0m [2mspark_model::weight_loader::qwen35::load_layers[0m[2m:[0m Layer 23: MoE experts loaded as native FP8
[2m2026-09-05T21:29:50.883757Z[0m [32m INFO[0m [2mspark_model::weight_loader::qwen35::load_layers[0m[2m:[0m Layer 23: loading attention FP8 native (zero-copy)
[2m2026-09-05T21:29:50.883877Z[0m [32m INFO[0m [2mspark_model::weight_loader::qwen35::load_layers[0m[2m:[0m Layer 23: FP8 Q/K/V/O loaded, 42.9 GB free
[2m2026-09-05T21:29:50.884887Z[0m [32m INFO[0m [2mspark_model::weight_loader::qwen35::load_layers[0m[2m:[0m Layer 23: FP8 weights transposed for fast prefill
[2m2026-09-05T21:29:50.884898Z[0m [32m INFO[0m [2mspark_model::weight_loader::qwen35::load_layers[0m[2m:[0m FP8: skipping NVFP4 routed experts (FP8 fused MoE batch1/2/3 handles all dispatch)
[2m2026-09-05T21:29:50.897294Z[0m [32m INFO[0m [2mspark_model::weight_loader::qwen35::load_layers[0m[2m:[0m Layer 24: MoE experts loaded as native FP8
[2m2026-09-05T21:29:50.897310Z[0m [32m INFO[0m [2mspark_model::weight_loader::qwen35::load_layers::linear_attn_arms[0m[2m:[0m Layer 24: loading SSM FP8 native (block-scaled decode + prefill)
[2m2026-09-05T21:29:50.897570Z[0m [32m INFO[0m [2mspark_model::weight_loader::qwen35::load_layers::linear_attn_arms[0m[2m:[0m Layer 24: SSM QKVZ FP8 [12288,2048] block-scaled, out_proj FP8 [2048,4096] block-scaled
[2m2026-09-05T21:29:50.897735Z[0m [32m INFO[0m [2mspark_model::weight_map::model_a[0m[2m:[0m dense_keep_f32: promoting model.language_model.layers.24.linear_attn.A_log from BF16 to FP32 ([32])
[2m2026-09-05T21:29:50.897768Z[0m [32m INFO[0m [2mspark_model::weight_map::model_a[0m[2m:[0m dense_keep_f32: promoting model.language_model.layers.24.linear_attn.dt_bias from BF16 to FP32 ([32])
[2m2026-09-05T21:29:50.897848Z[0m [32m INFO[0m [2mspark_model::layers::qwen3_ssm::init[0m[2m:[0m GDN state spine: gated_delta_rule_chunk_delta_h_vfused
[2m2026-09-05T21:29:50.897888Z[0m [32m INFO[0m [2mspark_model::weight_loader::qwen35::load_layers::linear_attn_arms[0m[2m:[0m Layer 24: SSM native FP8 — w8a16 decode + prefill
[2m2026-09-05T21:29:50.897895Z[0m [32m INFO[0m [2mspark_model::weight_loader::qwen35::load_layers[0m[2m:[0m FP8: skipping NVFP4 routed experts (FP8 fused MoE batch1/2/3 handles all dispatch)
[2m2026-09-05T21:29:50.910239Z[0m [32m INFO[0m [2mspark_model::weight_loader::qwen35::load_layers[0m[2m:[0m Layer 25: MoE experts loaded as native FP8
[2m2026-09-05T21:29:50.910256Z[0m [32m INFO[0m [2mspark_model::weight_loader::qwen35::load_layers::linear_attn_arms[0m[2m:[0m Layer 25: loading SSM FP8 native (block-scaled decode + prefill)
[2m2026-09-05T21:29:50.910521Z[0m [32m INFO[0m [2mspark_model::weight_loader::qwen35::load_layers::linear_attn_arms[0m[2m:[0m Layer 25: SSM QKVZ FP8 [12288,2048] block-scaled, out_proj FP8 [2048,4096] block-scaled
[2m2026-09-05T21:29:50.910694Z[0m [32m INFO[0m [2mspark_model::weight_map::model_a[0m[2m:[0m dense_keep_f32: promoting model.language_model.layers.25.linear_attn.A_log from BF16 to FP32 ([32])
[2m2026-09-05T21:29:50.910727Z[0m [32m INFO[0m [2mspark_model::weight_map::model_a[0m[2m:[0m dense_keep_f32: promoting model.language_model.layers.25.linear_attn.dt_bias from BF16 to FP32 ([32])
[2m2026-09-05T21:29:50.910806Z[0m [32m INFO[0m [2mspark_model::layers::qwen3_ssm::init[0m[2m:[0m GDN state spine: gated_delta_rule_chunk_delta_h_vfused
[2m2026-09-05T21:29:50.910845Z[0m [32m INFO[0m [2mspark_model::weight_loader::qwen35::load_layers::linear_attn_arms[0m[2m:[0m Layer 25: SSM native FP8 — w8a16 decode + prefill
[2m2026-09-05T21:29:50.910851Z[0m [32m INFO[0m [2mspark_model::weight_loader::qwen35::load_layers[0m[2m:[0m FP8: skipping NVFP4 routed experts (FP8 fused MoE batch1/2/3 handles all dispatch)
[2m2026-09-05T21:29:50.923100Z[0m [32m INFO[0m [2mspark_model::weight_loader::qwen35::load_layers[0m[2m:[0m Layer 26: MoE experts loaded as native FP8
[2m2026-09-05T21:29:50.923118Z[0m [32m INFO[0m [2mspark_model::weight_loader::qwen35::load_layers::linear_attn_arms[0m[2m:[0m Layer 26: loading SSM FP8 native (block-scaled decode + prefill)
[2m2026-09-05T21:29:50.923386Z[0m [32m INFO[0m [2mspark_model::weight_loader::qwen35::load_layers::linear_attn_arms[0m[2m:[0m Layer 26: SSM QKVZ FP8 [12288,2048] block-scaled, out_proj FP8 [2048,4096] block-scaled
[2m2026-09-05T21:29:50.923660Z[0m [32m INFO[0m [2mspark_model::weight_map::model_a[0m[2m:[0m dense_keep_f32: promoting model.language_model.layers.26.linear_attn.A_log from BF16 to FP32 ([32])
[2m2026-09-05T21:29:50.923695Z[0m [32m INFO[0m [2mspark_model::weight_map::model_a[0m[2m:[0m dense_keep_f32: promoting model.language_model.layers.26.linear_attn.dt_bias from BF16 to FP32 ([32])
[2m2026-09-05T21:29:50.923777Z[0m [32m INFO[0m [2mspark_model::layers::qwen3_ssm::init[0m[2m:[0m GDN state spine: gated_delta_rule_chunk_delta_h_vfused
[2m2026-09-05T21:29:50.923817Z[0m [32m INFO[0m [2mspark_model::weight_loader::qwen35::load_layers::linear_attn_arms[0m[2m:[0m Layer 26: SSM native FP8 — w8a16 decode + prefill
[2m2026-09-05T21:29:50.923823Z[0m [32m INFO[0m [2mspark_model::weight_loader::qwen35::load_layers[0m[2m:[0m FP8: skipping NVFP4 routed experts (FP8 fused MoE batch1/2/3 handles all dispatch)
[2m2026-09-05T21:29:50.936203Z[0m [32m INFO[0m [2mspark_model::weight_loader::qwen35::load_layers[0m[2m:[0m Layer 27: MoE experts loaded as native FP8
[2m2026-09-05T21:29:50.936219Z[0m [32m INFO[0m [2mspark_model::weight_loader::qwen35::load_layers[0m[2m:[0m Layer 27: loading attention FP8 native (zero-copy)
[2m2026-09-05T21:29:50.936337Z[0m [32m INFO[0m [2mspark_model::weight_loader::qwen35::load_layers[0m[2m:[0m Layer 27: FP8 Q/K/V/O loaded, 42.8 GB free
[2m2026-09-05T21:29:50.937325Z[0m [32m INFO[0m [2mspark_model::weight_loader::qwen35::load_layers[0m[2m:[0m Layer 27: FP8 weights transposed for fast prefill
[2m2026-09-05T21:29:50.937336Z[0m [32m INFO[0m [2mspark_model::weight_loader::qwen35::load_layers[0m[2m:[0m FP8: skipping NVFP4 routed experts (FP8 fused MoE batch1/2/3 handles all dispatch)
[2m2026-09-05T21:29:50.949841Z[0m [32m INFO[0m [2mspark_model::weight_loader::qwen35::load_layers[0m[2m:[0m Layer 28: MoE experts loaded as native FP8
[2m2026-09-05T21:29:50.949858Z[0m [32m INFO[0m [2mspark_model::weight_loader::qwen35::load_layers::linear_attn_arms[0m[2m:[0m Layer 28: loading SSM FP8 native (block-scaled decode + prefill)
[2m2026-09-05T21:29:50.950185Z[0m [32m INFO[0m [2mspark_model::weight_loader::qwen35::load_layers::linear_attn_arms[0m[2m:[0m Layer 28: SSM QKVZ FP8 [12288,2048] block-scaled, out_proj FP8 [2048,4096] block-scaled
[2m2026-09-05T21:29:50.950351Z[0m [32m INFO[0m [2mspark_model::weight_map::model_a[0m[2m:[0m dense_keep_f32: promoting model.language_model.layers.28.linear_attn.A_log from BF16 to FP32 ([32])
[2m2026-09-05T21:29:50.950393Z[0m [32m INFO[0m [2mspark_model::weight_map::model_a[0m[2m:[0m dense_keep_f32: promoting model.language_model.layers.28.linear_attn.dt_bias from BF16 to FP32 ([32])
[2m2026-09-05T21:29:50.950475Z[0m [32m INFO[0m [2mspark_model::layers::qwen3_ssm::init[0m[2m:[0m GDN state spine: gated_delta_rule_chunk_delta_h_vfused
[2m2026-09-05T21:29:50.950515Z[0m [32m INFO[0m [2mspark_model::weight_loader::qwen35::load_layers::linear_attn_arms[0m[2m:[0m Layer 28: SSM native FP8 — w8a16 decode + prefill
[2m2026-09-05T21:29:50.950522Z[0m [32m INFO[0m [2mspark_model::weight_loader::qwen35::load_layers[0m[2m:[0m FP8: skipping NVFP4 routed experts (FP8 fused MoE batch1/2/3 handles all dispatch)
[2m2026-09-05T21:29:50.962942Z[0m [32m INFO[0m [2mspark_model::weight_loader::qwen35::load_layers[0m[2m:[0m Layer 29: MoE experts loaded as native FP8
[2m2026-09-05T21:29:50.962960Z[0m [32m INFO[0m [2mspark_model::weight_loader::qwen35::load_layers::linear_attn_arms[0m[2m:[0m Layer 29: loading SSM FP8 native (block-scaled decode + prefill)
[2m2026-09-05T21:29:50.963231Z[0m [32m INFO[0m [2mspark_model::weight_loader::qwen35::load_layers::linear_attn_arms[0m[2m:[0m Layer 29: SSM QKVZ FP8 [12288,2048] block-scaled, out_proj FP8 [2048,4096] block-scaled
[2m2026-09-05T21:29:50.963396Z[0m [32m INFO[0m [2mspark_model::weight_map::model_a[0m[2m:[0m dense_keep_f32: promoting model.language_model.layers.29.linear_attn.A_log from BF16 to FP32 ([32])
[2m2026-09-05T21:29:50.963431Z[0m [32m INFO[0m [2mspark_model::weight_map::model_a[0m[2m:[0m dense_keep_f32: promoting model.language_model.layers.29.linear_attn.dt_bias from BF16 to FP32 ([32])
[2m2026-09-05T21:29:50.963512Z[0m [32m INFO[0m [2mspark_model::layers::qwen3_ssm::init[0m[2m:[0m GDN state spine: gated_delta_rule_chunk_delta_h_vfused
[2m2026-09-05T21:29:50.963552Z[0m [32m INFO[0m [2mspark_model::weight_loader::qwen35::load_layers::linear_attn_arms[0m[2m:[0m Layer 29: SSM native FP8 — w8a16 decode + prefill
[2m2026-09-05T21:29:50.963609Z[0m [32m INFO[0m [2mspark_model::weight_loader::qwen35::load_layers[0m[2m:[0m Loaded layers 0..30 — 42.7 GB free
[2m2026-09-05T21:29:50.963616Z[0m [32m INFO[0m [2mspark_model::weight_loader::qwen35::load_layers[0m[2m:[0m FP8: skipping NVFP4 routed experts (FP8 fused MoE batch1/2/3 handles all dispatch)
[2m2026-09-05T21:29:50.975981Z[0m [32m INFO[0m [2mspark_model::weight_loader::qwen35::load_layers[0m[2m:[0m Layer 30: MoE experts loaded as native FP8
[2m2026-09-05T21:29:50.975998Z[0m [32m INFO[0m [2mspark_model::weight_loader::qwen35::load_layers::linear_attn_arms[0m[2m:[0m Layer 30: loading SSM FP8 native (block-scaled decode + prefill)
[2m2026-09-05T21:29:50.976266Z[0m [32m INFO[0m [2mspark_model::weight_loader::qwen35::load_layers::linear_attn_arms[0m[2m:[0m Layer 30: SSM QKVZ FP8 [12288,2048] block-scaled, out_proj FP8 [2048,4096] block-scaled
[2m2026-09-05T21:29:50.976437Z[0m [32m INFO[0m [2mspark_model::weight_map::model_a[0m[2m:[0m dense_keep_f32: promoting model.language_model.layers.30.linear_attn.A_log from BF16 to FP32 ([32])
[2m2026-09-05T21:29:50.976471Z[0m [32m INFO[0m [2mspark_model::weight_map::model_a[0m[2m:[0m dense_keep_f32: promoting model.language_model.layers.30.linear_attn.dt_bias from BF16 to FP32 ([32])
[2m2026-09-05T21:29:50.976551Z[0m [32m INFO[0m [2mspark_model::layers::qwen3_ssm::init[0m[2m:[0m GDN state spine: gated_delta_rule_chunk_delta_h_vfused
[2m2026-09-05T21:29:50.976591Z[0m [32m INFO[0m [2mspark_model::weight_loader::qwen35::load_layers::linear_attn_arms[0m[2m:[0m Layer 30: SSM native FP8 — w8a16 decode + prefill
[2m2026-09-05T21:29:50.976597Z[0m [32m INFO[0m [2mspark_model::weight_loader::qwen35::load_layers[0m[2m:[0m FP8: skipping NVFP4 routed experts (FP8 fused MoE batch1/2/3 handles all dispatch)
[2m2026-09-05T21:29:50.988867Z[0m [32m INFO[0m [2mspark_model::weight_loader::qwen35::load_layers[0m[2m:[0m Layer 31: MoE experts loaded as native FP8
[2m2026-09-05T21:29:50.988894Z[0m [32m INFO[0m [2mspark_model::weight_loader::qwen35::load_layers[0m[2m:[0m Layer 31: loading attention FP8 native (zero-copy)
[2m2026-09-05T21:29:50.989014Z[0m [32m INFO[0m [2mspark_model::weight_loader::qwen35::load_layers[0m[2m:[0m Layer 31: FP8 Q/K/V/O loaded, 42.7 GB free
[2m2026-09-05T21:29:50.990036Z[0m [32m INFO[0m [2mspark_model::weight_loader::qwen35::load_layers[0m[2m:[0m Layer 31: FP8 weights transposed for fast prefill
[2m2026-09-05T21:29:50.990048Z[0m [32m INFO[0m [2mspark_model::weight_loader::qwen35::load_layers[0m[2m:[0m FP8: skipping NVFP4 routed experts (FP8 fused MoE batch1/2/3 handles all dispatch)
[2m2026-09-05T21:29:51.002666Z[0m [32m INFO[0m [2mspark_model::weight_loader::qwen35::load_layers[0m[2m:[0m Layer 32: MoE experts loaded as native FP8
[2m2026-09-05T21:29:51.002682Z[0m [32m INFO[0m [2mspark_model::weight_loader::qwen35::load_layers::linear_attn_arms[0m[2m:[0m Layer 32: loading SSM FP8 native (block-scaled decode + prefill)
[2m2026-09-05T21:29:51.002948Z[0m [32m INFO[0m [2mspark_model::weight_loader::qwen35::load_layers::linear_attn_arms[0m[2m:[0m Layer 32: SSM QKVZ FP8 [12288,2048] block-scaled, out_proj FP8 [2048,4096] block-scaled
[2m2026-09-05T21:29:51.003240Z[0m [32m INFO[0m [2mspark_model::weight_map::model_a[0m[2m:[0m dense_keep_f32: promoting model.language_model.layers.32.linear_attn.A_log from BF16 to FP32 ([32])
[2m2026-09-05T21:29:51.003278Z[0m [32m INFO[0m [2mspark_model::weight_map::model_a[0m[2m:[0m dense_keep_f32: promoting model.language_model.layers.32.linear_attn.dt_bias from BF16 to FP32 ([32])
[2m2026-09-05T21:29:51.003362Z[0m [32m INFO[0m [2mspark_model::layers::qwen3_ssm::init[0m[2m:[0m GDN state spine: gated_delta_rule_chunk_delta_h_vfused
[2m2026-09-05T21:29:51.003401Z[0m [32m INFO[0m [2mspark_model::weight_loader::qwen35::load_layers::linear_attn_arms[0m[2m:[0m Layer 32: SSM native FP8 — w8a16 decode + prefill
[2m2026-09-05T21:29:51.003408Z[0m [32m INFO[0m [2mspark_model::weight_loader::qwen35::load_layers[0m[2m:[0m FP8: skipping NVFP4 routed experts (FP8 fused MoE batch1/2/3 handles all dispatch)
[2m2026-09-05T21:29:51.015748Z[0m [32m INFO[0m [2mspark_model::weight_loader::qwen35::load_layers[0m[2m:[0m Layer 33: MoE experts loaded as native FP8
[2m2026-09-05T21:29:51.015764Z[0m [32m INFO[0m [2mspark_model::weight_loader::qwen35::load_layers::linear_attn_arms[0m[2m:[0m Layer 33: loading SSM FP8 native (block-scaled decode + prefill)
[2m2026-09-05T21:29:51.016028Z[0m [32m INFO[0m [2mspark_model::weight_loader::qwen35::load_layers::linear_attn_arms[0m[2m:[0m Layer 33: SSM QKVZ FP8 [12288,2048] block-scaled, out_proj FP8 [2048,4096] block-scaled
[2m2026-09-05T21:29:51.016194Z[0m [32m INFO[0m [2mspark_model::weight_map::model_a[0m[2m:[0m dense_keep_f32: promoting model.language_model.layers.33.linear_attn.A_log from BF16 to FP32 ([32])
[2m2026-09-05T21:29:51.016232Z[0m [32m INFO[0m [2mspark_model::weight_map::model_a[0m[2m:[0m dense_keep_f32: promoting model.language_model.layers.33.linear_attn.dt_bias from BF16 to FP32 ([32])
[2m2026-09-05T21:29:51.016313Z[0m [32m INFO[0m [2mspark_model::layers::qwen3_ssm::init[0m[2m:[0m GDN state spine: gated_delta_rule_chunk_delta_h_vfused
[2m2026-09-05T21:29:51.016353Z[0m [32m INFO[0m [2mspark_model::weight_loader::qwen35::load_layers::linear_attn_arms[0m[2m:[0m Layer 33: SSM native FP8 — w8a16 decode + prefill
[2m2026-09-05T21:29:51.016359Z[0m [32m INFO[0m [2mspark_model::weight_loader::qwen35::load_layers[0m[2m:[0m FP8: skipping NVFP4 routed experts (FP8 fused MoE batch1/2/3 handles all dispatch)
[2m2026-09-05T21:29:51.028773Z[0m [32m INFO[0m [2mspark_model::weight_loader::qwen35::load_layers[0m[2m:[0m Layer 34: MoE experts loaded as native FP8
[2m2026-09-05T21:29:51.028789Z[0m [32m INFO[0m [2mspark_model::weight_loader::qwen35::load_layers::linear_attn_arms[0m[2m:[0m Layer 34: loading SSM FP8 native (block-scaled decode + prefill)
[2m2026-09-05T21:29:51.029059Z[0m [32m INFO[0m [2mspark_model::weight_loader::qwen35::load_layers::linear_attn_arms[0m[2m:[0m Layer 34: SSM QKVZ FP8 [12288,2048] block-scaled, out_proj FP8 [2048,4096] block-scaled
[2m2026-09-05T21:29:51.029222Z[0m [32m INFO[0m [2mspark_model::weight_map::model_a[0m[2m:[0m dense_keep_f32: promoting model.language_model.layers.34.linear_attn.A_log from BF16 to FP32 ([32])
[2m2026-09-05T21:29:51.029257Z[0m [32m INFO[0m [2mspark_model::weight_map::model_a[0m[2m:[0m dense_keep_f32: promoting model.language_model.layers.34.linear_attn.dt_bias from BF16 to FP32 ([32])
[2m2026-09-05T21:29:51.029341Z[0m [32m INFO[0m [2mspark_model::layers::qwen3_ssm::init[0m[2m:[0m GDN state spine: gated_delta_rule_chunk_delta_h_vfused
[2m2026-09-05T21:29:51.029381Z[0m [32m INFO[0m [2mspark_model::weight_loader::qwen35::load_layers::linear_attn_arms[0m[2m:[0m Layer 34: SSM native FP8 — w8a16 decode + prefill
[2m2026-09-05T21:29:51.029387Z[0m [32m INFO[0m [2mspark_model::weight_loader::qwen35::load_layers[0m[2m:[0m FP8: skipping NVFP4 routed experts (FP8 fused MoE batch1/2/3 handles all dispatch)
[2m2026-09-05T21:29:51.041788Z[0m [32m INFO[0m [2mspark_model::weight_loader::qwen35::load_layers[0m[2m:[0m Layer 35: MoE experts loaded as native FP8
[2m2026-09-05T21:29:51.041804Z[0m [32m INFO[0m [2mspark_model::weight_loader::qwen35::load_layers[0m[2m:[0m Layer 35: loading attention FP8 native (zero-copy)
[2m2026-09-05T21:29:51.041923Z[0m [32m INFO[0m [2mspark_model::weight_loader::qwen35::load_layers[0m[2m:[0m Layer 35: FP8 Q/K/V/O loaded, 42.6 GB free
[2m2026-09-05T21:29:51.042912Z[0m [32m INFO[0m [2mspark_model::weight_loader::qwen35::load_layers[0m[2m:[0m Layer 35: FP8 weights transposed for fast prefill
[2m2026-09-05T21:29:51.042923Z[0m [32m INFO[0m [2mspark_model::weight_loader::qwen35::load_layers[0m[2m:[0m FP8: skipping NVFP4 routed experts (FP8 fused MoE batch1/2/3 handles all dispatch)
[2m2026-09-05T21:29:51.055349Z[0m [32m INFO[0m [2mspark_model::weight_loader::qwen35::load_layers[0m[2m:[0m Layer 36: MoE experts loaded as native FP8
[2m2026-09-05T21:29:51.055365Z[0m [32m INFO[0m [2mspark_model::weight_loader::qwen35::load_layers::linear_attn_arms[0m[2m:[0m Layer 36: loading SSM FP8 native (block-scaled decode + prefill)
[2m2026-09-05T21:29:51.055634Z[0m [32m INFO[0m [2mspark_model::weight_loader::qwen35::load_layers::linear_attn_arms[0m[2m:[0m Layer 36: SSM QKVZ FP8 [12288,2048] block-scaled, out_proj FP8 [2048,4096] block-scaled
[2m2026-09-05T21:29:51.055803Z[0m [32m INFO[0m [2mspark_model::weight_map::model_a[0m[2m:[0m dense_keep_f32: promoting model.language_model.layers.36.linear_attn.A_log from BF16 to FP32 ([32])
[2m2026-09-05T21:29:51.055837Z[0m [32m INFO[0m [2mspark_model::weight_map::model_a[0m[2m:[0m dense_keep_f32: promoting model.language_model.layers.36.linear_attn.dt_bias from BF16 to FP32 ([32])
[2m2026-09-05T21:29:51.055917Z[0m [32m INFO[0m [2mspark_model::layers::qwen3_ssm::init[0m[2m:[0m GDN state spine: gated_delta_rule_chunk_delta_h_vfused
[2m2026-09-05T21:29:51.055957Z[0m [32m INFO[0m [2mspark_model::weight_loader::qwen35::load_layers::linear_attn_arms[0m[2m:[0m Layer 36: SSM native FP8 — w8a16 decode + prefill
[2m2026-09-05T21:29:51.055963Z[0m [32m INFO[0m [2mspark_model::weight_loader::qwen35::load_layers[0m[2m:[0m FP8: skipping NVFP4 routed experts (FP8 fused MoE batch1/2/3 handles all dispatch)
[2m2026-09-05T21:29:51.068394Z[0m [32m INFO[0m [2mspark_model::weight_loader::qwen35::load_layers[0m[2m:[0m Layer 37: MoE experts loaded as native FP8
[2m2026-09-05T21:29:51.068410Z[0m [32m INFO[0m [2mspark_model::weight_loader::qwen35::load_layers::linear_attn_arms[0m[2m:[0m Layer 37: loading SSM FP8 native (block-scaled decode + prefill)
[2m2026-09-05T21:29:51.068672Z[0m [32m INFO[0m [2mspark_model::weight_loader::qwen35::load_layers::linear_attn_arms[0m[2m:[0m Layer 37: SSM QKVZ FP8 [12288,2048] block-scaled, out_proj FP8 [2048,4096] block-scaled
[2m2026-09-05T21:29:51.068965Z[0m [32m INFO[0m [2mspark_model::weight_map::model_a[0m[2m:[0m dense_keep_f32: promoting model.language_model.layers.37.linear_attn.A_log from BF16 to FP32 ([32])
[2m2026-09-05T21:29:51.069001Z[0m [32m INFO[0m [2mspark_model::weight_map::model_a[0m[2m:[0m dense_keep_f32: promoting model.language_model.layers.37.linear_attn.dt_bias from BF16 to FP32 ([32])
[2m2026-09-05T21:29:51.069084Z[0m [32m INFO[0m [2mspark_model::layers::qwen3_ssm::init[0m[2m:[0m GDN state spine: gated_delta_rule_chunk_delta_h_vfused
[2m2026-09-05T21:29:51.069124Z[0m [32m INFO[0m [2mspark_model::weight_loader::qwen35::load_layers::linear_attn_arms[0m[2m:[0m Layer 37: SSM native FP8 — w8a16 decode + prefill
[2m2026-09-05T21:29:51.069130Z[0m [32m INFO[0m [2mspark_model::weight_loader::qwen35::load_layers[0m[2m:[0m FP8: skipping NVFP4 routed experts (FP8 fused MoE batch1/2/3 handles all dispatch)
[2m2026-09-05T21:29:51.081709Z[0m [32m INFO[0m [2mspark_model::weight_loader::qwen35::load_layers[0m[2m:[0m Layer 38: MoE experts loaded as native FP8
[2m2026-09-05T21:29:51.081727Z[0m [32m INFO[0m [2mspark_model::weight_loader::qwen35::load_layers::linear_attn_arms[0m[2m:[0m Layer 38: loading SSM FP8 native (block-scaled decode + prefill)
[2m2026-09-05T21:29:51.081976Z[0m [32m INFO[0m [2mspark_model::weight_loader::qwen35::load_layers::linear_attn_arms[0m[2m:[0m Layer 38: SSM QKVZ FP8 [12288,2048] block-scaled, out_proj FP8 [2048,4096] block-scaled
[2m2026-09-05T21:29:51.082140Z[0m [32m INFO[0m [2mspark_model::weight_map::model_a[0m[2m:[0m dense_keep_f32: promoting model.language_model.layers.38.linear_attn.A_log from BF16 to FP32 ([32])
[2m2026-09-05T21:29:51.082178Z[0m [32m INFO[0m [2mspark_model::weight_map::model_a[0m[2m:[0m dense_keep_f32: promoting model.language_model.layers.38.linear_attn.dt_bias from BF16 to FP32 ([32])
[2m2026-09-05T21:29:51.082261Z[0m [32m INFO[0m [2mspark_model::layers::qwen3_ssm::init[0m[2m:[0m GDN state spine: gated_delta_rule_chunk_delta_h_vfused
[2m2026-09-05T21:29:51.082301Z[0m [32m INFO[0m [2mspark_model::weight_loader::qwen35::load_layers::linear_attn_arms[0m[2m:[0m Layer 38: SSM native FP8 — w8a16 decode + prefill
[2m2026-09-05T21:29:51.082308Z[0m [32m INFO[0m [2mspark_model::weight_loader::qwen35::load_layers[0m[2m:[0m FP8: skipping NVFP4 routed experts (FP8 fused MoE batch1/2/3 handles all dispatch)
[2m2026-09-05T21:29:51.094752Z[0m [32m INFO[0m [2mspark_model::weight_loader::qwen35::load_layers[0m[2m:[0m Layer 39: MoE experts loaded as native FP8
[2m2026-09-05T21:29:51.094769Z[0m [32m INFO[0m [2mspark_model::weight_loader::qwen35::load_layers[0m[2m:[0m Layer 39: loading attention FP8 native (zero-copy)
[2m2026-09-05T21:29:51.094887Z[0m [32m INFO[0m [2mspark_model::weight_loader::qwen35::load_layers[0m[2m:[0m Layer 39: FP8 Q/K/V/O loaded, 42.5 GB free
[2m2026-09-05T21:29:51.095880Z[0m [32m INFO[0m [2mspark_model::weight_loader::qwen35::load_layers[0m[2m:[0m Layer 39: FP8 weights transposed for fast prefill
[2m2026-09-05T21:29:51.095923Z[0m [32m INFO[0m [2mspark_model::weight_loader::qwen35::load_layers[0m[2m:[0m Loaded layers 0..40 — 42.4 GB free
[2m2026-09-05T21:29:51.095928Z[0m [32m INFO[0m [2mspark_model::weight_loader::qwen35::load_layers[0m[2m:[0m Qwen3.5 weight loader: 40 layers (10 attention, 30 linear_attn)
[2m2026-09-05T21:29:51.095955Z[0m [32m INFO[0m [2mspark_model::factory::build[0m[2m:[0m Layer construction: 1.16 GB consumed (46.73 GB free -> 45.58 GB free) across 40 layers, 28.9 MB/layer average
[2m2026-09-05T21:29:51.095963Z[0m [32m INFO[0m [2mspark_model::weight_loader::qwen35[0m[2m:[0m Loading MTP weights (256 experts, variant=Fp8Dequanted)...
[2m2026-09-05T21:29:51.175834Z[0m [32m INFO[0m [2mspark_model::weight_loader::qwen35[0m[2m:[0m MTP weights loaded: fc=[2048,4096], 256 experts, attn layer
[2m2026-09-05T21:29:51.175994Z[0m [33m WARN[0m [2mspark_model::layers::vision_encoder::enc_impl::init[0m[2m:[0m Vision encoder capacity 16384 patches (2048x2048 px) — the resolved area bound wanted 65536 patches, clamped: the ViT score matrix is O(patches^2) and 65536 would need ~24.0 GB of scratch. Lower --vision-max-pixels to reclaim memory, or raise CEILING_MAX_PATCHES only alongside tiled ViT attention.
[2m2026-09-05T21:29:51.178699Z[0m [32m INFO[0m [2mspark_model::weight_loader::qwen35[0m[2m:[0m Qwen3.6 vision encoder loaded: depth=27, hidden=1152, heads=16, FP8-blocks>=4
[2m2026-09-05T21:29:51.178711Z[0m [32m INFO[0m [2mspark_model::quant_format[0m[2m:[0m QuantFormat: fp8 (block-scaled), 0 ignored module(s)
[2m2026-09-05T21:29:51.180777Z[0m [32m INFO[0m [2mspark_model::factory::lm_head_setup[0m[2m:[0m LM head quantized to NVFP4 (vocab=248070)
[2m2026-09-05T21:29:51.183618Z[0m [32m INFO[0m [2mspark_runtime::buffers[0m[2m:[0m Buffer arena: 32800 tokens × 7811.9 MB total (attn_out=256.2MB, ssm_deint=768.8MB, kv_lora_rank=0)
[2m2026-09-05T21:29:51.184019Z[0m [32m INFO[0m [2mspark_model::factory::build[0m[2m:[0m KV budget self-relative (ledger): Atlas-own 45.4 GB live in the alloc ledger; 0.8 GB of co-tenant/page-cache use excluded (set ATLAS_KV_EXTERNAL_RESERVE_GB to override)
[2m2026-09-05T21:29:51.184029Z[0m [32m INFO[0m [2mspark_model::factory::build[0m[2m:[0m KV cache: 79.2 GB total × 90% util = 71.3 GB budget; 45.4 GB pre-KV + 20.4 GB reserve → 5.4 GB for KV → 25487 blocks × 16 tok/block = 407792 max KV tokens
[2m2026-09-05T21:29:51.184036Z[0m [33m WARN[0m [2mspark_model::factory::build[0m[2m:[0m KV OVERCOMMIT: pool fits 6 seq(s) at full --max-seq-len=65536 but --max-batch-size=32 requested (4096 block(s)/seq, 25487 block(s) total). Paged KV allocates on demand; long-context bursts are back-pressured at the block allocator, not refused at boot.
[2m2026-09-05T21:29:51.186574Z[0m [32m INFO[0m [2mspark_runtime::kv_cache::paged_impl[0m[2m:[0m KV cache: 25487 blocks × 10 layers (4 high-precision) = 5.4 GB total (mixed dtype)
[2m2026-09-05T21:29:51.186765Z[0m [32m INFO[0m [2mspark_model::model::drafter_context[0m[2m:[0m MTP drafter context: prefill=ON carry=ON (default). Disable both with ATLAS_NO_MTP_DRAFTER_CONTEXT=1.
[2m2026-09-05T21:29:51.186773Z[0m [32m INFO[0m [2mspark_model::model::impl_a1[0m[2m:[0m TransformerModel: 40 layers, vocab=248070, hidden=2048
[2m2026-09-05T21:29:51.188041Z[0m [32m INFO[0m [2mspark_model::model::ssm_pool[0m[2m:[0m SSM state pool: 32 slots × 30 layers = 2040 MB
[2m2026-09-05T21:29:51.203503Z[0m [32m INFO[0m [2mspark_model::model::ssm_snapshot[0m[2m:[0m SSM snapshot pool: Marconi 16 slots (1020 MB), decode-rollback 8 slots × 32 seqs (16320 MB), 30 layers
[2m2026-09-05T21:29:51.203524Z[0m [32m INFO[0m [2mspark_model::model::impl_a1[0m[2m:[0m Marconi intermediate checkpoints: every 256 blocks (4096 tokens at block_size=16)
[2m2026-09-05T21:29:51.205199Z[0m [33m WARN[0m [2mspark_model::model::impl_a1[0m[2m:[0m lm_head twin uses a PADDED stride (248192 != vocab 248070): this target's w4a16_gemm_t MUST accept the `ldb` argument, or decode at padded_n>=5 will read sheared rows. Disable with ATLAS_NO_LMHEAD_TGEMM=1.
[2m2026-09-05T21:29:51.205216Z[0m [32m INFO[0m [2mspark_model::model::impl_a1[0m[2m:[0m lm_head transposed twin: vocab=248070 -> padded stride=248192 (vocab%16=6), tile GEMM active
[2m2026-09-05T21:29:51.205221Z[0m [32m INFO[0m [2mspark_model::model::impl_a1_init[0m[2m:[0m MTP weights available (1 module(s)) but --speculative not set, skipping MTP head construction
[2m2026-09-05T21:29:51.207565Z[0m [32m INFO[0m [2mspark_model::model::impl_a1[0m[2m:[0m Pinned metadata staging: 3203 KB
[2m2026-09-05T21:29:51.208353Z[0m [32m INFO[0m [2mspark_model::model::impl_a1_init[0m[2m:[0m GDN prefill buffers: 1033 MB for 32800 tokens (chunked SSM prefill)
[2m2026-09-05T21:29:51.227540Z[0m [32m INFO[0m [2mspark_model::factory::build[0m[2m:[0m GPU allocation ledger: 76.33 GB live across 68 sites
[2m2026-09-05T21:29:51.227555Z[0m [32m INFO[0m [2mspark_model::factory::build[0m[2m:[0m     35719.7 MB  x64196 crates/spark-runtime/src/fast_weights/mod.rs:413
[2m2026-09-05T21:29:51.227558Z[0m [32m INFO[0m [2mspark_model::factory::build[0m[2m:[0m     15360.0 MB  x30    crates/spark-model/src/model/ssm_snapshot.rs:180
[2m2026-09-05T21:29:51.227560Z[0m [32m INFO[0m [2mspark_model::factory::build[0m[2m:[0m      2787.6 MB  x10    crates/spark-runtime/src/kv_cache/paged_impl.rs:27
[2m2026-09-05T21:29:51.227563Z[0m [32m INFO[0m [2mspark_model::factory::build[0m[2m:[0m      2787.6 MB  x10    crates/spark-runtime/src/kv_cache/paged_impl.rs:28
[2m2026-09-05T21:29:51.227565Z[0m [32m INFO[0m [2mspark_model::factory::build[0m[2m:[0m      2103.8 MB  x2     crates/spark-model/src/model/ssm_pool.rs:149
[2m2026-09-05T21:29:51.227568Z[0m [32m INFO[0m [2mspark_model::factory::build[0m[2m:[0m      1594.0 MB  x775   crates/spark-model/src/weight_map/quant_helpers.rs:98
[2m2026-09-05T21:29:51.227570Z[0m [32m INFO[0m [2mspark_model::factory::build[0m[2m:[0m      1537.5 MB  x1     crates/spark-runtime/src/buffers.rs:175
[2m2026-09-05T21:29:51.227572Z[0m [32m INFO[0m [2mspark_model::factory::build[0m[2m:[0m      1326.6 MB  x1     crates/spark-runtime/src/buffers.rs:200
[2m2026-09-05T21:29:51.227575Z[0m [32m INFO[0m [2mspark_model::factory::build[0m[2m:[0m      1025.0 MB  x1     crates/spark-runtime/src/buffers.rs:179
[2m2026-09-05T21:29:51.227577Z[0m [32m INFO[0m [2mspark_model::factory::build[0m[2m:[0m       960.0 MB  x30    crates/spark-model/src/model/ssm_snapshot.rs:181
[2m2026-09-05T21:29:51.227579Z[0m [32m INFO[0m [2mspark_model::factory::build[0m[2m:[0m       960.0 MB  x30    crates/spark-model/src/model/ssm_snapshot.rs:165
[2m2026-09-05T21:29:51.227582Z[0m [32m INFO[0m [2mspark_model::factory::build[0m[2m:[0m       768.8 MB  x1     crates/spark-runtime/src/buffers.rs:173
[2m2026-09-05T21:29:51.227584Z[0m [32m INFO[0m [2mspark_model::factory::build[0m[2m:[0m      5859.0 MB  across 56 smaller sites
[2m2026-09-05T21:29:51.227586Z[0m [32m INFO[0m [2mspark_model::factory::build[0m[2m:[0m   ── by file ──
[2m2026-09-05T21:29:51.227589Z[0m [32m INFO[0m [2mspark_model::factory::build[0m[2m:[0m     35719.7 MB  x64196 crates/spark-runtime/src/fast_weights/mod.rs
[2m2026-09-05T21:29:51.227591Z[0m [32m INFO[0m [2mspark_model::factory::build[0m[2m:[0m     17340.1 MB  x121   crates/spark-model/src/model/ssm_snapshot.rs
[2m2026-09-05T21:29:51.227593Z[0m [32m INFO[0m [2mspark_model::factory::build[0m[2m:[0m      7811.9 MB  x31    crates/spark-runtime/src/buffers.rs
[2m2026-09-05T21:29:51.227595Z[0m [32m INFO[0m [2mspark_model::factory::build[0m[2m:[0m      5575.3 MB  x20    crates/spark-runtime/src/kv_cache/paged_impl.rs
[2m2026-09-05T21:29:51.227598Z[0m [32m INFO[0m [2mspark_model::factory::build[0m[2m:[0m      2103.8 MB  x2     crates/spark-model/src/model/ssm_pool.rs
[2m2026-09-05T21:29:51.227600Z[0m [32m INFO[0m [2mspark_model::factory::build[0m[2m:[0m      1594.0 MB  x775   crates/spark-model/src/weight_map/quant_helpers.rs
[2m2026-09-05T21:29:51.227603Z[0m [32m INFO[0m [2mspark_model::factory::build[0m[2m:[0m      1033.0 MB  x4     crates/spark-model/src/model/impl_a1_init.rs
[2m2026-09-05T21:29:51.227605Z[0m [32m INFO[0m [2mspark_model::factory::build[0m[2m:[0m       720.2 MB  x60    crates/spark-model/src/weight_loader/qwen35/load_layers/linear_attn_arms.rs
[2m2026-09-05T21:29:51.227607Z[0m [32m INFO[0m [2mspark_model::factory::build[0m[2m:[0m       532.7 MB  x82    crates/spark-model/src/weight_map/quantized.rs
[2m2026-09-05T21:29:51.227610Z[0m [32m INFO[0m [2mspark_model::factory::build[0m[2m:[0m       347.9 MB  x31453 crates/spark-model/src/weight_map/loaders_fp8.rs
[2m2026-09-05T21:29:51.227612Z[0m [32m INFO[0m [2mspark_model::factory::build[0m[2m:[0m         7.5 MB  x30    crates/spark-model/src/weight_map/fp8_lut.rs
[2m2026-09-05T21:29:51.227617Z[0m [32m INFO[0m [2mspark_model::factory::build[0m[2m:[0m         2.5 MB  x40    crates/spark-model/src/layers/moe/init.rs
[2m2026-09-05T21:29:51.227833Z[0m [32m INFO[0m [2mspark_model::factory::build[0m[2m:[0m util pledge honored: 71.1 GB tracked live within the 71.3 GB budget (0.2 GB pledge headroom)
[2m2026-09-05T21:29:51.298872Z[0m [32m INFO[0m [2mspark::main_modules::serve_phases::kernel_gate[0m[2m:[0m 
┌─ Kernel load audit ─ 173 kernels embedded · set-hash e3aea0fdeb04 ─
│ MODULE (operation)                 PTX-HASH       RESOLUTION           SHADOWED
│ ────────────────────────────────────────────────────────────────────────────────────
│ argmax                             a3d8f119da7a   used                 N
│ bf16_add                           c545be6b71cf   -                    N
│ causal_conv1d                      7ab0b25e6e35   used                 N
│ dense_gemv_bf16_batch2             e1f4168736fb   used                 N
│ dense_gemv_bf16_batchm             81909bd83184   used                 N
│ dense_gemv_fp8w_batch2             a567517f18dc   used                 N
│ dequant_fp8_blockscaled_bf16       7ca785f6615b   used                 N
│ dequant_gguf_bf16                  3ea7d0fc8c6f   used                 N
│ dequant_nvfp4_bf16                 f19c898469a3   -                    N
│ dflash2                            505e703883e7   -                    N
│ e2m1                               ee092f6a0007   -                    N
│ embed_from_argmax                  33d7f5f7f9ec   used                 N
│ fp8_gemm_t_blockscaled             e38442d64e75   used                 N
│ fp8_gemv_rt                        3eaa87894534   -                    N
│ fused_k_norm_rope_cache            274a231d8067   used                 N
│ gated_delta_rule                   19171cff0f29   used                 N
│ gated_delta_rule_fla               b314a4eac529   used                 N
│ gated_delta_rule_persistent        c07d74224169   used                 N
│ gated_delta_rule_regresident       fc021d4f0478   used                 N
│ gated_delta_rule_wy                1f709adb59e1   used                 N
│ gated_delta_rule_wy17              5710cd8277c5   used                 N
│ gated_delta_rule_wy2_resident      5ef790286dd4   used                 N
│ gated_delta_rule_wy2_resident_f16  6241545d5063   used                 N
│ gated_delta_rule_wy3               f9c827f61f90   used                 N
│ gated_delta_rule_wy3_f16           89fc19007532   used                 N
│ gated_delta_rule_wy3_resident      fca8d31d0845   used                 N
│ gated_delta_rule_wy3_resident_f16  b5e49523c387   used                 N
│ gated_delta_rule_wy4               564b543b338f   used                 N
│ gated_delta_rule_wy4_f16           89c1fed78a9f   used                 N
│ gated_delta_rule_wy64_prefill      d3decc3327aa   used                 N
│ gated_delta_rule_wy_f16            51c86719c030   used                 N
│ gated_delta_rule_wyn               cdc277e13c48   used                 N
│ gdn_verify_fused_conv_kn           66bd2cc1acf2   used                 N
│ gdn_verify_fused_k2                32f1b2749c62   used                 N
│ gemm                               0efe3af7944d   used                 N
│ gemm_splitk                        0c472718bd89   used                 N
│ gemm_tc                            c9cd4a74aa86   used                 N
│ gemv                               98694eec2dfa   used                 N
│ gemv_fp8w                          64caf0b46229   used                 N
│ inferspark_decode                  5135eced3f7f   -                    N
│ inferspark_prefill                 cf58fea48707   used                 N
│ inferspark_prefill_h128            b8e20d30cc9b   -                    N
│ inferspark_prefill_paged_512       f9c2777dc77d   -                    N
│ inferspark_prefill_paged_batched   e3e19bfa20a2   used                 N
│ inferspark_prefill_paged_fp8_batched dabea5428b89   used                 N
│ inferspark_prefill_paged_nvfp4_batched 9728f96cbb4d   used                 N
│ inferspark_prefill_v47             a75c748d0c9f   -                    N
│ kv_cache                           2b4e52b6d337   -                    N
│ lora_bgmv                          c92ad2a0e2bc   -                    N
│ mamba2_ssd_chunk                   39635a3f8333   -                    N
│ mamba2_ssm                         ab9f97ce499b   -                    N
│ metadata_fill                      1d5bf751196c   used                 N
│ moe                                c0c4cff565f5   used                 N
│ moe_bf16_grouped_gemm              07cb1657897f   used                 N
│ moe_decode_atomic_c4               0b21e7b32872   used                 N
│ moe_expert_gemv                    bc99a28c1fbe   used                 N
│ moe_expert_gemv_fused              fcb5c21d01e5   -                    N
│ moe_fp8_grouped_gemm               b7cc6e252b3e   used                 N
│ moe_fused_batch2                   5c35a6941de7   used                 N
│ moe_fused_batch3                   f63c53f276e3   used                 N
│ moe_gate_topk                      a8fd3c3b3db9   used                 N
│ moe_hash_route                     4c9092b0b5bd   used                 N
│ moe_lora_gather_bgmv               fe7e1af640f6   -                    N
│ moe_lora_grouped_down              197182c49d84   -                    N
│ moe_prefill                        97146a516b9b   used                 N
│ moe_relu2_fused                    a72403bf6dd7   -                    N
│ moe_shared_expert_fused            b68db854cf10   used                 N
│ moe_shared_expert_fused_batch2_t   b83c587dd066   used                 N
│ moe_shared_expert_fused_batch3_t   141b291be42d   used                 N
│ moe_shared_expert_fused_bf16       110548889e0f   used                 N
│ moe_shared_expert_fused_bf16_batch2 e562ae77741f   used                 N
│ moe_shared_expert_fused_fp8        9ee897f90bf4   used                 N
│ moe_shared_expert_fused_fp8_batch2 b4c0ae76cd35   used                 N
│ moe_shared_expert_fused_fp8_batch2_t 152d4f318a09   used                 N
│ moe_shared_expert_fused_fp8_batch3 fbba7016b029   used                 N
│ moe_shared_expert_fused_fp8_batch3_t 0387c0d01bd7   used                 N
│ moe_shared_expert_fused_fp8_t      8542d58d5a49   used                 N
│ moe_shared_expert_fused_t          90de732f2498   used                 N
│ moe_silu_mul                       944a461c9c33   used                 N
│ moe_sorted                         4e3692d4b59c   used                 N
│ moe_topk                           ceaf62b9ee78   used                 N
│ moe_topk_sig                       c9078eb548f0   used                 N
│ moe_topk_softmax_bias              9e33f60b21f0   used                 N
│ moe_topk_sqrt                      55316962d0f0   used                 N
│ moe_transpose_batched              548c1c368da1   used                 N
│ moe_w4a16                          a2b22be8e25e   used                 Y (1 dropped)
│ moe_w8a8_grouped_gemm              2ab8b585f13a   used                 N
│ nemotron_moe_prefill               7d611384a880   -                    N
│ nllb_encoder                       9c06ebec859c   -                    N
│ norm                               39583f167b56   used                 N
│ paged_decode                       f9cf37f937a3   used                 N
│ paged_decode_bf16k_turbo2v         ae57e28ccf0a   -                    N
│ paged_decode_bf16k_turbo2v_128     c72279607077   -                    N
│ paged_decode_bf16k_turbo3v         0a00279aedf6   -                    N
│ paged_decode_bf16k_turbo3v_128     cf4f70644d26   -                    N
│ paged_decode_bf16k_turbo4v         f10fe0d153c6   -                    N
│ paged_decode_bf16k_turbo4v_128     084f13d8a3bc   -                    N
│ paged_decode_fp8                   e5acd87bc335   used                 N
│ paged_decode_fp8k_turbo2v          73568425d01b   -                    N
│ paged_decode_fp8k_turbo2v_128      f95969bfa730   -                    N
│ paged_decode_fp8k_turbo3v          7875a2251caf   -                    N
│ paged_decode_fp8k_turbo3v_128      c27da47baf4a   -                    N
│ paged_decode_fp8k_turbo4v          be5202228465   -                    N
│ paged_decode_fp8k_turbo4v_128      16c05e5cad14   -                    N
│ paged_decode_nvfp4                 2075fb3fac85   -                    N
│ paged_decode_turbo2                f4e19492e218   -                    N
│ paged_decode_turbo2_128            81cdb2be29f6   -                    N
│ paged_decode_turbo3                31ad1778a26f   -                    N
│ paged_decode_turbo3_128            dc2ff01c04f1   -                    N
│ paged_decode_turbo3k_turbo8v       3e8243b1561a   -                    N
│ paged_decode_turbo3k_turbo8v_128   80b7daca9986   -                    N
│ paged_decode_turbo4                195bbebc87b0   -                    N
│ paged_decode_turbo4_128            121f53435ee4   -                    N
│ paged_decode_turbo4_512            e53a1bd3d8a8   -                    N
│ paged_decode_turbo4k_turbo3v       ddd70af4c1be   -                    N
│ paged_decode_turbo4k_turbo3v_128   4eac023391a7   -                    N
│ paged_decode_turbo4k_turbo8v       7e4af1d8d58f   -                    N
│ paged_decode_turbo4k_turbo8v_128   d6129769be1d   -                    N
│ paged_decode_turbo8                a3cebd74bed2   -                    N
│ paged_decode_turbo8_128            a7811959aad6   -                    N
│ paged_decode_turbo8_512            d85b7e70ef63   -                    N
│ per_token_group_quant_fp8          60432b374f77   used                 N
│ prefill_fp8kv                      1723bd8cece8   -                    N
│ prefill_paged                      16ac23f76bca   used                 N
│ prefill_paged_bf16k_turbo2v        5632304dc8ff   used                 N
│ prefill_paged_bf16k_turbo3v        10bba38b0548   used                 N
│ prefill_paged_bf16k_turbo4v        1677758ae47a   used                 N
│ prefill_paged_fp8                  c28e747ccf9f   used                 N
│ prefill_paged_fp8k_turbo2v         2df8caa3927b   used                 N
│ prefill_paged_fp8k_turbo3v         2d57552506fb   used                 N
│ prefill_paged_fp8k_turbo4v         c2166490c6d3   used                 N
│ prefill_paged_indirect             897275212550   -                    N
│ prefill_paged_nvfp4                ce0d8d9a60d3   used                 N
│ prefill_paged_turbo2               a9a23e2b3d03   used                 N
│ prefill_paged_turbo3               ce0017962e68   used                 N
│ prefill_paged_turbo3k_turbo8v      1f1892971511   used                 N
│ prefill_paged_turbo4               7c58b7ce9229   used                 N
│ prefill_paged_turbo4k_turbo3v      12db335dcfdd   used                 N
│ prefill_paged_turbo4k_turbo8v      081397cc5fb8   used                 N
│ prefill_paged_turbo8               e45bf3407a1b   used                 N
│ q2_0_gemv                          d94e369bebea   -                    N
│ q2_0_gemv_vec                      461e4edb18bb   used                 N
│ quant_rowwise_fp8                  1e626b8a3a25   -                    N
│ quantize_bf16_to_fp8_blockscaled   68ebed9e2706   -                    N
│ quantize_nvfp4                     225759ad81f9   used                 N
│ relu2                              9ca7d0d89bcb   -                    N
│ reshape_and_cache                  1ff39b18cce3   used                 N
│ reshape_and_cache_turbo            5bd3666c2efb   -                    N
│ residual_add                       6f5cda944230   used                 N
│ rms_norm_vanilla                   afca074afa31   -                    N
│ rope                               0c9e11777609   used                 N
│ rope_mrope_interleaved             3ad05b8ad684   used                 N
│ ssm_h_dtype                        71fc4ec62b4a   used                 N
│ ssm_preprocess                     be3ce7f5576c   used                 N
│ ssm_state_norm                     d360f511d031   used                 N
│ token_overlay                      36b987f13fe3   used                 N
│ tq_plus_innerq_apply               f386b419370d   used                 N
│ transpose_u8                       231b85b903d6   used                 N
│ vector_add                         c5307a23277d   -                    N
│ vision_encoder                     5d5643ec9948   used                 N
│ w4a16                              04f476dd922a   used                 Y (1 dropped)
│ w4a16_fp8_ldmab                    26f1c1f2dd4e   -                    N
│ w4a16_gemv                         2f285c75f86d   used                 N
│ w4a16_gemv_fused                   9e9778cd14d2   used                 N
│ w8a16_gemm                         e974f7e0d13f   used                 N
│ w8a16_gemm_pipelined               15f207518fa6   used                 N
│ w8a16_gemm_t                       60091e2746f7   used                 N
│ w8a16_gemm_t_m128                  7ff753cd8aa3   used                 N
│ w8a16_gemv                         55805d4299d9   used                 N
│ w8a16_gemv_batch4                  a5a48306d4d1   used                 N
│ w8a16_gemv_fused                   646930a34817   -                    N
│ wht_bf16                           4a07ee00eb6c   used                 N
│ widen_block_scale_f32              6db3bf165dfa   used                 N
└─

20 kernel(s) declared expected-absent in this target's MODEL.toml [expected_absent] (no action):
    gated_delta_rule::gated_delta_rule_decode_f16_norm, gated_delta_rule::gated_delta_rule_decode_f16_strided_norm_half, gated_delta_rule::gated_delta_rule_decode_f32_strided_norm_half, gated_delta_rule::gated_delta_rule_decode_f32_strided_norm_smem, gated_delta_rule_snap::gated_delta_rule_decode_f32_norm_snap, gated_delta_rule_snap::gated_delta_rule_decode_f32_strided_norm_snap, gdn_verify_fused_conv_kn_f32::gdn_verify_fused_conv_kn_f32, moe_w4a16::moe_w4a16_down_t_k64_fp4, moe_w4a16::moe_w4a16_fused_gate_up_t_e8m0, moe_w4a16::moe_w4a16_fused_gate_up_t_k64_e8m0, moe_w4a16::moe_w4a16_fused_gate_up_t_k64_fp4, moe_w4a16::moe_w4a16_fused_gate_up_t_k64_m128, moe_w4a16::moe_w4a16_grouped_gemm_ptrtable_e8m0, moe_w4a16::moe_w4a16_grouped_gemm_ptrtable_t_e8m0, moe_w4a16::moe_w4a16_grouped_gemm_ptrtable_t_k64_e8m0, w4a16::w4a16_gemm_t_k64_n64_p3, w4a16::w4a16_gemm_t_k64_p3, w4a16::w4a16_gemm_t_m128_bf16, w4a16::w4a16_gemm_t_p3, w4a4::w4a4_gemm_mfast

[2m2026-09-05T21:29:51.304492Z[0m [32m INFO[0m [2mspark::main_modules::serve_phases::runtime[0m[2m:[0m EOS tokens (from generation_config.json): [248046, 248044]
[2m2026-09-05T21:29:51.304517Z[0m [32m INFO[0m [2mspark::main_modules::serve_phases::runtime[0m[2m:[0m Default sampling: temperature=1, top_k=20, top_p=0.95, top_n_sigma=1, min_p=0.08
[2m2026-09-05T21:29:51.649724Z[0m [32m INFO[0m [2mspark::tokenizer::jinja_helpers[0m[2m:[0m Loaded Jinja chat template from tokenizer_config.json (7772 chars)
[2m2026-09-05T21:29:51.650310Z[0m [32m INFO[0m [2mspark::tokenizer::chat_impl[0m[2m:[0m Loaded tokenizer from /workspace/atlas-rental/hf/hub/models--Qwen--Qwen3.6-35B-A3B-FP8/snapshots/95a723d08a9490559dae23d0cff1d9466213d989/tokenizer.json
[2m2026-09-05T21:29:51.708197Z[0m [32m INFO[0m [2mspark::main_modules::serve_phases::tokenizer_runtime[0m[2m:[0m Reasoning parser: qwen (auto-detected from model_type 'qwen3_6_moe')
[2m2026-09-05T21:29:51.708385Z[0m [32m INFO[0m [2mspark::main_modules::serve_phases::tokenizer_runtime[0m[2m:[0m Code-fence token: 71093 (``` — F2 fence guard active)
[2m2026-09-05T21:29:51.857612Z[0m [32m INFO[0m [2mspark::main_modules::serve_phases::tokenizer_runtime[0m[2m:[0m Numeric-token mask: 10/248070 ids classified as digit-runs (digit-normalized content-loop path active)
[2m2026-09-05T21:29:52.006028Z[0m [32m INFO[0m [2mspark::main_modules::serve_phases::tokenizer_runtime[0m[2m:[0m Boundary-token mask: 620/248070 ids end in a newline / sentence boundary (Phase-C rollback-to-boundary active)
[2m2026-09-05T21:29:52.157611Z[0m [32m INFO[0m [2mspark::main_modules::serve_phases::tokenizer_runtime[0m[2m:[0m Mid-word token mask: 241519/248070 ids end in alphanumeric (mid-word </think> defer active during thinking)
[2m2026-09-05T21:29:52.157621Z[0m [32m INFO[0m [2mspark::main_modules::serve_phases::tokenizer_runtime[0m[2m:[0m Thinking end token: 248069 (</think>)
[2m2026-09-05T21:29:52.157625Z[0m [32m INFO[0m [2mspark::main_modules::serve_phases::tokenizer_runtime[0m[2m:[0m Thinking start token: 248068 (<think>)
[2m2026-09-05T21:29:52.157637Z[0m [32m INFO[0m [2mspark::main_modules::serve_phases::tokenizer_runtime[0m[2m:[0m ChatML role-boundary hard stop: <|im_start|> (id 248045) registered
[2m2026-09-05T21:29:52.157646Z[0m [32m INFO[0m [2mspark::main_modules::serve_phases::tokenizer_runtime[0m[2m:[0m Tool-response hard stop: <tool_response> (id 248066) registered
[2m2026-09-05T21:29:52.157709Z[0m [32m INFO[0m [2mspark::main_modules::serve_phases::tokenizer_runtime[0m[2m:[0m Tool call start token: 248058 (<tool_call>)
[2m2026-09-05T21:29:52.157717Z[0m [32m INFO[0m [2mspark::main_modules::serve_phases::tokenizer_runtime[0m[2m:[0m Tool call end token: 248059 (</tool_call>)
[2m2026-09-05T21:29:52.447672Z[0m [32m INFO[0m [2mspark::grammar::engine[0m[2m:[0m Grammar: detected tokenizer vocab_type=byte_level, add_prefix_space=false
[2m2026-09-05T21:29:52.706876Z[0m [32m INFO[0m [2mspark::main_modules::serve_phases::tokenizer_runtime[0m[2m:[0m Grammar engine initialized (vocab_size=248070, vocab_type=auto-detected from tokenizer)
[2m2026-09-05T21:29:52.707261Z[0m [32m INFO[0m [2mspark::main_modules::serve_load[0m[2m:[0m Scheduling policy: SLAI (TBT deadline=100ms)
[2m2026-09-05T21:29:52.707414Z[0m [32m INFO[0m [2mspark::main_modules::serve_phases::runtime[0m[2m:[0m Tool call parser: qwen3_coder (auto-detected from model_type 'qwen3_6_moe')
[2m2026-09-05T21:29:52.707421Z[0m [32m INFO[0m [2mspark::main_modules::serve_phases::runtime[0m[2m:[0m Tool call parser: 'qwen3_coder' has registered XGrammar grammar — constrained decoding ENABLED for tool requests
[2m2026-09-05T21:29:52.707426Z[0m [32m INFO[0m [2mspark::main_modules::serve_phases::runtime[0m[2m:[0m Response store: max_entries=10000, ttl=86400s, persist=memory-only
[2m2026-09-05T21:29:52.707438Z[0m [32m INFO[0m [2mspark::main_modules::serve_phases::runtime[0m[2m:[0m Model behavior: max_thinking_budget=768, thinking_default=true
[2m2026-09-05T21:29:52.707442Z[0m [32m INFO[0m [2mspark::main_modules::serve_phases::runtime[0m[2m:[0m Model behavior: content-loop watchdog ENABLED (period-2…64 repetition detector)
[2m2026-09-05T21:29:52.707446Z[0m [32m INFO[0m [2mspark::main_modules::serve_phases::runtime[0m[2m:[0m Model behavior: watchdog rollback+re-steer ENABLED (cap 2 per sequence)
[2m2026-09-05T21:29:52.707449Z[0m [32m INFO[0m [2mspark::main_modules::serve_phases::runtime[0m[2m:[0m --disable-thinking set: thinking is forced OFF for every request
[2m2026-09-05T21:29:52.707629Z[0m [32m INFO[0m [2mspark::scheduler[0m[2m:[0m Scheduler started (batched mode, max_batch=32, mtp=false, ngram=false, num_drafts=0, policy=slai, chunked_prefill=true, max_prefill_tokens=32768)
[2m2026-09-05T21:29:52.708492Z[0m [32m INFO[0m [2mspark::scheduler[0m[2m:[0m Swap space: 3 GB at /tmp/atlas-swap-28991
[2m2026-09-05T21:29:52.708836Z[0m [33m WARN[0m [2mspark::main_modules::serve_router[0m[2m:[0m Atlas is listening on 0.0.0.0:8888 — reachable from any host on the network. If this machine is on a shared LAN or has a public IP, pass --bind 127.0.0.1 (or set --require-auth and a real firewall) before accepting traffic.
[2m2026-09-05T21:29:52.708953Z[0m [32m INFO[0m [2mspark::main_modules::serve_router[0m[2m:[0m Server live and ready at 127.0.0.1:8888 running Qwen/Qwen3.6-35B-A3B-FP8
[2m2026-09-05T21:29:53.523419Z[0m [32m INFO[0m [2mspark::api::chat::prepare[0m[2m:[0m Request: model=Qwen/Qwen3.6-35B-A3B-FP8, messages=1, tools=0, tools_active=false, tool_choice=None, stream=false, temp=Some(0.0), max_tokens=1, freq_pen=Some(0.0), rep_pen=None
[2m2026-09-05T21:29:53.523708Z[0m [32m INFO[0m [2mspark::tokenizer::chat_impl[0m[2m:[0m Jinja rendered (71 chars): "<|im_start|>user\nhi<|im_end|>\n<|im_start|>assistant\n<think>\n\n</think>\n\n"
[2m2026-09-05T21:29:53.524153Z[0m [32m INFO[0m [2mspark::api::chat[0m[2m:[0m Session 0xad17a500a5cd2703: 13 prompt tokens, tools=false (0 defined)
[2m2026-09-05T21:29:53.524217Z[0m [32m INFO[0m [2mspark::api::chat::sampling_setup[0m[2m:[0m sampling resolved (first request): temp=0.000 top_p=0.950 top_k=20 min_p=0.0800 top_n_sigma=1.0000 rep_pen=1.000 (core_preset=false)
[2m2026-09-05T21:29:53.524640Z[0m [32m INFO[0m [2mspark::scheduler::prefill_a_step[0m[2m:[0m Chunked prefill start: 13 prompt tokens, chunk_size=13, max_tokens=1
[2m2026-09-05T21:29:53.526575Z[0m [32m INFO[0m [2mspark_model::layers::qwen3_ssm::trait_prefill_recur[0m[2m:[0m GDN prefill: FLA chunked path ACTIVE (baked default: recompute_wu → chunk_delta_h_ksplit → chunk_fwd_o)
[2m2026-09-05T21:29:53.538036Z[0m [32m INFO[0m [2mspark_model::layers::fp8_calibration[0m[2m:[0m FP8 KV scale frozen on first observe (13 tok, headroom=2.0): k_scale=0.074777 (max=16.75), v_scale=0.046596 (max=10.44) — constant for all entries
[2m2026-09-05T21:29:53.542146Z[0m [32m INFO[0m [2mspark_model::layers::fp8_calibration[0m[2m:[0m FP8 KV scale frozen on first observe (13 tok, headroom=2.0): k_scale=0.088728 (max=19.88), v_scale=0.054688 (max=12.25) — constant for all entries
[2m2026-09-05T21:29:53.546238Z[0m [32m INFO[0m [2mspark_model::layers::fp8_calibration[0m[2m:[0m FP8 KV scale frozen on first observe (13 tok, headroom=2.0): k_scale=0.059710 (max=13.38), v_scale=0.052734 (max=11.81) — constant for all entries
[2m2026-09-05T21:29:53.550335Z[0m [32m INFO[0m [2mspark_model::layers::fp8_calibration[0m[2m:[0m FP8 KV scale frozen on first observe (13 tok, headroom=2.0): k_scale=0.070312 (max=15.75), v_scale=0.054967 (max=12.31) — constant for all entries
[2m2026-09-05T21:29:53.554435Z[0m [32m INFO[0m [2mspark_model::layers::fp8_calibration[0m[2m:[0m FP8 KV scale frozen on first observe (13 tok, headroom=2.0): k_scale=0.075335 (max=16.88), v_scale=0.051060 (max=11.44) — constant for all entries
[2m2026-09-05T21:29:53.558526Z[0m [32m INFO[0m [2mspark_model::layers::fp8_calibration[0m[2m:[0m FP8 KV scale frozen on first observe (13 tok, headroom=2.0): k_scale=0.077567 (max=17.38), v_scale=0.079241 (max=17.75) — constant for all entries
[2m2026-09-05T21:29:53.569333Z[0m [32m INFO[0m [2mspark::scheduler::prefill_a_step[0m[2m:[0m Prefill first token: 9419
[2m2026-09-05T21:29:53.569376Z[0m [32m INFO[0m [2mspark::scheduler::mtp_accept_debug[0m[2m:[0m Done: 1 tokens (length) 40893.1 tok/s, TTFT=44.7ms, serial=0.00 mtp=0.00 p1=0.000 mean_na=0.000 tok_step=1.000 regime_reprobes=0
[2m2026-09-05T21:32:13.443867Z[0m [32m INFO[0m [2mspark::api::chat::prepare[0m[2m:[0m Request: model=Qwen/Qwen3.6-35B-A3B-FP8, messages=1, tools=1, tools_active=true, tool_choice=Some(Mode("auto")), stream=true, temp=Some(0.0), max_tokens=256, freq_pen=Some(0.0), rep_pen=None
[2m2026-09-05T21:32:13.444536Z[0m [32m INFO[0m [2mspark::tokenizer::chat_impl[0m[2m:[0m Jinja rendered (1361 chars): " tell the user about function calls\n</IMPORTANT><|im_end|>\n<|im_start|>user\nWhat is the weather in Reykjavik over the next three days? Use the tool.<|im_end|>\n<|im_start|>assistant\n<think>\n\n</think>\n\n"
[2m2026-09-05T21:32:13.447967Z[0m [32m INFO[0m [2mspark::api::chat[0m[2m:[0m Session 0xdd42ddcda3133b1e: 298 prompt tokens, tools=true (1 defined)
[2m2026-09-05T21:32:17.903119Z[0m [32m INFO[0m [2mspark::scheduler::emit_step[0m[2m:[0m Grammar constrained decoding active: parser=qwen3_coder, tools=1
[2m2026-09-05T21:32:17.903156Z[0m [32m INFO[0m [2mspark::scheduler::prefill_a_step[0m[2m:[0m Chunked prefill start: 298 prompt tokens, chunk_size=298, max_tokens=256
[2m2026-09-05T21:32:18.279039Z[0m [32m INFO[0m [2mspark_model::model::trait_impl::prefill_b::save_checkpoint[0m[2m:[0m Intermediate SSM checkpoint saved at token 272 (snapshot_id 0, block 17)
[2m2026-09-05T21:32:18.325303Z[0m [32m INFO[0m [2mspark_model::model::trait_impl::prefill_b::finalize_last[0m[2m:[0m Saved SSM snapshot 1 for 298 tokens (19 blocks) [chunk]
[2m2026-09-05T21:32:18.338649Z[0m [32m INFO[0m [2mspark::scheduler::prefill_a_step[0m[2m:[0m Prefill first token: 248058
[2m2026-09-05T21:32:18.338680Z[0m [32m INFO[0m [2mspark::scheduler::phase_start_prefills[0m[2m:[0m Prefilled (single chunk): seq_len=298, remaining=255
[2m2026-09-05T21:32:18.338781Z[0m [32m INFO[0m [2mspark_model::model::trait_impl::decode_a[0m[2m:[0m FP8 calibration frozen — re-enabling CUDA graphs
[2m2026-09-05T21:32:18.338786Z[0m [32m INFO[0m [2mspark_model::model::trait_impl::decode_a[0m[2m:[0m CUDA graph capture: starting for 40 layers
[2m2026-09-05T21:32:18.342301Z[0m [32m INFO[0m [2mspark_model::model::trait_impl::decode_a[0m[2m:[0m CUDA graph captured successfully for slot=0 (handle=138817077023616)
[2m2026-09-05T21:32:18.708177Z[0m [32m INFO[0m [2mspark_model::model::trait_impl::decode_checkpoint[0m[2m:[0m decode-ckpt SAVE: snap_tokens=320 end_block=20 snap_id=2 block_table_len=20 straddle=0
[2m2026-09-05T21:32:19.047016Z[0m [32m INFO[0m [2mspark::api::chat_stream::tool_handlers[0m[2m:[0m Tool call: get_weather({"city":"Reykjavik","days":3})
[2m2026-09-05T21:32:19.052004Z[0m [32m INFO[0m [2mspark::scheduler::mtp_accept_debug[0m[2m:[0m Done: 41 tokens (stop) 57.5 tok/s, TTFT=4890.3ms, serial=1.00 mtp=0.00 p1=0.000 mean_na=0.000 tok_step=1.000 regime_reprobes=0
[2m2026-09-05T21:32:19.052238Z[0m [32m INFO[0m [2mspark_model::model::trait_impl::decode_checkpoint[0m[2m:[0m Saved finish-leaf SSM snapshot 3 for 338 tokens
[2m2026-09-05T21:32:19.192058Z[0m [32m INFO[0m [2mspark::api::chat::prepare[0m[2m:[0m Request: model=Qwen/Qwen3.6-35B-A3B-FP8, messages=1, tools=1, tools_active=true, tool_choice=Some(Mode("auto")), stream=true, temp=Some(0.0), max_tokens=256, freq_pen=Some(0.0), rep_pen=None
[2m2026-09-05T21:32:19.194049Z[0m [32m INFO[0m [2mspark::tokenizer::chat_impl[0m[2m:[0m Jinja rendered (1361 chars): " tell the user about function calls\n</IMPORTANT><|im_end|>\n<|im_start|>user\nWhat is the weather in Reykjavik over the next three days? Use the tool.<|im_end|>\n<|im_start|>assistant\n<think>\n\n</think>\n\n"
[2m2026-09-05T21:32:19.201418Z[0m [32m INFO[0m [2mspark::api::chat[0m[2m:[0m Session 0xdd42ddcda3133b1e: 298 prompt tokens, tools=true (1 defined)
[2m2026-09-05T21:32:19.203346Z[0m [32m INFO[0m [2mspark::scheduler::emit_step[0m[2m:[0m Grammar constrained decoding active: parser=qwen3_coder, tools=1
[2m2026-09-05T21:32:19.203401Z[0m [32m INFO[0m [2mspark::scheduler::prefill_a_step[0m[2m:[0m Chunked prefill start: 298 prompt tokens, chunk_size=298, max_tokens=256
[2m2026-09-05T21:32:19.205057Z[0m [32m INFO[0m [2mspark_model::model::trait_impl::prefill_b::prefix_lookup[0m[2m:[0m Marconi intermediate hit: restored from checkpoint at token 272 (skipping 272 tokens, replaying 26 SSM tokens to reach 298; 16 of those are the anchor->match gap to 288)
[2m2026-09-05T21:32:19.205468Z[0m [32m INFO[0m [2mspark_model::layers::qwen3_ssm::trait_prefill_recur[0m[2m:[0m GDN prefill: REGISTER-RESIDENT warm-replay path ACTIVE (default; H in regs, no smem-H)
[2m2026-09-05T21:32:19.250776Z[0m [32m INFO[0m [2mspark_model::model::trait_impl::prefill_b::finalize_last[0m[2m:[0m Saved SSM snapshot 4 for 298 tokens (19 blocks) [chunk]
[2m2026-09-05T21:32:19.265099Z[0m [32m INFO[0m [2mspark::scheduler::prefill_a_step[0m[2m:[0m Prefill first token: 248058
[2m2026-09-05T21:32:19.265127Z[0m [32m INFO[0m [2mspark::scheduler::phase_start_prefills[0m[2m:[0m Prefilled (single chunk): seq_len=298, remaining=255
[2m2026-09-05T21:32:19.644200Z[0m [32m INFO[0m [2mspark_model::model::trait_impl::decode_checkpoint[0m[2m:[0m decode-ckpt SAVE: snap_tokens=320 end_block=20 snap_id=1 block_table_len=20 straddle=0
[2m2026-09-05T21:32:19.983504Z[0m [32m INFO[0m [2mspark::api::chat_stream::tool_handlers[0m[2m:[0m Tool call: get_weather({"city":"Reykjavik","days":3})
[2m2026-09-05T21:32:19.988651Z[0m [32m INFO[0m [2mspark::scheduler::mtp_accept_debug[0m[2m:[0m Done: 41 tokens (stop) 56.7 tok/s, TTFT=63.3ms, serial=1.00 mtp=0.00 p1=0.000 mean_na=0.000 tok_step=1.000 regime_reprobes=0
[2m2026-09-05T21:32:19.988874Z[0m [32m INFO[0m [2mspark_model::model::trait_impl::decode_checkpoint[0m[2m:[0m Saved finish-leaf SSM snapshot 2 for 338 tokens
[2m2026-09-05T21:32:20.084361Z[0m [32m INFO[0m [2mspark::api::chat::prepare[0m[2m:[0m Request: model=Qwen/Qwen3.6-35B-A3B-FP8, messages=1, tools=1, tools_active=true, tool_choice=Some(Mode("auto")), stream=false, temp=Some(0.0), max_tokens=256, freq_pen=Some(0.0), rep_pen=None
[2m2026-09-05T21:32:20.084844Z[0m [32m INFO[0m [2mspark::tokenizer::chat_impl[0m[2m:[0m Jinja rendered (1361 chars): " tell the user about function calls\n</IMPORTANT><|im_end|>\n<|im_start|>user\nWhat is the weather in Reykjavik over the next three days? Use the tool.<|im_end|>\n<|im_start|>assistant\n<think>\n\n</think>\n\n"
[2m2026-09-05T21:32:20.086969Z[0m [32m INFO[0m [2mspark::api::chat[0m[2m:[0m Session 0xdd42ddcda3133b1e: 298 prompt tokens, tools=true (1 defined)
[2m2026-09-05T21:32:20.088882Z[0m [32m INFO[0m [2mspark::scheduler::emit_step[0m[2m:[0m Grammar constrained decoding active: parser=qwen3_coder, tools=1
[2m2026-09-05T21:32:20.088939Z[0m [32m INFO[0m [2mspark::scheduler::prefill_a_step[0m[2m:[0m Chunked prefill start: 298 prompt tokens, chunk_size=298, max_tokens=256
[2m2026-09-05T21:32:20.090177Z[0m [32m INFO[0m [2mspark_model::model::trait_impl::prefill_b::prefix_lookup[0m[2m:[0m Prefix cache hit: 298 tokens (19 blocks) but no SSM snapshot — recomputing all KV
[2m2026-09-05T21:32:20.341342Z[0m [32m INFO[0m [2mspark_model::model::trait_impl::prefill_b::save_checkpoint[0m[2m:[0m Intermediate SSM checkpoint saved at token 272 (snapshot_id 3, block 17)
[2m2026-09-05T21:32:20.387339Z[0m [32m INFO[0m [2mspark_model::model::trait_impl::prefill_b::finalize_last[0m[2m:[0m Saved SSM snapshot 0 for 298 tokens (19 blocks) [chunk]
[2m2026-09-05T21:32:20.400506Z[0m [32m INFO[0m [2mspark::scheduler::prefill_a_step[0m[2m:[0m Prefill first token: 248058
[2m2026-09-05T21:32:20.400520Z[0m [32m INFO[0m [2mspark::scheduler::phase_start_prefills[0m[2m:[0m Prefilled (single chunk): seq_len=298, remaining=255
[2m2026-09-05T21:32:20.766990Z[0m [32m INFO[0m [2mspark_model::model::trait_impl::decode_checkpoint[0m[2m:[0m decode-ckpt SAVE: snap_tokens=320 end_block=20 snap_id=4 block_table_len=20 straddle=0
[2m2026-09-05T21:32:21.106995Z[0m [32m INFO[0m [2mspark::scheduler::mtp_accept_debug[0m[2m:[0m Done: 41 tokens (stop) 58.0 tok/s, TTFT=313.1ms, serial=1.00 mtp=0.00 p1=0.000 mean_na=0.000 tok_step=1.000 regime_reprobes=0
[2m2026-09-05T21:32:21.107233Z[0m [32m INFO[0m [2mspark_model::model::trait_impl::decode_checkpoint[0m[2m:[0m Saved finish-leaf SSM snapshot 1 for 338 tokens
[2m2026-09-05T21:32:21.107377Z[0m [32m INFO[0m [2mspark::api::chat_blocking_choice[0m[2m:[0m Tool call: get_weather({"city":"Reykjavik","days":3})
[2m2026-09-05T21:32:21.111794Z[0m [32m INFO[0m [2mspark::api::chat::prepare[0m[2m:[0m Request: model=Qwen/Qwen3.6-35B-A3B-FP8, messages=1, tools=1, tools_active=true, tool_choice=Some(Mode("auto")), stream=false, temp=Some(0.0), max_tokens=256, freq_pen=Some(0.0), rep_pen=None
[2m2026-09-05T21:32:21.112375Z[0m [32m INFO[0m [2mspark::tokenizer::chat_impl[0m[2m:[0m Jinja rendered (1361 chars): " tell the user about function calls\n</IMPORTANT><|im_end|>\n<|im_start|>user\nWhat is the weather in Reykjavik over the next three days? Use the tool.<|im_end|>\n<|im_start|>assistant\n<think>\n\n</think>\n\n"
[2m2026-09-05T21:32:21.114421Z[0m [32m INFO[0m [2mspark::api::chat[0m[2m:[0m Session 0xdd42ddcda3133b1e: 298 prompt tokens, tools=true (1 defined)
[2m2026-09-05T21:32:21.115403Z[0m [32m INFO[0m [2mspark::scheduler::emit_step[0m[2m:[0m Grammar constrained decoding active: parser=qwen3_coder, tools=1
[2m2026-09-05T21:32:21.115428Z[0m [32m INFO[0m [2mspark::scheduler::prefill_a_step[0m[2m:[0m Chunked prefill start: 298 prompt tokens, chunk_size=298, max_tokens=256
[2m2026-09-05T21:32:21.116168Z[0m [32m INFO[0m [2mspark_model::model::trait_impl::prefill_b::prefix_lookup[0m[2m:[0m Prefix cache hit: 298 tokens (19 blocks) but no SSM snapshot — recomputing all KV
[2m2026-09-05T21:32:21.362353Z[0m [32m INFO[0m [2mspark_model::model::trait_impl::prefill_b::save_checkpoint[0m[2m:[0m Intermediate SSM checkpoint saved at token 272 (snapshot_id 2, block 17)
[2m2026-09-05T21:32:21.408101Z[0m [32m INFO[0m [2mspark_model::model::trait_impl::prefill_b::finalize_last[0m[2m:[0m Saved SSM snapshot 3 for 298 tokens (19 blocks) [chunk]
[2m2026-09-05T21:32:21.421261Z[0m [32m INFO[0m [2mspark::scheduler::prefill_a_step[0m[2m:[0m Prefill first token: 248058
[2m2026-09-05T21:32:21.421274Z[0m [32m INFO[0m [2mspark::scheduler::phase_start_prefills[0m[2m:[0m Prefilled (single chunk): seq_len=298, remaining=255
[2m2026-09-05T21:32:21.787869Z[0m [32m INFO[0m [2mspark_model::model::trait_impl::decode_checkpoint[0m[2m:[0m decode-ckpt SAVE: snap_tokens=320 end_block=20 snap_id=0 block_table_len=20 straddle=0
[2m2026-09-05T21:32:22.133642Z[0m [32m INFO[0m [2mspark::scheduler::mtp_accept_debug[0m[2m:[0m Done: 41 tokens (stop) 57.6 tok/s, TTFT=306.4ms, serial=1.00 mtp=0.00 p1=0.000 mean_na=0.000 tok_step=1.000 regime_reprobes=0
[2m2026-09-05T21:32:22.133876Z[0m [32m INFO[0m [2mspark_model::model::trait_impl::decode_checkpoint[0m[2m:[0m Saved finish-leaf SSM snapshot 4 for 338 tokens
[2m2026-09-05T21:32:22.133971Z[0m [32m INFO[0m [2mspark::api::chat_blocking_choice[0m[2m:[0m Tool call: get_weather({"city":"Reykjavik","days":3})
[2m2026-09-05T21:32:22.247190Z[0m [32m INFO[0m [2mspark::api::chat::prepare[0m[2m:[0m Request: model=Qwen/Qwen3.6-35B-A3B-FP8, messages=2, tools=1, tools_active=true, tool_choice=Some(Mode("required")), stream=true, temp=Some(0.0), max_tokens=256, freq_pen=Some(0.0), rep_pen=None
[2m2026-09-05T21:32:22.247799Z[0m [32m INFO[0m [2mspark::tokenizer::chat_impl[0m[2m:[0m Jinja rendered (1492 chars): "pond ONLY with a <tool_call> block.\n</IMPORTANT><|im_end|>\n<|im_start|>user\nWhat is the weather in Reykjavik over the next three days? Use the tool.<|im_end|>\n<|im_start|>assistant\n<think>\n\n</think>\n\n"
[2m2026-09-05T21:32:22.251473Z[0m [32m INFO[0m [2mspark::api::chat[0m[2m:[0m Session 0x8faff2ceabd3734d: 329 prompt tokens, tools=true (1 defined)
[2m2026-09-05T21:32:23.243792Z[0m [32m INFO[0m [2mspark::scheduler::emit_step[0m[2m:[0m Grammar constrained decoding active: parser=qwen3_coder, tools=1
[2m2026-09-05T21:32:23.243819Z[0m [32m INFO[0m [2mspark::scheduler::prefill_a_step[0m[2m:[0m Chunked prefill start: 329 prompt tokens, chunk_size=329, max_tokens=256
[2m2026-09-05T21:32:23.244558Z[0m [32m INFO[0m [2mspark_model::model::trait_impl::prefill_b::prefix_lookup[0m[2m:[0m Prefix cache hit: 256 tokens (16 blocks) but no SSM snapshot — recomputing all KV
[2m2026-09-05T21:32:23.511954Z[0m [32m INFO[0m [2mspark_model::model::trait_impl::prefill_b::save_checkpoint[0m[2m:[0m Intermediate SSM checkpoint saved at token 304 (snapshot_id 1, block 19)
[2m2026-09-05T21:32:23.556339Z[0m [32m INFO[0m [2mspark_model::model::trait_impl::prefill_b::finalize_last[0m[2m:[0m Saved SSM snapshot 5 for 329 tokens (21 blocks) [chunk]
[2m2026-09-05T21:32:23.569713Z[0m [32m INFO[0m [2mspark::scheduler::prefill_a_step[0m[2m:[0m Prefill first token: 248058
[2m2026-09-05T21:32:23.569736Z[0m [32m INFO[0m [2mspark::scheduler::phase_start_prefills[0m[2m:[0m Prefilled (single chunk): seq_len=329, remaining=255
[2m2026-09-05T21:32:24.276046Z[0m [32m INFO[0m [2mspark::api::chat_stream::tool_handlers[0m[2m:[0m Tool call: get_weather({"city":"Reykjavik","days":3})
[2m2026-09-05T21:32:24.281293Z[0m [32m INFO[0m [2mspark::scheduler::mtp_accept_debug[0m[2m:[0m Done: 41 tokens (stop) 57.6 tok/s, TTFT=1317.9ms, serial=1.00 mtp=0.00 p1=0.000 mean_na=0.000 tok_step=1.000 regime_reprobes=0
[2m2026-09-05T21:32:24.281526Z[0m [32m INFO[0m [2mspark_model::model::trait_impl::decode_checkpoint[0m[2m:[0m Saved finish-leaf SSM snapshot 6 for 369 tokens
[2m2026-09-05T21:32:24.417019Z[0m [32m INFO[0m [2mspark::api::chat::prepare[0m[2m:[0m Request: model=Qwen/Qwen3.6-35B-A3B-FP8, messages=2, tools=1, tools_active=true, tool_choice=Some(Mode("required")), stream=true, temp=Some(0.0), max_tokens=256, freq_pen=Some(0.0), rep_pen=None
[2m2026-09-05T21:32:24.417672Z[0m [32m INFO[0m [2mspark::tokenizer::chat_impl[0m[2m:[0m Jinja rendered (1492 chars): "pond ONLY with a <tool_call> block.\n</IMPORTANT><|im_end|>\n<|im_start|>user\nWhat is the weather in Reykjavik over the next three days? Use the tool.<|im_end|>\n<|im_start|>assistant\n<think>\n\n</think>\n\n"
[2m2026-09-05T21:32:24.419732Z[0m [32m INFO[0m [2mspark::api::chat[0m[2m:[0m Session 0x8faff2ceabd3734d: 329 prompt tokens, tools=true (1 defined)
[2m2026-09-05T21:32:24.421681Z[0m [32m INFO[0m [2mspark::scheduler::emit_step[0m[2m:[0m Grammar constrained decoding active: parser=qwen3_coder, tools=1
[2m2026-09-05T21:32:24.421738Z[0m [32m INFO[0m [2mspark::scheduler::prefill_a_step[0m[2m:[0m Chunked prefill start: 329 prompt tokens, chunk_size=329, max_tokens=256
[2m2026-09-05T21:32:24.423462Z[0m [32m INFO[0m [2mspark_model::model::trait_impl::prefill_b::prefix_lookup[0m[2m:[0m Marconi intermediate hit: restored from checkpoint at token 304 (skipping 304 tokens, replaying 25 SSM tokens to reach 329; 16 of those are the anchor->match gap to 320)
[2m2026-09-05T21:32:24.467385Z[0m [32m INFO[0m [2mspark_model::model::trait_impl::prefill_b::finalize_last[0m[2m:[0m Saved SSM snapshot 7 for 329 tokens (21 blocks) [chunk]
[2m2026-09-05T21:32:24.481362Z[0m [32m INFO[0m [2mspark::scheduler::prefill_a_step[0m[2m:[0m Prefill first token: 248058
[2m2026-09-05T21:32:24.481391Z[0m [32m INFO[0m [2mspark::scheduler::phase_start_prefills[0m[2m:[0m Prefilled (single chunk): seq_len=329, remaining=255
[2m2026-09-05T21:32:25.198326Z[0m [32m INFO[0m [2mspark::api::chat_stream::tool_handlers[0m[2m:[0m Tool call: get_weather({"city":"Reykjavik","days":3})
[2m2026-09-05T21:32:25.203599Z[0m [32m INFO[0m [2mspark::scheduler::mtp_accept_debug[0m[2m:[0m Done: 41 tokens (stop) 56.8 tok/s, TTFT=61.1ms, serial=1.00 mtp=0.00 p1=0.000 mean_na=0.000 tok_step=1.000 regime_reprobes=0
[2m2026-09-05T21:32:25.203838Z[0m [32m INFO[0m [2mspark_model::model::trait_impl::decode_checkpoint[0m[2m:[0m Saved finish-leaf SSM snapshot 5 for 369 tokens
[2m2026-09-05T21:32:25.230529Z[0m [32m INFO[0m [2mspark::api::chat::prepare[0m[2m:[0m Request: model=Qwen/Qwen3.6-35B-A3B-FP8, messages=2, tools=1, tools_active=true, tool_choice=Some(Mode("required")), stream=false, temp=Some(0.0), max_tokens=256, freq_pen=Some(0.0), rep_pen=None
[2m2026-09-05T21:32:25.231016Z[0m [32m INFO[0m [2mspark::tokenizer::chat_impl[0m[2m:[0m Jinja rendered (1492 chars): "pond ONLY with a <tool_call> block.\n</IMPORTANT><|im_end|>\n<|im_start|>user\nWhat is the weather in Reykjavik over the next three days? Use the tool.<|im_end|>\n<|im_start|>assistant\n<think>\n\n</think>\n\n"
[2m2026-09-05T21:32:25.232940Z[0m [32m INFO[0m [2mspark::api::chat[0m[2m:[0m Session 0x8faff2ceabd3734d: 329 prompt tokens, tools=true (1 defined)
[2m2026-09-05T21:32:25.234736Z[0m [32m INFO[0m [2mspark::scheduler::emit_step[0m[2m:[0m Grammar constrained decoding active: parser=qwen3_coder, tools=1
[2m2026-09-05T21:32:25.234795Z[0m [32m INFO[0m [2mspark::scheduler::prefill_a_step[0m[2m:[0m Chunked prefill start: 329 prompt tokens, chunk_size=329, max_tokens=256
[2m2026-09-05T21:32:25.235991Z[0m [32m INFO[0m [2mspark_model::model::trait_impl::prefill_b::prefix_lookup[0m[2m:[0m Prefix cache hit: 329 tokens (21 blocks) but no SSM snapshot — recomputing all KV
[2m2026-09-05T21:32:25.491241Z[0m [32m INFO[0m [2mspark_model::model::trait_impl::prefill_b::save_checkpoint[0m[2m:[0m Intermediate SSM checkpoint saved at token 304 (snapshot_id 6, block 19)
[2m2026-09-05T21:32:25.535745Z[0m [32m INFO[0m [2mspark_model::model::trait_impl::prefill_b::finalize_last[0m[2m:[0m Saved SSM snapshot 1 for 329 tokens (21 blocks) [chunk]
[2m2026-09-05T21:32:25.548818Z[0m [32m INFO[0m [2mspark::scheduler::prefill_a_step[0m[2m:[0m Prefill first token: 248058
[2m2026-09-05T21:32:25.548831Z[0m [32m INFO[0m [2mspark::scheduler::phase_start_prefills[0m[2m:[0m Prefilled (single chunk): seq_len=329, remaining=255
[2m2026-09-05T21:32:26.259196Z[0m [32m INFO[0m [2mspark::scheduler::mtp_accept_debug[0m[2m:[0m Done: 41 tokens (stop) 57.7 tok/s, TTFT=315.5ms, serial=1.00 mtp=0.00 p1=0.000 mean_na=0.000 tok_step=1.000 regime_reprobes=0
[2m2026-09-05T21:32:26.259420Z[0m [32m INFO[0m [2mspark_model::model::trait_impl::decode_checkpoint[0m[2m:[0m Saved finish-leaf SSM snapshot 7 for 369 tokens
[2m2026-09-05T21:32:26.259509Z[0m [32m INFO[0m [2mspark::api::chat_blocking_choice[0m[2m:[0m Tool call: get_weather({"city":"Reykjavik","days":3})
[2m2026-09-05T21:32:26.263612Z[0m [32m INFO[0m [2mspark::api::chat::prepare[0m[2m:[0m Request: model=Qwen/Qwen3.6-35B-A3B-FP8, messages=2, tools=1, tools_active=true, tool_choice=Some(Mode("required")), stream=false, temp=Some(0.0), max_tokens=256, freq_pen=Some(0.0), rep_pen=None
[2m2026-09-05T21:32:26.264068Z[0m [32m INFO[0m [2mspark::tokenizer::chat_impl[0m[2m:[0m Jinja rendered (1492 chars): "pond ONLY with a <tool_call> block.\n</IMPORTANT><|im_end|>\n<|im_start|>user\nWhat is the weather in Reykjavik over the next three days? Use the tool.<|im_end|>\n<|im_start|>assistant\n<think>\n\n</think>\n\n"
[2m2026-09-05T21:32:26.265964Z[0m [32m INFO[0m [2mspark::api::chat[0m[2m:[0m Session 0x8faff2ceabd3734d: 329 prompt tokens, tools=true (1 defined)
[2m2026-09-05T21:32:26.266924Z[0m [32m INFO[0m [2mspark::scheduler::emit_step[0m[2m:[0m Grammar constrained decoding active: parser=qwen3_coder, tools=1
[2m2026-09-05T21:32:26.266950Z[0m [32m INFO[0m [2mspark::scheduler::prefill_a_step[0m[2m:[0m Chunked prefill start: 329 prompt tokens, chunk_size=329, max_tokens=256
[2m2026-09-05T21:32:26.267694Z[0m [32m INFO[0m [2mspark_model::model::trait_impl::prefill_b::prefix_lookup[0m[2m:[0m Prefix cache hit: 329 tokens (21 blocks) but no SSM snapshot — recomputing all KV
[2m2026-09-05T21:32:26.518888Z[0m [32m INFO[0m [2mspark_model::model::trait_impl::prefill_b::save_checkpoint[0m[2m:[0m Intermediate SSM checkpoint saved at token 304 (snapshot_id 5, block 19)
[2m2026-09-05T21:32:26.563129Z[0m [32m INFO[0m [2mspark_model::model::trait_impl::prefill_b::finalize_last[0m[2m:[0m Saved SSM snapshot 6 for 329 tokens (21 blocks) [chunk]
[2m2026-09-05T21:32:26.576204Z[0m [32m INFO[0m [2mspark::scheduler::prefill_a_step[0m[2m:[0m Prefill first token: 248058
[2m2026-09-05T21:32:26.576219Z[0m [32m INFO[0m [2mspark::scheduler::phase_start_prefills[0m[2m:[0m Prefilled (single chunk): seq_len=329, remaining=255
[2m2026-09-05T21:32:27.287388Z[0m [32m INFO[0m [2mspark::scheduler::mtp_accept_debug[0m[2m:[0m Done: 41 tokens (stop) 57.7 tok/s, TTFT=309.8ms, serial=1.00 mtp=0.00 p1=0.000 mean_na=0.000 tok_step=1.000 regime_reprobes=0
[2m2026-09-05T21:32:27.287625Z[0m [32m INFO[0m [2mspark_model::model::trait_impl::decode_checkpoint[0m[2m:[0m Saved finish-leaf SSM snapshot 1 for 369 tokens
[2m2026-09-05T21:32:27.287690Z[0m [32m INFO[0m [2mspark::api::chat_blocking_choice[0m[2m:[0m Tool call: get_weather({"city":"Reykjavik","days":3})
[2m2026-09-05T21:32:27.400111Z[0m [32m INFO[0m [2mspark::api::chat::prepare[0m[2m:[0m Request: model=Qwen/Qwen3.6-35B-A3B-FP8, messages=2, tools=1, tools_active=true, tool_choice=Some(Specific { function: ToolChoiceFunction { name: "get_weather" } }), stream=true, temp=Some(0.0), max_tokens=256, freq_pen=Some(0.0), rep_pen=None
[2m2026-09-05T21:32:27.400608Z[0m [32m INFO[0m [2mspark::tokenizer::chat_impl[0m[2m:[0m Jinja rendered (1519 chars): "_call> block calling 'get_weather'.\n</IMPORTANT><|im_end|>\n<|im_start|>user\nWhat is the weather in Reykjavik over the next three days? Use the tool.<|im_end|>\n<|im_start|>assistant\n<think>\n\n</think>\n\n"
[2m2026-09-05T21:32:27.402771Z[0m [32m INFO[0m [2mspark::api::chat[0m[2m:[0m Session 0xef4ae3a6800e9f9d: 335 prompt tokens, tools=true (1 defined)
[2m2026-09-05T21:32:27.404587Z[0m [32m INFO[0m [2mspark::scheduler::emit_step[0m[2m:[0m Grammar constrained decoding active: parser=qwen3_coder, tools=1
[2m2026-09-05T21:32:27.404642Z[0m [32m INFO[0m [2mspark::scheduler::prefill_a_step[0m[2m:[0m Chunked prefill start: 335 prompt tokens, chunk_size=335, max_tokens=256
[2m2026-09-05T21:32:27.405795Z[0m [32m INFO[0m [2mspark_model::model::trait_impl::prefill_b::prefix_lookup[0m[2m:[0m Prefix cache hit: 272 tokens (17 blocks) but no SSM snapshot — recomputing all KV
[2m2026-09-05T21:32:27.659535Z[0m [32m INFO[0m [2mspark_model::model::trait_impl::prefill_b::save_checkpoint[0m[2m:[0m Intermediate SSM checkpoint saved at token 304 (snapshot_id 7, block 19)
[2m2026-09-05T21:32:27.713987Z[0m [32m INFO[0m [2mspark_model::model::trait_impl::prefill_b::finalize_last[0m[2m:[0m Saved SSM snapshot 8 for 335 tokens (21 blocks) [chunk]
[2m2026-09-05T21:32:27.726482Z[0m [32m INFO[0m [2mspark::scheduler::prefill_a_step[0m[2m:[0m Prefill first token: 248058
[2m2026-09-05T21:32:27.726502Z[0m [32m INFO[0m [2mspark::scheduler::phase_start_prefills[0m[2m:[0m Prefilled (single chunk): seq_len=335, remaining=255
[2m2026-09-05T21:32:28.433623Z[0m [32m INFO[0m [2mspark::api::chat_stream::tool_handlers[0m[2m:[0m Tool call: get_weather({"city":"Reykjavik","days":3})
[2m2026-09-05T21:32:28.439101Z[0m [32m INFO[0m [2mspark::scheduler::mtp_accept_debug[0m[2m:[0m Done: 41 tokens (stop) 57.5 tok/s, TTFT=323.3ms, serial=1.00 mtp=0.00 p1=0.000 mean_na=0.000 tok_step=1.000 regime_reprobes=0
[2m2026-09-05T21:32:28.439331Z[0m [32m INFO[0m [2mspark_model::model::trait_impl::decode_checkpoint[0m[2m:[0m Saved finish-leaf SSM snapshot 9 for 375 tokens
[2m2026-09-05T21:32:28.575525Z[0m [32m INFO[0m [2mspark::api::chat::prepare[0m[2m:[0m Request: model=Qwen/Qwen3.6-35B-A3B-FP8, messages=2, tools=1, tools_active=true, tool_choice=Some(Specific { function: ToolChoiceFunction { name: "get_weather" } }), stream=true, temp=Some(0.0), max_tokens=256, freq_pen=Some(0.0), rep_pen=None
[2m2026-09-05T21:32:28.575993Z[0m [32m INFO[0m [2mspark::tokenizer::chat_impl[0m[2m:[0m Jinja rendered (1519 chars): "_call> block calling 'get_weather'.\n</IMPORTANT><|im_end|>\n<|im_start|>user\nWhat is the weather in Reykjavik over the next three days? Use the tool.<|im_end|>\n<|im_start|>assistant\n<think>\n\n</think>\n\n"
[2m2026-09-05T21:32:28.578044Z[0m [32m INFO[0m [2mspark::api::chat[0m[2m:[0m Session 0xef4ae3a6800e9f9d: 335 prompt tokens, tools=true (1 defined)
[2m2026-09-05T21:32:28.579772Z[0m [32m INFO[0m [2mspark::scheduler::emit_step[0m[2m:[0m Grammar constrained decoding active: parser=qwen3_coder, tools=1
[2m2026-09-05T21:32:28.579843Z[0m [32m INFO[0m [2mspark::scheduler::prefill_a_step[0m[2m:[0m Chunked prefill start: 335 prompt tokens, chunk_size=335, max_tokens=256
[2m2026-09-05T21:32:28.581523Z[0m [32m INFO[0m [2mspark_model::model::trait_impl::prefill_b::prefix_lookup[0m[2m:[0m Marconi intermediate hit: restored from checkpoint at token 304 (skipping 304 tokens, replaying 31 SSM tokens to reach 335; 16 of those are the anchor->match gap to 320)
[2m2026-09-05T21:32:28.635528Z[0m [32m INFO[0m [2mspark_model::model::trait_impl::prefill_b::finalize_last[0m[2m:[0m Saved SSM snapshot 10 for 335 tokens (21 blocks) [chunk]
[2m2026-09-05T21:32:28.649217Z[0m [32m INFO[0m [2mspark::scheduler::prefill_a_step[0m[2m:[0m Prefill first token: 248058
[2m2026-09-05T21:32:28.649244Z[0m [32m INFO[0m [2mspark::scheduler::phase_start_prefills[0m[2m:[0m Prefilled (single chunk): seq_len=335, remaining=255
[2m2026-09-05T21:32:29.365953Z[0m [32m INFO[0m [2mspark::api::chat_stream::tool_handlers[0m[2m:[0m Tool call: get_weather({"city":"Reykjavik","days":3})
[2m2026-09-05T21:32:29.371483Z[0m [32m INFO[0m [2mspark::scheduler::mtp_accept_debug[0m[2m:[0m Done: 41 tokens (stop) 56.8 tok/s, TTFT=70.9ms, serial=1.00 mtp=0.00 p1=0.000 mean_na=0.000 tok_step=1.000 regime_reprobes=0
[2m2026-09-05T21:32:29.371729Z[0m [32m INFO[0m [2mspark_model::model::trait_impl::decode_checkpoint[0m[2m:[0m Saved finish-leaf SSM snapshot 8 for 375 tokens
[2m2026-09-05T21:32:29.399208Z[0m [32m INFO[0m [2mspark::api::chat::prepare[0m[2m:[0m Request: model=Qwen/Qwen3.6-35B-A3B-FP8, messages=2, tools=1, tools_active=true, tool_choice=Some(Specific { function: ToolChoiceFunction { name: "get_weather" } }), stream=false, temp=Some(0.0), max_tokens=256, freq_pen=Some(0.0), rep_pen=None
[2m2026-09-05T21:32:29.399581Z[0m [32m INFO[0m [2mspark::tokenizer::chat_impl[0m[2m:[0m Jinja rendered (1519 chars): "_call> block calling 'get_weather'.\n</IMPORTANT><|im_end|>\n<|im_start|>user\nWhat is the weather in Reykjavik over the next three days? Use the tool.<|im_end|>\n<|im_start|>assistant\n<think>\n\n</think>\n\n"
[2m2026-09-05T21:32:29.401454Z[0m [32m INFO[0m [2mspark::api::chat[0m[2m:[0m Session 0xef4ae3a6800e9f9d: 335 prompt tokens, tools=true (1 defined)
[2m2026-09-05T21:32:29.403296Z[0m [32m INFO[0m [2mspark::scheduler::emit_step[0m[2m:[0m Grammar constrained decoding active: parser=qwen3_coder, tools=1
[2m2026-09-05T21:32:29.403359Z[0m [32m INFO[0m [2mspark::scheduler::prefill_a_step[0m[2m:[0m Chunked prefill start: 335 prompt tokens, chunk_size=335, max_tokens=256
[2m2026-09-05T21:32:29.404563Z[0m [32m INFO[0m [2mspark_model::model::trait_impl::prefill_b::prefix_lookup[0m[2m:[0m Prefix cache hit: 335 tokens (21 blocks) but no SSM snapshot — recomputing all KV
[2m2026-09-05T21:32:29.905876Z[0m [32m INFO[0m [2mspark_model::model::trait_impl::prefill_b::save_checkpoint[0m[2m:[0m Intermediate SSM checkpoint saved at token 304 (snapshot_id 9, block 19)
[2m2026-09-05T21:32:29.961138Z[0m [32m INFO[0m [2mspark_model::model::trait_impl::prefill_b::finalize_last[0m[2m:[0m Saved SSM snapshot 7 for 335 tokens (21 blocks) [chunk]
[2m2026-09-05T21:32:29.974792Z[0m [32m INFO[0m [2mspark::scheduler::prefill_a_step[0m[2m:[0m Prefill first token: 248058
[2m2026-09-05T21:32:29.974812Z[0m [32m INFO[0m [2mspark::scheduler::phase_start_prefills[0m[2m:[0m Prefilled (single chunk): seq_len=335, remaining=255
[2m2026-09-05T21:32:30.693453Z[0m [32m INFO[0m [2mspark::scheduler::mtp_accept_debug[0m[2m:[0m Done: 41 tokens (stop) 57.1 tok/s, TTFT=572.9ms, serial=1.00 mtp=0.00 p1=0.000 mean_na=0.000 tok_step=1.000 regime_reprobes=0
[2m2026-09-05T21:32:30.693683Z[0m [32m INFO[0m [2mspark_model::model::trait_impl::decode_checkpoint[0m[2m:[0m Saved finish-leaf SSM snapshot 10 for 375 tokens
[2m2026-09-05T21:32:30.693760Z[0m [32m INFO[0m [2mspark::api::chat_blocking_choice[0m[2m:[0m Tool call: get_weather({"city":"Reykjavik","days":3})
[2m2026-09-05T21:32:30.698060Z[0m [32m INFO[0m [2mspark::api::chat::prepare[0m[2m:[0m Request: model=Qwen/Qwen3.6-35B-A3B-FP8, messages=2, tools=1, tools_active=true, tool_choice=Some(Specific { function: ToolChoiceFunction { name: "get_weather" } }), stream=false, temp=Some(0.0), max_tokens=256, freq_pen=Some(0.0), rep_pen=None
[2m2026-09-05T21:32:30.698513Z[0m [32m INFO[0m [2mspark::tokenizer::chat_impl[0m[2m:[0m Jinja rendered (1519 chars): "_call> block calling 'get_weather'.\n</IMPORTANT><|im_end|>\n<|im_start|>user\nWhat is the weather in Reykjavik over the next three days? Use the tool.<|im_end|>\n<|im_start|>assistant\n<think>\n\n</think>\n\n"
[2m2026-09-05T21:32:30.700189Z[0m [32m INFO[0m [2mspark::api::chat[0m[2m:[0m Session 0xef4ae3a6800e9f9d: 335 prompt tokens, tools=true (1 defined)
[2m2026-09-05T21:32:30.701106Z[0m [32m INFO[0m [2mspark::scheduler::emit_step[0m[2m:[0m Grammar constrained decoding active: parser=qwen3_coder, tools=1
[2m2026-09-05T21:32:30.701126Z[0m [32m INFO[0m [2mspark::scheduler::prefill_a_step[0m[2m:[0m Chunked prefill start: 335 prompt tokens, chunk_size=335, max_tokens=256
[2m2026-09-05T21:32:30.701863Z[0m [32m INFO[0m [2mspark_model::model::trait_impl::prefill_b::prefix_lookup[0m[2m:[0m Prefix cache hit: 335 tokens (21 blocks) but no SSM snapshot — recomputing all KV
[2m2026-09-05T21:32:30.952528Z[0m [32m INFO[0m [2mspark_model::model::trait_impl::prefill_b::save_checkpoint[0m[2m:[0m Intermediate SSM checkpoint saved at token 304 (snapshot_id 8, block 19)
[2m2026-09-05T21:32:31.006902Z[0m [32m INFO[0m [2mspark_model::model::trait_impl::prefill_b::finalize_last[0m[2m:[0m Saved SSM snapshot 9 for 335 tokens (21 blocks) [chunk]
[2m2026-09-05T21:32:31.019392Z[0m [32m INFO[0m [2mspark::scheduler::prefill_a_step[0m[2m:[0m Prefill first token: 248058
[2m2026-09-05T21:32:31.019407Z[0m [32m INFO[0m [2mspark::scheduler::phase_start_prefills[0m[2m:[0m Prefilled (single chunk): seq_len=335, remaining=255
[2m2026-09-05T21:32:31.731832Z[0m [32m INFO[0m [2mspark::scheduler::mtp_accept_debug[0m[2m:[0m Done: 41 tokens (stop) 57.6 tok/s, TTFT=318.8ms, serial=1.00 mtp=0.00 p1=0.000 mean_na=0.000 tok_step=1.000 regime_reprobes=0
[2m2026-09-05T21:32:31.732083Z[0m [32m INFO[0m [2mspark_model::model::trait_impl::decode_checkpoint[0m[2m:[0m Saved finish-leaf SSM snapshot 7 for 375 tokens
[2m2026-09-05T21:32:31.732191Z[0m [32m INFO[0m [2mspark::api::chat_blocking_choice[0m[2m:[0m Tool call: get_weather({"city":"Reykjavik","days":3})
[2m2026-09-05T21:33:20.884083Z[0m [32m INFO[0m [2mspark::api::chat::prepare[0m[2m:[0m Request: model=Qwen/Qwen3.6-35B-A3B-FP8, messages=1, tools=0, tools_active=false, tool_choice=None, stream=false, temp=Some(0.0), max_tokens=256, freq_pen=Some(0.0), rep_pen=None
[2m2026-09-05T21:33:20.884708Z[0m [32m INFO[0m [2mspark::tokenizer::chat_impl[0m[2m:[0m Jinja rendered (164 chars): "<|im_start|>user\nList exactly five prime numbers greater than one hundred, comma separated, with no other words.<|im_end|>\n<|im_start|>assistant\n<think>\n\n</think>\n\n"
[2m2026-09-05T21:33:20.886108Z[0m [32m INFO[0m [2mspark::api::chat[0m[2m:[0m Session 0x22edf306cc1e3ad6: 30 prompt tokens, tools=false (0 defined)
[2m2026-09-05T21:33:20.886572Z[0m [32m INFO[0m [2mspark::scheduler::prefill_a_step[0m[2m:[0m Chunked prefill start: 30 prompt tokens, chunk_size=30, max_tokens=256
[2m2026-09-05T21:33:20.944250Z[0m [32m INFO[0m [2mspark_model::model::trait_impl::prefill_b::finalize_last[0m[2m:[0m Saved SSM snapshot 10 for 30 tokens (2 blocks) [chunk]
[2m2026-09-05T21:33:20.958122Z[0m [32m INFO[0m [2mspark::scheduler::prefill_a_step[0m[2m:[0m Prefill first token: 16
[2m2026-09-05T21:33:20.958145Z[0m [32m INFO[0m [2mspark::scheduler::phase_start_prefills[0m[2m:[0m Prefilled (single chunk): seq_len=30, remaining=255
[2m2026-09-05T21:33:21.051197Z[0m [32m INFO[0m [2mspark::scheduler::mtp_accept_debug[0m[2m:[0m Done: 24 tokens (stop) 257.9 tok/s, TTFT=71.6ms, serial=1.00 mtp=0.00 p1=0.000 mean_na=0.000 tok_step=1.000 regime_reprobes=0
[2m2026-09-05T21:33:21.051448Z[0m [32m INFO[0m [2mspark_model::model::trait_impl::decode_checkpoint[0m[2m:[0m Saved finish-leaf SSM snapshot 11 for 53 tokens
[2m2026-09-05T21:33:21.054175Z[0m [32m INFO[0m [2mspark::api::chat::prepare[0m[2m:[0m Request: model=Qwen/Qwen3.6-35B-A3B-FP8, messages=1, tools=0, tools_active=false, tool_choice=None, stream=false, temp=Some(0.0), max_tokens=256, freq_pen=Some(0.0), rep_pen=None
[2m2026-09-05T21:33:21.054436Z[0m [32m INFO[0m [2mspark::tokenizer::chat_impl[0m[2m:[0m Jinja rendered (164 chars): "<|im_start|>user\nList exactly five prime numbers greater than one hundred, comma separated, with no other words.<|im_end|>\n<|im_start|>assistant\n<think>\n\n</think>\n\n"
[2m2026-09-05T21:33:21.054771Z[0m [32m INFO[0m [2mspark::api::chat[0m[2m:[0m Session 0x22edf306cc1e3ad6: 30 prompt tokens, tools=false (0 defined)
[2m2026-09-05T21:33:21.055141Z[0m [32m INFO[0m [2mspark::scheduler::prefill_a_step[0m[2m:[0m Chunked prefill start: 30 prompt tokens, chunk_size=30, max_tokens=256
[2m2026-09-05T21:33:21.055903Z[0m [32m INFO[0m [2mspark_model::model::trait_impl::prefill_b::prefix_lookup[0m[2m:[0m Prefix cache hit: 16 tokens (1 blocks) but no SSM snapshot — recomputing all KV
[2m2026-09-05T21:33:21.112156Z[0m [32m INFO[0m [2mspark_model::model::trait_impl::prefill_b::finalize_last[0m[2m:[0m Saved SSM snapshot 12 for 30 tokens (2 blocks) [chunk]
[2m2026-09-05T21:33:21.125417Z[0m [32m INFO[0m [2mspark::scheduler::prefill_a_step[0m[2m:[0m Prefill first token: 16
[2m2026-09-05T21:33:21.125426Z[0m [32m INFO[0m [2mspark::scheduler::phase_start_prefills[0m[2m:[0m Prefilled (single chunk): seq_len=30, remaining=255
[2m2026-09-05T21:33:21.217834Z[0m [32m INFO[0m [2mspark::scheduler::mtp_accept_debug[0m[2m:[0m Done: 24 tokens (stop) 259.7 tok/s, TTFT=70.3ms, serial=1.00 mtp=0.00 p1=0.000 mean_na=0.000 tok_step=1.000 regime_reprobes=0
[2m2026-09-05T21:33:21.218037Z[0m [32m INFO[0m [2mspark_model::model::trait_impl::decode_checkpoint[0m[2m:[0m Saved finish-leaf SSM snapshot 10 for 53 tokens
[2m2026-09-05T21:33:21.220995Z[0m [32m INFO[0m [2mspark::api::chat::prepare[0m[2m:[0m Request: model=Qwen/Qwen3.6-35B-A3B-FP8, messages=1, tools=1, tools_active=true, tool_choice=Some(Mode("auto")), stream=false, temp=Some(0.0), max_tokens=256, freq_pen=Some(0.0), rep_pen=None
[2m2026-09-05T21:33:21.221367Z[0m [32m INFO[0m [2mspark::tokenizer::chat_impl[0m[2m:[0m Jinja rendered (1361 chars): " tell the user about function calls\n</IMPORTANT><|im_end|>\n<|im_start|>user\nWhat is the weather in Reykjavik over the next three days? Use the tool.<|im_end|>\n<|im_start|>assistant\n<think>\n\n</think>\n\n"
[2m2026-09-05T21:33:21.225662Z[0m [32m INFO[0m [2mspark::api::chat[0m[2m:[0m Session 0xdd42ddcda3133b1e: 298 prompt tokens, tools=true (1 defined)
[2m2026-09-05T21:33:21.227062Z[0m [32m INFO[0m [2mspark::scheduler::emit_step[0m[2m:[0m Grammar constrained decoding active: parser=qwen3_coder, tools=1
[2m2026-09-05T21:33:21.227101Z[0m [32m INFO[0m [2mspark::scheduler::prefill_a_step[0m[2m:[0m Chunked prefill start: 298 prompt tokens, chunk_size=298, max_tokens=256
[2m2026-09-05T21:33:21.228054Z[0m [32m INFO[0m [2mspark_model::model::trait_impl::prefill_b::prefix_lookup[0m[2m:[0m Prefix cache hit: 298 tokens (19 blocks) but no SSM snapshot — recomputing all KV
[2m2026-09-05T21:33:21.473833Z[0m [32m INFO[0m [2mspark_model::model::trait_impl::prefill_b::save_checkpoint[0m[2m:[0m Intermediate SSM checkpoint saved at token 272 (snapshot_id 11, block 17)
[2m2026-09-05T21:33:21.519577Z[0m [32m INFO[0m [2mspark_model::model::trait_impl::prefill_b::finalize_last[0m[2m:[0m Saved SSM snapshot 2 for 298 tokens (19 blocks) [chunk]
[2m2026-09-05T21:33:21.532729Z[0m [32m INFO[0m [2mspark::scheduler::prefill_a_step[0m[2m:[0m Prefill first token: 248058
[2m2026-09-05T21:33:21.532750Z[0m [32m INFO[0m [2mspark::scheduler::phase_start_prefills[0m[2m:[0m Prefilled (single chunk): seq_len=298, remaining=255
[2m2026-09-05T21:33:21.899648Z[0m [32m INFO[0m [2mspark_model::model::trait_impl::decode_checkpoint[0m[2m:[0m decode-ckpt SAVE: snap_tokens=320 end_block=20 snap_id=3 block_table_len=20 straddle=0
[2m2026-09-05T21:33:22.245258Z[0m [32m INFO[0m [2mspark::scheduler::mtp_accept_debug[0m[2m:[0m Done: 41 tokens (stop) 57.5 tok/s, TTFT=306.7ms, serial=1.00 mtp=0.00 p1=0.000 mean_na=0.000 tok_step=1.000 regime_reprobes=0
[2m2026-09-05T21:33:22.245470Z[0m [32m INFO[0m [2mspark_model::model::trait_impl::decode_checkpoint[0m[2m:[0m Saved finish-leaf SSM snapshot 0 for 338 tokens
[2m2026-09-05T21:33:22.245573Z[0m [32m INFO[0m [2mspark::api::chat_blocking_choice[0m[2m:[0m Tool call: get_weather({"city":"Reykjavik","days":3})
[2m2026-09-05T21:33:22.248100Z[0m [32m INFO[0m [2mspark::api::chat::prepare[0m[2m:[0m Request: model=Qwen/Qwen3.6-35B-A3B-FP8, messages=1, tools=0, tools_active=false, tool_choice=None, stream=false, temp=Some(0.0), max_tokens=256, freq_pen=Some(0.0), rep_pen=None
[2m2026-09-05T21:33:22.248429Z[0m [32m INFO[0m [2mspark::tokenizer::chat_impl[0m[2m:[0m Jinja rendered (128 chars): "<|im_start|>user\nIn one short sentence, say what a benchmark harness is for.<|im_end|>\n<|im_start|>assistant\n<think>\n\n</think>\n\n"
[2m2026-09-05T21:33:22.249015Z[0m [32m INFO[0m [2mspark::api::chat[0m[2m:[0m Session 0x648b6f7d60b0c3aa: 25 prompt tokens, tools=false (0 defined)
[2m2026-09-05T21:33:22.249398Z[0m [32m INFO[0m [2mspark::scheduler::prefill_a_step[0m[2m:[0m Chunked prefill start: 25 prompt tokens, chunk_size=25, max_tokens=256
[2m2026-09-05T21:33:22.297987Z[0m [32m INFO[0m [2mspark_model::model::trait_impl::prefill_b::finalize_last[0m[2m:[0m Saved SSM snapshot 4 for 25 tokens (2 blocks) [chunk]
[2m2026-09-05T21:33:22.311492Z[0m [32m INFO[0m [2mspark::scheduler::prefill_a_step[0m[2m:[0m Prefill first token: 32
[2m2026-09-05T21:33:22.311502Z[0m [32m INFO[0m [2mspark::scheduler::phase_start_prefills[0m[2m:[0m Prefilled (single chunk): seq_len=25, remaining=255
[2m2026-09-05T21:33:22.388118Z[0m [32m INFO[0m [2mspark::scheduler::mtp_accept_debug[0m[2m:[0m Done: 20 tokens (stop) 261.0 tok/s, TTFT=62.1ms, serial=1.00 mtp=0.00 p1=0.000 mean_na=0.000 tok_step=1.000 regime_reprobes=0
[2m2026-09-05T21:33:22.388313Z[0m [32m INFO[0m [2mspark_model::model::trait_impl::decode_checkpoint[0m[2m:[0m Saved finish-leaf SSM snapshot 13 for 44 tokens
[2m2026-09-05T21:33:22.390802Z[0m [32m INFO[0m [2mspark::api::chat::prepare[0m[2m:[0m Request: model=Qwen/Qwen3.6-35B-A3B-FP8, messages=2, tools=0, tools_active=false, tool_choice=None, stream=false, temp=Some(0.0), max_tokens=256, freq_pen=Some(0.0), rep_pen=None
[2m2026-09-05T21:33:22.391075Z[0m [32m INFO[0m [2mspark::tokenizer::chat_impl[0m[2m:[0m Jinja rendered (395 chars): "se or hedge on simple factual or arithmetic questions.<|im_end|>\n<|im_start|>user\nWhat is 17 * 23? Reply with the number, then explain your working.<|im_end|>\n<|im_start|>assistant\n<think>\n\n</think>\n\n"
[2m2026-09-05T21:33:22.392397Z[0m [32m INFO[0m [2mspark::api::chat[0m[2m:[0m Session 0x5333f8d8e61173: 81 prompt tokens, tools=false (0 defined)
[2m2026-09-05T21:33:22.392734Z[0m [32m INFO[0m [2mspark::scheduler::prefill_a_step[0m[2m:[0m Chunked prefill start: 81 prompt tokens, chunk_size=81, max_tokens=256
[2m2026-09-05T21:33:22.507477Z[0m [32m INFO[0m [2mspark_model::model::trait_impl::prefill_b::save_checkpoint[0m[2m:[0m Intermediate SSM checkpoint saved at token 64 (snapshot_id 14, block 4)
[2m2026-09-05T21:33:22.549847Z[0m [32m INFO[0m [2mspark_model::model::trait_impl::prefill_b::finalize_last[0m[2m:[0m Saved SSM snapshot 15 for 81 tokens (6 blocks) [chunk]
[2m2026-09-05T21:33:22.563443Z[0m [32m INFO[0m [2mspark::scheduler::prefill_a_step[0m[2m:[0m Prefill first token: 18
[2m2026-09-05T21:33:22.563452Z[0m [32m INFO[0m [2mspark::scheduler::phase_start_prefills[0m[2m:[0m Prefilled (single chunk): seq_len=81, remaining=255
[2m2026-09-05T21:33:22.753909Z[0m [32m INFO[0m [2mspark_model::model::trait_impl::decode_checkpoint[0m[2m:[0m decode-ckpt SAVE: snap_tokens=128 end_block=8 snap_id=5 block_table_len=8 straddle=0
[2m2026-09-05T21:33:23.016483Z[0m [32m INFO[0m [2mspark_model::model::trait_impl::decode_checkpoint[0m[2m:[0m decode-ckpt SAVE: snap_tokens=192 end_block=12 snap_id=6 block_table_len=12 straddle=0
[2m2026-09-05T21:33:23.136098Z[0m [32m INFO[0m [2mspark::scheduler::mtp_accept_debug[0m[2m:[0m Done: 141 tokens (stop) 246.2 tok/s, TTFT=170.7ms, serial=1.00 mtp=0.00 p1=0.000 mean_na=0.000 tok_step=1.000 regime_reprobes=0
[2m2026-09-05T21:33:23.136288Z[0m [32m INFO[0m [2mspark_model::model::trait_impl::decode_checkpoint[0m[2m:[0m Saved finish-leaf SSM snapshot 1 for 221 tokens
[2m2026-09-05T21:33:23.140807Z[0m [32m INFO[0m [2mspark::api::chat::prepare[0m[2m:[0m Request: model=Qwen/Qwen3.6-35B-A3B-FP8, messages=2, tools=0, tools_active=false, tool_choice=None, stream=false, temp=Some(0.0), max_tokens=256, freq_pen=Some(0.0), rep_pen=None
[2m2026-09-05T21:33:23.141092Z[0m [32m INFO[0m [2mspark::tokenizer::chat_impl[0m[2m:[0m Jinja rendered (397 chars): " or hedge on simple factual or arithmetic questions.<|im_end|>\n<|im_start|>user\nName the capital city of Japan, then describe it in a few sentences.<|im_end|>\n<|im_start|>assistant\n<think>\n\n</think>\n\n"
[2m2026-09-05T21:33:23.141964Z[0m [32m INFO[0m [2mspark::api::chat[0m[2m:[0m Session 0x823368b1f2299895: 76 prompt tokens, tools=false (0 defined)
[2m2026-09-05T21:33:23.142379Z[0m [32m INFO[0m [2mspark::scheduler::prefill_a_step[0m[2m:[0m Chunked prefill start: 76 prompt tokens, chunk_size=76, max_tokens=256
[2m2026-09-05T21:33:23.143117Z[0m [32m INFO[0m [2mspark_model::model::trait_impl::prefill_b::prefix_lookup[0m[2m:[0m Prefix cache hit: 48 tokens (3 blocks) but no SSM snapshot — recomputing all KV
[2m2026-09-05T21:33:23.230056Z[0m [32m INFO[0m [2mspark_model::model::trait_impl::prefill_b::save_checkpoint[0m[2m:[0m Intermediate SSM checkpoint saved at token 48 (snapshot_id 8, block 3)
[2m2026-09-05T21:33:23.291723Z[0m [32m INFO[0m [2mspark_model::model::trait_impl::prefill_b::finalize_last[0m[2m:[0m Saved SSM snapshot 9 for 76 tokens (5 blocks) [chunk]
[2m2026-09-05T21:33:23.304341Z[0m [32m INFO[0m [2mspark::scheduler::prefill_a_step[0m[2m:[0m Prefill first token: 760
[2m2026-09-05T21:33:23.304350Z[0m [32m INFO[0m [2mspark::scheduler::phase_start_prefills[0m[2m:[0m Prefilled (single chunk): seq_len=76, remaining=255
[2m2026-09-05T21:33:23.515218Z[0m [32m INFO[0m [2mspark_model::model::trait_impl::decode_checkpoint[0m[2m:[0m decode-ckpt SAVE: snap_tokens=128 end_block=8 snap_id=7 block_table_len=8 straddle=0
[2m2026-09-05T21:33:23.601029Z[0m [32m INFO[0m [2mspark::scheduler::mtp_accept_debug[0m[2m:[0m Done: 74 tokens (stop) 249.4 tok/s, TTFT=162.0ms, serial=1.00 mtp=0.00 p1=0.000 mean_na=0.000 tok_step=1.000 regime_reprobes=0
[2m2026-09-05T21:33:23.601218Z[0m [32m INFO[0m [2mspark_model::model::trait_impl::decode_checkpoint[0m[2m:[0m Saved finish-leaf SSM snapshot 12 for 149 tokens
[2m2026-09-05T21:33:23.604226Z[0m [32m INFO[0m [2mspark::api::chat::prepare[0m[2m:[0m Request: model=Qwen/Qwen3.6-35B-A3B-FP8, messages=2, tools=0, tools_active=false, tool_choice=None, stream=false, temp=Some(0.0), max_tokens=256, freq_pen=Some(0.0), rep_pen=None
[2m2026-09-05T21:33:23.604511Z[0m [32m INFO[0m [2mspark::tokenizer::chat_impl[0m[2m:[0m Jinja rendered (398 chars): "or hedge on simple factual or arithmetic questions.<|im_end|>\n<|im_start|>user\nSpell the word 'refrigerator' backwards, then explain how you did it.<|im_end|>\n<|im_start|>assistant\n<think>\n\n</think>\n\n"
[2m2026-09-05T21:33:23.605416Z[0m [32m INFO[0m [2mspark::api::chat[0m[2m:[0m Session 0x43c89ecea423c1e7: 78 prompt tokens, tools=false (0 defined)
[2m2026-09-05T21:33:23.605777Z[0m [32m INFO[0m [2mspark::scheduler::prefill_a_step[0m[2m:[0m Chunked prefill start: 78 prompt tokens, chunk_size=78, max_tokens=256
[2m2026-09-05T21:33:23.606532Z[0m [32m INFO[0m [2mspark_model::model::trait_impl::prefill_b::prefix_lookup[0m[2m:[0m Prefix cache hit: 48 tokens (3 blocks) but no SSM snapshot — recomputing all KV
[2m2026-09-05T21:33:23.693392Z[0m [32m INFO[0m [2mspark_model::model::trait_impl::prefill_b::save_checkpoint[0m[2m:[0m Intermediate SSM checkpoint saved at token 48 (snapshot_id 10, block 3)
[2m2026-09-05T21:33:23.758559Z[0m [32m INFO[0m [2mspark_model::model::trait_impl::prefill_b::finalize_last[0m[2m:[0m Saved SSM snapshot 8 for 78 tokens (5 blocks) [chunk]
[2m2026-09-05T21:33:23.771254Z[0m [32m INFO[0m [2mspark::scheduler::prefill_a_step[0m[2m:[0m Prefill first token: 760
[2m2026-09-05T21:33:23.771262Z[0m [32m INFO[0m [2mspark::scheduler::phase_start_prefills[0m[2m:[0m Prefilled (single chunk): seq_len=78, remaining=255
[2m2026-09-05T21:33:23.974291Z[0m [32m INFO[0m [2mspark_model::model::trait_impl::decode_checkpoint[0m[2m:[0m decode-ckpt SAVE: snap_tokens=128 end_block=8 snap_id=11 block_table_len=8 straddle=0
[2m2026-09-05T21:33:24.236917Z[0m [32m INFO[0m [2mspark_model::model::trait_impl::decode_checkpoint[0m[2m:[0m decode-ckpt SAVE: snap_tokens=192 end_block=12 snap_id=2 block_table_len=12 straddle=0
[2m2026-09-05T21:33:24.501147Z[0m [32m INFO[0m [2mspark_model::model::trait_impl::decode_checkpoint[0m[2m:[0m decode-ckpt SAVE: snap_tokens=256 end_block=16 snap_id=3 block_table_len=16 straddle=0
[2m2026-09-05T21:33:24.767124Z[0m [32m INFO[0m [2mspark_model::model::trait_impl::decode_checkpoint[0m[2m:[0m decode-ckpt SAVE: snap_tokens=320 end_block=20 snap_id=0 block_table_len=20 straddle=0
[2m2026-09-05T21:33:24.821674Z[0m [32m INFO[0m [2mspark::scheduler::decode_logits_step[0m[2m:[0m process_decode_logits: remaining=0, output_tokens=256, thinking_tokens=0
[2m2026-09-05T21:33:24.821692Z[0m [32m INFO[0m [2mspark::scheduler::mtp_accept_debug[0m[2m:[0m Done: 256 tokens (length) 243.7 tok/s, TTFT=165.5ms, serial=1.00 mtp=0.00 p1=0.000 mean_na=0.000 tok_step=1.000 regime_reprobes=0
[2m2026-09-05T21:33:24.821879Z[0m [32m INFO[0m [2mspark_model::model::trait_impl::decode_checkpoint[0m[2m:[0m Saved finish-leaf SSM snapshot 4 for 333 tokens
[2m2026-09-05T21:35:15.223199Z[0m [32m INFO[0m [2mspark::tui::shutdown[0m[2m:[0m Shutdown requested (SIGTERM) — draining in-flight requests
[2m2026-09-05T21:35:15.223470Z[0m [32m INFO[0m [2mspark::tui::shutdown[0m[2m:[0m Drain complete — no active requests
[2m2026-09-05T21:35:15.223523Z[0m [32m INFO[0m [2mspark::main_modules::serve_router[0m[2m:[0m Shutdown complete
